id,url,title,duration,timestamp,tabs,thumbnail
-eSA_bgaHjA,https://www.youtube.com/watch?v=-eSA_bgaHjA,Atención off-road y tech lovers! 🔥 MONTX ROMPE TODO en el Auto China 2026!,309.0,,videos,https://i.ytimg.com/vi/-eSA_bgaHjA/hqdefault.jpg?sqp=-oaymwE2CNACELwBSFXyq4qpAygIARUAAIhCGAFwAcABBvABAfgB_gmAAtAFigIMCAAQARh_IEkoJTAP&rs=AOn4CLA7sY8DxAi3Ms80xTB1zSNTaJQnuA
FpXwO0V3CxM,https://www.youtube.com/watch?v=FpXwO0V3CxM,Noticias Motor Abril 2026,420.0,,videos,https://i.ytimg.com/vi/FpXwO0V3CxM/hqdefault.jpg?sqp=-oaymwE2CNACELwBSFXyq4qpAygIARUAAIhCGAFwAcABBvABAfgB_gmAAtAFigIMCAAQARhyIEQocjAP&rs=AOn4CLA6kEbnwPXQttVYUSdQS3gSu4NnBQ
i849ev1wuhs,https://www.youtube.com/watch?v=i849ev1wuhs,"No compres SEAT, Subaru o Suzuki sin ver esto 🛑 | Me Lo Compro o No Me Lo Compro",2539.0,,videos,https://i.ytimg.com/vi/i849ev1wuhs/hqdefault.jpg?sqp=-oaymwEcCNACELwBSFXyq4qpAw4IARUAAIhCGAFwAcABBg==&rs=AOn4CLDfk7WkEJ0nQ86lVVvQiUsjF7esyQ
WtKWwh3ffiY,https://www.youtube.com/watch?v=WtKWwh3ffiY,Noticiero Automotriz  Feb 2026,254.0,,videos,https://i.ytimg.com/vi/WtKWwh3ffiY/hqdefault.jpg?sqp=-oaymwE2CNACELwBSFXyq4qpAygIARUAAIhCGAFwAcABBvABAfgB_gmAAtAFigIMCAAQARhlIGUoZTAP&rs=AOn4CLCG_DL0zRGRclIxFRynVtvzNkZsXg
bneJw3WuvXU,https://www.youtube.com/watch?v=bneJw3WuvXU,"¿Me lo compro o NO? Mini, Mitsubishi y Nissan con Sergio Oliveira | Tixuz Autos",3351.0,,videos,https://i.ytimg.com/vi/bneJw3WuvXU/hqdefault.jpg?sqp=-oaymwEcCNACELwBSFXyq4qpAw4IARUAAIhCGAFwAcABBg==&rs=AOn4CLCypcy_6KYuma4M-TYE7KeIxePTyw
4SqINL97dhM,https://www.youtube.com/watch?v=4SqINL97dhM,"¿Eléctrico, Híbrido o Gasolina? La Gran Crisis de Identidad del Motor 🚗⚡️",401.0,,videos,https://i.ytimg.com/vi/4SqINL97dhM/hqdefault.jpg?sqp=-oaymwE2CNACELwBSFXyq4qpAygIARUAAIhCGAFwAcABBvABAfgB_gmAAtAFigIMCAAQARgPIGUoUDAP&rs=AOn4CLAVU9wM1uMbIE_WMmxAW19AD8R-BQ
u-QIh-nnUYg,https://www.youtube.com/watch?v=u-QIh-nnUYg,Me lo compro o no me lo compro: Mercedes-Benz,1941.0,,videos,https://i.ytimg.com/vi/u-QIh-nnUYg/hqdefault.jpg?sqp=-oaymwE2CNACELwBSFXyq4qpAygIARUAAIhCGAFwAcABBvABAfgB_gmAAtAFigIMCAAQARhTIFsoZTAP&rs=AOn4CLDAT94HiITlPK1OyTfjor1n-HGwNg
t18L1VU4jxs,https://www.youtube.com/watch?v=t18L1VU4jxs,"¿ME LO COMPRO O NO? Kia, Land Rover y Lexus",3434.0,,videos,https://i.ytimg.com/vi/t18L1VU4jxs/hqdefault.jpg?sqp=-oaymwE2CNACELwBSFXyq4qpAygIARUAAIhCGAFwAcABBvABAfgB_gmAAtAFigIMCAAQARh_IBwoFzAP&rs=AOn4CLDv1ULpcaCpZGAMTtVGSpVYdXqWyA
u4Hj3qKhhw0,https://www.youtube.com/watch?v=u4Hj3qKhhw0,me lo compro no me lo compro hyundai,1804.0,,videos,https://i.ytimg.com/vi/u4Hj3qKhhw0/hqdefault.jpg?sqp=-oaymwE2CNACELwBSFXyq4qpAygIARUAAIhCGAFwAcABBvABAfgB_gmAAtAFigIMCAAQARhRIFsoZTAP&rs=AOn4CLDjx6mW5oqR7iGGk5Z3D5iOagAodA
rxZx1JRVhsA,https://www.youtube.com/watch?v=rxZx1JRVhsA,tixuz tech,218.0,,videos,https://i.ytimg.com/vi/rxZx1JRVhsA/hqdefault.jpg?sqp=-oaymwE2CNACELwBSFXyq4qpAygIARUAAIhCGAFwAcABBvABAfgB_gmAAtAFigIMCAAQARhlIGUoZTAP&rs=AOn4CLB5be7D_TyOpmeFwH_YSUas63FvPw
GGhqHR8rfz4,https://www.youtube.com/watch?v=GGhqHR8rfz4,"""La Gran Depuración: Autos Chinos, Aranceles y la Verdad que Nadie Dice"" Una plática sin censura.",1326.0,,videos,https://i.ytimg.com/vi/GGhqHR8rfz4/hqdefault.jpg?sqp=-oaymwE2CNACELwBSFXyq4qpAygIARUAAIhCGAFwAcABBvABAfgB_gmAAtAFigIMCAAQARhTIFgoZTAP&rs=AOn4CLC_sFZNDHZCCPYLFE-2_K0HY-SVog
-ie-mTjGZjI,https://www.youtube.com/watch?v=-ie-mTjGZjI,"""La herramienta que hubiera querido tener hace años para comparar coches""",559.0,,videos,https://i.ytimg.com/vi/-ie-mTjGZjI/hqdefault.jpg?sqp=-oaymwE2CNACELwBSFXyq4qpAygIARUAAIhCGAFwAcABBvABAfgB_gmAAtAFigIMCAAQARh_IBQoPzAP&rs=AOn4CLDc2-5qfR2wzcwQW58KvOebSR4IZQ
WbyhjkwsZgo,https://www.youtube.com/watch?v=WbyhjkwsZgo,Los 5 autos mas vendidos en méxico este año por que?,973.0,,videos,https://i.ytimg.com/vi/WbyhjkwsZgo/hqdefault.jpg?sqp=-oaymwE2CNACELwBSFXyq4qpAygIARUAAIhCGAFwAcABBvABAfgB_gmAAtAFigIMCAAQARhlIGUoZTAP&rs=AOn4CLD5R2mAoCHKaiBURcZZPBiGDKMipA
0EGCKnwycKQ,https://www.youtube.com/watch?v=0EGCKnwycKQ,¡Alerta! Subida INMINENTE de Precios de Autos por Escasez de Chips | S. Oliveira y E. Vargas,1672.0,,videos,https://i.ytimg.com/vi/0EGCKnwycKQ/hqdefault.jpg?sqp=-oaymwE2CNACELwBSFXyq4qpAygIARUAAIhCGAFwAcABBvABAfgB_gmAAtAFigIMCAAQARhlIGUoZTAP&rs=AOn4CLBlONCZBXwD-5msj8_4TfDGwaf3MA
G6sUoRt2wwg,https://www.youtube.com/watch?v=G6sUoRt2wwg,Cae el mas incredulo  de tixuz,586.0,,videos,https://i.ytimg.com/vi/G6sUoRt2wwg/hqdefault.jpg?sqp=-oaymwEcCNACELwBSFXyq4qpAw4IARUAAIhCGAFwAcABBg==&rs=AOn4CLCZ-KhGm6Q8GlGcYJc3mU6px7RXow
kx-36T_1uGM,https://www.youtube.com/watch?v=kx-36T_1uGM,COMO ESTAN LAS MARCAS ECONOMICAMENTE.,1281.0,,videos,https://i.ytimg.com/vi/kx-36T_1uGM/hqdefault.jpg?sqp=-oaymwE2CNACELwBSFXyq4qpAygIARUAAIhCGAFwAcABBvABAfgB_gmAAtAFigIMCAAQARhjIGMoYzAP&rs=AOn4CLDMCXLsOg8A7M7a7hzRqE587a_wFA
pdMZqhjiZcw,https://www.youtube.com/watch?v=pdMZqhjiZcw,¿Me lo compro o no? | Con Sergio Oliveira hablamos de Dodge y Cupra 🚗🔥,1870.0,,videos,https://i.ytimg.com/vi/pdMZqhjiZcw/hqdefault.jpg?sqp=-oaymwE2CNACELwBSFXyq4qpAygIARUAAIhCGAFwAcABBvABAfgB_gmAAtAFigIMCAAQARguIGUoMjAP&rs=AOn4CLB2KXYCrJH4pYK5yVyZLdgMvGTuFg
pUIRcTcEK3I,https://www.youtube.com/watch?v=pUIRcTcEK3I,La confianza se mide en litros.... y aquí son completos.,78.0,,videos,https://i.ytimg.com/vi/pUIRcTcEK3I/hqdefault.jpg?sqp=-oaymwE2CNACELwBSFXyq4qpAygIARUAAIhCGAFwAcABBvABAfgBzgaAAuADigIMCAAQARh_IC4oTjAP&rs=AOn4CLCiJOBa8FNxtQN5fOZ3ITpYlFrUrg
cNTOMfKZRjw,https://www.youtube.com/watch?v=cNTOMfKZRjw,"""Gasolina en México: ¿Litros de a Litro o Estafa?",1454.0,,videos,https://i.ytimg.com/vi/cNTOMfKZRjw/hqdefault.jpg?sqp=-oaymwEcCNACELwBSFXyq4qpAw4IARUAAIhCGAFwAcABBg==&rs=AOn4CLDMSZajZVmvksbPtARi5ddMxs00oA
F-A1N41Axag,https://www.youtube.com/watch?v=F-A1N41Axag,Spark EV vs BYD Dolphin: la batalla de los eléctricos urbanos que debes conocer,206.0,,videos,https://i.ytimg.com/vi/F-A1N41Axag/hqdefault.jpg?sqp=-oaymwE2CNACELwBSFXyq4qpAygIARUAAIhCGAFwAcABBvABAfgBzgWAAoAKigIMCAAQARhXIGEoZTAP&rs=AOn4CLDY28slMJqVtD4DHAfdlJ3NTysLtw
XIYwPHhZHDg,https://www.youtube.com/watch?v=XIYwPHhZHDg,¿Me lo compro o no? 🚗 nueva  Temporada 1 Episodio 1 con Sergio Oliveira y Eduardo Vargas,3252.0,,videos,https://i.ytimg.com/vi/XIYwPHhZHDg/hqdefault.jpg?sqp=-oaymwEcCNACELwBSFXyq4qpAw4IARUAAIhCGAFwAcABBg==&rs=AOn4CLB306cpQos2yCbx0KWsGyno0q9u7A
Tc5OoejQfOw,https://www.youtube.com/watch?v=Tc5OoejQfOw,Gato Tradear Criptos con Libertex,9.0,,videos,https://i.ytimg.com/vi/Tc5OoejQfOw/hqdefault.jpg?sqp=-oaymwE2CNACELwBSFXyq4qpAygIARUAAIhCGAFwAcABBvABAfgB_gmAAtAFigIMCAAQARh_ID8oKTAP&rs=AOn4CLDkXPYOwLdDo_yRCiraPmG-0mMImw
rJXbPFvrrlI,https://www.youtube.com/watch?v=rJXbPFvrrlI,"""Revisiones GRATIS que nadie aprovecha – ¡Deja de perder dinero!""",1554.0,,videos,https://i.ytimg.com/vi/rJXbPFvrrlI/hqdefault.jpg?sqp=-oaymwEcCNACELwBSFXyq4qpAw4IARUAAIhCGAFwAcABBg==&rs=AOn4CLBPr6jEZmFpkUFkCK3ObvFeGg0vaw
ob3gVRpj-uo,https://www.youtube.com/watch?v=ob3gVRpj-uo,El Fin del Juego para las Marcas Tradicionales: Así es como China Ganó la Guerra,1863.0,,videos,https://i.ytimg.com/vi/ob3gVRpj-uo/hqdefault.jpg?sqp=-oaymwEcCNACELwBSFXyq4qpAw4IARUAAIhCGAFwAcABBg==&rs=AOn4CLCUoih0ip7Un96xjAWAiosg5HdCZQ
GsiGKSdo2iM,https://www.youtube.com/watch?v=GsiGKSdo2iM,Video de Superhéroe TixuzMan,8.0,,videos,https://i.ytimg.com/vi/GsiGKSdo2iM/hqdefault.jpg?sqp=-oaymwE2CNACELwBSFXyq4qpAygIARUAAIhCGAFwAcABBvABAfgB_gmAAtAFigIMCAAQARhQIGEoZTAP&rs=AOn4CLAFbdunV6joRYT-or4WIsZ8ykYJcw
PttuYeqLOgM,https://www.youtube.com/watch?v=PttuYeqLOgM,tixuz man,8.0,,videos,https://i.ytimg.com/vi/PttuYeqLOgM/hqdefault.jpg?sqp=-oaymwE2CNACELwBSFXyq4qpAygIARUAAIhCGAFwAcABBvABAfgB_gmAAtAFigIMCAAQARhCIFgoZTAP&rs=AOn4CLAcyyQXO3dvqAScRl0c9hEbKUYgKA
cAQZZKiK8GY,https://www.youtube.com/watch?v=cAQZZKiK8GY,Las JMC telitoly... o como dicen Jodida Mi Camioneta 😂 ford nacidos chinos,8.0,,videos,https://i.ytimg.com/vi/cAQZZKiK8GY/hqdefault.jpg?sqp=-oaymwE2CNACELwBSFXyq4qpAygIARUAAIhCGAFwAcABBvABAfgB_gmAAtAFigIMCAAQARhlIGUoZTAP&rs=AOn4CLClXZmleH_Dupks-wnLBqldSGuV1w
951KEcsHlRs,https://www.youtube.com/watch?v=951KEcsHlRs,Lo bueno de tener un coche chino,8.0,,videos,https://i.ytimg.com/vi/951KEcsHlRs/hqdefault.jpg?sqp=-oaymwE2CNACELwBSFXyq4qpAygIARUAAIhCGAFwAcABBvABAfgB_gmAAtAFigIMCAAQARh_IDUoEzAP&rs=AOn4CLDPzD11E8c0tpLjJPqO34ArEemj9Q
DIhNDdGGjNc,https://www.youtube.com/watch?v=DIhNDdGGjNc,Video de Autos Chino vs Japonés,9.0,,videos,https://i.ytimg.com/vi/DIhNDdGGjNc/hqdefault.jpg?sqp=-oaymwE2CNACELwBSFXyq4qpAygIARUAAIhCGAFwAcABBvABAfgB_gmAAtAFigIMCAAQARhQIF8oZTAP&rs=AOn4CLAMVPEJvuALDtoHIl96nrdIRKVpBw
Jkw8gvDFhtI,https://www.youtube.com/watch?v=Jkw8gvDFhtI,No no compraste la versión asiática todos son de china,9.0,,videos,https://i.ytimg.com/vi/Jkw8gvDFhtI/hqdefault.jpg?sqp=-oaymwE2CNACELwBSFXyq4qpAygIARUAAIhCGAFwAcABBvABAfgB_gmAAtAFigIMCAAQARhlIEgoPzAP&rs=AOn4CLC85Pa-ex7uNWqz1VeDWpNgupXSQQ
D-tvOpAULIw,https://www.youtube.com/watch?v=D-tvOpAULIw,Y la agencia de autos?,9.0,,videos,https://i.ytimg.com/vi/D-tvOpAULIw/hqdefault.jpg?sqp=-oaymwE2CNACELwBSFXyq4qpAygIARUAAIhCGAFwAcABBvABAfgB_gmAAtAFigIMCAAQARhAIGEoZTAP&rs=AOn4CLBCBBnIJNeU1fFrBrA4y9htrLBqPg
eUhC6MkcFes,https://www.youtube.com/watch?v=eUhC6MkcFes,Dejo de hacer videos…,238.0,,videos,https://i.ytimg.com/vi/eUhC6MkcFes/hqdefault.jpg?sqp=-oaymwE2CNACELwBSFXyq4qpAygIARUAAIhCGAFwAcABBvABAfgB_gmAAtAFigIMCAAQARhyIFooPTAP&rs=AOn4CLAM6a0VRgPc5dochSlCU_hC4-PrrA
JEZxF03AqLU,https://www.youtube.com/watch?v=JEZxF03AqLU,tixuz autos con sergio oliveira y eduardo vargas,2167.0,,videos,https://i.ytimg.com/vi/JEZxF03AqLU/hqdefault.jpg?sqp=-oaymwE2CNACELwBSFXyq4qpAygIARUAAIhCGAFwAcABBvABAfgB_gmAAtAFigIMCAAQARhiIGIoYjAP&rs=AOn4CLBGaVdOSFLE6ZMFrbd-gIpTVm855g
S_Jco68hqzM,https://www.youtube.com/watch?v=S_Jco68hqzM,"""Los 5 Mejores Autos de Entrada para Comprar en México 2025: Análisis Completo con Pros y Contras""",619.0,,videos,https://i.ytimg.com/vi/S_Jco68hqzM/hqdefault.jpg?sqp=-oaymwE2CNACELwBSFXyq4qpAygIARUAAIhCGAFwAcABBvABAfgB_gmAAtAFigIMCAAQARhlIF4oPzAP&rs=AOn4CLDzFL2h3DjYs7uNJ6LVz8d6eO_csg
IUrYfUtUZmA,https://www.youtube.com/watch?v=IUrYfUtUZmA,"Me lo compro o no me lo compro nissan ,seat subaru,suzuki",3689.0,,videos,https://i.ytimg.com/vi/IUrYfUtUZmA/hqdefault.jpg?sqp=-oaymwE2CNACELwBSFXyq4qpAygIARUAAIhCGAFwAcABBvABAfgB_gmAAtAFigIMCAAQARhhIGEoYTAP&rs=AOn4CLBTfBA2WHqMqwxR8xnfh0HlKJWPlA
3ulgUZJYsaY,https://www.youtube.com/watch?v=3ulgUZJYsaY,"me lo compro o no me lo compro mini,mitsubishi,nissan,omoda.",3972.0,,videos,https://i.ytimg.com/vi/3ulgUZJYsaY/hqdefault.jpg?sqp=-oaymwE2CNACELwBSFXyq4qpAygIARUAAIhCGAFwAcABBvABAfgB_gmAAtAFigIMCAAQARgpIGAocjAP&rs=AOn4CLC-If2BsQ4I4ULoRf8OycJhR4AhaA
2tr5BIOGzQg,https://www.youtube.com/watch?v=2tr5BIOGzQg,"""¿Me lo compro o no? 🚗 Mazda, McLaren, Mercedes y MG con Sergio Oliveira y Lalo""",4908.0,,videos,https://i.ytimg.com/vi/2tr5BIOGzQg/hqdefault.jpg?sqp=-oaymwE2CNACELwBSFXyq4qpAygIARUAAIhCGAFwAcABBvABAfgB_gmAAtAFigIMCAAQARgrIGUoKzAP&rs=AOn4CLCB-RbYaSDn0LwxhmEwx8FznIN3Dw
xiUQqZuXvDU,https://www.youtube.com/watch?v=xiUQqZuXvDU,platica con felipe mendoza atfx,532.0,,videos,https://i.ytimg.com/vi/xiUQqZuXvDU/hqdefault.jpg?sqp=-oaymwE2CNACELwBSFXyq4qpAygIARUAAIhCGAFwAcABBvABAfgB_gmAAtAFigIMCAAQARhLIFIoZTAP&rs=AOn4CLD8urUcM7gGmkMvpU2MpH0zw2fQBQ
zf5tXuHbsjU,https://www.youtube.com/watch?v=zf5tXuHbsjU,"""¡Protege tu auto! Las autopartes más robadas en 2024""",668.0,,videos,https://i.ytimg.com/vi/zf5tXuHbsjU/hqdefault.jpg?sqp=-oaymwE2CNACELwBSFXyq4qpAygIARUAAIhCGAFwAcABBvABAfgB_gmAAtAFigIMCAAQARhCIFYocjAP&rs=AOn4CLDBaIeJ4W2o_qEGghVY6U-4fgLFoA
cgsrn0nuj8E,https://www.youtube.com/watch?v=cgsrn0nuj8E,"""ATFX: Tu Aliado Estratégico en el Mundo del Trading""",588.0,,videos,https://i.ytimg.com/vi/cgsrn0nuj8E/hqdefault.jpg?sqp=-oaymwE2CNACELwBSFXyq4qpAygIARUAAIhCGAFwAcABBvABAfgB_gmAAtAFigIMCAAQARguIEkofzAP&rs=AOn4CLBUxmCV5fHKGZovt13Waw6ythkCRQ
V5sZhTMURTE,https://www.youtube.com/watch?v=V5sZhTMURTE,"""¿Por qué son tan caros los autos en México? + Nostalgia 70s: Los autos que marcaron una época""",3828.0,,videos,https://i.ytimg.com/vi/V5sZhTMURTE/hqdefault.jpg?sqp=-oaymwE2CNACELwBSFXyq4qpAygIARUAAIhCGAFwAcABBvABAfgB_gmAAtAFigIMCAAQARhbIFsoWzAP&rs=AOn4CLD6Ge1TZsfRPkK116EFHgAU_HcwrA
lAK3yoiy4Sg,https://www.youtube.com/watch?v=lAK3yoiy4Sg,lalo y la @AIChavorrucos,836.0,,videos,https://i.ytimg.com/vi/lAK3yoiy4Sg/hqdefault.jpg?sqp=-oaymwE2CNACELwBSFXyq4qpAygIARUAAIhCGAFwAcABBvABAfgB_gmAAtAFigIMCAAQARhyIEgoLjAP&rs=AOn4CLAxu13gALmsXBFbpe-JLqPtRnIKFg
Shm2hTYmLfg,https://www.youtube.com/watch?v=Shm2hTYmLfg,una idea tonta,27.0,,videos,https://i.ytimg.com/vi/Shm2hTYmLfg/hqdefault.jpg?sqp=-oaymwE2CNACELwBSFXyq4qpAygIARUAAIhCGAFwAcABBvABAfgBvgSAAuADigIMCAAQARhyIFAoQjAP&rs=AOn4CLAfUCuq0X027qjF_SqEqYFKfKosQQ
dSAwqBNtfbw,https://www.youtube.com/watch?v=dSAwqBNtfbw,Es hora de hacer dinero,211.0,,videos,https://i.ytimg.com/vi/dSAwqBNtfbw/hqdefault.jpg?sqp=-oaymwE2CNACELwBSFXyq4qpAygIARUAAIhCGAFwAcABBvABAfgB_gmAAtAFigIMCAAQARhjIGMoYzAP&rs=AOn4CLCSgEUFZH2xXPL7jYPgPVjJGFy_VQ
PpY9Mgi4dQI,https://www.youtube.com/watch?v=PpY9Mgi4dQI,evento,51.0,,videos,https://i.ytimg.com/vi/PpY9Mgi4dQI/hqdefault.jpg?sqp=-oaymwE2CNACELwBSFXyq4qpAygIARUAAIhCGAFwAcABBvABAfgBzgWAAqADigIMCAAQARhlIFsoWjAP&rs=AOn4CLArko7CO5QrVq_GEUGeezW3mPFF_A
1FMVWKIwJgs,https://www.youtube.com/watch?v=1FMVWKIwJgs,super evento,51.0,,videos,https://i.ytimg.com/vi/1FMVWKIwJgs/hqdefault.jpg?sqp=-oaymwE2CNACELwBSFXyq4qpAygIARUAAIhCGAFwAcABBvABAfgBzgWAAqADigIMCAAQARhlIFsoWjAP&rs=AOn4CLAwZoODrT1QtUFC2mb-xv-pHXZrYA
ouCmXI8PJIU,https://www.youtube.com/watch?v=ouCmXI8PJIU,el regreso de sergio oliveira a me lo compro o no me lo compro,3109.0,,videos,https://i.ytimg.com/vi/ouCmXI8PJIU/hqdefault.jpg?sqp=-oaymwE2CNACELwBSFXyq4qpAygIARUAAIhCGAFwAcABBvABAfgB_gmAAtAFigIMCAAQARhlIGMoVzAP&rs=AOn4CLDToFFpiqiT5opnXHazn6Q0rLpd9w
ylDhhFqMkrg,https://www.youtube.com/watch?v=ylDhhFqMkrg,tixuz la evolucion,605.0,,videos,https://i.ytimg.com/vi/ylDhhFqMkrg/hqdefault.jpg?sqp=-oaymwE2CNACELwBSFXyq4qpAygIARUAAIhCGAFwAcABBvABAfgB_gmAAtAFigIMCAAQARheIF4oXjAP&rs=AOn4CLARAPla6oNkXcui-e2k4zpc8mO5vA
rFnYwJBp2B0,https://www.youtube.com/watch?v=rFnYwJBp2B0,El dólar barato y las marcas con sus precios carísimos,2978.0,,videos,https://i.ytimg.com/vi/rFnYwJBp2B0/hqdefault.jpg?sqp=-oaymwE2CNACELwBSFXyq4qpAygIARUAAIhCGAFwAcABBvABAfgB_gmAAtAFigIMCAAQARhkIGUoVTAP&rs=AOn4CLAahgyUvTi4qgJU1INyIoy2lpRJ4Q
bNz_JfqwcSo,https://www.youtube.com/watch?v=bNz_JfqwcSo,¿ Cuál contamina más?,734.0,,videos,https://i.ytimg.com/vi/bNz_JfqwcSo/hqdefault.jpg?sqp=-oaymwEcCNACELwBSFXyq4qpAw4IARUAAIhCGAFwAcABBg==&rs=AOn4CLCetV14nB0vyJKV3RtyHX6flnLg_Q
_UicFb_9jLU,https://www.youtube.com/watch?v=_UicFb_9jLU,LOS INVITO A CHAVORUCOS HOY A LAS 8 30,16.0,,videos,https://i.ytimg.com/vi/_UicFb_9jLU/hqdefault.jpg?sqp=-oaymwE2CNACELwBSFXyq4qpAygIARUAAIhCGAFwAcABBvABAfgB_gmAAtAFigIMCAAQARhlIFsoUTAP&rs=AOn4CLDgetbmtnJlB7wEWHNOWrKiP9c8hg
7OkJGJGfI2M,https://www.youtube.com/watch?v=7OkJGJGfI2M,moneta markets lo mas nuevo,1396.0,,videos,https://i.ytimg.com/vi/7OkJGJGfI2M/hqdefault.jpg?sqp=-oaymwEcCNACELwBSFXyq4qpAw4IARUAAIhCGAFwAcABBg==&rs=AOn4CLD5ikM3oNrmgAn3rxBT1tTDeHZfTQ
cLTCoJ5ApEk,https://www.youtube.com/watch?v=cLTCoJ5ApEk,Los precios por las nubes y la invasion china.,2640.0,,videos,https://i.ytimg.com/vi/cLTCoJ5ApEk/hqdefault.jpg?sqp=-oaymwEcCNACELwBSFXyq4qpAw4IARUAAIhCGAFwAcABBg==&rs=AOn4CLDd09lu6EfKq0ulcUjZiJzEP6xa5A
bOj4KlBGYsc,https://www.youtube.com/watch?v=bOj4KlBGYsc,Youtubers mix live,29.0,,videos,https://i.ytimg.com/vi/bOj4KlBGYsc/hqdefault.jpg?sqp=-oaymwE2CNACELwBSFXyq4qpAygIARUAAIhCGAFwAcABBvABAfgB_gmAAsgFigIMCAAQARhyIFAoQDAP&rs=AOn4CLA5XVh-Qp2Hmvz2y0mTsiNh7gtLTQ
qbySatEe4m0,https://www.youtube.com/watch?v=qbySatEe4m0,El por que yogui ya no saldrá en tixuz🤨🔇,112.0,,videos,https://i.ytimg.com/vi/qbySatEe4m0/hqdefault.jpg?sqp=-oaymwE2CNACELwBSFXyq4qpAygIARUAAIhCGAFwAcABBvABAfgBiAKAAuADigIMCAAQARhlIFgoSTAP&rs=AOn4CLC113CGx3fl6lLQRF_RqaVIEKzO0g
iG1lOwAJ1Gs,https://www.youtube.com/watch?v=iG1lOwAJ1Gs,los fantasmas llegaron a tesla?,2443.0,,videos,https://i.ytimg.com/vi/iG1lOwAJ1Gs/hqdefault.jpg?sqp=-oaymwE2CNACELwBSFXyq4qpAygIARUAAIhCGAFwAcABBvABAfgB_gmAAqIFigIMCAAQARhlIFUoSTAP&rs=AOn4CLBmAWNqpuKXcSizueDc06yQvu-Hcg
DedFrJzgs-0,https://www.youtube.com/watch?v=DedFrJzgs-0,"""Desglosando Costos: La Verdad detrás de las Tarifas de Agencias""",2464.0,,videos,https://i.ytimg.com/vi/DedFrJzgs-0/hqdefault.jpg?sqp=-oaymwE2CNACELwBSFXyq4qpAygIARUAAIhCGAFwAcABBvABAfgB_gmAAqIFigIMCAAQARhlIFgoRjAP&rs=AOn4CLATouKaj0QnmI5YQy_Zy31wCdiF3A
MO0i_FkX8VI,https://www.youtube.com/watch?v=MO0i_FkX8VI,"""De Baches a Tesoros: La Aventura de la Industria Automotriz en México"" activa los subtitulos",393.0,,videos,https://i.ytimg.com/vi/MO0i_FkX8VI/hqdefault.jpg?sqp=-oaymwE2CNACELwBSFXyq4qpAygIARUAAIhCGAFwAcABBvABAfgB_gmAAtAFigIMCAAQARhNIFYoZTAP&rs=AOn4CLAazZ21kyQ29ZBAuLoYj9q_iXR-rw
zGQ-m8-Wl9M,https://www.youtube.com/watch?v=zGQ-m8-Wl9M,"""Desfile de Autos para los de Bolsillo Modesto: ¿Cuál es el Menos Peor?""",384.0,,videos,https://i.ytimg.com/vi/zGQ-m8-Wl9M/hqdefault.jpg?sqp=-oaymwE2CNACELwBSFXyq4qpAygIARUAAIhCGAFwAcABBvABAfgB_gmAAtAFigIMCAAQARgdIFMofzAP&rs=AOn4CLDuAXQPPeiGHSzmesg8VzEhXL7y8Q
KWy2aUjl7U0,https://www.youtube.com/watch?v=KWy2aUjl7U0,"""Autos Chinos en México: ¿Vale la pena el riesgo? ¡Descúbrelo aquí!""",622.0,,videos,https://i.ytimg.com/vi/KWy2aUjl7U0/hqdefault.jpg?sqp=-oaymwE2CNACELwBSFXyq4qpAygIARUAAIhCGAFwAcABBvABAfgBzgWAAoAKigIMCAAQARhEIDAofzAP&rs=AOn4CLCmxfaI1GsMde70VYDoF5DHzH9pjw
_3NMxDo_jEA,https://www.youtube.com/watch?v=_3NMxDo_jEA,Los autos eléctricos son el futuro de la movilidad,431.0,,videos,https://i.ytimg.com/vi/_3NMxDo_jEA/hqdefault.jpg?sqp=-oaymwE2CNACELwBSFXyq4qpAygIARUAAIhCGAFwAcABBvABAfgB_gmAAtAFigIMCAAQARhUIGUoJTAP&rs=AOn4CLDi3dDVW4Ss-j02YDCrKx89UeY44Q
LuIJNAo79Nc,https://www.youtube.com/watch?v=LuIJNAo79Nc,Los autos del futuro segun ia y lalo,605.0,,videos,https://i.ytimg.com/vi/LuIJNAo79Nc/hqdefault.jpg?sqp=-oaymwE2CNACELwBSFXyq4qpAygIARUAAIhCGAFwAcABBvABAfgB_gmAAqIFigIMCAAQARhlIFsoWjAP&rs=AOn4CLBNmZktMPPH1PQQof3JggSij5tMRw
cbPQbItM-vM,https://www.youtube.com/watch?v=cbPQbItM-vM,tines que verlo,942.0,,videos,https://i.ytimg.com/vi/cbPQbItM-vM/hqdefault.jpg?sqp=-oaymwE2CNACELwBSFXyq4qpAygIARUAAIhCGAFwAcABBvABAfgB_gmAAq4FigIMCAAQARhlIFQoVDAP&rs=AOn4CLAQNVZA40nAQSCwuP3jsWUIlm6ozA
nEmrxyO0DCw,https://www.youtube.com/watch?v=nEmrxyO0DCw,EL PEOR AUTO DE MEXICO para comprar usado,285.0,,videos,https://i.ytimg.com/vi/nEmrxyO0DCw/hqdefault.jpg?sqp=-oaymwE2CNACELwBSFXyq4qpAygIARUAAIhCGAFwAcABBvABAfgB_gmAAtAFigIMCAAQARgXIFYofzAP&rs=AOn4CLC0EctbjfZRCaPPCBXR4LA9KGdu1Q
0XoGGu-QVPs,https://www.youtube.com/watch?v=0XoGGu-QVPs,que no te vean la cara parte 2.1 jaja,552.0,,videos,https://i.ytimg.com/vi/0XoGGu-QVPs/hqdefault.jpg?sqp=-oaymwE2CNACELwBSFXyq4qpAygIARUAAIhCGAFwAcABBvABAfgB_gmAAqIFigIMCAAQARhTIF0oZTAP&rs=AOn4CLA6dyec3y41xES8oKPPSSGINuVNPA
-X96lkdMJlE,https://www.youtube.com/watch?v=-X96lkdMJlE,que no te vean la cara!!!!!,1004.0,,videos,https://i.ytimg.com/vi/-X96lkdMJlE/hqdefault.jpg?sqp=-oaymwE2CNACELwBSFXyq4qpAygIARUAAIhCGAFwAcABBvABAfgB_gmAAqIFigIMCAAQARhlIGUoZTAP&rs=AOn4CLBEBmBOyP5u0Em2bnH813c5gW8gYQ
OmO0xNBOY6I,https://www.youtube.com/watch?v=OmO0xNBOY6I,haz dinero.,45.0,,videos,https://i.ytimg.com/vi/OmO0xNBOY6I/hqdefault.jpg?sqp=-oaymwE2CNACELwBSFXyq4qpAygIARUAAIhCGAFwAcABBvABAfgB_gmAAtAFigIMCAAQARhSIF4oZTAP&rs=AOn4CLCTMQwTohVUhY_sojrmJ7OU028ITw
V79lGPB82zc,https://www.youtube.com/watch?v=V79lGPB82zc,Yougi y Los Ford Cougar,1002.0,,videos,https://i.ytimg.com/vi/V79lGPB82zc/hqdefault.jpg?sqp=-oaymwE2CNACELwBSFXyq4qpAygIARUAAIhCGAFwAcABBvABAfgB_gmAAtAFigIMCAAQARhlIEwoSjAP&rs=AOn4CLDkRSLqI6b0RqW-xats9ZcZYAhGKw
jVU_mY3mdNw,https://www.youtube.com/watch?v=jVU_mY3mdNw,CHIREY,1442.0,,videos,https://i.ytimg.com/vi/jVU_mY3mdNw/hqdefault.jpg?sqp=-oaymwE2CNACELwBSFXyq4qpAygIARUAAIhCGAFwAcABBvABAfgB_gmAAtAFigIMCAAQARhyIEMoPjAP&rs=AOn4CLDIm2nabQPV4j8b6OQya_XEXL-OPA
5CsF6Ahk99o,https://www.youtube.com/watch?v=5CsF6Ahk99o,Instagram Live: ⚙️👊🏽Alonso Brugada de Auto Dinámico y Yogui | Parte 1👈🏼,3588.0,,videos,https://i.ytimg.com/vi/5CsF6Ahk99o/hqdefault.jpg?sqp=-oaymwEcCNACELwBSFXyq4qpAw4IARUAAIhCGAFwAcABBg==&rs=AOn4CLBdzHSv4dqOMMEuSkEq6lxeNM0p9Q
ct8zyWBwTyM,https://www.youtube.com/watch?v=ct8zyWBwTyM,El cangrejo: Hummer #H #EV #PICKUP,150.0,,videos,https://i.ytimg.com/vi/ct8zyWBwTyM/hqdefault.jpg?sqp=-oaymwE2CNACELwBSFXyq4qpAygIARUAAIhCGAFwAcABBvABAfgB_gmAAtAFigIMCAAQARhlIE8oRzAP&rs=AOn4CLCO0kMRRxMeDLTWn37Mp5BYGdHkYw
91v9JmNMnK4,https://www.youtube.com/watch?v=91v9JmNMnK4,😱Erixon de Full Gass y Full Cars 🔴 CÓMO SE ELIGE UNA MOTOC1CLETA!! 🦾🏍| Instagram Live 20/01/22,4714.0,,videos,https://i.ytimg.com/vi/91v9JmNMnK4/hqdefault.jpg?sqp=-oaymwE2CNACELwBSFXyq4qpAygIARUAAIhCGAFwAcABBvABAfgBrgOAAvIBigIMCAAQARhlIF0oUzAP&rs=AOn4CLCd2Uok_urtLAOASX5MYzFesbZYiw
bufGafWxjCc,https://www.youtube.com/watch?v=bufGafWxjCc,🇨🇺 AlvazquezTV y YoguiCOMPARATIVA AGENCIAS país vecino 🇲🇽🇺🇸2022,3592.0,,videos,https://i.ytimg.com/vi/bufGafWxjCc/hqdefault.jpg?sqp=-oaymwE2CNACELwBSFXyq4qpAygIARUAAIhCGAFwAcABBvABAfgBrgOAAoAGigIMCAAQARhlIE8oPjAP&rs=AOn4CLCpcChwxnLcLsgqRIu_QgZQnAOWZQ
bzisbLUe5zQ,https://www.youtube.com/watch?v=bzisbLUe5zQ,Corvette segunda parte con @Yogui Enrique Encinas,1508.0,,videos,https://i.ytimg.com/vi/bzisbLUe5zQ/hqdefault.jpg?sqp=-oaymwE2CNACELwBSFXyq4qpAygIARUAAIhCGAFwAcABBvABAfgB1AaAAuADigIMCAAQARhyIEgoSjAP&rs=AOn4CLC0o16Wa8c3XtWt06iJyEIDsjUXrQ
CywJgSTtiAA,https://www.youtube.com/watch?v=CywJgSTtiAA,Entrevista ANDREA ECHEGOYEN motos y 🚘 en Instagram live,2914.0,,videos,https://i.ytimg.com/vi/CywJgSTtiAA/hqdefault.jpg?sqp=-oaymwEcCNACELwBSFXyq4qpAw4IARUAAIhCGAFwAcABBg==&rs=AOn4CLDEPVRHGHMbnFfn7CHQ2SO2OGZh-A
qt8-Dy0FEjo,https://www.youtube.com/watch?v=qt8-Dy0FEjo,"Entrevista #SUPERMARIODOM , Yogui y Alfonso Albarrán (carrera panamericana) en Instagram live.",1911.0,,videos,https://i.ytimg.com/vi/qt8-Dy0FEjo/hqdefault.jpg?sqp=-oaymwE2CNACELwBSFXyq4qpAygIARUAAIhCGAFwAcABBvABAfgBjAKAAuADigIMCAAQARhyIGQoQTAP&rs=AOn4CLA8RNfZpegSi6Q0xJfIMyqs_PfTng
NeDv3vZ8qbo,https://www.youtube.com/watch?v=NeDv3vZ8qbo,"Alex Konstantonis, Andrea Echegoyen y Fer Miller de @HANGAR-1 en Instagram Live [Completo]",2244.0,,videos,https://i.ytimg.com/vi/NeDv3vZ8qbo/hqdefault.jpg?sqp=-oaymwE2CNACELwBSFXyq4qpAygIARUAAIhCGAFwAcABBvABAfgBrgOAAvIBigIMCAAQARhlIE4oQzAP&rs=AOn4CLAuMcBNjkTBA5XpbzyiTRxOlxVVLw
PvW2vSInfB4,https://www.youtube.com/watch?v=PvW2vSInfB4,Entrevista Gonzalo Magaña (Info de @Gonzalo. Mi Gusto es: ¡Conducir!),1988.0,,videos,https://i.ytimg.com/vi/PvW2vSInfB4/hqdefault.jpg?sqp=-oaymwE2CNACELwBSFXyq4qpAygIARUAAIhCGAFwAcABBvABAfgB1AaAAuADigIMCAAQARhlIEkoRjAP&rs=AOn4CLAOF0iS6akgE5CYvH830YnqlFnfOg
jHxpOa_We7s,https://www.youtube.com/watch?v=jHxpOa_We7s,"JAGUAR ¿Me lo compro, o NO me lo compro? @Al Vazquez - Vlogs",1706.0,,videos,https://i.ytimg.com/vi/jHxpOa_We7s/hqdefault.jpg?sqp=-oaymwE2CNACELwBSFXyq4qpAygIARUAAIhCGAFwAcABBvABAfgB1AaAAsgDigIMCAAQARheIGUoRzAP&rs=AOn4CLBsxabEF9GzYzn07rVdQoh8_0jubw
IjPTKQVMvaE,https://www.youtube.com/watch?v=IjPTKQVMvaE,@Jaime Gabaldoni nos habla de su trayectoria en los autos | Instagram Live,2135.0,,videos,https://i.ytimg.com/vi/IjPTKQVMvaE/hqdefault.jpg?sqp=-oaymwEcCNACELwBSFXyq4qpAw4IARUAAIhCGAFwAcABBg==&rs=AOn4CLCQ9dngVlM7yj54neXSMdsVXIjClg
k2C37jU9e_s,https://www.youtube.com/watch?v=k2C37jU9e_s,Nissan Sentra desde piso de ventas l Tixuz,1104.0,,videos,https://i.ytimg.com/vi/k2C37jU9e_s/hqdefault.jpg?sqp=-oaymwEcCNACELwBSFXyq4qpAw4IARUAAIhCGAFwAcABBg==&rs=AOn4CLCD_Cq6aLEBwlPsf4c7PD4VayeC8g
ituNwW-NOqs,https://www.youtube.com/watch?v=ituNwW-NOqs,"JAC #2021 ¿me lo compro, o no me lo compro?",1592.0,,videos,https://i.ytimg.com/vi/ituNwW-NOqs/hqdefault.jpg?sqp=-oaymwEcCNACELwBSFXyq4qpAw4IARUAAIhCGAFwAcABBg==&rs=AOn4CLA2BSSu1YLKlMCzoEECA07vJepHXA
1uuA-AocDkA,https://www.youtube.com/watch?v=1uuA-AocDkA,"Hyundai #2021 ¿Me lo compro, o no me lo compro?",2663.0,,videos,https://i.ytimg.com/vi/1uuA-AocDkA/hqdefault.jpg?sqp=-oaymwEcCNACELwBSFXyq4qpAw4IARUAAIhCGAFwAcABBg==&rs=AOn4CLDIFvb7eA57jCEoAcbmHdCw2Pci1w
KGqm8vs4o5E,https://www.youtube.com/watch?v=KGqm8vs4o5E,"HONDA #2021 ¿Me lo compro, o NO me lo compro?",2583.0,,videos,https://i.ytimg.com/vi/KGqm8vs4o5E/hqdefault.jpg?sqp=-oaymwEcCNACELwBSFXyq4qpAw4IARUAAIhCGAFwAcABBg==&rs=AOn4CLCF_LCnFDYf04MfiG--h65dOJzLTA
6jD4N_6URPY,https://www.youtube.com/watch?v=6jD4N_6URPY,"GMC #2021 ¿me lo compro, o no me lo compro?",1844.0,,videos,https://i.ytimg.com/vi/6jD4N_6URPY/hqdefault.jpg?sqp=-oaymwEcCNACELwBSFXyq4qpAw4IARUAAIhCGAFwAcABBg==&rs=AOn4CLDYJypeQWap9MTK0DpO-MVOCxf_aw
cGERHksDulM,https://www.youtube.com/watch?v=cGERHksDulM,Lis Pernía - Embajadora de indian satélite y agencia Lincon,2571.0,,videos,https://i.ytimg.com/vi/cGERHksDulM/hqdefault.jpg?sqp=-oaymwEcCNACELwBSFXyq4qpAw4IARUAAIhCGAFwAcABBg==&rs=AOn4CLAgDvkKLX-EwaWdmNjPtoVxS-wtsA
PiTC9qxp_BM,https://www.youtube.com/watch?v=PiTC9qxp_BM,Yogui da la clase de Corvette.,1261.0,,videos,https://i.ytimg.com/vi/PiTC9qxp_BM/hqdefault.jpg?sqp=-oaymwEcCNACELwBSFXyq4qpAw4IARUAAIhCGAFwAcABBg==&rs=AOn4CLCzIp2YsJOVcv3K4jDK-NsHyyIdEA
PGkryogQP30,https://www.youtube.com/watch?v=PGkryogQP30,TESLA,844.0,,videos,https://i.ytimg.com/vi/PGkryogQP30/hqdefault.jpg?sqp=-oaymwEcCNACELwBSFXyq4qpAw4IARUAAIhCGAFwAcABBg==&rs=AOn4CLBBDm2LhxJLbjKIk4EM31nqzXf7FA
j9IPzpuHSp8,https://www.youtube.com/watch?v=j9IPzpuHSp8,"FORD #2021 ¿me lo compro, o no me lo compro?",2271.0,,videos,https://i.ytimg.com/vi/j9IPzpuHSp8/hqdefault.jpg?sqp=-oaymwEcCNACELwBSFXyq4qpAw4IARUAAIhCGAFwAcABBg==&rs=AOn4CLAfhiXmDzuOVt-hoYgC_mO488LWiA
ZCmA6BKcNxU,https://www.youtube.com/watch?v=ZCmA6BKcNxU,"FIAT 2021 ¿me lo compro, o no me lo compro ?",1677.0,,videos,https://i.ytimg.com/vi/ZCmA6BKcNxU/hqdefault.jpg?sqp=-oaymwEcCNACELwBSFXyq4qpAw4IARUAAIhCGAFwAcABBg==&rs=AOn4CLAEplo6Pv45Iy9jBVD0KPHCM3yg-A
rKE79qEm8ME,https://www.youtube.com/watch?v=rKE79qEm8ME,Historia de los autos,1399.0,,videos,https://i.ytimg.com/vi/rKE79qEm8ME/hqdefault.jpg?sqp=-oaymwEcCNACELwBSFXyq4qpAw4IARUAAIhCGAFwAcABBg==&rs=AOn4CLBYNdO2hCW0-S8cYGzteEbtn55JUA
BMa0m5JtNss,https://www.youtube.com/watch?v=BMa0m5JtNss,DODGE #2021 ¿Me lo Compro o No me lo Compro? Dodge,2357.0,,videos,https://i.ytimg.com/vi/BMa0m5JtNss/hqdefault.jpg?sqp=-oaymwEcCNACELwBSFXyq4qpAw4IARUAAIhCGAFwAcABBg==&rs=AOn4CLDLcgmvpeNnVprK1FOpR_7H6ZCX0A
XXBP3FxGefM,https://www.youtube.com/watch?v=XXBP3FxGefM,"CUPRA # 2021 ¿me lo compro, o no me lo compro?",1190.0,,videos,https://i.ytimg.com/vi/XXBP3FxGefM/hqdefault.jpg?sqp=-oaymwEcCNACELwBSFXyq4qpAw4IARUAAIhCGAFwAcABBg==&rs=AOn4CLCEmb41Fp09W_GOp51hXhWwLALS_w
0-xA0H_rJnQ,https://www.youtube.com/watch?v=0-xA0H_rJnQ,Autos Electricos,1421.0,,videos,https://i.ytimg.com/vi/0-xA0H_rJnQ/hqdefault.jpg?sqp=-oaymwEcCNACELwBSFXyq4qpAw4IARUAAIhCGAFwAcABBg==&rs=AOn4CLDKigEgDoQkoEupO3vSh9OiEV5zyg
mxkukDQhN6k,https://www.youtube.com/watch?v=mxkukDQhN6k,Chrysler #2021 ¿Me lo compro o no me lo compro?,1123.0,,videos,https://i.ytimg.com/vi/mxkukDQhN6k/hqdefault.jpg?sqp=-oaymwEcCNACELwBSFXyq4qpAw4IARUAAIhCGAFwAcABBg==&rs=AOn4CLCON1a_utd6sf0G6rypWIHEale-HA
gY5SbnEIqoM,https://www.youtube.com/watch?v=gY5SbnEIqoM,BMW PARTE 2 me lo compro o no me lo compro?,3111.0,,videos,https://i.ytimg.com/vi/gY5SbnEIqoM/hqdefault.jpg?sqp=-oaymwEcCNACELwBSFXyq4qpAw4IARUAAIhCGAFwAcABBg==&rs=AOn4CLBSsXkcszk5bWq8cXfswCAt8Gb7Iw
Ug4oSn40oEo,https://www.youtube.com/watch?v=Ug4oSn40oEo,HOT WHEELS -TIXUZ,286.0,,videos,https://i.ytimg.com/vi/Ug4oSn40oEo/hqdefault.jpg?sqp=-oaymwEcCNACELwBSFXyq4qpAw4IARUAAIhCGAFwAcABBg==&rs=AOn4CLDjtdOvsuxDvdXt1LVID7dspANUxA
7Es0WokFZGU,https://www.youtube.com/watch?v=7Es0WokFZGU,Cual es la mejor marca de autos eléctricos?,1606.0,,videos,https://i.ytimg.com/vi/7Es0WokFZGU/hqdefault.jpg?sqp=-oaymwEcCNACELwBSFXyq4qpAw4IARUAAIhCGAFwAcABBg==&rs=AOn4CLBvYlQE8eRGLJSimKckEapAaa3gbw
Wdm4K-4XpgU,https://www.youtube.com/watch?v=Wdm4K-4XpgU,chevrolet parte 2 me lo compro o no me lo compro,1631.0,,videos,https://i.ytimg.com/vi/Wdm4K-4XpgU/hqdefault.jpg?sqp=-oaymwEcCNACELwBSFXyq4qpAw4IARUAAIhCGAFwAcABBg==&rs=AOn4CLC23SZWm5vdW_JY59fjPehT_TPjYg
2wifxt3va5M,https://www.youtube.com/watch?v=2wifxt3va5M,Cual es la mejor marca segun consumer reports,968.0,,videos,https://i.ytimg.com/vi/2wifxt3va5M/hqdefault.jpg?sqp=-oaymwEcCNACELwBSFXyq4qpAw4IARUAAIhCGAFwAcABBg==&rs=AOn4CLDMdQcSrhTnUTsXTtOdLxW2eJUDxA
dn78Nhiiy24,https://www.youtube.com/watch?v=dn78Nhiiy24,CHEVROLET me lo compro o no me lo compro?,2991.0,,videos,https://i.ytimg.com/vi/dn78Nhiiy24/hqdefault.jpg?sqp=-oaymwEcCNACELwBSFXyq4qpAw4IARUAAIhCGAFwAcABBg==&rs=AOn4CLAZeuvHoUn-llEfmZ8EDdtq6LiNBA
6gf5KGmWok4,https://www.youtube.com/watch?v=6gf5KGmWok4,Tixuz : Hotwheels,1350.0,,videos,https://i.ytimg.com/vi/6gf5KGmWok4/hqdefault.jpg?sqp=-oaymwEcCNACELwBSFXyq4qpAw4IARUAAIhCGAFwAcABBg==&rs=AOn4CLBn0R3R66h2vdRDpiv2b7-AAYs-2w
-NjfR4nhf2Q,https://www.youtube.com/watch?v=-NjfR4nhf2Q,cuanto cuesta fabricar un auto?,1403.0,,videos,https://i.ytimg.com/vi/-NjfR4nhf2Q/hqdefault.jpg?sqp=-oaymwEcCNACELwBSFXyq4qpAw4IARUAAIhCGAFwAcABBg==&rs=AOn4CLBqhTtMARvC3VOBVpXL-UqAxgmTmA
p9DEInM7h7g,https://www.youtube.com/watch?v=p9DEInM7h7g,CADILLAC me lo compro o no me lo compro,1283.0,,videos,https://i.ytimg.com/vi/p9DEInM7h7g/hqdefault.jpg?sqp=-oaymwEcCNACELwBSFXyq4qpAw4IARUAAIhCGAFwAcABBg==&rs=AOn4CLADL4RiOX-Ff7r1FBBjhp-uzhZuLg
uQgbVuED5Vs,https://www.youtube.com/watch?v=uQgbVuED5Vs,BUICK  me lo compro o no me lo compro??,1608.0,,videos,https://i.ytimg.com/vi/uQgbVuED5Vs/hqdefault.jpg?sqp=-oaymwEcCNACELwBSFXyq4qpAw4IARUAAIhCGAFwAcABBg==&rs=AOn4CLAGpQOln04a-Tfiy23DW58HI5ziBw
ix7o9u1cA54,https://www.youtube.com/watch?v=ix7o9u1cA54,vale la pena comprar un auto en este momento,1157.0,,videos,https://i.ytimg.com/vi/ix7o9u1cA54/hqdefault.jpg?sqp=-oaymwEcCNACELwBSFXyq4qpAw4IARUAAIhCGAFwAcABBg==&rs=AOn4CLAOzSiObxmZBcd9VEGNlCjITJiqog
JArw6OUtuxU,https://www.youtube.com/watch?v=JArw6OUtuxU,los autos en mexico ya son muy caros?,1267.0,,videos,https://i.ytimg.com/vi/JArw6OUtuxU/hqdefault.jpg?sqp=-oaymwEcCNACELwBSFXyq4qpAw4IARUAAIhCGAFwAcABBg==&rs=AOn4CLCSb8Uo4nsaEWZlFGdXofBJKFh4XQ
xSxd2I-0zl8,https://www.youtube.com/watch?v=xSxd2I-0zl8,Historia de Mazda / Parte 1,1222.0,,videos,https://i.ytimg.com/vi/xSxd2I-0zl8/hqdefault.jpg?sqp=-oaymwEcCNACELwBSFXyq4qpAw4IARUAAIhCGAFwAcABBg==&rs=AOn4CLBgtciOnkB-ZQY7LLA826aYoN15rg
_H0oQ9JIoDA,https://www.youtube.com/watch?v=_H0oQ9JIoDA,Tixuz Autos : El Lujo Americano,1100.0,,videos,https://i.ytimg.com/vi/_H0oQ9JIoDA/hqdefault.jpg?sqp=-oaymwEcCNACELwBSFXyq4qpAw4IARUAAIhCGAFwAcABBg==&rs=AOn4CLAbwH9TX0IJfHtv44BxtlRaImS8Fg
_FtzOq7vJtI,https://www.youtube.com/watch?v=_FtzOq7vJtI,Historia de Jaguar / Parte 1,1274.0,,videos,https://i.ytimg.com/vi/_FtzOq7vJtI/hqdefault.jpg?sqp=-oaymwEcCNACELwBSFXyq4qpAw4IARUAAIhCGAFwAcABBg==&rs=AOn4CLC3UvQtgJpmlq8L2oTNBz2BWTe6zg
uuP0dgRTE5M,https://www.youtube.com/watch?v=uuP0dgRTE5M,Historia de MG / Parte 2,1351.0,,videos,https://i.ytimg.com/vi/uuP0dgRTE5M/hqdefault.jpg?sqp=-oaymwEcCNACELwBSFXyq4qpAw4IARUAAIhCGAFwAcABBg==&rs=AOn4CLAr051Nr9FkN0esnuntFKOOS1I2jw
uNObn3Wp-K0,https://www.youtube.com/watch?v=uNObn3Wp-K0,¿Que Auto Comprar en Barrios Peligrosos?,1154.0,,videos,https://i.ytimg.com/vi/uNObn3Wp-K0/hqdefault.jpg?sqp=-oaymwEcCNACELwBSFXyq4qpAw4IARUAAIhCGAFwAcABBg==&rs=AOn4CLDZRIuxYWjsmQnsWgm1ImkybVvFXA
zc9VM_pM9PE,https://www.youtube.com/watch?v=zc9VM_pM9PE,Historia de MG / Parte 1,1353.0,,videos,https://i.ytimg.com/vi/zc9VM_pM9PE/hqdefault.jpg?sqp=-oaymwEcCNACELwBSFXyq4qpAw4IARUAAIhCGAFwAcABBg==&rs=AOn4CLASLHNhWwVqFA-0PYOIVdoHyy-U7Q
uUMnLmDoNng,https://www.youtube.com/watch?v=uUMnLmDoNng,¿Me lo Compro o No me lo Compro? BMW,1246.0,,videos,https://i.ytimg.com/vi/uUMnLmDoNng/hqdefault.jpg?sqp=-oaymwEcCNACELwBSFXyq4qpAw4IARUAAIhCGAFwAcABBg==&rs=AOn4CLBm831qvC3y7i6BltSW1SEV6DY5Zw
XBmQU3Mkf-Y,https://www.youtube.com/watch?v=XBmQU3Mkf-Y,Los Autos tienen Obsolescencia Programada?,1639.0,,videos,https://i.ytimg.com/vi/XBmQU3Mkf-Y/hqdefault.jpg?sqp=-oaymwEcCNACELwBSFXyq4qpAw4IARUAAIhCGAFwAcABBg==&rs=AOn4CLAZ4MGUOvfWE2797xGy8upxrnPMVw
wxPJqKb3ppU,https://www.youtube.com/watch?v=wxPJqKb3ppU,¿Me lo Compro o No me lo Compro? BAIC,1101.0,,videos,https://i.ytimg.com/vi/wxPJqKb3ppU/hqdefault.jpg?sqp=-oaymwEcCNACELwBSFXyq4qpAw4IARUAAIhCGAFwAcABBg==&rs=AOn4CLDIfX20DiAbtOnYhKywIIpGOLkp4g
WVENjWI3X8Q,https://www.youtube.com/watch?v=WVENjWI3X8Q,Honda y GM Se Fusionan?,682.0,,videos,https://i.ytimg.com/vi/WVENjWI3X8Q/hqdefault.jpg?sqp=-oaymwEcCNACELwBSFXyq4qpAw4IARUAAIhCGAFwAcABBg==&rs=AOn4CLBOrKDA0EnrTtk1PCdGdoPXrCbPwQ
hC35P8HgXkA,https://www.youtube.com/watch?v=hC35P8HgXkA,Historia de Lincoln,855.0,,videos,https://i.ytimg.com/vi/hC35P8HgXkA/hqdefault.jpg?sqp=-oaymwEcCNACELwBSFXyq4qpAw4IARUAAIhCGAFwAcABBg==&rs=AOn4CLCxrTaPlnRLBYk_wMhn0TMVahMeKA
OdO9Oqy8BRs,https://www.youtube.com/watch?v=OdO9Oqy8BRs,¿Me lo Compro o No me lo Compro? AUDI / Parte 2,1813.0,,videos,https://i.ytimg.com/vi/OdO9Oqy8BRs/hqdefault.jpg?sqp=-oaymwEcCNACELwBSFXyq4qpAw4IARUAAIhCGAFwAcABBg==&rs=AOn4CLCmr0e2-rMWlnOorkmtAZtWADs4sA
4rGJ0AXczAI,https://www.youtube.com/watch?v=4rGJ0AXczAI,Historia de Rolls Royce / Parte 2,1107.0,,videos,https://i.ytimg.com/vi/4rGJ0AXczAI/hqdefault.jpg?sqp=-oaymwEcCNACELwBSFXyq4qpAw4IARUAAIhCGAFwAcABBg==&rs=AOn4CLB8jFi1sfzbEurAbS4Ep8t1m5_ufw
eg1p-lfU1y8,https://www.youtube.com/watch?v=eg1p-lfU1y8,Historia del Rolls Royce / Parte 1,1378.0,,videos,https://i.ytimg.com/vi/eg1p-lfU1y8/hqdefault.jpg?sqp=-oaymwEcCNACELwBSFXyq4qpAw4IARUAAIhCGAFwAcABBg==&rs=AOn4CLCawp2-rhCBke1MSzdCat2nh3bH5Q
AE4dAV7ItRc,https://www.youtube.com/watch?v=AE4dAV7ItRc,¿Recortes en Mercedes Benz?,1201.0,,videos,https://i.ytimg.com/vi/AE4dAV7ItRc/hqdefault.jpg?sqp=-oaymwEcCNACELwBSFXyq4qpAw4IARUAAIhCGAFwAcABBg==&rs=AOn4CLAbpTT11Lmxt9R-FVGAxnjeRnN11Q
Wiv-MVA_i1o,https://www.youtube.com/watch?v=Wiv-MVA_i1o,Las Mejores Marcas segun J.D POWER,1151.0,,videos,https://i.ytimg.com/vi/Wiv-MVA_i1o/hqdefault.jpg?sqp=-oaymwEcCNACELwBSFXyq4qpAw4IARUAAIhCGAFwAcABBg==&rs=AOn4CLCU-8FWBQd34A1_B9UvLy6KjoL_Bg
mXlfvBPwvQ0,https://www.youtube.com/watch?v=mXlfvBPwvQ0,¿Me lo Compro o No me lo Compro? AUDI / Parte 1,2312.0,,videos,https://i.ytimg.com/vi/mXlfvBPwvQ0/hqdefault.jpg?sqp=-oaymwEcCNACELwBSFXyq4qpAw4IARUAAIhCGAFwAcABBg==&rs=AOn4CLB7enl2gjjuI1SyKTj0XUVtbGszIg
f8q9ykAkcoo,https://www.youtube.com/watch?v=f8q9ykAkcoo,Historia de Renault / Parte 2,1156.0,,videos,https://i.ytimg.com/vi/f8q9ykAkcoo/hqdefault.jpg?sqp=-oaymwEcCNACELwBSFXyq4qpAw4IARUAAIhCGAFwAcABBg==&rs=AOn4CLAtXhlMwBj80alcHwqj6qFE3s4HeA
1u3yvQVC7Bg,https://www.youtube.com/watch?v=1u3yvQVC7Bg,Historia de Renault / Parte 1,1453.0,,videos,https://i.ytimg.com/vi/1u3yvQVC7Bg/hqdefault.jpg?sqp=-oaymwEcCNACELwBSFXyq4qpAw4IARUAAIhCGAFwAcABBg==&rs=AOn4CLDmQpa607yH2PPHiLWPSjo8nLn6Sg
cLx16xiPHjU,https://www.youtube.com/watch?v=cLx16xiPHjU,¿Me lo Compro o No me lo Compro? Alfa Romeo,966.0,,videos,https://i.ytimg.com/vi/cLx16xiPHjU/hqdefault.jpg?sqp=-oaymwEcCNACELwBSFXyq4qpAw4IARUAAIhCGAFwAcABBg==&rs=AOn4CLBNnnb8zXWuVyLWvuL2aofhfDLrHA
1wb4S6hEYYw,https://www.youtube.com/watch?v=1wb4S6hEYYw,¿Me lo Compro o No me lo Compro? Acura,1291.0,,videos,https://i.ytimg.com/vi/1wb4S6hEYYw/hqdefault.jpg?sqp=-oaymwEcCNACELwBSFXyq4qpAw4IARUAAIhCGAFwAcABBg==&rs=AOn4CLAt6yVq7WrymxA6LqM4KVFQ8KfVbQ
ZqShLzvuM5E,https://www.youtube.com/watch?v=ZqShLzvuM5E,"Tesla, La Compañia de Autos mas Cara del Mundo.",578.0,,videos,https://i.ytimg.com/vi/ZqShLzvuM5E/hqdefault.jpg?sqp=-oaymwEcCNACELwBSFXyq4qpAw4IARUAAIhCGAFwAcABBg==&rs=AOn4CLDOhIoV-QUkLoPd1Cxv7dJu_0yrqw
6lvOnRbYsiA,https://www.youtube.com/watch?v=6lvOnRbYsiA,Historia de Porsche / Parte 2,1229.0,,videos,https://i.ytimg.com/vi/6lvOnRbYsiA/hqdefault.jpg?sqp=-oaymwEcCNACELwBSFXyq4qpAw4IARUAAIhCGAFwAcABBg==&rs=AOn4CLA7U04U7TCW0IWtQyLgQahOuhuVfQ
3I8V8UMWEXU,https://www.youtube.com/watch?v=3I8V8UMWEXU,No todo los Autos son Eléctricos,955.0,,videos,https://i.ytimg.com/vi/3I8V8UMWEXU/hqdefault.jpg?sqp=-oaymwEcCNACELwBSFXyq4qpAw4IARUAAIhCGAFwAcABBg==&rs=AOn4CLAIK6C2_EVNU6r_quGA1LCLFTLwcA
NslfYdKyA6s,https://www.youtube.com/watch?v=NslfYdKyA6s,¿Me lo Compro o No me lo Compro? Zacua,1018.0,,videos,https://i.ytimg.com/vi/NslfYdKyA6s/hqdefault.jpg?sqp=-oaymwEcCNACELwBSFXyq4qpAw4IARUAAIhCGAFwAcABBg==&rs=AOn4CLDmSGOpnS-gkziKaHM3FQ-o9I3zNg
pEjDY7OEiXI,https://www.youtube.com/watch?v=pEjDY7OEiXI,Volvo me lo compro o no me lo compro?,1571.0,,videos,https://i.ytimg.com/vi/pEjDY7OEiXI/hqdefault.jpg?sqp=-oaymwEcCNACELwBSFXyq4qpAw4IARUAAIhCGAFwAcABBg==&rs=AOn4CLBdNs_0pvSLhfsFJKccoBAllkncBg
d6APxf9vjZY,https://www.youtube.com/watch?v=d6APxf9vjZY,Los Angeles Verdes,1003.0,,videos,https://i.ytimg.com/vi/d6APxf9vjZY/hqdefault.jpg?sqp=-oaymwEcCNACELwBSFXyq4qpAw4IARUAAIhCGAFwAcABBg==&rs=AOn4CLB4Q0Zw5BEiSVcSqH1rqV3r6FIJQg
DJ2sWQxwT-k,https://www.youtube.com/watch?v=DJ2sWQxwT-k,Historia de Porsche / Parte 1,1572.0,,videos,https://i.ytimg.com/vi/DJ2sWQxwT-k/hqdefault.jpg?sqp=-oaymwEcCNACELwBSFXyq4qpAw4IARUAAIhCGAFwAcABBg==&rs=AOn4CLDsr2Q4QXlx8cbdZzQgwpz0azlxQg
1EzSTmy_jM0,https://www.youtube.com/watch?v=1EzSTmy_jM0,¿Me lo Compro o No me lo Compro? Volkswagen,3012.0,,videos,https://i.ytimg.com/vi/1EzSTmy_jM0/hqdefault.jpg?sqp=-oaymwEcCNACELwBSFXyq4qpAw4IARUAAIhCGAFwAcABBg==&rs=AOn4CLDvT6yvCyPehiCGDa_ffOwu_5qRqg
_mVcOep69DQ,https://www.youtube.com/watch?v=_mVcOep69DQ,Tixuz : Que Marca Creció Mas?,1017.0,,videos,https://i.ytimg.com/vi/_mVcOep69DQ/hqdefault.jpg?sqp=-oaymwEcCNACELwBSFXyq4qpAw4IARUAAIhCGAFwAcABBg==&rs=AOn4CLBQzGM-sx2RnKnPVPLii3vp3jkc0g
QT7nVu3n00U,https://www.youtube.com/watch?v=QT7nVu3n00U,Tixuz : Los Datos de La Industria,971.0,,videos,https://i.ytimg.com/vi/QT7nVu3n00U/hqdefault.jpg?sqp=-oaymwEcCNACELwBSFXyq4qpAw4IARUAAIhCGAFwAcABBg==&rs=AOn4CLAyZfd6OhsVNRwXeBvmruW2g8Lq5A
mCLL0TdraKg,https://www.youtube.com/watch?v=mCLL0TdraKg,Historia de MINI,1784.0,,videos,https://i.ytimg.com/vi/mCLL0TdraKg/hqdefault.jpg?sqp=-oaymwEcCNACELwBSFXyq4qpAw4IARUAAIhCGAFwAcABBg==&rs=AOn4CLCE1IqvHA1u1QtdfG3FaojkY-KfPA
tMg44vcqP8Y,https://www.youtube.com/watch?v=tMg44vcqP8Y,¿Me lo Compro o No me lo Compro? Toyota,3164.0,,videos,https://i.ytimg.com/vi/tMg44vcqP8Y/hqdefault.jpg?sqp=-oaymwEcCNACELwBSFXyq4qpAw4IARUAAIhCGAFwAcABBg==&rs=AOn4CLDEox7DwqZn846z-iNM23Rvgc3gRw
_CDDXOLO0Cs,https://www.youtube.com/watch?v=_CDDXOLO0Cs,Historia de Ferrari / Parte 2,1389.0,,videos,https://i.ytimg.com/vi/_CDDXOLO0Cs/hqdefault.jpg?sqp=-oaymwEcCNACELwBSFXyq4qpAw4IARUAAIhCGAFwAcABBg==&rs=AOn4CLCh0lNbGEjx_IQ8iobOAgqrc0FZZg
DQW7oJ0zZCM,https://www.youtube.com/watch?v=DQW7oJ0zZCM,mas contaminacion total nos vale el planeta.,941.0,,videos,https://i.ytimg.com/vi/DQW7oJ0zZCM/hqdefault.jpg?sqp=-oaymwEcCNACELwBSFXyq4qpAw4IARUAAIhCGAFwAcABBg==&rs=AOn4CLBR__BLeSdIO3_km8wp3rsTtHdJXg
_A6Nv0nGin8,https://www.youtube.com/watch?v=_A6Nv0nGin8,alianza renault nissan mitsubishi,1109.0,,videos,https://i.ytimg.com/vi/_A6Nv0nGin8/hqdefault.jpg?sqp=-oaymwEcCNACELwBSFXyq4qpAw4IARUAAIhCGAFwAcABBg==&rs=AOn4CLDlk5nxrw8oWhkpspVEjXHDNEktUA
uvYXRgt3hrc,https://www.youtube.com/watch?v=uvYXRgt3hrc,luis y lalo analizan la apertura automotriz,890.0,,videos,https://i.ytimg.com/vi/uvYXRgt3hrc/hqdefault.jpg?sqp=-oaymwEcCNACELwBSFXyq4qpAw4IARUAAIhCGAFwAcABBg==&rs=AOn4CLBjNF8Ix_5XymlsFUhwCGBwL7YXdw
YqizgTQZ1UY,https://www.youtube.com/watch?v=YqizgTQZ1UY,Historia de Ferrari / Parte 1,1629.0,,videos,https://i.ytimg.com/vi/YqizgTQZ1UY/hqdefault.jpg?sqp=-oaymwEcCNACELwBSFXyq4qpAw4IARUAAIhCGAFwAcABBg==&rs=AOn4CLB1CrPnwxQ_hDT_-hCJ8nBJ_iX12Q
xQtlnvdVbuo,https://www.youtube.com/watch?v=xQtlnvdVbuo,sergio y lalo analizan la situacion de la industria automotriz,1714.0,,videos,https://i.ytimg.com/vi/xQtlnvdVbuo/hqdefault.jpg?sqp=-oaymwEcCNACELwBSFXyq4qpAw4IARUAAIhCGAFwAcABBg==&rs=AOn4CLBQtCD_txUgpQy1MDkWBNkpPHd3vw
6KbFbAAE5zc,https://www.youtube.com/watch?v=6KbFbAAE5zc,Como van las marcas!,1082.0,,videos,https://i.ytimg.com/vi/6KbFbAAE5zc/hqdefault.jpg?sqp=-oaymwEcCNACELwBSFXyq4qpAw4IARUAAIhCGAFwAcABBg==&rs=AOn4CLAYqqPRHqSrNSi4wlo2p0XI-RmiLQ
AF4lcvD-cyg,https://www.youtube.com/watch?v=AF4lcvD-cyg,Hoy inicia,55.0,,videos,https://i.ytimg.com/vi/AF4lcvD-cyg/hqdefault.jpg?sqp=-oaymwEcCNACELwBSFXyq4qpAw4IARUAAIhCGAFwAcABBg==&rs=AOn4CLDd8l4DYdo7AMGGlOyfNjuF02O27A
FeCMleP7fSk,https://www.youtube.com/watch?v=FeCMleP7fSk,Las Perdidas de la Industria Automotriz,873.0,,videos,https://i.ytimg.com/vi/FeCMleP7fSk/hqdefault.jpg?sqp=-oaymwEcCNACELwBSFXyq4qpAw4IARUAAIhCGAFwAcABBg==&rs=AOn4CLAkMVK422HcWa1qPQvkpdgqVkcH-g
88CNdxL6Q0s,https://www.youtube.com/watch?v=88CNdxL6Q0s,¿Me lo Compro o No me lo Compro? Suzuki,947.0,,videos,https://i.ytimg.com/vi/88CNdxL6Q0s/hqdefault.jpg?sqp=-oaymwEcCNACELwBSFXyq4qpAw4IARUAAIhCGAFwAcABBg==&rs=AOn4CLCs4ZhtETvIUeQo95ppOs9mlM2mXA
yukKZ4XjFJM,https://www.youtube.com/watch?v=yukKZ4XjFJM,¿Como están siendo afectadas las Agencias?,844.0,,videos,https://i.ytimg.com/vi/yukKZ4XjFJM/hqdefault.jpg?sqp=-oaymwEcCNACELwBSFXyq4qpAw4IARUAAIhCGAFwAcABBg==&rs=AOn4CLD70xLnGHXdp-8xmsPCRfpWcbS0iQ
dLcv2pKC94g,https://www.youtube.com/watch?v=dLcv2pKC94g,¿Me lo Compro o No me lo Compro? Tesla,743.0,,videos,https://i.ytimg.com/vi/dLcv2pKC94g/hqdefault.jpg?sqp=-oaymwEcCNACELwBSFXyq4qpAw4IARUAAIhCGAFwAcABBg==&rs=AOn4CLBlzjcOtF-mTGwKK6D2CkWpc4pU7A
SpBQfA9x_Us,https://www.youtube.com/watch?v=SpBQfA9x_Us,¿Es Buen Momento Para Comprar Auto?,1252.0,,videos,https://i.ytimg.com/vi/SpBQfA9x_Us/hqdefault.jpg?sqp=-oaymwEcCNACELwBSFXyq4qpAw4IARUAAIhCGAFwAcABBg==&rs=AOn4CLBxanTn_4TN4fyWvmQL1gUG-STx_g
72rBLVVIUUs,https://www.youtube.com/watch?v=72rBLVVIUUs,Tixuz Con Daniel Ibarra DILO / PARTE 1,1705.0,,videos,https://i.ytimg.com/vi/72rBLVVIUUs/hqdefault.jpg?sqp=-oaymwEcCNACELwBSFXyq4qpAw4IARUAAIhCGAFwAcABBg==&rs=AOn4CLDrd8u1XTuqua8bSR1dL7q6jEx_hw
DCOHK4_J3CM,https://www.youtube.com/watch?v=DCOHK4_J3CM,Tuneros Vs Modificadores,918.0,,videos,https://i.ytimg.com/vi/DCOHK4_J3CM/hqdefault.jpg?sqp=-oaymwEcCNACELwBSFXyq4qpAw4IARUAAIhCGAFwAcABBg==&rs=AOn4CLDoxk8Le4LrT-N9n61APP3_KMjpkw
tGSXuMQiUkY,https://www.youtube.com/watch?v=tGSXuMQiUkY,Historia de Lamborghini / Parte 2,1077.0,,videos,https://i.ytimg.com/vi/tGSXuMQiUkY/hqdefault.jpg?sqp=-oaymwEcCNACELwBSFXyq4qpAw4IARUAAIhCGAFwAcABBg==&rs=AOn4CLCJ89MghQQzE4476vcoVzsWRxaV-Q
m8qaQ85NFoQ,https://www.youtube.com/watch?v=m8qaQ85NFoQ,Coronavirus vs Industria Automotriz,1351.0,,videos,https://i.ytimg.com/vi/m8qaQ85NFoQ/hqdefault.jpg?sqp=-oaymwEcCNACELwBSFXyq4qpAw4IARUAAIhCGAFwAcABBg==&rs=AOn4CLDOADqnVWQaRSXuwDoZjvyj4pLFeg
kWIKgoRXUZY,https://www.youtube.com/watch?v=kWIKgoRXUZY,Historia de Lamborghini,1448.0,,videos,https://i.ytimg.com/vi/kWIKgoRXUZY/hqdefault.jpg?sqp=-oaymwEcCNACELwBSFXyq4qpAw4IARUAAIhCGAFwAcABBg==&rs=AOn4CLDyWObMStABgo8BiUX-c9JzZPVE8Q
B5Df5GtFnf4,https://www.youtube.com/watch?v=B5Df5GtFnf4,El Auto Ideal,1207.0,,videos,https://i.ytimg.com/vi/B5Df5GtFnf4/hqdefault.jpg?sqp=-oaymwEcCNACELwBSFXyq4qpAw4IARUAAIhCGAFwAcABBg==&rs=AOn4CLCvIBUPXFI9XhrxL_vLBFWqYFZqUQ
Y2sA9Jwk-68,https://www.youtube.com/watch?v=Y2sA9Jwk-68,Las Marcas e Inversiones,1355.0,,videos,https://i.ytimg.com/vi/Y2sA9Jwk-68/hqdefault.jpg?sqp=-oaymwEcCNACELwBSFXyq4qpAw4IARUAAIhCGAFwAcABBg==&rs=AOn4CLA_ldOET3Uc8zud6DmL9ag_0XazoA
eIu9Y4xkslk,https://www.youtube.com/watch?v=eIu9Y4xkslk,Hay que Medir la Gasolina?,709.0,,videos,https://i.ytimg.com/vi/eIu9Y4xkslk/hqdefault.jpg?sqp=-oaymwEcCNACELwBSFXyq4qpAw4IARUAAIhCGAFwAcABBg==&rs=AOn4CLDu1DHmIS1NRiLb407gOKp9z10Hmg
Z-yRq-cMsGE,https://www.youtube.com/watch?v=Z-yRq-cMsGE,Toyota Supra 2020,1318.0,,videos,https://i.ytimg.com/vi/Z-yRq-cMsGE/hqdefault.jpg?sqp=-oaymwEcCNACELwBSFXyq4qpAw4IARUAAIhCGAFwAcABBg==&rs=AOn4CLBFBDCYU0yjKzoJ3Mj7Pc4bsyfSXA
hXTHfkKqGXo,https://www.youtube.com/watch?v=hXTHfkKqGXo,Los Autos mas Vendidos del 2019,1244.0,,videos,https://i.ytimg.com/vi/hXTHfkKqGXo/hqdefault.jpg?sqp=-oaymwEcCNACELwBSFXyq4qpAw4IARUAAIhCGAFwAcABBg==&rs=AOn4CLBEYVH3vpy9hH0xTR3PLURgla_5Ww
TH1im6MUW5w,https://www.youtube.com/watch?v=TH1im6MUW5w,Que Significan las Franjas en los Autos?,1531.0,,videos,https://i.ytimg.com/vi/TH1im6MUW5w/hqdefault.jpg?sqp=-oaymwEcCNACELwBSFXyq4qpAw4IARUAAIhCGAFwAcABBg==&rs=AOn4CLASxm3TGHZgz4ahe_Y9kL2jJsUojA
mw5vN2txKfY,https://www.youtube.com/watch?v=mw5vN2txKfY,Tixuz Review : Ford Vs Ferrari,1683.0,,videos,https://i.ytimg.com/vi/mw5vN2txKfY/hqdefault.jpg?sqp=-oaymwEcCNACELwBSFXyq4qpAw4IARUAAIhCGAFwAcABBg==&rs=AOn4CLABR79mTnEsMwOUDKSR9UGdYwwazw
MqgeoTQumb4,https://www.youtube.com/watch?v=MqgeoTQumb4,¿Me lo Compro o No me lo Compro? SEAT,1050.0,,videos,https://i.ytimg.com/vi/MqgeoTQumb4/hqdefault.jpg?sqp=-oaymwEcCNACELwBSFXyq4qpAw4IARUAAIhCGAFwAcABBg==&rs=AOn4CLD0ncaINFw2EpR48ghHz3mr0lhRww
GKZ4RwvXvmE,https://www.youtube.com/watch?v=GKZ4RwvXvmE,Porque tanta Pasión por los Autos?,1243.0,,videos,https://i.ytimg.com/vi/GKZ4RwvXvmE/hqdefault.jpg?sqp=-oaymwEcCNACELwBSFXyq4qpAw4IARUAAIhCGAFwAcABBg==&rs=AOn4CLCzuxR3Y3nu_6a1D6gi1W6syuK5xQ
I-dJm61-j4U,https://www.youtube.com/watch?v=I-dJm61-j4U,Los Autos Presidenciales,1256.0,,videos,https://i.ytimg.com/vi/I-dJm61-j4U/hqdefault.jpg?sqp=-oaymwEcCNACELwBSFXyq4qpAw4IARUAAIhCGAFwAcABBg==&rs=AOn4CLDBCCHTQXV2tbn14KV63hiuQp9KdA
DGPn_Q_GWhA,https://www.youtube.com/watch?v=DGPn_Q_GWhA,5 Tips al Comprar un Auto en Agencia,1267.0,,videos,https://i.ytimg.com/vi/DGPn_Q_GWhA/hqdefault.jpg?sqp=-oaymwEcCNACELwBSFXyq4qpAw4IARUAAIhCGAFwAcABBg==&rs=AOn4CLD7VXPbh5ZSuVvsEBfd8XtOYTOk9w
fpjgjjPQGPY,https://www.youtube.com/watch?v=fpjgjjPQGPY,Los Arrancones de GDL,1321.0,,videos,https://i.ytimg.com/vi/fpjgjjPQGPY/hqdefault.jpg?sqp=-oaymwEcCNACELwBSFXyq4qpAw4IARUAAIhCGAFwAcABBg==&rs=AOn4CLAKhughM0ntb3wPHzuswiv2mKEYdg
3Dvn4m4Twd8,https://www.youtube.com/watch?v=3Dvn4m4Twd8,Que paso con los Diseñadores de Autos?,1259.0,,videos,https://i.ytimg.com/vi/3Dvn4m4Twd8/hqdefault.jpg?sqp=-oaymwEcCNACELwBSFXyq4qpAw4IARUAAIhCGAFwAcABBg==&rs=AOn4CLDNk_3sOe71y9qYO07DGqkMkxBRqQ
8QvI6rM0ex8,https://www.youtube.com/watch?v=8QvI6rM0ex8,¿Me lo Compro o No me lo Compro? Subaru,749.0,,videos,https://i.ytimg.com/vi/8QvI6rM0ex8/hqdefault.jpg?sqp=-oaymwEcCNACELwBSFXyq4qpAw4IARUAAIhCGAFwAcABBg==&rs=AOn4CLBjMcHJZzNo2hZ2TyHu4uNcRAA67g
Qu8dG9cdo60,https://www.youtube.com/watch?v=Qu8dG9cdo60,Como les fue las Marcas en 2019?,1569.0,,videos,https://i.ytimg.com/vi/Qu8dG9cdo60/hqdefault.jpg?sqp=-oaymwEcCNACELwBSFXyq4qpAw4IARUAAIhCGAFwAcABBg==&rs=AOn4CLC9OueIAEm5k73TWAWfdzMY0CeXDw
XRh44ex05uI,https://www.youtube.com/watch?v=XRh44ex05uI,Vale la Pena un Auto Eléctrico Chino?,1143.0,,videos,https://i.ytimg.com/vi/XRh44ex05uI/hqdefault.jpg?sqp=-oaymwEcCNACELwBSFXyq4qpAw4IARUAAIhCGAFwAcABBg==&rs=AOn4CLBHuXlwkj4zDwzBbJ_r4p7NNASbxA
bIuyN7lJVIw,https://www.youtube.com/watch?v=bIuyN7lJVIw,Autos y Culturas,1363.0,,videos,https://i.ytimg.com/vi/bIuyN7lJVIw/hqdefault.jpg?sqp=-oaymwEcCNACELwBSFXyq4qpAw4IARUAAIhCGAFwAcABBg==&rs=AOn4CLCFaSsJp1-Bwod0QA4JhRH9vKehzg
C_yidHh5OeQ,https://www.youtube.com/watch?v=C_yidHh5OeQ,Los Autos Chocolate,1039.0,,videos,https://i.ytimg.com/vi/C_yidHh5OeQ/hqdefault.jpg?sqp=-oaymwEcCNACELwBSFXyq4qpAw4IARUAAIhCGAFwAcABBg==&rs=AOn4CLBPgIwQ4VX99pVXYBUXWP9RoZWu5w
56lVDEWYONY,https://www.youtube.com/watch?v=56lVDEWYONY,Carlos Ghosn Se Fuga de Japon!,1052.0,,videos,https://i.ytimg.com/vi/56lVDEWYONY/hqdefault.jpg?sqp=-oaymwEcCNACELwBSFXyq4qpAw4IARUAAIhCGAFwAcABBg==&rs=AOn4CLBpbQ681UcL5VB-eCr3qV-PXzRw2Q
RJYmcd3qEOg,https://www.youtube.com/watch?v=RJYmcd3qEOg,Lo Mejor del 2019 / ¿Por qué no comprar un auto Premium usado?,1340.0,,videos,https://i.ytimg.com/vi/RJYmcd3qEOg/hqdefault.jpg?sqp=-oaymwEcCNACELwBSFXyq4qpAw4IARUAAIhCGAFwAcABBg==&rs=AOn4CLBN9S8tfY1HPZeTjub4j68Xxl7XgQ
k8UTUYUrRGo,https://www.youtube.com/watch?v=k8UTUYUrRGo,Lo Mejor del 2019 / Autos que dejaron huella,1210.0,,videos,https://i.ytimg.com/vi/k8UTUYUrRGo/hqdefault.jpg?sqp=-oaymwEcCNACELwBSFXyq4qpAw4IARUAAIhCGAFwAcABBg==&rs=AOn4CLBITywfcDMukg7kUAbmRA747CJONw
-aa2Wkn0Ses,https://www.youtube.com/watch?v=-aa2Wkn0Ses,Lo Mejor del 2019 / Los que más llegan a los talleres. Los más Defectuosos,1041.0,,videos,https://i.ytimg.com/vi/-aa2Wkn0Ses/hqdefault.jpg?sqp=-oaymwEcCNACELwBSFXyq4qpAw4IARUAAIhCGAFwAcABBg==&rs=AOn4CLAcuG8efY6ApWUw4zNND1_cEjE8qA
ZDeCCSBrIes,https://www.youtube.com/watch?v=ZDeCCSBrIes,Lo Mejor del 2019 / Debes comprar un Premium!,1420.0,,videos,https://i.ytimg.com/vi/ZDeCCSBrIes/hqdefault.jpg?sqp=-oaymwEcCNACELwBSFXyq4qpAw4IARUAAIhCGAFwAcABBg==&rs=AOn4CLAomTLvFWEvG_s-oNjEoO_xgUQjEg
FtGcmlQjETA,https://www.youtube.com/watch?v=FtGcmlQjETA,Tixuz En El Autoworld de Bélgica!,411.0,,videos,https://i.ytimg.com/vi/FtGcmlQjETA/hqdefault.jpg?sqp=-oaymwEcCNACELwBSFXyq4qpAw4IARUAAIhCGAFwAcABBg==&rs=AOn4CLBl15TvZbkpGz4dXd-faQiSazApPg
ZJ7-JmL6adU,https://www.youtube.com/watch?v=ZJ7-JmL6adU,Lo Mejor del 2019/ ¿Cuáles son lo mejores autos usados para comprar?,1468.0,,videos,https://i.ytimg.com/vi/ZJ7-JmL6adU/hqdefault.jpg?sqp=-oaymwEcCNACELwBSFXyq4qpAw4IARUAAIhCGAFwAcABBg==&rs=AOn4CLCqGxpfKUNNJm2WUYHygfhzdHDiKQ
dP7DeI3VHx4,https://www.youtube.com/watch?v=dP7DeI3VHx4,Lo Mejor del 2019 / Los Hijos Menos queridos de las Marcas,706.0,,videos,https://i.ytimg.com/vi/dP7DeI3VHx4/hqdefault.jpg?sqp=-oaymwEcCNACELwBSFXyq4qpAw4IARUAAIhCGAFwAcABBg==&rs=AOn4CLBX1IpWQowX1KGgUmTCiCrIFi-83g
29Z-FrLHo20,https://www.youtube.com/watch?v=29Z-FrLHo20,La Fusión de FCA y PSA,1252.0,,videos,https://i.ytimg.com/vi/29Z-FrLHo20/hqdefault.jpg?sqp=-oaymwEcCNACELwBSFXyq4qpAw4IARUAAIhCGAFwAcABBg==&rs=AOn4CLDyiiV5eHVhNEq4pw_Ru61QdAlveA
LEPvYS3KkpQ,https://www.youtube.com/watch?v=LEPvYS3KkpQ,Como Identificar un Auto Demo?,1444.0,,videos,https://i.ytimg.com/vi/LEPvYS3KkpQ/hqdefault.jpg?sqp=-oaymwEcCNACELwBSFXyq4qpAw4IARUAAIhCGAFwAcABBg==&rs=AOn4CLD7J0qMoOX1nkTGTnxn2GxtA777rw
Esv_H_JIAzM,https://www.youtube.com/watch?v=Esv_H_JIAzM,Historia del Camaro!,1534.0,,videos,https://i.ytimg.com/vi/Esv_H_JIAzM/hqdefault.jpg?sqp=-oaymwEcCNACELwBSFXyq4qpAw4IARUAAIhCGAFwAcABBg==&rs=AOn4CLDtiqy2jCfE4KEdyjzRagH6bRUtqg
_FpEX9AmViI,https://www.youtube.com/watch?v=_FpEX9AmViI,Los Electricos del Autoshow L.A!,1670.0,,videos,https://i.ytimg.com/vi/_FpEX9AmViI/hqdefault.jpg?sqp=-oaymwEcCNACELwBSFXyq4qpAw4IARUAAIhCGAFwAcABBg==&rs=AOn4CLAbeIBYWaUiv1EBKvhjZX6x8oKTSw
F7BHrsFHJzI,https://www.youtube.com/watch?v=F7BHrsFHJzI,Lo Mejor del L.A Autoshow 2019!,1293.0,,videos,https://i.ytimg.com/vi/F7BHrsFHJzI/hqdefault.jpg?sqp=-oaymwEcCNACELwBSFXyq4qpAw4IARUAAIhCGAFwAcABBg==&rs=AOn4CLBhBAyzMiHmMtO4n4D5zi2RCi9nYA
BtSqqAjLFmA,https://www.youtube.com/watch?v=BtSqqAjLFmA,La Demanda de General Motors,658.0,,videos,https://i.ytimg.com/vi/BtSqqAjLFmA/hqdefault.jpg?sqp=-oaymwEcCNACELwBSFXyq4qpAw4IARUAAIhCGAFwAcABBg==&rs=AOn4CLBSsTvrczA17qked0xkVRIsATRrXA
ozWvULimvzk,https://www.youtube.com/watch?v=ozWvULimvzk,Aclarando sobre la Cybertruck,1322.0,,videos,https://i.ytimg.com/vi/ozWvULimvzk/hqdefault.jpg?sqp=-oaymwEcCNACELwBSFXyq4qpAw4IARUAAIhCGAFwAcABBg==&rs=AOn4CLDyZLyTfbZGGtlmM7Kca0YZCQOCLg
tMxpf4VScWU,https://www.youtube.com/watch?v=tMxpf4VScWU,La Cybertruck de Tesla / Chingona o Basura?,1020.0,,videos,https://i.ytimg.com/vi/tMxpf4VScWU/hqdefault.jpg?sqp=-oaymwEcCNACELwBSFXyq4qpAw4IARUAAIhCGAFwAcABBg==&rs=AOn4CLDJL_ZZCSeww5EeRT0iTTdyB3YGIQ
4wvOPZi57Hg,https://www.youtube.com/watch?v=4wvOPZi57Hg,Como Elegir el Tamaño de Llanta?,1681.0,,videos,https://i.ytimg.com/vi/4wvOPZi57Hg/hqdefault.jpg?sqp=-oaymwEcCNACELwBSFXyq4qpAw4IARUAAIhCGAFwAcABBg==&rs=AOn4CLB-v9Ecp7RQDaUvLhG_v9anwuFZCQ
BMmS0Pe5GDM,https://www.youtube.com/watch?v=BMmS0Pe5GDM,Hablando del Yaris R,971.0,,videos,https://i.ytimg.com/vi/BMmS0Pe5GDM/hqdefault.jpg?sqp=-oaymwEcCNACELwBSFXyq4qpAw4IARUAAIhCGAFwAcABBg==&rs=AOn4CLAWsvNG9iAL7chYfslQLhGnE28fEQ
bI6e_GTvBXs,https://www.youtube.com/watch?v=bI6e_GTvBXs,La Historia Chrysler / Parte Final,1220.0,,videos,https://i.ytimg.com/vi/bI6e_GTvBXs/hqdefault.jpg?sqp=-oaymwEcCNACELwBSFXyq4qpAw4IARUAAIhCGAFwAcABBg==&rs=AOn4CLDJeyW-GI-bbc6f3aOpfAmiGo_pgQ
RuWADg5dW0k,https://www.youtube.com/watch?v=RuWADg5dW0k,La Importancia de Asegurar,1229.0,,videos,https://i.ytimg.com/vi/RuWADg5dW0k/hqdefault.jpg?sqp=-oaymwEcCNACELwBSFXyq4qpAw4IARUAAIhCGAFwAcABBg==&rs=AOn4CLD3HbsdBCTu_xx-TT6Zjr_HBW-ZMQ
PqF2yfi_WW8,https://www.youtube.com/watch?v=PqF2yfi_WW8,Mas Información del Crédito Automotriz,1281.0,,videos,https://i.ytimg.com/vi/PqF2yfi_WW8/hqdefault.jpg?sqp=-oaymwEcCNACELwBSFXyq4qpAw4IARUAAIhCGAFwAcABBg==&rs=AOn4CLB4-HbgZ6xRJVu7gj24fqsnBTEcOA
o-BsCHb0gf0,https://www.youtube.com/watch?v=o-BsCHb0gf0,Conviene Mas Arrendamientos o Crédito?,1579.0,,videos,https://i.ytimg.com/vi/o-BsCHb0gf0/hqdefault.jpg?sqp=-oaymwEcCNACELwBSFXyq4qpAw4IARUAAIhCGAFwAcABBg==&rs=AOn4CLBmVLxYXjA4dcBA5c1yldvP7MncoQ
Dn5FtnP4Xiw,https://www.youtube.com/watch?v=Dn5FtnP4Xiw,El Auto Mas Seguro de México? Versa 2020,1267.0,,videos,https://i.ytimg.com/vi/Dn5FtnP4Xiw/hqdefault.jpg?sqp=-oaymwEcCNACELwBSFXyq4qpAw4IARUAAIhCGAFwAcABBg==&rs=AOn4CLAV_7XXY_cDX-2pbbacDjiUXz-dUw
ehQdDnAC7qI,https://www.youtube.com/watch?v=ehQdDnAC7qI,Kei Cars en Mexico?,1444.0,,videos,https://i.ytimg.com/vi/ehQdDnAC7qI/hqdefault.jpg?sqp=-oaymwEcCNACELwBSFXyq4qpAw4IARUAAIhCGAFwAcABBg==&rs=AOn4CLCISh5uDhWY3Gvl3w4bLt5XEjbLFg
z1c-idGBprQ,https://www.youtube.com/watch?v=z1c-idGBprQ,Como una Mujer elige su Auto?,1104.0,,videos,https://i.ytimg.com/vi/z1c-idGBprQ/hqdefault.jpg?sqp=-oaymwEcCNACELwBSFXyq4qpAw4IARUAAIhCGAFwAcABBg==&rs=AOn4CLCAf-lwP6o-TmmtIiXaIU5NOZKhXw
QtJkehCaAgE,https://www.youtube.com/watch?v=QtJkehCaAgE,Formula 1 En México! 2019,1059.0,,videos,https://i.ytimg.com/vi/QtJkehCaAgE/hqdefault.jpg?sqp=-oaymwEcCNACELwBSFXyq4qpAw4IARUAAIhCGAFwAcABBg==&rs=AOn4CLBmU4VkKsFt8bxetyJjD3ge2ArMUQ
ralOgINYdwM,https://www.youtube.com/watch?v=ralOgINYdwM,¿Me lo Compro o No me lo Compro? Renault,1387.0,,videos,https://i.ytimg.com/vi/ralOgINYdwM/hqdefault.jpg?sqp=-oaymwEcCNACELwBSFXyq4qpAw4IARUAAIhCGAFwAcABBg==&rs=AOn4CLBm2OfvYJAx0XTrPHkS9J9I-3xjvw
7-eReoDafAQ,https://www.youtube.com/watch?v=7-eReoDafAQ,Samira Rached en Tixuz!,1157.0,,videos,https://i.ytimg.com/vi/7-eReoDafAQ/hqdefault.jpg?sqp=-oaymwEcCNACELwBSFXyq4qpAw4IARUAAIhCGAFwAcABBg==&rs=AOn4CLC9239g6ut_Jqn_bLD8gRh6zzhdNg
1ITYGbByFkk,https://www.youtube.com/watch?v=1ITYGbByFkk,Historia de Ford / Parte Final,1343.0,,videos,https://i.ytimg.com/vi/1ITYGbByFkk/hqdefault.jpg?sqp=-oaymwEcCNACELwBSFXyq4qpAw4IARUAAIhCGAFwAcABBg==&rs=AOn4CLAWev2Cetsff7dTc1Psy58ddW80yA
Uo1SXUBLCgo,https://www.youtube.com/watch?v=Uo1SXUBLCgo,Historia de Ford / Parte # 2,2146.0,,videos,https://i.ytimg.com/vi/Uo1SXUBLCgo/hqdefault.jpg?sqp=-oaymwEcCNACELwBSFXyq4qpAw4IARUAAIhCGAFwAcABBg==&rs=AOn4CLAAiyYCuH7bzVIdnyJh9THrJt8AHA
J5Q8WdZSLAQ,https://www.youtube.com/watch?v=J5Q8WdZSLAQ,Historia de Ford / Parte #1,1576.0,,videos,https://i.ytimg.com/vi/J5Q8WdZSLAQ/hqdefault.jpg?sqp=-oaymwEcCNACELwBSFXyq4qpAw4IARUAAIhCGAFwAcABBg==&rs=AOn4CLBh7zjDRiokp8nxSqSBIyeh1UUbcw
vnkEsw0unKQ,https://www.youtube.com/watch?v=vnkEsw0unKQ,La Verdad de la Depreciación,1365.0,,videos,https://i.ytimg.com/vi/vnkEsw0unKQ/hqdefault.jpg?sqp=-oaymwEcCNACELwBSFXyq4qpAw4IARUAAIhCGAFwAcABBg==&rs=AOn4CLBbV9S9BAy2V9XYUOQKo_qkS405eg
En65plGjew4,https://www.youtube.com/watch?v=En65plGjew4,Los Peligros de las Nuevas Tecnologias,1146.0,,videos,https://i.ytimg.com/vi/En65plGjew4/hqdefault.jpg?sqp=-oaymwEcCNACELwBSFXyq4qpAw4IARUAAIhCGAFwAcABBg==&rs=AOn4CLBD5oaBlJEV7-0fYYjS4ydMJDZZfQ
fShVnmKAlfc,https://www.youtube.com/watch?v=fShVnmKAlfc,Corrupción Automotriz,857.0,,videos,https://i.ytimg.com/vi/fShVnmKAlfc/hqdefault.jpg?sqp=-oaymwEcCNACELwBSFXyq4qpAw4IARUAAIhCGAFwAcABBg==&rs=AOn4CLB1ekn2gEr7G2iFwaQuQ7yu63lr3w
RsV0Ga1Ai1c,https://www.youtube.com/watch?v=RsV0Ga1Ai1c,¿Me lo Compro o No me lo Compro? SEAT,1117.0,,videos,https://i.ytimg.com/vi/RsV0Ga1Ai1c/hqdefault.jpg?sqp=-oaymwEcCNACELwBSFXyq4qpAw4IARUAAIhCGAFwAcABBg==&rs=AOn4CLDTt5fv8Cb6evYE2rqRFcyEAhVUeA
PTSsPkd6rsI,https://www.youtube.com/watch?v=PTSsPkd6rsI,La Huelga en General Motors,830.0,,videos,https://i.ytimg.com/vi/PTSsPkd6rsI/hqdefault.jpg?sqp=-oaymwEcCNACELwBSFXyq4qpAw4IARUAAIhCGAFwAcABBg==&rs=AOn4CLACCVdPGd1OFg-sB_eG14IvMFgk6w
N2yCcjbqsMQ,https://www.youtube.com/watch?v=N2yCcjbqsMQ,La Verdad de los Electricos,905.0,,videos,https://i.ytimg.com/vi/N2yCcjbqsMQ/hqdefault.jpg?sqp=-oaymwEcCNACELwBSFXyq4qpAw4IARUAAIhCGAFwAcABBg==&rs=AOn4CLDXqy82_orWMfBIQNgD5gnnooaPYQ
91goBMdURhw,https://www.youtube.com/watch?v=91goBMdURhw,Historia de Chevrolet / Parte # 1,1246.0,,videos,https://i.ytimg.com/vi/91goBMdURhw/hqdefault.jpg?sqp=-oaymwEcCNACELwBSFXyq4qpAw4IARUAAIhCGAFwAcABBg==&rs=AOn4CLCj4REQGRyy6lpovt6aLlwcl4NDrw
lF_uCRB4uzw,https://www.youtube.com/watch?v=lF_uCRB4uzw,Cosas que nunca cambian de los Autos Parte #2,1252.0,,videos,https://i.ytimg.com/vi/lF_uCRB4uzw/hqdefault.jpg?sqp=-oaymwEcCNACELwBSFXyq4qpAw4IARUAAIhCGAFwAcABBg==&rs=AOn4CLBcU5pg6otn2XJ9M1_petYgxqO0zw
5nYleBSpOvs,https://www.youtube.com/watch?v=5nYleBSpOvs,El Mejor Auto para Millenials?,1193.0,,videos,https://i.ytimg.com/vi/5nYleBSpOvs/hqdefault.jpg?sqp=-oaymwEcCNACELwBSFXyq4qpAw4IARUAAIhCGAFwAcABBg==&rs=AOn4CLDZm5eNm0-DHrsgmQUg_vpVmt1Gow
v9o3JGyw4EQ,https://www.youtube.com/watch?v=v9o3JGyw4EQ,Mitos de las Modificaciones,1710.0,,videos,https://i.ytimg.com/vi/v9o3JGyw4EQ/hqdefault.jpg?sqp=-oaymwEcCNACELwBSFXyq4qpAw4IARUAAIhCGAFwAcABBg==&rs=AOn4CLDuvrJm-HY4eYz_Md5vgMYdVJK_Wg
UG-ZeoqL7e0,https://www.youtube.com/watch?v=UG-ZeoqL7e0,Historia del Mercury Cougar,1674.0,,videos,https://i.ytimg.com/vi/UG-ZeoqL7e0/hqdefault.jpg?sqp=-oaymwEcCNACELwBSFXyq4qpAw4IARUAAIhCGAFwAcABBg==&rs=AOn4CLBcLBVG-nnJ47NJPsy40YJKWydErw
dQpgR2isaPI,https://www.youtube.com/watch?v=dQpgR2isaPI,La Historia Chrysler / Parte #1,1117.0,,videos,https://i.ytimg.com/vi/dQpgR2isaPI/hqdefault.jpg?sqp=-oaymwEcCNACELwBSFXyq4qpAw4IARUAAIhCGAFwAcABBg==&rs=AOn4CLA7IGgWFTc9aD0xipraLMtPUOHGsg
xsd8w7Vk05Y,https://www.youtube.com/watch?v=xsd8w7Vk05Y,Cosas que no cambian de los Autos,1482.0,,videos,https://i.ytimg.com/vi/xsd8w7Vk05Y/hqdefault.jpg?sqp=-oaymwEcCNACELwBSFXyq4qpAw4IARUAAIhCGAFwAcABBg==&rs=AOn4CLBdQEE9yCEwb65XNPhWvTbPVHVexg
vek_ABOUfxQ,https://www.youtube.com/watch?v=vek_ABOUfxQ,La Evolución del Auto de la Mujer,1748.0,,videos,https://i.ytimg.com/vi/vek_ABOUfxQ/hqdefault.jpg?sqp=-oaymwEcCNACELwBSFXyq4qpAw4IARUAAIhCGAFwAcABBg==&rs=AOn4CLASOw4zhi37AQNNRVmgGGru6n5JwA
90tTYq1jZ9c,https://www.youtube.com/watch?v=90tTYq1jZ9c,Las Mujeres del Mundo Automotriz,1469.0,,videos,https://i.ytimg.com/vi/90tTYq1jZ9c/hqdefault.jpg?sqp=-oaymwEcCNACELwBSFXyq4qpAw4IARUAAIhCGAFwAcABBg==&rs=AOn4CLD1REHkFCklXMCXV2KXlCzKInwMaw
Hvrv-B37NF8,https://www.youtube.com/watch?v=Hvrv-B37NF8,FInlandia tiene un volvo en la cabeza,283.0,,videos,https://i.ytimg.com/vi/Hvrv-B37NF8/hqdefault.jpg?sqp=-oaymwEcCNACELwBSFXyq4qpAw4IARUAAIhCGAFwAcABBg==&rs=AOn4CLDjbCt3b6M1_W0l6Y1L2_WjiQG0FQ
yW04bKnuCRI,https://www.youtube.com/watch?v=yW04bKnuCRI,Rusia tiene mas marcas de autos que Mexico,275.0,,videos,https://i.ytimg.com/vi/yW04bKnuCRI/hqdefault.jpg?sqp=-oaymwEcCNACELwBSFXyq4qpAw4IARUAAIhCGAFwAcABBg==&rs=AOn4CLDSEDYKd0wWsDbCJrQXmZQ-Rgv_5A
CkCRif_pB4k,https://www.youtube.com/watch?v=CkCRif_pB4k,No hay electricos en Dinamarca,281.0,,videos,https://i.ytimg.com/vi/CkCRif_pB4k/hqdefault.jpg?sqp=-oaymwEcCNACELwBSFXyq4qpAw4IARUAAIhCGAFwAcABBg==&rs=AOn4CLCxbT3qgHI19O9qphbC1Xfqz7X9pQ
7erRS-2_VGg,https://www.youtube.com/watch?v=7erRS-2_VGg,Historia del Ford Thunderbird,1299.0,,videos,https://i.ytimg.com/vi/7erRS-2_VGg/hqdefault.jpg?sqp=-oaymwEcCNACELwBSFXyq4qpAw4IARUAAIhCGAFwAcABBg==&rs=AOn4CLDvgCQRL3pF3PW_Vca32-12r9K-Ew
-AENSu_hRmk,https://www.youtube.com/watch?v=-AENSu_hRmk,Que Crédito Automotriz es Mejor?,1569.0,,videos,https://i.ytimg.com/vi/-AENSu_hRmk/hqdefault.jpg?sqp=-oaymwEcCNACELwBSFXyq4qpAw4IARUAAIhCGAFwAcABBg==&rs=AOn4CLA-8nl18AB1CRa_zcSssbx8oyP7lg
ZuB_noEc9as,https://www.youtube.com/watch?v=ZuB_noEc9as,J.D. Power Tiene otra Informacion,1148.0,,videos,https://i.ytimg.com/vi/ZuB_noEc9as/hqdefault.jpg?sqp=-oaymwEcCNACELwBSFXyq4qpAw4IARUAAIhCGAFwAcABBg==&rs=AOn4CLA3372GG3E2A-SrHJL3NvADGDThfA
jovSBn986aM,https://www.youtube.com/watch?v=jovSBn986aM,El Futuro Lejano de los Autos Electricos,1301.0,,videos,https://i.ytimg.com/vi/jovSBn986aM/hqdefault.jpg?sqp=-oaymwEcCNACELwBSFXyq4qpAw4IARUAAIhCGAFwAcABBg==&rs=AOn4CLCGwTJnuj8t43ngqq72vo9EuYbq0A
Dx-g5NBnDIo,https://www.youtube.com/watch?v=Dx-g5NBnDIo,El Problema de Las Ciclovías,980.0,,videos,https://i.ytimg.com/vi/Dx-g5NBnDIo/hqdefault.jpg?sqp=-oaymwEcCNACELwBSFXyq4qpAw4IARUAAIhCGAFwAcABBg==&rs=AOn4CLBIFlTnGw49O8Mhw8X_WLLivZ84rQ
sWPT4xm6B_w,https://www.youtube.com/watch?v=sWPT4xm6B_w,El Estudio de J.D. Power,987.0,,videos,https://i.ytimg.com/vi/sWPT4xm6B_w/hqdefault.jpg?sqp=-oaymwEcCNACELwBSFXyq4qpAw4IARUAAIhCGAFwAcABBg==&rs=AOn4CLAp9N65ujGgfksmc7FOhksLOlB5zw
opjezt4dYnk,https://www.youtube.com/watch?v=opjezt4dYnk,¿Porque no hay nuevas Marcas Premium?,820.0,,videos,https://i.ytimg.com/vi/opjezt4dYnk/hqdefault.jpg?sqp=-oaymwEcCNACELwBSFXyq4qpAw4IARUAAIhCGAFwAcABBg==&rs=AOn4CLBtqR51_kTI6IaugiYPwq2gn5UOFg
q0vP2pU3rrs,https://www.youtube.com/watch?v=q0vP2pU3rrs,Autocast Cultura Vial,1347.0,,videos,https://i.ytimg.com/vi/q0vP2pU3rrs/hqdefault.jpg?sqp=-oaymwEcCNACELwBSFXyq4qpAw4IARUAAIhCGAFwAcABBg==&rs=AOn4CLBD_-QzweR8jPudKT2aBZ0XDEOsyQ
TnEJ5CM9Vgk,https://www.youtube.com/watch?v=TnEJ5CM9Vgk,Historia de Jeep!,1051.0,,videos,https://i.ytimg.com/vi/TnEJ5CM9Vgk/hqdefault.jpg?sqp=-oaymwEcCNACELwBSFXyq4qpAw4IARUAAIhCGAFwAcABBg==&rs=AOn4CLBM8RbHro0BESpYfR9_WiJADH-TpQ
0sQpEdBX0Aw,https://www.youtube.com/watch?v=0sQpEdBX0Aw,El Mejor Auto de 300$ a 350$ Mil / Parte Final,1621.0,,videos,https://i.ytimg.com/vi/0sQpEdBX0Aw/hqdefault.jpg?sqp=-oaymwEcCNACELwBSFXyq4qpAw4IARUAAIhCGAFwAcABBg==&rs=AOn4CLCcxoCHHowsIr4aJR6PP4T693CvmQ
GHHHlfw0WhI,https://www.youtube.com/watch?v=GHHHlfw0WhI,El Mejor Auto de 300$ a 350$ Mil / Parte 3,1444.0,,videos,https://i.ytimg.com/vi/GHHHlfw0WhI/hqdefault.jpg?sqp=-oaymwEcCNACELwBSFXyq4qpAw4IARUAAIhCGAFwAcABBg==&rs=AOn4CLBfWGx4XmIlhH9uw1k7UbRg_EaiqQ
U_FTTW6ZcB4,https://www.youtube.com/watch?v=U_FTTW6ZcB4,El Mejor Auto de 300$ a 350$ Mil / Parte 2,1213.0,,videos,https://i.ytimg.com/vi/U_FTTW6ZcB4/hqdefault.jpg?sqp=-oaymwEcCNACELwBSFXyq4qpAw4IARUAAIhCGAFwAcABBg==&rs=AOn4CLD6Uw3zca_wVWSUmTJZ5XZTPHirNQ
oS6_9cmqq2U,https://www.youtube.com/watch?v=oS6_9cmqq2U,El Mejor Auto de 300$ a 350$ Mil / Parte 1,1444.0,,videos,https://i.ytimg.com/vi/oS6_9cmqq2U/hqdefault.jpg?sqp=-oaymwEcCNACELwBSFXyq4qpAw4IARUAAIhCGAFwAcABBg==&rs=AOn4CLATxMqe121yl33YKQzKHqRojLgxFg
lINHDw-tlTU,https://www.youtube.com/watch?v=lINHDw-tlTU,Hablemos del Choque en Guadalajara,1419.0,,videos,https://i.ytimg.com/vi/lINHDw-tlTU/hqdefault.jpg?sqp=-oaymwEcCNACELwBSFXyq4qpAw4IARUAAIhCGAFwAcABBg==&rs=AOn4CLDJhRIcnH8HY4Hj_cWHNuHXyrMeOg
3V7flEkZaFE,https://www.youtube.com/watch?v=3V7flEkZaFE,¿Me lo Compro o No me lo Compro? RAM,894.0,,videos,https://i.ytimg.com/vi/3V7flEkZaFE/hqdefault.jpg?sqp=-oaymwEcCNACELwBSFXyq4qpAw4IARUAAIhCGAFwAcABBg==&rs=AOn4CLAlHNWgPxxh13j9KuCrOiDz5G1lbQ
geiBrmC2ENI,https://www.youtube.com/watch?v=geiBrmC2ENI,Un Auto de Agua?,645.0,,videos,https://i.ytimg.com/vi/geiBrmC2ENI/hqdefault.jpg?sqp=-oaymwEcCNACELwBSFXyq4qpAw4IARUAAIhCGAFwAcABBg==&rs=AOn4CLBSqqvsY1vaGv1KPbxUAruaIsR2ag
bqd6UwqiQxQ,https://www.youtube.com/watch?v=bqd6UwqiQxQ,El Mejor Auto por 200 a 250 Mil $ / Parte # 3,1030.0,,videos,https://i.ytimg.com/vi/bqd6UwqiQxQ/hqdefault.jpg?sqp=-oaymwEcCNACELwBSFXyq4qpAw4IARUAAIhCGAFwAcABBg==&rs=AOn4CLAy3RSY9EWcNgZk14JSb3fjDBrexQ
CHUmOgjxyl0,https://www.youtube.com/watch?v=CHUmOgjxyl0,El Mejor Auto por 200 a 250 Mil $ / Parte # 2,1242.0,,videos,https://i.ytimg.com/vi/CHUmOgjxyl0/hqdefault.jpg?sqp=-oaymwEcCNACELwBSFXyq4qpAw4IARUAAIhCGAFwAcABBg==&rs=AOn4CLDXv8R6as7LX_k16nL1Ip3ifInnIA
_zK3a_fYZ3Y,https://www.youtube.com/watch?v=_zK3a_fYZ3Y,El Mejor Auto Por 200 a 250 Mil! / Parte # 1,1273.0,,videos,https://i.ytimg.com/vi/_zK3a_fYZ3Y/hqdefault.jpg?sqp=-oaymwEcCNACELwBSFXyq4qpAw4IARUAAIhCGAFwAcABBg==&rs=AOn4CLDxZh7WYl2sG6ZWHs0YdTGYfDNDQg
FWYmVpcokhc,https://www.youtube.com/watch?v=FWYmVpcokhc,Aclarando Sobre La Barra,1805.0,,videos,https://i.ytimg.com/vi/FWYmVpcokhc/hqdefault.jpg?sqp=-oaymwEcCNACELwBSFXyq4qpAw4IARUAAIhCGAFwAcABBg==&rs=AOn4CLBXJuQWCdQcK1MwBa9Eh0QvCHqzaw
8I-6yZbm23A,https://www.youtube.com/watch?v=8I-6yZbm23A,¿Me lo Compro o No me lo Compro? Porsche,604.0,,videos,https://i.ytimg.com/vi/8I-6yZbm23A/hqdefault.jpg?sqp=-oaymwEcCNACELwBSFXyq4qpAw4IARUAAIhCGAFwAcABBg==&rs=AOn4CLCpmdQZC_39B6UTOBnS4wX3RCCEmQ
ySajJIzCXmI,https://www.youtube.com/watch?v=ySajJIzCXmI,Historia de las Pick Ups,1706.0,,videos,https://i.ytimg.com/vi/ySajJIzCXmI/hqdefault.jpg?sqp=-oaymwEcCNACELwBSFXyq4qpAw4IARUAAIhCGAFwAcABBg==&rs=AOn4CLB_KIwbee0uQogxKiFzhW0anvHaIg
31LNehhH4Ok,https://www.youtube.com/watch?v=31LNehhH4Ok,Cuidado con los Vendedores de Autos,1871.0,,videos,https://i.ytimg.com/vi/31LNehhH4Ok/hqdefault.jpg?sqp=-oaymwEcCNACELwBSFXyq4qpAw4IARUAAIhCGAFwAcABBg==&rs=AOn4CLB2FknXp0Dir0ZNnAsqnbm1iuORtA
VLbKw-zrQJs,https://www.youtube.com/watch?v=VLbKw-zrQJs,¿Me lo Compro o No me lo Compro? Peugeot,689.0,,videos,https://i.ytimg.com/vi/VLbKw-zrQJs/hqdefault.jpg?sqp=-oaymwEcCNACELwBSFXyq4qpAw4IARUAAIhCGAFwAcABBg==&rs=AOn4CLCRewfB7pS1ZpZ4zLB5L1PGxR2A6w
1JbAMt9M0Yk,https://www.youtube.com/watch?v=1JbAMt9M0Yk,El Mejor Auto Por Menos De 200 Mil,2524.0,,videos,https://i.ytimg.com/vi/1JbAMt9M0Yk/hqdefault.jpg?sqp=-oaymwEcCNACELwBSFXyq4qpAw4IARUAAIhCGAFwAcABBg==&rs=AOn4CLCTO5-s8UmR0EmerQ_f8ueoYbV23A
fPG6btqOqQY,https://www.youtube.com/watch?v=fPG6btqOqQY,La Famosa Barra del Mazda 2,1528.0,,videos,https://i.ytimg.com/vi/fPG6btqOqQY/hqdefault.jpg?sqp=-oaymwEcCNACELwBSFXyq4qpAw4IARUAAIhCGAFwAcABBg==&rs=AOn4CLB5YDwQdfW0CSzgvgFEy7EU6X698w
gdmn7j59ZaM,https://www.youtube.com/watch?v=gdmn7j59ZaM,Mentiras de los Motores,1250.0,,videos,https://i.ytimg.com/vi/gdmn7j59ZaM/hqdefault.jpg?sqp=-oaymwEcCNACELwBSFXyq4qpAw4IARUAAIhCGAFwAcABBg==&rs=AOn4CLDlN_Vf_FUbP6cL-8w94X2ljlKPIQ
1zzT8ZjoIhs,https://www.youtube.com/watch?v=1zzT8ZjoIhs,Enfermos por los autos......,1417.0,,videos,https://i.ytimg.com/vi/1zzT8ZjoIhs/hqdefault.jpg?sqp=-oaymwEcCNACELwBSFXyq4qpAw4IARUAAIhCGAFwAcABBg==&rs=AOn4CLDicpnphh9FiIWmyMhwIBXQETqorA
fUc_xGNh2Yc,https://www.youtube.com/watch?v=fUc_xGNh2Yc,Pinch.... calor,1105.0,,videos,https://i.ytimg.com/vi/fUc_xGNh2Yc/hqdefault.jpg?sqp=-oaymwEcCNACELwBSFXyq4qpAw4IARUAAIhCGAFwAcABBg==&rs=AOn4CLCDt2iBKaVoWZtecNg9UmWtl7LTCg
Q43xrAEROlg,https://www.youtube.com/watch?v=Q43xrAEROlg,Historia De Cadillac,1315.0,,videos,https://i.ytimg.com/vi/Q43xrAEROlg/hqdefault.jpg?sqp=-oaymwEcCNACELwBSFXyq4qpAw4IARUAAIhCGAFwAcABBg==&rs=AOn4CLDGL7CXi1tgHQxrGo_EiLQurM5igQ
EgbnBWlD1YQ,https://www.youtube.com/watch?v=EgbnBWlD1YQ,Autos para Millenials?,1002.0,,videos,https://i.ytimg.com/vi/EgbnBWlD1YQ/hqdefault.jpg?sqp=-oaymwEcCNACELwBSFXyq4qpAw4IARUAAIhCGAFwAcABBg==&rs=AOn4CLC17QDHPFgPNjWRmyXjmf-0tANF0Q
jXOzYyRE8-w,https://www.youtube.com/watch?v=jXOzYyRE8-w,¿Me lo Compro o No me lo Compro? Nissan,1552.0,,videos,https://i.ytimg.com/vi/jXOzYyRE8-w/hqdefault.jpg?sqp=-oaymwEcCNACELwBSFXyq4qpAw4IARUAAIhCGAFwAcABBg==&rs=AOn4CLCwrLc8T_KQZXQmy9qVW1K2YnDRYA
UucmiYLGrqk,https://www.youtube.com/watch?v=UucmiYLGrqk,Peugeot ¿Me lo Compro o No me lo Compro?,756.0,,videos,https://i.ytimg.com/vi/UucmiYLGrqk/hqdefault.jpg?sqp=-oaymwEcCNACELwBSFXyq4qpAw4IARUAAIhCGAFwAcABBg==&rs=AOn4CLDSpguoBfJm8DPlTsiGbYEJ_lJTig
tJUCyYTnmRY,https://www.youtube.com/watch?v=tJUCyYTnmRY,Antiguos Vs Nuevos,1517.0,,videos,https://i.ytimg.com/vi/tJUCyYTnmRY/hqdefault.jpg?sqp=-oaymwEcCNACELwBSFXyq4qpAw4IARUAAIhCGAFwAcABBg==&rs=AOn4CLDBasMnFWlkMUIejR6tFwE3YrkHoA
oPm5Ch2zHdM,https://www.youtube.com/watch?v=oPm5Ch2zHdM,Mitsubishi Me lo Compro o No me lo Compro?,1037.0,,videos,https://i.ytimg.com/vi/oPm5Ch2zHdM/hqdefault.jpg?sqp=-oaymwEcCNACELwBSFXyq4qpAw4IARUAAIhCGAFwAcABBg==&rs=AOn4CLBPdM__fXWWDVR4K1b-N0a9ZIHGow
7zLytxGJ0C4,https://www.youtube.com/watch?v=7zLytxGJ0C4,Nissan Altima 2019,900.0,,videos,https://i.ytimg.com/vi/7zLytxGJ0C4/hqdefault.jpg?sqp=-oaymwEcCNACELwBSFXyq4qpAw4IARUAAIhCGAFwAcABBg==&rs=AOn4CLBKmDXpxtQWxyOVg54_oOwLV-EcRQ
ZXUd8rCOMEg,https://www.youtube.com/watch?v=ZXUd8rCOMEg,Mini ¿Me lo Compro o No me lo Compro?,878.0,,videos,https://i.ytimg.com/vi/ZXUd8rCOMEg/hqdefault.jpg?sqp=-oaymwEcCNACELwBSFXyq4qpAw4IARUAAIhCGAFwAcABBg==&rs=AOn4CLAgEQPjC8Wd5rr-Mj8QphCgG4V0tw
NGA0tieLGoA,https://www.youtube.com/watch?v=NGA0tieLGoA,Que Autos Ahorran Gasolina?,1506.0,,videos,https://i.ytimg.com/vi/NGA0tieLGoA/hqdefault.jpg?sqp=-oaymwEcCNACELwBSFXyq4qpAw4IARUAAIhCGAFwAcABBg==&rs=AOn4CLCf2AbFh5efXb4NqsKZPw4UiH_1Cw
R63GXX4qVRE,https://www.youtube.com/watch?v=R63GXX4qVRE,Mitos Con M 2019!,1133.0,,videos,https://i.ytimg.com/vi/R63GXX4qVRE/hqdefault.jpg?sqp=-oaymwEcCNACELwBSFXyq4qpAw4IARUAAIhCGAFwAcABBg==&rs=AOn4CLA8oXX_7RXQ5tbKJu5BSOc64UhiMw
MmGQLF6QTHI,https://www.youtube.com/watch?v=MmGQLF6QTHI,El Mejor Jetta GLI de la Historia,853.0,,videos,https://i.ytimg.com/vi/MmGQLF6QTHI/hqdefault.jpg?sqp=-oaymwEcCNACELwBSFXyq4qpAw4IARUAAIhCGAFwAcABBg==&rs=AOn4CLDrdSUI_AuzBPQTFMC3Spsri4v5wQ
1Np1HJzzqKo,https://www.youtube.com/watch?v=1Np1HJzzqKo,Yogui en el 55 Aniversario de Mustang!,806.0,,videos,https://i.ytimg.com/vi/1Np1HJzzqKo/hqdefault.jpg?sqp=-oaymwEcCNACELwBSFXyq4qpAw4IARUAAIhCGAFwAcABBg==&rs=AOn4CLDi6_4cGKPmA7iBvLLw7aWz_CowwQ
g2PWkMoeQK8,https://www.youtube.com/watch?v=g2PWkMoeQK8,Traer una pick up en ciudad es Naco?,1003.0,,videos,https://i.ytimg.com/vi/g2PWkMoeQK8/hqdefault.jpg?sqp=-oaymwEcCNACELwBSFXyq4qpAw4IARUAAIhCGAFwAcABBg==&rs=AOn4CLCMmmi3A8K4t5dQ8l7HKl5Y5O3YrQ
dXRXl5hIqak,https://www.youtube.com/watch?v=dXRXl5hIqak,¿Me lo Compro o No me lo Compro? Mazda,1745.0,,videos,https://i.ytimg.com/vi/dXRXl5hIqak/hqdefault.jpg?sqp=-oaymwEcCNACELwBSFXyq4qpAw4IARUAAIhCGAFwAcABBg==&rs=AOn4CLAlfT8VgLii0oZy4sMU95C8m3n41Q
455q3nOCGjQ,https://www.youtube.com/watch?v=455q3nOCGjQ,Mercedes Benz ¿Me lo Compro o No me lo Compro?,766.0,,videos,https://i.ytimg.com/vi/455q3nOCGjQ/hqdefault.jpg?sqp=-oaymwEcCNACELwBSFXyq4qpAw4IARUAAIhCGAFwAcABBg==&rs=AOn4CLA4DhhlpNPok7vGwHhBxRWpC_w-Tw
RFjtVqdMJhA,https://www.youtube.com/watch?v=RFjtVqdMJhA,"Marcas, Marcas y Mas Marcas....",1075.0,,videos,https://i.ytimg.com/vi/RFjtVqdMJhA/hqdefault.jpg?sqp=-oaymwEcCNACELwBSFXyq4qpAw4IARUAAIhCGAFwAcABBg==&rs=AOn4CLDAfaD5M8MAIxcc00bo8_loCWVW4w
ItqGi7-BehA,https://www.youtube.com/watch?v=ItqGi7-BehA,Chevrolet Parte 2,1017.0,,videos,https://i.ytimg.com/vi/ItqGi7-BehA/hqdefault.jpg?sqp=-oaymwEcCNACELwBSFXyq4qpAw4IARUAAIhCGAFwAcABBg==&rs=AOn4CLDWHNwEFqjsbg_jhpcfwAssmk6F4Q
2h681Lv1aQs,https://www.youtube.com/watch?v=2h681Lv1aQs,Chevrolet Parte 1,997.0,,videos,https://i.ytimg.com/vi/2h681Lv1aQs/hqdefault.jpg?sqp=-oaymwEcCNACELwBSFXyq4qpAw4IARUAAIhCGAFwAcABBg==&rs=AOn4CLCObedQuUgw1tWz3p_0qTvxBmz76g
PLGKt0KyxQA,https://www.youtube.com/watch?v=PLGKt0KyxQA,"Volkswagen Escarabajo ""Vocho""",1585.0,,videos,https://i.ytimg.com/vi/PLGKt0KyxQA/hqdefault.jpg?sqp=-oaymwEcCNACELwBSFXyq4qpAw4IARUAAIhCGAFwAcABBg==&rs=AOn4CLBbDIIB6BtnJrlH3oLdPvxunPViQQ
PuA4qdDhTXE,https://www.youtube.com/watch?v=PuA4qdDhTXE,Marcas VS Redes,1097.0,,videos,https://i.ytimg.com/vi/PuA4qdDhTXE/hqdefault.jpg?sqp=-oaymwEcCNACELwBSFXyq4qpAw4IARUAAIhCGAFwAcABBg==&rs=AOn4CLCsz8jwQ61tMs7ALArndUAxBLyjmw
padZWa5pOvE,https://www.youtube.com/watch?v=padZWa5pOvE,Las Alianzas De Marcas,935.0,,videos,https://i.ytimg.com/vi/padZWa5pOvE/hqdefault.jpg?sqp=-oaymwEcCNACELwBSFXyq4qpAw4IARUAAIhCGAFwAcABBg==&rs=AOn4CLBG6khRJYD_R4ndgAJeXXQ51TaH0w
4S4X-dljjs0,https://www.youtube.com/watch?v=4S4X-dljjs0,Ergonomía Automotriz,907.0,,videos,https://i.ytimg.com/vi/4S4X-dljjs0/hqdefault.jpg?sqp=-oaymwEcCNACELwBSFXyq4qpAw4IARUAAIhCGAFwAcABBg==&rs=AOn4CLDpeeDMYnO62XBMmzA5yzjggB71kA
XFeCoWjyvvo,https://www.youtube.com/watch?v=XFeCoWjyvvo,El Futuro De Los Carros Autonomos,1084.0,,videos,https://i.ytimg.com/vi/XFeCoWjyvvo/hqdefault.jpg?sqp=-oaymwEcCNACELwBSFXyq4qpAw4IARUAAIhCGAFwAcABBg==&rs=AOn4CLDYSQqw4LJkJCcOytW169LCWw6miw
SPGb_oegFyE,https://www.youtube.com/watch?v=SPGb_oegFyE,Me lo Compro o No me lo Compro? Lincoln,825.0,,videos,https://i.ytimg.com/vi/SPGb_oegFyE/hqdefault.jpg?sqp=-oaymwEcCNACELwBSFXyq4qpAw4IARUAAIhCGAFwAcABBg==&rs=AOn4CLAK0VhiArVgRjlj5f601VRiGSv6kA
Cv-bKuJW_DM,https://www.youtube.com/watch?v=Cv-bKuJW_DM,Opiniones de Hyundai,1457.0,,videos,https://i.ytimg.com/vi/Cv-bKuJW_DM/hqdefault.jpg?sqp=-oaymwEcCNACELwBSFXyq4qpAw4IARUAAIhCGAFwAcABBg==&rs=AOn4CLCUMCb9MRPq7mf3YXQy7-nLNiiYag
lSvSgJ18ggc,https://www.youtube.com/watch?v=lSvSgJ18ggc,Land Rover ¿Me lo Compro o No me lo Compro?,831.0,,videos,https://i.ytimg.com/vi/lSvSgJ18ggc/hqdefault.jpg?sqp=-oaymwEcCNACELwBSFXyq4qpAw4IARUAAIhCGAFwAcABBg==&rs=AOn4CLAnn8_sPilT-SxfbdkUTGXGT0qF9w
PwUtuPSHfxc,https://www.youtube.com/watch?v=PwUtuPSHfxc,Marca X Marca SUVS,1540.0,,videos,https://i.ytimg.com/vi/PwUtuPSHfxc/hqdefault.jpg?sqp=-oaymwEcCNACELwBSFXyq4qpAw4IARUAAIhCGAFwAcABBg==&rs=AOn4CLB59expTnqeagUehAEcvMcLI3FGpg
KqavF1KzNp4,https://www.youtube.com/watch?v=KqavF1KzNp4,Historia de Los Autos Corvette,1372.0,,videos,https://i.ytimg.com/vi/KqavF1KzNp4/hqdefault.jpg?sqp=-oaymwEcCNACELwBSFXyq4qpAw4IARUAAIhCGAFwAcABBg==&rs=AOn4CLC6yiORmp_LtJa3gQFMflXWYSpZHw
nVnwfE_4OxI,https://www.youtube.com/watch?v=nVnwfE_4OxI,LA MEJOR MARCA DE AUTOS,1621.0,,videos,https://i.ytimg.com/vi/nVnwfE_4OxI/hqdefault.jpg?sqp=-oaymwEcCNACELwBSFXyq4qpAw4IARUAAIhCGAFwAcABBg==&rs=AOn4CLAlkVRt2sguWxGMe0fOdtw6g1W6uA
7gqfHcBWDvU,https://www.youtube.com/watch?v=7gqfHcBWDvU,Mazda Se Quiere Volver Premium?,1437.0,,videos,https://i.ytimg.com/vi/7gqfHcBWDvU/hqdefault.jpg?sqp=-oaymwEcCNACELwBSFXyq4qpAw4IARUAAIhCGAFwAcABBg==&rs=AOn4CLCFMmv1PVaLHPiDnS-6ttPVai-oUg
e9o18UkLASI,https://www.youtube.com/watch?v=e9o18UkLASI,¿Se muere Volkswagen (VW) ?,1503.0,,videos,https://i.ytimg.com/vi/e9o18UkLASI/hqdefault.jpg?sqp=-oaymwEcCNACELwBSFXyq4qpAw4IARUAAIhCGAFwAcABBg==&rs=AOn4CLBOGxXBC0-HANYt5aNQx-AUpEpqvw
icgwaCP4KNI,https://www.youtube.com/watch?v=icgwaCP4KNI,Tixuz Fan Horacio Barajas desde Canada,367.0,,videos,https://i.ytimg.com/vi/icgwaCP4KNI/hqdefault.jpg?sqp=-oaymwE2CNACELwBSFXyq4qpAygIARUAAIhCGAFwAcABBvABAfgB_gmAAtAFigIMCAAQARhlIFMoTTAP&rs=AOn4CLAQkHmZuEts9NdLvrQmi3aY1bboKQ
Swed9e6oAUQ,https://www.youtube.com/watch?v=Swed9e6oAUQ,Tixuz SUBASTA INFORMES TEL  3325429975,63.0,,videos,https://i.ytimg.com/vi/Swed9e6oAUQ/hqdefault.jpg?sqp=-oaymwE2CNACELwBSFXyq4qpAygIARUAAIhCGAFwAcABBvABAfgB_gSAAuACigIMCAAQARhLIEgoZTAP&rs=AOn4CLCvCohxIbEdVVHEjVR5F1tuVW18hw
FGO2jGDV1Tw,https://www.youtube.com/watch?v=FGO2jGDV1Tw,MUSCULOSOS  #2,1690.0,,videos,https://i.ytimg.com/vi/FGO2jGDV1Tw/hqdefault.jpg?sqp=-oaymwEcCNACELwBSFXyq4qpAw4IARUAAIhCGAFwAcABBg==&rs=AOn4CLAu8aPQE5z0mJotSsrnCvaUm4uHzQ
d3mB72V3q2I,https://www.youtube.com/watch?v=d3mB72V3q2I,MUSCULOSOS  #1,1657.0,,videos,https://i.ytimg.com/vi/d3mB72V3q2I/hqdefault.jpg?sqp=-oaymwEcCNACELwBSFXyq4qpAw4IARUAAIhCGAFwAcABBg==&rs=AOn4CLDTIaNvatmxVuZFcAo-hMrgmn-mXg
s8MUjtQ4SMw,https://www.youtube.com/watch?v=s8MUjtQ4SMw,AIRBAGS/BOLSAS DE AIRE tixuz,1117.0,,videos,https://i.ytimg.com/vi/s8MUjtQ4SMw/hqdefault.jpg?sqp=-oaymwEcCNACELwBSFXyq4qpAw4IARUAAIhCGAFwAcABBg==&rs=AOn4CLAWorOrq6Nlx9DNbprMaI4rvc_N_A
fuxlXwVjvUI,https://www.youtube.com/watch?v=fuxlXwVjvUI,"¿Me lo compro, no me lo compro? JEEP",691.0,,videos,https://i.ytimg.com/vi/fuxlXwVjvUI/hqdefault.jpg?sqp=-oaymwEcCNACELwBSFXyq4qpAw4IARUAAIhCGAFwAcABBg==&rs=AOn4CLB8LbVk9fKx3VFYDmSI6HDNq9Z0Rw
9P2pnL8WR5U,https://www.youtube.com/watch?v=9P2pnL8WR5U,Tixuz SUBASTA INFORMES TEL  3325429975,63.0,,videos,https://i.ytimg.com/vi/9P2pnL8WR5U/hqdefault.jpg?sqp=-oaymwEcCNACELwBSFXyq4qpAw4IARUAAIhCGAFwAcABBg==&rs=AOn4CLBGtBuqpzYzXnEeCm6ILdL9LaZ1_A
iyajfI3vPzw,https://www.youtube.com/watch?v=iyajfI3vPzw,"¿Me lo compro, no me lo compro? KIA",1201.0,,videos,https://i.ytimg.com/vi/iyajfI3vPzw/hqdefault.jpg?sqp=-oaymwEcCNACELwBSFXyq4qpAw4IARUAAIhCGAFwAcABBg==&rs=AOn4CLCYO9Mvss7B7IO65oTob2GqFuZ4TA
LUfw-vy4HNA,https://www.youtube.com/watch?v=LUfw-vy4HNA,"¿Me lo compro, no me lo compro? Jaguar",534.0,,videos,https://i.ytimg.com/vi/LUfw-vy4HNA/hqdefault.jpg?sqp=-oaymwEcCNACELwBSFXyq4qpAw4IARUAAIhCGAFwAcABBg==&rs=AOn4CLDMg3lnDRMWbzf0aWrnvHs6CUfS8A
9rvvK3ErYuo,https://www.youtube.com/watch?v=9rvvK3ErYuo,Tixuz; autos antiguos.,1336.0,,videos,https://i.ytimg.com/vi/9rvvK3ErYuo/hqdefault.jpg?sqp=-oaymwEcCNACELwBSFXyq4qpAw4IARUAAIhCGAFwAcABBg==&rs=AOn4CLBtZLn1UjQWUUDLa4rugHUCOS57gA
OyXBO-nAVuU,https://www.youtube.com/watch?v=OyXBO-nAVuU,#MitosConP,759.0,,videos,https://i.ytimg.com/vi/OyXBO-nAVuU/hqdefault.jpg?sqp=-oaymwEcCNACELwBSFXyq4qpAw4IARUAAIhCGAFwAcABBg==&rs=AOn4CLC4r9bnHfgPy-QU_o34MiFgX_U2aA
ip6FzsukXaY,https://www.youtube.com/watch?v=ip6FzsukXaY,Mitos #21: ¿Si dejo la batería en el piso se descarga?,1499.0,,videos,https://i.ytimg.com/vi/ip6FzsukXaY/hqdefault.jpg?sqp=-oaymwEcCNACELwBSFXyq4qpAw4IARUAAIhCGAFwAcABBg==&rs=AOn4CLD88SLXIvG_MdJvp3RQ_wjgIbN5ng
dGQeCjnmJoQ,https://www.youtube.com/watch?v=dGQeCjnmJoQ,Los vendedores de autos.,1497.0,,videos,https://i.ytimg.com/vi/dGQeCjnmJoQ/hqdefault.jpg?sqp=-oaymwEcCNACELwBSFXyq4qpAw4IARUAAIhCGAFwAcABBg==&rs=AOn4CLC-Vi3H21KTe74CvKNI1I3gj0d1xA
e5GA5uiUoAw,https://www.youtube.com/watch?v=e5GA5uiUoAw,"¿Me lo compro, o no me lo compro? JAC",721.0,,videos,https://i.ytimg.com/vi/e5GA5uiUoAw/hqdefault.jpg?sqp=-oaymwEcCNACELwBSFXyq4qpAw4IARUAAIhCGAFwAcABBg==&rs=AOn4CLAndnT_dK3B5RViXR5KTxj3xVRGTA
C9y8NJaIYFE,https://www.youtube.com/watch?v=C9y8NJaIYFE,Ratón Miguelito NAIAS Auto Show,1114.0,,videos,https://i.ytimg.com/vi/C9y8NJaIYFE/hqdefault.jpg?sqp=-oaymwEcCNACELwBSFXyq4qpAw4IARUAAIhCGAFwAcABBg==&rs=AOn4CLDY48eUWfi1DRkVMDY_ObWKsdKaQQ
WDSwkuZH4LI,https://www.youtube.com/watch?v=WDSwkuZH4LI,Mitos #20: ¿Afecta a mi auto ponerle PREMIUM si usa MAGNA?,1733.0,,videos,https://i.ytimg.com/vi/WDSwkuZH4LI/hqdefault.jpg?sqp=-oaymwEcCNACELwBSFXyq4qpAw4IARUAAIhCGAFwAcABBg==&rs=AOn4CLCbR4G2fa6ckbD4973OOGpbadvC7w
gubSjioOfDg,https://www.youtube.com/watch?v=gubSjioOfDg,"¿Me lo compro, no me lo compro? HONDA",1451.0,,videos,https://i.ytimg.com/vi/gubSjioOfDg/hqdefault.jpg?sqp=-oaymwEcCNACELwBSFXyq4qpAw4IARUAAIhCGAFwAcABBg==&rs=AOn4CLDHYn3kVx5azBO3qC3zDYqF0L5Xhw
2GJIjoc6D8o,https://www.youtube.com/watch?v=2GJIjoc6D8o,Los autos de antes y lo que extrañamos de ellos.,1528.0,,videos,https://i.ytimg.com/vi/2GJIjoc6D8o/hqdefault.jpg?sqp=-oaymwEcCNACELwBSFXyq4qpAw4IARUAAIhCGAFwAcABBg==&rs=AOn4CLCogOFRUa_x0hWOvjRo-B8gLQSAZg
3RBFRJQ93uM,https://www.youtube.com/watch?v=3RBFRJQ93uM,Desabasto que hacer,1174.0,,videos,https://i.ytimg.com/vi/3RBFRJQ93uM/hqdefault.jpg?sqp=-oaymwEcCNACELwBSFXyq4qpAw4IARUAAIhCGAFwAcABBg==&rs=AOn4CLAFffFDsDykSRNucU8kTiN6oRjqyA
Oa7wBaZbQFQ,https://www.youtube.com/watch?v=Oa7wBaZbQFQ,Tixuz Fans Videos Canadá.,440.0,,videos,https://i.ytimg.com/vi/Oa7wBaZbQFQ/hqdefault.jpg?sqp=-oaymwEcCNACELwBSFXyq4qpAw4IARUAAIhCGAFwAcABBg==&rs=AOn4CLC7ne-0Y8m5hbF2OzeO9PHlxkQq0A
3Ij_HthyC7w,https://www.youtube.com/watch?v=3Ij_HthyC7w,Mitos #19: ¿El ajo evita las cuarteaduras en vidrio?,1251.0,,videos,https://i.ytimg.com/vi/3Ij_HthyC7w/hqdefault.jpg?sqp=-oaymwEcCNACELwBSFXyq4qpAw4IARUAAIhCGAFwAcABBg==&rs=AOn4CLAbOXw6MGNb12zG7DDz1x_nTbD4lg
U5i_o17ke9o,https://www.youtube.com/watch?v=U5i_o17ke9o,Restauración de coches,1592.0,,videos,https://i.ytimg.com/vi/U5i_o17ke9o/hqdefault.jpg?sqp=-oaymwEcCNACELwBSFXyq4qpAw4IARUAAIhCGAFwAcABBg==&rs=AOn4CLAUg80ocliaiJQ1HSkJORiropXBjg
rE8OGJq2a_s,https://www.youtube.com/watch?v=rE8OGJq2a_s,Tips para ahorrar gasolina.,1311.0,,videos,https://i.ytimg.com/vi/rE8OGJq2a_s/hqdefault.jpg?sqp=-oaymwEcCNACELwBSFXyq4qpAw4IARUAAIhCGAFwAcABBg==&rs=AOn4CLDL0JTG4Uu43EfLC2Cz38leI57JaA
zqqayGF_Wpc,https://www.youtube.com/watch?v=zqqayGF_Wpc,¿Me lo compro o no me lo compro? Infiniti,615.0,,videos,https://i.ytimg.com/vi/zqqayGF_Wpc/hqdefault.jpg?sqp=-oaymwEcCNACELwBSFXyq4qpAw4IARUAAIhCGAFwAcABBg==&rs=AOn4CLATNsq4E4ic90-4pf_DQVwML1S1-w
7viLoAQUNr4,https://www.youtube.com/watch?v=7viLoAQUNr4,Refinerías y autos eléctricos.,1648.0,,videos,https://i.ytimg.com/vi/7viLoAQUNr4/hqdefault.jpg?sqp=-oaymwEcCNACELwBSFXyq4qpAw4IARUAAIhCGAFwAcABBg==&rs=AOn4CLCSMgukfpLK9quUVrFZs7xTCZOQhQ
qE_awOYYt7o,https://www.youtube.com/watch?v=qE_awOYYt7o,¿Me lo compro o no me lo compro? Hyundai,1178.0,,videos,https://i.ytimg.com/vi/qE_awOYYt7o/hqdefault.jpg?sqp=-oaymwEcCNACELwBSFXyq4qpAw4IARUAAIhCGAFwAcABBg==&rs=AOn4CLCEWgDRMy1SgnjRYxwCp2m3cFX_7Q
bYHV4CeWTYU,https://www.youtube.com/watch?v=bYHV4CeWTYU,Sorpresas y decepciones del 2018,1275.0,,videos,https://i.ytimg.com/vi/bYHV4CeWTYU/hqdefault.jpg?sqp=-oaymwEcCNACELwBSFXyq4qpAw4IARUAAIhCGAFwAcABBg==&rs=AOn4CLDgoAcfFUiqswZTYoVIAMSubZ-_sg
FLPQmFELmx8,https://www.youtube.com/watch?v=FLPQmFELmx8,¿Cómo eligen los nombres para los autos?,1304.0,,videos,https://i.ytimg.com/vi/FLPQmFELmx8/hqdefault.jpg?sqp=-oaymwEcCNACELwBSFXyq4qpAw4IARUAAIhCGAFwAcABBg==&rs=AOn4CLCdiQ0RkJFLSaQ1DyrHGAu8X31XRg
dYrX7fAxoA0,https://www.youtube.com/watch?v=dYrX7fAxoA0,Mitos #18 ¿Por qué las Explorer de 2da generación se voltean?,894.0,,videos,https://i.ytimg.com/vi/dYrX7fAxoA0/hqdefault.jpg?sqp=-oaymwEcCNACELwBSFXyq4qpAw4IARUAAIhCGAFwAcABBg==&rs=AOn4CLDgmQjzB-_b9ahcuE2weY_zGxYWoQ
Vzb3uDBT1A8,https://www.youtube.com/watch?v=Vzb3uDBT1A8,Predicciones 2019,1450.0,,videos,https://i.ytimg.com/vi/Vzb3uDBT1A8/hqdefault.jpg?sqp=-oaymwEcCNACELwBSFXyq4qpAw4IARUAAIhCGAFwAcABBg==&rs=AOn4CLBfPLJPw9gMmwfW8z1PQ69W90VvyA
Ou7Fox6uvnk,https://www.youtube.com/watch?v=Ou7Fox6uvnk,Mitos #17: ¿Afecta desactivar el Overdrive? | Tixuz Autos,1267.0,,videos,https://i.ytimg.com/vi/Ou7Fox6uvnk/hqdefault.jpg?sqp=-oaymwEcCNACELwBSFXyq4qpAw4IARUAAIhCGAFwAcABBg==&rs=AOn4CLBcivRmUaNS59bdmtYBO9VXDy9V7g
CoFX759WoS0,https://www.youtube.com/watch?v=CoFX759WoS0,3er Aniversario de TIXUZ,610.0,,videos,https://i.ytimg.com/vi/CoFX759WoS0/hqdefault.jpg?sqp=-oaymwEcCNACELwBSFXyq4qpAw4IARUAAIhCGAFwAcABBg==&rs=AOn4CLDr_lLAlFar-rzdRW52zQuwUwF-9w
O0l-YYc17kI,https://www.youtube.com/watch?v=O0l-YYc17kI,Fraude en Nissan.,919.0,,videos,https://i.ytimg.com/vi/O0l-YYc17kI/hqdefault.jpg?sqp=-oaymwEcCNACELwBSFXyq4qpAw4IARUAAIhCGAFwAcABBg==&rs=AOn4CLAz1CSaXMU0BctB7ThCMnjDk7pIoA
C5mh0B_PsH8,https://www.youtube.com/watch?v=C5mh0B_PsH8,Que no te den gato por liebre,1598.0,,videos,https://i.ytimg.com/vi/C5mh0B_PsH8/hqdefault.jpg?sqp=-oaymwEcCNACELwBSFXyq4qpAw4IARUAAIhCGAFwAcABBg==&rs=AOn4CLDGDbo7kitLz8VejtIYrOnY9c0LTA
Yho0gw0YDqE,https://www.youtube.com/watch?v=Yho0gw0YDqE,¿Comprar un auto nuevo o usado?,1639.0,,videos,https://i.ytimg.com/vi/Yho0gw0YDqE/hqdefault.jpg?sqp=-oaymwEcCNACELwBSFXyq4qpAw4IARUAAIhCGAFwAcABBg==&rs=AOn4CLAOJ_iG451sQppe8uiA3NusD4x3OQ
s-Lw7ObFPUI,https://www.youtube.com/watch?v=s-Lw7ObFPUI,Recorrido L.A. Autoshow,1326.0,,videos,https://i.ytimg.com/vi/s-Lw7ObFPUI/hqdefault.jpg?sqp=-oaymwEcCNACELwBSFXyq4qpAw4IARUAAIhCGAFwAcABBg==&rs=AOn4CLCaEb-1knFw_2EH98Z_5F6pHB2nAQ
X7OkGL0hoEQ,https://www.youtube.com/watch?v=X7OkGL0hoEQ,Peores autos manejados.,1437.0,,videos,https://i.ytimg.com/vi/X7OkGL0hoEQ/hqdefault.jpg?sqp=-oaymwEcCNACELwBSFXyq4qpAw4IARUAAIhCGAFwAcABBg==&rs=AOn4CLDHgdsT_7Ke-1veMPxKVRMoGEte1g
4P3PFgo_5Lc,https://www.youtube.com/watch?v=4P3PFgo_5Lc,El Master no estaba muerto,1485.0,,videos,https://i.ytimg.com/vi/4P3PFgo_5Lc/hqdefault.jpg?sqp=-oaymwEcCNACELwBSFXyq4qpAw4IARUAAIhCGAFwAcABBg==&rs=AOn4CLAvC63NxrO_MxeHT1Be2cJmE9l8dA
i_yBZWi1xZk,https://www.youtube.com/watch?v=i_yBZWi1xZk,Expomecánico Automotriz Pachuca 2018  |  Tixuz Autos.,1168.0,,videos,https://i.ytimg.com/vi/i_yBZWi1xZk/hqdefault.jpg?sqp=-oaymwEcCNACELwBSFXyq4qpAw4IARUAAIhCGAFwAcABBg==&rs=AOn4CLDhcIMHdQEM4XFAdODIAs1aGfigIg
5hHXEkGoe3I,https://www.youtube.com/watch?v=5hHXEkGoe3I,Mitos #16: ¿Los domingos roban más gasolina?  I  Tixuz Autos,1393.0,,videos,https://i.ytimg.com/vi/5hHXEkGoe3I/hqdefault.jpg?sqp=-oaymwEcCNACELwBSFXyq4qpAw4IARUAAIhCGAFwAcABBg==&rs=AOn4CLAPjLV5_VAOBWKDjta5i2nAeejxAg
mV1g_uf7qRk,https://www.youtube.com/watch?v=mV1g_uf7qRk,Por qué los Auto Shows ya no sirven.  |  Tixuz Autos.,1521.0,,videos,https://i.ytimg.com/vi/mV1g_uf7qRk/hqdefault.jpg?sqp=-oaymwEcCNACELwBSFXyq4qpAw4IARUAAIhCGAFwAcABBg==&rs=AOn4CLCwgkZNwuaXjYGwpnFV7ctyKQoQpg
LskE-v-ZuHA,https://www.youtube.com/watch?v=LskE-v-ZuHA,Lo que haces que no esta bien para tu auto. | Tixuz Autos,914.0,,videos,https://i.ytimg.com/vi/LskE-v-ZuHA/hqdefault.jpg?sqp=-oaymwEcCNACELwBSFXyq4qpAw4IARUAAIhCGAFwAcABBg==&rs=AOn4CLA9FRo6jcFVSd57EQGvmmesjJfUDg
clNFesiicDI,https://www.youtube.com/watch?v=clNFesiicDI,Los Angeles AutoShow: VolksWagen   |  Tixuz Autos,753.0,,videos,https://i.ytimg.com/vi/clNFesiicDI/hqdefault.jpg?sqp=-oaymwEcCNACELwBSFXyq4qpAw4IARUAAIhCGAFwAcABBg==&rs=AOn4CLBxxp8gYvNRvfqPxjnU-yA8b47uFQ
qhXMgD9Yfr4,https://www.youtube.com/watch?v=qhXMgD9Yfr4,"No toda la marca es mala o buena, hay que escoger.  I  Tixuz Autos",1733.0,,videos,https://i.ytimg.com/vi/qhXMgD9Yfr4/hqdefault.jpg?sqp=-oaymwEcCNACELwBSFXyq4qpAw4IARUAAIhCGAFwAcABBg==&rs=AOn4CLBOkw0e7JX_3TiITHjYWM-XiPGnvw
T14KrukxMs4,https://www.youtube.com/watch?v=T14KrukxMs4,Invitacion a canal de chavorucos,19.0,,videos,https://i.ytimg.com/vi/T14KrukxMs4/hqdefault.jpg?sqp=-oaymwEcCNACELwBSFXyq4qpAw4IARUAAIhCGAFwAcABBg==&rs=AOn4CLB07WVYFGwEE9UP0QKCjWXEEUZOkA
GXBIZuWJvEk,https://www.youtube.com/watch?v=GXBIZuWJvEk,Qué hacer cuando compro un auto y me sale malo.  I  Tixuz Autos,1655.0,,videos,https://i.ytimg.com/vi/GXBIZuWJvEk/hqdefault.jpg?sqp=-oaymwEcCNACELwBSFXyq4qpAw4IARUAAIhCGAFwAcABBg==&rs=AOn4CLDGui53cU0o2RIZu9m7TlJzoC7wog
PgW_Df2stv0,https://www.youtube.com/watch?v=PgW_Df2stv0,"Mitos 15; Recargarse en la palanca, ¿Daña la transmisión?  |  Tixuz Autos",1288.0,,videos,https://i.ytimg.com/vi/PgW_Df2stv0/hqdefault.jpg?sqp=-oaymwEcCNACELwBSFXyq4qpAw4IARUAAIhCGAFwAcABBg==&rs=AOn4CLBiNDZgnlfz__ukR5X8SAIVeh-cVQ
hQ-5n2n5Vyk,https://www.youtube.com/watch?v=hQ-5n2n5Vyk,HD Experience 2018   |  Tixuz Autos.,936.0,,videos,https://i.ytimg.com/vi/hQ-5n2n5Vyk/hqdefault.jpg?sqp=-oaymwEcCNACELwBSFXyq4qpAw4IARUAAIhCGAFwAcABBg==&rs=AOn4CLCQHVOEtIByeuUkYhvfhnSnoLLBZA
yUytKv4ai-Q,https://www.youtube.com/watch?v=yUytKv4ai-Q,Los autos y marcas mas confiables.  |  Tixuz Autos,1282.0,,videos,https://i.ytimg.com/vi/yUytKv4ai-Q/hqdefault.jpg?sqp=-oaymwEcCNACELwBSFXyq4qpAw4IARUAAIhCGAFwAcABBg==&rs=AOn4CLCek0fZQA4iOwIYOs9OcMdgOO0Ylg
VS725nZ7Dnk,https://www.youtube.com/watch?v=VS725nZ7Dnk,Tips para ahorrar gasolina  |  Tixuz Autos,1165.0,,videos,https://i.ytimg.com/vi/VS725nZ7Dnk/hqdefault.jpg?sqp=-oaymwEcCNACELwBSFXyq4qpAw4IARUAAIhCGAFwAcABBg==&rs=AOn4CLAO-FreZ-ONpEMxxx1--CIMOhktJQ
FBG49ijN-cs,https://www.youtube.com/watch?v=FBG49ijN-cs,Samira Rached; una grande ganando en pequeños autos.  |  Tixuz Autos.,171.0,,videos,https://i.ytimg.com/vi/FBG49ijN-cs/hqdefault.jpg?sqp=-oaymwEcCNACELwBSFXyq4qpAw4IARUAAIhCGAFwAcABBg==&rs=AOn4CLBOa1c_GQ_anr706OrGzEKkHV0mnw
GlaI6gRE2UM,https://www.youtube.com/watch?v=GlaI6gRE2UM,Los autos menos confiables 2018  |  Tixuz Autos,1455.0,,videos,https://i.ytimg.com/vi/GlaI6gRE2UM/hqdefault.jpg?sqp=-oaymwEcCNACELwBSFXyq4qpAw4IARUAAIhCGAFwAcABBg==&rs=AOn4CLCS427GoOLAuedsaWmKwiL3V6MXKA
LifMKQO0Q_Y,https://www.youtube.com/watch?v=LifMKQO0Q_Y,Cultura vial |  Tixuz Autos,1408.0,,videos,https://i.ytimg.com/vi/LifMKQO0Q_Y/hqdefault.jpg?sqp=-oaymwEcCNACELwBSFXyq4qpAw4IARUAAIhCGAFwAcABBg==&rs=AOn4CLCflIhIWO9GiFXTnI4TEm2kSnd_IQ
q_gulfcWPCM,https://www.youtube.com/watch?v=q_gulfcWPCM,Ratón Miguelito; 1/4 de milla o Track day  |  Tixuz Autos,848.0,,videos,https://i.ytimg.com/vi/q_gulfcWPCM/hqdefault.jpg?sqp=-oaymwEcCNACELwBSFXyq4qpAw4IARUAAIhCGAFwAcABBg==&rs=AOn4CLAsF30Q8VQVImzayFXXFK0cDIHPHg
1in8J52U9us,https://www.youtube.com/watch?v=1in8J52U9us,"Mitos 14; Punta-Tacón, ¿es un baile con el auto?  |  Tixuz Autos",1771.0,,videos,https://i.ytimg.com/vi/1in8J52U9us/hqdefault.jpg?sqp=-oaymwEcCNACELwBSFXyq4qpAw4IARUAAIhCGAFwAcABBg==&rs=AOn4CLD1CRZ0qBHsgGXgZZO5coKvvgvhnw
l4ubAsS8g0E,https://www.youtube.com/watch?v=l4ubAsS8g0E,Aprende mecánica gratis.  Tixuz Autos,1143.0,,videos,https://i.ytimg.com/vi/l4ubAsS8g0E/hqdefault.jpg?sqp=-oaymwEcCNACELwBSFXyq4qpAw4IARUAAIhCGAFwAcABBg==&rs=AOn4CLCZEFeJgXHxZcs5bpLzoDSIwkzjjQ
5A1_ZXUniAA,https://www.youtube.com/watch?v=5A1_ZXUniAA,¿Por qué no comprar un auto premium usado?  |  Tixuz Autos.,1340.0,,videos,https://i.ytimg.com/vi/5A1_ZXUniAA/hqdefault.jpg?sqp=-oaymwEcCNACELwBSFXyq4qpAw4IARUAAIhCGAFwAcABBg==&rs=AOn4CLCu21aUJRXggQqGRFHPYaamYKsVGA
GtnpPHdD3ms,https://www.youtube.com/watch?v=GtnpPHdD3ms,A Tesla ya le salieron competidores.  |  Tixuz Autos,1871.0,,videos,https://i.ytimg.com/vi/GtnpPHdD3ms/hqdefault.jpg?sqp=-oaymwEcCNACELwBSFXyq4qpAw4IARUAAIhCGAFwAcABBg==&rs=AOn4CLAL6tFkkOQX_e0G5AStI3M3V19UVw
pK66g1Lt6oM,https://www.youtube.com/watch?v=pK66g1Lt6oM,¿Cuáles son lo mejores autos usados para comprar?  |  Tixuz Autos,1468.0,,videos,https://i.ytimg.com/vi/pK66g1Lt6oM/hqdefault.jpg?sqp=-oaymwEcCNACELwBSFXyq4qpAw4IARUAAIhCGAFwAcABBg==&rs=AOn4CLANb_b3qIzF6K7pkYoZzQidzvGaXw
pqAI-jiY8BM,https://www.youtube.com/watch?v=pqAI-jiY8BM,"Modificaciones al auto, por Ratón Miguelito.  |  Tixuz Autos",843.0,,videos,https://i.ytimg.com/vi/pqAI-jiY8BM/hqdefault.jpg?sqp=-oaymwEcCNACELwBSFXyq4qpAw4IARUAAIhCGAFwAcABBg==&rs=AOn4CLBLnTB_ofcPLnkk5IMx3Wy8D_BkOw
HwVfMSPVy5M,https://www.youtube.com/watch?v=HwVfMSPVy5M,Curiosidades de los autos.  |  Tixuz Autos,1067.0,,videos,https://i.ytimg.com/vi/HwVfMSPVy5M/hqdefault.jpg?sqp=-oaymwEcCNACELwBSFXyq4qpAw4IARUAAIhCGAFwAcABBg==&rs=AOn4CLBMGlsj0oIztmRsya0jeL4Fv1NGbA
7we8o47U8ik,https://www.youtube.com/watch?v=7we8o47U8ik,"Ya hay USMCA, ¿habrá mejores salarios en la industria automotriz? | Tixuz Autos",854.0,,videos,https://i.ytimg.com/vi/7we8o47U8ik/hqdefault.jpg?sqp=-oaymwEcCNACELwBSFXyq4qpAw4IARUAAIhCGAFwAcABBg==&rs=AOn4CLCZ1GHA0ztgV-8Us_3PHWWfCRZSGg
gQHkU7H-KdI,https://www.youtube.com/watch?v=gQHkU7H-KdI,Mitos #13; ¿La gasolina extranjera es mejor?,780.0,,videos,https://i.ytimg.com/vi/gQHkU7H-KdI/hqdefault.jpg?sqp=-oaymwEcCNACELwBSFXyq4qpAw4IARUAAIhCGAFwAcABBg==&rs=AOn4CLBGJg1sgClVSc8Msd4r0Q-9Y2KyQQ
Oolqkjy8uy0,https://www.youtube.com/watch?v=Oolqkjy8uy0,Conversiones a eléctricos en México.  |  Tixuz Autos,772.0,,videos,https://i.ytimg.com/vi/Oolqkjy8uy0/hqdefault.jpg?sqp=-oaymwEcCNACELwBSFXyq4qpAw4IARUAAIhCGAFwAcABBg==&rs=AOn4CLB-DTaVZVuBWlUDVwWpPTi4ZzVW2g
zAL4VHJKDck,https://www.youtube.com/watch?v=zAL4VHJKDck,Vamos a correr a Volta Guadalajara.  |  Tixuz Autos,76.0,,videos,https://i.ytimg.com/vi/zAL4VHJKDck/hqdefault.jpg?sqp=-oaymwEcCNACELwBSFXyq4qpAw4IARUAAIhCGAFwAcABBg==&rs=AOn4CLC01EcPwmmR89OP8qzDczJ2e1YJVw
j6i0iF9lW4U,https://www.youtube.com/watch?v=j6i0iF9lW4U,"GMC; ¿Me lo compro, o no me lo compro?  |  Tixuz Autos.",772.0,,videos,https://i.ytimg.com/vi/j6i0iF9lW4U/hqdefault.jpg?sqp=-oaymwEcCNACELwBSFXyq4qpAw4IARUAAIhCGAFwAcABBg==&rs=AOn4CLAH7hEMEQPoMZTYE9ikFhiOoIpGUQ
e5YkykxE7UM,https://www.youtube.com/watch?v=e5YkykxE7UM,Las fallas de la Honda CR-V  |  Tixuz Autos,1043.0,,videos,https://i.ytimg.com/vi/e5YkykxE7UM/hqdefault.jpg?sqp=-oaymwEcCNACELwBSFXyq4qpAw4IARUAAIhCGAFwAcABBg==&rs=AOn4CLBL4f0OGCpX7t0wZZL2OrjssMchFw
YySA6iRBXyw,https://www.youtube.com/watch?v=YySA6iRBXyw,Motocicletas 2019 Tequila Harley-Davidson  |  Tixuz Motos,457.0,,videos,https://i.ytimg.com/vi/YySA6iRBXyw/hqdefault.jpg?sqp=-oaymwEcCNACELwBSFXyq4qpAw4IARUAAIhCGAFwAcABBg==&rs=AOn4CLDN70E2xxs99yCAQ6q7D0uv3tSHkQ
FaufhPH4tVk,https://www.youtube.com/watch?v=FaufhPH4tVk,Mitos #12;  ¿Las direccionales son para rebasar?,1126.0,,videos,https://i.ytimg.com/vi/FaufhPH4tVk/hqdefault.jpg?sqp=-oaymwEcCNACELwBSFXyq4qpAw4IARUAAIhCGAFwAcABBg==&rs=AOn4CLCGcxmi8MEftov8tMxocf_mcQ_t4A
S9Ky0LcPbrQ,https://www.youtube.com/watch?v=S9Ky0LcPbrQ,Los autos que se venden en México  |  Tixuz Autos.,1537.0,,videos,https://i.ytimg.com/vi/S9Ky0LcPbrQ/hqdefault.jpg?sqp=-oaymwEcCNACELwBSFXyq4qpAw4IARUAAIhCGAFwAcABBg==&rs=AOn4CLAn2WMon1iXMo9rbaXR8NrN72mGOQ
y14eaxf2ABE,https://www.youtube.com/watch?v=y14eaxf2ABE,Los Chocolates #2  |  Tixuz Autos,2031.0,,videos,https://i.ytimg.com/vi/y14eaxf2ABE/hqdefault.jpg?sqp=-oaymwEcCNACELwBSFXyq4qpAw4IARUAAIhCGAFwAcABBg==&rs=AOn4CLCbi4XZxS_exT9dB_SD4LWjwY0Zrw
xt0rcxwGRZc,https://www.youtube.com/watch?v=xt0rcxwGRZc,El ciclo de vida de un auto.  |  Tixuz Autos.,1042.0,,videos,https://i.ytimg.com/vi/xt0rcxwGRZc/hqdefault.jpg?sqp=-oaymwEcCNACELwBSFXyq4qpAw4IARUAAIhCGAFwAcABBg==&rs=AOn4CLBoYkXuTX5VDykH9zRY6VWTovvwVA
qZX-AEdVWQg,https://www.youtube.com/watch?v=qZX-AEdVWQg,¿En qué me debo centrar al comprar un auto?  |  Tixuz Autos,1663.0,,videos,https://i.ytimg.com/vi/qZX-AEdVWQg/hqdefault.jpg?sqp=-oaymwEcCNACELwBSFXyq4qpAw4IARUAAIhCGAFwAcABBg==&rs=AOn4CLDp2WCKWUe3f3g9jdqZ46ev7mP7bQ
gApsiZuqH_4,https://www.youtube.com/watch?v=gApsiZuqH_4,Tips ¿Financiado o de contado?  I  Tixuz Autos,684.0,,videos,https://i.ytimg.com/vi/gApsiZuqH_4/hqdefault.jpg?sqp=-oaymwEcCNACELwBSFXyq4qpAw4IARUAAIhCGAFwAcABBg==&rs=AOn4CLBwIw8ub14WMeDBF0oz7vaMSRHF5A
jweXNVr_RsA,https://www.youtube.com/watch?v=jweXNVr_RsA,Toyota Hilux SRV 2018  I  Tixuz Autos,515.0,,videos,https://i.ytimg.com/vi/jweXNVr_RsA/hqdefault.jpg?sqp=-oaymwEcCNACELwBSFXyq4qpAw4IARUAAIhCGAFwAcABBg==&rs=AOn4CLDxnbvqLs1VfBZlLwcPVgUnPiqshQ
cxqdhbcn_Kw,https://www.youtube.com/watch?v=cxqdhbcn_Kw,Mitos #11: ¿Llantas bajas para mejor tracción?  I  Tixuz Autos,1307.0,,videos,https://i.ytimg.com/vi/cxqdhbcn_Kw/hqdefault.jpg?sqp=-oaymwEcCNACELwBSFXyq4qpAw4IARUAAIhCGAFwAcABBg==&rs=AOn4CLAu-OkKdGKA7ctlE6nyV7YhKbhDYg
TsRulce4bcs,https://www.youtube.com/watch?v=TsRulce4bcs,La importancia del freno de mano.  I  Tixuz Autos,886.0,,videos,https://i.ytimg.com/vi/TsRulce4bcs/hqdefault.jpg?sqp=-oaymwEcCNACELwBSFXyq4qpAw4IARUAAIhCGAFwAcABBg==&rs=AOn4CLAIfYNRlZejk4vcNQttecGsIg-5DQ
eQnSdY_fRsM,https://www.youtube.com/watch?v=eQnSdY_fRsM,"Ford: ¿Me lo compro, o no me lo compro?",1188.0,,videos,https://i.ytimg.com/vi/eQnSdY_fRsM/hqdefault.jpg?sqp=-oaymwEcCNACELwBSFXyq4qpAw4IARUAAIhCGAFwAcABBg==&rs=AOn4CLBQWhJqjQsAjmBpOsoYQ_7NSTo7yg
AUShYMQNLR8,https://www.youtube.com/watch?v=AUShYMQNLR8,"Mitos #10: ¿Si lavo los inyectores, se ensucia el aceite?  I  Tixua Autos",1211.0,,videos,https://i.ytimg.com/vi/AUShYMQNLR8/hqdefault.jpg?sqp=-oaymwEcCNACELwBSFXyq4qpAw4IARUAAIhCGAFwAcABBg==&rs=AOn4CLDWleg5UbV0niWcDEPOtbiKLe2PFg
9HDQfPcuh9k,https://www.youtube.com/watch?v=9HDQfPcuh9k,"La verdad de los autos ""chocolate"".  I  TIxuz Autos",947.0,,videos,https://i.ytimg.com/vi/9HDQfPcuh9k/hqdefault.jpg?sqp=-oaymwEcCNACELwBSFXyq4qpAw4IARUAAIhCGAFwAcABBg==&rs=AOn4CLDEU7vP6BeB2P0NgD_f2Pce7d1ixg
P7z3mNucMPM,https://www.youtube.com/watch?v=P7z3mNucMPM,EL proceso de un producto.  I  Tixuz Autos,1434.0,,videos,https://i.ytimg.com/vi/P7z3mNucMPM/hqdefault.jpg?sqp=-oaymwEcCNACELwBSFXyq4qpAw4IARUAAIhCGAFwAcABBg==&rs=AOn4CLCm6f_VV0MCwnQqsZzvBME_jTKbOw
7KaYB76qs-w,https://www.youtube.com/watch?v=7KaYB76qs-w,La importancia de las bolsas de aire.  I  Tixuz Autos,848.0,,videos,https://i.ytimg.com/vi/7KaYB76qs-w/hqdefault.jpg?sqp=-oaymwEcCNACELwBSFXyq4qpAw4IARUAAIhCGAFwAcABBg==&rs=AOn4CLCOjHzo8Ba-QA5Eto31WahpOJEqNA
3mSLbX6pWW0,https://www.youtube.com/watch?v=3mSLbX6pWW0,¿Qué tipo de gasolina? Ya neta.  I  Tixuz Autos,920.0,,videos,https://i.ytimg.com/vi/3mSLbX6pWW0/hqdefault.jpg?sqp=-oaymwEcCNACELwBSFXyq4qpAw4IARUAAIhCGAFwAcABBg==&rs=AOn4CLDaypQ8E6l3pQEcou044E9gOnGFag
N6CRCXxgIG0,https://www.youtube.com/watch?v=N6CRCXxgIG0,"Mitos 09; Si mis rines son de aluminio, mi carro me da más torque.  I  Tixuz Autos.",1344.0,,videos,https://i.ytimg.com/vi/N6CRCXxgIG0/hqdefault.jpg?sqp=-oaymwEcCNACELwBSFXyq4qpAw4IARUAAIhCGAFwAcABBg==&rs=AOn4CLBfZ2aAsQxWX80WyBA6Sk9d6qJKDw
36fq03Mey4Y,https://www.youtube.com/watch?v=36fq03Mey4Y,El parcial TLCAN  I  Tixuz Autos.,1151.0,,videos,https://i.ytimg.com/vi/36fq03Mey4Y/hqdefault.jpg?sqp=-oaymwEcCNACELwBSFXyq4qpAw4IARUAAIhCGAFwAcABBg==&rs=AOn4CLDIZSIWZfUs-ihSKZq4EdmaErjTyQ
McqUtnRFPo0,https://www.youtube.com/watch?v=McqUtnRFPo0,Las fallas en los autos.  I  Tixuz Autos.,1024.0,,videos,https://i.ytimg.com/vi/McqUtnRFPo0/hqdefault.jpg?sqp=-oaymwEcCNACELwBSFXyq4qpAw4IARUAAIhCGAFwAcABBg==&rs=AOn4CLCEkK0HteImJDYVXX65cEHyTYQUvA
gmpVvxS4cfs,https://www.youtube.com/watch?v=gmpVvxS4cfs,Entre redes nos veamos.  I  Tixuz Autos.,1166.0,,videos,https://i.ytimg.com/vi/gmpVvxS4cfs/hqdefault.jpg?sqp=-oaymwEcCNACELwBSFXyq4qpAw4IARUAAIhCGAFwAcABBg==&rs=AOn4CLC0KvhOc0watNc8LEjo2f2krTVp2w
J7AnQpge-Gg,https://www.youtube.com/watch?v=J7AnQpge-Gg,La tracción.  I  Tixuz Autos,1069.0,,videos,https://i.ytimg.com/vi/J7AnQpge-Gg/hqdefault.jpg?sqp=-oaymwEcCNACELwBSFXyq4qpAw4IARUAAIhCGAFwAcABBg==&rs=AOn4CLCFZLrrMjYsYRwt6AdovgjyH8fCzQ
ewvcZiL0aUs,https://www.youtube.com/watch?v=ewvcZiL0aUs,Las plataformas.  I  Tixuz Autos.,990.0,,videos,https://i.ytimg.com/vi/ewvcZiL0aUs/hqdefault.jpg?sqp=-oaymwEcCNACELwBSFXyq4qpAw4IARUAAIhCGAFwAcABBg==&rs=AOn4CLDG2h7WPmsA-tnfO1_AUTs_UXbH5g
Pu-0oEa2Swk,https://www.youtube.com/watch?v=Pu-0oEa2Swk,Los que más llegan a los talleres. Los más defectuosos.  I  Tixuz Autos,1063.0,,videos,https://i.ytimg.com/vi/Pu-0oEa2Swk/hqdefault.jpg?sqp=-oaymwEcCNACELwBSFXyq4qpAw4IARUAAIhCGAFwAcABBg==&rs=AOn4CLAmZRzPVRkZOiyspuTwxyxdamcgaQ
mcH98u01z7s,https://www.youtube.com/watch?v=mcH98u01z7s,Las Luces  I  Tixuz Autos.,1210.0,,videos,https://i.ytimg.com/vi/mcH98u01z7s/hqdefault.jpg?sqp=-oaymwEcCNACELwBSFXyq4qpAw4IARUAAIhCGAFwAcABBg==&rs=AOn4CLAUkyCsdnDRXSg6MWpxOXcnWQ5y6g
Z3z43asrMLo,https://www.youtube.com/watch?v=Z3z43asrMLo,"Fiat; ¿Me lo compro, o no me lo compro?  i  Tixuz Autos",543.0,,videos,https://i.ytimg.com/vi/Z3z43asrMLo/hqdefault.jpg?sqp=-oaymwEcCNACELwBSFXyq4qpAw4IARUAAIhCGAFwAcABBg==&rs=AOn4CLAZ215EK_T6UZAg7axSil24ww-dkA
JyDhuLighXc,https://www.youtube.com/watch?v=JyDhuLighXc,Mitos 8; Los motores más grandes resisten más estrés...,1371.0,,videos,https://i.ytimg.com/vi/JyDhuLighXc/hqdefault.jpg?sqp=-oaymwEcCNACELwBSFXyq4qpAw4IARUAAIhCGAFwAcABBg==&rs=AOn4CLA6MxFQWYNx_vYw2yKjrdSefxCRtw
2cGiUGIDQhc,https://www.youtube.com/watch?v=2cGiUGIDQhc,Las competencias al rededor del mundo.  I  Tixuz Autos.,1191.0,,videos,https://i.ytimg.com/vi/2cGiUGIDQhc/hqdefault.jpg?sqp=-oaymwEcCNACELwBSFXyq4qpAw4IARUAAIhCGAFwAcABBg==&rs=AOn4CLAMMn6a8vjkMgZvKa-dT65sW6MCdQ
tmLpa3RAm-E,https://www.youtube.com/watch?v=tmLpa3RAm-E,Los servicios ofrecidos por las agencias.,1116.0,,videos,https://i.ytimg.com/vi/tmLpa3RAm-E/hqdefault.jpg?sqp=-oaymwEcCNACELwBSFXyq4qpAw4IARUAAIhCGAFwAcABBg==&rs=AOn4CLBD63-uBHSTAcqL63Wpk-YlVoe6nQ
GvRNAXqTJFg,https://www.youtube.com/watch?v=GvRNAXqTJFg,"Chevrolet: ¿Me lo compro, o no me lo compro?  I  Tixuz Autos.",1527.0,,videos,https://i.ytimg.com/vi/GvRNAXqTJFg/hqdefault.jpg?sqp=-oaymwEcCNACELwBSFXyq4qpAw4IARUAAIhCGAFwAcABBg==&rs=AOn4CLAtQ--2wsFCm8SvUJ6jQ4wLi74WwQ
HlB1DNXZ2B8,https://www.youtube.com/watch?v=HlB1DNXZ2B8,"Chrysler; ¿Me lo compro, o no me lo compro?  i  Tixuz Autos",406.0,,videos,https://i.ytimg.com/vi/HlB1DNXZ2B8/hqdefault.jpg?sqp=-oaymwEcCNACELwBSFXyq4qpAw4IARUAAIhCGAFwAcABBg==&rs=AOn4CLAz1jMDTCjjmK-9ZRFQOyUgfyl92A
Nzq8Hs0WuLY,https://www.youtube.com/watch?v=Nzq8Hs0WuLY,"Dodge; ¿Me lo compro, o no me lo compro?  I  Tixuz Autos",1084.0,,videos,https://i.ytimg.com/vi/Nzq8Hs0WuLY/hqdefault.jpg?sqp=-oaymwEcCNACELwBSFXyq4qpAw4IARUAAIhCGAFwAcABBg==&rs=AOn4CLDrXdJtDktI-CmlUKHo3O4finEElw
Gc_ZWlSldDI,https://www.youtube.com/watch?v=Gc_ZWlSldDI,Prueba del alce con la Nissan Kicks  I Tixuz Autos,1427.0,,videos,https://i.ytimg.com/vi/Gc_ZWlSldDI/hqdefault.jpg?sqp=-oaymwEcCNACELwBSFXyq4qpAw4IARUAAIhCGAFwAcABBg==&rs=AOn4CLDrSegdSVGgJ-5brqgRoEcKIjKy6w
aik3HuIieAU,https://www.youtube.com/watch?v=aik3HuIieAU,La anécdota: El modo de manejo  I Tixuz,786.0,,videos,https://i.ytimg.com/vi/aik3HuIieAU/hqdefault.jpg?sqp=-oaymwEcCNACELwBSFXyq4qpAw4IARUAAIhCGAFwAcABBg==&rs=AOn4CLDM-qeAGnR2oN2G0GiMRN_iQ2WCFw
1vO11O-mZZw,https://www.youtube.com/watch?v=1vO11O-mZZw,Mitos 7; El sistema de audio hace gastar más gasolina.,1600.0,,videos,https://i.ytimg.com/vi/1vO11O-mZZw/hqdefault.jpg?sqp=-oaymwEcCNACELwBSFXyq4qpAw4IARUAAIhCGAFwAcABBg==&rs=AOn4CLCSBFqNASf7TWHrKlB-SPDoWvOv_Q
xbLsB0glOJ0,https://www.youtube.com/watch?v=xbLsB0glOJ0,La tecnologia que usan los autos. I  Tixuz Autos.,1519.0,,videos,https://i.ytimg.com/vi/xbLsB0glOJ0/hqdefault.jpg?sqp=-oaymwEcCNACELwBSFXyq4qpAw4IARUAAIhCGAFwAcABBg==&rs=AOn4CLA0kEG8aPhvpRFirj8N7qCn66gn4Q
hG201jGYyFY,https://www.youtube.com/watch?v=hG201jGYyFY,Yamaha Experience 2018  I  Tixuz Motos.,777.0,,videos,https://i.ytimg.com/vi/hG201jGYyFY/hqdefault.jpg?sqp=-oaymwEcCNACELwBSFXyq4qpAw4IARUAAIhCGAFwAcABBg==&rs=AOn4CLAEAmJ_8_rKzsBho7sJYY_5eQTzJQ
nrtJexdhFe4,https://www.youtube.com/watch?v=nrtJexdhFe4,Así va la subasta de la Toyota Sienna,18.0,,videos,https://i.ytimg.com/vi/nrtJexdhFe4/hqdefault.jpg?sqp=-oaymwEcCNACELwBSFXyq4qpAw4IARUAAIhCGAFwAcABBg==&rs=AOn4CLAJ9N-hqFdKKoGLLSU7YoRGUymT6g
AVwRqOOFFrM,https://www.youtube.com/watch?v=AVwRqOOFFrM,"Deportivos o lujosos, en que invertirías.  I  Tixuz Autos",1563.0,,videos,https://i.ytimg.com/vi/AVwRqOOFFrM/hqdefault.jpg?sqp=-oaymwEcCNACELwBSFXyq4qpAw4IARUAAIhCGAFwAcABBg==&rs=AOn4CLBwBqaVIU5U4D1zKLiMYbQ3FUakvQ
fvTS5H9JoDA,https://www.youtube.com/watch?v=fvTS5H9JoDA,Mitos 6 ¿Los rines afectan la velocidad del auto?  I  Tixuz Autos,1010.0,,videos,https://i.ytimg.com/vi/fvTS5H9JoDA/hqdefault.jpg?sqp=-oaymwEcCNACELwBSFXyq4qpAw4IARUAAIhCGAFwAcABBg==&rs=AOn4CLDtmKFSryzMnyBIVRAW-7CbKEobZg
HT1q8UkaFww,https://www.youtube.com/watch?v=HT1q8UkaFww,¿Por qué tantas versiones?  I Tixuz Autos,1472.0,,videos,https://i.ytimg.com/vi/HT1q8UkaFww/hqdefault.jpg?sqp=-oaymwEcCNACELwBSFXyq4qpAw4IARUAAIhCGAFwAcABBg==&rs=AOn4CLAGpO5V0KFN_yKmNJYxdcpjHY4maw
6-KylCm0C7I,https://www.youtube.com/watch?v=6-KylCm0C7I,El diesel ¿Mejor que la gasolina?  I  Tixuz Autos,1248.0,,videos,https://i.ytimg.com/vi/6-KylCm0C7I/hqdefault.jpg?sqp=-oaymwEcCNACELwBSFXyq4qpAw4IARUAAIhCGAFwAcABBg==&rs=AOn4CLCpOhbNa0zhpdcR_BCfHCHqBtKPkA
FciG1-DJM2I,https://www.youtube.com/watch?v=FciG1-DJM2I,El movimiento de los precios en el mercado de autos  I  Tixuz Autos,908.0,,videos,https://i.ytimg.com/vi/FciG1-DJM2I/hqdefault.jpg?sqp=-oaymwEcCNACELwBSFXyq4qpAw4IARUAAIhCGAFwAcABBg==&rs=AOn4CLCD6rp8Qms3nRizlNnNhmYO-Z9Hpw
P1Rt2tXnMWU,https://www.youtube.com/watch?v=P1Rt2tXnMWU,Nissan se confiesa; ¡y no con un padre!,1265.0,,videos,https://i.ytimg.com/vi/P1Rt2tXnMWU/hqdefault.jpg?sqp=-oaymwEcCNACELwBSFXyq4qpAw4IARUAAIhCGAFwAcABBg==&rs=AOn4CLAQv0qcM-3kO9vAoikHU9oZNfeZZQ
KtGNiQyj0_A,https://www.youtube.com/watch?v=KtGNiQyj0_A,Mitos de los autos # 5 I Tixuz Autos,1259.0,,videos,https://i.ytimg.com/vi/KtGNiQyj0_A/hqdefault.jpg?sqp=-oaymwEcCNACELwBSFXyq4qpAw4IARUAAIhCGAFwAcABBg==&rs=AOn4CLBN1vG42HlEbuIDzLTWmfXl0dxNGg
rj-ssoj0_Ak,https://www.youtube.com/watch?v=rj-ssoj0_Ak,Los peores autos y los mejores de Cadillac I Tixuz Autos,631.0,,videos,https://i.ytimg.com/vi/rj-ssoj0_Ak/hqdefault.jpg?sqp=-oaymwEcCNACELwBSFXyq4qpAw4IARUAAIhCGAFwAcABBg==&rs=AOn4CLDIf5QqenWGffXFOowR22a3GLIoMA
2wjBOLFuejY,https://www.youtube.com/watch?v=2wjBOLFuejY,"La sobrepoblación de autos, ¿Un problema?  I  Tixuz Autos",1210.0,,videos,https://i.ytimg.com/vi/2wjBOLFuejY/hqdefault.jpg?sqp=-oaymwEcCNACELwBSFXyq4qpAw4IARUAAIhCGAFwAcABBg==&rs=AOn4CLClXhNDRIToj1q7nQ2EcXIhTUNmbw
HIMlqBQoDTM,https://www.youtube.com/watch?v=HIMlqBQoDTM,Los peores autos y los mejores de Buick I Tixuz Autos,595.0,,videos,https://i.ytimg.com/vi/HIMlqBQoDTM/hqdefault.jpg?sqp=-oaymwEcCNACELwBSFXyq4qpAw4IARUAAIhCGAFwAcABBg==&rs=AOn4CLCAN-cEYxWMdsXFq-cNd9VKS-zH2A
j1sMh0TQSpE,https://www.youtube.com/watch?v=j1sMh0TQSpE,"Ford GT, cómo humilló a Ferrari.  I  Tixuz Autos.",1280.0,,videos,https://i.ytimg.com/vi/j1sMh0TQSpE/hqdefault.jpg?sqp=-oaymwEcCNACELwBSFXyq4qpAw4IARUAAIhCGAFwAcABBg==&rs=AOn4CLAy0k56GyHHmLSV2rseY3XdiRT9VA
UK-4hKIfYNI,https://www.youtube.com/watch?v=UK-4hKIfYNI,Mitos de los autos # 4 I Tixuz Autos,1451.0,,videos,https://i.ytimg.com/vi/UK-4hKIfYNI/hqdefault.jpg?sqp=-oaymwEcCNACELwBSFXyq4qpAw4IARUAAIhCGAFwAcABBg==&rs=AOn4CLAqdvhEnR2JsV3js-sgUS-b3MknSQ
9-L6Euowqsk,https://www.youtube.com/watch?v=9-L6Euowqsk,Los peores autos y los mejores de BMW I Tixuz Autos,728.0,,videos,https://i.ytimg.com/vi/9-L6Euowqsk/hqdefault.jpg?sqp=-oaymwEcCNACELwBSFXyq4qpAw4IARUAAIhCGAFwAcABBg==&rs=AOn4CLCtAYdW2lFptOT6opkdfRj210HdDw
KB8aYul7bsg,https://www.youtube.com/watch?v=KB8aYul7bsg,Los peores autos y los mejores de Audi I Tixuz Autos,976.0,,videos,https://i.ytimg.com/vi/KB8aYul7bsg/hqdefault.jpg?sqp=-oaymwEcCNACELwBSFXyq4qpAw4IARUAAIhCGAFwAcABBg==&rs=AOn4CLCzA1PvqvXj6aHJ6ReZhmP9qyrwog
liquQLMmnXo,https://www.youtube.com/watch?v=liquQLMmnXo,Mitos de los autos # 3 I Tixuz Autos,1347.0,,videos,https://i.ytimg.com/vi/liquQLMmnXo/hqdefault.jpg?sqp=-oaymwEcCNACELwBSFXyq4qpAw4IARUAAIhCGAFwAcABBg==&rs=AOn4CLAX5C7pYSvvVesqN9Wx_t3SXbukOA
d4Lw_SGG9g4,https://www.youtube.com/watch?v=d4Lw_SGG9g4,Los peores autos y los mejores de Alfa I Tixuz Autos,852.0,,videos,https://i.ytimg.com/vi/d4Lw_SGG9g4/hqdefault.jpg?sqp=-oaymwEcCNACELwBSFXyq4qpAw4IARUAAIhCGAFwAcABBg==&rs=AOn4CLBTB1WU_NI3YBMqhhfWa3usCyWdNA
A7d8_EBweoc,https://www.youtube.com/watch?v=A7d8_EBweoc,La gasolina a 19 no mames!!!!!,27.0,,videos,https://i.ytimg.com/vi/A7d8_EBweoc/hqdefault.jpg?sqp=-oaymwEcCNACELwBSFXyq4qpAw4IARUAAIhCGAFwAcABBg==&rs=AOn4CLB57d8cZ0Hspv8yJKOPQR0NlxYdlQ
byvq2VPduz4,https://www.youtube.com/watch?v=byvq2VPduz4,"Los híbridos, la transición a los eléctricos.",1664.0,,videos,https://i.ytimg.com/vi/byvq2VPduz4/hqdefault.jpg?sqp=-oaymwEcCNACELwBSFXyq4qpAw4IARUAAIhCGAFwAcABBg==&rs=AOn4CLAoWxPErmDAah87pJH206Fjcu0N0Q
IkxI4MwXqrc,https://www.youtube.com/watch?v=IkxI4MwXqrc,Autos X país. I Tixuz Autos.,1149.0,,videos,https://i.ytimg.com/vi/IkxI4MwXqrc/hqdefault.jpg?sqp=-oaymwEcCNACELwBSFXyq4qpAw4IARUAAIhCGAFwAcABBg==&rs=AOn4CLAP5W9otHf4MEMMnVwQm_6lHZ64Xw
2IMvjN3S0sk,https://www.youtube.com/watch?v=2IMvjN3S0sk,Autos y fútbol I Tixuz Autos,1198.0,,videos,https://i.ytimg.com/vi/2IMvjN3S0sk/hqdefault.jpg?sqp=-oaymwEcCNACELwBSFXyq4qpAw4IARUAAIhCGAFwAcABBg==&rs=AOn4CLAEqvEcc5caa7xZKDoUaeXb1HeAww
5zZtDFeBbvo,https://www.youtube.com/watch?v=5zZtDFeBbvo,Los mejores autos y mujeres de la historia  según Tixuz Autos.,1528.0,,videos,https://i.ytimg.com/vi/5zZtDFeBbvo/hqdefault.jpg?sqp=-oaymwEcCNACELwBSFXyq4qpAw4IARUAAIhCGAFwAcABBg==&rs=AOn4CLCGj2dEpJlWGWEcill8rClFjqEVew
x_Vg0MtzV8c,https://www.youtube.com/watch?v=x_Vg0MtzV8c,Los peores autos y los mejores de Acura I Tixuz Autos,639.0,,videos,https://i.ytimg.com/vi/x_Vg0MtzV8c/hqdefault.jpg?sqp=-oaymwEcCNACELwBSFXyq4qpAw4IARUAAIhCGAFwAcABBg==&rs=AOn4CLAtfq30R7pGpIoPgE2MFduG01m6OQ
g3isJzwfr4o,https://www.youtube.com/watch?v=g3isJzwfr4o,Toyota Prius C. I Tixuz Autos,2039.0,,videos,https://i.ytimg.com/vi/g3isJzwfr4o/hqdefault.jpg?sqp=-oaymwEcCNACELwBSFXyq4qpAw4IARUAAIhCGAFwAcABBg==&rs=AOn4CLB_fTYjpXP2RfC03fF-T0mIo6EX7w
HpOeZXXHZDQ,https://www.youtube.com/watch?v=HpOeZXXHZDQ,Mitos de los autos # 2 I Tixuz Autos,1491.0,,videos,https://i.ytimg.com/vi/HpOeZXXHZDQ/hqdefault.jpg?sqp=-oaymwEcCNACELwBSFXyq4qpAw4IARUAAIhCGAFwAcABBg==&rs=AOn4CLAqS8wfcvwoBzxETxVaRtrpzYuVUw
Q6TOocWVT7o,https://www.youtube.com/watch?v=Q6TOocWVT7o,Habemus presidente...,21.0,,videos,https://i.ytimg.com/vi/Q6TOocWVT7o/hqdefault.jpg?sqp=-oaymwEcCNACELwBSFXyq4qpAw4IARUAAIhCGAFwAcABBg==&rs=AOn4CLCGVvuL5CzXshX9oLAJqWpBR3oVRg
aqzRN68EQnY,https://www.youtube.com/watch?v=aqzRN68EQnY,¿Cuánto han subido los precios en 2018 I Tixuz Autos.,1803.0,,videos,https://i.ytimg.com/vi/aqzRN68EQnY/hqdefault.jpg?sqp=-oaymwEcCNACELwBSFXyq4qpAw4IARUAAIhCGAFwAcABBg==&rs=AOn4CLBolWeIjajg6ugy1LPLO_VpMgi4Bw
lShsmR0_ktk,https://www.youtube.com/watch?v=lShsmR0_ktk,Por que todos estan locos por amlo,18.0,,videos,https://i.ytimg.com/vi/lShsmR0_ktk/hqdefault.jpg?sqp=-oaymwEcCNACELwBSFXyq4qpAw4IARUAAIhCGAFwAcABBg==&rs=AOn4CLD3fdR7mFVPQRkdddw589Oz_V5E9w
6UOZBRz_dBA,https://www.youtube.com/watch?v=6UOZBRz_dBA,Las Suvs mas vendidas en México. I Tixuz Autos.,962.0,,videos,https://i.ytimg.com/vi/6UOZBRz_dBA/hqdefault.jpg?sqp=-oaymwEcCNACELwBSFXyq4qpAw4IARUAAIhCGAFwAcABBg==&rs=AOn4CLB4iHKB098mg_Yd23G_fOqEpoAdrg
rd0gt3iJYrU,https://www.youtube.com/watch?v=rd0gt3iJYrU,Mitos de los autos #1,1351.0,,videos,https://i.ytimg.com/vi/rd0gt3iJYrU/hqdefault.jpg?sqp=-oaymwEcCNACELwBSFXyq4qpAw4IARUAAIhCGAFwAcABBg==&rs=AOn4CLA_bncTHjQji6oRBLI3OaYlXfJ46Q
8fxg-Fz257I,https://www.youtube.com/watch?v=8fxg-Fz257I,Expomecanica luis y lalo,1129.0,,videos,https://i.ytimg.com/vi/8fxg-Fz257I/hqdefault.jpg?sqp=-oaymwEcCNACELwBSFXyq4qpAw4IARUAAIhCGAFwAcABBg==&rs=AOn4CLDWQULbc55VLSwsmACNUPbB5DQa_g
GUErHQwsUMg,https://www.youtube.com/watch?v=GUErHQwsUMg,Previo expomecanica,416.0,,videos,https://i.ytimg.com/vi/GUErHQwsUMg/hqdefault.jpg?sqp=-oaymwEcCNACELwBSFXyq4qpAw4IARUAAIhCGAFwAcABBg==&rs=AOn4CLD-zqU2BDGLzXUAlZTf1tpS8oSxJg
YCqH6Xv0hDQ,https://www.youtube.com/watch?v=YCqH6Xv0hDQ,Expomecánico 1 de Junio de 2018. I Tixuz Autos,791.0,,videos,https://i.ytimg.com/vi/YCqH6Xv0hDQ/hqdefault.jpg?sqp=-oaymwEcCNACELwBSFXyq4qpAw4IARUAAIhCGAFwAcABBg==&rs=AOn4CLC291mQHXKCZppcvyYBnNlEqC3s7A
WxPQkWIO9r0,https://www.youtube.com/watch?v=WxPQkWIO9r0,Marcas Mexicanas I Tixuz Autos.,1311.0,,videos,https://i.ytimg.com/vi/WxPQkWIO9r0/hqdefault.jpg?sqp=-oaymwEcCNACELwBSFXyq4qpAw4IARUAAIhCGAFwAcABBg==&rs=AOn4CLDgp_4yw4DYxUk2564BUzhPhrMeSQ
OcVkndh2pyE,https://www.youtube.com/watch?v=OcVkndh2pyE,Conversión a Gas Natural Vehicular. I TIxuz Autos.,1741.0,,videos,https://i.ytimg.com/vi/OcVkndh2pyE/hqdefault.jpg?sqp=-oaymwEcCNACELwBSFXyq4qpAw4IARUAAIhCGAFwAcABBg==&rs=AOn4CLACQW2ikRYRYjjuOJ9ylRaRdT3I1w
ljdNgt2LpKQ,https://www.youtube.com/watch?v=ljdNgt2LpKQ,Vengan al canal de chavorucos,26.0,,videos,https://i.ytimg.com/vi/ljdNgt2LpKQ/hqdefault.jpg?sqp=-oaymwEcCNACELwBSFXyq4qpAw4IARUAAIhCGAFwAcABBg==&rs=AOn4CLDbWKGLr8UQN1O_D2ZPvUVnc__wiw
CXp_Rov1Ia8,https://www.youtube.com/watch?v=CXp_Rov1Ia8,¿Banda o cadena de tiempo? I Tixuz Autos,1462.0,,videos,https://i.ytimg.com/vi/CXp_Rov1Ia8/hqdefault.jpg?sqp=-oaymwEcCNACELwBSFXyq4qpAw4IARUAAIhCGAFwAcABBg==&rs=AOn4CLDE7U_gb1hydv6DT_QfC4q2H0hE9w
ZGyxkB_GUIg,https://www.youtube.com/watch?v=ZGyxkB_GUIg,Los Seguros I Tixuz Autos,1608.0,,videos,https://i.ytimg.com/vi/ZGyxkB_GUIg/hqdefault.jpg?sqp=-oaymwEcCNACELwBSFXyq4qpAw4IARUAAIhCGAFwAcABBg==&rs=AOn4CLC5nrY4H432WWwFiKESzlbVxWewDg
yVz-2KAJj7I,https://www.youtube.com/watch?v=yVz-2KAJj7I,Las marcas y sus familias. I Tixuz Autos.,1611.0,,videos,https://i.ytimg.com/vi/yVz-2KAJj7I/hqdefault.jpg?sqp=-oaymwEcCNACELwBSFXyq4qpAw4IARUAAIhCGAFwAcABBg==&rs=AOn4CLBPmJbwFkwtiFzc4M1kAq0XwQfTqw
ARMKLCZ9aQQ,https://www.youtube.com/watch?v=ARMKLCZ9aQQ,Las fallas de Honda Odyssey I Tixuz Autos,1213.0,,videos,https://i.ytimg.com/vi/ARMKLCZ9aQQ/hqdefault.jpg?sqp=-oaymwEcCNACELwBSFXyq4qpAw4IARUAAIhCGAFwAcABBg==&rs=AOn4CLCp5Z5rHCEz6rF88-kVp_zwelHOoQ
xzG9I3oji2g,https://www.youtube.com/watch?v=xzG9I3oji2g,¿Cómo van las cuentas? I TIxuz Autos.,1231.0,,videos,https://i.ytimg.com/vi/xzG9I3oji2g/hqdefault.jpg?sqp=-oaymwEcCNACELwBSFXyq4qpAw4IARUAAIhCGAFwAcABBg==&rs=AOn4CLBfB4B6t2g3z2RlNKKCSDQk2kxBAg
H0DE1kuCWzE,https://www.youtube.com/watch?v=H0DE1kuCWzE,Los avances en leyes de seguridad en los autos. I Tixuz Autos.,1426.0,,videos,https://i.ytimg.com/vi/H0DE1kuCWzE/hqdefault.jpg?sqp=-oaymwEcCNACELwBSFXyq4qpAw4IARUAAIhCGAFwAcABBg==&rs=AOn4CLD5dcKHZKXYyYeBoFsQF87CJ2m3mw
mXTDiaK7BgU,https://www.youtube.com/watch?v=mXTDiaK7BgU,Renault Duster Oroch I Tixuz Autos,904.0,,videos,https://i.ytimg.com/vi/mXTDiaK7BgU/hqdefault.jpg?sqp=-oaymwEcCNACELwBSFXyq4qpAw4IARUAAIhCGAFwAcABBg==&rs=AOn4CLBJAHoxIImzuaNiON6NVNJR3NleAA
zIdICoeCSas,https://www.youtube.com/watch?v=zIdICoeCSas,"""La Gasolina"" y no es de Daddy Yankee. I Tixuz Autos",1049.0,,videos,https://i.ytimg.com/vi/zIdICoeCSas/hqdefault.jpg?sqp=-oaymwEcCNACELwBSFXyq4qpAw4IARUAAIhCGAFwAcABBg==&rs=AOn4CLBs5MLTYh0EDFM6u7fcu3EqH1ePnQ
ksSg-itrDw0,https://www.youtube.com/watch?v=ksSg-itrDw0,¿Hacia dónde va Volkswagen?   I Tixuz Autos,1885.0,,videos,https://i.ytimg.com/vi/ksSg-itrDw0/hqdefault.jpg?sqp=-oaymwEcCNACELwBSFXyq4qpAw4IARUAAIhCGAFwAcABBg==&rs=AOn4CLCT-JVRDSbDvY3jHf2uISB3cpTCbg
alsI2KTrruc,https://www.youtube.com/watch?v=alsI2KTrruc,Nissan VS GM I Tixuz Autos,1628.0,,videos,https://i.ytimg.com/vi/alsI2KTrruc/hqdefault.jpg?sqp=-oaymwEcCNACELwBSFXyq4qpAw4IARUAAIhCGAFwAcABBg==&rs=AOn4CLDDUuUMNBwM-Ihi6V-MjRixJeYTVQ
9l68J2BuvIs,https://www.youtube.com/watch?v=9l68J2BuvIs,Tixuz News #12. Se presentan cargos contra Martin Winterkorn I Tixuz Autos,455.0,,videos,https://i.ytimg.com/vi/9l68J2BuvIs/hqdefault.jpg?sqp=-oaymwEcCNACELwBSFXyq4qpAw4IARUAAIhCGAFwAcABBg==&rs=AOn4CLCoF_0eaVbJqBjkgaC6wBHeCBLOAQ
42Wc5N_tAE8,https://www.youtube.com/watch?v=42Wc5N_tAE8,La muerte de los Sedanes. I Tixuz Autos,1408.0,,videos,https://i.ytimg.com/vi/42Wc5N_tAE8/hqdefault.jpg?sqp=-oaymwEcCNACELwBSFXyq4qpAw4IARUAAIhCGAFwAcABBg==&rs=AOn4CLBXOn3Fgk3yzDU3IBrrAr3VDXfyvQ
Ccg7MkbQI6E,https://www.youtube.com/watch?v=Ccg7MkbQI6E,Tesla y sus innovaciones. I Tixuz Autos,1927.0,,videos,https://i.ytimg.com/vi/Ccg7MkbQI6E/hqdefault.jpg?sqp=-oaymwEcCNACELwBSFXyq4qpAw4IARUAAIhCGAFwAcABBg==&rs=AOn4CLDyb7K713SnQRgx88ZLxGnYSD35tw
lrTDLxRv7j4,https://www.youtube.com/watch?v=lrTDLxRv7j4,¿Facelift o nuevos modelos? I Tixuz Autos,1351.0,,videos,https://i.ytimg.com/vi/lrTDLxRv7j4/hqdefault.jpg?sqp=-oaymwEcCNACELwBSFXyq4qpAw4IARUAAIhCGAFwAcABBg==&rs=AOn4CLD-0FUw3Ccx3ijMPLcOLx4G3NFlTA
P-EDXddz5xw,https://www.youtube.com/watch?v=P-EDXddz5xw,¿Qué regalarle a las madres en su día? I Tixuz Autos,756.0,,videos,https://i.ytimg.com/vi/P-EDXddz5xw/hqdefault.jpg?sqp=-oaymwEcCNACELwBSFXyq4qpAw4IARUAAIhCGAFwAcABBg==&rs=AOn4CLAIjmgahcM91Wdt6NR6PA8GKn2t4Q
3kaBbhhkm1o,https://www.youtube.com/watch?v=3kaBbhhkm1o,Los tipos de Motores I Tixuz Autos,1444.0,,videos,https://i.ytimg.com/vi/3kaBbhhkm1o/hqdefault.jpg?sqp=-oaymwEcCNACELwBSFXyq4qpAw4IARUAAIhCGAFwAcABBg==&rs=AOn4CLDbftJeZjfOsWpFkHkOhY7-11JfMg
Xju55odx2Jc,https://www.youtube.com/watch?v=Xju55odx2Jc,El Tuning de los vaguetos.,1444.0,,videos,https://i.ytimg.com/vi/Xju55odx2Jc/hqdefault.jpg?sqp=-oaymwEcCNACELwBSFXyq4qpAw4IARUAAIhCGAFwAcABBg==&rs=AOn4CLAjYVAYhO87Q1QSZDF_phLu9LImFQ
AsgOghZ0rj0,https://www.youtube.com/watch?v=AsgOghZ0rj0,Las modificaciones que si le sirven a tu auto. I Tixuz Autos,1426.0,,videos,https://i.ytimg.com/vi/AsgOghZ0rj0/hqdefault.jpg?sqp=-oaymwEcCNACELwBSFXyq4qpAw4IARUAAIhCGAFwAcABBg==&rs=AOn4CLC6QJz9vJroiTH7TH11qFsQPhU-uw
20p6l6N0mpg,https://www.youtube.com/watch?v=20p6l6N0mpg,Los autos coreanos llegaron para quedarse. I Tixuz Autos,793.0,,videos,https://i.ytimg.com/vi/20p6l6N0mpg/hqdefault.jpg?sqp=-oaymwEcCNACELwBSFXyq4qpAw4IARUAAIhCGAFwAcABBg==&rs=AOn4CLDCxtlF3Jw5KObFyKbF21bZTFgyEg
rBx3BJtvi9w,https://www.youtube.com/watch?v=rBx3BJtvi9w,Candidatos a la presidencia  I Tixuz Autos,1479.0,,videos,https://i.ytimg.com/vi/rBx3BJtvi9w/hqdefault.jpg?sqp=-oaymwEcCNACELwBSFXyq4qpAw4IARUAAIhCGAFwAcABBg==&rs=AOn4CLA4nBx55kS69OQIAQlSp74B2puXDA
QiaG_e4172I,https://www.youtube.com/watch?v=QiaG_e4172I,¿Qué país hace los mejores autos? ¿Japón o EUA?,957.0,,videos,https://i.ytimg.com/vi/QiaG_e4172I/hqdefault.jpg?sqp=-oaymwEcCNACELwBSFXyq4qpAw4IARUAAIhCGAFwAcABBg==&rs=AOn4CLCIfZuJLs9yCnzWkNBlGUMxGouRJw
2is0hSq6YbU,https://www.youtube.com/watch?v=2is0hSq6YbU,Ford Mustang: Su historia. I Tixuz Autos ¿le falta el final?,2025.0,,videos,https://i.ytimg.com/vi/2is0hSq6YbU/hqdefault.jpg?sqp=-oaymwEcCNACELwBSFXyq4qpAw4IARUAAIhCGAFwAcABBg==&rs=AOn4CLBwezePs79mwTMGwYSnVdLbwfLeFw
kHRJzQFT1Eg,https://www.youtube.com/watch?v=kHRJzQFT1Eg,Marcas chinas y la apertura de su mercado. I Tixuz Autos,825.0,,videos,https://i.ytimg.com/vi/kHRJzQFT1Eg/hqdefault.jpg?sqp=-oaymwEcCNACELwBSFXyq4qpAw4IARUAAIhCGAFwAcABBg==&rs=AOn4CLBB8RhQrlPVKikxs8_lseJJs4ovOQ
OiRmgg6uSDg,https://www.youtube.com/watch?v=OiRmgg6uSDg,La Experiencia Ferrari de Sergio Oliveira. I Tixuz Autos.,1587.0,,videos,https://i.ytimg.com/vi/OiRmgg6uSDg/hqdefault.jpg?sqp=-oaymwEcCNACELwBSFXyq4qpAw4IARUAAIhCGAFwAcABBg==&rs=AOn4CLCyk6YrD-O6TxVrg50mBgNoXob_og
pMsST-Q3-6o,https://www.youtube.com/watch?v=pMsST-Q3-6o,"Tixuz News #11 EUA y China, ¿cooperando en un proyecto? I Tixuz Autos",453.0,,videos,https://i.ytimg.com/vi/pMsST-Q3-6o/hqdefault.jpg?sqp=-oaymwEcCNACELwBSFXyq4qpAw4IARUAAIhCGAFwAcABBg==&rs=AOn4CLBGQMnL0F2_urNDvRHBCr7h1GTK9A
Qx5oWC7G0gU,https://www.youtube.com/watch?v=Qx5oWC7G0gU,¿Por qué revisar tu auto periódicamente? I Tixuz Autos.,769.0,,videos,https://i.ytimg.com/vi/Qx5oWC7G0gU/hqdefault.jpg?sqp=-oaymwEcCNACELwBSFXyq4qpAw4IARUAAIhCGAFwAcABBg==&rs=AOn4CLBVKifMpF0YsAfQaa-FDGS31ocxuA
r5fMd1Ge23o,https://www.youtube.com/watch?v=r5fMd1Ge23o,Los autos mas rápidos del planeta. I Tixuz Autos,1558.0,,videos,https://i.ytimg.com/vi/r5fMd1Ge23o/hqdefault.jpg?sqp=-oaymwEcCNACELwBSFXyq4qpAw4IARUAAIhCGAFwAcABBg==&rs=AOn4CLCC5_j6D94P1ww_rqDfR1Aujdur5Q
yJiyrA6ipTo,https://www.youtube.com/watch?v=yJiyrA6ipTo,Hasta la basura se separa I Tixuz Autos,1162.0,,videos,https://i.ytimg.com/vi/yJiyrA6ipTo/hqdefault.jpg?sqp=-oaymwEcCNACELwBSFXyq4qpAw4IARUAAIhCGAFwAcABBg==&rs=AOn4CLCsbnEdrJLzfVFebUZqljuaTbX5Fg
yx8i-VOz76Q,https://www.youtube.com/watch?v=yx8i-VOz76Q,"Ford Modelo ""T"" vs modelos actuales. I Tixuz Autos",1031.0,,videos,https://i.ytimg.com/vi/yx8i-VOz76Q/hqdefault.jpg?sqp=-oaymwEcCNACELwBSFXyq4qpAw4IARUAAIhCGAFwAcABBg==&rs=AOn4CLAIF48G_HGa0MA_f-1DrAWEG21V3A
rrmQF1Wre5E,https://www.youtube.com/watch?v=rrmQF1Wre5E,Autos que dejaron huella I Tixuz Autos,1210.0,,videos,https://i.ytimg.com/vi/rrmQF1Wre5E/hqdefault.jpg?sqp=-oaymwEcCNACELwBSFXyq4qpAw4IARUAAIhCGAFwAcABBg==&rs=AOn4CLAqB0qK-CgOzrDE21TxvP6niLEWbw
I2Fas0pWYK4,https://www.youtube.com/watch?v=I2Fas0pWYK4,El Jetta y su precio. I Tixuz Autos,1152.0,,videos,https://i.ytimg.com/vi/I2Fas0pWYK4/hqdefault.jpg?sqp=-oaymwEcCNACELwBSFXyq4qpAw4IARUAAIhCGAFwAcABBg==&rs=AOn4CLB_T7kbrqXnRmL1LKV6Owz-q1TTSA
L2mHgekYH2E,https://www.youtube.com/watch?v=L2mHgekYH2E,Verdaderos tips para ahorrar gasolina. I Tixuz Autos.,1204.0,,videos,https://i.ytimg.com/vi/L2mHgekYH2E/hqdefault.jpg?sqp=-oaymwEcCNACELwBSFXyq4qpAw4IARUAAIhCGAFwAcABBg==&rs=AOn4CLDv14WKzlhPH7x7t9_umPYc0CzUGA
f5zI9SvS3ek,https://www.youtube.com/watch?v=f5zI9SvS3ek,El Jetta 2019,1483.0,,videos,https://i.ytimg.com/vi/f5zI9SvS3ek/hqdefault.jpg?sqp=-oaymwEcCNACELwBSFXyq4qpAw4IARUAAIhCGAFwAcABBg==&rs=AOn4CLBe-o7gRds5r7X0T3Dl6BmletJy4g
5kFh9J1qcAI,https://www.youtube.com/watch?v=5kFh9J1qcAI,Los motores. I Tixuz Autos.,1171.0,,videos,https://i.ytimg.com/vi/5kFh9J1qcAI/hqdefault.jpg?sqp=-oaymwEcCNACELwBSFXyq4qpAw4IARUAAIhCGAFwAcABBg==&rs=AOn4CLA4m4H4My6oxCYBJnX7A8ohAURouA
F6W0GyVpTnQ,https://www.youtube.com/watch?v=F6W0GyVpTnQ,Ecovehiculos y sus mediciones ¿Reales? I Tixuz Autos,1496.0,,videos,https://i.ytimg.com/vi/F6W0GyVpTnQ/hqdefault.jpg?sqp=-oaymwEcCNACELwBSFXyq4qpAw4IARUAAIhCGAFwAcABBg==&rs=AOn4CLDBPhwuxH41DHbIu0rfYYX9jzRgqA
uE4NFnifm60,https://www.youtube.com/watch?v=uE4NFnifm60,"Nuevos VS Usados, ¿ustedes qué piensan? I Tixuz Autos",895.0,,videos,https://i.ytimg.com/vi/uE4NFnifm60/hqdefault.jpg?sqp=-oaymwEcCNACELwBSFXyq4qpAw4IARUAAIhCGAFwAcABBg==&rs=AOn4CLBHlCola678da4XhbL1IsvflMLBjg
wDPCY_zW6y0,https://www.youtube.com/watch?v=wDPCY_zW6y0,"Somos pobres para comprar autos, gracias a nuestro poder adquisitivo. I Tixuz Autos",1429.0,,videos,https://i.ytimg.com/vi/wDPCY_zW6y0/hqdefault.jpg?sqp=-oaymwEcCNACELwBSFXyq4qpAw4IARUAAIhCGAFwAcABBg==&rs=AOn4CLA3i85UCm3Dax-AtYCiSfoCKSWhrQ
9oUYb72smRg,https://www.youtube.com/watch?v=9oUYb72smRg,Ginebra 2018 Motor Show I Tixuz Autos,1059.0,,videos,https://i.ytimg.com/vi/9oUYb72smRg/hqdefault.jpg?sqp=-oaymwEcCNACELwBSFXyq4qpAw4IARUAAIhCGAFwAcABBg==&rs=AOn4CLBw1ipw7S1w7OZLikiPSO0x-KM4GA
6SeDHwz5Pig,https://www.youtube.com/watch?v=6SeDHwz5Pig,"Seguridad pasiva y activa, ¿por qué las bolsas de aire son tan importantes? I Tixuz Autos",1554.0,,videos,https://i.ytimg.com/vi/6SeDHwz5Pig/hqdefault.jpg?sqp=-oaymwEcCNACELwBSFXyq4qpAw4IARUAAIhCGAFwAcABBg==&rs=AOn4CLDnNCzOYQGBLMpHZBElNzTr7U464A
7F3yqk4-3ro,https://www.youtube.com/watch?v=7F3yqk4-3ro,La realidad sobre el Etanol I Tixuz Autos,1030.0,,videos,https://i.ytimg.com/vi/7F3yqk4-3ro/hqdefault.jpg?sqp=-oaymwEcCNACELwBSFXyq4qpAw4IARUAAIhCGAFwAcABBg==&rs=AOn4CLBTuVopFHyyS7c8XpxwFfPjwYoDUg
WYpGAqrKNKE,https://www.youtube.com/watch?v=WYpGAqrKNKE,Los hijos menos queridos por las marcas #2,720.0,,videos,https://i.ytimg.com/vi/WYpGAqrKNKE/hqdefault.jpg?sqp=-oaymwEcCNACELwBSFXyq4qpAw4IARUAAIhCGAFwAcABBg==&rs=AOn4CLAthYceP7d0dHLVLlZJ-g2fwx7clQ
dghSBmG142A,https://www.youtube.com/watch?v=dghSBmG142A,Autos Compactos l Tixuz Autos.,1642.0,,videos,https://i.ytimg.com/vi/dghSBmG142A/hqdefault.jpg?sqp=-oaymwEcCNACELwBSFXyq4qpAw4IARUAAIhCGAFwAcABBg==&rs=AOn4CLCgtOoLrdsYy7471BikEnz60n16qw
hHlOuOawbN8,https://www.youtube.com/watch?v=hHlOuOawbN8,Urus la nueva SUV de Lamborghini,245.0,,videos,https://i.ytimg.com/vi/hHlOuOawbN8/hqdefault.jpg?sqp=-oaymwEcCNACELwBSFXyq4qpAw4IARUAAIhCGAFwAcABBg==&rs=AOn4CLBWFD5co6d3tyG4utD8AHXKgk-sQw
e0NGNmC1cSE,https://www.youtube.com/watch?v=e0NGNmC1cSE,"Autos que pasaron de buenos a malos, ¿y de nuevo a buenos? I Tixuz Autos",1576.0,,videos,https://i.ytimg.com/vi/e0NGNmC1cSE/hqdefault.jpg?sqp=-oaymwEcCNACELwBSFXyq4qpAw4IARUAAIhCGAFwAcABBg==&rs=AOn4CLAaq9hfZVFPaWyM-Y0CUG4RH0LrkA
moaYrZCRD6Q,https://www.youtube.com/watch?v=moaYrZCRD6Q,Invitación a transmisión sobre criptomonedas,109.0,,videos,https://i.ytimg.com/vi/moaYrZCRD6Q/hqdefault.jpg?sqp=-oaymwEcCNACELwBSFXyq4qpAw4IARUAAIhCGAFwAcABBg==&rs=AOn4CLDuy06ML0qkL6eA9s4Mx60RwYeRSA
4LhEwL0HL8U,https://www.youtube.com/watch?v=4LhEwL0HL8U,Tixuz News #10 Multas por no cumplir los estándares ambientales.,336.0,,videos,https://i.ytimg.com/vi/4LhEwL0HL8U/hqdefault.jpg?sqp=-oaymwEcCNACELwBSFXyq4qpAw4IARUAAIhCGAFwAcABBg==&rs=AOn4CLDE_EzAtWk-yInEXEVFwj_AdE0XjQ
rXWX7Rt2i8U,https://www.youtube.com/watch?v=rXWX7Rt2i8U,¡Debes comprar un Premium! I Tixuz Autos,1455.0,,videos,https://i.ytimg.com/vi/rXWX7Rt2i8U/hqdefault.jpg?sqp=-oaymwEcCNACELwBSFXyq4qpAw4IARUAAIhCGAFwAcABBg==&rs=AOn4CLB-1XR03o_wgvDWH8suFhytx0nR8A
VohQ729kuLk,https://www.youtube.com/watch?v=VohQ729kuLk,"El Rolls Royce, si vale la pena. I Tixuz Autos",1336.0,,videos,https://i.ytimg.com/vi/VohQ729kuLk/hqdefault.jpg?sqp=-oaymwEcCNACELwBSFXyq4qpAw4IARUAAIhCGAFwAcABBg==&rs=AOn4CLBlYXyIk5F8kT5MFk3fEsDguBP-QQ
nFcbG8iAruU,https://www.youtube.com/watch?v=nFcbG8iAruU,"¿Malos hábitos, o así nos acostumbraron? I Tixuz Autos.",1363.0,,videos,https://i.ytimg.com/vi/nFcbG8iAruU/hqdefault.jpg?sqp=-oaymwEcCNACELwBSFXyq4qpAw4IARUAAIhCGAFwAcABBg==&rs=AOn4CLBi5FExtsHO-rphKkO7yhbAm5k9gw
brdOqGW1A0k,https://www.youtube.com/watch?v=brdOqGW1A0k,Feliz día de Amor y la Amistad. Tixuz Autos.,990.0,,videos,https://i.ytimg.com/vi/brdOqGW1A0k/hqdefault.jpg?sqp=-oaymwEcCNACELwBSFXyq4qpAw4IARUAAIhCGAFwAcABBg==&rs=AOn4CLDadB7Fv8jUxzeKeXzVfeb_NlPS9w
Jqc8-7Rh6TI,https://www.youtube.com/watch?v=Jqc8-7Rh6TI,Subcompactos 3. I Tixuz Autos.,1519.0,,videos,https://i.ytimg.com/vi/Jqc8-7Rh6TI/hqdefault.jpg?sqp=-oaymwEcCNACELwBSFXyq4qpAw4IARUAAIhCGAFwAcABBg==&rs=AOn4CLApPvrbEp9x10dSHCKbRpb5bMBnJA
x8t8xFOPpo8,https://www.youtube.com/watch?v=x8t8xFOPpo8,Cupra: Nueva marca. I Tixuz Autos.,1019.0,,videos,https://i.ytimg.com/vi/x8t8xFOPpo8/hqdefault.jpg?sqp=-oaymwEcCNACELwBSFXyq4qpAw4IARUAAIhCGAFwAcABBg==&rs=AOn4CLDyAcj-4uowYqlXhxkTlLmAGp1_Rw
RPaP6Rg-bQE,https://www.youtube.com/watch?v=RPaP6Rg-bQE,"Nelly pregunta al Master, ¿cuales son los mejores par las mujeres. I Tixuz Autos.",976.0,,videos,https://i.ytimg.com/vi/RPaP6Rg-bQE/hqdefault.jpg?sqp=-oaymwEcCNACELwBSFXyq4qpAw4IARUAAIhCGAFwAcABBg==&rs=AOn4CLCx5byVSHAe4tr7rnS3laLOB6iuvw
NF76-qVFK8g,https://www.youtube.com/watch?v=NF76-qVFK8g,Lamborghini LP 580-2 I Tixuz Autos,737.0,,videos,https://i.ytimg.com/vi/NF76-qVFK8g/hqdefault.jpg?sqp=-oaymwEcCNACELwBSFXyq4qpAw4IARUAAIhCGAFwAcABBg==&rs=AOn4CLAFT3SOxND1AYjkgZ94eLG3ZmjVkw
AzQe1Xhfz_M,https://www.youtube.com/watch?v=AzQe1Xhfz_M,Tecnología Skyactiv. lo mejor de todos los mundos. l Tixuz Autos,1140.0,,videos,https://i.ytimg.com/vi/AzQe1Xhfz_M/hqdefault.jpg?sqp=-oaymwEcCNACELwBSFXyq4qpAw4IARUAAIhCGAFwAcABBg==&rs=AOn4CLD3ybIEZ000zmKmaWf0Kbqu1IrURQ
am4ZOr8WGp4,https://www.youtube.com/watch?v=am4ZOr8WGp4,Las responsabilidades que conlleva traer auto. l Tixuz Autos,1219.0,,videos,https://i.ytimg.com/vi/am4ZOr8WGp4/hqdefault.jpg?sqp=-oaymwEcCNACELwBSFXyq4qpAw4IARUAAIhCGAFwAcABBg==&rs=AOn4CLCcnZcgAjpW397pPPGnYfnnXYZDnQ
bHn1ZaGFKRg,https://www.youtube.com/watch?v=bHn1ZaGFKRg,El nuevo Jeep Wrangler. ¿Qué nos tiene de nuevo? l Tixuz Autos,1229.0,,videos,https://i.ytimg.com/vi/bHn1ZaGFKRg/hqdefault.jpg?sqp=-oaymwEcCNACELwBSFXyq4qpAw4IARUAAIhCGAFwAcABBg==&rs=AOn4CLDi7u-NhCVFEe2_ekrlfNt8QWJUJQ
dWeEDnSB1AM,https://www.youtube.com/watch?v=dWeEDnSB1AM,Cómo no ahorrar gasolina. l Tixuz Autos.,1380.0,,videos,https://i.ytimg.com/vi/dWeEDnSB1AM/hqdefault.jpg?sqp=-oaymwEcCNACELwBSFXyq4qpAw4IARUAAIhCGAFwAcABBg==&rs=AOn4CLA-KLT_PsGhDtKUjUXWzLuMID6c_w
ueyI7HFodi8,https://www.youtube.com/watch?v=ueyI7HFodi8,Las agencias de autos y las leyendas urbanas.,988.0,,videos,https://i.ytimg.com/vi/ueyI7HFodi8/hqdefault.jpg?sqp=-oaymwEcCNACELwBSFXyq4qpAw4IARUAAIhCGAFwAcABBg==&rs=AOn4CLBt33GI8BLKYHWBAPIabNamQrm0lw
6qmtY2Qro5Q,https://www.youtube.com/watch?v=6qmtY2Qro5Q,Subcompactos #2 l Tixuz Autos,1210.0,,videos,https://i.ytimg.com/vi/6qmtY2Qro5Q/hqdefault.jpg?sqp=-oaymwEcCNACELwBSFXyq4qpAw4IARUAAIhCGAFwAcABBg==&rs=AOn4CLBsz_Nu1OmphqZ_EL52DYPPOqfnyw
8X51P7A9lqU,https://www.youtube.com/watch?v=8X51P7A9lqU,Subcompactos #1 l Tixuz Autos.,1236.0,,videos,https://i.ytimg.com/vi/8X51P7A9lqU/hqdefault.jpg?sqp=-oaymwEcCNACELwBSFXyq4qpAw4IARUAAIhCGAFwAcABBg==&rs=AOn4CLAtK34sMVfGtn3AgJzvCgtqtApWRw
jVWaUyNuCbQ,https://www.youtube.com/watch?v=jVWaUyNuCbQ,¿Cómo te comportas en el tráfico vehicular? l Tixuz Autos,1720.0,,videos,https://i.ytimg.com/vi/jVWaUyNuCbQ/hqdefault.jpg?sqp=-oaymwEcCNACELwBSFXyq4qpAw4IARUAAIhCGAFwAcABBg==&rs=AOn4CLAUnZvRR_gOhYXIfHqo8fqI_M-cjw
z2mNJ1o-cUk,https://www.youtube.com/watch?v=z2mNJ1o-cUk,¿Qué caja de cambios es mejor para usted? l Tixuz Autos,1545.0,,videos,https://i.ytimg.com/vi/z2mNJ1o-cUk/hqdefault.jpg?sqp=-oaymwEcCNACELwBSFXyq4qpAw4IARUAAIhCGAFwAcABBg==&rs=AOn4CLBKeXYxAXvm8VkPwgVrqHDsV2AUJA
9kXrru2NsVo,https://www.youtube.com/watch?v=9kXrru2NsVo,¿Qué esta pasando con los de Marketing? l Tixuz Autos,1137.0,,videos,https://i.ytimg.com/vi/9kXrru2NsVo/hqdefault.jpg?sqp=-oaymwEcCNACELwBSFXyq4qpAw4IARUAAIhCGAFwAcABBg==&rs=AOn4CLDcupgdz8DUEbb9uzyIZ4nRfWhKcw
_eum92-UiXA,https://www.youtube.com/watch?v=_eum92-UiXA,Auto Show Detroit 2018,1211.0,,videos,https://i.ytimg.com/vi/_eum92-UiXA/hqdefault.jpg?sqp=-oaymwEcCNACELwBSFXyq4qpAw4IARUAAIhCGAFwAcABBg==&rs=AOn4CLBhfcVgEDQSGKNVncEJHPo8GKUk6w
S_mpgTXKMdQ,https://www.youtube.com/watch?v=S_mpgTXKMdQ,La importancia del conocimiento sobre tus llantas. | Tixuz Autos.,1613.0,,videos,https://i.ytimg.com/vi/S_mpgTXKMdQ/hqdefault.jpg?sqp=-oaymwEcCNACELwBSFXyq4qpAw4IARUAAIhCGAFwAcABBg==&rs=AOn4CLCs-9GMFf4w9tt6XsWu1LJahxdkMQ
4OrAUwOj1XU,https://www.youtube.com/watch?v=4OrAUwOj1XU,Tixuz News #9 Seguiran subiendo los precios de los autos. l Tixuz Autos,495.0,,videos,https://i.ytimg.com/vi/4OrAUwOj1XU/hqdefault.jpg?sqp=-oaymwEcCNACELwBSFXyq4qpAw4IARUAAIhCGAFwAcABBg==&rs=AOn4CLDaTziRQg855BEFuSQ1bp9w_lF0EQ
OjdKWH0G9VQ,https://www.youtube.com/watch?v=OjdKWH0G9VQ,"La reprogramación, ¿es para todos los autos? | Tixuz Autos",1584.0,,videos,https://i.ytimg.com/vi/OjdKWH0G9VQ/hqdefault.jpg?sqp=-oaymwEcCNACELwBSFXyq4qpAw4IARUAAIhCGAFwAcABBg==&rs=AOn4CLDq57rtMlWa2cxdUHu0UIvRnSQypQ
u_rhBd-gPSQ,https://www.youtube.com/watch?v=u_rhBd-gPSQ,Gixxer Suzuki 155cc,815.0,,videos,https://i.ytimg.com/vi/u_rhBd-gPSQ/hqdefault.jpg?sqp=-oaymwEcCNACELwBSFXyq4qpAw4IARUAAIhCGAFwAcABBg==&rs=AOn4CLDwyx6JDnHQyCCPU5AdyBphfQwkOQ
bcvgdxi4Dpk,https://www.youtube.com/watch?v=bcvgdxi4Dpk,Volvo: Marca x Marca,967.0,,videos,https://i.ytimg.com/vi/bcvgdxi4Dpk/hqdefault.jpg?sqp=-oaymwEcCNACELwBSFXyq4qpAw4IARUAAIhCGAFwAcABBg==&rs=AOn4CLALsECokMTtyZuM2NRwFjbOHYjxaw
56PoX5lnjOA,https://www.youtube.com/watch?v=56PoX5lnjOA,VolksWagen: Marca X Marca,1548.0,,videos,https://i.ytimg.com/vi/56PoX5lnjOA/hqdefault.jpg?sqp=-oaymwEcCNACELwBSFXyq4qpAw4IARUAAIhCGAFwAcABBg==&rs=AOn4CLAgP3rRzcVHJMne8P_GpXGlhIFPyQ
tO2MoEmY52Q,https://www.youtube.com/watch?v=tO2MoEmY52Q,Entusiasta de los autos. | Tixuz Autos.,1532.0,,videos,https://i.ytimg.com/vi/tO2MoEmY52Q/hqdefault.jpg?sqp=-oaymwEcCNACELwBSFXyq4qpAw4IARUAAIhCGAFwAcABBg==&rs=AOn4CLDegcnD3GlTgxkLz6XYCCJRoTmFCg
Kp2eRgZ225w,https://www.youtube.com/watch?v=Kp2eRgZ225w,La evolución de la tecnología en la industria automotriz. | Tixuz Autos.,1516.0,,videos,https://i.ytimg.com/vi/Kp2eRgZ225w/hqdefault.jpg?sqp=-oaymwEcCNACELwBSFXyq4qpAw4IARUAAIhCGAFwAcABBg==&rs=AOn4CLAJix0VytCI2LKGZi1xlxsLE_whJQ
N5I4b5t4fDE,https://www.youtube.com/watch?v=N5I4b5t4fDE,Sergio Region 4 | Tixuz Autos.,585.0,,videos,https://i.ytimg.com/vi/N5I4b5t4fDE/hqdefault.jpg?sqp=-oaymwEcCNACELwBSFXyq4qpAw4IARUAAIhCGAFwAcABBg==&rs=AOn4CLDZSxBdDtnIyo15W8m_yRj79EG-4g
_Kx7zkyo0t8,https://www.youtube.com/watch?v=_Kx7zkyo0t8,"Tu personalidad, tu auto... | Tixuz Autos.",1724.0,,videos,https://i.ytimg.com/vi/_Kx7zkyo0t8/hqdefault.jpg?sqp=-oaymwEcCNACELwBSFXyq4qpAw4IARUAAIhCGAFwAcABBg==&rs=AOn4CLAA4ueEudWemgdC_0QPtLK7S-FStg
WayZDe07NEM,https://www.youtube.com/watch?v=WayZDe07NEM,Los mejores autos de 2017 según los suscriptores. | Tixuz Autos,602.0,,videos,https://i.ytimg.com/vi/WayZDe07NEM/hqdefault.jpg?sqp=-oaymwEcCNACELwBSFXyq4qpAw4IARUAAIhCGAFwAcABBg==&rs=AOn4CLCpfW-qLCpuNVVESn9HVe1wBhA9aw
qJN8jN9BH_k,https://www.youtube.com/watch?v=qJN8jN9BH_k,Toyota: Marca X Marca.,1102.0,,videos,https://i.ytimg.com/vi/qJN8jN9BH_k/hqdefault.jpg?sqp=-oaymwEcCNACELwBSFXyq4qpAw4IARUAAIhCGAFwAcABBg==&rs=AOn4CLCLTPkplm4aNAfzbZhgJOjmsxtU6g
wNZO2bWzLBU,https://www.youtube.com/watch?v=wNZO2bWzLBU,¿Qué pasará este año en el mundo automotor? | Tixuz Autos,1567.0,,videos,https://i.ytimg.com/vi/wNZO2bWzLBU/hqdefault.jpg?sqp=-oaymwEcCNACELwBSFXyq4qpAw4IARUAAIhCGAFwAcABBg==&rs=AOn4CLCWbuGJR7cM-cIqzkUfa0x19n9Upw
6KNDI3K6uTY,https://www.youtube.com/watch?v=6KNDI3K6uTY,Tixuz News #8 Autos asiáticos se adueñan del mercado.,565.0,,videos,https://i.ytimg.com/vi/6KNDI3K6uTY/hqdefault.jpg?sqp=-oaymwEcCNACELwBSFXyq4qpAw4IARUAAIhCGAFwAcABBg==&rs=AOn4CLD25o31hr7HQKGePwg5kYeaLP9n6Q
nvGH8qKdJI0,https://www.youtube.com/watch?v=nvGH8qKdJI0,¿Los autos solo son para la élite?,1613.0,,videos,https://i.ytimg.com/vi/nvGH8qKdJI0/hqdefault.jpg?sqp=-oaymwEcCNACELwBSFXyq4qpAw4IARUAAIhCGAFwAcABBg==&rs=AOn4CLBKwhwnw-K-4UD4oITTWFKohZxkxg
WZOJlY0qQeA,https://www.youtube.com/watch?v=WZOJlY0qQeA,¡El ultimo vídeo del año! ahora los queremos escuchar a ustedes.,219.0,,videos,https://i.ytimg.com/vi/WZOJlY0qQeA/hqdefault.jpg?sqp=-oaymwEcCNACELwBSFXyq4qpAw4IARUAAIhCGAFwAcABBg==&rs=AOn4CLBBaiX3ura_2Spyz4BtSx0mqM2QBA
STwPk8cqVBM,https://www.youtube.com/watch?v=STwPk8cqVBM,La Agencia - El inicio de un gran proyecto,1202.0,,videos,https://i.ytimg.com/vi/STwPk8cqVBM/hqdefault.jpg?sqp=-oaymwEcCNACELwBSFXyq4qpAw4IARUAAIhCGAFwAcABBg==&rs=AOn4CLAO2FPCsYW2OMcbRquLCickKz7sPQ
vr5GUdAATvI,https://www.youtube.com/watch?v=vr5GUdAATvI,Tesla - Marca x Marca,1196.0,,videos,https://i.ytimg.com/vi/vr5GUdAATvI/hqdefault.jpg?sqp=-oaymwEcCNACELwBSFXyq4qpAw4IARUAAIhCGAFwAcABBg==&rs=AOn4CLA4xCql-iPXZfYo6oTZt9xpln-2OQ
mS2Z7DOoyyc,https://www.youtube.com/watch?v=mS2Z7DOoyyc,Suzuki - Marca x Marca,1045.0,,videos,https://i.ytimg.com/vi/mS2Z7DOoyyc/hqdefault.jpg?sqp=-oaymwEcCNACELwBSFXyq4qpAw4IARUAAIhCGAFwAcABBg==&rs=AOn4CLBt5Hlw8cNoPcXe2EsrWF4vZ08ePQ
kGSktXFuJKM,https://www.youtube.com/watch?v=kGSktXFuJKM,ALERTA -Lo que debes hacer para tener excelentes vacaciones.,991.0,,videos,https://i.ytimg.com/vi/kGSktXFuJKM/hqdefault.jpg?sqp=-oaymwEcCNACELwBSFXyq4qpAw4IARUAAIhCGAFwAcABBg==&rs=AOn4CLBThpq_UGTJlKqbRKCNr9D5DyPPig
ianpjIoF46c,https://www.youtube.com/watch?v=ianpjIoF46c,Subaru - Marca x Marca,777.0,,videos,https://i.ytimg.com/vi/ianpjIoF46c/hqdefault.jpg?sqp=-oaymwEcCNACELwBSFXyq4qpAw4IARUAAIhCGAFwAcABBg==&rs=AOn4CLD6dY3La62nWgj-_j1s-VHcYzXg1g
t0jtlGqg-Ik,https://www.youtube.com/watch?v=t0jtlGqg-Ik,"De malos autos, ¿a buenos? | Tixuz Autos.",1747.0,,videos,https://i.ytimg.com/vi/t0jtlGqg-Ik/hqdefault.jpg?sqp=-oaymwEcCNACELwBSFXyq4qpAw4IARUAAIhCGAFwAcABBg==&rs=AOn4CLDnL2oBa_H8upT0EOt79V_iAFBSFA
poltAqxOiDc,https://www.youtube.com/watch?v=poltAqxOiDc,Seat: Marca X Marca. | Tixuz Autos.,1294.0,,videos,https://i.ytimg.com/vi/poltAqxOiDc/hqdefault.jpg?sqp=-oaymwEcCNACELwBSFXyq4qpAw4IARUAAIhCGAFwAcABBg==&rs=AOn4CLAJd0RwJ5ChAHn-FUlmaNEKmWF0zg
C-8K7Cu-7WI,https://www.youtube.com/watch?v=C-8K7Cu-7WI,Renault - Marca x Marca,839.0,,videos,https://i.ytimg.com/vi/C-8K7Cu-7WI/hqdefault.jpg?sqp=-oaymwEcCNACELwBSFXyq4qpAw4IARUAAIhCGAFwAcABBg==&rs=AOn4CLDVZ6Wb2cT3HuKqu-TocEryHKRRIQ
jAgcJYQxzSw,https://www.youtube.com/watch?v=jAgcJYQxzSw,Ram: Marca X Marca | Tixuz Autos,845.0,,videos,https://i.ytimg.com/vi/jAgcJYQxzSw/hqdefault.jpg?sqp=-oaymwEcCNACELwBSFXyq4qpAw4IARUAAIhCGAFwAcABBg==&rs=AOn4CLCO7nlKIFQPPQgcqXCH5WVKuHQJ9w
R4QVPNyw7YY,https://www.youtube.com/watch?v=R4QVPNyw7YY,Tixuz News #7 - Alfa Romeo vuelve a la F1 después de 33 años.,397.0,,videos,https://i.ytimg.com/vi/R4QVPNyw7YY/hqdefault.jpg?sqp=-oaymwEcCNACELwBSFXyq4qpAw4IARUAAIhCGAFwAcABBg==&rs=AOn4CLDsHlC5vTcjkv-b8kqOLqWfolQgCg
Vl_QwEXHrDg,https://www.youtube.com/watch?v=Vl_QwEXHrDg,2do Aniversario ! Tixuz Autos,1189.0,,videos,https://i.ytimg.com/vi/Vl_QwEXHrDg/hqdefault.jpg?sqp=-oaymwEcCNACELwBSFXyq4qpAw4IARUAAIhCGAFwAcABBg==&rs=AOn4CLCxm_I4tRGBIgY6H_QmkJ7gUjAoEA
ySYEYj8OnmI,https://www.youtube.com/watch?v=ySYEYj8OnmI,Los Angeles Auto Show: No hay glamour,1731.0,,videos,https://i.ytimg.com/vi/ySYEYj8OnmI/hqdefault.jpg?sqp=-oaymwEcCNACELwBSFXyq4qpAw4IARUAAIhCGAFwAcABBg==&rs=AOn4CLAJ8UmujfShRhjCObDEUAQvLBhT_w
UDKNzXJ-jaY,https://www.youtube.com/watch?v=UDKNzXJ-jaY,Galpin Motors: Los Angeles AutoShow | Tixuz Autos.,662.0,,videos,https://i.ytimg.com/vi/UDKNzXJ-jaY/hqdefault.jpg?sqp=-oaymwEcCNACELwBSFXyq4qpAw4IARUAAIhCGAFwAcABBg==&rs=AOn4CLDwiB8HsEePztxNY7QD0XAQ5ps-Wg
8XyHb-Gel28,https://www.youtube.com/watch?v=8XyHb-Gel28,Porsche: Marca x Marca,716.0,,videos,https://i.ytimg.com/vi/8XyHb-Gel28/hqdefault.jpg?sqp=-oaymwEcCNACELwBSFXyq4qpAw4IARUAAIhCGAFwAcABBg==&rs=AOn4CLCebzSkDv2w6JwNIUkatYOpYI8Zgw
vl17EHv4tkA,https://www.youtube.com/watch?v=vl17EHv4tkA,Peugeot: Marca X Marca | Tixuz Autos,1112.0,,videos,https://i.ytimg.com/vi/vl17EHv4tkA/hqdefault.jpg?sqp=-oaymwEcCNACELwBSFXyq4qpAw4IARUAAIhCGAFwAcABBg==&rs=AOn4CLBA1asROFQ9SD6lcXmjlV32cOxPGg
UUXW82Y0f04,https://www.youtube.com/watch?v=UUXW82Y0f04,Tixuz News #6 - Estados Unidos y su condición automotriz.,538.0,,videos,https://i.ytimg.com/vi/UUXW82Y0f04/hqdefault.jpg?sqp=-oaymwEcCNACELwBSFXyq4qpAw4IARUAAIhCGAFwAcABBg==&rs=AOn4CLDEGoUYyz3G2HVhHqnwE5EOgXpnAg
iIZzonAdwjY,https://www.youtube.com/watch?v=iIZzonAdwjY,Mitos y leyendas de los autos... | TIxuz Autos,1227.0,,videos,https://i.ytimg.com/vi/iIZzonAdwjY/hqdefault.jpg?sqp=-oaymwEcCNACELwBSFXyq4qpAw4IARUAAIhCGAFwAcABBg==&rs=AOn4CLC_imUjYXSvcsRSUuQc7TFT7XbtrQ
N6CRzm_qowc,https://www.youtube.com/watch?v=N6CRzm_qowc,Nissan: Marca X Marca,1223.0,,videos,https://i.ytimg.com/vi/N6CRzm_qowc/hqdefault.jpg?sqp=-oaymwEcCNACELwBSFXyq4qpAw4IARUAAIhCGAFwAcABBg==&rs=AOn4CLD2DeXfGr08smiNGvIk4pbWVdpwuA
eqrLaamxkb4,https://www.youtube.com/watch?v=eqrLaamxkb4,Tixuz News #5 - Donald Trump y su amenaza del TLCAN,357.0,,videos,https://i.ytimg.com/vi/eqrLaamxkb4/hqdefault.jpg?sqp=-oaymwEcCNACELwBSFXyq4qpAw4IARUAAIhCGAFwAcABBg==&rs=AOn4CLBHwKPE4HdZndaOayDxMKCUVb7UGw
22k56rfOwkQ,https://www.youtube.com/watch?v=22k56rfOwkQ,Vento: Hot Rod | Tixuz Motos,796.0,,videos,https://i.ytimg.com/vi/22k56rfOwkQ/hqdefault.jpg?sqp=-oaymwEcCNACELwBSFXyq4qpAw4IARUAAIhCGAFwAcABBg==&rs=AOn4CLBSj78GdDe7GUvMll9TaOdbuiRYuw
fmNIKSz7jVs,https://www.youtube.com/watch?v=fmNIKSz7jVs,Indice Corolla ¿Cuantos salarios mínimos se necesitan para comprar un toyota Corolla? | Tixuz Autos,1778.0,,videos,https://i.ytimg.com/vi/fmNIKSz7jVs/hqdefault.jpg?sqp=-oaymwEcCNACELwBSFXyq4qpAw4IARUAAIhCGAFwAcABBg==&rs=AOn4CLCWQZR12XfV6GHzq7heHCYqmk65UQ
gNosCHmquw8,https://www.youtube.com/watch?v=gNosCHmquw8,Mitsubishi: Marca X Marca,1054.0,,videos,https://i.ytimg.com/vi/gNosCHmquw8/hqdefault.jpg?sqp=-oaymwEcCNACELwBSFXyq4qpAw4IARUAAIhCGAFwAcABBg==&rs=AOn4CLDyAcgyZM4PYAaGMnzvXpwQvXLCZg
hlfw3WLEm2Y,https://www.youtube.com/watch?v=hlfw3WLEm2Y,Mini Cooper: Marca X Marca,706.0,,videos,https://i.ytimg.com/vi/hlfw3WLEm2Y/hqdefault.jpg?sqp=-oaymwEcCNACELwBSFXyq4qpAw4IARUAAIhCGAFwAcABBg==&rs=AOn4CLCr7HmeOCdoVJ3ZDb_fx3Mdslifmg
W7OILSQYxfs,https://www.youtube.com/watch?v=W7OILSQYxfs,Mercedes Benz: Marca X Marca,596.0,,videos,https://i.ytimg.com/vi/W7OILSQYxfs/hqdefault.jpg?sqp=-oaymwEcCNACELwBSFXyq4qpAw4IARUAAIhCGAFwAcABBg==&rs=AOn4CLAh3s2-vWmgH9IozCfPRvA0_y4Y4g
5KDiSWVlwXk,https://www.youtube.com/watch?v=5KDiSWVlwXk,Mazda: Marca x Marca,1152.0,,videos,https://i.ytimg.com/vi/5KDiSWVlwXk/hqdefault.jpg?sqp=-oaymwEcCNACELwBSFXyq4qpAw4IARUAAIhCGAFwAcABBg==&rs=AOn4CLD9boN7Fd2IsPAEu4MCM7xBxheTVA
d0SBMf9eIDg,https://www.youtube.com/watch?v=d0SBMf9eIDg,Tixuz Motos - YAMAHA R3,849.0,,videos,https://i.ytimg.com/vi/d0SBMf9eIDg/hqdefault.jpg?sqp=-oaymwEcCNACELwBSFXyq4qpAw4IARUAAIhCGAFwAcABBg==&rs=AOn4CLDMaFl5s5c-Bfzgmygy8cDOx-8k1g
Q6X6xlLt86M,https://www.youtube.com/watch?v=Q6X6xlLt86M,¿Valen la pena los Híbridos?,2047.0,,videos,https://i.ytimg.com/vi/Q6X6xlLt86M/hqdefault.jpg?sqp=-oaymwEcCNACELwBSFXyq4qpAw4IARUAAIhCGAFwAcABBg==&rs=AOn4CLAqGD9g4jY0KYfniLvj1W8HlrWFwA
fUKi_Bvv6m8,https://www.youtube.com/watch?v=fUKi_Bvv6m8,Tixuz News #4 - Tesla y su baja producción del Model 3,414.0,,videos,https://i.ytimg.com/vi/fUKi_Bvv6m8/hqdefault.jpg?sqp=-oaymwEcCNACELwBSFXyq4qpAw4IARUAAIhCGAFwAcABBg==&rs=AOn4CLCkp2XhUntnlAOUlzfwqAJ0fA7bmg
UxueQ1or5S4,https://www.youtube.com/watch?v=UxueQ1or5S4,Lincoln: Marca x Marca,588.0,,videos,https://i.ytimg.com/vi/UxueQ1or5S4/hqdefault.jpg?sqp=-oaymwEcCNACELwBSFXyq4qpAw4IARUAAIhCGAFwAcABBg==&rs=AOn4CLBImtTRGb-f85Tl0RB6fqJVfK11Jw
Z_-ETEXvaQc,https://www.youtube.com/watch?v=Z_-ETEXvaQc,BMW: Apertura Centro de Entrenamiento San Luis Potosí -  Parte 2,964.0,,videos,https://i.ytimg.com/vi/Z_-ETEXvaQc/hqdefault.jpg?sqp=-oaymwEcCNACELwBSFXyq4qpAw4IARUAAIhCGAFwAcABBg==&rs=AOn4CLC34II0vhCa0RGKxcqXIJGMVMO38A
_YmgwHV0qH0,https://www.youtube.com/watch?v=_YmgwHV0qH0,BMW: Apertura Centro de Entrenamiento San Luis Potosí,920.0,,videos,https://i.ytimg.com/vi/_YmgwHV0qH0/hqdefault.jpg?sqp=-oaymwEcCNACELwBSFXyq4qpAw4IARUAAIhCGAFwAcABBg==&rs=AOn4CLArRmGzEgMEUrLA5qoB6JSdZGxAlg
yy29StsfQn4,https://www.youtube.com/watch?v=yy29StsfQn4,Land Rover: Marca X Marca,585.0,,videos,https://i.ytimg.com/vi/yy29StsfQn4/hqdefault.jpg?sqp=-oaymwEcCNACELwBSFXyq4qpAw4IARUAAIhCGAFwAcABBg==&rs=AOn4CLAGI3thxojvTOLSZzMRabPDfQSKtg
y9NqocMtFRQ,https://www.youtube.com/watch?v=y9NqocMtFRQ,¿Por qué la caída de ventas de autos en México?,1450.0,,videos,https://i.ytimg.com/vi/y9NqocMtFRQ/hqdefault.jpg?sqp=-oaymwEcCNACELwBSFXyq4qpAw4IARUAAIhCGAFwAcABBg==&rs=AOn4CLAMidxK1u6gsml2LHm-v_34tvScmg
xCXoAKwGWCo,https://www.youtube.com/watch?v=xCXoAKwGWCo,KIA: Marca x Marca,1163.0,,videos,https://i.ytimg.com/vi/xCXoAKwGWCo/hqdefault.jpg?sqp=-oaymwEcCNACELwBSFXyq4qpAw4IARUAAIhCGAFwAcABBg==&rs=AOn4CLCP9jO6BZbJTh6xXS0qf0HuK3kIug
5FQVwVJTLJc,https://www.youtube.com/watch?v=5FQVwVJTLJc,Tokio Motor Show: La asistencia del Master Sergio Oliveira.,679.0,,videos,https://i.ytimg.com/vi/5FQVwVJTLJc/hqdefault.jpg?sqp=-oaymwEcCNACELwBSFXyq4qpAw4IARUAAIhCGAFwAcABBg==&rs=AOn4CLBxoK5zZ1ezBOWrSfdF7teDLvSW5g
iavN1O--ia0,https://www.youtube.com/watch?v=iavN1O--ia0,Tixuz News - Cheyenne Centennial,387.0,,videos,https://i.ytimg.com/vi/iavN1O--ia0/hqdefault.jpg?sqp=-oaymwEcCNACELwBSFXyq4qpAw4IARUAAIhCGAFwAcABBg==&rs=AOn4CLCTw1RhHiE9Ke-25213vmMSy54J3g
0zdVVBsfBMs,https://www.youtube.com/watch?v=0zdVVBsfBMs,Chevrolet Cheyenne Centennial,667.0,,videos,https://i.ytimg.com/vi/0zdVVBsfBMs/hqdefault.jpg?sqp=-oaymwEcCNACELwBSFXyq4qpAw4IARUAAIhCGAFwAcABBg==&rs=AOn4CLC5C-JVxMHFWg3Rf0ujaUQkkuBFeg
lxtwt3KNnSo,https://www.youtube.com/watch?v=lxtwt3KNnSo,La compra de Rolls Royce,1428.0,,videos,https://i.ytimg.com/vi/lxtwt3KNnSo/hqdefault.jpg?sqp=-oaymwEcCNACELwBSFXyq4qpAw4IARUAAIhCGAFwAcABBg==&rs=AOn4CLB0CPKSbEXUbBwOPt_IUCmojhtvxQ
raoKt_kjrKg,https://www.youtube.com/watch?v=raoKt_kjrKg,Harley-Davidson Los Cabos 2017 Vlog,717.0,,videos,https://i.ytimg.com/vi/raoKt_kjrKg/hqdefault.jpg?sqp=-oaymwEcCNACELwBSFXyq4qpAw4IARUAAIhCGAFwAcABBg==&rs=AOn4CLCyN_jYh9z1xz87oEUsa_7GOr-fLg
ePhCzkIOuc0,https://www.youtube.com/watch?v=ePhCzkIOuc0,Hatchbacks en México.,1263.0,,videos,https://i.ytimg.com/vi/ePhCzkIOuc0/hqdefault.jpg?sqp=-oaymwEcCNACELwBSFXyq4qpAw4IARUAAIhCGAFwAcABBg==&rs=AOn4CLBV5Emcz4lMMPJc_hwoOm6ip6BgIg
2uKRkNJZKUU,https://www.youtube.com/watch?v=2uKRkNJZKUU,Tixuz News #2,411.0,,videos,https://i.ytimg.com/vi/2uKRkNJZKUU/hqdefault.jpg?sqp=-oaymwEcCNACELwBSFXyq4qpAw4IARUAAIhCGAFwAcABBg==&rs=AOn4CLBQehvd-CviDVM3DtXYAwXnpjWWzw
dXA9MBvnFcQ,https://www.youtube.com/watch?v=dXA9MBvnFcQ,X-Trail Hybrid 2018,751.0,,videos,https://i.ytimg.com/vi/dXA9MBvnFcQ/hqdefault.jpg?sqp=-oaymwEcCNACELwBSFXyq4qpAw4IARUAAIhCGAFwAcABBg==&rs=AOn4CLCUfjxqOfupL7DSmuxfPs5TW3dHzg
i1DMeX5x8Kg,https://www.youtube.com/watch?v=i1DMeX5x8Kg,Los Suvs más Masculinos,1301.0,,videos,https://i.ytimg.com/vi/i1DMeX5x8Kg/hqdefault.jpg?sqp=-oaymwEcCNACELwBSFXyq4qpAw4IARUAAIhCGAFwAcABBg==&rs=AOn4CLB2FCllq5YrLG38bxtFKKxTL9-ymQ
se-wOHE58pI,https://www.youtube.com/watch?v=se-wOHE58pI,Tixuz News,336.0,,videos,https://i.ytimg.com/vi/se-wOHE58pI/hqdefault.jpg?sqp=-oaymwEcCNACELwBSFXyq4qpAw4IARUAAIhCGAFwAcABBg==&rs=AOn4CLBRjkBeresKynRaFWiB8G-TFMpoHA
Ls0Ovssh9ts,https://www.youtube.com/watch?v=Ls0Ovssh9ts,Jeep: Marca X Marca,634.0,,videos,https://i.ytimg.com/vi/Ls0Ovssh9ts/hqdefault.jpg?sqp=-oaymwEcCNACELwBSFXyq4qpAw4IARUAAIhCGAFwAcABBg==&rs=AOn4CLBXoqLfZpBq9D48-w8ectOEYBOVbg
0A_PGHbTFjA,https://www.youtube.com/watch?v=0A_PGHbTFjA,Tips: Autos usados o seminuevos 2da parte.,901.0,,videos,https://i.ytimg.com/vi/0A_PGHbTFjA/hqdefault.jpg?sqp=-oaymwEcCNACELwBSFXyq4qpAw4IARUAAIhCGAFwAcABBg==&rs=AOn4CLDEHW10-LVGXeyDBuLZUbI-Y7Bklg
BvVb02FO6nY,https://www.youtube.com/watch?v=BvVb02FO6nY,La Confederación Nacional de Talleres de Servicio Automotriz y Similares.,1024.0,,videos,https://i.ytimg.com/vi/BvVb02FO6nY/hqdefault.jpg?sqp=-oaymwEcCNACELwBSFXyq4qpAw4IARUAAIhCGAFwAcABBg==&rs=AOn4CLAbYlTfzdpzNJ_dXvihdC3TBVzgeg
noueBY8_88Y,https://www.youtube.com/watch?v=noueBY8_88Y,JAC: Marca X Marca.,311.0,,videos,https://i.ytimg.com/vi/noueBY8_88Y/hqdefault.jpg?sqp=-oaymwEcCNACELwBSFXyq4qpAw4IARUAAIhCGAFwAcABBg==&rs=AOn4CLD1YfK7njWfXLsU9G32508CcrlFcw
4t6kI3eXFoM,https://www.youtube.com/watch?v=4t6kI3eXFoM,Jaguar: Marca X Marca.,566.0,,videos,https://i.ytimg.com/vi/4t6kI3eXFoM/hqdefault.jpg?sqp=-oaymwEcCNACELwBSFXyq4qpAw4IARUAAIhCGAFwAcABBg==&rs=AOn4CLCMQn3JK3SftCUqAS7ekDQ5uzmi1Q
QJ_nNGz80l8,https://www.youtube.com/watch?v=QJ_nNGz80l8,Tips: Autos usados o seminuevos.,1421.0,,videos,https://i.ytimg.com/vi/QJ_nNGz80l8/hqdefault.jpg?sqp=-oaymwEcCNACELwBSFXyq4qpAw4IARUAAIhCGAFwAcABBg==&rs=AOn4CLBYDMQx66fGPBQS-ggbJvXLPDNlag
l44DKxyyI48,https://www.youtube.com/watch?v=l44DKxyyI48,Nissan Xtrail hibrid buscando el tesoro,59.0,,videos,https://i.ytimg.com/vi/l44DKxyyI48/hqdefault.jpg?sqp=-oaymwEcCNACELwBSFXyq4qpAw4IARUAAIhCGAFwAcABBg==&rs=AOn4CLAjrSnEqjHg0fjLsiwg7wJUvbsLZQ
o1BtuZ0GHSY,https://www.youtube.com/watch?v=o1BtuZ0GHSY,Por qué Barbora no esta con nosotros?,386.0,,videos,https://i.ytimg.com/vi/o1BtuZ0GHSY/hqdefault.jpg?sqp=-oaymwEcCNACELwBSFXyq4qpAw4IARUAAIhCGAFwAcABBg==&rs=AOn4CLBC3wYrmPtZmkWa0Q-1h5cWhK0UBQ
hxGS8kWksIA,https://www.youtube.com/watch?v=hxGS8kWksIA,Infiniti: Marca X Marca,771.0,,videos,https://i.ytimg.com/vi/hxGS8kWksIA/hqdefault.jpg?sqp=-oaymwEcCNACELwBSFXyq4qpAw4IARUAAIhCGAFwAcABBg==&rs=AOn4CLBqwaVqNdzdoRCWCN27leNusnXD5g
0moVSb13ItU,https://www.youtube.com/watch?v=0moVSb13ItU,"Harley-Davidson vs Sergio Oliveira A.K.A. ""El Master""",1318.0,,videos,https://i.ytimg.com/vi/0moVSb13ItU/hqdefault.jpg?sqp=-oaymwEcCNACELwBSFXyq4qpAw4IARUAAIhCGAFwAcABBg==&rs=AOn4CLAdayGTeTlKH7aalRzC0lVXG4js3g
HsfCinV_da0,https://www.youtube.com/watch?v=HsfCinV_da0,Hyundai: Marca X Marca,1119.0,,videos,https://i.ytimg.com/vi/HsfCinV_da0/hqdefault.jpg?sqp=-oaymwEcCNACELwBSFXyq4qpAw4IARUAAIhCGAFwAcABBg==&rs=AOn4CLANZjmbA7Xz6QP2q_X5N0w6ngbDrA
sSWxd3YWPjk,https://www.youtube.com/watch?v=sSWxd3YWPjk,"Funny Moment con Eduardo Vargas, el máster y la producción.",181.0,,videos,https://i.ytimg.com/vi/sSWxd3YWPjk/hqdefault.jpg?sqp=-oaymwEcCNACELwBSFXyq4qpAw4IARUAAIhCGAFwAcABBg==&rs=AOn4CLA2jjDpLyuhslCzg3JIrj95GTHubQ
qul6qbka1o4,https://www.youtube.com/watch?v=qul6qbka1o4,Suzuki GN 125F,649.0,,videos,https://i.ytimg.com/vi/qul6qbka1o4/hqdefault.jpg?sqp=-oaymwEcCNACELwBSFXyq4qpAw4IARUAAIhCGAFwAcABBg==&rs=AOn4CLD0iVScFSaOhhZGSkNyMVUB_7USVA
drIg0oR_tMg,https://www.youtube.com/watch?v=drIg0oR_tMg,Marketing para vender autos demo.,1072.0,,videos,https://i.ytimg.com/vi/drIg0oR_tMg/hqdefault.jpg?sqp=-oaymwEcCNACELwBSFXyq4qpAw4IARUAAIhCGAFwAcABBg==&rs=AOn4CLALTakwfcIzMgY2OGp908egbRDXQw
Lyn9Dxfiwrs,https://www.youtube.com/watch?v=Lyn9Dxfiwrs,"La nueva Chica Tixuz, ¡Felicidades! a...",93.0,,videos,https://i.ytimg.com/vi/Lyn9Dxfiwrs/hqdefault.jpg?sqp=-oaymwEcCNACELwBSFXyq4qpAw4IARUAAIhCGAFwAcABBg==&rs=AOn4CLA4KZxRbqshR8attYpD9S-aeoYmxw
4DdtSksFeRE,https://www.youtube.com/watch?v=4DdtSksFeRE,Honda: Marca X Marca,1389.0,,videos,https://i.ytimg.com/vi/4DdtSksFeRE/hqdefault.jpg?sqp=-oaymwEcCNACELwBSFXyq4qpAw4IARUAAIhCGAFwAcABBg==&rs=AOn4CLC-bewwqCsyQmvJnJq7Ydur7TlDNw
R8_4vBYons8,https://www.youtube.com/watch?v=R8_4vBYons8,Go karts: We are the champions.,286.0,,videos,https://i.ytimg.com/vi/R8_4vBYons8/hqdefault.jpg?sqp=-oaymwEcCNACELwBSFXyq4qpAw4IARUAAIhCGAFwAcABBg==&rs=AOn4CLCg_iB-Qt59agV5TxN_4Sl75LEDIQ
66UvLsNqc94,https://www.youtube.com/watch?v=66UvLsNqc94,La nueva Chica Tixuz es...,827.0,,videos,https://i.ytimg.com/vi/66UvLsNqc94/hqdefault.jpg?sqp=-oaymwEcCNACELwBSFXyq4qpAw4IARUAAIhCGAFwAcABBg==&rs=AOn4CLCwhOLOQe0-mVnygedy1PwZBZQKYQ
nsZHPHvkGGc,https://www.youtube.com/watch?v=nsZHPHvkGGc,Sedanes de 250-500 mil pesos. 2da parte.,1278.0,,videos,https://i.ytimg.com/vi/nsZHPHvkGGc/hqdefault.jpg?sqp=-oaymwEcCNACELwBSFXyq4qpAw4IARUAAIhCGAFwAcABBg==&rs=AOn4CLAEFRMKeOXLm94mtf1EpHJr6F6qkw
QLHyhoH3isI,https://www.youtube.com/watch?v=QLHyhoH3isI,Italika Vitalia 125,994.0,,videos,https://i.ytimg.com/vi/QLHyhoH3isI/hqdefault.jpg?sqp=-oaymwEcCNACELwBSFXyq4qpAw4IARUAAIhCGAFwAcABBg==&rs=AOn4CLALyGiPDWiHtOhPd2JIj8JT5CkPrQ
ZBUC92xY_jw,https://www.youtube.com/watch?v=ZBUC92xY_jw,Marisol ¿Chica Tixuz?,4.0,,videos,https://i.ytimg.com/vi/ZBUC92xY_jw/hqdefault.jpg?sqp=-oaymwEcCNACELwBSFXyq4qpAw4IARUAAIhCGAFwAcABBg==&rs=AOn4CLBzgce10hOgqqqbYmek-qnk5LEAqg
b2Z09qR1jsA,https://www.youtube.com/watch?v=b2Z09qR1jsA,Paola ¿Chica Tixuz?,7.0,,videos,https://i.ytimg.com/vi/b2Z09qR1jsA/hqdefault.jpg?sqp=-oaymwEcCNACELwBSFXyq4qpAw4IARUAAIhCGAFwAcABBg==&rs=AOn4CLDdjZVl7z-z2RjYi9VW4i85n5mLhQ
jiKakjodH9A,https://www.youtube.com/watch?v=jiKakjodH9A,Barbora ¿Chica Tixuz?,13.0,,videos,https://i.ytimg.com/vi/jiKakjodH9A/hqdefault.jpg?sqp=-oaymwEcCNACELwBSFXyq4qpAw4IARUAAIhCGAFwAcABBg==&rs=AOn4CLDNtzQCvTfo19JFSyi45vmaGhk9ZA
_l4AyD89VBQ,https://www.youtube.com/watch?v=_l4AyD89VBQ,Lulu ¿Chica Tixuz?,6.0,,videos,https://i.ytimg.com/vi/_l4AyD89VBQ/hqdefault.jpg?sqp=-oaymwEcCNACELwBSFXyq4qpAw4IARUAAIhCGAFwAcABBg==&rs=AOn4CLDQa2dIEd_eJTpDPQLEpsnbf5Tx7g
VUCKXdpB_PM,https://www.youtube.com/watch?v=VUCKXdpB_PM,El Directo de la Nueva chica Tixuz Parte 1,1487.0,,videos,https://i.ytimg.com/vi/VUCKXdpB_PM/hqdefault.jpg?sqp=-oaymwEcCNACELwBSFXyq4qpAw4IARUAAIhCGAFwAcABBg==&rs=AOn4CLDWJkqmgz9OmM2ezhebVKZQcXVCIg
Jc4JZ8gPGQY,https://www.youtube.com/watch?v=Jc4JZ8gPGQY,RECUERDA - La nueva chica Tixuz en directo hoy 28 de Septiembre a las 7:00 Pm,20.0,,videos,https://i.ytimg.com/vi/Jc4JZ8gPGQY/hqdefault.jpg?sqp=-oaymwEcCNACELwBSFXyq4qpAw4IARUAAIhCGAFwAcABBg==&rs=AOn4CLCMujRRPQ8hb0RyziEnrHtkgIoveg
g38EqzutpN4,https://www.youtube.com/watch?v=g38EqzutpN4,GMC: Marca X Marca,605.0,,videos,https://i.ytimg.com/vi/g38EqzutpN4/hqdefault.jpg?sqp=-oaymwEcCNACELwBSFXyq4qpAw4IARUAAIhCGAFwAcABBg==&rs=AOn4CLDh8RoA-p7vljPzZ5BANzRUu_VAKQ
HdW_uXXuX1c,https://www.youtube.com/watch?v=HdW_uXXuX1c,Ayúdanos a escoger a la nueva chica Tixuz,28.0,,videos,https://i.ytimg.com/vi/HdW_uXXuX1c/hqdefault.jpg?sqp=-oaymwEcCNACELwBSFXyq4qpAw4IARUAAIhCGAFwAcABBg==&rs=AOn4CLDTYzkT4_IkYRB_NX5qyBo6OypPZw
qRQq0GPVRbM,https://www.youtube.com/watch?v=qRQq0GPVRbM,"Sedanes entre 250 y 500 mil Pesos ($13,976-$27,952 USD)",976.0,,videos,https://i.ytimg.com/vi/qRQq0GPVRbM/hqdefault.jpg?sqp=-oaymwEcCNACELwBSFXyq4qpAw4IARUAAIhCGAFwAcABBg==&rs=AOn4CLDFhDzdhqhg50dvouNm91cTwksY6g
JMS-4sxAVew,https://www.youtube.com/watch?v=JMS-4sxAVew,Ford: Marca x Marca,1028.0,,videos,https://i.ytimg.com/vi/JMS-4sxAVew/hqdefault.jpg?sqp=-oaymwEcCNACELwBSFXyq4qpAw4IARUAAIhCGAFwAcABBg==&rs=AOn4CLA-9UvU9B2IRIZeQAhrhpADbv0bjw
MDwhBGqhK7A,https://www.youtube.com/watch?v=MDwhBGqhK7A,Fiat : Marca x Marca,907.0,,videos,https://i.ytimg.com/vi/MDwhBGqhK7A/hqdefault.jpg?sqp=-oaymwEcCNACELwBSFXyq4qpAw4IARUAAIhCGAFwAcABBg==&rs=AOn4CLDQl2_rzImi_2SviVhIehlZwWvAdw
PPQ6R5Kg0Jk,https://www.youtube.com/watch?v=PPQ6R5Kg0Jk,Honda CB 160F,769.0,,videos,https://i.ytimg.com/vi/PPQ6R5Kg0Jk/hqdefault.jpg?sqp=-oaymwEcCNACELwBSFXyq4qpAw4IARUAAIhCGAFwAcABBg==&rs=AOn4CLDOgTFzGxHmkx9B62e_4kOhiXkrTg
ovwfI4hY02Y,https://www.youtube.com/watch?v=ovwfI4hY02Y,Fuerza México,236.0,,videos,https://i.ytimg.com/vi/ovwfI4hY02Y/hqdefault.jpg?sqp=-oaymwEcCNACELwBSFXyq4qpAw4IARUAAIhCGAFwAcABBg==&rs=AOn4CLAm2TwWj0S4vqGgLFieWPamzlUtaA
u88nHn9cUFk,https://www.youtube.com/watch?v=u88nHn9cUFk,Autos Blindados,1031.0,,videos,https://i.ytimg.com/vi/u88nHn9cUFk/hqdefault.jpg?sqp=-oaymwEcCNACELwBSFXyq4qpAw4IARUAAIhCGAFwAcABBg==&rs=AOn4CLD2ItexUb7H6-iG6pJyAIM-eKbN1A
CwNNvLkLjXk,https://www.youtube.com/watch?v=CwNNvLkLjXk,Dodge: Marca X Marca.,550.0,,videos,https://i.ytimg.com/vi/CwNNvLkLjXk/hqdefault.jpg?sqp=-oaymwEcCNACELwBSFXyq4qpAw4IARUAAIhCGAFwAcABBg==&rs=AOn4CLB84U9XxWEqjAxIQYkvCHvyWQaWgw
9jiYQh7R-yk,https://www.youtube.com/watch?v=9jiYQh7R-yk,Tequila Harley-Davidson: Presentación de nuevos modelos y noche mexicana.,759.0,,videos,https://i.ytimg.com/vi/9jiYQh7R-yk/hqdefault.jpg?sqp=-oaymwEcCNACELwBSFXyq4qpAw4IARUAAIhCGAFwAcABBg==&rs=AOn4CLDfCaLVKM_0Fssxvcx3gP3sjiK5VA
J4zDzsGFe48,https://www.youtube.com/watch?v=J4zDzsGFe48,Chevrolet: Marca X Marca,735.0,,videos,https://i.ytimg.com/vi/J4zDzsGFe48/hqdefault.jpg?sqp=-oaymwEcCNACELwBSFXyq4qpAw4IARUAAIhCGAFwAcABBg==&rs=AOn4CLBQhvIRH9yASkLG1ShqZQuTh0n_Gg
oeUJ1jgR9Zw,https://www.youtube.com/watch?v=oeUJ1jgR9Zw,Chrysler: Marca X Marca,505.0,,videos,https://i.ytimg.com/vi/oeUJ1jgR9Zw/hqdefault.jpg?sqp=-oaymwEcCNACELwBSFXyq4qpAw4IARUAAIhCGAFwAcABBg==&rs=AOn4CLBKG1DUKN7btJWE248x6KSNocdubg
YRYo917N4Ic,https://www.youtube.com/watch?v=YRYo917N4Ic,Leaf II 2018: Lanzamiento y Review,487.0,,videos,https://i.ytimg.com/vi/YRYo917N4Ic/hqdefault.jpg?sqp=-oaymwEcCNACELwBSFXyq4qpAw4IARUAAIhCGAFwAcABBg==&rs=AOn4CLDPJvyR9TssfFICYSan2i_PyC41ww
iqDC00Oxbh0,https://www.youtube.com/watch?v=iqDC00Oxbh0,"Las Suv's de menos de $500 mil pesos/ $28,095 USD CONTINUACIÓN",1399.0,,videos,https://i.ytimg.com/vi/iqDC00Oxbh0/hqdefault.jpg?sqp=-oaymwEcCNACELwBSFXyq4qpAw4IARUAAIhCGAFwAcABBg==&rs=AOn4CLDKaMROZhFYvSmxhnJjxo4dVMSeGg
bdzXXD2b1LE,https://www.youtube.com/watch?v=bdzXXD2b1LE,Renault Captur 2018,709.0,,videos,https://i.ytimg.com/vi/bdzXXD2b1LE/hqdefault.jpg?sqp=-oaymwEcCNACELwBSFXyq4qpAw4IARUAAIhCGAFwAcABBg==&rs=AOn4CLBTZRAJfi_jrnjBEcVti1SJWH-POQ
aetWmBuCn1M,https://www.youtube.com/watch?v=aetWmBuCn1M,"Las Suv's de menos de $500 mil pesos/ $28,135 USD",1370.0,,videos,https://i.ytimg.com/vi/aetWmBuCn1M/hqdefault.jpg?sqp=-oaymwEcCNACELwBSFXyq4qpAw4IARUAAIhCGAFwAcABBg==&rs=AOn4CLDkYhmnhzE82SBZBBZBi6A6lxTvNw
NBTL6gAG1aI,https://www.youtube.com/watch?v=NBTL6gAG1aI,Cadillac: Marca X Marca,389.0,,videos,https://i.ytimg.com/vi/NBTL6gAG1aI/hqdefault.jpg?sqp=-oaymwEcCNACELwBSFXyq4qpAw4IARUAAIhCGAFwAcABBg==&rs=AOn4CLC-4GS0JuLMYjAtcLvcpMAyoco0xA
Z8U7TXuJVuA,https://www.youtube.com/watch?v=Z8U7TXuJVuA,Bajaj RS 200,625.0,,videos,https://i.ytimg.com/vi/Z8U7TXuJVuA/hqdefault.jpg?sqp=-oaymwEcCNACELwBSFXyq4qpAw4IARUAAIhCGAFwAcABBg==&rs=AOn4CLCVfJ89cf0G_m3uHS1qlODCPefdAA
pmFKEPyF_hc,https://www.youtube.com/watch?v=pmFKEPyF_hc,GM ¿por qué no será líder?,1051.0,,videos,https://i.ytimg.com/vi/pmFKEPyF_hc/hqdefault.jpg?sqp=-oaymwEcCNACELwBSFXyq4qpAw4IARUAAIhCGAFwAcABBg==&rs=AOn4CLDVxBQbSL65og20qvkHjIZAIoFiEg
DbP2pSNVZ10,https://www.youtube.com/watch?v=DbP2pSNVZ10,Las raras calificaciones de Latin NCAP.,901.0,,videos,https://i.ytimg.com/vi/DbP2pSNVZ10/hqdefault.jpg?sqp=-oaymwEcCNACELwBSFXyq4qpAw4IARUAAIhCGAFwAcABBg==&rs=AOn4CLDOPvjtYkKS9Zh4kjBlvOK2Juyy_g
bz_bdQH6dlk,https://www.youtube.com/watch?v=bz_bdQH6dlk,GMC Terrain 2018,777.0,,videos,https://i.ytimg.com/vi/bz_bdQH6dlk/hqdefault.jpg?sqp=-oaymwEcCNACELwBSFXyq4qpAw4IARUAAIhCGAFwAcABBg==&rs=AOn4CLBZzNK3mgmtXXqpLoHAsgNWsj6RLQ
3tUFm-6_R9A,https://www.youtube.com/watch?v=3tUFm-6_R9A,Saludo a nuestros Haters,1145.0,,videos,https://i.ytimg.com/vi/3tUFm-6_R9A/hqdefault.jpg?sqp=-oaymwEcCNACELwBSFXyq4qpAw4IARUAAIhCGAFwAcABBg==&rs=AOn4CLAgqtD9A7ioKd9xt63ps1PCROaGnA
-6y7Ro6_QXs,https://www.youtube.com/watch?v=-6y7Ro6_QXs,Bajaj Dominar 400,786.0,,videos,https://i.ytimg.com/vi/-6y7Ro6_QXs/hqdefault.jpg?sqp=-oaymwEcCNACELwBSFXyq4qpAw4IARUAAIhCGAFwAcABBg==&rs=AOn4CLCd7cUREIdyir2zpypK-ADpGle8AA
asAKPhBwuno,https://www.youtube.com/watch?v=asAKPhBwuno,BAIC BJ40,1293.0,,videos,https://i.ytimg.com/vi/asAKPhBwuno/hqdefault.jpg?sqp=-oaymwEcCNACELwBSFXyq4qpAw4IARUAAIhCGAFwAcABBg==&rs=AOn4CLAtZJOCjT9Qwb2uY-r0brf5G8nO2A
lw4hAj7ZQ7o,https://www.youtube.com/watch?v=lw4hAj7ZQ7o,Ford F 250: Dando una vuelta con Lalo y Cesar,1197.0,,videos,https://i.ytimg.com/vi/lw4hAj7ZQ7o/hqdefault.jpg?sqp=-oaymwEcCNACELwBSFXyq4qpAw4IARUAAIhCGAFwAcABBg==&rs=AOn4CLDaa1B1lAmN6cs-BgUl5IfOBnpDNA
cEtKWjO8Il8,https://www.youtube.com/watch?v=cEtKWjO8Il8,Buick: Marca X Marca,542.0,,videos,https://i.ytimg.com/vi/cEtKWjO8Il8/hqdefault.jpg?sqp=-oaymwEcCNACELwBSFXyq4qpAw4IARUAAIhCGAFwAcABBg==&rs=AOn4CLD9S2ew7C4dmO06xvfxa1ZHSlhulA
HXXpj9C60gE,https://www.youtube.com/watch?v=HXXpj9C60gE,Encontré nueva maestra.,171.0,,videos,https://i.ytimg.com/vi/HXXpj9C60gE/hqdefault.jpg?sqp=-oaymwE2CNACELwBSFXyq4qpAygIARUAAIhCGAFwAcABBvABAfgBhgKAAuADigIMCAAQARhlIFooTjAP&rs=AOn4CLBDmqXE4uyYcSnvuoYvW4x9sc8V8A
MxUQKk1wGY4,https://www.youtube.com/watch?v=MxUQKk1wGY4,BMW: Marca X Marca,1572.0,,videos,https://i.ytimg.com/vi/MxUQKk1wGY4/hqdefault.jpg?sqp=-oaymwEcCNACELwBSFXyq4qpAw4IARUAAIhCGAFwAcABBg==&rs=AOn4CLDotOeU2PlaIEE2xtVsPWsx4Hlwmg
TjCDZRRUY-4,https://www.youtube.com/watch?v=TjCDZRRUY-4,Baic: Marca X Marca,531.0,,videos,https://i.ytimg.com/vi/TjCDZRRUY-4/hqdefault.jpg?sqp=-oaymwEcCNACELwBSFXyq4qpAw4IARUAAIhCGAFwAcABBg==&rs=AOn4CLCyM7zUcUO6fT1td57CarlYekTIow
xUXGQ5eE6Z8,https://www.youtube.com/watch?v=xUXGQ5eE6Z8,El financiamiento en México con  Sergio Oliveira y  Eduardo Vargas,1069.0,,videos,https://i.ytimg.com/vi/xUXGQ5eE6Z8/hqdefault.jpg?sqp=-oaymwEcCNACELwBSFXyq4qpAw4IARUAAIhCGAFwAcABBg==&rs=AOn4CLDjO3nvtAws-TnLxQ6jlj6Bf3zmWA
78pFXyRWu30,https://www.youtube.com/watch?v=78pFXyRWu30,Renault Koleos 2017: Dando una vuelta con Lalo y Cesar,1192.0,,videos,https://i.ytimg.com/vi/78pFXyRWu30/hqdefault.jpg?sqp=-oaymwEcCNACELwBSFXyq4qpAw4IARUAAIhCGAFwAcABBg==&rs=AOn4CLDOBGqp51X3yPl2i1a-QBtUwKHuSg
5N0IvvIipYc,https://www.youtube.com/watch?v=5N0IvvIipYc,Aston Martin: Marca X Marca,317.0,,videos,https://i.ytimg.com/vi/5N0IvvIipYc/hqdefault.jpg?sqp=-oaymwEcCNACELwBSFXyq4qpAw4IARUAAIhCGAFwAcABBg==&rs=AOn4CLBcJ4TkH4Y2ZRAGOmloRh5qghbz9Q
QOBrDZ8PYdc,https://www.youtube.com/watch?v=QOBrDZ8PYdc,Cosas innecesarias en los autos.,797.0,,videos,https://i.ytimg.com/vi/QOBrDZ8PYdc/hqdefault.jpg?sqp=-oaymwEcCNACELwBSFXyq4qpAw4IARUAAIhCGAFwAcABBg==&rs=AOn4CLCFCwM3EvgcaGcfRXU_h5-X_Q4tIg
EpijPbWrF7s,https://www.youtube.com/watch?v=EpijPbWrF7s,Cavalier 2018            noticias mexico gm,388.0,,videos,https://i.ytimg.com/vi/EpijPbWrF7s/hqdefault.jpg?sqp=-oaymwEcCNACELwBSFXyq4qpAw4IARUAAIhCGAFwAcABBg==&rs=AOn4CLC920je5DCbknWsimAwm-ClLdttHQ
Wt4BiLrSmHk,https://www.youtube.com/watch?v=Wt4BiLrSmHk,Los autos más caros que puedes encontrar en México.,782.0,,videos,https://i.ytimg.com/vi/Wt4BiLrSmHk/hqdefault.jpg?sqp=-oaymwEcCNACELwBSFXyq4qpAw4IARUAAIhCGAFwAcABBg==&rs=AOn4CLCWuhMEk3gkmYGQa2ZEUT4_UJrsRQ
0b8E8YUlxEk,https://www.youtube.com/watch?v=0b8E8YUlxEk,GMC Terrain 2018,169.0,,videos,https://i.ytimg.com/vi/0b8E8YUlxEk/hqdefault.jpg?sqp=-oaymwEcCNACELwBSFXyq4qpAw4IARUAAIhCGAFwAcABBg==&rs=AOn4CLAep4dKCkcOdae7_Ux2bj8jyFN9uw
0sj1ASroTqQ,https://www.youtube.com/watch?v=0sj1ASroTqQ,Audi: Marca X Marca,456.0,,videos,https://i.ytimg.com/vi/0sj1ASroTqQ/hqdefault.jpg?sqp=-oaymwEcCNACELwBSFXyq4qpAw4IARUAAIhCGAFwAcABBg==&rs=AOn4CLA_3kY_rjx_qqDm4p4zqK8DJ-k9JQ
hAxQsIVRUpc,https://www.youtube.com/watch?v=hAxQsIVRUpc,Los autos más baratos en el mercado mexicano.,940.0,,videos,https://i.ytimg.com/vi/hAxQsIVRUpc/hqdefault.jpg?sqp=-oaymwEcCNACELwBSFXyq4qpAw4IARUAAIhCGAFwAcABBg==&rs=AOn4CLDvGsR4CyzIOxZf-0-GEkhR0K3-Jg
Zc-PuF-9nBQ,https://www.youtube.com/watch?v=Zc-PuF-9nBQ,Zacua: Nuevo Eléctrico Mexicano,141.0,,videos,https://i.ytimg.com/vi/Zc-PuF-9nBQ/hqdefault.jpg?sqp=-oaymwEcCNACELwBSFXyq4qpAw4IARUAAIhCGAFwAcABBg==&rs=AOn4CLD2EgTDa85KWxnHdz4oWgg6FeXZew
IuF7wONwRgI,https://www.youtube.com/watch?v=IuF7wONwRgI,Eléctricos. 2da parte.,1028.0,,videos,https://i.ytimg.com/vi/IuF7wONwRgI/hqdefault.jpg?sqp=-oaymwEcCNACELwBSFXyq4qpAw4IARUAAIhCGAFwAcABBg==&rs=AOn4CLDtX3cf7j9rorVSoH1lIvXUBqMCTg
2H8o19zs9Es,https://www.youtube.com/watch?v=2H8o19zs9Es,Acura RLX 2018,55.0,,videos,https://i.ytimg.com/vi/2H8o19zs9Es/hqdefault.jpg?sqp=-oaymwEcCNACELwBSFXyq4qpAw4IARUAAIhCGAFwAcABBg==&rs=AOn4CLDbngnF0zTeOXv5nd8btNl9xXGUrw
njCfKkFZ3hk,https://www.youtube.com/watch?v=njCfKkFZ3hk,Eléctricos. 1ra parte.,1159.0,,videos,https://i.ytimg.com/vi/njCfKkFZ3hk/hqdefault.jpg?sqp=-oaymwEcCNACELwBSFXyq4qpAw4IARUAAIhCGAFwAcABBg==&rs=AOn4CLARPDW6BYC2rGFRMlI3JmnCwgk-Dw
Izz3aSQdc1M,https://www.youtube.com/watch?v=Izz3aSQdc1M,Vmotion 2.0: Nissan,226.0,,videos,https://i.ytimg.com/vi/Izz3aSQdc1M/hqdefault.jpg?sqp=-oaymwEcCNACELwBSFXyq4qpAw4IARUAAIhCGAFwAcABBg==&rs=AOn4CLCENFw9TKvzrwnXwLTgjdxOOLJFmg
VwFGAgA4Xo0,https://www.youtube.com/watch?v=VwFGAgA4Xo0,Alfa Romeo: Marca X Marca,684.0,,videos,https://i.ytimg.com/vi/VwFGAgA4Xo0/hqdefault.jpg?sqp=-oaymwEcCNACELwBSFXyq4qpAw4IARUAAIhCGAFwAcABBg==&rs=AOn4CLA0btnLkb3xZYtIo1ZiLqz8i4Wcrg
jzbmSwsPBz0,https://www.youtube.com/watch?v=jzbmSwsPBz0,La devaluación de los auto nuevos.,1187.0,,videos,https://i.ytimg.com/vi/jzbmSwsPBz0/hqdefault.jpg?sqp=-oaymwEcCNACELwBSFXyq4qpAw4IARUAAIhCGAFwAcABBg==&rs=AOn4CLDW1zRsEFh_oeoqJ6-EtLOzy32uow
CHx9XHAtsyY,https://www.youtube.com/watch?v=CHx9XHAtsyY,Tiguan 2018 vw Agua Azul,99.0,,videos,https://i.ytimg.com/vi/CHx9XHAtsyY/hqdefault.jpg?sqp=-oaymwE2CNACELwBSFXyq4qpAygIARUAAIhCGAFwAcABBvABAfgBzgaAAuADigIMCAAQARhlIFUoRDAP&rs=AOn4CLAefvRJquVEX-GZUo_kfcEEmy72sQ
8OoW3m-ziSc,https://www.youtube.com/watch?v=8OoW3m-ziSc,Presentación Tiguan 2018 VW Agua Azul,138.0,,videos,https://i.ytimg.com/vi/8OoW3m-ziSc/hqdefault.jpg?sqp=-oaymwE2CNACELwBSFXyq4qpAygIARUAAIhCGAFwAcABBvABAfgB_gmAAtAFigIMCAAQARhlIF8oVDAP&rs=AOn4CLBKgTZdPJhD-CnT9ujYY-RaJM1zDQ
UH9SLJFmB2U,https://www.youtube.com/watch?v=UH9SLJFmB2U,Acura: Marca X Marca,527.0,,videos,https://i.ytimg.com/vi/UH9SLJFmB2U/hqdefault.jpg?sqp=-oaymwEcCNACELwBSFXyq4qpAw4IARUAAIhCGAFwAcABBg==&rs=AOn4CLBWgkqaRItBCKrdkURqVj3l-O7Zsw
1-ZInXRaNOM,https://www.youtube.com/watch?v=1-ZInXRaNOM,El análisis de los autos Eléctricos: Nissan Leaf.,990.0,,videos,https://i.ytimg.com/vi/1-ZInXRaNOM/hqdefault.jpg?sqp=-oaymwEcCNACELwBSFXyq4qpAw4IARUAAIhCGAFwAcABBg==&rs=AOn4CLAUlSiQXsrxbgbuYm7sF8tpxc_mLA
ILqCPvzTANs,https://www.youtube.com/watch?v=ILqCPvzTANs,"La autonomía esta llegando, ¿Estamos ya en el futuro?",1514.0,,videos,https://i.ytimg.com/vi/ILqCPvzTANs/hqdefault.jpg?sqp=-oaymwEcCNACELwBSFXyq4qpAw4IARUAAIhCGAFwAcABBg==&rs=AOn4CLDV3yA1iw9QINit2eRh-YfABdwHaA
3RarD5aSguo,https://www.youtube.com/watch?v=3RarD5aSguo,Sergio Oliveira responde tus preguntas #11,1072.0,,videos,https://i.ytimg.com/vi/3RarD5aSguo/hqdefault.jpg?sqp=-oaymwEcCNACELwBSFXyq4qpAw4IARUAAIhCGAFwAcABBg==&rs=AOn4CLAVbhCGV3Osxvz2lq2nOFiVrWBnog
Cyjnr4mn0Ec,https://www.youtube.com/watch?v=Cyjnr4mn0Ec,Bajaj  Pulsar NS 200,805.0,,videos,https://i.ytimg.com/vi/Cyjnr4mn0Ec/hqdefault.jpg?sqp=-oaymwEcCNACELwBSFXyq4qpAw4IARUAAIhCGAFwAcABBg==&rs=AOn4CLCSCDscufWWNnEN8Q44QHvJL2zgVQ
xPEpoBMnl5o,https://www.youtube.com/watch?v=xPEpoBMnl5o,MERCEDES X class         / mercedes-benz / autos,965.0,,videos,https://i.ytimg.com/vi/xPEpoBMnl5o/hqdefault.jpg?sqp=-oaymwEcCNACELwBSFXyq4qpAw4IARUAAIhCGAFwAcABBg==&rs=AOn4CLCxDy0OXQPyOk0aAZN1Jh7Dx53YDg
0WPiswAZONk,https://www.youtube.com/watch?v=0WPiswAZONk,Nismo: llega a México con todo. El tunero de Nissan.,859.0,,videos,https://i.ytimg.com/vi/0WPiswAZONk/hqdefault.jpg?sqp=-oaymwEcCNACELwBSFXyq4qpAw4IARUAAIhCGAFwAcABBg==&rs=AOn4CLCqC1-vZVdW6mMz_19EnYEM0-y_Pw
nCoMHJcWCfM,https://www.youtube.com/watch?v=nCoMHJcWCfM,Los vehículos más robados en México.,1245.0,,videos,https://i.ytimg.com/vi/nCoMHJcWCfM/hqdefault.jpg?sqp=-oaymwEcCNACELwBSFXyq4qpAw4IARUAAIhCGAFwAcABBg==&rs=AOn4CLDcD0V5mMvPxBkVt6wjZZTnBsBZ8Q
XnDgqjWMlgk,https://www.youtube.com/watch?v=XnDgqjWMlgk,"Los seminuevos 2: aguas con los fraudes, están a la orden del día. comparar / mexico",1018.0,,videos,https://i.ytimg.com/vi/XnDgqjWMlgk/hqdefault.jpg?sqp=-oaymwEcCNACELwBSFXyq4qpAw4IARUAAIhCGAFwAcABBg==&rs=AOn4CLAy_sIQaNbsIg2Xr7p_Q-2d-1jXqQ
J3M-xVRuzYw,https://www.youtube.com/watch?v=J3M-xVRuzYw,¿Qué tan complicado es crear un nombre para un auto? producto / exitos / nuevos / renault,1179.0,,videos,https://i.ytimg.com/vi/J3M-xVRuzYw/hqdefault.jpg?sqp=-oaymwEcCNACELwBSFXyq4qpAw4IARUAAIhCGAFwAcABBg==&rs=AOn4CLDoeG18dvdwZl0Yldbswk7j1UrBlw
8BmSYpzao7k,https://www.youtube.com/watch?v=8BmSYpzao7k,Los seminuevos: las netas de la compra-venta. noticias / fiat / mexico / premium,1390.0,,videos,https://i.ytimg.com/vi/8BmSYpzao7k/hqdefault.jpg?sqp=-oaymwEcCNACELwBSFXyq4qpAw4IARUAAIhCGAFwAcABBg==&rs=AOn4CLDe09fWIlObQY0S8akJkO-Po43rrg
tfqtAcK4jx8,https://www.youtube.com/watch?v=tfqtAcK4jx8,La caída de Ford.  noticias /  mexico /  premium,1172.0,,videos,https://i.ytimg.com/vi/tfqtAcK4jx8/hqdefault.jpg?sqp=-oaymwEcCNACELwBSFXyq4qpAw4IARUAAIhCGAFwAcABBg==&rs=AOn4CLAomDRRFo1VKZZKr9HVQtpvzDSVBA
EcLNtVqIy50,https://www.youtube.com/watch?v=EcLNtVqIy50,Apple voltea hacia el futuro. / noticias / mexico,458.0,,videos,https://i.ytimg.com/vi/EcLNtVqIy50/hqdefault.jpg?sqp=-oaymwEcCNACELwBSFXyq4qpAw4IARUAAIhCGAFwAcABBg==&rs=AOn4CLAVwFUboNTM9YNcQRDFbppcOGBnLw
c8rNSvdEi84,https://www.youtube.com/watch?v=c8rNSvdEi84,"""SUV"" o ""CrossOver"", ¿Sabes distinguirlas? mexico / noticias /  comparar",1079.0,,videos,https://i.ytimg.com/vi/c8rNSvdEi84/hqdefault.jpg?sqp=-oaymwEcCNACELwBSFXyq4qpAw4IARUAAIhCGAFwAcABBg==&rs=AOn4CLB5lrbSVJ9jfSBskU9MRLduMI6Quw
qhX2k1gJAao,https://www.youtube.com/watch?v=qhX2k1gJAao,"Vehículos autónomos, cada vez más cercanos al futuro. noticias / gm / mexico / review",363.0,,videos,https://i.ytimg.com/vi/qhX2k1gJAao/hqdefault.jpg?sqp=-oaymwEcCNACELwBSFXyq4qpAw4IARUAAIhCGAFwAcABBg==&rs=AOn4CLDaVa27Atxg-EzgjTJ-WoOT-eZFyQ
F5ug25vxvRw,https://www.youtube.com/watch?v=F5ug25vxvRw,Tesla sera el nuevo rey de las marcas?     review / chevrolet / tesla/ gm,1576.0,,videos,https://i.ytimg.com/vi/F5ug25vxvRw/hqdefault.jpg?sqp=-oaymwEcCNACELwBSFXyq4qpAw4IARUAAIhCGAFwAcABBg==&rs=AOn4CLBnjRegAAmx_1qNSrS2HwKzu89g8A
emF8Ccu4ACQ,https://www.youtube.com/watch?v=emF8Ccu4ACQ,El totalmente  nuevo Chevrolet Aveo 2018.,216.0,,videos,https://i.ytimg.com/vi/emF8Ccu4ACQ/hqdefault.jpg?sqp=-oaymwEcCNACELwBSFXyq4qpAw4IARUAAIhCGAFwAcABBg==&rs=AOn4CLAwEzOMBL94WibDkJHu8NEuPdNDJw
Xbl1ogo6JlY,https://www.youtube.com/watch?v=Xbl1ogo6JlY,KTM Duke 390 2017.,766.0,,videos,https://i.ytimg.com/vi/Xbl1ogo6JlY/hqdefault.jpg?sqp=-oaymwEcCNACELwBSFXyq4qpAw4IARUAAIhCGAFwAcABBg==&rs=AOn4CLBlsPjA0M6Q68mzWur2Co-V75THKw
HK0wBsLD8gs,https://www.youtube.com/watch?v=HK0wBsLD8gs,¿Mi trasero por una reseña? noticias mexico opinion,1329.0,,videos,https://i.ytimg.com/vi/HK0wBsLD8gs/hqdefault.jpg?sqp=-oaymwEcCNACELwBSFXyq4qpAw4IARUAAIhCGAFwAcABBg==&rs=AOn4CLDVCh0yPuagxd_zJDckFFqXvdDvgg
-X89LZGO8Qc,https://www.youtube.com/watch?v=-X89LZGO8Qc,Volvo ya no fabricara autos de combustion         noticias / review / analisis,114.0,,videos,https://i.ytimg.com/vi/-X89LZGO8Qc/hqdefault.jpg?sqp=-oaymwEcCNACELwBSFXyq4qpAw4IARUAAIhCGAFwAcABBg==&rs=AOn4CLCHA0R3mCmxXq27_MGwqBkuJ9xlMQ
_1GCt4qpuO8,https://www.youtube.com/watch?v=_1GCt4qpuO8,Nissan gtr 2017            noticias/ mexico/ review,570.0,,videos,https://i.ytimg.com/vi/_1GCt4qpuO8/hqdefault.jpg?sqp=-oaymwEcCNACELwBSFXyq4qpAw4IARUAAIhCGAFwAcABBg==&rs=AOn4CLAaaTrglmM1E5OZICmYC5YisQS_bA
8RpmY3jABl0,https://www.youtube.com/watch?v=8RpmY3jABl0,¿Cuál es la verdadera razón de las foto-infracciones? El analisis.  opinion / noticias / mexico,823.0,,videos,https://i.ytimg.com/vi/8RpmY3jABl0/hqdefault.jpg?sqp=-oaymwEcCNACELwBSFXyq4qpAw4IARUAAIhCGAFwAcABBg==&rs=AOn4CLC3CQ_aC1eTrWyR2RtzDfIwXVpKpA
i_yjSvFCbYI,https://www.youtube.com/watch?v=i_yjSvFCbYI,Aceite sintético vs mineral. cual es mejor para mi motor?  review analisis rendimiento,253.0,,videos,https://i.ytimg.com/vi/i_yjSvFCbYI/hqdefault.jpg?sqp=-oaymwEcCNACELwBSFXyq4qpAw4IARUAAIhCGAFwAcABBg==&rs=AOn4CLA6BACG3onBYjWAVAd8Nr-8OwMgUQ
iJPkbVeG2Io,https://www.youtube.com/watch?v=iJPkbVeG2Io,Respondiendo preguntas       noticias  junio analisis opinion    / gm/ fiat/ compacto/,1460.0,,videos,https://i.ytimg.com/vi/iJPkbVeG2Io/hqdefault.jpg?sqp=-oaymwEcCNACELwBSFXyq4qpAw4IARUAAIhCGAFwAcABBg==&rs=AOn4CLCF61lOFLgWKw9wyF50fSxJKeRo1g
E1ICD0uOzpo,https://www.youtube.com/watch?v=E1ICD0uOzpo,Presentamos la nueva Chevrolet Equinox 2018       noticias   junio,397.0,,videos,https://i.ytimg.com/vi/E1ICD0uOzpo/hqdefault.jpg?sqp=-oaymwEcCNACELwBSFXyq4qpAw4IARUAAIhCGAFwAcABBg==&rs=AOn4CLCBSgnkBveVC3-a_sXVHN9gpksTDw
1gJ09R1BsIc,https://www.youtube.com/watch?v=1gJ09R1BsIc,BMW G 310 R. Belleza y velocidad a un buen costo.  noticias / junio opinion / review /eduardo vargas,876.0,,videos,https://i.ytimg.com/vi/1gJ09R1BsIc/hqdefault.jpg?sqp=-oaymwEcCNACELwBSFXyq4qpAw4IARUAAIhCGAFwAcABBg==&rs=AOn4CLDY6HI7DAi3W_0PH2Js4LjU8RKseA
cUXW0xYUy6o,https://www.youtube.com/watch?v=cUXW0xYUy6o,El análisis de los precios y descuentos en esta temporada. volkswagen / noticias / mercedes /opinion,970.0,,videos,https://i.ytimg.com/vi/cUXW0xYUy6o/hqdefault.jpg?sqp=-oaymwEcCNACELwBSFXyq4qpAw4IARUAAIhCGAFwAcABBg==&rs=AOn4CLCDyPPU26NjkVi-Hsi8X4104TrdMQ
sptI9qaH8Go,https://www.youtube.com/watch?v=sptI9qaH8Go,NUEVA BMW X3 2018     noticias/ premium/ preview,228.0,,videos,https://i.ytimg.com/vi/sptI9qaH8Go/hqdefault.jpg?sqp=-oaymwEcCNACELwBSFXyq4qpAw4IARUAAIhCGAFwAcABBg==&rs=AOn4CLDeryJeSsV23rkdx5DeLVHCxqEWxQ
ZKLuNijhxCw,https://www.youtube.com/watch?v=ZKLuNijhxCw,LA MEJOR CAMIONETA  SUV POR TU DINERO           noticias /comparar/ opinion review analisis reseña,1398.0,,videos,https://i.ytimg.com/vi/ZKLuNijhxCw/hqdefault.jpg?sqp=-oaymwEcCNACELwBSFXyq4qpAw4IARUAAIhCGAFwAcABBg==&rs=AOn4CLDlPaXULcQpfrP_0pWrewkOldUvcA
4WduzL-Npsk,https://www.youtube.com/watch?v=4WduzL-Npsk,"Takata, el asesino silencioso que todos tenemos en los autos. / noticias / analisis / mexico / fiat",435.0,,videos,https://i.ytimg.com/vi/4WduzL-Npsk/hqdefault.jpg?sqp=-oaymwEcCNACELwBSFXyq4qpAw4IARUAAIhCGAFwAcABBg==&rs=AOn4CLDYJYFTN1w6HiUjQLE86zwvLznU5g
-B1opPMLdhc,https://www.youtube.com/watch?v=-B1opPMLdhc,Los autos de mas de 500 mil pesos en realidad lo valen?/ noticias /junio/ compacto gm fiat,1031.0,,videos,https://i.ytimg.com/vi/-B1opPMLdhc/hqdefault.jpg?sqp=-oaymwEcCNACELwBSFXyq4qpAw4IARUAAIhCGAFwAcABBg==&rs=AOn4CLAetav44zZ51AUV0ftbZuyP-ENbyQ
YnH2hQyx9iw,https://www.youtube.com/watch?v=YnH2hQyx9iw,¿Cómo hago para comprar más barato un auto nuevo? noticias / mexico / analisis.,1372.0,,videos,https://i.ytimg.com/vi/YnH2hQyx9iw/hqdefault.jpg?sqp=-oaymwEcCNACELwBSFXyq4qpAw4IARUAAIhCGAFwAcABBg==&rs=AOn4CLCmIIUXCIqRrNrM-2de4hYktJ8t1g
Q6IIAcoaS7o,https://www.youtube.com/watch?v=Q6IIAcoaS7o,Transmisión en vivo jueves 15 de junio,18.0,,videos,https://i.ytimg.com/vi/Q6IIAcoaS7o/hqdefault.jpg?sqp=-oaymwE2CNACELwBSFXyq4qpAygIARUAAIhCGAFwAcABBvABAfgB_gmAAtAFigIMCAAQARhlIEwoPTAP&rs=AOn4CLDaRAYYBmTxbiWbL3L0jvPqZYhOyw
1W8xlwvfPlE,https://www.youtube.com/watch?v=1W8xlwvfPlE,ya no alcanza para frijoles !   noticias y  analisis sergio oliveira  / opinion y marketing digital,1131.0,,videos,https://i.ytimg.com/vi/1W8xlwvfPlE/hqdefault.jpg?sqp=-oaymwEcCNACELwBSFXyq4qpAw4IARUAAIhCGAFwAcABBg==&rs=AOn4CLCR4d-xin-_q9Dy7PAuWsfCu3W5Sw
qXBBJGqN5Vs,https://www.youtube.com/watch?v=qXBBJGqN5Vs,Las noticias y el análisis de porqué Nissan va en caída.   premium/ mexico/ fiat,1010.0,,videos,https://i.ytimg.com/vi/qXBBJGqN5Vs/hqdefault.jpg?sqp=-oaymwEcCNACELwBSFXyq4qpAw4IARUAAIhCGAFwAcABBg==&rs=AOn4CLDgge8dGuMWBdjawar5UB9lEWHfmw
nDXalDhC8kM,https://www.youtube.com/watch?v=nDXalDhC8kM,Las noticias y el analisis de la  KTM RC 200 con Eduardo Vargas y Holliver Burgueño. premium,758.0,,videos,https://i.ytimg.com/vi/nDXalDhC8kM/hqdefault.jpg?sqp=-oaymwEcCNACELwBSFXyq4qpAw4IARUAAIhCGAFwAcABBg==&rs=AOn4CLBC40ORrdy-y6LMVburrHgiKeK-yg
TMn3xLLmdzY,https://www.youtube.com/watch?v=TMn3xLLmdzY,noticias y review de que marcas de autos  podrian venir a mexico / eduardo vargas,1167.0,,videos,https://i.ytimg.com/vi/TMn3xLLmdzY/hqdefault.jpg?sqp=-oaymwEcCNACELwBSFXyq4qpAw4IARUAAIhCGAFwAcABBg==&rs=AOn4CLAlhLO8J_jBZVpnFOg964it6YYEUw
60pdbDW11iY,https://www.youtube.com/watch?v=60pdbDW11iY,"En noticias sobre Jetta, el sedan compacto,  ¿todavía en la cabeza? eduardo vargas",1537.0,,videos,https://i.ytimg.com/vi/60pdbDW11iY/hqdefault.jpg?sqp=-oaymwEcCNACELwBSFXyq4qpAw4IARUAAIhCGAFwAcABBg==&rs=AOn4CLBIgvwoI0BgzrwnDvru7qK9RPP_kg
A-wFN1eFZiM,https://www.youtube.com/watch?v=A-wFN1eFZiM,"El analisis de los autos más feos, novedades y compactos que se arrepienten de fabricar. noticias gm",1037.0,,videos,https://i.ytimg.com/vi/A-wFN1eFZiM/hqdefault.jpg?sqp=-oaymwEcCNACELwBSFXyq4qpAw4IARUAAIhCGAFwAcABBg==&rs=AOn4CLAnfIapUppn8z-E3i6jf6A9gCcUsg
FoYuasTZ6Qw,https://www.youtube.com/watch?v=FoYuasTZ6Qw,El análisis de los autos policia en México y otras partes del mundo.,797.0,,videos,https://i.ytimg.com/vi/FoYuasTZ6Qw/hqdefault.jpg?sqp=-oaymwEcCNACELwBSFXyq4qpAw4IARUAAIhCGAFwAcABBg==&rs=AOn4CLDZfGHhBWcam2JYLABa9TOW_pUQNg
O8fX5AQC4ec,https://www.youtube.com/watch?v=O8fX5AQC4ec,el  analisis  de la moto Yamaha MT03 noticias   review de mexico /motovlog,673.0,,videos,https://i.ytimg.com/vi/O8fX5AQC4ec/hqdefault.jpg?sqp=-oaymwEcCNACELwBSFXyq4qpAw4IARUAAIhCGAFwAcABBg==&rs=AOn4CLB7_HzofI8KToNpOEAjtgXv0NHDwQ
aPaY1KhKy4o,https://www.youtube.com/watch?v=aPaY1KhKy4o,Jeep renegade 2017   noticias / compacto/  mexico/ premium review,838.0,,videos,https://i.ytimg.com/vi/aPaY1KhKy4o/hqdefault.jpg?sqp=-oaymwEcCNACELwBSFXyq4qpAw4IARUAAIhCGAFwAcABBg==&rs=AOn4CLCZpiwxvOfQ9ATbKbUjGmT11q96rA
eGjn2K-N_w8,https://www.youtube.com/watch?v=eGjn2K-N_w8,"Marcas premium? noticias y review sobre  bmw, mercedes benz, audi   compacto",1045.0,,videos,https://i.ytimg.com/vi/eGjn2K-N_w8/hqdefault.jpg?sqp=-oaymwEcCNACELwBSFXyq4qpAw4IARUAAIhCGAFwAcABBg==&rs=AOn4CLBWNQnst73lm7URBIEM8gYAkdmxew
wqFKL_5umxc,https://www.youtube.com/watch?v=wqFKL_5umxc,Nissan Controller,62.0,,videos,https://i.ytimg.com/vi/wqFKL_5umxc/hqdefault.jpg?sqp=-oaymwE2CNACELwBSFXyq4qpAygIARUAAIhCGAFwAcABBvABAfgB_gmAAtAFigIMCAAQARhJIE0ocjAP&rs=AOn4CLD_NgehndbLd4ue5fEHztqgQNkK-Q
LfYElBeGDuM,https://www.youtube.com/watch?v=LfYElBeGDuM,"¿Por qué ""retiraron"" a Mark Fields de Ford?  noticias review mexico",983.0,,videos,https://i.ytimg.com/vi/LfYElBeGDuM/hqdefault.jpg?sqp=-oaymwEcCNACELwBSFXyq4qpAw4IARUAAIhCGAFwAcABBg==&rs=AOn4CLC11uWDRFwWHgbK9rLEw85qKCDwYg
e-XZjYlkd08,https://www.youtube.com/watch?v=e-XZjYlkd08,Los Autos de los futbolistas,1063.0,,videos,https://i.ytimg.com/vi/e-XZjYlkd08/hqdefault.jpg?sqp=-oaymwEcCNACELwBSFXyq4qpAw4IARUAAIhCGAFwAcABBg==&rs=AOn4CLB5J1UUBp12o0Vr6dpVzJ4kfA8e4A
VJjUV_asYp0,https://www.youtube.com/watch?v=VJjUV_asYp0,KEI CARS POR QUE TAN FAMOSOS EN JAPÓN sergio oliveira y eduardo vargas nos platican en tixuz autos,814.0,,videos,https://i.ytimg.com/vi/VJjUV_asYp0/hqdefault.jpg?sqp=-oaymwEcCNACELwBSFXyq4qpAw4IARUAAIhCGAFwAcABBg==&rs=AOn4CLDTsLQ3RRd9bcGiD6cKH2z81MHimg
dyILenriIpM,https://www.youtube.com/watch?v=dyILenriIpM,"Las noticias del  salón de Shanghai 2017 I Capitulo 4: wey, jac, faw.",981.0,,videos,https://i.ytimg.com/vi/dyILenriIpM/hqdefault.jpg?sqp=-oaymwEcCNACELwBSFXyq4qpAw4IARUAAIhCGAFwAcABBg==&rs=AOn4CLA0W-XNl0fmYaPyuQpSFndSHqVZtw
zUig1jEfcxs,https://www.youtube.com/watch?v=zUig1jEfcxs,El Canelo y su Mercedes.,858.0,,videos,https://i.ytimg.com/vi/zUig1jEfcxs/hqdefault.jpg?sqp=-oaymwEcCNACELwBSFXyq4qpAw4IARUAAIhCGAFwAcABBg==&rs=AOn4CLDkKgNNXrO6EGH4XQFKz6MyaKTz9g
uvbcJsHJjYg,https://www.youtube.com/watch?v=uvbcJsHJjYg,El prestigio vende más autos que la fama - Tixuz Autos,624.0,,videos,https://i.ytimg.com/vi/uvbcJsHJjYg/hqdefault.jpg?sqp=-oaymwEcCNACELwBSFXyq4qpAw4IARUAAIhCGAFwAcABBg==&rs=AOn4CLASsybFI3aLYZIL03F4EV-jTJV9rw
dYzDYnHOXqs,https://www.youtube.com/watch?v=dYzDYnHOXqs,Las marcas NO chinas en la Expo Auto Shanghái 2017 | Tixuz Autos,1308.0,,videos,https://i.ytimg.com/vi/dYzDYnHOXqs/hqdefault.jpg?sqp=-oaymwEcCNACELwBSFXyq4qpAw4IARUAAIhCGAFwAcABBg==&rs=AOn4CLC8Fbakiikb32KABChRJnjH6vHDWw
Mucp-kIQRbY,https://www.youtube.com/watch?v=Mucp-kIQRbY,EL FUTURO DE LOS AUTOS ESTÁ EN CHINO - Tixuz Autos,630.0,,videos,https://i.ytimg.com/vi/Mucp-kIQRbY/hqdefault.jpg?sqp=-oaymwEcCNACELwBSFXyq4qpAw4IARUAAIhCGAFwAcABBg==&rs=AOn4CLCXsIzGONkxWyW8M4RDD3PZGk7oCA
zRKYR-2iYxg,https://www.youtube.com/watch?v=zRKYR-2iYxg,Las mejores marcas Chinas de autos | Auto Shanghai 2017 #2,1227.0,,videos,https://i.ytimg.com/vi/zRKYR-2iYxg/hqdefault.jpg?sqp=-oaymwEcCNACELwBSFXyq4qpAw4IARUAAIhCGAFwAcABBg==&rs=AOn4CLB2qz83cL1RFBXa8AkLgcYP-L562w
2cHts0MKnpQ,https://www.youtube.com/watch?v=2cHts0MKnpQ,Los autos preferidos en China - Entrevista a Liu Watson,781.0,,videos,https://i.ytimg.com/vi/2cHts0MKnpQ/hqdefault.jpg?sqp=-oaymwEcCNACELwBSFXyq4qpAw4IARUAAIhCGAFwAcABBg==&rs=AOn4CLA3vwjRaBaUAU6UOZVhrIvJbOYavg
yft2uMIPFdk,https://www.youtube.com/watch?v=yft2uMIPFdk,Dando el tour | Auto Shanghai 2017,1071.0,,videos,https://i.ytimg.com/vi/yft2uMIPFdk/hqdefault.jpg?sqp=-oaymwEcCNACELwBSFXyq4qpAw4IARUAAIhCGAFwAcABBg==&rs=AOn4CLBwY-T-FQ62q6oahFERLWsdr9sn8Q
vasdWK6poQ0,https://www.youtube.com/watch?v=vasdWK6poQ0,LOS TODO TERRENO DEL MERCADO MEXICANO | TIXUZ AUTOS,905.0,,videos,https://i.ytimg.com/vi/vasdWK6poQ0/hqdefault.jpg?sqp=-oaymwEcCNACELwBSFXyq4qpAw4IARUAAIhCGAFwAcABBg==&rs=AOn4CLCd3XRkU4TFwI6897pRAo0w24FB_w
_-qlLssGaME,https://www.youtube.com/watch?v=_-qlLssGaME,Los hijos no deseados de las marcas.,612.0,,videos,https://i.ytimg.com/vi/_-qlLssGaME/hqdefault.jpg?sqp=-oaymwEcCNACELwBSFXyq4qpAw4IARUAAIhCGAFwAcABBg==&rs=AOn4CLD2M3bdHrDAonENMTNueOY350XcJQ
vIlD3xp_mDs,https://www.youtube.com/watch?v=vIlD3xp_mDs,El futuro de las SUVs | Tixuz Autos HD,1142.0,,videos,https://i.ytimg.com/vi/vIlD3xp_mDs/hqdefault.jpg?sqp=-oaymwEcCNACELwBSFXyq4qpAw4IARUAAIhCGAFwAcABBg==&rs=AOn4CLDS3uxPHoQvILlMfnMr1FcI27zOqQ
Jt39lHd0oBE,https://www.youtube.com/watch?v=Jt39lHd0oBE,El futuro de las SUVs | Tixuz Autos,1135.0,,videos,https://i.ytimg.com/vi/Jt39lHd0oBE/hqdefault.jpg?sqp=-oaymwEcCNACELwBSFXyq4qpAw4IARUAAIhCGAFwAcABBg==&rs=AOn4CLDy0i-lpJv-16jqR4ovPsspYd6bNw
JIExx20Y5L8,https://www.youtube.com/watch?v=JIExx20Y5L8,Tracción trasera vs delantera,624.0,,videos,https://i.ytimg.com/vi/JIExx20Y5L8/hqdefault.jpg?sqp=-oaymwEcCNACELwBSFXyq4qpAw4IARUAAIhCGAFwAcABBg==&rs=AOn4CLD1rxKuFZrJTjCAZ6divLbbvL34zA
Q4RPGd4YLnc,https://www.youtube.com/watch?v=Q4RPGd4YLnc,Transmisiones - Automatica vs Manual,974.0,,videos,https://i.ytimg.com/vi/Q4RPGd4YLnc/hqdefault.jpg?sqp=-oaymwEcCNACELwBSFXyq4qpAw4IARUAAIhCGAFwAcABBg==&rs=AOn4CLAOsDLlHC80YXHHBvZFO0zFg_Gmkg
8awWLYexnQA,https://www.youtube.com/watch?v=8awWLYexnQA,PRUEBA DE MANEJO!! - Lo que debes buscar al probar un Auto,810.0,,videos,https://i.ytimg.com/vi/8awWLYexnQA/hqdefault.jpg?sqp=-oaymwEcCNACELwBSFXyq4qpAw4IARUAAIhCGAFwAcABBg==&rs=AOn4CLA04hVfam6vuE-qr1lKm6UEXa83_Q
EJTDO9RseNE,https://www.youtube.com/watch?v=EJTDO9RseNE,Honda CR-V vs Mazda CX-5,725.0,,videos,https://i.ytimg.com/vi/EJTDO9RseNE/hqdefault.jpg?sqp=-oaymwEcCNACELwBSFXyq4qpAw4IARUAAIhCGAFwAcABBg==&rs=AOn4CLDNIiUJi1F_AC32l2x1dxOjL6Fdcg
Pi0V0x9VYl0,https://www.youtube.com/watch?v=Pi0V0x9VYl0,Estos consejos pueden SALVAR TU VIDA!... y tus vacaciones.,811.0,,videos,https://i.ytimg.com/vi/Pi0V0x9VYl0/hqdefault.jpg?sqp=-oaymwEcCNACELwBSFXyq4qpAw4IARUAAIhCGAFwAcABBg==&rs=AOn4CLDfXUK7yKZBbJ_U21hfcMKaaLD9XA
lzifGHx2ieU,https://www.youtube.com/watch?v=lzifGHx2ieU,"Hombre, Mujer o Gay según tu Auto | Tixuz Autos",929.0,,videos,https://i.ytimg.com/vi/lzifGHx2ieU/hqdefault.jpg?sqp=-oaymwEcCNACELwBSFXyq4qpAw4IARUAAIhCGAFwAcABBg==&rs=AOn4CLDuBqmApRNT9HTh2oraNUEdSNVeQw
lU12wweNrmI,https://www.youtube.com/watch?v=lU12wweNrmI,¿Alternativas a los Premium? Las marcas wannabe,873.0,,videos,https://i.ytimg.com/vi/lU12wweNrmI/hqdefault.jpg?sqp=-oaymwEcCNACELwBSFXyq4qpAw4IARUAAIhCGAFwAcABBg==&rs=AOn4CLDF5soQfnLBNbLl4LPVWS5PpOjaFA
Ctf1kFcy1I8,https://www.youtube.com/watch?v=Ctf1kFcy1I8,"Las buenas, las malas y las peores marcas en ventas durante el primer bimestre de 2017",795.0,,videos,https://i.ytimg.com/vi/Ctf1kFcy1I8/hqdefault.jpg?sqp=-oaymwEcCNACELwBSFXyq4qpAw4IARUAAIhCGAFwAcABBg==&rs=AOn4CLDCB6PpkiH6sbqpORUpw4XdOR_Rpg
VCpOFJaGxAo,https://www.youtube.com/watch?v=VCpOFJaGxAo,El análisis de seguridad en el accidente del BMW en Paseo de la Reforma en CDMX,984.0,,videos,https://i.ytimg.com/vi/VCpOFJaGxAo/hqdefault.jpg?sqp=-oaymwEcCNACELwBSFXyq4qpAw4IARUAAIhCGAFwAcABBg==&rs=AOn4CLBQbdYQ8mIhjqEnqRUs_9vX1MEnfA
dqNIubRHyOc,https://www.youtube.com/watch?v=dqNIubRHyOc,"¡Los sucesores de Tsuru, para taxis!",657.0,,videos,https://i.ytimg.com/vi/dqNIubRHyOc/hqdefault.jpg?sqp=-oaymwEcCNACELwBSFXyq4qpAw4IARUAAIhCGAFwAcABBg==&rs=AOn4CLCeODBriw-v4GKnjUr1FgWm3lKdXg
t8zJSMaE7wg,https://www.youtube.com/watch?v=t8zJSMaE7wg,La exclusividad de Alfa Romeo Giulia TI 2017,1087.0,,videos,https://i.ytimg.com/vi/t8zJSMaE7wg/hqdefault.jpg?sqp=-oaymwEcCNACELwBSFXyq4qpAw4IARUAAIhCGAFwAcABBg==&rs=AOn4CLAv9Gm_EOzPlaJIBYFLb7Va70QfqA
0w7zcIaSww0,https://www.youtube.com/watch?v=0w7zcIaSww0,Los autos y las guerras | Como han afectado a la industria?,883.0,,videos,https://i.ytimg.com/vi/0w7zcIaSww0/hqdefault.jpg?sqp=-oaymwEcCNACELwBSFXyq4qpAw4IARUAAIhCGAFwAcABBg==&rs=AOn4CLClWQYU6kW7x7-kSdobqcM3xdZBeA
KwuU6Wwfa_w,https://www.youtube.com/watch?v=KwuU6Wwfa_w,transmisión en vivo hoy 24 de marzo,24.0,,videos,https://i.ytimg.com/vi/KwuU6Wwfa_w/hqdefault.jpg?sqp=-oaymwE2CNACELwBSFXyq4qpAygIARUAAIhCGAFwAcABBvABAfgB_gmAAtAFigIMCAAQARhlIFQoPjAP&rs=AOn4CLAk8c7GzreMxMGc1d6OtGxakw7fUQ
4gdaUbZoYhg,https://www.youtube.com/watch?v=4gdaUbZoYhg,Los autos famosos del cine y algunos otros por su trayectoria.,512.0,,videos,https://i.ytimg.com/vi/4gdaUbZoYhg/hqdefault.jpg?sqp=-oaymwEcCNACELwBSFXyq4qpAw4IARUAAIhCGAFwAcABBg==&rs=AOn4CLDiHF_gyr5GUTcbOzZ58PbDsd63CQ
bK_LPjJ0WJ4,https://www.youtube.com/watch?v=bK_LPjJ0WJ4,"Smart, Subaru, Suzuki, Toyota, VolksWagen y Volvo | Lista de precios y versiones #6",1205.0,,videos,https://i.ytimg.com/vi/bK_LPjJ0WJ4/hqdefault.jpg?sqp=-oaymwEcCNACELwBSFXyq4qpAw4IARUAAIhCGAFwAcABBg==&rs=AOn4CLB_r5BeM-hVS9sq_RPhi8T-LCCZsQ
5xCum04u1NY,https://www.youtube.com/watch?v=5xCum04u1NY,Kia vendió barato para ganar mercado?,935.0,,videos,https://i.ytimg.com/vi/5xCum04u1NY/hqdefault.jpg?sqp=-oaymwEcCNACELwBSFXyq4qpAw4IARUAAIhCGAFwAcABBg==&rs=AOn4CLDNX5HYMIaybGFBn3IgcJPIdahYcA
5KWaa7pi1Mc,https://www.youtube.com/watch?v=5KWaa7pi1Mc,La atención en las agencias de autos. | Equipada del segmento o básica de uno superior.,1500.0,,videos,https://i.ytimg.com/vi/5KWaa7pi1Mc/hqdefault.jpg?sqp=-oaymwEcCNACELwBSFXyq4qpAw4IARUAAIhCGAFwAcABBg==&rs=AOn4CLAqb8rLPE55Hpr1T5CnnBYUp69SBw
qaNJaRwl7m0,https://www.youtube.com/watch?v=qaNJaRwl7m0,El Vocho: Su origen en la Alemania Nazi. | Tixuz Fan´s videos,300.0,,videos,https://i.ytimg.com/vi/qaNJaRwl7m0/hqdefault.jpg?sqp=-oaymwEcCNACELwBSFXyq4qpAw4IARUAAIhCGAFwAcABBg==&rs=AOn4CLCQUJt9rZ6UG6usVMWHlvv8UU3oYg
AjXb6XxVebE,https://www.youtube.com/watch?v=AjXb6XxVebE,SOLTÓ LA SOPA - Sergio Oliveira... Vendido?!,912.0,,videos,https://i.ytimg.com/vi/AjXb6XxVebE/hqdefault.jpg?sqp=-oaymwEcCNACELwBSFXyq4qpAw4IARUAAIhCGAFwAcABBg==&rs=AOn4CLCkawaQDaGGZg55wIwl33DQURhtdQ
5nidTqbFwNE,https://www.youtube.com/watch?v=5nidTqbFwNE,"Mini, Renault, Mitsubishi, Nissan, Peugeot, Seat, Porsche y Ram| Lista de precios y versiones#5",1535.0,,videos,https://i.ytimg.com/vi/5nidTqbFwNE/hqdefault.jpg?sqp=-oaymwEcCNACELwBSFXyq4qpAw4IARUAAIhCGAFwAcABBg==&rs=AOn4CLCN2Uwizp25bTwzB4GzUznJlPgPHg
Kd8C8zbLCLU,https://www.youtube.com/watch?v=Kd8C8zbLCLU,Los mejores autos de 200 a 250 mil Pesos | Tixuz Autos,992.0,,videos,https://i.ytimg.com/vi/Kd8C8zbLCLU/hqdefault.jpg?sqp=-oaymwEcCNACELwBSFXyq4qpAw4IARUAAIhCGAFwAcABBg==&rs=AOn4CLBO3NjF4_rfifpkStttIhged2eNhA
20D7foKCp70,https://www.youtube.com/watch?v=20D7foKCp70,Sergio Oliveira responde tus preguntas #9,1291.0,,videos,https://i.ytimg.com/vi/20D7foKCp70/hqdefault.jpg?sqp=-oaymwEcCNACELwBSFXyq4qpAw4IARUAAIhCGAFwAcABBg==&rs=AOn4CLCCLv3D_2UOga5jojDqcomsEHUE-g
JGysgcJjOlc,https://www.youtube.com/watch?v=JGysgcJjOlc,TOP 5-Autos más robados de México | Multas y Seguros,1169.0,,videos,https://i.ytimg.com/vi/JGysgcJjOlc/hqdefault.jpg?sqp=-oaymwEcCNACELwBSFXyq4qpAw4IARUAAIhCGAFwAcABBg==&rs=AOn4CLAC0bEQX1sKDHuCnpeZx8gZgvmHBg
hgne_diHGBA,https://www.youtube.com/watch?v=hgne_diHGBA,Razones por las que GM vendió Opel/Vauxhall a Peugeot,1372.0,,videos,https://i.ytimg.com/vi/hgne_diHGBA/hqdefault.jpg?sqp=-oaymwEcCNACELwBSFXyq4qpAw4IARUAAIhCGAFwAcABBg==&rs=AOn4CLBbxx0UKeTQFqQH3jCIgiRL4KwgSQ
gFbCInYi3yk,https://www.youtube.com/watch?v=gFbCInYi3yk,"GMC, Honda, Hyundai, Infiniti, Jeep, Kia, Lincoln, Mazda y MB | Lista de precios y versiones #4",1548.0,,videos,https://i.ytimg.com/vi/gFbCInYi3yk/hqdefault.jpg?sqp=-oaymwEcCNACELwBSFXyq4qpAw4IARUAAIhCGAFwAcABBg==&rs=AOn4CLAQhrWOy78dALm2bKDcVlRQEkUG4Q
MDLkdQCdFMU,https://www.youtube.com/watch?v=MDLkdQCdFMU,Autos Grandes Americanos | Por qué ya no se producen?,1422.0,,videos,https://i.ytimg.com/vi/MDLkdQCdFMU/hqdefault.jpg?sqp=-oaymwEcCNACELwBSFXyq4qpAw4IARUAAIhCGAFwAcABBg==&rs=AOn4CLCimGHXylQo0dgfQkQ4iOgHucXjrw
3aN-uor7Ac8,https://www.youtube.com/watch?v=3aN-uor7Ac8,Qué es el torque?  Por qué debo asegurar mi auto? | Tixuz Fan's Videos,563.0,,videos,https://i.ytimg.com/vi/3aN-uor7Ac8/hqdefault.jpg?sqp=-oaymwEcCNACELwBSFXyq4qpAw4IARUAAIhCGAFwAcABBg==&rs=AOn4CLBIJoWZYIQ6u44_IcKDuubJa5tVMw
lixzWCrSsvg,https://www.youtube.com/watch?v=lixzWCrSsvg,Honda CR-V 2017; La SUV más equilibrada,1084.0,,videos,https://i.ytimg.com/vi/lixzWCrSsvg/hqdefault.jpg?sqp=-oaymwEcCNACELwBSFXyq4qpAw4IARUAAIhCGAFwAcABBg==&rs=AOn4CLAwb4rEEnQbA2rh5gcxmBzGTU8eaA
N9o6uAoIVhg,https://www.youtube.com/watch?v=N9o6uAoIVhg,"AVISO IMPORTANTE | Nueva chica Tixuz, Colaboraciones y Fraudes",290.0,,videos,https://i.ytimg.com/vi/N9o6uAoIVhg/hqdefault.jpg?sqp=-oaymwEcCNACELwBSFXyq4qpAw4IARUAAIhCGAFwAcABBg==&rs=AOn4CLDHMjBBJAjRSTP9i_fTos8nn2t7OA
6Th544mjVVM,https://www.youtube.com/watch?v=6Th544mjVVM,El mejor periodista de Automóviles; Sergio Oliveira,1017.0,,videos,https://i.ytimg.com/vi/6Th544mjVVM/hqdefault.jpg?sqp=-oaymwEcCNACELwBSFXyq4qpAw4IARUAAIhCGAFwAcABBg==&rs=AOn4CLDex2Hon2OrP5X9_oL-BwZdH4y28w
fw4F_FMahf4,https://www.youtube.com/watch?v=fw4F_FMahf4,"Cadillac, Chevrolet, Chrysler, Dodge, Fiat y Ford | Lista de precios y versiones #3",1331.0,,videos,https://i.ytimg.com/vi/fw4F_FMahf4/hqdefault.jpg?sqp=-oaymwEcCNACELwBSFXyq4qpAw4IARUAAIhCGAFwAcABBg==&rs=AOn4CLAfbnc1a84-BGydM717vj2K29jYhA
1lZmVv6eoEw,https://www.youtube.com/watch?v=1lZmVv6eoEw,El mejor Sedan Familiar | Mercedes Benz E400 2017 4matic,1388.0,,videos,https://i.ytimg.com/vi/1lZmVv6eoEw/hqdefault.jpg?sqp=-oaymwEcCNACELwBSFXyq4qpAw4IARUAAIhCGAFwAcABBg==&rs=AOn4CLABP4Esd4otazWaQLQa27xc70kPew
qIaNOsX1L20,https://www.youtube.com/watch?v=qIaNOsX1L20,"La mejor marca de Autos; Durabilidad, valor por tu dinero y reventa",1327.0,,videos,https://i.ytimg.com/vi/qIaNOsX1L20/hqdefault.jpg?sqp=-oaymwEcCNACELwBSFXyq4qpAw4IARUAAIhCGAFwAcABBg==&rs=AOn4CLB5ZqNRvvCPj5R9h83aoQkgl_rw6Q
cEi36Lmob_k,https://www.youtube.com/watch?v=cEi36Lmob_k,La verdad de las listas de espera al comprar un auto,1230.0,,videos,https://i.ytimg.com/vi/cEi36Lmob_k/hqdefault.jpg?sqp=-oaymwEcCNACELwBSFXyq4qpAw4IARUAAIhCGAFwAcABBg==&rs=AOn4CLBElntAdkRDNvce3qguDpNqE3piLQ
FVUjJctlwQ8,https://www.youtube.com/watch?v=FVUjJctlwQ8,Rolls Royce | ¿Cómo es manejar un auto de Super Lujo?,1098.0,,videos,https://i.ytimg.com/vi/FVUjJctlwQ8/hqdefault.jpg?sqp=-oaymwEcCNACELwBSFXyq4qpAw4IARUAAIhCGAFwAcABBg==&rs=AOn4CLAAMlZdolGixWCxJ3fnh8Yvb2Fkcg
7GCtZ6dEXsw,https://www.youtube.com/watch?v=7GCtZ6dEXsw,"BAIC, BMW y Buick | Lista de precios y versiones #2",620.0,,videos,https://i.ytimg.com/vi/7GCtZ6dEXsw/hqdefault.jpg?sqp=-oaymwEcCNACELwBSFXyq4qpAw4IARUAAIhCGAFwAcABBg==&rs=AOn4CLBYoaMHp8W9pVHARrcyyMQu4hrxqA
Gozro4gx91U,https://www.youtube.com/watch?v=Gozro4gx91U,JAC Motors llega a México | Recomendación de Sergio Oliveira,1050.0,,videos,https://i.ytimg.com/vi/Gozro4gx91U/hqdefault.jpg?sqp=-oaymwEcCNACELwBSFXyq4qpAw4IARUAAIhCGAFwAcABBg==&rs=AOn4CLB3KiLyAYKrD-3sbN9ABH4YEwz7ig
Co6fXEjzMsc,https://www.youtube.com/watch?v=Co6fXEjzMsc,"Acura, Alfa Romeo y Audi | Lista de precios y versiones #1",725.0,,videos,https://i.ytimg.com/vi/Co6fXEjzMsc/hqdefault.jpg?sqp=-oaymwE2CNACELwBSFXyq4qpAygIARUAAIhCGAFwAcABBvABAfgB_gmAAtAFigIMCAAQARh_IFooIDAP&rs=AOn4CLC-o41ynWw5B_tNuSBxxZho3tu3RA
ZoILDiD-GgE,https://www.youtube.com/watch?v=ZoILDiD-GgE,ACTUALIZACIÓN | Autos de 170 a 200 mil pesos a Febrero del 2017,491.0,,videos,https://i.ytimg.com/vi/ZoILDiD-GgE/hqdefault.jpg?sqp=-oaymwEcCNACELwBSFXyq4qpAw4IARUAAIhCGAFwAcABBg==&rs=AOn4CLB8Y59Zy_iHaG9UOg_1xoJ4WH2llA
wVdbaILuyNI,https://www.youtube.com/watch?v=wVdbaILuyNI,ACTUALIZACION | Autos de 130 a 170 mil pesos a Febrero del 2017,455.0,,videos,https://i.ytimg.com/vi/wVdbaILuyNI/hqdefault.jpg?sqp=-oaymwEcCNACELwBSFXyq4qpAw4IARUAAIhCGAFwAcABBg==&rs=AOn4CLDYBhdehJfFuWVsy-LuADJsywgfqg
CQnExKBzBj0,https://www.youtube.com/watch?v=CQnExKBzBj0,Periodismo de Autos | Sergio Oliveira,1432.0,,videos,https://i.ytimg.com/vi/CQnExKBzBj0/hqdefault.jpg?sqp=-oaymwEcCNACELwBSFXyq4qpAw4IARUAAIhCGAFwAcABBg==&rs=AOn4CLDB7WUlMQl0qN5TjXBPM7woXvQvDQ
uT9Dzo_w_kI,https://www.youtube.com/watch?v=uT9Dzo_w_kI,Pickups; la mejor de cada segmento,1124.0,,videos,https://i.ytimg.com/vi/uT9Dzo_w_kI/hqdefault.jpg?sqp=-oaymwEcCNACELwBSFXyq4qpAw4IARUAAIhCGAFwAcABBg==&rs=AOn4CLB068nco10J8mAwIrI0iM3Ys7pQ8A
IUar4dHZpbk,https://www.youtube.com/watch?v=IUar4dHZpbk,Sergio Oliveira responde tus preguntas #8,1164.0,,videos,https://i.ytimg.com/vi/IUar4dHZpbk/hqdefault.jpg?sqp=-oaymwEcCNACELwBSFXyq4qpAw4IARUAAIhCGAFwAcABBg==&rs=AOn4CLAlxNo7AUf_HWQB8-Wh0GP6lU40wg
v5SBe3m4Cws,https://www.youtube.com/watch?v=v5SBe3m4Cws,Minivans - ¿Cuál es la mejor? | Nueva Grand Caravan,930.0,,videos,https://i.ytimg.com/vi/v5SBe3m4Cws/hqdefault.jpg?sqp=-oaymwEcCNACELwBSFXyq4qpAw4IARUAAIhCGAFwAcABBg==&rs=AOn4CLDmQ-IpcQcYkH313H41wJt8ExIDvg
SKadDqB6260,https://www.youtube.com/watch?v=SKadDqB6260,Los mejores autos de 250 a 300 mil Pesos | Tixuz Autos,605.0,,videos,https://i.ytimg.com/vi/SKadDqB6260/hqdefault.jpg?sqp=-oaymwEcCNACELwBSFXyq4qpAw4IARUAAIhCGAFwAcABBg==&rs=AOn4CLBMSQMGcKon3bcPL_hBC0gsaVfV3A
rotm4IQnfpk,https://www.youtube.com/watch?v=rotm4IQnfpk,Los mejores autos de 0 a 200 mil Pesos | Tixuz Autos,1222.0,,videos,https://i.ytimg.com/vi/rotm4IQnfpk/hqdefault.jpg?sqp=-oaymwEcCNACELwBSFXyq4qpAw4IARUAAIhCGAFwAcABBg==&rs=AOn4CLCRj14DiWJe55MAOT3bt1bjlEdwVg
AOCPkbZNRLw,https://www.youtube.com/watch?v=AOCPkbZNRLw,Segmentos Automotrices #1 | Cómo se clasifican los autos?,1688.0,,videos,https://i.ytimg.com/vi/AOCPkbZNRLw/hqdefault.jpg?sqp=-oaymwEcCNACELwBSFXyq4qpAw4IARUAAIhCGAFwAcABBg==&rs=AOn4CLCw2gezCbzNpFF-S43s3_DU5UZe1g
_Jf8D3_RxZI,https://www.youtube.com/watch?v=_Jf8D3_RxZI,Visita a la planta de Audi México | Nueva Audi Q5 2018,1322.0,,videos,https://i.ytimg.com/vi/_Jf8D3_RxZI/hqdefault.jpg?sqp=-oaymwEcCNACELwBSFXyq4qpAw4IARUAAIhCGAFwAcABBg==&rs=AOn4CLDYtQU3BOaVYt9VGiDX-ZPw3sIyNQ
3-4dRcXnvMk,https://www.youtube.com/watch?v=3-4dRcXnvMk,Camry vs Accord; duelo de gigantes,1183.0,,videos,https://i.ytimg.com/vi/3-4dRcXnvMk/hqdefault.jpg?sqp=-oaymwEcCNACELwBSFXyq4qpAw4IARUAAIhCGAFwAcABBg==&rs=AOn4CLBWftO7HL8tNwA_jZRZuD3A6oRKDg
wrMYxxaQAaA,https://www.youtube.com/watch?v=wrMYxxaQAaA,Ahorro de gasolina; mitos y realidades | Tixuz fan's video,378.0,,videos,https://i.ytimg.com/vi/wrMYxxaQAaA/hqdefault.jpg?sqp=-oaymwEcCNACELwBSFXyq4qpAw4IARUAAIhCGAFwAcABBg==&rs=AOn4CLCpFkIKxhAZvoXXTz564aHrG8dMJw
pom4T6Jxgt8,https://www.youtube.com/watch?v=pom4T6Jxgt8,"Autos Disfrazados #5 | Misma plataforma, mismo carro?",1211.0,,videos,https://i.ytimg.com/vi/pom4T6Jxgt8/hqdefault.jpg?sqp=-oaymwEcCNACELwBSFXyq4qpAw4IARUAAIhCGAFwAcABBg==&rs=AOn4CLDXfaULJDhTZkUfcka2--jqFxxKdA
NxIP1bi_ix4,https://www.youtube.com/watch?v=NxIP1bi_ix4,"Toyota; un duro comienzo, presente inigualable | Tixuz fan's video",198.0,,videos,https://i.ytimg.com/vi/NxIP1bi_ix4/hqdefault.jpg?sqp=-oaymwEcCNACELwBSFXyq4qpAw4IARUAAIhCGAFwAcABBg==&rs=AOn4CLAw84CxQ13QXyd9DJXKoM0T5ETd3Q
BKhe4qgY67s,https://www.youtube.com/watch?v=BKhe4qgY67s,Lo mejor del Auto Show Detroit 2017,1297.0,,videos,https://i.ytimg.com/vi/BKhe4qgY67s/hqdefault.jpg?sqp=-oaymwEcCNACELwBSFXyq4qpAw4IARUAAIhCGAFwAcABBg==&rs=AOn4CLCdloU0tc96Uy6z_6V3YuV6D4cQhQ
fyI3W5T5Ozw,https://www.youtube.com/watch?v=fyI3W5T5Ozw,No te pierdas Tixuz Autos EN VIVO! Sergio Oliveira resuelve tus dudas,27.0,,videos,https://i.ytimg.com/vi/fyI3W5T5Ozw/hqdefault.jpg?sqp=-oaymwE2CNACELwBSFXyq4qpAygIARUAAIhCGAFwAcABBvABAfgB_gmAAtAFigIMCAAQARhqIGooajAP&rs=AOn4CLBGoJtUGihA4BqZIJMjI7c93NpsYQ
72JyAuAKvuE,https://www.youtube.com/watch?v=72JyAuAKvuE,MENSAJE URGENTE | ¿Que hubieran hecho ustedes?,117.0,,videos,https://i.ytimg.com/vi/72JyAuAKvuE/hqdefault.jpg?sqp=-oaymwEcCNACELwBSFXyq4qpAw4IARUAAIhCGAFwAcABBg==&rs=AOn4CLBs3vCFgCWwKYERbmh2lcSVe0DsEQ
Dkm2yOgUix4,https://www.youtube.com/watch?v=Dkm2yOgUix4,"Autos Disfrazados #4 | Misma plataforma, mismo carro?",1034.0,,videos,https://i.ytimg.com/vi/Dkm2yOgUix4/hqdefault.jpg?sqp=-oaymwEcCNACELwBSFXyq4qpAw4IARUAAIhCGAFwAcABBg==&rs=AOn4CLCn0mlP7yYiWcc8axEunhnmJJJQ_A
MktX5Wdsl2M,https://www.youtube.com/watch?v=MktX5Wdsl2M,Así acabó Trump con miles de empleos en México,1188.0,,videos,https://i.ytimg.com/vi/MktX5Wdsl2M/hqdefault.jpg?sqp=-oaymwEcCNACELwBSFXyq4qpAw4IARUAAIhCGAFwAcABBg==&rs=AOn4CLDYNkDmWegPjws3W8Rg4NJkBi1-Rg
zHnL5BsNXhA,https://www.youtube.com/watch?v=zHnL5BsNXhA,Visita Chavorucos para ver lo que sucede en la Marcha Nacional Contra el Gasolinazo,25.0,,videos,https://i.ytimg.com/vi/zHnL5BsNXhA/hqdefault.jpg?sqp=-oaymwE2CNACELwBSFXyq4qpAygIARUAAIhCGAFwAcABBvABAfgB_gmAAtAFigIMCAAQARg-IFIoZTAP&rs=AOn4CLAcMfHdQncgZy13Bcmr78t9jwK2ew
hvedIv2KiTw,https://www.youtube.com/watch?v=hvedIv2KiTw,"Gasolinazo 2017 #2 |  Otro aumento, más engaños?",1093.0,,videos,https://i.ytimg.com/vi/hvedIv2KiTw/hqdefault.jpg?sqp=-oaymwEcCNACELwBSFXyq4qpAw4IARUAAIhCGAFwAcABBg==&rs=AOn4CLC9cfyw_KcF8JpioLGTradY5PraJA
CyfKBzcn6FI,https://www.youtube.com/watch?v=CyfKBzcn6FI,Auto nuevo o seminuevo | La mejor opción,967.0,,videos,https://i.ytimg.com/vi/CyfKBzcn6FI/hqdefault.jpg?sqp=-oaymwE2CNACELwBSFXyq4qpAygIARUAAIhCGAFwAcABBvABAfgB_gmAAtAFigIMCAAQARhhIGEoYTAP&rs=AOn4CLAU16Qu1Z-KgIgYsN_xEVP7Ps2-2w
LH9ZaqLrxR0,https://www.youtube.com/watch?v=LH9ZaqLrxR0,Gasolinazo 2017;  motivo de la escasez de combustible?,1063.0,,videos,https://i.ytimg.com/vi/LH9ZaqLrxR0/hqdefault.jpg?sqp=-oaymwEcCNACELwBSFXyq4qpAw4IARUAAIhCGAFwAcABBg==&rs=AOn4CLC5sekII1YzzOzQgeiJcmzUqJstAw
iBXjSKkBuw0,https://www.youtube.com/watch?v=iBXjSKkBuw0,"Autos Disfrazados #3 | Misma plataforma, mismo carro?",1114.0,,videos,https://i.ytimg.com/vi/iBXjSKkBuw0/hqdefault.jpg?sqp=-oaymwEcCNACELwBSFXyq4qpAw4IARUAAIhCGAFwAcABBg==&rs=AOn4CLAj3tWDb_T9oRMsI3qHjsgVFR60yA
5rP6a-0JSkU,https://www.youtube.com/watch?v=5rP6a-0JSkU,"Autos Disfrazados #2 | Misma plataforma, mismo carro?",1288.0,,videos,https://i.ytimg.com/vi/5rP6a-0JSkU/hqdefault.jpg?sqp=-oaymwEcCNACELwBSFXyq4qpAw4IARUAAIhCGAFwAcABBg==&rs=AOn4CLBqiDyT0U7JEc5KfsSsRTIvSLiiyg
L4pnpacdu1A,https://www.youtube.com/watch?v=L4pnpacdu1A,Robaron tu auto?? Así actúa la policía | ERIVZ,1152.0,,videos,https://i.ytimg.com/vi/L4pnpacdu1A/hqdefault.jpg?sqp=-oaymwEcCNACELwBSFXyq4qpAw4IARUAAIhCGAFwAcABBg==&rs=AOn4CLAlO1_6x42_9C590ofJbBBf4YgiRA
clCOGLOfFKs,https://www.youtube.com/watch?v=clCOGLOfFKs,Qué auto pidió Sergio a Santa? | Navidad de ensueño,535.0,,videos,https://i.ytimg.com/vi/clCOGLOfFKs/hqdefault.jpg?sqp=-oaymwEcCNACELwBSFXyq4qpAw4IARUAAIhCGAFwAcABBg==&rs=AOn4CLAM8RjUMMUpNiPv7dUHbH9Ly-JQAg
Vkjx7k7LC_8,https://www.youtube.com/watch?v=Vkjx7k7LC_8,Mercedes-Benz | Todos sus modelos | Nuevo Tixuz,872.0,,videos,https://i.ytimg.com/vi/Vkjx7k7LC_8/hqdefault.jpg?sqp=-oaymwEcCNACELwBSFXyq4qpAw4IARUAAIhCGAFwAcABBg==&rs=AOn4CLBpPTCQsFcKa45c-27FSZjfV36K6Q
syf_oIpBj4o,https://www.youtube.com/watch?v=syf_oIpBj4o,"Autos Disfrazados | Misma plataforma, mismo carro?   noticias",1619.0,,videos,https://i.ytimg.com/vi/syf_oIpBj4o/hqdefault.jpg?sqp=-oaymwEcCNACELwBSFXyq4qpAw4IARUAAIhCGAFwAcABBg==&rs=AOn4CLDP2SkBVx1rcDAfIQe7ha5T9xm4EA
I0QGbPTY5DM,https://www.youtube.com/watch?v=I0QGbPTY5DM,BMW - Todos sus modelos | Por qué Audi no le llega?,1410.0,,videos,https://i.ytimg.com/vi/I0QGbPTY5DM/hqdefault.jpg?sqp=-oaymwEcCNACELwBSFXyq4qpAw4IARUAAIhCGAFwAcABBg==&rs=AOn4CLA3k8PQcYLU9-pJgjU_zTS0VLNCpw
dglHIzS2ngE,https://www.youtube.com/watch?v=dglHIzS2ngE,Especial de aniversario Tixuz Autos | Bloopers,912.0,,videos,https://i.ytimg.com/vi/dglHIzS2ngE/hqdefault.jpg?sqp=-oaymwEcCNACELwBSFXyq4qpAw4IARUAAIhCGAFwAcABBg==&rs=AOn4CLA4FM6K1NMv2sCMSLV9K5U2on8pXQ
nIVbVZwRqSg,https://www.youtube.com/watch?v=nIVbVZwRqSg,Mercado de autos en California | Tixuz Autos,994.0,,videos,https://i.ytimg.com/vi/nIVbVZwRqSg/hqdefault.jpg?sqp=-oaymwEcCNACELwBSFXyq4qpAw4IARUAAIhCGAFwAcABBg==&rs=AOn4CLCRi1QG92uEIKU8C7Tpu9c-cufy0g
VX_o4b97Q6E,https://www.youtube.com/watch?v=VX_o4b97Q6E,Sergio Oliveira responde tus preguntas #7,1096.0,,videos,https://i.ytimg.com/vi/VX_o4b97Q6E/hqdefault.jpg?sqp=-oaymwEcCNACELwBSFXyq4qpAw4IARUAAIhCGAFwAcABBg==&rs=AOn4CLALMPIqu9u6KoljPmktM8TvXo40tA
6HKBjksvzCU,https://www.youtube.com/watch?v=6HKBjksvzCU,Audi | Todos sus modelos,661.0,,videos,https://i.ytimg.com/vi/6HKBjksvzCU/hqdefault.jpg?sqp=-oaymwEcCNACELwBSFXyq4qpAw4IARUAAIhCGAFwAcABBg==&rs=AOn4CLCX2PXutOrifVawJmO1NJeYh9Jywg
VzoWO_O7q7U,https://www.youtube.com/watch?v=VzoWO_O7q7U,Jeep | Todos sus modelos,906.0,,videos,https://i.ytimg.com/vi/VzoWO_O7q7U/hqdefault.jpg?sqp=-oaymwEcCNACELwBSFXyq4qpAw4IARUAAIhCGAFwAcABBg==&rs=AOn4CLCy2fMw2Wa-1BM9O4xTKltMB-UFLg
w2ZR_teb40Y,https://www.youtube.com/watch?v=w2ZR_teb40Y,Estrenar auto? | Temporada de compra | Efecto Trump,1052.0,,videos,https://i.ytimg.com/vi/w2ZR_teb40Y/hqdefault.jpg?sqp=-oaymwEcCNACELwBSFXyq4qpAw4IARUAAIhCGAFwAcABBg==&rs=AOn4CLAFzFtbXRdYuumM3pVBq1IVpNxtDw
xmPv0eC2rNw,https://www.youtube.com/watch?v=xmPv0eC2rNw,Autos para ligar | 1 M/km | Tixuz Nostalgia,910.0,,videos,https://i.ytimg.com/vi/xmPv0eC2rNw/hqdefault.jpg?sqp=-oaymwE2CNACELwBSFXyq4qpAygIARUAAIhCGAFwAcABBvABAfgB_gmAAtAFigIMCAAQARh_IEYoLjAP&rs=AOn4CLDVBTN4SIjSeCP20aCkH6vhZKvIuQ
de7JmlygzS0,https://www.youtube.com/watch?v=de7JmlygzS0,Infiniti | Todos sus modelos,990.0,,videos,https://i.ytimg.com/vi/de7JmlygzS0/hqdefault.jpg?sqp=-oaymwEcCNACELwBSFXyq4qpAw4IARUAAIhCGAFwAcABBg==&rs=AOn4CLAwbc7G3BYbiVugqLwB9QAs5F21lQ
7CvFxu8yync,https://www.youtube.com/watch?v=7CvFxu8yync,VOLVO | Todos sus modelos,816.0,,videos,https://i.ytimg.com/vi/7CvFxu8yync/hqdefault.jpg?sqp=-oaymwEcCNACELwBSFXyq4qpAw4IARUAAIhCGAFwAcABBg==&rs=AOn4CLBxLEpANm2Or8SJYD2OXIpDBn6syw
dgSGd2vjF-0,https://www.youtube.com/watch?v=dgSGd2vjF-0,Historia de los Autos Europeos | Tixuz Nostalgia,1246.0,,videos,https://i.ytimg.com/vi/dgSGd2vjF-0/hqdefault.jpg?sqp=-oaymwEcCNACELwBSFXyq4qpAw4IARUAAIhCGAFwAcABBg==&rs=AOn4CLCT4eZ5cxEDPNUm7a57bqVr4wCL_Q
tDsT1sjZM-Q,https://www.youtube.com/watch?v=tDsT1sjZM-Q,tixuz black  Maclaren p1,56.0,,videos,https://i.ytimg.com/vi/tDsT1sjZM-Q/hqdefault.jpg?sqp=-oaymwE2CNACELwBSFXyq4qpAygIARUAAIhCGAFwAcABBvABAfgB_gmAAtAFigIMCAAQARg5IFIofzAP&rs=AOn4CLAthh-wXsgmvdAohXCKNatT_palYw
Wv_xa_b7RtE,https://www.youtube.com/watch?v=Wv_xa_b7RtE,Americanos vs Japoneses | Tixuz Nostalgia,850.0,,videos,https://i.ytimg.com/vi/Wv_xa_b7RtE/hqdefault.jpg?sqp=-oaymwE2CNACELwBSFXyq4qpAygIARUAAIhCGAFwAcABBvABAfgB_gmAAtAFigIMCAAQARhyIEcoMjAP&rs=AOn4CLCi3OnEPDlnDBK0YOkUbtoYAwjMSw
D98No7smwec,https://www.youtube.com/watch?v=D98No7smwec,Tixuz black one to 1,65.0,,videos,https://i.ytimg.com/vi/D98No7smwec/hqdefault.jpg?sqp=-oaymwE2CNACELwBSFXyq4qpAygIARUAAIhCGAFwAcABBvABAfgB_gmAAtAFigIMCAAQARhDIEooZTAP&rs=AOn4CLCnmgsAuLmuZpkFfj_ZRkC0iT1bxA
1IQupQfpqtY,https://www.youtube.com/watch?v=1IQupQfpqtY,Fiat | Todos sus modelos,1342.0,,videos,https://i.ytimg.com/vi/1IQupQfpqtY/hqdefault.jpg?sqp=-oaymwEcCNACELwBSFXyq4qpAw4IARUAAIhCGAFwAcABBg==&rs=AOn4CLD7sGrTYcfhDO82EaRUwoaAf3K9sg
OmpG4HuDDoA,https://www.youtube.com/watch?v=OmpG4HuDDoA,Ya hay nuevo vídeo de chavorucos,11.0,,videos,https://i.ytimg.com/vi/OmpG4HuDDoA/hqdefault.jpg?sqp=-oaymwE2CNACELwBSFXyq4qpAygIARUAAIhCGAFwAcABBvABAfgB_gmAAtAFigIMCAAQARg4IFIofzAP&rs=AOn4CLDXW0MVInvwB-KnPhthAhSOPFW9aw
HBXudiKExaM,https://www.youtube.com/watch?v=HBXudiKExaM,Huayra Pagani | Tixuz Black,73.0,,videos,https://i.ytimg.com/vi/HBXudiKExaM/hqdefault.jpg?sqp=-oaymwE2CNACELwBSFXyq4qpAygIARUAAIhCGAFwAcABBvABAfgB_gmAAtAFigIMCAAQARg6IFIocjAP&rs=AOn4CLCn7vKRrxmtzSN0g_yi8NifRS04KA
HGEz2Zw1yGk,https://www.youtube.com/watch?v=HGEz2Zw1yGk,Sergio Oliveira responde tus preguntas #6,1198.0,,videos,https://i.ytimg.com/vi/HGEz2Zw1yGk/hqdefault.jpg?sqp=-oaymwEcCNACELwBSFXyq4qpAw4IARUAAIhCGAFwAcABBg==&rs=AOn4CLAnnoar4Pzn1YPCJfNFnWmpb8VVRA
AGKKLWi4-2g,https://www.youtube.com/watch?v=AGKKLWi4-2g,BUGATTI CHIRON | Tixuz Black,59.0,,videos,https://i.ytimg.com/vi/AGKKLWi4-2g/hqdefault.jpg?sqp=-oaymwE2CNACELwBSFXyq4qpAygIARUAAIhCGAFwAcABBvABAfgB_gmAAtAFigIMCAAQARhKIFYoZTAP&rs=AOn4CLBOW-Z2Tq-U_WHCP8oJ-tx86pxG4Q
webpk9FnmZc,https://www.youtube.com/watch?v=webpk9FnmZc,Mi Mazda explotará? | Llamado a revisión Mazda 3 | Profeco,624.0,,videos,https://i.ytimg.com/vi/webpk9FnmZc/hqdefault.jpg?sqp=-oaymwEcCNACELwBSFXyq4qpAw4IARUAAIhCGAFwAcABBg==&rs=AOn4CLCwF9gKNszQPMRizHoBlOX_aD053A
k9J6t-ZH0wo,https://www.youtube.com/watch?v=k9J6t-ZH0wo,Chrysler y Ram | Todos sus modelos | Nueva Pacifica,708.0,,videos,https://i.ytimg.com/vi/k9J6t-ZH0wo/hqdefault.jpg?sqp=-oaymwEcCNACELwBSFXyq4qpAw4IARUAAIhCGAFwAcABBg==&rs=AOn4CLD-GCK8VXrKRuIihFzD5Hddhg23iw
UKR_4TQWhmQ,https://www.youtube.com/watch?v=UKR_4TQWhmQ,Tixuz autos | Trump y por qué no lo vimos llegar,394.0,,videos,https://i.ytimg.com/vi/UKR_4TQWhmQ/hqdefault.jpg?sqp=-oaymwE2CNACELwBSFXyq4qpAygIARUAAIhCGAFwAcABBvABAfgB_gmAAtAFigIMCAAQARg2IEUofzAP&rs=AOn4CLAr_GQSkSEPxsnE5qrPsCXOCmVUUQ
sWHvBI9tqHA,https://www.youtube.com/watch?v=sWHvBI9tqHA,La evolucion del logo de Ford | Tixuz Black | Nueva Sección,88.0,,videos,https://i.ytimg.com/vi/sWHvBI9tqHA/hqdefault.jpg?sqp=-oaymwE2CNACELwBSFXyq4qpAygIARUAAIhCGAFwAcABBvABAfgB_gmAAtAFigIMCAAQARhlIE4oTDAP&rs=AOn4CLBc2VU92GUsVK1vV4koTew5q0gTgw
q3jlDmiAx_g,https://www.youtube.com/watch?v=q3jlDmiAx_g,Frenos ABS | Tixuz Pink | Nueva sección,104.0,,videos,https://i.ytimg.com/vi/q3jlDmiAx_g/hqdefault.jpg?sqp=-oaymwE2CNACELwBSFXyq4qpAygIARUAAIhCGAFwAcABBvABAfgB_gmAAtAFigIMCAAQARhoIEcocjAP&rs=AOn4CLBi2C-3f0EH4ggPJ_tmN2d3GAbrcw
pMtJmrNxyw8,https://www.youtube.com/watch?v=pMtJmrNxyw8,DODGE | Todos sus modelos | Nuevo Neon,761.0,,videos,https://i.ytimg.com/vi/pMtJmrNxyw8/hqdefault.jpg?sqp=-oaymwEcCNACELwBSFXyq4qpAw4IARUAAIhCGAFwAcABBg==&rs=AOn4CLDw_l1b4hBuFAc0YU-jAdo11y3HJQ
R4rfW4Yj_aU,https://www.youtube.com/watch?v=R4rfW4Yj_aU,"Elecciones USA, como afecta la industria automotor en México",1077.0,,videos,https://i.ytimg.com/vi/R4rfW4Yj_aU/hqdefault.jpg?sqp=-oaymwEcCNACELwBSFXyq4qpAw4IARUAAIhCGAFwAcABBg==&rs=AOn4CLDWF-fgoI_g3Y6YamZ2OYQQdG2_pA
7iyIQ_k5I_M,https://www.youtube.com/watch?v=7iyIQ_k5I_M,"Buick, ¿Premium? | Todos sus modelos",929.0,,videos,https://i.ytimg.com/vi/7iyIQ_k5I_M/hqdefault.jpg?sqp=-oaymwE2CNACELwBSFXyq4qpAygIARUAAIhCGAFwAcABBvABAfgB_gmAAtAFigIMCAAQARhlIGUoZTAP&rs=AOn4CLDeB-KgDvLqb259qCPJ8uyXUKx2jg
XwSb-VHN99o,https://www.youtube.com/watch?v=XwSb-VHN99o,Mitsubishi Motors | Todos sus modelos,822.0,,videos,https://i.ytimg.com/vi/XwSb-VHN99o/hqdefault.jpg?sqp=-oaymwE2CNACELwBSFXyq4qpAygIARUAAIhCGAFwAcABBvABAfgB_gmAAtAFigIMCAAQARhlIFgoSTAP&rs=AOn4CLDlf24nhgXh0lIsmhJyUjRLWyTvyg
gmD-IwgyfqE,https://www.youtube.com/watch?v=gmD-IwgyfqE,Sergio Oliveira responde tus preguntas #5,911.0,,videos,https://i.ytimg.com/vi/gmD-IwgyfqE/hqdefault.jpg?sqp=-oaymwEcCNACELwBSFXyq4qpAw4IARUAAIhCGAFwAcABBg==&rs=AOn4CLCVlDhbx-4SdBPNdXYMzIpK45_h4w
gKrBVvYRqp8,https://www.youtube.com/watch?v=gKrBVvYRqp8,Hyundai Motor Company | Todos sus modelos,768.0,,videos,https://i.ytimg.com/vi/gKrBVvYRqp8/hqdefault.jpg?sqp=-oaymwE2CNACELwBSFXyq4qpAygIARUAAIhCGAFwAcABBvABAfgB_gmAAtAFigIMCAAQARhHIFAoZTAP&rs=AOn4CLBdFSjgZylr5B8QUQyqZ2xkLLyrxA
VKJOg25ulrc,https://www.youtube.com/watch?v=VKJOg25ulrc,Eléctricos con mayor autonomía | Tixuz Play,158.0,,videos,https://i.ytimg.com/vi/VKJOg25ulrc/hqdefault.jpg?sqp=-oaymwEcCNACELwBSFXyq4qpAw4IARUAAIhCGAFwAcABBg==&rs=AOn4CLBPpd3xSdTtYBuvLEmGETnBACQ0Rg
dcOCJ1N7lpQ,https://www.youtube.com/watch?v=dcOCJ1N7lpQ,SEAT Ateca | Tixuz Play,144.0,,videos,https://i.ytimg.com/vi/dcOCJ1N7lpQ/hqdefault.jpg?sqp=-oaymwEcCNACELwBSFXyq4qpAw4IARUAAIhCGAFwAcABBg==&rs=AOn4CLBXNHee-xLb7hiAQgdGyvSk1qhr4A
kaR0dNQgzxw,https://www.youtube.com/watch?v=kaR0dNQgzxw,AMDA Expo autos Guadalajara | Porcentaje de Ventas por Estado - México,1482.0,,videos,https://i.ytimg.com/vi/kaR0dNQgzxw/hqdefault.jpg?sqp=-oaymwE2CNACELwBSFXyq4qpAygIARUAAIhCGAFwAcABBvABAfgB_gmAAtAFigIMCAAQARhvIDMofzAP&rs=AOn4CLCAkBsKz7wDjpWd19LELKa5q-9vbQ
F6TUInwtg_Q,https://www.youtube.com/watch?v=F6TUInwtg_Q,Seminuevos de 130 a 200 Mil pesos | Jalisco 23/10/16 | Programa 3 Tixuz Seminuevos,614.0,,videos,https://i.ytimg.com/vi/F6TUInwtg_Q/hqdefault.jpg?sqp=-oaymwEcCNACELwBSFXyq4qpAw4IARUAAIhCGAFwAcABBg==&rs=AOn4CLAuLzAsemNkNSEKvxTff5XMAkbcdA
rlkaFBFAjco,https://www.youtube.com/watch?v=rlkaFBFAjco,Autos Eléctricos | LA GRAN SORPRESA |El futuro automotor,1260.0,,videos,https://i.ytimg.com/vi/rlkaFBFAjco/hqdefault.jpg?sqp=-oaymwEcCNACELwBSFXyq4qpAw4IARUAAIhCGAFwAcABBg==&rs=AOn4CLDV7YEwhbmFrUafOv80WTiHk0LELg
RrQimh_Sydc,https://www.youtube.com/watch?v=RrQimh_Sydc,Subaru Motors | Todos sus modelos,313.0,,videos,https://i.ytimg.com/vi/RrQimh_Sydc/hqdefault.jpg?sqp=-oaymwEcCNACELwBSFXyq4qpAw4IARUAAIhCGAFwAcABBg==&rs=AOn4CLDtF6n59BTrk8QwIoSDKtGUc_XRuA
vgu3tthgvr0,https://www.youtube.com/watch?v=vgu3tthgvr0,Causas de accidentes Automotrices | Tixuz Play,77.0,,videos,https://i.ytimg.com/vi/vgu3tthgvr0/hqdefault.jpg?sqp=-oaymwE2CNACELwBSFXyq4qpAygIARUAAIhCGAFwAcABBvABAfgB_gmAAtAFigIMCAAQARhOIF4oZTAP&rs=AOn4CLCtU3_cbnjnEKy0O2t9tLs79vnSVg
k9lHszQHl2g,https://www.youtube.com/watch?v=k9lHszQHl2g,Toyota Motors | Todos sus modelos,1276.0,,videos,https://i.ytimg.com/vi/k9lHszQHl2g/hqdefault.jpg?sqp=-oaymwEcCNACELwBSFXyq4qpAw4IARUAAIhCGAFwAcABBg==&rs=AOn4CLBrWR9RogUc5i3coklhg8F9246uNw
P4NyZNvnYy4,https://www.youtube.com/watch?v=P4NyZNvnYy4,BENTLEY GASOLINA VIP,69.0,,videos,https://i.ytimg.com/vi/P4NyZNvnYy4/hqdefault.jpg?sqp=-oaymwE2CNACELwBSFXyq4qpAygIARUAAIhCGAFwAcABBvABAfgB_gmAAtAFigIMCAAQARhSIFQoZTAP&rs=AOn4CLA-PJDhC9TkrOhoR8Vya0YMEvxDwA
Uvk9Rsu_Ldo,https://www.youtube.com/watch?v=Uvk9Rsu_Ldo,¡Onstar Prueba! | General Motors | Parte 2,943.0,,videos,https://i.ytimg.com/vi/Uvk9Rsu_Ldo/hqdefault.jpg?sqp=-oaymwEcCNACELwBSFXyq4qpAw4IARUAAIhCGAFwAcABBg==&rs=AOn4CLBXUOSfF_VtIFr6P0VagheMcUW8jg
UMBd8KLkJOk,https://www.youtube.com/watch?v=UMBd8KLkJOk,"Seminuevos de 130,000$ a 300,000$ | Jalisco 16/10/16 | Programa 1 Tixuz Seminuevos",708.0,,videos,https://i.ytimg.com/vi/UMBd8KLkJOk/hqdefault.jpg?sqp=-oaymwEcCNACELwBSFXyq4qpAw4IARUAAIhCGAFwAcABBg==&rs=AOn4CLC9VCyoAlJzRShgzlGO4beffj5hTQ
BJBNacU5Els,https://www.youtube.com/watch?v=BJBNacU5Els,Onstar | General Motors,1758.0,,videos,https://i.ytimg.com/vi/BJBNacU5Els/hqdefault.jpg?sqp=-oaymwE2CNACELwBSFXyq4qpAygIARUAAIhCGAFwAcABBvABAfgB_gmAAtAFigIMCAAQARg4IEMofzAP&rs=AOn4CLCsamgjP0xeMGT0uFnpFrtB1FvZJg
rMWRYitGiag,https://www.youtube.com/watch?v=rMWRYitGiag,Chevrolet | Regalando 10 | Todos sus modelos,1327.0,,videos,https://i.ytimg.com/vi/rMWRYitGiag/hqdefault.jpg?sqp=-oaymwEcCNACELwBSFXyq4qpAw4IARUAAIhCGAFwAcABBg==&rs=AOn4CLBx3ZtUq0OgmUBbcF8WTSS9P43MaQ
r-mPsDrztl4,https://www.youtube.com/watch?v=r-mPsDrztl4,Mini de BMW | Todos sus modelos,603.0,,videos,https://i.ytimg.com/vi/r-mPsDrztl4/hqdefault.jpg?sqp=-oaymwEcCNACELwBSFXyq4qpAw4IARUAAIhCGAFwAcABBg==&rs=AOn4CLDVZvJPEyhBO9Qv7uBEkmzESwv8NQ
9qbktzXOtp4,https://www.youtube.com/watch?v=9qbktzXOtp4,Seat Motors | Todos sus modelos,698.0,,videos,https://i.ytimg.com/vi/9qbktzXOtp4/hqdefault.jpg?sqp=-oaymwEcCNACELwBSFXyq4qpAw4IARUAAIhCGAFwAcABBg==&rs=AOn4CLBjOnf9JYx3FldwDl_ILLnz81BehQ
OKeoQCZPF5k,https://www.youtube.com/watch?v=OKeoQCZPF5k,Suzuki Motors | Todos sus modelos | Review Honda Civic,977.0,,videos,https://i.ytimg.com/vi/OKeoQCZPF5k/hqdefault.jpg?sqp=-oaymwEcCNACELwBSFXyq4qpAw4IARUAAIhCGAFwAcABBg==&rs=AOn4CLBtmyQ3GPKCnI7xWc7wF-T2GcRAvQ
NHysOr2uCHQ,https://www.youtube.com/watch?v=NHysOr2uCHQ,Salón de París | Volkswagen ID | Mondial De l Automobile 2016,1495.0,,videos,https://i.ytimg.com/vi/NHysOr2uCHQ/hqdefault.jpg?sqp=-oaymwEcCNACELwBSFXyq4qpAw4IARUAAIhCGAFwAcABBg==&rs=AOn4CLA74Ns4wExtADG9GqtNfi6vrJNjtA
cQ5WY_V-P70,https://www.youtube.com/watch?v=cQ5WY_V-P70,"Seminuevos de 170,000 a 250,000 | Jalisco 28/09/16 | Programa 1 Tixuz Seminuevos",751.0,,videos,https://i.ytimg.com/vi/cQ5WY_V-P70/hqdefault.jpg?sqp=-oaymwEcCNACELwBSFXyq4qpAw4IARUAAIhCGAFwAcABBg==&rs=AOn4CLA6nix8D8Zk-2an2NGhLGAzBGMelg
1IcYYNlZklg,https://www.youtube.com/watch?v=1IcYYNlZklg,SALVA TU VIDA | Bolsas de Aire,992.0,,videos,https://i.ytimg.com/vi/1IcYYNlZklg/hqdefault.jpg?sqp=-oaymwEcCNACELwBSFXyq4qpAw4IARUAAIhCGAFwAcABBg==&rs=AOn4CLDcyLT5ny8UaHRpLrRH79ccWwwggQ
Zeae9GmwNUM,https://www.youtube.com/watch?v=Zeae9GmwNUM,Carros usados | ¿Por qué se devalúan tanto?,1503.0,,videos,https://i.ytimg.com/vi/Zeae9GmwNUM/hqdefault.jpg?sqp=-oaymwEcCNACELwBSFXyq4qpAw4IARUAAIhCGAFwAcABBg==&rs=AOn4CLB65mJCHs5Tndp1-5jb_DiOLKjxEw
xoVhPOI82-U,https://www.youtube.com/watch?v=xoVhPOI82-U,Peugeot Motors | Nueva Peugeot 3008 y 5008 | Todos sus Autos,974.0,,videos,https://i.ytimg.com/vi/xoVhPOI82-U/hqdefault.jpg?sqp=-oaymwEcCNACELwBSFXyq4qpAw4IARUAAIhCGAFwAcABBg==&rs=AOn4CLCfN-31RmEcTwHNuLZfChD4IuxOuw
GU054VkqGio,https://www.youtube.com/watch?v=GU054VkqGio,Renault Motors | Nueva Koleos| Todos sus Autos,959.0,,videos,https://i.ytimg.com/vi/GU054VkqGio/hqdefault.jpg?sqp=-oaymwEcCNACELwBSFXyq4qpAw4IARUAAIhCGAFwAcABBg==&rs=AOn4CLC535o8MD6uo_tQPIW3y0wDPz-18g
0ZOeiwjzMes,https://www.youtube.com/watch?v=0ZOeiwjzMes,Ford Motors | Nuevo Ford GT | Todos sus Autos,1065.0,,videos,https://i.ytimg.com/vi/0ZOeiwjzMes/hqdefault.jpg?sqp=-oaymwE2CNACELwBSFXyq4qpAygIARUAAIhCGAFwAcABBvABAfgB_gmAAtAFigIMCAAQARhrIGsoazAP&rs=AOn4CLBRkLhs3kTWFURWD3WdUWxyIvZCnw
UR0gksJtbOQ,https://www.youtube.com/watch?v=UR0gksJtbOQ,Honda Motors | Nuevo Honda para el 2017 | Todos sus Autos,956.0,,videos,https://i.ytimg.com/vi/UR0gksJtbOQ/hqdefault.jpg?sqp=-oaymwEcCNACELwBSFXyq4qpAw4IARUAAIhCGAFwAcABBg==&rs=AOn4CLBVCddNDys1DcIh1jZptlZKCzoNaQ
Yf0XoDwOHW8,https://www.youtube.com/watch?v=Yf0XoDwOHW8,Volkswagen VW | Nuevo Jetta y Golf |Todos sus Autos,1359.0,,videos,https://i.ytimg.com/vi/Yf0XoDwOHW8/hqdefault.jpg?sqp=-oaymwEcCNACELwBSFXyq4qpAw4IARUAAIhCGAFwAcABBg==&rs=AOn4CLAcgFXgKZ-7RvSkxewsrL5HOF3GVA
2cqJcM4riD0,https://www.youtube.com/watch?v=2cqJcM4riD0,Nissan Motor Company | Calificando sus Autos,1004.0,,videos,https://i.ytimg.com/vi/2cqJcM4riD0/hqdefault.jpg?sqp=-oaymwEcCNACELwBSFXyq4qpAw4IARUAAIhCGAFwAcABBg==&rs=AOn4CLCXn8uFr1q5p4UbXfHI8ybxKl7nVA
gA-PbpMa4JM,https://www.youtube.com/watch?v=gA-PbpMa4JM,¡Los MEJORES Autos del Mundo! | HIPERCARS,925.0,,videos,https://i.ytimg.com/vi/gA-PbpMa4JM/hqdefault.jpg?sqp=-oaymwEcCNACELwBSFXyq4qpAw4IARUAAIhCGAFwAcABBg==&rs=AOn4CLDgzgqEhA5NgmPi_jz8MPh9SMnuXA
42S03BNi9SU,https://www.youtube.com/watch?v=42S03BNi9SU,MUSCLE CARS | Autos Potentes,1031.0,,videos,https://i.ytimg.com/vi/42S03BNi9SU/hqdefault.jpg?sqp=-oaymwEcCNACELwBSFXyq4qpAw4IARUAAIhCGAFwAcABBg==&rs=AOn4CLDtWAXPek6n5z6WabCT-72NG9s-Bg
Ls61YgjBOPs,https://www.youtube.com/watch?v=Ls61YgjBOPs,Autos Nuevos VS Autos Viejos,1198.0,,videos,https://i.ytimg.com/vi/Ls61YgjBOPs/hqdefault.jpg?sqp=-oaymwEcCNACELwBSFXyq4qpAw4IARUAAIhCGAFwAcABBg==&rs=AOn4CLC1bzJ1OLOrZEZQpMcqCqdstWnT5A
ANU9upHLCVY,https://www.youtube.com/watch?v=ANU9upHLCVY,MAZDA,1226.0,,videos,https://i.ytimg.com/vi/ANU9upHLCVY/hqdefault.jpg?sqp=-oaymwEcCNACELwBSFXyq4qpAw4IARUAAIhCGAFwAcABBg==&rs=AOn4CLCSEqv-e-KG_zijAThWCb1aSksWZQ
Ct_ikSRnXKo,https://www.youtube.com/watch?v=Ct_ikSRnXKo,Sergio Oliveira responde tus preguntas #4,1265.0,,videos,https://i.ytimg.com/vi/Ct_ikSRnXKo/hqdefault.jpg?sqp=-oaymwEcCNACELwBSFXyq4qpAw4IARUAAIhCGAFwAcABBg==&rs=AOn4CLC-d0ucdWEk_nx_FJLuxhdJtg49Ww
ZJl8VTMdlz4,https://www.youtube.com/watch?v=ZJl8VTMdlz4,YA NOS LLEGARON AL PRECIO !! | Quejas de los seguidores,1403.0,,videos,https://i.ytimg.com/vi/ZJl8VTMdlz4/hqdefault.jpg?sqp=-oaymwEcCNACELwBSFXyq4qpAw4IARUAAIhCGAFwAcABBg==&rs=AOn4CLCG7GXEoBCWEDt-HJtRgArSVegWtg
JWfxP42duqg,https://www.youtube.com/watch?v=JWfxP42duqg,Autos robados 2da parte | Escuadron de recuperación e identificación vehicular,1111.0,,videos,https://i.ytimg.com/vi/JWfxP42duqg/hqdefault.jpg?sqp=-oaymwEcCNACELwBSFXyq4qpAw4IARUAAIhCGAFwAcABBg==&rs=AOn4CLBN2jX9_P_dYXHRMOItdkfcoBUWPA
P5ZX_tgZiHU,https://www.youtube.com/watch?v=P5ZX_tgZiHU,Autos robados | Escuadron de recuperación e identificación vehicular,1003.0,,videos,https://i.ytimg.com/vi/P5ZX_tgZiHU/hqdefault.jpg?sqp=-oaymwEcCNACELwBSFXyq4qpAw4IARUAAIhCGAFwAcABBg==&rs=AOn4CLBC9OSOzCYIgZaolsfuV6UgBqZnDQ
ARz96xqaiJs,https://www.youtube.com/watch?v=ARz96xqaiJs,CROSSOVER O MINI SUV,1389.0,,videos,https://i.ytimg.com/vi/ARz96xqaiJs/hqdefault.jpg?sqp=-oaymwEcCNACELwBSFXyq4qpAw4IARUAAIhCGAFwAcABBg==&rs=AOn4CLDrjQfGZ6JslwOMR2w0rWxmD00c0Q
AKkmjRGjfRE,https://www.youtube.com/watch?v=AKkmjRGjfRE,Gasolinazo | Aumento del costo Gasolina | Refinerias y combustibles,1202.0,,videos,https://i.ytimg.com/vi/AKkmjRGjfRE/hqdefault.jpg?sqp=-oaymwEcCNACELwBSFXyq4qpAw4IARUAAIhCGAFwAcABBg==&rs=AOn4CLC611UjglJ5_s2yvHDNA_O-abo-0A
mxdvdaZL7qQ,https://www.youtube.com/watch?v=mxdvdaZL7qQ,Tips de Manejo | Conducción correcta,1119.0,,videos,https://i.ytimg.com/vi/mxdvdaZL7qQ/hqdefault.jpg?sqp=-oaymwEcCNACELwBSFXyq4qpAw4IARUAAIhCGAFwAcABBg==&rs=AOn4CLAetKjybmeDD9gz_gSOrrMVT6CLcA
eaCJqVvgyQo,https://www.youtube.com/watch?v=eaCJqVvgyQo,Devaluación de autos por marcas | Depreciación  vehícular | PARTE 2,823.0,,videos,https://i.ytimg.com/vi/eaCJqVvgyQo/hqdefault.jpg?sqp=-oaymwEcCNACELwBSFXyq4qpAw4IARUAAIhCGAFwAcABBg==&rs=AOn4CLD0FXxF8nRqZVyQXQzS6j-qj1Vkgg
OPW3JHmwHME,https://www.youtube.com/watch?v=OPW3JHmwHME,Devaluación de autos por marcas | Depreciación  vehícular | PARTE 1,830.0,,videos,https://i.ytimg.com/vi/OPW3JHmwHME/hqdefault.jpg?sqp=-oaymwEcCNACELwBSFXyq4qpAw4IARUAAIhCGAFwAcABBg==&rs=AOn4CLAVk3W8-YYedyUrbU2sgITSu9QCpQ
KvzRldh4YY4,https://www.youtube.com/watch?v=KvzRldh4YY4,KIA MOTORS | Todos sus Modelos,1045.0,,videos,https://i.ytimg.com/vi/KvzRldh4YY4/hqdefault.jpg?sqp=-oaymwEcCNACELwBSFXyq4qpAw4IARUAAIhCGAFwAcABBg==&rs=AOn4CLAB67hP0TDWtVVaq6ALgBE9PO9F4g
S03mNAz6ljs,https://www.youtube.com/watch?v=S03mNAz6ljs,Sergio Oliveira responde tus preguntas #3,1215.0,,videos,https://i.ytimg.com/vi/S03mNAz6ljs/hqdefault.jpg?sqp=-oaymwEcCNACELwBSFXyq4qpAw4IARUAAIhCGAFwAcABBg==&rs=AOn4CLCrm_8TF-REKq9t__TETYZVi3GVzg
wuK_nq60w7I,https://www.youtube.com/watch?v=wuK_nq60w7I,Sergio Oliveira responde tus preguntas #1,845.0,,videos,https://i.ytimg.com/vi/wuK_nq60w7I/hqdefault.jpg?sqp=-oaymwEcCNACELwBSFXyq4qpAw4IARUAAIhCGAFwAcABBg==&rs=AOn4CLDvsWfR4juohJQqLJ1A8BWAC0A-bw
ExPSK48TPnI,https://www.youtube.com/watch?v=ExPSK48TPnI,Sergio Oliveira responde tus preguntas #1,866.0,,videos,https://i.ytimg.com/vi/ExPSK48TPnI/hqdefault.jpg?sqp=-oaymwEcCNACELwBSFXyq4qpAw4IARUAAIhCGAFwAcABBg==&rs=AOn4CLDjb6Fqj21pdBMWDethvSUm7qkGnA
nvoBFr4stHA,https://www.youtube.com/watch?v=nvoBFr4stHA,CUIDADO CON LOS FRAUDES! - COMPRANDO AUTO,874.0,,videos,https://i.ytimg.com/vi/nvoBFr4stHA/hqdefault.jpg?sqp=-oaymwEcCNACELwBSFXyq4qpAw4IARUAAIhCGAFwAcABBg==&rs=AOn4CLCSXDUsioM4s-EHJaGY40LrxXcYxA
wXBBX0BtsuY,https://www.youtube.com/watch?v=wXBBX0BtsuY,Temporada para comprar autos | Autos cambian de línea,675.0,,videos,https://i.ytimg.com/vi/wXBBX0BtsuY/hqdefault.jpg?sqp=-oaymwEcCNACELwBSFXyq4qpAw4IARUAAIhCGAFwAcABBg==&rs=AOn4CLBm_4pW_ZKv-A06R0VUjz9laXXh7Q
wnIx2jlc3ws,https://www.youtube.com/watch?v=wnIx2jlc3ws,Bolsas de Aire | ¿Un PELIGRO?,878.0,,videos,https://i.ytimg.com/vi/wnIx2jlc3ws/hqdefault.jpg?sqp=-oaymwE2CNACELwBSFXyq4qpAygIARUAAIhCGAFwAcABBvABAfgB_gmAAtAFigIMCAAQARgTIEkofzAP&rs=AOn4CLBCyGOYRoSPslk5PG6mtdEYbogtTw
T_xUc-lu3wQ,https://www.youtube.com/watch?v=T_xUc-lu3wQ,Productos de Nissan y el futuro del Tsuru | Tixuz Autos,926.0,,videos,https://i.ytimg.com/vi/T_xUc-lu3wQ/hqdefault.jpg?sqp=-oaymwEcCNACELwBSFXyq4qpAw4IARUAAIhCGAFwAcABBg==&rs=AOn4CLDjA3eHUtpyuJntdCOacYARLn7-Dg
47UT5oRRxVc,https://www.youtube.com/watch?v=47UT5oRRxVc,! SEGURIDAD¡...! SEGURIDAD¡... ! SEGURIDAD¡,798.0,,videos,https://i.ytimg.com/vi/47UT5oRRxVc/hqdefault.jpg?sqp=-oaymwEcCNACELwBSFXyq4qpAw4IARUAAIhCGAFwAcABBg==&rs=AOn4CLC60S4G66V40-9URlMH6CwlXhEd7w
qEFPFq8YG8M,https://www.youtube.com/watch?v=qEFPFq8YG8M,POR QUÉ LOS NOMBRES DE LOS AUTOS ?,671.0,,videos,https://i.ytimg.com/vi/qEFPFq8YG8M/hqdefault.jpg?sqp=-oaymwEcCNACELwBSFXyq4qpAw4IARUAAIhCGAFwAcABBg==&rs=AOn4CLC3KEXNGaeB8j8RzAsqM6fZMsbNiA
Wn4P4wIjqLY,https://www.youtube.com/watch?v=Wn4P4wIjqLY,Conociendo Kia Motors con Sergio Oliveira y Eduardo Vargas.,1339.0,,videos,https://i.ytimg.com/vi/Wn4P4wIjqLY/hqdefault.jpg?sqp=-oaymwEcCNACELwBSFXyq4qpAw4IARUAAIhCGAFwAcABBg==&rs=AOn4CLDGkCDZIAefetTRTARcU6pPa7orWg
ladXFKISg34,https://www.youtube.com/watch?v=ladXFKISg34,EL CARRO MÁS BARATO DEL MUNDO,1033.0,,videos,https://i.ytimg.com/vi/ladXFKISg34/hqdefault.jpg?sqp=-oaymwE2CNACELwBSFXyq4qpAygIARUAAIhCGAFwAcABBvABAfgB_gmAAtAFigIMCAAQARhWIFooZTAP&rs=AOn4CLCtytTHJ49Bs4Xe1XXB-upZon-nvw
Os6CC8OfJeU,https://www.youtube.com/watch?v=Os6CC8OfJeU,VOLVO S90,907.0,,videos,https://i.ytimg.com/vi/Os6CC8OfJeU/hqdefault.jpg?sqp=-oaymwEcCNACELwBSFXyq4qpAw4IARUAAIhCGAFwAcABBg==&rs=AOn4CLCvjJ-GXtPVxO04dSmfwrj3G2uCsw
MhtGePJHv20,https://www.youtube.com/watch?v=MhtGePJHv20,UBER ya no es negocio,704.0,,videos,https://i.ytimg.com/vi/MhtGePJHv20/hqdefault.jpg?sqp=-oaymwEcCNACELwBSFXyq4qpAw4IARUAAIhCGAFwAcABBg==&rs=AOn4CLAfvkebnlOmtQL_IqaSEPMKatmgTQ
g58fI2pXpWU,https://www.youtube.com/watch?v=g58fI2pXpWU,¿Qué carros son los ideales para los jóvenes ? ¡Quédate y averígualo!,938.0,,videos,https://i.ytimg.com/vi/g58fI2pXpWU/hqdefault.jpg?sqp=-oaymwE2CNACELwBSFXyq4qpAygIARUAAIhCGAFwAcABBvABAfgB1AaAAuADigIMCAAQARhAIFkocjAP&rs=AOn4CLD4tW2FblM7VWj0CalqJDyxS0WEFA
T0e_4PKPLx4,https://www.youtube.com/watch?v=T0e_4PKPLx4,Marcas y modelos desaparecidas del mercado automotriz,1088.0,,videos,https://i.ytimg.com/vi/T0e_4PKPLx4/hqdefault.jpg?sqp=-oaymwEcCNACELwBSFXyq4qpAw4IARUAAIhCGAFwAcABBg==&rs=AOn4CLDbAgpKlDTlRYVbCN_5eGL86r391Q
q7rCr-Be9KY,https://www.youtube.com/watch?v=q7rCr-Be9KY,MAZDA CX9,851.0,,videos,https://i.ytimg.com/vi/q7rCr-Be9KY/hqdefault.jpg?sqp=-oaymwEcCNACELwBSFXyq4qpAw4IARUAAIhCGAFwAcABBg==&rs=AOn4CLBWYQUZqjagnDUmGAfEQVackPYwbA
MsRpK7kyBK0,https://www.youtube.com/watch?v=MsRpK7kyBK0,AUTOS PARA VIEJITOS,791.0,,videos,https://i.ytimg.com/vi/MsRpK7kyBK0/hqdefault.jpg?sqp=-oaymwEcCNACELwBSFXyq4qpAw4IARUAAIhCGAFwAcABBg==&rs=AOn4CLCLX1PCuh3F1IyFE5NliXv8zb_e2A
VxxiHOuGZH0,https://www.youtube.com/watch?v=VxxiHOuGZH0,¿ GOLF O JETTA ?,939.0,,videos,https://i.ytimg.com/vi/VxxiHOuGZH0/hqdefault.jpg?sqp=-oaymwEcCNACELwBSFXyq4qpAw4IARUAAIhCGAFwAcABBg==&rs=AOn4CLCi1nfP59IkHDzzQtr7JdnxoOUAxw
MukrZuBKyCg,https://www.youtube.com/watch?v=MukrZuBKyCg,Autos Premium | calificando del 1 al 10 | ¿Cuáles son los mejores para ustedes? | Parte 2,776.0,,videos,https://i.ytimg.com/vi/MukrZuBKyCg/hqdefault.jpg?sqp=-oaymwEcCNACELwBSFXyq4qpAw4IARUAAIhCGAFwAcABBg==&rs=AOn4CLCDghGTjnzCWxjyK8KM9toiWhfmnQ
AhthMv74dg4,https://www.youtube.com/watch?v=AhthMv74dg4,Sergio OliveirA y Eduardo Vargas Analizan comercial de Chevrolet Silverado,798.0,,videos,https://i.ytimg.com/vi/AhthMv74dg4/hqdefault.jpg?sqp=-oaymwE2CNACELwBSFXyq4qpAygIARUAAIhCGAFwAcABBvABAfgB_gmAAtAFigIMCAAQARg9IFgocjAP&rs=AOn4CLDGNYsH6rzmDRAlbGIH_o9giURCYQ
4UXHIoVE-LI,https://www.youtube.com/watch?v=4UXHIoVE-LI,Autos Premium | calificando del 1 al 10 | ¿Cuáles son los mejores para ustedes? | Parte 1,869.0,,videos,https://i.ytimg.com/vi/4UXHIoVE-LI/hqdefault.jpg?sqp=-oaymwEcCNACELwBSFXyq4qpAw4IARUAAIhCGAFwAcABBg==&rs=AOn4CLAc15Y3_nKuFnYNDIFRj1_9F5c4kw
ktYoy-sBCio,https://www.youtube.com/watch?v=ktYoy-sBCio,La traición de UBER,353.0,,videos,https://i.ytimg.com/vi/ktYoy-sBCio/hqdefault.jpg?sqp=-oaymwE2CNACELwBSFXyq4qpAygIARUAAIhCGAFwAcABBvABAfgB_gmAAtAFigIMCAAQARgTICcofzAP&rs=AOn4CLCb4rFUgBEejukk5vIdqPvrb9UmLw
KG0McOElXKc,https://www.youtube.com/watch?v=KG0McOElXKc,Análisis Nissan Maxima 2016,426.0,,videos,https://i.ytimg.com/vi/KG0McOElXKc/hqdefault.jpg?sqp=-oaymwEcCNACELwBSFXyq4qpAw4IARUAAIhCGAFwAcABBg==&rs=AOn4CLAZDaLJCqnAqWI8LjSToiN13K9-Nw
bcNPIrzlDkk,https://www.youtube.com/watch?v=bcNPIrzlDkk,POR QUE LOS PREMIUM SON PREMIUM ?,683.0,,videos,https://i.ytimg.com/vi/bcNPIrzlDkk/hqdefault.jpg?sqp=-oaymwEcCNACELwBSFXyq4qpAw4IARUAAIhCGAFwAcABBg==&rs=AOn4CLCEBJ4lynBZCnsfLKTJAo_UjcQnyg
bDsAIR2r7_8,https://www.youtube.com/watch?v=bDsAIR2r7_8,AUTO+ LEY DE VERIFICACION,894.0,,videos,https://i.ytimg.com/vi/bDsAIR2r7_8/hqdefault.jpg?sqp=-oaymwEcCNACELwBSFXyq4qpAw4IARUAAIhCGAFwAcABBg==&rs=AOn4CLDAHW5Oc20xVOio-_u2VvKcKe8jCw
vec3apMlPlM,https://www.youtube.com/watch?v=vec3apMlPlM,Financiamiento automotriz en México,952.0,,videos,https://i.ytimg.com/vi/vec3apMlPlM/hqdefault.jpg?sqp=-oaymwEcCNACELwBSFXyq4qpAw4IARUAAIhCGAFwAcABBg==&rs=AOn4CLDTRIbmfY3ZJrYr6jon0LvhozW3_w
0srE8fVMANM,https://www.youtube.com/watch?v=0srE8fVMANM,Autos incomprendidos,629.0,,videos,https://i.ytimg.com/vi/0srE8fVMANM/hqdefault.jpg?sqp=-oaymwEcCNACELwBSFXyq4qpAw4IARUAAIhCGAFwAcABBg==&rs=AOn4CLAdEERBVvVAqEGuoKK2l8OvbaCs9g
FbA9qH6ajp8,https://www.youtube.com/watch?v=FbA9qH6ajp8,Sergio Oliveira | La llegada de BAIC a México,675.0,,videos,https://i.ytimg.com/vi/FbA9qH6ajp8/hqdefault.jpg?sqp=-oaymwEcCNACELwBSFXyq4qpAw4IARUAAIhCGAFwAcABBg==&rs=AOn4CLDclZMBDIxdnSpFqjBRfFfexyuQrg
fHADyYYTkeU,https://www.youtube.com/watch?v=fHADyYYTkeU,¿Por qué Auto+? La razón,502.0,,videos,https://i.ytimg.com/vi/fHADyYYTkeU/hqdefault.jpg?sqp=-oaymwEcCNACELwBSFXyq4qpAw4IARUAAIhCGAFwAcABBg==&rs=AOn4CLCWoH1QZNcwJAK7NVo08cr6FyCchA
w3BclcUCyN8,https://www.youtube.com/watch?v=w3BclcUCyN8,¿Qué tan bueno es comprar un auto DEMO? | DESCUBRELO,601.0,,videos,https://i.ytimg.com/vi/w3BclcUCyN8/hqdefault.jpg?sqp=-oaymwEcCNACELwBSFXyq4qpAw4IARUAAIhCGAFwAcABBg==&rs=AOn4CLDSLnJq4w57qXkWGUDpwtz38mLi0w
j6dxJS8cEGc,https://www.youtube.com/watch?v=j6dxJS8cEGc,Calificando autos del 1 al 10 | ¿Cuáles son los mejores para ustedes? | Parte 3,898.0,,videos,https://i.ytimg.com/vi/j6dxJS8cEGc/hqdefault.jpg?sqp=-oaymwEcCNACELwBSFXyq4qpAw4IARUAAIhCGAFwAcABBg==&rs=AOn4CLBNY34iPwsChcnL999wg8QCiTMseg
b8TubeQgY0o,https://www.youtube.com/watch?v=b8TubeQgY0o,La voz de la experiencia en autos: Sergio Oliveira,484.0,,videos,https://i.ytimg.com/vi/b8TubeQgY0o/hqdefault.jpg?sqp=-oaymwEcCNACELwBSFXyq4qpAw4IARUAAIhCGAFwAcABBg==&rs=AOn4CLDCHkVUfMDYtdrhCyJFu9tAVZZQCg
bWK6LQwTdWw,https://www.youtube.com/watch?v=bWK6LQwTdWw,Calificando autos del 1 al 10 | ¿Cuáles son los mejores para ustedes? | Parte 2,638.0,,videos,https://i.ytimg.com/vi/bWK6LQwTdWw/hqdefault.jpg?sqp=-oaymwEcCNACELwBSFXyq4qpAw4IARUAAIhCGAFwAcABBg==&rs=AOn4CLApKj7-OsmW0cDuQy87hp9ybYyNmw
J7aOZ4ECuMU,https://www.youtube.com/watch?v=J7aOZ4ECuMU,Calificando autos del 1 al 10 | ¿Cuáles son los mejores para ustedes? | Parte 1,661.0,,videos,https://i.ytimg.com/vi/J7aOZ4ECuMU/hqdefault.jpg?sqp=-oaymwEcCNACELwBSFXyq4qpAw4IARUAAIhCGAFwAcABBg==&rs=AOn4CLCLCFd0O75nNzQEXHahs8kD7qD32w
Erf4E-JcTXA,https://www.youtube.com/watch?v=Erf4E-JcTXA,Comparaciòn de Autos Premium | Parte 3 HD,740.0,,videos,https://i.ytimg.com/vi/Erf4E-JcTXA/hqdefault.jpg?sqp=-oaymwEcCNACELwBSFXyq4qpAw4IARUAAIhCGAFwAcABBg==&rs=AOn4CLBHLeAHkZJSGkDaZOte6yxabbKnLA
tKqaZ57GIAk,https://www.youtube.com/watch?v=tKqaZ57GIAk,"Compra de Mitsubishi, Nissan 4to fabricante más grande del mundo.",767.0,,videos,https://i.ytimg.com/vi/tKqaZ57GIAk/hqdefault.jpg?sqp=-oaymwEcCNACELwBSFXyq4qpAw4IARUAAIhCGAFwAcABBg==&rs=AOn4CLDMX4zsFERluAXLsbZ33lk8Y6gvaA
gFVGBCyoAEA,https://www.youtube.com/watch?v=gFVGBCyoAEA,AUTO+ LEY DE SEGURIDAD,734.0,,videos,https://i.ytimg.com/vi/gFVGBCyoAEA/hqdefault.jpg?sqp=-oaymwEcCNACELwBSFXyq4qpAw4IARUAAIhCGAFwAcABBg==&rs=AOn4CLCA8LYwdmREkwRIH9PhnPnt9OBCvQ
q9VWVMmTlaM,https://www.youtube.com/watch?v=q9VWVMmTlaM,Comparaciòn de Autos Premium | Parte 2,732.0,,videos,https://i.ytimg.com/vi/q9VWVMmTlaM/hqdefault.jpg?sqp=-oaymwEcCNACELwBSFXyq4qpAw4IARUAAIhCGAFwAcABBg==&rs=AOn4CLC6q0oJ6_wLLlRjsI5TFIssYI2maQ
Z-tQJq9K5QE,https://www.youtube.com/watch?v=Z-tQJq9K5QE,Autos demo en Guadalajara,637.0,,videos,https://i.ytimg.com/vi/Z-tQJq9K5QE/hqdefault.jpg?sqp=-oaymwEcCNACELwBSFXyq4qpAw4IARUAAIhCGAFwAcABBg==&rs=AOn4CLCCI_imqy4iLV2x9Z1-HdsP0wYg9w
XiTnpsUZtlo,https://www.youtube.com/watch?v=XiTnpsUZtlo,SEGUNDO DOBLE NO CIRCULA,826.0,,videos,https://i.ytimg.com/vi/XiTnpsUZtlo/hqdefault.jpg?sqp=-oaymwEcCNACELwBSFXyq4qpAw4IARUAAIhCGAFwAcABBg==&rs=AOn4CLDBwws_AplmvvNPOT9gIfZXxPNiNA
OSxL7e7SHYg,https://www.youtube.com/watch?v=OSxL7e7SHYg,Transporte Publico y la Contaminación,695.0,,videos,https://i.ytimg.com/vi/OSxL7e7SHYg/hqdefault.jpg?sqp=-oaymwEcCNACELwBSFXyq4qpAw4IARUAAIhCGAFwAcABBg==&rs=AOn4CLD4YQAKNq3FYusbWOlVokqkWzA8vw
ED1eFh-z0kc,https://www.youtube.com/watch?v=ED1eFh-z0kc,Mitsubishi miente en el consumo de gasolina de sus autos,646.0,,videos,https://i.ytimg.com/vi/ED1eFh-z0kc/hqdefault.jpg?sqp=-oaymwEcCNACELwBSFXyq4qpAw4IARUAAIhCGAFwAcABBg==&rs=AOn4CLA_W9w3TTBVGjQfgE6QwhaLVIal3Q
bgLuqLuz2ck,https://www.youtube.com/watch?v=bgLuqLuz2ck,Leasing | Otra forma de comprar un Auto,577.0,,videos,https://i.ytimg.com/vi/bgLuqLuz2ck/hqdefault.jpg?sqp=-oaymwEcCNACELwBSFXyq4qpAw4IARUAAIhCGAFwAcABBg==&rs=AOn4CLAqXWTqGQltE4BcIj-EK4YiJwM9WQ
NOaJyAwBqak,https://www.youtube.com/watch?v=NOaJyAwBqak,Comparaciòn de Autos Premium,837.0,,videos,https://i.ytimg.com/vi/NOaJyAwBqak/hqdefault.jpg?sqp=-oaymwEcCNACELwBSFXyq4qpAw4IARUAAIhCGAFwAcABBg==&rs=AOn4CLBxH_FUYG6UBi0v-BtudVhvfH8Zfg
cQfE3eR50UY,https://www.youtube.com/watch?v=cQfE3eR50UY,CROSS OVER y SUV,723.0,,videos,https://i.ytimg.com/vi/cQfE3eR50UY/hqdefault.jpg?sqp=-oaymwEcCNACELwBSFXyq4qpAw4IARUAAIhCGAFwAcABBg==&rs=AOn4CLD6FaIcqy1Y-TAKvoIBL-PyfR_uAQ
xid_e7VF1Vg,https://www.youtube.com/watch?v=xid_e7VF1Vg,Super Autos,599.0,,videos,https://i.ytimg.com/vi/xid_e7VF1Vg/hqdefault.jpg?sqp=-oaymwEcCNACELwBSFXyq4qpAw4IARUAAIhCGAFwAcABBg==&rs=AOn4CLBaDM8qSp5we6MPiMXz4xbmlEjYBA
kXQh5xwnw9k,https://www.youtube.com/watch?v=kXQh5xwnw9k,KIA Y NUEVO LEÓN,543.0,,videos,https://i.ytimg.com/vi/kXQh5xwnw9k/hqdefault.jpg?sqp=-oaymwEcCNACELwBSFXyq4qpAw4IARUAAIhCGAFwAcABBg==&rs=AOn4CLAQt5P6bBfK7hwAzKAUrI8fjGAfSQ
BrFZikr43VU,https://www.youtube.com/watch?v=BrFZikr43VU,MALIBU 2016,620.0,,videos,https://i.ytimg.com/vi/BrFZikr43VU/hqdefault.jpg?sqp=-oaymwEcCNACELwBSFXyq4qpAw4IARUAAIhCGAFwAcABBg==&rs=AOn4CLBKw5Vb4-w8omIN46SNv4DY_msI1w
tAwC9kHKh1s,https://www.youtube.com/watch?v=tAwC9kHKh1s,Salon Nueva York 2016,1172.0,,videos,https://i.ytimg.com/vi/tAwC9kHKh1s/hqdefault.jpg?sqp=-oaymwEcCNACELwBSFXyq4qpAw4IARUAAIhCGAFwAcABBg==&rs=AOn4CLCeGXJPDpna5jsfNc4_n7IM7ke5Sg
TuTxGQYOMiU,https://www.youtube.com/watch?v=TuTxGQYOMiU,Trump vs. Ford,668.0,,videos,https://i.ytimg.com/vi/TuTxGQYOMiU/hqdefault.jpg?sqp=-oaymwEcCNACELwBSFXyq4qpAw4IARUAAIhCGAFwAcABBg==&rs=AOn4CLD1WDzb8tFPjgGPyrfH4aRF6lhxBQ
TuuwpThb7Kc,https://www.youtube.com/watch?v=TuuwpThb7Kc,"Avant, la app mexicana de transporte privado.",564.0,,videos,https://i.ytimg.com/vi/TuuwpThb7Kc/hqdefault.jpg?sqp=-oaymwEcCNACELwBSFXyq4qpAw4IARUAAIhCGAFwAcABBg==&rs=AOn4CLDXAoOzU4xIVGir6k2En9_6V_OtGg
ztbUlJVafH8,https://www.youtube.com/watch?v=ztbUlJVafH8,¿Quienes conducen mejor?,549.0,,videos,https://i.ytimg.com/vi/ztbUlJVafH8/hqdefault.jpg?sqp=-oaymwEcCNACELwBSFXyq4qpAw4IARUAAIhCGAFwAcABBg==&rs=AOn4CLCQ9dE9LDb3y1kUr4ZwrXyMr7cN2Q
t5oNyP03mYg,https://www.youtube.com/watch?v=t5oNyP03mYg,Polo GTI 2016,583.0,,videos,https://i.ytimg.com/vi/t5oNyP03mYg/hqdefault.jpg?sqp=-oaymwEcCNACELwBSFXyq4qpAw4IARUAAIhCGAFwAcABBg==&rs=AOn4CLDqeWuA7Ibp4wEW_-QSeLuO96wnRw
IlfjKsc2JWo,https://www.youtube.com/watch?v=IlfjKsc2JWo,Camaro SS2016,537.0,,videos,https://i.ytimg.com/vi/IlfjKsc2JWo/hqdefault.jpg?sqp=-oaymwEcCNACELwBSFXyq4qpAw4IARUAAIhCGAFwAcABBg==&rs=AOn4CLAfCfyvBIKE8GZjKcynHoAxQopQxw
vC7B84W8JyM,https://www.youtube.com/watch?v=vC7B84W8JyM,¿Cuál es la vida de un modelo de auto?,751.0,,videos,https://i.ytimg.com/vi/vC7B84W8JyM/hqdefault.jpg?sqp=-oaymwEcCNACELwBSFXyq4qpAw4IARUAAIhCGAFwAcABBg==&rs=AOn4CLAb-4d7DDFRU67S3RaFGOGNXkBkug
WgWlwxCVqGs,https://www.youtube.com/watch?v=WgWlwxCVqGs,Infiniti Q50,666.0,,videos,https://i.ytimg.com/vi/WgWlwxCVqGs/hqdefault.jpg?sqp=-oaymwEcCNACELwBSFXyq4qpAw4IARUAAIhCGAFwAcABBg==&rs=AOn4CLCspQce0L0s3StwINHpI1ACPahNWQ
4QpjYIAWdt0,https://www.youtube.com/watch?v=4QpjYIAWdt0,¿Qué famosa es este auto?,637.0,,videos,https://i.ytimg.com/vi/4QpjYIAWdt0/hqdefault.jpg?sqp=-oaymwEcCNACELwBSFXyq4qpAw4IARUAAIhCGAFwAcABBg==&rs=AOn4CLCv4WpBBI9vT6VX5G3tPOvHeqCT5g
LbI-MBLCArc,https://www.youtube.com/watch?v=LbI-MBLCArc,Conceptos,859.0,,videos,https://i.ytimg.com/vi/LbI-MBLCArc/hqdefault.jpg?sqp=-oaymwEcCNACELwBSFXyq4qpAw4IARUAAIhCGAFwAcABBg==&rs=AOn4CLAa0skfaZiWfAXV6ACFDguPKQTrDw
sd8mhPLNU-Y,https://www.youtube.com/watch?v=sd8mhPLNU-Y,¿Como inicio el mercado de autos el 2016?,805.0,,videos,https://i.ytimg.com/vi/sd8mhPLNU-Y/hqdefault.jpg?sqp=-oaymwEcCNACELwBSFXyq4qpAw4IARUAAIhCGAFwAcABBg==&rs=AOn4CLDUM-r6RCKsmaC7syE45vfJnM4Icw
hDiJhu2dTlU,https://www.youtube.com/watch?v=hDiJhu2dTlU,La seguridad en los autos,738.0,,videos,https://i.ytimg.com/vi/hDiJhu2dTlU/hqdefault.jpg?sqp=-oaymwE2CNACELwBSFXyq4qpAygIARUAAIhCGAFwAcABBvABAfgB_gmAAtAFigIMCAAQARhlIE8oOjAP&rs=AOn4CLB1FZsYpUpsPBrzEuNH9jfZ2_TV0A
T4H1SYNttsQ,https://www.youtube.com/watch?v=T4H1SYNttsQ,Apps de autos ejecutivos,732.0,,videos,https://i.ytimg.com/vi/T4H1SYNttsQ/hqdefault.jpg?sqp=-oaymwEcCNACELwBSFXyq4qpAw4IARUAAIhCGAFwAcABBg==&rs=AOn4CLC935aUN7pRPJWMa0dHBjAjxBj0JQ
3O6CYjWKwEw,https://www.youtube.com/watch?v=3O6CYjWKwEw,Noticias de Renault y  Toyota/Scion,476.0,,videos,https://i.ytimg.com/vi/3O6CYjWKwEw/hqdefault.jpg?sqp=-oaymwE2CNACELwBSFXyq4qpAygIARUAAIhCGAFwAcABBvABAfgB_gmAAtAFigIMCAAQARhlIFUoVzAP&rs=AOn4CLAHp7GDY3MCZDU7bjMz1fuzo8ifmQ
U5dQobSGIOo,https://www.youtube.com/watch?v=U5dQobSGIOo,Nuevo Audi A4,675.0,,videos,https://i.ytimg.com/vi/U5dQobSGIOo/hqdefault.jpg?sqp=-oaymwEcCNACELwBSFXyq4qpAw4IARUAAIhCGAFwAcABBg==&rs=AOn4CLBRNtkI5t4pa-_t0iSpC-nG7oGF8g
5yirhMXxp4o,https://www.youtube.com/watch?v=5yirhMXxp4o,¿Cuánto te dan por lo que pagas?,601.0,,videos,https://i.ytimg.com/vi/5yirhMXxp4o/hqdefault.jpg?sqp=-oaymwE2CNACELwBSFXyq4qpAygIARUAAIhCGAFwAcABBvABAfgB_gmAAtAFigIMCAAQARh_IEIoJjAP&rs=AOn4CLB8rIwUrSFs_2oIn4kg5KlTlC998g
1x4KLxAcgOc,https://www.youtube.com/watch?v=1x4KLxAcgOc,Los autos de ensueño,729.0,,videos,https://i.ytimg.com/vi/1x4KLxAcgOc/hqdefault.jpg?sqp=-oaymwEcCNACELwBSFXyq4qpAw4IARUAAIhCGAFwAcABBg==&rs=AOn4CLCy7lHIZBgspXMduNCAxFcj_JsPKg
E4KpeBMUiok,https://www.youtube.com/watch?v=E4KpeBMUiok,Los autos clásicos,749.0,,videos,https://i.ytimg.com/vi/E4KpeBMUiok/hqdefault.jpg?sqp=-oaymwEcCNACELwBSFXyq4qpAw4IARUAAIhCGAFwAcABBg==&rs=AOn4CLCyIFzq1Pd6fHZqcImWhY-1gl17VA
DFeUwGSE-X8,https://www.youtube.com/watch?v=DFeUwGSE-X8,Que ver a un auto usado antes de comprarlo,803.0,,videos,https://i.ytimg.com/vi/DFeUwGSE-X8/hqdefault.jpg?sqp=-oaymwEcCNACELwBSFXyq4qpAw4IARUAAIhCGAFwAcABBg==&rs=AOn4CLCXjG3K-KasXnDmK9n2Sn1kN6mwUA
oCecVUfwA9A,https://www.youtube.com/watch?v=oCecVUfwA9A,El salón de Detroit Enero 2016 -Parte 2-,811.0,,videos,https://i.ytimg.com/vi/oCecVUfwA9A/hqdefault.jpg?sqp=-oaymwEcCNACELwBSFXyq4qpAw4IARUAAIhCGAFwAcABBg==&rs=AOn4CLDj8xjmiljR9NsOqK21tL3M2tIT4Q
GSLs-dIMh5Q,https://www.youtube.com/watch?v=GSLs-dIMh5Q,El salón de Detroit Enero 2016 -Parte 1-,779.0,,videos,https://i.ytimg.com/vi/GSLs-dIMh5Q/hqdefault.jpg?sqp=-oaymwEcCNACELwBSFXyq4qpAw4IARUAAIhCGAFwAcABBg==&rs=AOn4CLBa65xfnSkVJb9mzRNVhuDkbYJIlw
hhXVYnaRAW4,https://www.youtube.com/watch?v=hhXVYnaRAW4,Los salones al rededor del mundo,602.0,,videos,https://i.ytimg.com/vi/hhXVYnaRAW4/hqdefault.jpg?sqp=-oaymwEcCNACELwBSFXyq4qpAw4IARUAAIhCGAFwAcABBg==&rs=AOn4CLCjh_uOVldvEfm4lC5k5fKV82j4Hg
u9Am-ngJLjM,https://www.youtube.com/watch?v=u9Am-ngJLjM,¿Cómo pone LatinNcap sus estrellas?,403.0,,videos,https://i.ytimg.com/vi/u9Am-ngJLjM/hqdefault.jpg?sqp=-oaymwEcCNACELwBSFXyq4qpAw4IARUAAIhCGAFwAcABBg==&rs=AOn4CLCR6EiU4VC7EdJ5xD3pNNzJaEFl5Q
J1pJqddtUeo,https://www.youtube.com/watch?v=J1pJqddtUeo,¿Cómo termino el mercado mexicano el 2015?,465.0,,videos,https://i.ytimg.com/vi/J1pJqddtUeo/hqdefault.jpg?sqp=-oaymwEcCNACELwBSFXyq4qpAw4IARUAAIhCGAFwAcABBg==&rs=AOn4CLAjTufu3APmj1nk3t6YyxMJVo6Zlw
NIqCJcY1gXM,https://www.youtube.com/watch?v=NIqCJcY1gXM,Alfa romeo 4C,1471.0,,videos,https://i.ytimg.com/vi/NIqCJcY1gXM/hqdefault.jpg?sqp=-oaymwEcCNACELwBSFXyq4qpAw4IARUAAIhCGAFwAcABBg==&rs=AOn4CLCcyHGpgeAAr7eZUUVcHGH5dPGm2A
R3dQKW7Vvnw,https://www.youtube.com/watch?v=R3dQKW7Vvnw,La carta a Chevrolet de Consumer Union,658.0,,videos,https://i.ytimg.com/vi/R3dQKW7Vvnw/hqdefault.jpg?sqp=-oaymwE2CNACELwBSFXyq4qpAygIARUAAIhCGAFwAcABBvABAfgB_gmAAtAFigIMCAAQARhFIEEofzAP&rs=AOn4CLDc9-q_XseXvpXZymE-SAbU43zkJg
O_d59tRPfgg,https://www.youtube.com/watch?v=O_d59tRPfgg,Autos Autonomos,604.0,,videos,https://i.ytimg.com/vi/O_d59tRPfgg/hqdefault.jpg?sqp=-oaymwEcCNACELwBSFXyq4qpAw4IARUAAIhCGAFwAcABBg==&rs=AOn4CLAfqQXgSkH6lj97VtYYfnshP_Tl0g
XlMwh7DovLo,https://www.youtube.com/watch?v=XlMwh7DovLo,Como termino el mercado latinoamericano de autos,941.0,,videos,https://i.ytimg.com/vi/XlMwh7DovLo/hqdefault.jpg?sqp=-oaymwEcCNACELwBSFXyq4qpAw4IARUAAIhCGAFwAcABBg==&rs=AOn4CLCSxi3kIZyZnRch_Q7KPkdtiHcFMQ
StYjKDgA73c,https://www.youtube.com/watch?v=StYjKDgA73c,Bloopers,147.0,,videos,https://i.ytimg.com/vi/StYjKDgA73c/hqdefault.jpg?sqp=-oaymwE2CNACELwBSFXyq4qpAygIARUAAIhCGAFwAcABBvABAfgB_gmAAtAFigIMCAAQARhOIEoocjAP&rs=AOn4CLC7UmzVQcEvyjMqeF6iy--ZiWOd9w
nQhQSHe64J4,https://www.youtube.com/watch?v=nQhQSHe64J4,Autos eléctricos/hibridos,820.0,,videos,https://i.ytimg.com/vi/nQhQSHe64J4/hqdefault.jpg?sqp=-oaymwEcCNACELwBSFXyq4qpAw4IARUAAIhCGAFwAcABBg==&rs=AOn4CLBHw_MY_WGVBwjl-CaexicILFATSg
rKUmSvf_rNI,https://www.youtube.com/watch?v=rKUmSvf_rNI,Mitos sobre los autos,818.0,,videos,https://i.ytimg.com/vi/rKUmSvf_rNI/hqdefault.jpg?sqp=-oaymwEcCNACELwBSFXyq4qpAw4IARUAAIhCGAFwAcABBg==&rs=AOn4CLAjeWnQnY8--X-vUII3ppHlsCy2hw
mf9IWGexRRU,https://www.youtube.com/watch?v=mf9IWGexRRU,¿Porqué el aumento de 5% en los autos en 2016?,477.0,,videos,https://i.ytimg.com/vi/mf9IWGexRRU/hqdefault.jpg?sqp=-oaymwEcCNACELwBSFXyq4qpAw4IARUAAIhCGAFwAcABBg==&rs=AOn4CLAhu08Bsw6eoPOp7v0WSGl2zmvaiA
HQsQP7lpHSY,https://www.youtube.com/watch?v=HQsQP7lpHSY,Mercedes-Benz Clase C 250 2016,1208.0,,videos,https://i.ytimg.com/vi/HQsQP7lpHSY/hqdefault.jpg?sqp=-oaymwEcCNACELwBSFXyq4qpAw4IARUAAIhCGAFwAcABBg==&rs=AOn4CLB36_wD02P_sc6ealLFagLRyDeSGg
5-zkGlvAzFo,https://www.youtube.com/watch?v=5-zkGlvAzFo,Chevrolet Volt 2016,680.0,,videos,https://i.ytimg.com/vi/5-zkGlvAzFo/hqdefault.jpg?sqp=-oaymwEcCNACELwBSFXyq4qpAw4IARUAAIhCGAFwAcABBg==&rs=AOn4CLDuxtU0tUb5imPnUaSx3eHF9xG87Q
laFkRT_ZjHI,https://www.youtube.com/watch?v=laFkRT_ZjHI,La Formula 1,605.0,,videos,https://i.ytimg.com/vi/laFkRT_ZjHI/hqdefault.jpg?sqp=-oaymwEcCNACELwBSFXyq4qpAw4IARUAAIhCGAFwAcABBg==&rs=AOn4CLBN1iypJ7IscELEJqJBcR8gumvafg
tuxJP2G8pjU,https://www.youtube.com/watch?v=tuxJP2G8pjU,Mejores autos para Uber Black | Cuida tu inversión!,636.0,,videos,https://i.ytimg.com/vi/tuxJP2G8pjU/hqdefault.jpg?sqp=-oaymwEcCNACELwBSFXyq4qpAw4IARUAAIhCGAFwAcABBg==&rs=AOn4CLB5Ey43hSSA5YkjNVWNpaLYMnlc3g
iEDRqN8de-w,https://www.youtube.com/watch?v=iEDRqN8de-w,"Autos que puedes comprar con 120,000 pesos (Mexicanos)",723.0,,videos,https://i.ytimg.com/vi/iEDRqN8de-w/hqdefault.jpg?sqp=-oaymwEcCNACELwBSFXyq4qpAw4IARUAAIhCGAFwAcABBg==&rs=AOn4CLBO83znFFhyNABN0SRWcIoyDPhQ6w
aSK8clw_Hhg,https://www.youtube.com/watch?v=aSK8clw_Hhg,¿Por qué bajo la demanda en Uber?,624.0,,videos,https://i.ytimg.com/vi/aSK8clw_Hhg/hqdefault.jpg?sqp=-oaymwE2CNACELwBSFXyq4qpAygIARUAAIhCGAFwAcABBvABAfgB_gmAAtAFigIMCAAQARgTID0ofzAP&rs=AOn4CLD6Ip4TAAY-fVaL0cuVcQg975SAhg
0-IKkBUUyHo,https://www.youtube.com/watch?v=0-IKkBUUyHo,El engaño de Volkwagen,694.0,,videos,https://i.ytimg.com/vi/0-IKkBUUyHo/hqdefault.jpg?sqp=-oaymwE2CNACELwBSFXyq4qpAygIARUAAIhCGAFwAcABBvABAfgB_gmAAtAFigIMCAAQARh_ICsoEzAP&rs=AOn4CLCser7ZI5GG1KopaLbC2L3dHwg4Tw
r25AUccl7pI,https://www.youtube.com/watch?v=r25AUccl7pI,¿Qué es Tixuz Autos?,35.0,,videos,https://i.ytimg.com/vi/r25AUccl7pI/hqdefault.jpg?sqp=-oaymwE2CNACELwBSFXyq4qpAygIARUAAIhCGAFwAcABBvABAfgB_gmAAtAFigIMCAAQARhfIF8oXzAP&rs=AOn4CLCHU2z-AK1xX5dzjCfenBOCfABLSw
NrfKMua9KPc,https://www.youtube.com/watch?v=NrfKMua9KPc,Autos para Uber X | Cuál es el mejor?,1032.0,,videos,https://i.ytimg.com/vi/NrfKMua9KPc/hqdefault.jpg?sqp=-oaymwE2CNACELwBSFXyq4qpAygIARUAAIhCGAFwAcABBvABAfgB_gmAAtAFigIMCAAQARhlIFwoVDAP&rs=AOn4CLB4VKDKHcabPNBugVOpctMB1gSy5A
0p85RCI_3fI,https://www.youtube.com/watch?v=0p85RCI_3fI,Volkswagen Touareg Hybrid 2015,390.0,,videos,https://i.ytimg.com/vi/0p85RCI_3fI/hqdefault.jpg?sqp=-oaymwEcCNACELwBSFXyq4qpAw4IARUAAIhCGAFwAcABBg==&rs=AOn4CLBt_fZC09PtOoDcojdiLagoUjGbKQ
3gT0XWmHyeU,https://www.youtube.com/watch?v=3gT0XWmHyeU,SUV o Minivan,632.0,,videos,https://i.ytimg.com/vi/3gT0XWmHyeU/hqdefault.jpg?sqp=-oaymwEcCNACELwBSFXyq4qpAw4IARUAAIhCGAFwAcABBg==&rs=AOn4CLARrvtnMAlqlM6f3wFeWHfCGi65fQ
N7kkWse24FQ,https://www.youtube.com/watch?v=N7kkWse24FQ,Ruidos en los autos,808.0,,videos,https://i.ytimg.com/vi/N7kkWse24FQ/hqdefault.jpg?sqp=-oaymwE2CNACELwBSFXyq4qpAygIARUAAIhCGAFwAcABBvABAfgB_gmAAtAFigIMCAAQARgTIEsofzAP&rs=AOn4CLC4XU9R58D-tbDB9MUl_7-do9Z-yQ
N1uTf6e3iRU,https://www.youtube.com/watch?v=N1uTf6e3iRU,Renault RS,504.0,,videos,https://i.ytimg.com/vi/N1uTf6e3iRU/hqdefault.jpg?sqp=-oaymwEcCNACELwBSFXyq4qpAw4IARUAAIhCGAFwAcABBg==&rs=AOn4CLClOTlnu7n_yQjqhWPxASIHAeByCQ
IdNSY5heHPw,https://www.youtube.com/watch?v=IdNSY5heHPw,Renault Alaskan,932.0,,videos,https://i.ytimg.com/vi/IdNSY5heHPw/hqdefault.jpg?sqp=-oaymwE2CNACELwBSFXyq4qpAygIARUAAIhCGAFwAcABBvABAfgB_gmAAtAFigIMCAAQARhQIFsoZTAP&rs=AOn4CLB648mvMw153Q9e1vawLehGY2ovvQ
yvFJN-FWNps,https://www.youtube.com/watch?v=yvFJN-FWNps,Las fotoinfracciones,797.0,,videos,https://i.ytimg.com/vi/yvFJN-FWNps/hqdefault.jpg?sqp=-oaymwEcCNACELwBSFXyq4qpAw4IARUAAIhCGAFwAcABBg==&rs=AOn4CLALPQskvSq4tycMXhUZ-R_JgOEhqQ
q0Ji1Z5C7hE,https://www.youtube.com/watch?v=q0Ji1Z5C7hE,¿Porquè no hay empresas de autos mexicanas?,836.0,,videos,https://i.ytimg.com/vi/q0Ji1Z5C7hE/hqdefault.jpg?sqp=-oaymwE2CNACELwBSFXyq4qpAygIARUAAIhCGAFwAcABBvABAfgB_gmAAtAFigIMCAAQARhlIFooWDAP&rs=AOn4CLDQ6qfpRuY28CNB0KJ3a6CMjiA4zw
_VBjgTIMhnY,https://www.youtube.com/watch?v=_VBjgTIMhnY,Autos nuevos o usados,959.0,,videos,https://i.ytimg.com/vi/_VBjgTIMhnY/hqdefault.jpg?sqp=-oaymwE2CNACELwBSFXyq4qpAygIARUAAIhCGAFwAcABBvABAfgB_gmAAtAFigIMCAAQARhlIFYoVDAP&rs=AOn4CLC02z_ADeWOfvT5u_UJG9YuouZodA
taXB9qDfqLk,https://www.youtube.com/watch?v=taXB9qDfqLk,"¿Qué llantas cambiar, si solo cambias dos llantas de tu auto?",570.0,,videos,https://i.ytimg.com/vi/taXB9qDfqLk/hqdefault.jpg?sqp=-oaymwE2CNACELwBSFXyq4qpAygIARUAAIhCGAFwAcABBvABAfgB_gmAAtAFigIMCAAQARhGIEkoWTAP&rs=AOn4CLDLY1XV0H1RH84D-YOiHAsZJjPcaw
tGrMmoS6hzs,https://www.youtube.com/watch?v=tGrMmoS6hzs,Mini Cooper Jhon Cooper Works 2016,491.0,,videos,https://i.ytimg.com/vi/tGrMmoS6hzs/hqdefault.jpg?sqp=-oaymwEcCNACELwBSFXyq4qpAw4IARUAAIhCGAFwAcABBg==&rs=AOn4CLDvKOW8-Kczt9bw2Z8ICMNOXD0Zsw
ocYZPoSo1g8,https://www.youtube.com/watch?v=ocYZPoSo1g8,Ford Focus Hatchback Appearence 2015/2016,443.0,,videos,https://i.ytimg.com/vi/ocYZPoSo1g8/hqdefault.jpg?sqp=-oaymwE2CNACELwBSFXyq4qpAygIARUAAIhCGAFwAcABBvABAfgB1AaAAuADigIMCAAQARhlIFooUTAP&rs=AOn4CLAJa-E31PkWlhBEd1YVw7y7tY4ssA
jk0kL_asJwU,https://www.youtube.com/watch?v=jk0kL_asJwU,Chevrolet Cruze,852.0,,videos,https://i.ytimg.com/vi/jk0kL_asJwU/hqdefault.jpg?sqp=-oaymwE2CNACELwBSFXyq4qpAygIARUAAIhCGAFwAcABBvABAfgB_gmAAtAFigIMCAAQARglIB0ofzAP&rs=AOn4CLAXQYYPQQJaU0lZsWPAnZVACC6Z-g
hsDbjyhXMzE,https://www.youtube.com/watch?v=hsDbjyhXMzE,Kia soul 2015,398.0,,videos,https://i.ytimg.com/vi/hsDbjyhXMzE/hqdefault.jpg?sqp=-oaymwEcCNACELwBSFXyq4qpAw4IARUAAIhCGAFwAcABBg==&rs=AOn4CLBBoIwkgv00i96XUpM5MzY6IicGfQ
grz_sH71gQo,https://www.youtube.com/watch?v=grz_sH71gQo,Conductores en Uber y creditos para autos,624.0,,videos,https://i.ytimg.com/vi/grz_sH71gQo/hqdefault.jpg?sqp=-oaymwE2CNACELwBSFXyq4qpAygIARUAAIhCGAFwAcABBvABAfgB_gmAAtAFigIMCAAQARhlIFgoQzAP&rs=AOn4CLBHQvEP4pmrwp2ZwHRo8c-HggbtBQ
fiQE7NJ1XiY,https://www.youtube.com/watch?v=fiQE7NJ1XiY,Seguridad en los autos,749.0,,videos,https://i.ytimg.com/vi/fiQE7NJ1XiY/hqdefault.jpg?sqp=-oaymwEcCNACELwBSFXyq4qpAw4IARUAAIhCGAFwAcABBg==&rs=AOn4CLCtklqL388LFhDvWkoHAlYQ_Vqaiw
aJTdoBBBAGE,https://www.youtube.com/watch?v=aJTdoBBBAGE,BMW serie 2 Active Tourer,399.0,,videos,https://i.ytimg.com/vi/aJTdoBBBAGE/hqdefault.jpg?sqp=-oaymwEcCNACELwBSFXyq4qpAw4IARUAAIhCGAFwAcABBg==&rs=AOn4CLBx9BLdgwmBhrseWXH387yWxdNQ0w
_ExdHGbMYBI,https://www.youtube.com/watch?v=_ExdHGbMYBI,Consejos para ahorrar gasolina,801.0,,videos,https://i.ytimg.com/vi/_ExdHGbMYBI/hqdefault.jpg?sqp=-oaymwE2CNACELwBSFXyq4qpAygIARUAAIhCGAFwAcABBvABAfgB_gmAAtAFigIMCAAQARh_IBMoGjAP&rs=AOn4CLAFZDuQoQ6NU3xNB0IKnSLmckHbcg
UlH5D88JAPc,https://www.youtube.com/watch?v=UlH5D88JAPc,Auto o camioneta,1003.0,,videos,https://i.ytimg.com/vi/UlH5D88JAPc/hqdefault.jpg?sqp=-oaymwE2CNACELwBSFXyq4qpAygIARUAAIhCGAFwAcABBvABAfgB_gmAAtAFigIMCAAQARhcIFooZTAP&rs=AOn4CLAFHli0UXvPbwf9ITenQrJLsbl8Ow
Sv1ol7kh_LI,https://www.youtube.com/watch?v=Sv1ol7kh_LI,Ford Mustang Ecoboost 2016,405.0,,videos,https://i.ytimg.com/vi/Sv1ol7kh_LI/hqdefault.jpg?sqp=-oaymwEcCNACELwBSFXyq4qpAw4IARUAAIhCGAFwAcABBg==&rs=AOn4CLAHdO81gAGd33cjdiTOFiBXBrR73w
RV7yX7UkNPc,https://www.youtube.com/watch?v=RV7yX7UkNPc,BMW M135i,336.0,,videos,https://i.ytimg.com/vi/RV7yX7UkNPc/hqdefault.jpg?sqp=-oaymwEcCNACELwBSFXyq4qpAw4IARUAAIhCGAFwAcABBg==&rs=AOn4CLBV3CIhJ73DUMfvi2Y9_k0RC6dzwg
ISL8kmPw3fk,https://www.youtube.com/watch?v=ISL8kmPw3fk,Chevrolet Equinox 2016,530.0,,videos,https://i.ytimg.com/vi/ISL8kmPw3fk/hqdefault.jpg?sqp=-oaymwE2CNACELwBSFXyq4qpAygIARUAAIhCGAFwAcABBvABAfgB_gmAAtAFigIMCAAQARhlIFsoTTAP&rs=AOn4CLAnqPVTDRdjEaDt3AnsACGwKsIJRA
DhaFM8iH7Do,https://www.youtube.com/watch?v=DhaFM8iH7Do,Las copias de autos en china,670.0,,videos,https://i.ytimg.com/vi/DhaFM8iH7Do/hqdefault.jpg?sqp=-oaymwE2CNACELwBSFXyq4qpAygIARUAAIhCGAFwAcABBvABAfgB_gmAAtAFigIMCAAQARhlIFQoUjAP&rs=AOn4CLBPknjwynuFANqk5_u5byVmF1KAdw
5hrkG783_xA,https://www.youtube.com/watch?v=5hrkG783_xA,Dodge Challenger Scat Pack 2016,386.0,,videos,https://i.ytimg.com/vi/5hrkG783_xA/hqdefault.jpg?sqp=-oaymwEcCNACELwBSFXyq4qpAw4IARUAAIhCGAFwAcABBg==&rs=AOn4CLAMCEpXBmmIT_cisUOiVUXSPuZeEA
2o2K87Ne6yA,https://www.youtube.com/watch?v=2o2K87Ne6yA,El problema de los baches,604.0,,videos,https://i.ytimg.com/vi/2o2K87Ne6yA/hqdefault.jpg?sqp=-oaymwEcCNACELwBSFXyq4qpAw4IARUAAIhCGAFwAcABBg==&rs=AOn4CLDM9sef7PG-1CxlDzU_qnvc3Pc-jQ
1e1MEm4g1_I,https://www.youtube.com/watch?v=1e1MEm4g1_I,¿Por què algunas marcas no quieren dar financiamiento?,488.0,,videos,https://i.ytimg.com/vi/1e1MEm4g1_I/hqdefault.jpg?sqp=-oaymwE2CNACELwBSFXyq4qpAygIARUAAIhCGAFwAcABBvABAfgB_gmAAtAFigIMCAAQARhlIGUoZTAP&rs=AOn4CLCN5xFu5ciICu_35v-66i2vz7mLtQ
nRfNviK91-Y,https://www.youtube.com/watch?v=nRfNviK91-Y,Estos autos son ideales para Ligar:,930.0,,videos,https://i.ytimg.com/vi/nRfNviK91-Y/hqdefault.jpg?sqp=-oaymwEcCNACELwBSFXyq4qpAw4IARUAAIhCGAFwAcABBg==&rs=AOn4CLC8JZwh_FDtP53L7gYQJQJ4DYulCQ
mERu8wGI12k,https://www.youtube.com/watch?v=mERu8wGI12k,Historia de los Autos Europeos,1254.0,,videos,https://i.ytimg.com/vi/mERu8wGI12k/hqdefault.jpg?sqp=-oaymwE2CNACELwBSFXyq4qpAygIARUAAIhCGAFwAcABBvABAfgB_gmAAtAFigIMCAAQARhlIGUoZTAP&rs=AOn4CLBGlGxFWum2-mVsLkXjEpN91rD0aA
IwwBSq9xbwU,https://www.youtube.com/watch?v=IwwBSq9xbwU,Mercado inicial | Autos mas baratos por marca,1354.0,,videos,https://i.ytimg.com/vi/IwwBSq9xbwU/hqdefault.jpg?sqp=-oaymwEcCNACELwBSFXyq4qpAw4IARUAAIhCGAFwAcABBg==&rs=AOn4CLCjQSxbJgRAUPBBy_dbgVrQ4ZAT4Q
TORzYNGfJOE,https://www.youtube.com/watch?v=TORzYNGfJOE,KEI CARS | Propuesta que ayuda al planeta,805.0,,videos,https://i.ytimg.com/vi/TORzYNGfJOE/hqdefault.jpg?sqp=-oaymwE2CNACELwBSFXyq4qpAygIARUAAIhCGAFwAcABBvABAfgB_gmAAtAFigIMCAAQARhlIFwoRzAP&rs=AOn4CLDWBmjEx_fgxtw4jup7da-jD9m3eQ
wMmj1ZrQcZw,https://www.youtube.com/watch?v=wMmj1ZrQcZw,Cuales son mejores Japoneses o Americanos,871.0,,videos,https://i.ytimg.com/vi/wMmj1ZrQcZw/hqdefault.jpg?sqp=-oaymwE2CNACELwBSFXyq4qpAygIARUAAIhCGAFwAcABBvABAfgB_gmAAtAFigIMCAAQARhNIEsoZTAP&rs=AOn4CLBlycittv6U4iPzfIDI_zXvIrjMkw
D4HcQxr09KQ,https://www.youtube.com/watch?v=D4HcQxr09KQ,Tu auto está en esta lista? | Autos con mayor devaluación,794.0,,videos,https://i.ytimg.com/vi/D4HcQxr09KQ/hqdefault.jpg?sqp=-oaymwE2CNACELwBSFXyq4qpAygIARUAAIhCGAFwAcABBvABAfgB_gmAAtAFigIMCAAQARhlIFooWDAP&rs=AOn4CLAfgJlHQNJAD8W_uuds7fd-75RoMA
h0d-s3_Hwow,https://www.youtube.com/shorts/h0d-s3_Hwow,Por qué las ciclovías no funcionan en las megaciudades,,,shorts,https://i.ytimg.com/vi/h0d-s3_Hwow/oar2.jpg?sqp=-oaymwEgCJUDEOAESFWQAgHyq4qpAw8IARUAAIhCcAHAAQbIAQE=&rs=AOn4CLBDar4N048EOYjPLBRv7WBX0eYUPw&usqp=CCk
hBqCotE00yc,https://www.youtube.com/shorts/hBqCotE00yc,Adiós eléctricos  Híbridos y el ascenso de marcas chinas y Mazda,,,shorts,https://i.ytimg.com/vi/hBqCotE00yc/oar2.jpg?sqp=-oaymwEgCJUDEOAESFWQAgHyq4qpAw8IARUAAIhCcAHAAQbIAQE=&rs=AOn4CLCenP77WLrbgVl3zZIBtWrG7tQH0A&usqp=CCk
1iqEidcfkqQ,https://www.youtube.com/shorts/1iqEidcfkqQ,cuánto debería durar un auto?,,,shorts,https://i.ytimg.com/vi/1iqEidcfkqQ/oar2.jpg?sqp=-oaymwEgCJUDEOAESFWQAgHyq4qpAw8IARUAAIhCcAHAAQbIAQE=&rs=AOn4CLBpfRbl6m4gz0RyKEV_VAGO4FQBYw&usqp=CCk
34oOImeXsHM,https://www.youtube.com/shorts/34oOImeXsHM,Qué hacer si se cruza una vaca en la carretera,,,shorts,https://i.ytimg.com/vi/34oOImeXsHM/oar2.jpg?sqp=-oaymwEgCJUDEOAESFWQAgHyq4qpAw8IARUAAIhCcAHAAQbIAQE=&rs=AOn4CLA48q-JE42wPIKPG7-JTPfhVtz7zA&usqp=CCk
cxrDLnr7VfM,https://www.youtube.com/shorts/cxrDLnr7VfM,La confianza se mide en litros y aquí son completos #oxxogas#recibemas#litroscompletos#oxg,,,shorts,https://i.ytimg.com/vi/cxrDLnr7VfM/oar2.jpg?sqp=-oaymwEgCJADENgESFWQAgHyq4qpAw8IARUAAIhCcAHAAQbIAQE=&rs=AOn4CLCDwiQOxjKZP2IxMW5lYagNXYzKRA&usqp=CCk
tFPTZXro_r8,https://www.youtube.com/shorts/tFPTZXro_r8,La confianza se mide en litros y aquí son completos #oxxogas#recibemas#litroscompletos#oxg,,,shorts,https://i.ytimg.com/vi/tFPTZXro_r8/oar2.jpg?sqp=-oaymwEgCJADENgESFWQAgHyq4qpAw8IARUAAIhCcAHAAQbIAQE=&rs=AOn4CLDA8aCpS6noIudh_CvWcE9UzlZ0ag&usqp=CCk
rtXkXYsUioc,https://www.youtube.com/shorts/rtXkXYsUioc,La confianza se mide en litros y aquí son completos #oxxogas#recibemas#litroscompletos#oxg,,,shorts,https://i.ytimg.com/vi/rtXkXYsUioc/oar2.jpg?sqp=-oaymwEgCJADENgESFWQAgHyq4qpAw8IARUAAIhCcAHAAQbIAQE=&rs=AOn4CLBS-woI64Kv0XWOah9-B79pK32stQ&usqp=CCk
PYE28EWTB24,https://www.youtube.com/shorts/PYE28EWTB24,tixuzautos.com,,,shorts,https://i.ytimg.com/vi_webp/PYE28EWTB24/oar2.webp?usqp=CCk
8cjh-_ebJBw,https://www.youtube.com/shorts/8cjh-_ebJBw,la confianza se mide en litros y aquí son completos # oxxogas#recibemas##litroscompletos#oxg,,,shorts,https://i.ytimg.com/vi/8cjh-_ebJBw/oar2.jpg?sqp=-oaymwEgCJADENgESFWQAgHyq4qpAw8IARUAAIhCcAHAAQbIAQE=&rs=AOn4CLDfGVxvLXxTzXk115vDl7mbFPzbGQ&usqp=CCk
5SEkgCOKk0g,https://www.youtube.com/shorts/5SEkgCOKk0g,la confianza se mide en litros y aquí son completos #oxxogas#recibemas#litroscompletos#oxg,,,shorts,https://i.ytimg.com/vi/5SEkgCOKk0g/oar2.jpg?sqp=-oaymwEgCJADENgESFWQAgHyq4qpAw8IARUAAIhCcAHAAQbIAQE=&rs=AOn4CLDRncCYAaY6BXoeJmr6kVzs1_EipA&usqp=CCk
HsomRTWcj5o,https://www.youtube.com/shorts/HsomRTWcj5o,se vende,,,shorts,https://i.ytimg.com/vi/HsomRTWcj5o/oar2.jpg?sqp=-oaymwEdCJ0EENAFSFWQAgHyq4qpAwwIARUAAIhCcAHAAQY=&rs=AOn4CLDKKoO0Pjocp0WBaB9uUjNC4X2KlA&usqp=CCk
wog0SIH15e8,https://www.youtube.com/shorts/wog0SIH15e8,La confianza se mide en litros y aquí son completos #oxxogas #recibemas # litroscompletos #oxg,,,shorts,https://i.ytimg.com/vi/wog0SIH15e8/oar2.jpg?sqp=-oaymwEgCJUDEOAESFWQAgHyq4qpAw8IARUAAIhCcAHAAQbIAQE=&rs=AOn4CLBNf0eIABVahUFEENB3-l0EvFoHZA&usqp=CCk
_MoWQF9rl50,https://www.youtube.com/shorts/_MoWQF9rl50,si tixuz diseñara el nuevo tsuru 2026 asi seria    #nuevotsuru2026,,,shorts,https://i.ytimg.com/vi/_MoWQF9rl50/oar2.jpg?sqp=-oaymwEgCJUDEOAESFWQAgHyq4qpAw8IARUAAIhCcAHAAQbIAQE=&rs=AOn4CLCXAOKce0LA1DgSdcQ9Xm4aj1PMzw&usqp=CCk
lE4yDC31O8g,https://www.youtube.com/shorts/lE4yDC31O8g,Olvida el Purosangue: Así sería un Ferrari de RALLY de verdad.  #Ferrari#FerrariRacing#Hypercar,,,shorts,https://i.ytimg.com/vi/lE4yDC31O8g/oar2.jpg?sqp=-oaymwEgCJUDEOAESFWQAgHyq4qpAw8IARUAAIhCcAHAAQbIAQE=&rs=AOn4CLAfstmG8g_Bv8ullnHchGSr1faJ7w&usqp=CCk
_K7AnRmJ9JM,https://www.youtube.com/shorts/_K7AnRmJ9JM,De motor delantero a central. 🤯 ¡Qué cambio! #corvette #chevy,,,shorts,https://i.ytimg.com/vi/_K7AnRmJ9JM/oar2.jpg?sqp=-oaymwEgCJUDEOAESFWQAgHyq4qpAw8IARUAAIhCcAHAAQbIAQE=&rs=AOn4CLB74pocAuFE4ZemhTP_KmLG_NtpIQ&usqp=CCk
CMgvtUP7eBg,https://www.youtube.com/shorts/CMgvtUP7eBg,La restauración MÁS satisfactoria que verás hoy. #porsche911 #classiccar #restauracion #timelapse,,,shorts,https://i.ytimg.com/vi/CMgvtUP7eBg/oar2.jpg?sqp=-oaymwEgCJUDEOAESFWQAgHyq4qpAw8IARUAAIhCcAHAAQbIAQE=&rs=AOn4CLALOasVvFCbhKVdX0gn6MJuaMGmzQ&usqp=CCk
mdnQjnl3E6s,https://www.youtube.com/shorts/mdnQjnl3E6s,La confianza se mide en litros y aquí son completos #oxxogas#Recibemas#litroscompletos#oxg,,,shorts,https://i.ytimg.com/vi/mdnQjnl3E6s/oar2.jpg?sqp=-oaymwEgCJADENgESFWQAgHyq4qpAw8IARUAAIhCcAHAAQbIAQE=&rs=AOn4CLA9JDseb0DDw5ZKIABhVH3GqtK_Bw&usqp=CCk
TMi5of4rxSI,https://www.youtube.com/shorts/TMi5of4rxSI,la confianza se mide en litros y aquí son  completos #oxxogas #Recibemas #litroscompletos #oxg,,,shorts,https://i.ytimg.com/vi/TMi5of4rxSI/oar2.jpg?sqp=-oaymwEgCJADENgESFWQAgHyq4qpAw8IARUAAIhCcAHAAQbIAQE=&rs=AOn4CLB9zT42UNtE8Oqqv5d6HJjGP5Fcqw&usqp=CCk
97AW-Fm420s,https://www.youtube.com/shorts/97AW-Fm420s,La confianza se mide en litros...y aquí son completos #oxxogas #RecibeMas#litroscompletos#oxg,,,shorts,https://i.ytimg.com/vi/97AW-Fm420s/oar2.jpg?sqp=-oaymwEgCJADENgESFWQAgHyq4qpAw8IARUAAIhCcAHAAQbIAQE=&rs=AOn4CLAGs3pkbqlfJ-Q4nUuRHmkeS97rcQ&usqp=CCk
_5tsR_5oXB8,https://www.youtube.com/shorts/_5tsR_5oXB8,La confianza se mide en litros...y  aquí son completos #oxxogas#RecibeMas#Litros completos#oxg,,,shorts,https://i.ytimg.com/vi/_5tsR_5oXB8/oar2.jpg?sqp=-oaymwEgCJUDEOAESFWQAgHyq4qpAw8IARUAAIhCcAHAAQbIAQE=&rs=AOn4CLB30iPooJcpn1Im6cgPc7r7zI3eTw&usqp=CCk
VOmW_DkZyA8,https://www.youtube.com/shorts/VOmW_DkZyA8,La confianza se mide en litros... y aquí son completos #oxxogas#RecibeMas#Litroscompletos#oxg,,,shorts,https://i.ytimg.com/vi/VOmW_DkZyA8/oar2.jpg?sqp=-oaymwEgCJADENgESFWQAgHyq4qpAw8IARUAAIhCcAHAAQbIAQE=&rs=AOn4CLBDk8h8kbGnXcuCjaZz_HAJu-SX3g&usqp=CCk
eW_yG70s50s,https://www.youtube.com/shorts/eW_yG70s50s,La confianza se mide en litros.... y aquí son completos.#oxxogas#RecibeMas#Litroscompletos#oxg,,,shorts,https://i.ytimg.com/vi/eW_yG70s50s/oar2.jpg?sqp=-oaymwEgCJUDEOAESFWQAgHyq4qpAw8IARUAAIhCcAHAAQbIAQE=&rs=AOn4CLCZNUpjqdvudwKp_jNngazXbV4cNQ&usqp=CCk
L5JrDwwrkyM,https://www.youtube.com/shorts/L5JrDwwrkyM,La confianza se mide en litros.... y aquí son completos. ##OXXOGAS #RecibeMás #LitrosCompletos #OXG,,,shorts,https://i.ytimg.com/vi/L5JrDwwrkyM/oar2.jpg?sqp=-oaymwEgCJcDEOMESFWQAgHyq4qpAw8IARUAAIhCcAHAAQbIAQE=&rs=AOn4CLA5dKXJb4P8r3JSbHV1zpsy1XwXYQ&usqp=CCk
MMRtTyiz1HE,https://www.youtube.com/shorts/MMRtTyiz1HE,La confianza se mide en litros....y aquí son completos. #OXXOGAS #RecibeMás #LitrosCompletos #OXG,,,shorts,https://i.ytimg.com/vi/MMRtTyiz1HE/oar2.jpg?sqp=-oaymwEgCJUDEOAESFWQAgHyq4qpAw8IARUAAIhCcAHAAQbIAQE=&rs=AOn4CLAWqdEgcFhSiDEotp8HTNv34BLlHg&usqp=CCk
dGYp-CAv8_I,https://www.youtube.com/shorts/dGYp-CAv8_I,Jesus regreso a darnos un importante mensaje 😈,,,shorts,https://i.ytimg.com/vi/dGYp-CAv8_I/oar2.jpg?sqp=-oaymwEgCJUDEOAESFWQAgHyq4qpAw8IARUAAIhCcAHAAQbIAQE=&rs=AOn4CLACy84D_WzhvNbOEbeGS8dKiFopCQ&usqp=CCk
ix7MvNMEf5o,https://www.youtube.com/shorts/ix7MvNMEf5o,LA NUEVA PLANTA DE BYD EN MÉXICO,,,shorts,https://i.ytimg.com/vi/ix7MvNMEf5o/oar2.jpg?sqp=-oaymwEgCJUDEOAESFWQAgHyq4qpAw8IARUAAIhCcAHAAQbIAQE=&rs=AOn4CLApVn0B4lI-XObb7ZRKdphz36UCCg&usqp=CCk
Q2HyVcAxnoI,https://www.youtube.com/shorts/Q2HyVcAxnoI,De qué marca creen que se trata? 😅😂,,,shorts,https://i.ytimg.com/vi/Q2HyVcAxnoI/oar2.jpg?sqp=-oaymwEgCJUDEOAESFWQAgHyq4qpAw8IARUAAIhCcAHAAQbIAQE=&rs=AOn4CLA2gQnJaYyhMLC1Qp9X3NB-2s7xVA&usqp=CCk
cUt4gxUp36g,https://www.youtube.com/shorts/cUt4gxUp36g,Jesús dando a sus clientes su famosa sopleteada de turbo,,,shorts,https://i.ytimg.com/vi/cUt4gxUp36g/oar2.jpg?sqp=-oaymwEgCJQDEN4ESFWQAgHyq4qpAw8IARUAAIhCcAHAAQbIAQE=&rs=AOn4CLAhAvMqtnZiqVRJ1bfS8cj2L9BhWA&usqp=CCk
1Q4uWD0QGAk,https://www.youtube.com/shorts/1Q4uWD0QGAk,don mexicanito cambiando su Tsuru por su mg,,,shorts,https://i.ytimg.com/vi/1Q4uWD0QGAk/oar2.jpg?sqp=-oaymwEgCJQDEN4ESFWQAgHyq4qpAw8IARUAAIhCcAHAAQbIAQE=&rs=AOn4CLAH7pzwwtDfL-lBLG8yOyE3a1DrbQ&usqp=CCk
kXf0_gH3DiQ,https://www.youtube.com/shorts/kXf0_gH3DiQ,Henry ford #automobile #autosméxico #ford #tixuzautos #elpersonajedelasemana #innovaciónautomotriz,,,shorts,https://i.ytimg.com/vi/kXf0_gH3DiQ/oar2.jpg?sqp=-oaymwEgCJUDEOAESFWQAgHyq4qpAw8IARUAAIhCcAHAAQbIAQE=&rs=AOn4CLC62OX1SCt98cLk17DK2MIky98ZYA&usqp=CCk
Q8tlVBD3XuA,https://www.youtube.com/shorts/Q8tlVBD3XuA,don mexicanito estrena auto,,,shorts,https://i.ytimg.com/vi/Q8tlVBD3XuA/oar2.jpg?sqp=-oaymwEgCJUDEOAESFWQAgHyq4qpAw8IARUAAIhCcAHAAQbIAQE=&rs=AOn4CLBj-1Td28Z7vWl5cB4NEAxgYS96PA&usqp=CCk
f84tXVYDC24,https://www.youtube.com/shorts/f84tXVYDC24,tu compa el Publituber,,,shorts,https://i.ytimg.com/vi/f84tXVYDC24/oar2.jpg?sqp=-oaymwEgCJUDEOAESFWQAgHyq4qpAw8IARUAAIhCcAHAAQbIAQE=&rs=AOn4CLAmDRwD_s3mFq1YdPCzUqo4jV8oKw&usqp=CCk
PJsgPSIytbs,https://www.youtube.com/shorts/PJsgPSIytbs,slate truck,,,shorts,https://i.ytimg.com/vi/PJsgPSIytbs/oar2.jpg?sqp=-oaymwEgCJUDEOAESFWQAgHyq4qpAw8IARUAAIhCcAHAAQbIAQE=&rs=AOn4CLDmNiZWU7et95BTiaz9cvHQ9dIV3w&usqp=CCk
k2tYEmzHrwE,https://www.youtube.com/shorts/k2tYEmzHrwE,que tal les gusto para chica tixuz?,,,shorts,https://i.ytimg.com/vi/k2tYEmzHrwE/oar2.jpg?sqp=-oaymwEgCJUDEOAESFWQAgHyq4qpAw8IARUAAIhCcAHAAQbIAQE=&rs=AOn4CLC-Z6QU6_0bsbxfJ8T9Ta3yKaO5xw&usqp=CCk
UPqwCkZX77M,https://www.youtube.com/shorts/UPqwCkZX77M,lalo me mando decir,,,shorts,https://i.ytimg.com/vi/UPqwCkZX77M/oar2.jpg?sqp=-oaymwEgCJUDEOAESFWQAgHyq4qpAw8IARUAAIhCcAHAAQbIAQE=&rs=AOn4CLAGpn34sYccUejeuRxfaeS-K4V0vw&usqp=CCk
RLNe1ELVq9U,https://www.youtube.com/shorts/RLNe1ELVq9U,Invitación Especial al IFX EXPO LATAM 2025 – ¡Nos vemos en el WTC Ciudad de México!,,,shorts,https://i.ytimg.com/vi/RLNe1ELVq9U/oar2.jpg?sqp=-oaymwEgCJADENgESFWQAgHyq4qpAw8IARUAAIhCcAHAAQbIAQE=&rs=AOn4CLAzygfgoOHtEZbL5jb1hjZSqOBLOg&usqp=CCk
Qx3-jG5txYo,https://www.youtube.com/shorts/Qx3-jG5txYo,la nueva chica tixuz sera estefi 2? #automobile #mecanicaadomicilio #autos2025,,,shorts,https://i.ytimg.com/vi/Qx3-jG5txYo/oar2.jpg?sqp=-oaymwEgCJUDEOAESFWQAgHyq4qpAw8IARUAAIhCcAHAAQbIAQE=&rs=AOn4CLAoMicVd9BOLhZ7MjGUS_3rVvs9KA&usqp=CCk
fDYeifQfzmg,https://www.youtube.com/shorts/fDYeifQfzmg,Ahora resulta...MG NO MAMES,,,shorts,https://i.ytimg.com/vi/fDYeifQfzmg/oar2.jpg?sqp=-oaymwEgCJUDEOAESFWQAgHyq4qpAw8IARUAAIhCcAHAAQbIAQE=&rs=AOn4CLDTkFzpZ8BL6xwkP-Ysr6D-Cb7ADg&usqp=CCk
YmN42naxdxY,https://www.youtube.com/shorts/YmN42naxdxY,Ya ni chingan,,,shorts,https://i.ytimg.com/vi/YmN42naxdxY/oar2.jpg?sqp=-oaymwEgCJUDEOAESFWQAgHyq4qpAw8IARUAAIhCcAHAAQbIAQE=&rs=AOn4CLC8y0sZblmO6FU1CLgvLwCndyoO7g&usqp=CCk
yVZM2A0w42g,https://www.youtube.com/shorts/yVZM2A0w42g,24 de diciembre de 2024,,,shorts,https://i.ytimg.com/vi/yVZM2A0w42g/oar2.jpg?sqp=-oaymwEgCJUDEOAESFWQAgHyq4qpAw8IARUAAIhCcAHAAQbIAQE=&rs=AOn4CLDZ4NXVUpOZE4nIYy-jctql1MJoVw&usqp=CCk
HMVGngiN2D0,https://www.youtube.com/shorts/HMVGngiN2D0,mazda 2 2025,,,shorts,https://i.ytimg.com/vi/HMVGngiN2D0/oar2.jpg?sqp=-oaymwEgCJUDEOAESFWQAgHyq4qpAw8IARUAAIhCcAHAAQbIAQE=&rs=AOn4CLDzwRAL9pgKP6BqDYw3n7V1kf4u3g&usqp=CCk
A7qBdN1lQFA,https://www.youtube.com/shorts/A7qBdN1lQFA,"""¿Vale la Pena un MG? Spoiler: No Tanto""   #MG#AutosMG#AutosChinos#Coches#ProblemasDeAutos",,,shorts,https://i.ytimg.com/vi/A7qBdN1lQFA/oar2.jpg?sqp=-oaymwEgCJUDEOAESFWQAgHyq4qpAw8IARUAAIhCcAHAAQbIAQE=&rs=AOn4CLADNwggJiGYXjwbIgvLzpZTkYHZpA&usqp=CCk
nrGEs7cn-RE,https://www.youtube.com/shorts/nrGEs7cn-RE,¿Vale la pena un auto chino en México ? #autos2024 #automobile #eventos,,,shorts,https://i.ytimg.com/vi/nrGEs7cn-RE/oar2.jpg?sqp=-oaymwEgCJUDEOAESFWQAgHyq4qpAw8IARUAAIhCcAHAAQbIAQE=&rs=AOn4CLC5oQvQ7hdxGP6Ui_SprXjAGL7Jsw&usqp=CCk
tM7EOCb7fT8,https://www.youtube.com/shorts/tM7EOCb7fT8,buscamos talentos,,,shorts,https://i.ytimg.com/vi/tM7EOCb7fT8/oar2.jpg?sqp=-oaymwEgCJUDEOAESFWQAgHyq4qpAw8IARUAAIhCcAHAAQbIAQE=&rs=AOn4CLAJCDOzwvFlwPxYWM00PXIUheoD4g&usqp=CCk
1PGksHbr3yA,https://www.youtube.com/shorts/1PGksHbr3yA,hoy por chavorucos 8 30,,,shorts,https://i.ytimg.com/vi/1PGksHbr3yA/oar2.jpg?sqp=-oaymwEgCJUDEOAESFWQAgHyq4qpAw8IARUAAIhCcAHAAQbIAQE=&rs=AOn4CLD7QTT3Ix55whTdPYQcSJNn3Ednuw&usqp=CCk
gjm9LTQFRJg,https://www.youtube.com/shorts/gjm9LTQFRJg,buscando talentos,,,shorts,https://i.ytimg.com/vi/gjm9LTQFRJg/oar2.jpg?sqp=-oaymwEgCKYCELkDSFWQAgHyq4qpAw8IARUAAIhCcAHAAQbIAQE=&rs=AOn4CLDOS2dhDex6wHjN6NwMbUcj71k6Lg&usqp=CCk
cqz7M0aV6Hk,https://www.youtube.com/shorts/cqz7M0aV6Hk,Toyota Prius.  Una opinión de @EdgarAlejandroMX,,,shorts,https://i.ytimg.com/vi/cqz7M0aV6Hk/oar2.jpg?sqp=-oaymwEgCJUDEOAESFWQAgHyq4qpAw8IARUAAIhCcAHAAQbIAQE=&rs=AOn4CLCy6erT85saLecyO02vDbafVa_hnQ&usqp=CCk
uNphq9mpsYg,https://www.youtube.com/shorts/uNphq9mpsYg,3 de febrero de 2023,,,shorts,https://i.ytimg.com/vi/uNphq9mpsYg/oar2.jpg?sqp=-oaymwEgCJUDEOAESFWQAgHyq4qpAw8IARUAAIhCcAHAAQbIAQE=&rs=AOn4CLDMbUA7PySLAWyGIbjePFOXUbYe7A&usqp=CCk
xvhZFFXR5ts,https://www.youtube.com/shorts/xvhZFFXR5ts,23 de enero de 2023,,,shorts,https://i.ytimg.com/vi/xvhZFFXR5ts/oar2.jpg?sqp=-oaymwEgCJUDEOAESFWQAgHyq4qpAw8IARUAAIhCcAHAAQbIAQE=&rs=AOn4CLC1z7dIAqXa6Cpw2zcwCzKqWNaBMw&usqp=CCk
V1_pZAeOb4o,https://www.youtube.com/shorts/V1_pZAeOb4o,invitacion,,,shorts,https://i.ytimg.com/vi/V1_pZAeOb4o/hq720_2.jpg?sqp=-oaymwEdCJUDENAFSFXyq4qpAw8IARUAAIhCcAHAAQbQAQE=&rs=AOn4CLARRrA6REMUuNOd9k9NdAGJePBKrw
26p5zyDbHo4,https://www.youtube.com/shorts/26p5zyDbHo4,Esconden ⛽️ GASOL1NA [aquí la prueba],,,shorts,https://i.ytimg.com/vi/26p5zyDbHo4/oar2.jpg?sqp=-oaymwEgCJUDEOAESFWQAgHyq4qpAw8IARUAAIhCcAHAAQbIAQE=&rs=AOn4CLBE7V6FhCZ8JJDEcErfziQ1Cj8J1A&usqp=CCk
q9AIkYRHxDg,https://www.youtube.com/shorts/q9AIkYRHxDg,Expo GDL en vivo por Facebook tixuz autos,,,shorts,https://i.ytimg.com/vi/q9AIkYRHxDg/hq720_2.jpg?sqp=-oaymwEdCJUDENAFSFXyq4qpAw8IARUAAIhCcAHAAQbQAQE=&rs=AOn4CLAt_k6EnBXRemu7ccv3get6tUY1Ew
Pbs7iow2U30,https://www.youtube.com/shorts/Pbs7iow2U30,Transmisión en vivo desde expo GDL por Facebook tixuz autos Facebook,,,shorts,https://i.ytimg.com/vi/Pbs7iow2U30/hq720_2.jpg?sqp=-oaymwEdCJUDENAFSFXyq4qpAw8IARUAAIhCcAHAAQbQAQE=&rs=AOn4CLCSsMnl-iTkbgOgkg7UqNNp76x6OA
UndcC8G9xuI,https://www.youtube.com/watch?v=UndcC8G9xuI,¡México ROMPE RÉCORD de Ventas de Autos! 🚗 Mayo 2026 + Nuevos Lanzamientos,1715.0,,streams,https://i.ytimg.com/vi/UndcC8G9xuI/hqdefault.jpg?sqp=-oaymwE2CNACELwBSFXyq4qpAygIARUAAIhCGAFwAcABBvABAfgB_gmAAtAFigIMCAAQARhyIEkoNjAP&rs=AOn4CLAzhkhwPY0P-RwqKMUIJnbNILHbTg
udknt2u9uQ4,https://www.youtube.com/watch?v=udknt2u9uQ4,Chino Fóbico1/4 de milla vs Chairo: la pelea por los autos chinos y la inteligencia artificial,5501.0,,streams,https://i.ytimg.com/vi/udknt2u9uQ4/hqdefault.jpg?sqp=-oaymwEcCNACELwBSFXyq4qpAw4IARUAAIhCGAFwAcABBg==&rs=AOn4CLC7_MJ8QwGJaOBYBiDTlgu9wqk3QA
bR_bv_LhA10,https://www.youtube.com/watch?v=bR_bv_LhA10,La gasolina a 10 pesos? A no verdad!,1546.0,,streams,https://i.ytimg.com/vi/bR_bv_LhA10/hqdefault.jpg?sqp=-oaymwE2CNACELwBSFXyq4qpAygIARUAAIhCGAFwAcABBvABAfgB_gmAAtAFigIMCAAQARhFIBMofzAP&rs=AOn4CLC2h0nZXJNvqvcvn3CsdpsrgFPFrQ
8PnEaaXyiFE,https://www.youtube.com/watch?v=8PnEaaXyiFE,"¿Nissan March por $216,900? ¡No manches, está regalado! (O no...)",3768.0,,streams,https://i.ytimg.com/vi/8PnEaaXyiFE/hqdefault.jpg?sqp=-oaymwEcCNACELwBSFXyq4qpAw4IARUAAIhCGAFwAcABBg==&rs=AOn4CLAEsYh43F3IMYqjtjYgxE8ZTcE4lA
p7vhlXTGOck,https://www.youtube.com/watch?v=p7vhlXTGOck,"¿Conviene comprar un Volkswagen en México en 2026? Pros, contras y costos reales",2132.0,,streams,https://i.ytimg.com/vi/p7vhlXTGOck/hqdefault.jpg?sqp=-oaymwE2CNACELwBSFXyq4qpAygIARUAAIhCGAFwAcABBvABAfgB_gmAAtAFigIMCAAQARhVIFwoZTAP&rs=AOn4CLCYOuJeI-Tw90Vq5gyxXrI44uKvIQ
_-UsvmJd3nM,https://www.youtube.com/watch?v=_-UsvmJd3nM,"La Gran Estafa Automotriz: Suscripciones, Tesla e Influencers Vendidos",7182.0,,streams,https://i.ytimg.com/vi/_-UsvmJd3nM/hqdefault.jpg?sqp=-oaymwE2CNACELwBSFXyq4qpAygIARUAAIhCGAFwAcABBvABAfgB_gmAAtAFigIMCAAQARhYIF0oZTAP&rs=AOn4CLBqsP88YL_wPnVrdv25-oiy6S0Sdg
VhXDB5d6dt8,https://www.youtube.com/watch?v=VhXDB5d6dt8,Tixuz Navideño: Especial de Autos con Edgar e Ian,5350.0,,streams,https://i.ytimg.com/vi/VhXDB5d6dt8/hqdefault.jpg?sqp=-oaymwE2CNACELwBSFXyq4qpAygIARUAAIhCGAFwAcABBvABAfgB_gmAAtAFigIMCAAQARhHIF0oZTAP&rs=AOn4CLC-jCUw-AVMG1eV1Fqc2QmYornl_A
S3LM0t4Pulk,https://www.youtube.com/watch?v=S3LM0t4Pulk,"""ADIÓS a los Autos Chinos Baratos: México impone ARANCEL del 50%""",6678.0,,streams,https://i.ytimg.com/vi/S3LM0t4Pulk/hqdefault.jpg?sqp=-oaymwEcCNACELwBSFXyq4qpAw4IARUAAIhCGAFwAcABBg==&rs=AOn4CLACpvaVEusyp4b8dgULkUQgWps0nA
f4ytuzlfDvE,https://www.youtube.com/watch?v=f4ytuzlfDvE,“Explota el Precio Nissan 2025: Autos Buenísimos a Precios Bajos”,4758.0,,streams,https://i.ytimg.com/vi/f4ytuzlfDvE/hqdefault.jpg?sqp=-oaymwE2CNACELwBSFXyq4qpAygIARUAAIhCGAFwAcABBvABAfgB_gmAAtAFigIMCAAQARh_ID8oFDAP&rs=AOn4CLCvaLAaocmfx8fQ8we_E4OQsUC3IQ
9B3173KqB_0,https://www.youtube.com/watch?v=9B3173KqB_0,Conoce la Lincoln Navigator 2025 — elegancia y fuerza en cada detalle,3453.0,,streams,https://i.ytimg.com/vi/9B3173KqB_0/hqdefault.jpg?sqp=-oaymwEcCNACELwBSFXyq4qpAw4IARUAAIhCGAFwAcABBg==&rs=AOn4CLBQace5k43LPJnsCIuK78Zxoi_DqA
RTB0QvyuI5Q,https://www.youtube.com/watch?v=RTB0QvyuI5Q,¿El Nuevo Jetta? Captamos a este misterioso auto chino en Puebla | Tixuz Live,4777.0,,streams,https://i.ytimg.com/vi/RTB0QvyuI5Q/hqdefault.jpg?sqp=-oaymwEcCNACELwBSFXyq4qpAw4IARUAAIhCGAFwAcABBg==&rs=AOn4CLBKW_VcgVn6VAuk4PFn_XXXpk8v1g
zq90WfVilFY,https://www.youtube.com/watch?v=zq90WfVilFY,Guerra Comercial: ¿Puede la industria mexicana sobrevivir sin China?,3093.0,,streams,https://i.ytimg.com/vi/zq90WfVilFY/hqdefault.jpg?sqp=-oaymwE2CNACELwBSFXyq4qpAygIARUAAIhCGAFwAcABBvABAfgB_gmAAtAFigIMCAAQARg4IEcocjAP&rs=AOn4CLD3RnQySsQHEjvtlSYcEfRZvwH24w
XuuFsb-4lf4,https://www.youtube.com/watch?v=XuuFsb-4lf4,"“Lo último en autos: análisis, tendencias y consejos de compra 🚘”",4514.0,,streams,https://i.ytimg.com/vi/XuuFsb-4lf4/hqdefault.jpg?sqp=-oaymwE2CNACELwBSFXyq4qpAygIARUAAIhCGAFwAcABBvABAfgB_gmAAtAFigIMCAAQARhlIFMoVDAP&rs=AOn4CLBgwq-xCcsQL5uAqzrzgfJsPLDqGA
OaWoWwmgCYY,https://www.youtube.com/watch?v=OaWoWwmgCYY,"""¿Qué está pasando en el mundo de los autos? 🚗 Charlamos con 14 de Milla Ricardo""",4366.0,,streams,https://i.ytimg.com/vi/OaWoWwmgCYY/hqdefault.jpg?sqp=-oaymwE2CNACELwBSFXyq4qpAygIARUAAIhCGAFwAcABBvABAfgB_gmAAtAFigIMCAAQARhXIFQoZTAP&rs=AOn4CLDb1oAPw241Qwvm29ICGpHS1T3F8Q
xbg8DS7FvRA,https://www.youtube.com/watch?v=xbg8DS7FvRA,"""México aumenta aranceles a autos de China: Todo lo que debes saber""",1614.0,,streams,https://i.ytimg.com/vi/xbg8DS7FvRA/hqdefault.jpg?sqp=-oaymwEcCNACELwBSFXyq4qpAw4IARUAAIhCGAFwAcABBg==&rs=AOn4CLAiYi9i4bOR2B_opLySucdoB8KohQ
6_DndNDBWFs,https://www.youtube.com/watch?v=6_DndNDBWFs,Fui a la gasolinera de oxxo gas de incognito para ver si daban litros de a litro y esto paso.,798.0,,streams,https://i.ytimg.com/vi/6_DndNDBWFs/hqdefault.jpg?sqp=-oaymwEcCNACELwBSFXyq4qpAw4IARUAAIhCGAFwAcABBg==&rs=AOn4CLDqxACtmWMloEbHjAq3IHoE8HO4Fg
TTAaqOHYZzo,https://www.youtube.com/watch?v=TTAaqOHYZzo,"¿Uber, Didi y demás ya volvieron a ser negocio en México? 🚗💸",5705.0,,streams,https://i.ytimg.com/vi/TTAaqOHYZzo/hqdefault.jpg?sqp=-oaymwEcCNACELwBSFXyq4qpAw4IARUAAIhCGAFwAcABBg==&rs=AOn4CLAsBCdC1-WOe2irRxiQI7ot5SMX6Q
5ta0Sx0cELM,https://www.youtube.com/watch?v=5ta0Sx0cELM,Volkswagen: La Historia de un Gigante que esta en crisis.,3168.0,,streams,https://i.ytimg.com/vi/5ta0Sx0cELM/hqdefault.jpg?sqp=-oaymwEcCNACELwBSFXyq4qpAw4IARUAAIhCGAFwAcABBg==&rs=AOn4CLAi5hHxdUEomrcaUsjxAx43bPTw8w
pmcVnzyuk0w,https://www.youtube.com/watch?v=pmcVnzyuk0w,Hablé con una IA para que me recomendara un auto y esto pasó.,2779.0,,streams,https://i.ytimg.com/vi/pmcVnzyuk0w/hqdefault.jpg?sqp=-oaymwEcCNACELwBSFXyq4qpAw4IARUAAIhCGAFwAcABBg==&rs=AOn4CLBnpo4ZH4Zgg8ZZ1a3o3f0Uat9ZJA
WqzzJqL9Xdo,https://www.youtube.com/watch?v=WqzzJqL9Xdo,"""De la Combi Clásica a la Transporter T7: 70 Años de Historia Volkswagen""",5494.0,,streams,https://i.ytimg.com/vi/WqzzJqL9Xdo/hqdefault.jpg?sqp=-oaymwEcCNACELwBSFXyq4qpAw4IARUAAIhCGAFwAcABBg==&rs=AOn4CLCuktiNQRtAqkpBsOGPijCnyOPg8w
OtTSvs8DsOw,https://www.youtube.com/watch?v=OtTSvs8DsOw,100 años de ford,5254.0,,streams,https://i.ytimg.com/vi/OtTSvs8DsOw/hqdefault.jpg?sqp=-oaymwE2CNACELwBSFXyq4qpAygIARUAAIhCGAFwAcABBvABAfgB_gmAAtAFigIMCAAQARg0IFsocjAP&rs=AOn4CLDfgmnJUoAbAKWlCVqVBMF3jUY5eA
-2htlCrdKSA,https://www.youtube.com/watch?v=-2htlCrdKSA,dia de relax,3922.0,,streams,https://i.ytimg.com/vi/-2htlCrdKSA/hqdefault.jpg?sqp=-oaymwE2CNACELwBSFXyq4qpAygIARUAAIhCGAFwAcABBvABAfgB_gmAAtAFigIMCAAQARhIIEcoWTAP&rs=AOn4CLCxpZ-wHXjq3pM6STMIClCO-fIQbw
skjefzcFQ_0,https://www.youtube.com/watch?v=skjefzcFQ_0,“La verdad sobre BYD en México: puro cuento chino”,4214.0,,streams,https://i.ytimg.com/vi/skjefzcFQ_0/hqdefault.jpg?sqp=-oaymwEcCNACELwBSFXyq4qpAw4IARUAAIhCGAFwAcABBg==&rs=AOn4CLC3LKQeRUb7IakiMVEptKxHHNobOw
nG-eo53pQh0,https://www.youtube.com/watch?v=nG-eo53pQh0,Reunión de Zoom de Eduardo Vargas,90.0,,streams,https://i.ytimg.com/vi/nG-eo53pQh0/hqdefault.jpg?sqp=-oaymwE2CNACELwBSFXyq4qpAygIARUAAIhCGAFwAcABBvABAfgB_gmAAtAFigIMCAAQARhpIGkoaTAP&rs=AOn4CLBy9fDWwvtywP0u5qq3S34R0tPhfQ
Y2QoU5dO_9Y,https://www.youtube.com/watch?v=Y2QoU5dO_9Y,Reunión de Zoom de Eduardo Vargas,22.0,,streams,https://i.ytimg.com/vi/Y2QoU5dO_9Y/hqdefault.jpg?sqp=-oaymwE2CNACELwBSFXyq4qpAygIARUAAIhCGAFwAcABBvABAfgB_gmAAtAFigIMCAAQARhpIGkoaTAP&rs=AOn4CLCAtegizSBvS84R0nBMoecpjMlbCQ
_OXPolPKc0s,https://www.youtube.com/watch?v=_OXPolPKc0s,¿Qué SUV te comprarías por menos de 500 mil? 🚗💸 ¡Mira estas opciones!,6948.0,,streams,https://i.ytimg.com/vi/_OXPolPKc0s/hqdefault.jpg?sqp=-oaymwE2CNACELwBSFXyq4qpAygIARUAAIhCGAFwAcABBvABAfgB_gmAAtAFigIMCAAQARhPIF0oZTAP&rs=AOn4CLB704YMHUu5xpxq5HJBrVLdHFoWLA
gPBq-DlONuo,https://www.youtube.com/watch?v=gPBq-DlONuo,¿Qué carro te comprarías este Día del Padre? 🚗💥 Las mejores promos de las marcas 2025,4648.0,,streams,https://i.ytimg.com/vi/gPBq-DlONuo/hqdefault.jpg?sqp=-oaymwE2CNACELwBSFXyq4qpAygIARUAAIhCGAFwAcABBvABAfgB_gmAAtAFigIMCAAQARhlIGUoZTAP&rs=AOn4CLCr-b8NdS94rg-0lwCQqGi6U4wp-A
ULlAUa1hzgc,https://www.youtube.com/watch?v=ULlAUa1hzgc,AUTOS POR MENOS DE 80 MIL SI EXISTEN,6571.0,,streams,https://i.ytimg.com/vi/ULlAUa1hzgc/hqdefault.jpg?sqp=-oaymwE2CNACELwBSFXyq4qpAygIARUAAIhCGAFwAcABBvABAfgB_gmAAtAFigIMCAAQARhYIFUoZTAP&rs=AOn4CLCZVtpbqVgpGpSefGriCetXaqeIRQ
oxFaEm8yNuQ,https://www.youtube.com/watch?v=oxFaEm8yNuQ,TIXUZ is back,4679.0,,streams,https://i.ytimg.com/vi/oxFaEm8yNuQ/hqdefault.jpg?sqp=-oaymwE2CNACELwBSFXyq4qpAygIARUAAIhCGAFwAcABBvABAfgB_gmAAtAFigIMCAAQARhlIFsoTjAP&rs=AOn4CLA4NgAZhWMwA6OIYPVHNrnzWRE-iA
NEzOvAe-W-g,https://www.youtube.com/watch?v=NEzOvAe-W-g,Tixuz Autos: ¡La Neta del Volante! 🚘🔥,7443.0,,streams,https://i.ytimg.com/vi/NEzOvAe-W-g/hqdefault.jpg?sqp=-oaymwE2CNACELwBSFXyq4qpAygIARUAAIhCGAFwAcABBvABAfgB_gmAAtAFigIMCAAQARhlIFsoTDAP&rs=AOn4CLDyfN7Mn7kgY9V6F9249-I2vby0fg
-wIDPO02Xpk,https://www.youtube.com/watch?v=-wIDPO02Xpk,slate la nueva pick up gringa,6173.0,,streams,https://i.ytimg.com/vi/-wIDPO02Xpk/hqdefault.jpg?sqp=-oaymwE2CNACELwBSFXyq4qpAygIARUAAIhCGAFwAcABBvABAfgB_gmAAtAFigIMCAAQARhlIFQoPzAP&rs=AOn4CLD2c22mRsOrvRy8HM_Ogjl0MYQA2Q
AxGXk5hfDx4,https://www.youtube.com/watch?v=AxGXk5hfDx4,De verdad fallan tanto los chinos o es mentira.......,3622.0,,streams,https://i.ytimg.com/vi/AxGXk5hfDx4/hqdefault.jpg?sqp=-oaymwEcCNACELwBSFXyq4qpAw4IARUAAIhCGAFwAcABBg==&rs=AOn4CLCtdVHbXXifsbfuBdNiWEHQj8-b_Q
R3yDfhpR0t8,https://www.youtube.com/watch?v=R3yDfhpR0t8,Hablamos de Turbos con Jesús | Las Mejores Marcas y Autos que Deberías Conocer,5834.0,,streams,https://i.ytimg.com/vi/R3yDfhpR0t8/hqdefault.jpg?sqp=-oaymwEcCNACELwBSFXyq4qpAw4IARUAAIhCGAFwAcABBg==&rs=AOn4CLClDq-RLJW98G9sjVN__qrFDkG2tQ
XAKOn56IeVE,https://www.youtube.com/watch?v=XAKOn56IeVE,"💸🚘 ¡Felicidades! Compraste un coche y adoptaste a Hacienda, policías y ladrones 🤡",3656.0,,streams,https://i.ytimg.com/vi/XAKOn56IeVE/hqdefault.jpg?sqp=-oaymwEcCNACELwBSFXyq4qpAw4IARUAAIhCGAFwAcABBg==&rs=AOn4CLAVKR0o1dXR4EgQ1QD0JTU9Ssrn6A
xM-45XzFac4,https://www.youtube.com/watch?v=xM-45XzFac4,Honda Civic Híbrido 2025 🛑 Lo BUENO y lo MALO de este sedán,3286.0,,streams,https://i.ytimg.com/vi/xM-45XzFac4/hqdefault.jpg?sqp=-oaymwE2CNACELwBSFXyq4qpAygIARUAAIhCGAFwAcABBvABAfgB_gmAAtAFigIMCAAQARhMIFgoZTAP&rs=AOn4CLD30_iDfrQmnqGibgkQPf-yROO17w
x7WGsOC1Ybg,https://www.youtube.com/watch?v=x7WGsOC1Ybg,"""ADAS: ¿Tu Auto Sabe Más de Ti de lo Que Crees? 🛠👀""",6009.0,,streams,https://i.ytimg.com/vi/x7WGsOC1Ybg/hqdefault.jpg?sqp=-oaymwE2CNACELwBSFXyq4qpAygIARUAAIhCGAFwAcABBvABAfgB_gmAAtAFigIMCAAQARhZIFQoZTAP&rs=AOn4CLCvcpUBvHsWITyiPo7Csj8cSC1jHQ
AcwJzGo57uU,https://www.youtube.com/watch?v=AcwJzGo57uU,¿Qué aceite necesita tu auto? No cometas este error 🔧🚗,5776.0,,streams,https://i.ytimg.com/vi/AcwJzGo57uU/hqdefault.jpg?sqp=-oaymwEcCNACELwBSFXyq4qpAw4IARUAAIhCGAFwAcABBg==&rs=AOn4CLAF-SizfQseAwDWb-aqu6BZ7Legsg
M977uFy2ozQ,https://www.youtube.com/watch?v=M977uFy2ozQ,Fotomultas: El Negocio Secreto Detrás de las Infracciones 🚨💰,5475.0,,streams,https://i.ytimg.com/vi/M977uFy2ozQ/hqdefault.jpg?sqp=-oaymwEcCNACELwBSFXyq4qpAw4IARUAAIhCGAFwAcABBg==&rs=AOn4CLAZR0H4vedE5xjZpWEHiykCAp0Ptg
aKIJDhvQmbY,https://www.youtube.com/watch?v=aKIJDhvQmbY,"""¿Conviene Comprar un BYD Eléctrico? Pros y Contras ⚡ + Lista de Autos Hechos en México 🇲🇽""",5885.0,,streams,https://i.ytimg.com/vi/aKIJDhvQmbY/hqdefault.jpg?sqp=-oaymwEcCNACELwBSFXyq4qpAw4IARUAAIhCGAFwAcABBg==&rs=AOn4CLArD-1V3TTf--eGZ63CKY3eIz945Q
hLZR6YDKaHw,https://www.youtube.com/watch?v=hLZR6YDKaHw,"🔥 ¡ADVERTENCIA! Marcas Chinas en Peligro, ¿QUÉ AUTO TE CONVIENE COMPRAR AHORA?",5261.0,,streams,https://i.ytimg.com/vi/hLZR6YDKaHw/hqdefault.jpg?sqp=-oaymwE2CNACELwBSFXyq4qpAygIARUAAIhCGAFwAcABBvABAfgB_gmAAtAFigIMCAAQARhlIE4oRjAP&rs=AOn4CLBbSNrmOv2bfcOEh8JTRZ56Jc7l8g
wif_pZcUclo,https://www.youtube.com/watch?v=wif_pZcUclo,"""Los 10 autos más vendidos en México: ¿Cuál es el favorito de los mexicanos?""",7503.0,,streams,https://i.ytimg.com/vi/wif_pZcUclo/hqdefault.jpg?sqp=-oaymwE2CNACELwBSFXyq4qpAygIARUAAIhCGAFwAcABBvABAfgB_gmAAtAFigIMCAAQARhlIFkoVjAP&rs=AOn4CLDIRIGWfPtJXqsSiwcmGff6kbXcCA
WYegWTgD2JA,https://www.youtube.com/watch?v=WYegWTgD2JA,"""¡Increíble! Agencia Automotriz Intimida a Consumidora y a la Profeco""",1293.0,,streams,https://i.ytimg.com/vi/WYegWTgD2JA/hqdefault.jpg?sqp=-oaymwE2CNACELwBSFXyq4qpAygIARUAAIhCGAFwAcABBvABAfgB_gmAAtAFigIMCAAQARhZIFYoZTAP&rs=AOn4CLAiSbMQjDLZoCwWKggjOIjk-kmEqA
ITl-SVAbt8Y,https://www.youtube.com/watch?v=ITl-SVAbt8Y,"👉 ""¿Autos Chinos? ¡La Verdad Que NO Quieren Que Sepas! 🚨""",7816.0,,streams,https://i.ytimg.com/vi/ITl-SVAbt8Y/hqdefault.jpg?sqp=-oaymwE2CNACELwBSFXyq4qpAygIARUAAIhCGAFwAcABBvABAfgB_gmAAtAFigIMCAAQARhiIGUoJjAP&rs=AOn4CLAWkrawzYrZsYdgIlZ7MiKWNopyIw
yVMmo6lO96Y,https://www.youtube.com/watch?v=yVMmo6lO96Y,olinia realmente mexicano?,4646.0,,streams,https://i.ytimg.com/vi/yVMmo6lO96Y/hqdefault.jpg?sqp=-oaymwE2CNACELwBSFXyq4qpAygIARUAAIhCGAFwAcABBvABAfgB_gmAAtAFigIMCAAQARhyIFUoQDAP&rs=AOn4CLCLCug2RliH4VVO-PXYyaG5xmrOkw
5NBi9gngKZk,https://www.youtube.com/watch?v=5NBi9gngKZk,Reunión de Zoom de Eduardo Vargas,8.0,,streams,https://i.ytimg.com/vi/5NBi9gngKZk/hqdefault.jpg?sqp=-oaymwE2CNACELwBSFXyq4qpAygIARUAAIhCGAFwAcABBvABAfgB_gmAAtAFigIMCAAQARhpIGkoaTAP&rs=AOn4CLDQSiO5ZPEBTwEw6CQXZ0Hre2RLZg
8PA4Rt72qrU,https://www.youtube.com/watch?v=8PA4Rt72qrU,"Sorpréndete con las noticias que cambiarán el 2025""",2183.0,,streams,https://i.ytimg.com/vi/8PA4Rt72qrU/hqdefault.jpg?sqp=-oaymwE2CNACELwBSFXyq4qpAygIARUAAIhCGAFwAcABBvABAfgB_gmAAtAFigIMCAAQARhjIGMoYzAP&rs=AOn4CLDephY8TmdiSL9-5OSbvkdzD_pkAg
TYYcigENxGY,https://www.youtube.com/watch?v=TYYcigENxGY,los autos solo serán para ricos,5820.0,,streams,https://i.ytimg.com/vi/TYYcigENxGY/hqdefault.jpg?sqp=-oaymwE2CNACELwBSFXyq4qpAygIARUAAIhCGAFwAcABBvABAfgB_gmAAtAFigIMCAAQARhlIFYoTTAP&rs=AOn4CLAjmjN8ilDmd_93aXUdFDtXYd2pXQ
xVz8bvXducI,https://www.youtube.com/watch?v=xVz8bvXducI,"""El Caso Chirey: ¿Una Estrategia de Marketing Desafortunada?",5565.0,,streams,https://i.ytimg.com/vi/xVz8bvXducI/hqdefault.jpg?sqp=-oaymwE2CNACELwBSFXyq4qpAygIARUAAIhCGAFwAcABBvABAfgB_gmAAtAFigIMCAAQARhlIFooSjAP&rs=AOn4CLDfP2ChWe04HAxgsSAOdwieVffpdA
xZUAOdpLNWo,https://www.youtube.com/watch?v=xZUAOdpLNWo,"""¿Vale la Pena un BYD? | El Mejor Auto para Uber en 2024 | ¿Usar o Vender tu Auto Usado?""",5066.0,,streams,https://i.ytimg.com/vi/xZUAOdpLNWo/hqdefault.jpg?sqp=-oaymwE2CNACELwBSFXyq4qpAygIARUAAIhCGAFwAcABBvABAfgB_gmAAtAFigIMCAAQARhfIF8oXzAP&rs=AOn4CLC9bfPwg48mRQJ_naxp8tsPTypIiw
MRsv9FdtxCU,https://www.youtube.com/watch?v=MRsv9FdtxCU,me lo compro o no me lo compro #lamborghini #landrover #lexus #lincoln,3277.0,,streams,https://i.ytimg.com/vi/MRsv9FdtxCU/hqdefault.jpg?sqp=-oaymwE2CNACELwBSFXyq4qpAygIARUAAIhCGAFwAcABBvABAfgB_gmAAtAFigIMCAAQARhUIGAoZTAP&rs=AOn4CLAIKNHGk5jc2wlSqs30xxhxyi-0qQ
75BjiRjPYaM,https://www.youtube.com/watch?v=75BjiRjPYaM,"""¿Cuál Renault Deberías Comprar? Guía Completa de Modelos y Recomendaciones""",6019.0,,streams,https://i.ytimg.com/vi/75BjiRjPYaM/hqdefault.jpg?sqp=-oaymwE2CNACELwBSFXyq4qpAygIARUAAIhCGAFwAcABBvABAfgB_gmAAtAFigIMCAAQARhlIFIoTDAP&rs=AOn4CLCffbAFFg9Pr91IEo_ibop-lJmlIA
we6-QOinYak,https://www.youtube.com/watch?v=we6-QOinYak,vengo del futuro,1468.0,,streams,https://i.ytimg.com/vi/we6-QOinYak/hqdefault.jpg?sqp=-oaymwE2CNACELwBSFXyq4qpAygIARUAAIhCGAFwAcABBvABAfgB_gmAAtAFigIMCAAQARhjIGMoYzAP&rs=AOn4CLBiHY7s3p57rF9EToOoUoK2kDYA8Q
gq_8JDWZn1s,https://www.youtube.com/watch?v=gq_8JDWZn1s,"""Volkswagen en Crisis: ¿Qué Está Pasando con el Gigante Alemán?""",6251.0,,streams,https://i.ytimg.com/vi/gq_8JDWZn1s/hqdefault.jpg?sqp=-oaymwE2CNACELwBSFXyq4qpAygIARUAAIhCGAFwAcABBvABAfgB_gmAAtAFigIMCAAQARhgIGAoYDAP&rs=AOn4CLB8bEcx8qdrNGqIlM8QPew7GmTjVA
4XpfGb4yApU,https://www.youtube.com/watch?v=4XpfGb4yApU,"""Mazda BT-50, VW ID. Buzz y Jeep Commander: Potencia, Futuro y Nostalgia""",5638.0,,streams,https://i.ytimg.com/vi/4XpfGb4yApU/hqdefault.jpg?sqp=-oaymwEcCNACELwBSFXyq4qpAw4IARUAAIhCGAFwAcABBg==&rs=AOn4CLDmu9QyTNZtTWjvN42qap9LD45oHg
QQd5bkbGJ4Y,https://www.youtube.com/watch?v=QQd5bkbGJ4Y,"¿Me lo compro o no? Comparativa de Infiniti, JAC, Jaecoo, Jaguar y Jeep.",3721.0,,streams,https://i.ytimg.com/vi/QQd5bkbGJ4Y/hqdefault.jpg?sqp=-oaymwEcCNACELwBSFXyq4qpAw4IARUAAIhCGAFwAcABBg==&rs=AOn4CLA1OA1Q2ArZKuIsO0S_OPR3zC-Rsw
F9fo3B06mcs,https://www.youtube.com/watch?v=F9fo3B06mcs,"""Autos Eléctricos Chinos y el Nuevo Dodge Attitude 🚗",4691.0,,streams,https://i.ytimg.com/vi/F9fo3B06mcs/hqdefault.jpg?sqp=-oaymwE2CNACELwBSFXyq4qpAygIARUAAIhCGAFwAcABBvABAfgB_gmAAtAFigIMCAAQARhlIFkoSzAP&rs=AOn4CLBgbAJlL79_a_DwT98Xb-LD0aakxQ
Xn8BLr3AD7Q,https://www.youtube.com/watch?v=Xn8BLr3AD7Q,tixuz mix,4558.0,,streams,https://i.ytimg.com/vi/Xn8BLr3AD7Q/hqdefault.jpg?sqp=-oaymwE2CNACELwBSFXyq4qpAygIARUAAIhCGAFwAcABBvABAfgB_gmAAtAFigIMCAAQARhlIFooWTAP&rs=AOn4CLCYz52No6klcgXwOEurHfRCQRmlqQ
keK6fRn3YdE,https://www.youtube.com/watch?v=keK6fRn3YdE,"Me lo compro o no me lo compro?  #fordpickup, #foton, #gac, #geely",3047.0,,streams,https://i.ytimg.com/vi/keK6fRn3YdE/hqdefault.jpg?sqp=-oaymwEcCNACELwBSFXyq4qpAw4IARUAAIhCGAFwAcABBg==&rs=AOn4CLCtQ0eVs8mSgXUs5hyVFJ-o4O4eLg
8Zvai9Xt2Fo,https://www.youtube.com/watch?v=8Zvai9Xt2Fo,"""¿Por qué los Autos Chinos Son Más Caros en México? | Nostalgia Automotriz de los 70s""",5468.0,,streams,https://i.ytimg.com/vi/8Zvai9Xt2Fo/hqdefault.jpg?sqp=-oaymwEcCNACELwBSFXyq4qpAw4IARUAAIhCGAFwAcABBg==&rs=AOn4CLArAYkW_JRxtFEH3tBdcTcydy_BTw
547JFtv9omA,https://www.youtube.com/watch?v=547JFtv9omA,"nostalgia de los 80s vw, vam, jeep",6625.0,,streams,https://i.ytimg.com/vi/547JFtv9omA/hqdefault.jpg?sqp=-oaymwEcCNACELwBSFXyq4qpAw4IARUAAIhCGAFwAcABBg==&rs=AOn4CLCrSO2iVaG-_R7fGANBV-Ak1Ffi7w
WL5IRtyrg9I,https://www.youtube.com/watch?v=WL5IRtyrg9I,Un recorrido por los modelos más emblemáticos de los 80s 2,8850.0,,streams,https://i.ytimg.com/vi/WL5IRtyrg9I/hqdefault.jpg?sqp=-oaymwEcCNACELwBSFXyq4qpAw4IARUAAIhCGAFwAcABBg==&rs=AOn4CLCflvGlg0doUjbf1dyzvr1OvkS1vg
J_ezRB9uppQ,https://www.youtube.com/watch?v=J_ezRB9uppQ,nostalgia 80s,5787.0,,streams,https://i.ytimg.com/vi/J_ezRB9uppQ/hqdefault.jpg?sqp=-oaymwE2CNACELwBSFXyq4qpAygIARUAAIhCGAFwAcABBvABAfgB_gmAAtAFigIMCAAQARhlIFcoRzAP&rs=AOn4CLBF3NmmXDHM_MpAQ1h3sBT7lzorUw
Nq6Q9OvL6_o,https://www.youtube.com/watch?v=Nq6Q9OvL6_o,"""Chirey, Chrysler, Cupra y Omoda: Análisis Completo con Sergio Oliveira | Tendencias",4172.0,,streams,https://i.ytimg.com/vi/Nq6Q9OvL6_o/hqdefault.jpg?sqp=-oaymwE2CNACELwBSFXyq4qpAygIARUAAIhCGAFwAcABBvABAfgB_gmAAtAFigIMCAAQARhdIF0oXTAP&rs=AOn4CLACr3l0m9RJqef0zWLj7gufn4VgtQ
f80t9G_HXnQ,https://www.youtube.com/watch?v=f80t9G_HXnQ,nostalgia de los 90s,5356.0,,streams,https://i.ytimg.com/vi/f80t9G_HXnQ/hqdefault.jpg?sqp=-oaymwEcCNACELwBSFXyq4qpAw4IARUAAIhCGAFwAcABBg==&rs=AOn4CLDo4IzNSXJ7DSCP8K6Rz1ALZfxHyg
x1vt92H2jao,https://www.youtube.com/watch?v=x1vt92H2jao,ya se la saben autos y mas autos,5489.0,,streams,https://i.ytimg.com/vi/x1vt92H2jao/hqdefault.jpg?sqp=-oaymwE2CNACELwBSFXyq4qpAygIARUAAIhCGAFwAcABBvABAfgB_gmAAtAFigIMCAAQARhlIGUoZTAP&rs=AOn4CLBK9lwYwpgzEU2OmnaSkEDCfKP_pA
i-u_78Yi9oc,https://www.youtube.com/watch?v=i-u_78Yi9oc,"""Explorando Autos y Marcas: Todo lo que Necesitas Saber""",5221.0,,streams,https://i.ytimg.com/vi/i-u_78Yi9oc/hqdefault.jpg?sqp=-oaymwE2CNACELwBSFXyq4qpAygIARUAAIhCGAFwAcABBvABAfgB_gmAAtAFigIMCAAQARhlIEsoRjAP&rs=AOn4CLBPGh_n2BVH1SDGhEDFvu322Qup6A
CDSjuPcIvzI,https://www.youtube.com/watch?v=CDSjuPcIvzI,"""Explorando Autos y Marcas: Todo lo que Necesitas Saber""",5675.0,,streams,https://i.ytimg.com/vi/CDSjuPcIvzI/hqdefault.jpg?sqp=-oaymwE2CNACELwBSFXyq4qpAygIARUAAIhCGAFwAcABBvABAfgB_gmAAtAFigIMCAAQARgwIGUoMTAP&rs=AOn4CLDLhfrszX0-sU6Urt6eNyYyEPJAow
lxFIafTPHZw,https://www.youtube.com/watch?v=lxFIafTPHZw,tixuz buscando nuevos talentos,4355.0,,streams,https://i.ytimg.com/vi/lxFIafTPHZw/hqdefault.jpg?sqp=-oaymwE2CNACELwBSFXyq4qpAygIARUAAIhCGAFwAcABBvABAfgB_gmAAtAFigIMCAAQARhhIGEoYTAP&rs=AOn4CLD6NxD4N0DzKbB_xX7ELta-pDVMZA
Yh4kk0JQz_o,https://www.youtube.com/watch?v=Yh4kk0JQz_o,me lo compro o no me lo compro? cadillac y changan,4364.0,,streams,https://i.ytimg.com/vi/Yh4kk0JQz_o/hqdefault.jpg?sqp=-oaymwE2CNACELwBSFXyq4qpAygIARUAAIhCGAFwAcABBvABAfgB_gmAAtAFigIMCAAQARhhIGEoYTAP&rs=AOn4CLCup2P3Dz4NIdagoLaloreMnFt9XA
lPrD1hk3ifY,https://www.youtube.com/watch?v=lPrD1hk3ifY,"el kwid 199,900 barato barato",4245.0,,streams,https://i.ytimg.com/vi/lPrD1hk3ifY/hqdefault.jpg?sqp=-oaymwE2CNACELwBSFXyq4qpAygIARUAAIhCGAFwAcABBvABAfgB_gmAAtAFigIMCAAQARhlIFsoWTAP&rs=AOn4CLCKDy4U2Uunb6DJwI8OQCSyJ9U36g
aIjh8hsbXv4,https://www.youtube.com/watch?v=aIjh8hsbXv4,los chinos otra vez,4349.0,,streams,https://i.ytimg.com/vi/aIjh8hsbXv4/hqdefault.jpg?sqp=-oaymwE2CNACELwBSFXyq4qpAygIARUAAIhCGAFwAcABBvABAfgB_gmAAtAFigIMCAAQARhlIE4oOTAP&rs=AOn4CLBYKiZaGIE3WSMgnXIbaqHLNGmtYw
tA_f_BtFW-Y,https://www.youtube.com/watch?v=tA_f_BtFW-Y,"baic, BMW me lo compro o no me lo compro",3503.0,,streams,https://i.ytimg.com/vi/tA_f_BtFW-Y/hqdefault.jpg?sqp=-oaymwE2CNACELwBSFXyq4qpAygIARUAAIhCGAFwAcABBvABAfgB_gmAAtAFigIMCAAQARh_ICooIzAP&rs=AOn4CLAfzMqCkDQOqjyViOJMki77VN27PA
RbhP-Rewuhk,https://www.youtube.com/watch?v=RbhP-Rewuhk,comprar ford?,2886.0,,streams,https://i.ytimg.com/vi/RbhP-Rewuhk/hqdefault.jpg?sqp=-oaymwE2CNACELwBSFXyq4qpAygIARUAAIhCGAFwAcABBvABAfgB_gmAAtAFigIMCAAQARhlIFYoRzAP&rs=AOn4CLBU-h0NpqJLXuiRU3lMi3mZzlU2ZQ
qtUXo5X0Lcg,https://www.youtube.com/watch?v=qtUXo5X0Lcg,LOS AUTOS EV CHINOS ESTAN CONDENADOS A NO VENDER EN USA,5727.0,,streams,https://i.ytimg.com/vi/qtUXo5X0Lcg/hqdefault.jpg?sqp=-oaymwE2CNACELwBSFXyq4qpAygIARUAAIhCGAFwAcABBvABAfgB_gmAAtAFigIMCAAQARhlIGEoVjAP&rs=AOn4CLA8knzxEw8A51cllpXJUmw7pN002w
aKGcsUYDNaw,https://www.youtube.com/watch?v=aKGcsUYDNaw,ya es momento de comprar auto nuevo?,3982.0,,streams,https://i.ytimg.com/vi/aKGcsUYDNaw/hqdefault.jpg?sqp=-oaymwE2CNACELwBSFXyq4qpAygIARUAAIhCGAFwAcABBvABAfgB_gmAAtAFigIMCAAQARhHIFIoZTAP&rs=AOn4CLAde81Yux9vR9k3qzT9lXaFlBx5hw
BkZhBasi58I,https://www.youtube.com/watch?v=BkZhBasi58I,los autos eléctricos ya van a morir?,3971.0,,streams,https://i.ytimg.com/vi/BkZhBasi58I/hqdefault.jpg?sqp=-oaymwE2CNACELwBSFXyq4qpAygIARUAAIhCGAFwAcABBvABAfgB_gmAAtAFigIMCAAQARhlIFAoPDAP&rs=AOn4CLARBfQQNsybLbhxXkl0T3E9nbk2cA
3fGu2w9Umak,https://www.youtube.com/watch?v=3fGu2w9Umak,En vivo en conjunto Tixuz y 1/4 De Milla 18 abril 2024,6589.0,,streams,https://i.ytimg.com/vi/3fGu2w9Umak/hqdefault.jpg?sqp=-oaymwE2CNACELwBSFXyq4qpAygIARUAAIhCGAFwAcABBvABAfgB_gmAAtAFigIMCAAQARhqIGooajAP&rs=AOn4CLBqK3et1tnWM2bWiuMJb3YYcP2pXA
Rub2Tu5I7zU,https://www.youtube.com/watch?v=Rub2Tu5I7zU,invitado sorpresa,3865.0,,streams,https://i.ytimg.com/vi/Rub2Tu5I7zU/hqdefault.jpg?sqp=-oaymwE2CNACELwBSFXyq4qpAygIARUAAIhCGAFwAcABBvABAfgB_gmAAtAFigIMCAAQARhlIFwoWzAP&rs=AOn4CLB_VS2d_rpObCV0Rrr8ZN2PrWO-zQ
VuX1kqFnV9U,https://www.youtube.com/watch?v=VuX1kqFnV9U,tixuz en vivo,8095.0,,streams,https://i.ytimg.com/vi/VuX1kqFnV9U/hqdefault.jpg?sqp=-oaymwE2CNACELwBSFXyq4qpAygIARUAAIhCGAFwAcABBvABAfgB_gmAAtAFigIMCAAQARhlIFsoWDAP&rs=AOn4CLBYisVaRwo3mbPBz4C4FSXUrtf0yg
9D2h1BkFDnw,https://www.youtube.com/watch?v=9D2h1BkFDnw,"""Las amenazas de Trump: ¿Tarifas a autos chinos fabricados en México?""",4946.0,,streams,https://i.ytimg.com/vi/9D2h1BkFDnw/hqdefault.jpg?sqp=-oaymwE2CNACELwBSFXyq4qpAygIARUAAIhCGAFwAcABBvABAfgB_gmAAtAFigIMCAAQARhdIF0oXTAP&rs=AOn4CLB7fpxdIIkNlbpO9b4Wl0OdKMz-WA
Lx-ksMs8iI8,https://www.youtube.com/watch?v=Lx-ksMs8iI8,tixuz dominguero,6624.0,,streams,https://i.ytimg.com/vi/Lx-ksMs8iI8/hqdefault.jpg?sqp=-oaymwE2CNACELwBSFXyq4qpAygIARUAAIhCGAFwAcABBvABAfgB_gmAAtAFigIMCAAQARhBIF0oZTAP&rs=AOn4CLBeqZLRirwRkwGuUYM60MDzXzCTAw
889o5wMQeBk,https://www.youtube.com/watch?v=889o5wMQeBk,TIXUZ EN VIVO,3574.0,,streams,https://i.ytimg.com/vi/889o5wMQeBk/hqdefault.jpg?sqp=-oaymwE2CNACELwBSFXyq4qpAygIARUAAIhCGAFwAcABBvABAfgB_gmAAtAFigIMCAAQARhlIFsoSDAP&rs=AOn4CLDnZDG9cRneUFKJSAEziXT6Hs-pwA
nytoEpFFZO8,https://www.youtube.com/watch?v=nytoEpFFZO8,"MARCIAL HERRERA BLINDO JETTA ,BORAS,  JEEP, MAMBAS Y MAS🚔",4671.0,,streams,https://i.ytimg.com/vi/nytoEpFFZO8/hqdefault.jpg?sqp=-oaymwEcCNACELwBSFXyq4qpAw4IARUAAIhCGAFwAcABBg==&rs=AOn4CLCH1LNJrm6gHyjlZDrDAVEqcsyTpg
1d0pj04Tb_Q,https://www.youtube.com/watch?v=1d0pj04Tb_Q,tixuz en vivo,3541.0,,streams,https://i.ytimg.com/vi/1d0pj04Tb_Q/hqdefault.jpg?sqp=-oaymwE2CNACELwBSFXyq4qpAygIARUAAIhCGAFwAcABBvABAfgB_gmAAtAFigIMCAAQARhlIFEoPzAP&rs=AOn4CLBaYSAO1SS3Iuf-0_O8vmU8mFjtqQ
uVIsp1Jqr5k,https://www.youtube.com/watch?v=uVIsp1Jqr5k,ferrari y mas....,5013.0,,streams,https://i.ytimg.com/vi/uVIsp1Jqr5k/hqdefault.jpg?sqp=-oaymwE2CNACELwBSFXyq4qpAygIARUAAIhCGAFwAcABBvABAfgB_gmAAtAFigIMCAAQARh_ID0oOjAP&rs=AOn4CLC6VHsEESoiG67lWol_IlBeBeNRyw
xMa58c4A87o,https://www.youtube.com/watch?v=xMa58c4A87o,los chinos son realmente malos?,5511.0,,streams,https://i.ytimg.com/vi/xMa58c4A87o/hqdefault.jpg?sqp=-oaymwE2CNACELwBSFXyq4qpAygIARUAAIhCGAFwAcABBvABAfgB_gmAAtAFigIMCAAQARg_IFQoZTAP&rs=AOn4CLBtfLanad9mKnSHf1cJ14un-e9L9w
wi2MnkBrdwI,https://www.youtube.com/watch?v=wi2MnkBrdwI,decreto de autos y mas...,7224.0,,streams,https://i.ytimg.com/vi/wi2MnkBrdwI/hqdefault.jpg?sqp=-oaymwE2CNACELwBSFXyq4qpAygIARUAAIhCGAFwAcABBvABAfgB_gmAAtAFigIMCAAQARg7IFsoZTAP&rs=AOn4CLBu1lZ0sprcG2plLE6amXs6GDUJlg
xp-a4QFoNaM,https://www.youtube.com/watch?v=xp-a4QFoNaM,eléctricos y mas,5591.0,,streams,https://i.ytimg.com/vi/xp-a4QFoNaM/hqdefault.jpg?sqp=-oaymwE2CNACELwBSFXyq4qpAygIARUAAIhCGAFwAcABBvABAfgB_gmAAtAFigIMCAAQARhlIFQoQjAP&rs=AOn4CLDW3VMdqFXSJzr6snp20jhlcdvIUA
6VSssnuz6x4,https://www.youtube.com/watch?v=6VSssnuz6x4,mg realmente es tan malo?,4840.0,,streams,https://i.ytimg.com/vi/6VSssnuz6x4/hqdefault.jpg?sqp=-oaymwEcCNACELwBSFXyq4qpAw4IARUAAIhCGAFwAcABBg==&rs=AOn4CLCPxum6UPSJBt51hyTFyDPsHRnmBQ
Bb7ZjFAx6Dc,https://www.youtube.com/watch?v=Bb7ZjFAx6Dc,el señor vestido de mujer......,2043.0,,streams,https://i.ytimg.com/vi/Bb7ZjFAx6Dc/hqdefault.jpg?sqp=-oaymwEcCNACELwBSFXyq4qpAw4IARUAAIhCGAFwAcABBg==&rs=AOn4CLCPUyQC528l4HN1ETcahmuywm4epA
7AZ_cTgSDwQ,https://www.youtube.com/watch?v=7AZ_cTgSDwQ,F1 y mas,4491.0,,streams,https://i.ytimg.com/vi/7AZ_cTgSDwQ/hqdefault.jpg?sqp=-oaymwEcCNACELwBSFXyq4qpAw4IARUAAIhCGAFwAcABBg==&rs=AOn4CLAfmsK_-yWUjAPbX3vb993w0puLfg
rWEqYPz0UDo,https://www.youtube.com/watch?v=rWEqYPz0UDo,preguntas de mecanica,3411.0,,streams,https://i.ytimg.com/vi/rWEqYPz0UDo/hqdefault.jpg?sqp=-oaymwEcCNACELwBSFXyq4qpAw4IARUAAIhCGAFwAcABBg==&rs=AOn4CLBGRgZYCNINfWBfWLU9hUhT0UOITg
chCPLD2IRDA,https://www.youtube.com/watch?v=chCPLD2IRDA,"""El Declive de la Calidad en WV: ¿Qué Pasó?""",6129.0,,streams,https://i.ytimg.com/vi/chCPLD2IRDA/hqdefault.jpg?sqp=-oaymwEcCNACELwBSFXyq4qpAw4IARUAAIhCGAFwAcABBg==&rs=AOn4CLDmBQxz9OP2kZpCQFp0G84YqTdbCQ
jnUNpkEfCdE,https://www.youtube.com/watch?v=jnUNpkEfCdE,el ultimo viernes con cars latino,4035.0,,streams,https://i.ytimg.com/vi/jnUNpkEfCdE/hqdefault.jpg?sqp=-oaymwEcCNACELwBSFXyq4qpAw4IARUAAIhCGAFwAcABBg==&rs=AOn4CLATmxfQf3JyJTYR-roXKj76soeyew
jicJu5ujPm0,https://www.youtube.com/watch?v=jicJu5ujPm0,cybertruck  es una pasada,8029.0,,streams,https://i.ytimg.com/vi/jicJu5ujPm0/hqdefault.jpg?sqp=-oaymwEcCNACELwBSFXyq4qpAw4IARUAAIhCGAFwAcABBg==&rs=AOn4CLBXxZuL-DJAyILgGu6SqP2rUB-VKw
15AhzDYCGIA,https://www.youtube.com/watch?v=15AhzDYCGIA,"Lo nuevo en marcas, modelos y tendencias",4933.0,,streams,https://i.ytimg.com/vi/15AhzDYCGIA/hqdefault.jpg?sqp=-oaymwEcCNACELwBSFXyq4qpAw4IARUAAIhCGAFwAcABBg==&rs=AOn4CLDz4RVunBOiUa3p4qSXCCIU8lFExw
QC6W72JFKVc,https://www.youtube.com/watch?v=QC6W72JFKVc,Le dimos chance a algunos followers que entraran,5243.0,,streams,https://i.ytimg.com/vi/QC6W72JFKVc/hqdefault.jpg?sqp=-oaymwEcCNACELwBSFXyq4qpAw4IARUAAIhCGAFwAcABBg==&rs=AOn4CLBc3zmln6gitEAVUqYsgS-amt7Wzg
xM4Y3EEI-fY,https://www.youtube.com/watch?v=xM4Y3EEI-fY,la seltos es mala pero tenemos que decir que es buena?,3574.0,,streams,https://i.ytimg.com/vi/xM4Y3EEI-fY/hqdefault.jpg?sqp=-oaymwEcCNACELwBSFXyq4qpAw4IARUAAIhCGAFwAcABBg==&rs=AOn4CLA70rth9OYZqRB9YmO4-ihA-voslw
PtsujSOqoBg,https://www.youtube.com/watch?v=PtsujSOqoBg,Reunión de Zoom de Eduardo Vargas,21.0,,streams,https://i.ytimg.com/vi/PtsujSOqoBg/hqdefault.jpg?sqp=-oaymwE2CNACELwBSFXyq4qpAygIARUAAIhCGAFwAcABBvABAfgB_gmAAtAFigIMCAAQARhlIGUoZTAP&rs=AOn4CLCdlBtXX7PzSVDh-wtO7ODPE8JaSg
p-3_rc-py04,https://www.youtube.com/watch?v=p-3_rc-py04,1/4 DE MILLA EN TIXUZ,4097.0,,streams,https://i.ytimg.com/vi/p-3_rc-py04/hqdefault.jpg?sqp=-oaymwEcCNACELwBSFXyq4qpAw4IARUAAIhCGAFwAcABBg==&rs=AOn4CLCWAGIT1HxvfnUVSsTZbhfu28hkuA
rjqPBrYpnxA,https://www.youtube.com/watch?v=rjqPBrYpnxA,Eduardo Vargas  noche de reunión,4669.0,,streams,https://i.ytimg.com/vi/rjqPBrYpnxA/hqdefault.jpg?sqp=-oaymwEcCNACELwBSFXyq4qpAw4IARUAAIhCGAFwAcABBg==&rs=AOn4CLDfxvUaHIXUP0xGxlvIXuVJXf_7-A
RcmOkjgwPTE,https://www.youtube.com/watch?v=RcmOkjgwPTE,Volvo EX30  es comprable?,4703.0,,streams,https://i.ytimg.com/vi/RcmOkjgwPTE/hqdefault.jpg?sqp=-oaymwEcCNACELwBSFXyq4qpAw4IARUAAIhCGAFwAcABBg==&rs=AOn4CLAZaOSBniMaRz9DMGFMXtBbUzQ6Yg
SLuLdA00_g4,https://www.youtube.com/watch?v=SLuLdA00_g4,Ven y conoce al verdadero experto que no puede ser comprado.,4688.0,,streams,https://i.ytimg.com/vi/SLuLdA00_g4/hqdefault.jpg?sqp=-oaymwEcCNACELwBSFXyq4qpAw4IARUAAIhCGAFwAcABBg==&rs=AOn4CLB3ziGTDf8_zm3o0tTkxwrYnPebrA
u28isDdtv9I,https://www.youtube.com/watch?v=u28isDdtv9I,Les Presentamos nuevos aspirantes,5511.0,,streams,https://i.ytimg.com/vi/u28isDdtv9I/hqdefault.jpg?sqp=-oaymwEcCNACELwBSFXyq4qpAw4IARUAAIhCGAFwAcABBg==&rs=AOn4CLBOq5fDUwIgvCcRim_DTk1GH8VnCg
FPIHCeC3b-I,https://www.youtube.com/watch?v=FPIHCeC3b-I,China prohíbe Tesla: ¿Es el fin de la empresa en el país?,3127.0,,streams,https://i.ytimg.com/vi/FPIHCeC3b-I/hqdefault.jpg?sqp=-oaymwE2CNACELwBSFXyq4qpAygIARUAAIhCGAFwAcABBvABAfgB_gmAAtAFigIMCAAQARhyIFEoPTAP&rs=AOn4CLDkkUQ3phb39VXkSXiI3Ng5CdDD8w
i8UPDHTEEh4,https://www.youtube.com/watch?v=i8UPDHTEEh4,wv polo es buena compra?,3682.0,,streams,https://i.ytimg.com/vi/i8UPDHTEEh4/hqdefault.jpg?sqp=-oaymwE2CNACELwBSFXyq4qpAygIARUAAIhCGAFwAcABBvABAfgB_gmAAtAFigIMCAAQARhRIGUoYzAP&rs=AOn4CLAtpqAUEchLYmDclSR1D71LOkQNKw
iWZ5dyOJcN4,https://www.youtube.com/watch?v=iWZ5dyOJcN4,Descubriendo el Futuro de los Autos: Análisis de BYD y Más .,8091.0,,streams,https://i.ytimg.com/vi/iWZ5dyOJcN4/hqdefault.jpg?sqp=-oaymwE2CNACELwBSFXyq4qpAygIARUAAIhCGAFwAcABBvABAfgB_gmAAtAFigIMCAAQARhlIFMoSDAP&rs=AOn4CLAyvZRJiuU9uO46rchjo8hpuCYbAQ
2KUaKUgJZX0,https://www.youtube.com/watch?v=2KUaKUgJZX0,muchos invitados muchos temas,4482.0,,streams,https://i.ytimg.com/vi/2KUaKUgJZX0/hqdefault.jpg?sqp=-oaymwE2CNACELwBSFXyq4qpAygIARUAAIhCGAFwAcABBvABAfgB_gmAAtAFigIMCAAQARhyIEMoQTAP&rs=AOn4CLB38XZ8xYNL4pFt8lvNH4lfRjwIhQ
0h6F_ZwIKSw,https://www.youtube.com/watch?v=0h6F_ZwIKSw,"Influencers , influidos  y Marcas",3103.0,,streams,https://i.ytimg.com/vi/0h6F_ZwIKSw/hqdefault.jpg?sqp=-oaymwE2CNACELwBSFXyq4qpAygIARUAAIhCGAFwAcABBvABAfgB_gmAAtAFigIMCAAQARhlIE8oPTAP&rs=AOn4CLCccsAW2n2ERZjPEkTr09WPImQWKQ
DTxFH6wtTt8,https://www.youtube.com/watch?v=DTxFH6wtTt8,LAS MARCAS ESTAN MANTENINDO LOS PRECIOS ALTOS ARTIFICIALMENTE?,4983.0,,streams,https://i.ytimg.com/vi/DTxFH6wtTt8/hqdefault.jpg?sqp=-oaymwE2CNACELwBSFXyq4qpAygIARUAAIhCGAFwAcABBvABAfgB_gmAAtAFigIMCAAQARhTIGQoZTAP&rs=AOn4CLDwV2sMmFfyBeznn6frIqBHbFHHgA
UKYXX0PSnyo,https://www.youtube.com/watch?v=UKYXX0PSnyo,tixuz en vivo con 1/4 de milla,9729.0,,streams,https://i.ytimg.com/vi/UKYXX0PSnyo/hqdefault.jpg?sqp=-oaymwE2CNACELwBSFXyq4qpAygIARUAAIhCGAFwAcABBvABAfgB_gmAAtAFigIMCAAQARhlIFsoWTAP&rs=AOn4CLDVlpADCIyrulLlUWTdVVGc9RiqKw
QiAUY4wdD38,https://www.youtube.com/watch?v=QiAUY4wdD38,El peor momento para comprar auto,1654.0,,streams,https://i.ytimg.com/vi/QiAUY4wdD38/hqdefault.jpg?sqp=-oaymwE2CNACELwBSFXyq4qpAygIARUAAIhCGAFwAcABBvABAfgB_gmAAtAFigIMCAAQARhyIE8oOjAP&rs=AOn4CLBMR8yCpfL3hhq4IRG7NFABYffTCQ
KpWdgM1cYMo,https://www.youtube.com/watch?v=KpWdgM1cYMo,tixuz en vivo,5377.0,,streams,https://i.ytimg.com/vi/KpWdgM1cYMo/hqdefault.jpg?sqp=-oaymwE2CNACELwBSFXyq4qpAygIARUAAIhCGAFwAcABBvABAfgB_gmAAtAFigIMCAAQARhiIGIoYjAP&rs=AOn4CLDmM9QmQ14xFLkemyfyADccrXZp_A
OVzbQyghZxo,https://www.youtube.com/watch?v=OVzbQyghZxo,"""Tesla rebaja precios a costa de componentes: ¿Vale la pena? | Análisis y debate""",3155.0,,streams,https://i.ytimg.com/vi/OVzbQyghZxo/hqdefault.jpg?sqp=-oaymwE2CNACELwBSFXyq4qpAygIARUAAIhCGAFwAcABBvABAfgB_gmAAtAFigIMCAAQARhlIFUoUzAP&rs=AOn4CLBvP3gWHzv0W0iWGzIMmLOAAdT8kA
fovU5wAOqm4,https://www.youtube.com/watch?v=fovU5wAOqm4,En Vivo: Apasionados por los Autos - Descubrimientos y Tendencias del Mundo Automotriz,4443.0,,streams,https://i.ytimg.com/vi/fovU5wAOqm4/hqdefault.jpg?sqp=-oaymwE2CNACELwBSFXyq4qpAygIARUAAIhCGAFwAcABBvABAfgB_gmAAtAFigIMCAAQARhPIFooZTAP&rs=AOn4CLBdsGnQ7LdiYgXKNUMF6K_QezfjBA
_fSBiqYDNks,https://www.youtube.com/watch?v=_fSBiqYDNks,que trabajos de la industria estan en peligro,4621.0,,streams,https://i.ytimg.com/vi/_fSBiqYDNks/hqdefault.jpg?sqp=-oaymwE2CNACELwBSFXyq4qpAygIARUAAIhCGAFwAcABBvABAfgB_gmAAtAFigIMCAAQARhlIFAoQjAP&rs=AOn4CLAJ4EQY_oNnYRPzkOX_ff_pcvzCXQ
iQGOSU2DJwA,https://www.youtube.com/watch?v=iQGOSU2DJwA,admin de 1/4 de milla en tixuz,4432.0,,streams,https://i.ytimg.com/vi/iQGOSU2DJwA/hqdefault.jpg?sqp=-oaymwE2CNACELwBSFXyq4qpAygIARUAAIhCGAFwAcABBvABAfgB_gmAAtAFigIMCAAQARhIIF0oZTAP&rs=AOn4CLAzP8GydLpZCc-CnlIzEkujyassSg
8bE77GGeRxI,https://www.youtube.com/watch?v=8bE77GGeRxI,Mas marcas chinas llegando,3707.0,,streams,https://i.ytimg.com/vi/8bE77GGeRxI/hqdefault.jpg?sqp=-oaymwE2CNACELwBSFXyq4qpAygIARUAAIhCGAFwAcABBvABAfgB_gmAAtAFigIMCAAQARhlIGUoZTAP&rs=AOn4CLA_tzEIhRzDG9g9sY93dmRemaQyyw
UP3kNTi_LIg,https://www.youtube.com/watch?v=UP3kNTi_LIg,Los precios estan de locos,2715.0,,streams,https://i.ytimg.com/vi/UP3kNTi_LIg/hqdefault.jpg?sqp=-oaymwE2CNACELwBSFXyq4qpAygIARUAAIhCGAFwAcABBvABAfgB_gmAAtAFigIMCAAQARhlIGUoZTAP&rs=AOn4CLAVD7c5a-CaFoAUHfj0FiVif_h7Yw
WuwlXf5F7wg,https://www.youtube.com/watch?v=WuwlXf5F7wg,TESLA REGION 4,3219.0,,streams,https://i.ytimg.com/vi/WuwlXf5F7wg/hqdefault.jpg?sqp=-oaymwE2CNACELwBSFXyq4qpAygIARUAAIhCGAFwAcABBvABAfgB_gmAAtAFigIMCAAQARhkIGQoZDAP&rs=AOn4CLBx3LEAZNTYauifuotpAmqs7Z0uKQ
LhjHmLgSW_c,https://www.youtube.com/watch?v=LhjHmLgSW_c,Que opina la inteligencia artificial de los autos?,4144.0,,streams,https://i.ytimg.com/vi/LhjHmLgSW_c/hqdefault.jpg?sqp=-oaymwE2CNACELwBSFXyq4qpAygIARUAAIhCGAFwAcABBvABAfgB_gmAAtAFigIMCAAQARhPIF4oZTAP&rs=AOn4CLCpQ1_XfzFOZtR96WgzdDS5frS_Cg
jyWSEytR-gE,https://www.youtube.com/watch?v=jyWSEytR-gE,tixuz y 14/ de milla,6229.0,,streams,https://i.ytimg.com/vi/jyWSEytR-gE/hqdefault.jpg?sqp=-oaymwE2CNACELwBSFXyq4qpAygIARUAAIhCGAFwAcABBvABAfgB_gmAAtAFigIMCAAQARhlIFIoTzAP&rs=AOn4CLBdARCCpyauXUMOug_2OgD9oPsBEg
Lak3dRbk-Fw,https://www.youtube.com/watch?v=Lak3dRbk-Fw,nos ven la cara o no?,2848.0,,streams,https://i.ytimg.com/vi/Lak3dRbk-Fw/hqdefault.jpg?sqp=-oaymwE2CNACELwBSFXyq4qpAygIARUAAIhCGAFwAcABBvABAfgB_gmAAtAFigIMCAAQARhyIEwoPjAP&rs=AOn4CLAAE_Ma_ojr37hWEjHMNAYH9YzmnA
VU0bipA5Ux4,https://www.youtube.com/watch?v=VU0bipA5Ux4,neta 750 vs 350?,6641.0,,streams,https://i.ytimg.com/vi/VU0bipA5Ux4/hqdefault.jpg?sqp=-oaymwE2CNACELwBSFXyq4qpAygIARUAAIhCGAFwAcABBvABAfgB_gmAAtAFigIMCAAQARhlIFgoVTAP&rs=AOn4CLBaUIS8yOao5emNUMA4aT9IBXci5A
YG2NNqmW--s,https://www.youtube.com/watch?v=YG2NNqmW--s,twingo o ferrari ?,4067.0,,streams,https://i.ytimg.com/vi/YG2NNqmW--s/hqdefault.jpg?sqp=-oaymwEcCNACELwBSFXyq4qpAw4IARUAAIhCGAFwAcABBg==&rs=AOn4CLBRi3vfTcGmzw-pOZIeZdXmHhVUvA
wmyGoZ1ed_s,https://www.youtube.com/watch?v=wmyGoZ1ed_s,yogui y sus tesoros,1604.0,,streams,https://i.ytimg.com/vi/wmyGoZ1ed_s/hqdefault.jpg?sqp=-oaymwE2CNACELwBSFXyq4qpAygIARUAAIhCGAFwAcABBvABAfgB_gmAAtAFigIMCAAQARhlIFIoQTAP&rs=AOn4CLAelLq4u9-n6sTbAUoWKDzFgR0Yeg
j87vtZ8Mjyg,https://www.youtube.com/watch?v=j87vtZ8Mjyg,tixuz y amigos,7863.0,,streams,https://i.ytimg.com/vi/j87vtZ8Mjyg/hqdefault.jpg?sqp=-oaymwE2CNACELwBSFXyq4qpAygIARUAAIhCGAFwAcABBvABAfgB_gmAAtAFigIMCAAQARhlIGAoUzAP&rs=AOn4CLCGViEnIeBlx3f0BcSDOEFwrbMOvQ
7xZ5cTDre10,https://www.youtube.com/watch?v=7xZ5cTDre10,nueva marca BYD,4351.0,,streams,https://i.ytimg.com/vi/7xZ5cTDre10/hqdefault.jpg?sqp=-oaymwEcCNACELwBSFXyq4qpAw4IARUAAIhCGAFwAcABBg==&rs=AOn4CLDbRPtdsH3X-sO6hg7ktyeZakkSpA
UVIWejimQ9w,https://www.youtube.com/watch?v=UVIWejimQ9w,kavak es buena idea comprar?,4382.0,,streams,https://i.ytimg.com/vi/UVIWejimQ9w/hqdefault.jpg?sqp=-oaymwEcCNACELwBSFXyq4qpAw4IARUAAIhCGAFwAcABBg==&rs=AOn4CLCYtzd_iyxRTMRkeIwJLLxPbfMGwA
9BuEi0jKXY8,https://www.youtube.com/watch?v=9BuEi0jKXY8,estamos condenados a una invasion china?,3574.0,,streams,https://i.ytimg.com/vi/9BuEi0jKXY8/hqdefault.jpg?sqp=-oaymwE2CNACELwBSFXyq4qpAygIARUAAIhCGAFwAcABBvABAfgB_gmAAtAFigIMCAAQARhlIFYoSTAP&rs=AOn4CLAqrmFbj7i2DuA-jtlJLTaGViswPA
9oNMW7tk0ac,https://www.youtube.com/watch?v=9oNMW7tk0ac,estamos condenados a una invasion china?,2.0,,streams,https://i.ytimg.com/vi/9oNMW7tk0ac/hqdefault.jpg?sqp=-oaymwE2CNACELwBSFXyq4qpAygIARUAAIhCGAFwAcABBvABAfgB_gmAAtAFigIMCAAQARg_IFYoZTAP&rs=AOn4CLBVZFThWZreLYdpR7KQnPHQ72_mfQ
iJBvmldAkTY,https://www.youtube.com/watch?v=iJBvmldAkTY,chirrey puro producto para rey....,3607.0,,streams,https://i.ytimg.com/vi/iJBvmldAkTY/hqdefault.jpg?sqp=-oaymwE2CNACELwBSFXyq4qpAygIARUAAIhCGAFwAcABBvABAfgB_gmAAtAFigIMCAAQARhOIEgocjAP&rs=AOn4CLCKZ9K9tcGzz2KaN0TzlkIYD6US5w
g-rzhVwI2Ho,https://www.youtube.com/watch?v=g-rzhVwI2Ho,ford y su posible quiebra?,5110.0,,streams,https://i.ytimg.com/vi/g-rzhVwI2Ho/hqdefault.jpg?sqp=-oaymwE2CNACELwBSFXyq4qpAygIARUAAIhCGAFwAcABBvABAfgB_gmAAtAFigIMCAAQARhOIFUoZTAP&rs=AOn4CLAiJGRz_NB7YG4k_D_d_1I1WH71ew
adtbIkQQy5I,https://www.youtube.com/watch?v=adtbIkQQy5I,tixuz en vivo,2524.0,,streams,https://i.ytimg.com/vi/adtbIkQQy5I/hqdefault.jpg?sqp=-oaymwE2CNACELwBSFXyq4qpAygIARUAAIhCGAFwAcABBvABAfgB_gmAAtAFigIMCAAQARhlIGUoZTAP&rs=AOn4CLCzbq_TUSDmPBoMvaDxlaszcaIGrw
q7i-cAo3RTY,https://www.youtube.com/watch?v=q7i-cAo3RTY,"⚙️En vivo con Jaime , Cars Latino, Yorch, Andrea, Yogui, Gonzalo, Majo y Lalo 27/03/22",6272.0,,streams,https://i.ytimg.com/vi/q7i-cAo3RTY/hqdefault.jpg?sqp=-oaymwE2CNACELwBSFXyq4qpAygIARUAAIhCGAFwAcABBvABAfgB_gmAAtAFigIMCAAQARhlIF4oUjAP&rs=AOn4CLBMapyd00BzcTNZWyAnHUOnn-UibQ
uQUpMzipLgg,https://www.youtube.com/watch?v=uQUpMzipLgg,En VIVO | El Dios De Los Autos😱 Yogui y 🔴#LALOVARGAS 06/03/12,4352.0,,streams,https://i.ytimg.com/vi/uQUpMzipLgg/hqdefault.jpg?sqp=-oaymwEcCNACELwBSFXyq4qpAw4IARUAAIhCGAFwAcABBg==&rs=AOn4CLBL2gOlxbjjOXepptJDD-Rc4eM_aw
WwmMSW9njDw,https://www.youtube.com/watch?v=WwmMSW9njDw,"En VIVO| 📺 José El Dios, 😱 Cars Latíno y YOGUIENRIQUEENCINAS 🇲🇽🇵🇪ECHANDO DESMADR3",6865.0,,streams,https://i.ytimg.com/vi/WwmMSW9njDw/hqdefault.jpg?sqp=-oaymwEcCNACELwBSFXyq4qpAw4IARUAAIhCGAFwAcABBg==&rs=AOn4CLAnyDza5YPrIAQg6B7Cytk3CTgnDQ
b46fLHF7Uo4,https://www.youtube.com/watch?v=b46fLHF7Uo4,En VIVO| con el Adm1N de  1/4 de milla 🔄😱 21/02/22,5483.0,,streams,https://i.ytimg.com/vi/b46fLHF7Uo4/hqdefault.jpg?sqp=-oaymwEcCNACELwBSFXyq4qpAw4IARUAAIhCGAFwAcABBg==&rs=AOn4CLDav-3LnFBk6NPbjdcbV52NEGt0EA
iSYLUHxMLkw,https://www.youtube.com/watch?v=iSYLUHxMLkw,Yogui 🐻 y LALO en ➡️[VIVO] 20/02/22,4914.0,,streams,https://i.ytimg.com/vi/iSYLUHxMLkw/hqdefault.jpg?sqp=-oaymwEcCNACELwBSFXyq4qpAw4IARUAAIhCGAFwAcABBg==&rs=AOn4CLC6yChpfGtCxPsl5x6af8vCybOVrw
cwNxduNwbhI,https://www.youtube.com/watch?v=cwNxduNwbhI,En 📺VIVO |  Enrique Yogui 🐻 10/02/22,4222.0,,streams,https://i.ytimg.com/vi/cwNxduNwbhI/hqdefault.jpg?sqp=-oaymwEcCNACELwBSFXyq4qpAw4IARUAAIhCGAFwAcABBg==&rs=AOn4CLAxpYwFH2BIlMlAX03Xk3cNroVNZA
vaw_32fbfWo,https://www.youtube.com/watch?v=vaw_32fbfWo,🔴Las VENTAS de [ENERO] pal PERRO!! 🧾🧾💯 02/02/22,2686.0,,streams,https://i.ytimg.com/vi/vaw_32fbfWo/hqdefault.jpg?sqp=-oaymwEcCNACELwBSFXyq4qpAw4IARUAAIhCGAFwAcABBg==&rs=AOn4CLDQztfZTLXDNsf0DChG7WluHAO0nQ
LiJX-gj5Yw8,https://www.youtube.com/watch?v=LiJX-gj5Yw8,Yogui 🐻👊🏽Sigue VIVO!!!! 👈🏼16/01/22,2688.0,,streams,https://i.ytimg.com/vi/LiJX-gj5Yw8/hqdefault.jpg?sqp=-oaymwEcCNACELwBSFXyq4qpAw4IARUAAIhCGAFwAcABBg==&rs=AOn4CLBpeCmhz6-lL6mSH0FrYrHyXNiRkw
E6cxpG8WST4,https://www.youtube.com/watch?v=E6cxpG8WST4,Tixuz en vivo 2022,2292.0,,streams,https://i.ytimg.com/vi/E6cxpG8WST4/hqdefault.jpg?sqp=-oaymwEcCNACELwBSFXyq4qpAw4IARUAAIhCGAFwAcABBg==&rs=AOn4CLBiqcWPmletYw1k9YVVyB8m2jnNHQ
4HwnI3oQJbs,https://www.youtube.com/watch?v=4HwnI3oQJbs,TESLA -Conferencia de inversiones,570.0,,streams,https://i.ytimg.com/vi/4HwnI3oQJbs/hqdefault.jpg?sqp=-oaymwEcCNACELwBSFXyq4qpAw4IARUAAIhCGAFwAcABBg==&rs=AOn4CLC0IM4VLOZlhbLlhkyHu9NRy3ePRQ
qmZRgv6rEH8,https://www.youtube.com/watch?v=qmZRgv6rEH8,los precios de los autos imparables 2,4158.0,,streams,https://i.ytimg.com/vi/qmZRgv6rEH8/hqdefault.jpg?sqp=-oaymwE2CNACELwBSFXyq4qpAygIARUAAIhCGAFwAcABBvABAfgB1AaAAuADigIMCAAQARhlIFAoPzAP&rs=AOn4CLAFKVDoJIwaXILfed2KCYulnYLJQg
b8BVcfLygl8,https://www.youtube.com/watch?v=b8BVcfLygl8,los precios de los autos imparables con BOSCÓs CAMP 4X4,3097.0,,streams,https://i.ytimg.com/vi/b8BVcfLygl8/hqdefault.jpg?sqp=-oaymwE2CNACELwBSFXyq4qpAygIARUAAIhCGAFwAcABBvABAfgB1AaAAuADigIMCAAQARhlIE4oQDAP&rs=AOn4CLAPRgFxNlOHyFqFnCdBxZ501fH4dQ
qr1X7riAnX0,https://www.youtube.com/watch?v=qr1X7riAnX0,"Reunión: Chuy Quezada de #Mexicanicos, CARS LARTINO, YOGUI Y Lalo  en VIVO",4968.0,,streams,https://i.ytimg.com/vi/qr1X7riAnX0/hqdefault.jpg?sqp=-oaymwEcCNACELwBSFXyq4qpAw4IARUAAIhCGAFwAcABBg==&rs=AOn4CLBa7o3FJac5MtDzHrXCiuc4HGAWSA
mPfIO8uRpV4,https://www.youtube.com/watch?v=mPfIO8uRpV4,la falta de chips como afecta,4326.0,,streams,https://i.ytimg.com/vi/mPfIO8uRpV4/hqdefault.jpg?sqp=-oaymwEcCNACELwBSFXyq4qpAw4IARUAAIhCGAFwAcABBg==&rs=AOn4CLAmE1lWPpxrLQV2IarxoJT04Kc_tg
BqaKBqnh6qw,https://www.youtube.com/watch?v=BqaKBqnh6qw,como van las ventas de autos?,3372.0,,streams,https://i.ytimg.com/vi/BqaKBqnh6qw/hqdefault.jpg?sqp=-oaymwE2CNACELwBSFXyq4qpAygIARUAAIhCGAFwAcABBvABAfgB1AaAAuADigIMCAAQARhyID0oNzAP&rs=AOn4CLCvVlUboPqHdv8AgTVfvlXA0nMZlQ
hnDFVEydElY,https://www.youtube.com/watch?v=hnDFVEydElY,"JEEP  ¿Me lo compro, o NO me lo compro? @boscoscamp4x454",1576.0,,streams,https://i.ytimg.com/vi/hnDFVEydElY/hqdefault.jpg?sqp=-oaymwE2CNACELwBSFXyq4qpAygIARUAAIhCGAFwAcABBvABAfgB1AaAAuADigIMCAAQARhyIFAoPDAP&rs=AOn4CLCx_9fo464d_kmwEderoWaIOhk9jA
cPP5_NEffDM,https://www.youtube.com/watch?v=cPP5_NEffDM,@Ceci Pavía: Mis dibujos me llevaron a las 24 horas de Le Mans,1221.0,,streams,https://i.ytimg.com/vi/cPP5_NEffDM/hqdefault.jpg?sqp=-oaymwE2CNACELwBSFXyq4qpAygIARUAAIhCGAFwAcABBvABAfgB1AaAAuADigIMCAAQARh_IBooEzAP&rs=AOn4CLBrWqA7915EKQ88aI7VKT0N_XLXtw
u3CSUW3HTyo,https://www.youtube.com/watch?v=u3CSUW3HTyo,@alvazquez nos  cuenta que se pelea con Ford en la prueba de Bronco.,1725.0,,streams,https://i.ytimg.com/vi/u3CSUW3HTyo/hqdefault.jpg?sqp=-oaymwE2CNACELwBSFXyq4qpAygIARUAAIhCGAFwAcABBvABAfgB1AaAAuADigIMCAAQARhZIGUoRTAP&rs=AOn4CLD2tmvgmK3vRXt4m3jpO5yuLJe11A
UmS8QF3YT9s,https://www.youtube.com/watch?v=UmS8QF3YT9s,Reunión @gonzalo_conducir y @FormulaAutomotriz,4056.0,,streams,https://i.ytimg.com/vi/UmS8QF3YT9s/hqdefault.jpg?sqp=-oaymwE2CNACELwBSFXyq4qpAygIARUAAIhCGAFwAcABBvABAfgB1AaAAuADigIMCAAQARhlIFcoWDAP&rs=AOn4CLC5Bs74x4IKBR6OtCbE6HEzsN1Cuw
YUbral_wZC0,https://www.youtube.com/watch?v=YUbral_wZC0,Mario Domínguez nos platica su experiencia con los autos de carreras eléctricos l TIXUZ,2040.0,,streams,https://i.ytimg.com/vi/YUbral_wZC0/hqdefault.jpg?sqp=-oaymwE2CNACELwBSFXyq4qpAygIARUAAIhCGAFwAcABBvABAfgB1AaAAuADigIMCAAQARhlIEsoPTAP&rs=AOn4CLCRgNksAaN0CGsiDWawsHO5YKCFPw
Bpy2kPTqDPs,https://www.youtube.com/watch?v=Bpy2kPTqDPs,Tixuz en VIVO y Nelly pasa a saludar.,5711.0,,streams,https://i.ytimg.com/vi/Bpy2kPTqDPs/hqdefault.jpg?sqp=-oaymwE2CNACELwBSFXyq4qpAygIARUAAIhCGAFwAcABBvABAfgB1AaAAuADigIMCAAQARhPIE8oZTAP&rs=AOn4CLAMxle3nCA_dVrB__bQ7QzefiA8eA
s66y4jVAkws,https://www.youtube.com/watch?v=s66y4jVAkws,TIXUZ - PLÁTICA EN VIVO,3620.0,,streams,https://i.ytimg.com/vi/s66y4jVAkws/hqdefault.jpg?sqp=-oaymwE2CNACELwBSFXyq4qpAygIARUAAIhCGAFwAcABBvABAfgB1AaAAuADigIMCAAQARhyIEMoPDAP&rs=AOn4CLDGcUPz6-zZV7jqQDkb8oYzVqGRKw
doZT8-mRqGg,https://www.youtube.com/watch?v=doZT8-mRqGg,tixuz en vivo,3531.0,,streams,https://i.ytimg.com/vi/doZT8-mRqGg/hqdefault.jpg?sqp=-oaymwE2CNACELwBSFXyq4qpAygIARUAAIhCGAFwAcABBvABAfgB1AaAAuADigIMCAAQARhlIGUoZTAP&rs=AOn4CLACPx06px5WphwGoQLYTo0LiG4Wlw
RRaZRMU6NMM,https://www.youtube.com/watch?v=RRaZRMU6NMM,Majo Rodríguez - Piloto profesional de autos de carreras,1226.0,,streams,https://i.ytimg.com/vi/RRaZRMU6NMM/hqdefault.jpg?sqp=-oaymwEcCNACELwBSFXyq4qpAw4IARUAAIhCGAFwAcABBg==&rs=AOn4CLBYicsulvvM4PGINm3SWVW_jYPWCA
HIN_ak_qGOc,https://www.youtube.com/watch?v=HIN_ak_qGOc,Autos y agencias con Ricardo Guzmán de @cuartodemillamexico,3566.0,,streams,https://i.ytimg.com/vi/HIN_ak_qGOc/hqdefault.jpg?sqp=-oaymwE2CNACELwBSFXyq4qpAygIARUAAIhCGAFwAcABBvABAfgB1AaAAuADigIMCAAQARhlIFUoUTAP&rs=AOn4CLA_K1AvPBzruj2FaAOS3ApIldngQw
RQQTkglWkDw,https://www.youtube.com/watch?v=RQQTkglWkDw,tixuz en vivo- carros actuales y antiguos.,2996.0,,streams,https://i.ytimg.com/vi/RQQTkglWkDw/hqdefault.jpg?sqp=-oaymwE2CNACELwBSFXyq4qpAygIARUAAIhCGAFwAcABBvABAfgB1AaAAuADigIMCAAQARhyIE4oOjAP&rs=AOn4CLAQ_646aA-FpPGSt4gqibZRdUXQ8A
zy8qsl4H0pY,https://www.youtube.com/watch?v=zy8qsl4H0pY,Brenda Villarreal: soy tricampeón de 1/4 de milla en motocicleta.,2396.0,,streams,https://i.ytimg.com/vi/zy8qsl4H0pY/hqdefault.jpg?sqp=-oaymwEcCNACELwBSFXyq4qpAw4IARUAAIhCGAFwAcABBg==&rs=AOn4CLB3fFB0omfO3Uhs3V7oaZfgGLJTxQ
wv9hqZGyBdM,https://www.youtube.com/watch?v=wv9hqZGyBdM,#EduardoVargas #RatónMiguelito #YoguiEncinas #reunión #Tixuz,3596.0,,streams,https://i.ytimg.com/vi/wv9hqZGyBdM/hqdefault.jpg?sqp=-oaymwE2CNACELwBSFXyq4qpAygIARUAAIhCGAFwAcABBvABAfgB1AaAAuADigIMCAAQARhMIEwoZTAP&rs=AOn4CLDTNLiKrC0QPwf8lKeSz752kQqZ-g
Z5S0IvF43ng,https://www.youtube.com/watch?v=Z5S0IvF43ng,Eduardo Vargas reunión Tixuz,3656.0,,streams,https://i.ytimg.com/vi/Z5S0IvF43ng/hqdefault.jpg?sqp=-oaymwEcCNACELwBSFXyq4qpAw4IARUAAIhCGAFwAcABBg==&rs=AOn4CLDjsgEvmPLrUcRTEQGkF7LlMWFh9A
RfJPYP77IY8,https://www.youtube.com/watch?v=RfJPYP77IY8,Tixuz en vivo,1631.0,,streams,https://i.ytimg.com/vi/RfJPYP77IY8/hqdefault.jpg?sqp=-oaymwEcCNACELwBSFXyq4qpAw4IARUAAIhCGAFwAcABBg==&rs=AOn4CLBO_vfimXTeVVnkLasDj2-CWEoW6Q
ycsA96LFQlo,https://www.youtube.com/watch?v=ycsA96LFQlo,Tixuz en vivo,4566.0,,streams,https://i.ytimg.com/vi/ycsA96LFQlo/hqdefault.jpg?sqp=-oaymwEcCNACELwBSFXyq4qpAw4IARUAAIhCGAFwAcABBg==&rs=AOn4CLCXxPB8a4noIJt-krrcGtPogGNXig
-1Jc3nKKl-w,https://www.youtube.com/watch?v=-1Jc3nKKl-w,Transmisión en vivo de Tixuz,2706.0,,streams,https://i.ytimg.com/vi/-1Jc3nKKl-w/hqdefault.jpg?sqp=-oaymwEcCNACELwBSFXyq4qpAw4IARUAAIhCGAFwAcABBg==&rs=AOn4CLDMC42nh7LoFNlpjxkRGOBGJjsxqQ
bh2fmf6UY5M,https://www.youtube.com/watch?v=bh2fmf6UY5M,Transmisión en vivo de Tixuz,2128.0,,streams,https://i.ytimg.com/vi/bh2fmf6UY5M/hqdefault.jpg?sqp=-oaymwEcCNACELwBSFXyq4qpAw4IARUAAIhCGAFwAcABBg==&rs=AOn4CLAkjF-5YEE8JqXDAOJaPkhq1g5hPA
jwhj8wIDKv4,https://www.youtube.com/watch?v=jwhj8wIDKv4,Transmisión en vivo de Tixuz,101.0,,streams,https://i.ytimg.com/vi/jwhj8wIDKv4/hqdefault.jpg?sqp=-oaymwEcCNACELwBSFXyq4qpAw4IARUAAIhCGAFwAcABBg==&rs=AOn4CLD82ZS8S2NfTmVGfGTqu3CCpWKV5Q
4Y6TnyOpdiA,https://www.youtube.com/watch?v=4Y6TnyOpdiA,Tixuz en Vivo!,3039.0,,streams,https://i.ytimg.com/vi/4Y6TnyOpdiA/hqdefault.jpg?sqp=-oaymwEcCNACELwBSFXyq4qpAw4IARUAAIhCGAFwAcABBg==&rs=AOn4CLBu6Uk0Ov2h907ipi_biKqtLltz3w
5M5vzuwHiSY,https://www.youtube.com/watch?v=5M5vzuwHiSY,Tixuz en Vivo con Zoom!,2419.0,,streams,https://i.ytimg.com/vi/5M5vzuwHiSY/hqdefault.jpg?sqp=-oaymwEcCNACELwBSFXyq4qpAw4IARUAAIhCGAFwAcABBg==&rs=AOn4CLBjxwf2Nt3NaU-VAFlbcakOJwf1CQ
X74v5uGKqBw,https://www.youtube.com/watch?v=X74v5uGKqBw,Eduardo y @Yogui Enrique Encinas  en vivo,2882.0,,streams,https://i.ytimg.com/vi/X74v5uGKqBw/hqdefault.jpg?sqp=-oaymwEcCNACELwBSFXyq4qpAw4IARUAAIhCGAFwAcABBg==&rs=AOn4CLDB0Z6d4Q90uxPAWvotacvx_1XV7w
ELuAC8OiXs8,https://www.youtube.com/watch?v=ELuAC8OiXs8,Eduardo Vargasreunión Zoom de,61.0,,streams,https://i.ytimg.com/vi/ELuAC8OiXs8/hqdefault.jpg?sqp=-oaymwEcCNACELwBSFXyq4qpAw4IARUAAIhCGAFwAcABBg==&rs=AOn4CLAFSn4lI1ze-YB8VpJwAUIPvYtx4A
LByoRMUqV60,https://www.youtube.com/watch?v=LByoRMUqV60,"Tixuz en vivo @LuisSillas , Lalo y @YoguiEnriqueEncinas  (Cuando llegue...)",2696.0,,streams,https://i.ytimg.com/vi/LByoRMUqV60/hqdefault.jpg?sqp=-oaymwEcCNACELwBSFXyq4qpAw4IARUAAIhCGAFwAcABBg==&rs=AOn4CLBxGs9dim8qoRHQvnM9SEC3WG6r0A
wq-uQrXDUgU,https://www.youtube.com/watch?v=wq-uQrXDUgU,Tixuz en vivo @LuisSillas  y Lalo,3793.0,,streams,https://i.ytimg.com/vi/wq-uQrXDUgU/hqdefault.jpg?sqp=-oaymwEcCNACELwBSFXyq4qpAw4IARUAAIhCGAFwAcABBg==&rs=AOn4CLBQV6Wovcb9HJU-MUfL41mRkXWjYQ
vJPqFcpdCNQ,https://www.youtube.com/watch?v=vJPqFcpdCNQ,"Tixuz en vivo @Luis Sillas , @Yogui Enrique Encinas  y Lalo",1892.0,,streams,https://i.ytimg.com/vi/vJPqFcpdCNQ/hqdefault.jpg?sqp=-oaymwEcCNACELwBSFXyq4qpAw4IARUAAIhCGAFwAcABBg==&rs=AOn4CLB_GsE8PheENFAa6FzVVESzVzu4Sw
uLBjEoV6tgg,https://www.youtube.com/watch?v=uLBjEoV6tgg,"Tixuz en vivo @LuisSillas , @YoguiEnriqueEncinas  y Lalo",2894.0,,streams,https://i.ytimg.com/vi/uLBjEoV6tgg/hqdefault.jpg?sqp=-oaymwEcCNACELwBSFXyq4qpAw4IARUAAIhCGAFwAcABBg==&rs=AOn4CLBqBS3yqvJy0YBXZQmNAUrJoQwNEA
6y7w1n0moFw,https://www.youtube.com/watch?v=6y7w1n0moFw,"Tixuz en vivo Luis, Yogui y Lalo",3696.0,,streams,https://i.ytimg.com/vi/6y7w1n0moFw/hqdefault.jpg?sqp=-oaymwEcCNACELwBSFXyq4qpAw4IARUAAIhCGAFwAcABBg==&rs=AOn4CLCmmyiR71LFC9PNGaDGnssTmfUI5A
Tt5yrDmyQYk,https://www.youtube.com/watch?v=Tt5yrDmyQYk,"Tixuz en vivo Luis, Yogui, juan (CARS LATINO) lalo",3038.0,,streams,https://i.ytimg.com/vi/Tt5yrDmyQYk/hqdefault.jpg?sqp=-oaymwEcCNACELwBSFXyq4qpAw4IARUAAIhCGAFwAcABBg==&rs=AOn4CLBrhG_Vm575Rxk6ZQ_NJUDpSQ8_LQ
lVFb-hCjQp4,https://www.youtube.com/watch?v=lVFb-hCjQp4,"Tixuz en vivo Luis, Yogui, raton y lalo",3489.0,,streams,https://i.ytimg.com/vi/lVFb-hCjQp4/hqdefault.jpg?sqp=-oaymwEcCNACELwBSFXyq4qpAw4IARUAAIhCGAFwAcABBg==&rs=AOn4CLD4UT-SMfGQ_s4LG9T96MkwSXkvrA
9TEAZuq857c,https://www.youtube.com/watch?v=9TEAZuq857c,"Tixuz en vivo Luis, Yogui y Lalo",2172.0,,streams,https://i.ytimg.com/vi/9TEAZuq857c/hqdefault.jpg?sqp=-oaymwEcCNACELwBSFXyq4qpAw4IARUAAIhCGAFwAcABBg==&rs=AOn4CLBtTkS29Xep8_Xun73a1OiAg5Wv4w
I2iRBEvrMDs,https://www.youtube.com/watch?v=I2iRBEvrMDs,"Ni el coronavirus puede con nosotros, en vivo Luis y Lalo",4001.0,,streams,https://i.ytimg.com/vi/I2iRBEvrMDs/hqdefault.jpg?sqp=-oaymwEcCNACELwBSFXyq4qpAw4IARUAAIhCGAFwAcABBg==&rs=AOn4CLDRSIrBHoKQOkP720uwCkwDO6Ju_g
utPIVekJolg,https://www.youtube.com/watch?v=utPIVekJolg,"Ni el coronavirus puede con nosotros, en vivo Luis y Lalo",3705.0,,streams,https://i.ytimg.com/vi/utPIVekJolg/hqdefault.jpg?sqp=-oaymwEcCNACELwBSFXyq4qpAw4IARUAAIhCGAFwAcABBg==&rs=AOn4CLBHpEpjiVJnYSJiC32Ho1gTQ_cxsA
6PX6ZylEMMs,https://www.youtube.com/watch?v=6PX6ZylEMMs,un oso y un teoporocho sacandolos de su miseeria en la cuarentena,6363.0,,streams,https://i.ytimg.com/vi/6PX6ZylEMMs/hqdefault.jpg?sqp=-oaymwEcCNACELwBSFXyq4qpAw4IARUAAIhCGAFwAcABBg==&rs=AOn4CLDbxpwe7bw970N4nZX4W2BY5JuGNg
8LtF_p69oTY,https://www.youtube.com/watch?v=8LtF_p69oTY,Tixuz en Vivo con Daniel Ibarr DILO / PARTE 2,3232.0,,streams,https://i.ytimg.com/vi/8LtF_p69oTY/hqdefault.jpg?sqp=-oaymwEcCNACELwBSFXyq4qpAw4IARUAAIhCGAFwAcABBg==&rs=AOn4CLCzVPhN8Vp7iiaidGzw-sVrGf1A9Q
GCQ8JvFIZNg,https://www.youtube.com/watch?v=GCQ8JvFIZNg,"Ni el coronavirus puede con nosotros, en vivo Luis y Lalo",3095.0,,streams,https://i.ytimg.com/vi/GCQ8JvFIZNg/hqdefault.jpg?sqp=-oaymwEcCNACELwBSFXyq4qpAw4IARUAAIhCGAFwAcABBg==&rs=AOn4CLA4JdTiRatFvm92-_lw9xBQUqSdkg
X_DI1vPmqeI,https://www.youtube.com/watch?v=X_DI1vPmqeI,Subasta Toyota Sienna 2011 LE,3.0,,streams,https://i.ytimg.com/vi/X_DI1vPmqeI/hqdefault.jpg?sqp=-oaymwEcCNACELwBSFXyq4qpAw4IARUAAIhCGAFwAcABBg==&rs=AOn4CLA66tMoigBkndHr865LfcF1QoGNZQ
7HkXeYQk_aU,https://www.youtube.com/watch?v=7HkXeYQk_aU,Tixuz En Vivo!,2639.0,,streams,https://i.ytimg.com/vi/7HkXeYQk_aU/hqdefault.jpg?sqp=-oaymwEcCNACELwBSFXyq4qpAw4IARUAAIhCGAFwAcABBg==&rs=AOn4CLARJcErjvrnW5sSK3SnnM9UVosMJg
f8VsT90cW8c,https://www.youtube.com/watch?v=f8VsT90cW8c,Tixuz En VIVO!,2278.0,,streams,https://i.ytimg.com/vi/f8VsT90cW8c/hqdefault.jpg?sqp=-oaymwEcCNACELwBSFXyq4qpAw4IARUAAIhCGAFwAcABBg==&rs=AOn4CLCP3rAIx0EXT7RIDoworkBLyQs-2A
p8hAfR6oz-4,https://www.youtube.com/watch?v=p8hAfR6oz-4,@YoguiEnriqueEncinas  Y Lalo En VIVO,3095.0,,streams,https://i.ytimg.com/vi/p8hAfR6oz-4/hqdefault.jpg?sqp=-oaymwEcCNACELwBSFXyq4qpAw4IARUAAIhCGAFwAcABBg==&rs=AOn4CLCrg9l7YXeUTRqJvjCMOqeCk1DeDg
J57bii0QZ50,https://www.youtube.com/watch?v=J57bii0QZ50,Tixuz En Vivo,2530.0,,streams,https://i.ytimg.com/vi/J57bii0QZ50/hqdefault.jpg?sqp=-oaymwEcCNACELwBSFXyq4qpAw4IARUAAIhCGAFwAcABBg==&rs=AOn4CLDBXAVTUjEWdQnHDIhdYCEer-TrKQ
IZi2jEPQouU,https://www.youtube.com/watch?v=IZi2jEPQouU,Tixuz En Vivo Con Yogui,2789.0,,streams,https://i.ytimg.com/vi/IZi2jEPQouU/hqdefault.jpg?sqp=-oaymwEcCNACELwBSFXyq4qpAw4IARUAAIhCGAFwAcABBg==&rs=AOn4CLDN-FO3GEOOtuaxszWlKXy943IjmA
mP4VSKy23UM,https://www.youtube.com/watch?v=mP4VSKy23UM,@Luis Sillas  Y Lalo En Vivo!,2678.0,,streams,https://i.ytimg.com/vi/mP4VSKy23UM/hqdefault.jpg?sqp=-oaymwEcCNACELwBSFXyq4qpAw4IARUAAIhCGAFwAcABBg==&rs=AOn4CLDMKZQ7ARZaFRdjs6KRsGVyCwOg1w
HbKRhznXgxc,https://www.youtube.com/watch?v=HbKRhznXgxc,"En vivo, Luis porque Lalo y Yogui andan de viaje ""Al mismo tiempo""...",3072.0,,streams,https://i.ytimg.com/vi/HbKRhznXgxc/hqdefault.jpg?sqp=-oaymwEcCNACELwBSFXyq4qpAw4IARUAAIhCGAFwAcABBg==&rs=AOn4CLC7fNmXQ7eJiOfyPt1O0VrrrTGC6A
AKKsQIWjldM,https://www.youtube.com/watch?v=AKKsQIWjldM,Tixuz,2856.0,,streams,https://i.ytimg.com/vi/AKKsQIWjldM/hqdefault.jpg?sqp=-oaymwEcCNACELwBSFXyq4qpAw4IARUAAIhCGAFwAcABBg==&rs=AOn4CLCZwtvMENKJb4eap7cBjSRvXdRT4Q
22s8CzwjaYg,https://www.youtube.com/watch?v=22s8CzwjaYg,Tixuz En Vivo,3766.0,,streams,https://i.ytimg.com/vi/22s8CzwjaYg/hqdefault.jpg?sqp=-oaymwEcCNACELwBSFXyq4qpAw4IARUAAIhCGAFwAcABBg==&rs=AOn4CLCdco1Y3Fw_rPXToHMvcykHOoT8CQ
uZxSm_nEn5c,https://www.youtube.com/watch?v=uZxSm_nEn5c,Tixuz En Vivo,2331.0,,streams,https://i.ytimg.com/vi/uZxSm_nEn5c/hqdefault.jpg?sqp=-oaymwEcCNACELwBSFXyq4qpAw4IARUAAIhCGAFwAcABBg==&rs=AOn4CLCllTE2f3EhnL1bzbhs-TY_92koGA
k4jgnupkPPY,https://www.youtube.com/watch?v=k4jgnupkPPY,Yogui Y Lalo En Vivo,3006.0,,streams,https://i.ytimg.com/vi/k4jgnupkPPY/hqdefault.jpg?sqp=-oaymwEcCNACELwBSFXyq4qpAw4IARUAAIhCGAFwAcABBg==&rs=AOn4CLAxQVuY9nebjfzS2O_fsUG0GMM8vw
xRxxvy1kDx0,https://www.youtube.com/watch?v=xRxxvy1kDx0,Tixuz En Vivo,2531.0,,streams,https://i.ytimg.com/vi/xRxxvy1kDx0/hqdefault.jpg?sqp=-oaymwEcCNACELwBSFXyq4qpAw4IARUAAIhCGAFwAcABBg==&rs=AOn4CLBCACMGZe4K1toE606LcOXCaYy0gg
l75y0y-agW0,https://www.youtube.com/watch?v=l75y0y-agW0,@YoguiEnriqueEncinas  Y Lalo Hablando De Autos,3756.0,,streams,https://i.ytimg.com/vi/l75y0y-agW0/hqdefault.jpg?sqp=-oaymwEcCNACELwBSFXyq4qpAw4IARUAAIhCGAFwAcABBg==&rs=AOn4CLAut7MDSGl7gRI1e9WGkQSWy8WYWA
bDkrF2bjVzE,https://www.youtube.com/watch?v=bDkrF2bjVzE,En vivo desde la presentación del Toyota Supra en GDL,931.0,,streams,https://i.ytimg.com/vi/bDkrF2bjVzE/hqdefault.jpg?sqp=-oaymwEcCNACELwBSFXyq4qpAw4IARUAAIhCGAFwAcABBg==&rs=AOn4CLAIV398Xgcg9IZ7jgkAZ5YRDrGyHQ
vGy5ugFgJK4,https://www.youtube.com/watch?v=vGy5ugFgJK4,Hablando de Autos en Vivo #4,2501.0,,streams,https://i.ytimg.com/vi/vGy5ugFgJK4/hqdefault.jpg?sqp=-oaymwEcCNACELwBSFXyq4qpAw4IARUAAIhCGAFwAcABBg==&rs=AOn4CLArwNDUCy8jovazft1yXTdqIwgP_A
NcEH4jK2kq0,https://www.youtube.com/watch?v=NcEH4jK2kq0,Hablando de Autos en Vivo #3,2846.0,,streams,https://i.ytimg.com/vi/NcEH4jK2kq0/hqdefault.jpg?sqp=-oaymwEcCNACELwBSFXyq4qpAw4IARUAAIhCGAFwAcABBg==&rs=AOn4CLCrig-bdzqRqgQ-xFsuV4XbmupYzQ
zn3KVHZHIUw,https://www.youtube.com/watch?v=zn3KVHZHIUw,TIXUZ Vs @cuartodemillamexico,5166.0,,streams,https://i.ytimg.com/vi/zn3KVHZHIUw/hqdefault.jpg?sqp=-oaymwEcCNACELwBSFXyq4qpAw4IARUAAIhCGAFwAcABBg==&rs=AOn4CLC04mYY08lwOUYEGY8x9nUqn3rCWA
YuWOcMFrOgI,https://www.youtube.com/watch?v=YuWOcMFrOgI,Hablando de Autos en Vivo #2,2868.0,,streams,https://i.ytimg.com/vi/YuWOcMFrOgI/hqdefault.jpg?sqp=-oaymwEcCNACELwBSFXyq4qpAw4IARUAAIhCGAFwAcABBg==&rs=AOn4CLCJla2yMCSGB_J7FORNYPGNijT3HA
BbL-Ue6ZHeg,https://www.youtube.com/watch?v=BbL-Ue6ZHeg,Nissan Se Defiende,3309.0,,streams,https://i.ytimg.com/vi/BbL-Ue6ZHeg/hqdefault.jpg?sqp=-oaymwEcCNACELwBSFXyq4qpAw4IARUAAIhCGAFwAcABBg==&rs=AOn4CLDR6OYQUwnwGN1bQf0onvwwtPWInA
ygFyp2yIpl8,https://www.youtube.com/watch?v=ygFyp2yIpl8,Lalo Y Yogi 2 Vuelta,2346.0,,streams,https://i.ytimg.com/vi/ygFyp2yIpl8/hqdefault.jpg?sqp=-oaymwEcCNACELwBSFXyq4qpAw4IARUAAIhCGAFwAcABBg==&rs=AOn4CLDKbifhjQhSTX6bXADCCG9ArTdtHg
3ACKTtlNtFc,https://www.youtube.com/watch?v=3ACKTtlNtFc,Yogi Y Lalo En Vivo,316.0,,streams,https://i.ytimg.com/vi/3ACKTtlNtFc/hqdefault.jpg?sqp=-oaymwEcCNACELwBSFXyq4qpAw4IARUAAIhCGAFwAcABBg==&rs=AOn4CLBsDyWLNQY3rMsTmfgFZuenZOeJFA
ONwDixMCFF0,https://www.youtube.com/watch?v=ONwDixMCFF0,"Nely, Lalo Y Luis",3496.0,,streams,https://i.ytimg.com/vi/ONwDixMCFF0/hqdefault.jpg?sqp=-oaymwEcCNACELwBSFXyq4qpAw4IARUAAIhCGAFwAcABBg==&rs=AOn4CLDixJe4F-JtHC8vYIdFIWhXuMGkpQ
Wj2PPKMbqWw,https://www.youtube.com/watch?v=Wj2PPKMbqWw,Luis Y Lalo En Vivo Denuevo,1971.0,,streams,https://i.ytimg.com/vi/Wj2PPKMbqWw/hqdefault.jpg?sqp=-oaymwEcCNACELwBSFXyq4qpAw4IARUAAIhCGAFwAcABBg==&rs=AOn4CLDPMiwv9cI0KJ-ycTWP1Hi8xKLBDQ
1MplKa7O-VU,https://www.youtube.com/watch?v=1MplKa7O-VU,@Luis Sillas y Lalo Vargas En Vivo,2683.0,,streams,https://i.ytimg.com/vi/1MplKa7O-VU/hqdefault.jpg?sqp=-oaymwEcCNACELwBSFXyq4qpAw4IARUAAIhCGAFwAcABBg==&rs=AOn4CLC5N1L2e3Bacw-CQIy-EcnIq4RoBQ
yZN6hYLQwrQ,https://www.youtube.com/watch?v=yZN6hYLQwrQ,"Luis, Yogui y Lalo En Vivo",3176.0,,streams,https://i.ytimg.com/vi/yZN6hYLQwrQ/hqdefault.jpg?sqp=-oaymwEcCNACELwBSFXyq4qpAw4IARUAAIhCGAFwAcABBg==&rs=AOn4CLCWsHJ5jJOFEeQg7fiMjsTlFMjqAg
F7bT98dgLZ0,https://www.youtube.com/watch?v=F7bT98dgLZ0,Yogi Y Lalo En Vivo,5006.0,,streams,https://i.ytimg.com/vi/F7bT98dgLZ0/hqdefault.jpg?sqp=-oaymwEcCNACELwBSFXyq4qpAw4IARUAAIhCGAFwAcABBg==&rs=AOn4CLDeTOIVMBl4h-EYPNsU3WwrIaxUjw
hIoa6M8X9lY,https://www.youtube.com/watch?v=hIoa6M8X9lY,Yogi Luis Y Lalo,3640.0,,streams,https://i.ytimg.com/vi/hIoa6M8X9lY/hqdefault.jpg?sqp=-oaymwEcCNACELwBSFXyq4qpAw4IARUAAIhCGAFwAcABBg==&rs=AOn4CLBhfc8GeTKQohzPA-v6BVD5uqnvlA
ipfFqKbRhq8,https://www.youtube.com/watch?v=ipfFqKbRhq8,Yogi Y Lalo Cuarto Intento,3796.0,,streams,https://i.ytimg.com/vi/ipfFqKbRhq8/hqdefault.jpg?sqp=-oaymwEcCNACELwBSFXyq4qpAw4IARUAAIhCGAFwAcABBg==&rs=AOn4CLAYWnzP2b3CFiOP0rY4JUMNuwQE5A
p3v8YEbCgcw,https://www.youtube.com/watch?v=p3v8YEbCgcw,En vivo Lalo y Luis en... La revancha de los vaguetos...,4474.0,,streams,https://i.ytimg.com/vi/p3v8YEbCgcw/hqdefault.jpg?sqp=-oaymwEcCNACELwBSFXyq4qpAw4IARUAAIhCGAFwAcABBg==&rs=AOn4CLCnOTb196TYXml14vuxPBlSat8bMg
uRF2tgT6Mr8,https://www.youtube.com/watch?v=uRF2tgT6Mr8,Victor Puente Manuel  Santillan Y Lalo En Vivo,5596.0,,streams,https://i.ytimg.com/vi/uRF2tgT6Mr8/hqdefault.jpg?sqp=-oaymwEcCNACELwBSFXyq4qpAw4IARUAAIhCGAFwAcABBg==&rs=AOn4CLBK4Rzee9EsHFVvbx9Egr4UvK6Kug
sIXo0AwAx-8,https://www.youtube.com/watch?v=sIXo0AwAx-8,Luis Y Lalo respondiendo preguntas en vivo,5511.0,,streams,https://i.ytimg.com/vi/sIXo0AwAx-8/hqdefault.jpg?sqp=-oaymwEcCNACELwBSFXyq4qpAw4IARUAAIhCGAFwAcABBg==&rs=AOn4CLB5lbqp6JM6Yok5cvtxdQywQfCR4g
dx2woataYdI,https://www.youtube.com/watch?v=dx2woataYdI,Luis Y Lalo En Vivo,4031.0,,streams,https://i.ytimg.com/vi/dx2woataYdI/hqdefault.jpg?sqp=-oaymwEcCNACELwBSFXyq4qpAw4IARUAAIhCGAFwAcABBg==&rs=AOn4CLDGLIZcjoCoq7p9_OUaUe9Qq3sl9A
5jluucTG0B8,https://www.youtube.com/watch?v=5jluucTG0B8,"Luis, Lalo Y Yogui en vivo",2966.0,,streams,https://i.ytimg.com/vi/5jluucTG0B8/hqdefault.jpg?sqp=-oaymwEcCNACELwBSFXyq4qpAw4IARUAAIhCGAFwAcABBg==&rs=AOn4CLBJaWwgY7-ytqF2LbThB8djAfIssg
U_U_fbT4BLE,https://www.youtube.com/watch?v=U_U_fbT4BLE,@Sergio Oliveira  Y Lalo En Vivo.,1366.0,,streams,https://i.ytimg.com/vi/U_U_fbT4BLE/hqdefault.jpg?sqp=-oaymwEcCNACELwBSFXyq4qpAw4IARUAAIhCGAFwAcABBg==&rs=AOn4CLBXqVQH3H195AtymE-devjQd4SRIA
mz5eCOslQg0,https://www.youtube.com/watch?v=mz5eCOslQg0,Yogi Y Lalo En Vivo; autos clasicos,4986.0,,streams,https://i.ytimg.com/vi/mz5eCOslQg0/hqdefault.jpg?sqp=-oaymwEcCNACELwBSFXyq4qpAw4IARUAAIhCGAFwAcABBg==&rs=AOn4CLBte8sucWOh-lH_bTQukDXCUJn4Pg
gsYyXhHChQ8,https://www.youtube.com/watch?v=gsYyXhHChQ8,Protesta,800.0,,streams,https://i.ytimg.com/vi/gsYyXhHChQ8/hqdefault.jpg?sqp=-oaymwEcCNACELwBSFXyq4qpAw4IARUAAIhCGAFwAcABBg==&rs=AOn4CLAjJWnUCb5j47eNtnk0IARfJUyG4g
eJCxLAv7wos,https://www.youtube.com/watch?v=eJCxLAv7wos,Sergio Y Lalo en Vivo,1501.0,,streams,https://i.ytimg.com/vi/eJCxLAv7wos/hqdefault.jpg?sqp=-oaymwEcCNACELwBSFXyq4qpAw4IARUAAIhCGAFwAcABBg==&rs=AOn4CLDgoK2B3oQhifhczqNyx5jwz0gY8Q
xb36oXDAqzs,https://www.youtube.com/watch?v=xb36oXDAqzs,Luis Y Lalo En Vivo,3346.0,,streams,https://i.ytimg.com/vi/xb36oXDAqzs/hqdefault.jpg?sqp=-oaymwEcCNACELwBSFXyq4qpAw4IARUAAIhCGAFwAcABBg==&rs=AOn4CLAL9MkuiGpYXl1hNCqcYgA23b7ThQ
ypHwUPzguCQ,https://www.youtube.com/watch?v=ypHwUPzguCQ,Luis Y Lalo En Vivo,3796.0,,streams,https://i.ytimg.com/vi/ypHwUPzguCQ/hqdefault.jpg?sqp=-oaymwEcCNACELwBSFXyq4qpAw4IARUAAIhCGAFwAcABBg==&rs=AOn4CLCTopFL-pOXlHj3LI_E3-wyNVd0xg
5eKKVowVVlw,https://www.youtube.com/watch?v=5eKKVowVVlw,En Vivo Luis Y Lalo,3911.0,,streams,https://i.ytimg.com/vi/5eKKVowVVlw/hqdefault.jpg?sqp=-oaymwEcCNACELwBSFXyq4qpAw4IARUAAIhCGAFwAcABBg==&rs=AOn4CLBzTI8rLQ3QN51G5_srwVhkaAOGkQ
thGIktrZHto,https://www.youtube.com/watch?v=thGIktrZHto,Charla en vivo Luis y Lalo,3551.0,,streams,https://i.ytimg.com/vi/thGIktrZHto/hqdefault.jpg?sqp=-oaymwEcCNACELwBSFXyq4qpAw4IARUAAIhCGAFwAcABBg==&rs=AOn4CLBY9V457JMSoKCa77WXcXkcQ0_7kQ
FnkzmgEaHGg,https://www.youtube.com/watch?v=FnkzmgEaHGg,Lalo Preguntas Del Canal,2336.0,,streams,https://i.ytimg.com/vi/FnkzmgEaHGg/hqdefault.jpg?sqp=-oaymwEcCNACELwBSFXyq4qpAw4IARUAAIhCGAFwAcABBg==&rs=AOn4CLBDA6qOOQaSp6wLr0dZbb_DdXAhrA
SI2_OzVtoGo,https://www.youtube.com/watch?v=SI2_OzVtoGo,En Vivo; Lalo Vargas y @Luis Sillas,2576.0,,streams,https://i.ytimg.com/vi/SI2_OzVtoGo/hqdefault.jpg?sqp=-oaymwEcCNACELwBSFXyq4qpAw4IARUAAIhCGAFwAcABBg==&rs=AOn4CLBnz6rLN8aqnaojilNXXabNIDukUQ
17W9jSPN6BA,https://www.youtube.com/watch?v=17W9jSPN6BA,En Vivo Lalo Y Luis,2291.0,,streams,https://i.ytimg.com/vi/17W9jSPN6BA/hqdefault.jpg?sqp=-oaymwEcCNACELwBSFXyq4qpAw4IARUAAIhCGAFwAcABBg==&rs=AOn4CLBiCYCvPk9H06sI3v8qZJCOI27lRg
9NyrCTGX0Yc,https://www.youtube.com/watch?v=9NyrCTGX0Yc,Charla Vivo Lalo Y Luis.,3936.0,,streams,https://i.ytimg.com/vi/9NyrCTGX0Yc/hqdefault.jpg?sqp=-oaymwEcCNACELwBSFXyq4qpAw4IARUAAIhCGAFwAcABBg==&rs=AOn4CLCZUBUX6Qr4mQkHDMk3NBHRo2fBOQ
5UcFGKOAJkI,https://www.youtube.com/watch?v=5UcFGKOAJkI,Charla En Vivo Lalo Y Luis,3076.0,,streams,https://i.ytimg.com/vi/5UcFGKOAJkI/hqdefault.jpg?sqp=-oaymwEcCNACELwBSFXyq4qpAw4IARUAAIhCGAFwAcABBg==&rs=AOn4CLADZtkRdygrQT1BfKpWnuvKIb4tUA
33YG7dT4lL8,https://www.youtube.com/watch?v=33YG7dT4lL8,Transmisión Tixuz Lalo Y Luis,3835.0,,streams,https://i.ytimg.com/vi/33YG7dT4lL8/hqdefault.jpg?sqp=-oaymwEcCNACELwBSFXyq4qpAw4IARUAAIhCGAFwAcABBg==&rs=AOn4CLCwJUx0Am5NDRTzN1zjjz_9N0MKqA
3fz5yf10xUA,https://www.youtube.com/watch?v=3fz5yf10xUA,Convocatoria,233.0,,streams,https://i.ytimg.com/vi/3fz5yf10xUA/hqdefault.jpg?sqp=-oaymwEcCNACELwBSFXyq4qpAw4IARUAAIhCGAFwAcABBg==&rs=AOn4CLCTYbl6kjcK5oAAZ7bzdOLlPkrhxg
KQngxOsMx6U,https://www.youtube.com/watch?v=KQngxOsMx6U,En Vivo Con Luis Y Lalo,3861.0,,streams,https://i.ytimg.com/vi/KQngxOsMx6U/hqdefault.jpg?sqp=-oaymwEcCNACELwBSFXyq4qpAw4IARUAAIhCGAFwAcABBg==&rs=AOn4CLBW2msyOSlkB_JGOAhwlANQkriNfA
33xKPAS_JWM,https://www.youtube.com/watch?v=33xKPAS_JWM,Unboxing El Boton Youtube 100 Mil,226.0,,streams,https://i.ytimg.com/vi/33xKPAS_JWM/hqdefault.jpg?sqp=-oaymwEcCNACELwBSFXyq4qpAw4IARUAAIhCGAFwAcABBg==&rs=AOn4CLCFncTs3CrnvFkfGkK6botF1rIRDQ
5PGSfEWL3iE,https://www.youtube.com/watch?v=5PGSfEWL3iE,Open House Harley Davdison Tequila,156.0,,streams,https://i.ytimg.com/vi/5PGSfEWL3iE/hqdefault.jpg?sqp=-oaymwEcCNACELwBSFXyq4qpAw4IARUAAIhCGAFwAcABBg==&rs=AOn4CLCqXLUR9rkolKgR0xWUsBAhf4z9Dg
gY7WiFUMDG4,https://www.youtube.com/watch?v=gY7WiFUMDG4,Que Tan Caros Son Los Autos En Mexico Realmente,2916.0,,streams,https://i.ytimg.com/vi/gY7WiFUMDG4/hqdefault.jpg?sqp=-oaymwEcCNACELwBSFXyq4qpAw4IARUAAIhCGAFwAcABBg==&rs=AOn4CLBvL2NtnMX_0e2aPXgoJFxzw132rA
KU5JfCwEK1w,https://www.youtube.com/watch?v=KU5JfCwEK1w,Una charla en vivo con nuestros viewers.  |  Tixuz Autos.,3491.0,,streams,https://i.ytimg.com/vi/KU5JfCwEK1w/hqdefault.jpg?sqp=-oaymwEcCNACELwBSFXyq4qpAw4IARUAAIhCGAFwAcABBg==&rs=AOn4CLBHVavYu8Ht5RtyR3AZ8X0SsX8b3w
yjLlTALuwQ4,https://www.youtube.com/watch?v=yjLlTALuwQ4,Platica Y Fin De Subasta Sienna.,3248.0,,streams,https://i.ytimg.com/vi/yjLlTALuwQ4/hqdefault.jpg?sqp=-oaymwEcCNACELwBSFXyq4qpAw4IARUAAIhCGAFwAcABBg==&rs=AOn4CLBo--1BKt9o56WWzAFI0eAkRQcOIQ
yJhNvkISmVc,https://www.youtube.com/watch?v=yJhNvkISmVc,Subasta Jeep Grand Cherokee Laredo 2012,39110.0,,streams,https://i.ytimg.com/vi/yJhNvkISmVc/hqdefault.jpg?sqp=-oaymwEcCNACELwBSFXyq4qpAw4IARUAAIhCGAFwAcABBg==&rs=AOn4CLByhMcl2oGiSC2FFDNoElsVmzOd1Q
77jjzOX0Y9s,https://www.youtube.com/watch?v=77jjzOX0Y9s,Fin De Subasta,2346.0,,streams,https://i.ytimg.com/vi/77jjzOX0Y9s/hqdefault.jpg?sqp=-oaymwEcCNACELwBSFXyq4qpAw4IARUAAIhCGAFwAcABBg==&rs=AOn4CLCiduN8PzUpt_u05Hzil4nD6x_-MQ
FY9aoBgtb-E,https://www.youtube.com/watch?v=FY9aoBgtb-E,Agradecimieto A Todos Los Que Han Ayudado Al Canal,3874.0,,streams,https://i.ytimg.com/vi/FY9aoBgtb-E/hqdefault.jpg?sqp=-oaymwEcCNACELwBSFXyq4qpAw4IARUAAIhCGAFwAcABBg==&rs=AOn4CLC8MUTtRYpNpoextLahUMs3P3774g
Z_Vm6IhN150,https://www.youtube.com/watch?v=Z_Vm6IhN150,Un domingo familiar con #MustangClubGuadalajara,925.0,,streams,https://i.ytimg.com/vi/Z_Vm6IhN150/hqdefault.jpg?sqp=-oaymwEcCNACELwBSFXyq4qpAw4IARUAAIhCGAFwAcABBg==&rs=AOn4CLB81GZUeAEJa-9l04fh8EMHHZAO8g
990oBVc_gcg,https://www.youtube.com/watch?v=990oBVc_gcg,Preguntas Y Respuestas,2539.0,,streams,https://i.ytimg.com/vi/990oBVc_gcg/hqdefault.jpg?sqp=-oaymwEcCNACELwBSFXyq4qpAw4IARUAAIhCGAFwAcABBg==&rs=AOn4CLCFDt0hpnKowOdcXFrD7znK2ZnM0w
aUapOds5f-0,https://www.youtube.com/watch?v=aUapOds5f-0,Un recorrido por el AutoShow de Nueva York,3818.0,,streams,https://i.ytimg.com/vi/aUapOds5f-0/hqdefault.jpg?sqp=-oaymwEcCNACELwBSFXyq4qpAw4IARUAAIhCGAFwAcABBg==&rs=AOn4CLBNW9fZ89bTyLXmmJQvPEyAqs6HVw
Eq2TmSQmKNo,https://www.youtube.com/watch?v=Eq2TmSQmKNo,Calentando  el AutoShow de NY con GMC,394.0,,streams,https://i.ytimg.com/vi/Eq2TmSQmKNo/hqdefault.jpg?sqp=-oaymwEcCNACELwBSFXyq4qpAw4IARUAAIhCGAFwAcABBg==&rs=AOn4CLCSo1Ilee4UeQJUbNhYSfq59gqbaQ
88fM89VOLl0,https://www.youtube.com/watch?v=88fM89VOLl0,Ya Me Enojaron,809.0,,streams,https://i.ytimg.com/vi/88fM89VOLl0/hqdefault.jpg?sqp=-oaymwEcCNACELwBSFXyq4qpAw4IARUAAIhCGAFwAcABBg==&rs=AOn4CLAAgNlclWl9-eXk9YdM16tnDIxuPA
Ra3gn6jHx7E,https://www.youtube.com/watch?v=Ra3gn6jHx7E,Reunión con Luis Y Lalo,3437.0,,streams,https://i.ytimg.com/vi/Ra3gn6jHx7E/hqdefault.jpg?sqp=-oaymwEcCNACELwBSFXyq4qpAw4IARUAAIhCGAFwAcABBg==&rs=AOn4CLDPLOC53JFUUjIhIGeLjpVMYNTL4A
DOpBZuGfQgs,https://www.youtube.com/watch?v=DOpBZuGfQgs,El Mustang De Luis Y Lo Que Salga,2585.0,,streams,https://i.ytimg.com/vi/DOpBZuGfQgs/hqdefault.jpg?sqp=-oaymwEcCNACELwBSFXyq4qpAw4IARUAAIhCGAFwAcABBg==&rs=AOn4CLASpgj-UoJtMEjoS47ai1mFg5uJlA
NJFX1zMrpYQ,https://www.youtube.com/watch?v=NJFX1zMrpYQ,Luis Y Lalo Echando Carreta,2949.0,,streams,https://i.ytimg.com/vi/NJFX1zMrpYQ/hqdefault.jpg?sqp=-oaymwEcCNACELwBSFXyq4qpAw4IARUAAIhCGAFwAcABBg==&rs=AOn4CLDpn54L0RdXt9aOSgz7SpxzukNhQQ
Q3GTAwnidiI,https://www.youtube.com/watch?v=Q3GTAwnidiI,Gasolina Y Su Aumento De Precio,3700.0,,streams,https://i.ytimg.com/vi/Q3GTAwnidiI/hqdefault.jpg?sqp=-oaymwEcCNACELwBSFXyq4qpAw4IARUAAIhCGAFwAcABBg==&rs=AOn4CLCzT10UKhJ_3jybyj5_NhLEpCZyvA
ZW7M8GanqLg,https://www.youtube.com/watch?v=ZW7M8GanqLg,@eduardoforex Platica,83.0,,streams,https://i.ytimg.com/vi/ZW7M8GanqLg/hqdefault.jpg?sqp=-oaymwEcCNACELwBSFXyq4qpAw4IARUAAIhCGAFwAcABBg==&rs=AOn4CLBrM2qNfh5JbgbmTSTtorNA9X_Z9w
KBhfhtGhM4o,https://www.youtube.com/watch?v=KBhfhtGhM4o,Eduardo Pregunta A Los Fans De Tixuz,3015.0,,streams,https://i.ytimg.com/vi/KBhfhtGhM4o/hqdefault.jpg?sqp=-oaymwEcCNACELwBSFXyq4qpAw4IARUAAIhCGAFwAcABBg==&rs=AOn4CLCqMMc9JQgLOvNQxKlgKqpaHA33TQ
NnUS3sdV1LE,https://www.youtube.com/watch?v=NnUS3sdV1LE,Holliver Y Lalo Les Desean Un Excelente 2018,817.0,,streams,https://i.ytimg.com/vi/NnUS3sdV1LE/hqdefault.jpg?sqp=-oaymwEcCNACELwBSFXyq4qpAw4IARUAAIhCGAFwAcABBg==&rs=AOn4CLDDALuU5lI1vRfcrg4PSEtaQGoYvA
ifig16n1Yzs,https://www.youtube.com/watch?v=ifig16n1Yzs,Posada Sergio  Y Colegas,336.0,,streams,https://i.ytimg.com/vi/ifig16n1Yzs/hqdefault.jpg?sqp=-oaymwEcCNACELwBSFXyq4qpAw4IARUAAIhCGAFwAcABBg==&rs=AOn4CLABY-1-siCN3E7N7ShwN2k7gdtnpQ
IE2h4HMZZLk,https://www.youtube.com/watch?v=IE2h4HMZZLk,Fin De Año Con GM @Sergio Oliveira,262.0,,streams,https://i.ytimg.com/vi/IE2h4HMZZLk/hqdefault.jpg?sqp=-oaymwEcCNACELwBSFXyq4qpAw4IARUAAIhCGAFwAcABBg==&rs=AOn4CLDqRA-s8fr104xpKLEJQKHw5E7zfg
gnNMWhqHcd8,https://www.youtube.com/watch?v=gnNMWhqHcd8,Auto Show Los Angeles,2993.0,,streams,https://i.ytimg.com/vi/gnNMWhqHcd8/hqdefault.jpg?sqp=-oaymwEcCNACELwBSFXyq4qpAw4IARUAAIhCGAFwAcABBg==&rs=AOn4CLBNo6KvALEo6FQFODHcQtrf2eRPew
EtjXAzZyktw,https://www.youtube.com/watch?v=EtjXAzZyktw,Xtrail Hibrid Competencia,74.0,,streams,https://i.ytimg.com/vi/EtjXAzZyktw/hqdefault.jpg?sqp=-oaymwEcCNACELwBSFXyq4qpAw4IARUAAIhCGAFwAcABBg==&rs=AOn4CLBWd-dBM6PyVPDWgwfsEfFy40X9gw
iaE7P7oP4iM,https://www.youtube.com/watch?v=iaE7P7oP4iM,Segunda Parte - Chica Tixuz,901.0,,streams,https://i.ytimg.com/vi/iaE7P7oP4iM/hqdefault.jpg?sqp=-oaymwEcCNACELwBSFXyq4qpAw4IARUAAIhCGAFwAcABBg==&rs=AOn4CLA2OKUHQ4G4DhdMPwTqtBIQFSOC6Q
aUjckS76Igk,https://www.youtube.com/watch?v=aUjckS76Igk,Harley Davidson Tequila,509.0,,streams,https://i.ytimg.com/vi/aUjckS76Igk/hqdefault.jpg?sqp=-oaymwEcCNACELwBSFXyq4qpAw4IARUAAIhCGAFwAcABBg==&rs=AOn4CLBk5ByepKVycz-d7DLyI_qUtLmEaA
VKMBotx3xqc,https://www.youtube.com/watch?v=VKMBotx3xqc,VW Tiguan 2018 Agua Azul,222.0,,streams,https://i.ytimg.com/vi/VKMBotx3xqc/hqdefault.jpg?sqp=-oaymwEcCNACELwBSFXyq4qpAw4IARUAAIhCGAFwAcABBg==&rs=AOn4CLBa4J1rqrnajDu8jFrfb32Tx-IpIA
pSir_xh__0I,https://www.youtube.com/watch?v=pSir_xh__0I,Nissan GTR Llegó A GDL,211.0,,streams,https://i.ytimg.com/vi/pSir_xh__0I/hqdefault.jpg?sqp=-oaymwEcCNACELwBSFXyq4qpAw4IARUAAIhCGAFwAcABBg==&rs=AOn4CLA3DGJgfA47vtsZ736S0B3r-_Ez3Q
hTIDMW67O7c,https://www.youtube.com/watch?v=hTIDMW67O7c,Peugeot 3008,832.0,,streams,https://i.ytimg.com/vi/hTIDMW67O7c/hqdefault.jpg?sqp=-oaymwEcCNACELwBSFXyq4qpAw4IARUAAIhCGAFwAcABBg==&rs=AOn4CLB2LHHByfgYqMctkgiTe9dRNfssiA
RZighQpDEBs,https://www.youtube.com/watch?v=RZighQpDEBs,Regresamos Transmision En Vivo @autossergiooliveira,1717.0,,streams,https://i.ytimg.com/vi/RZighQpDEBs/hqdefault.jpg?sqp=-oaymwEcCNACELwBSFXyq4qpAw4IARUAAIhCGAFwAcABBg==&rs=AOn4CLAV7fYaxEXct-bd78M1fPQRbB28Qw
zMZPtRinLcc,https://www.youtube.com/watch?v=zMZPtRinLcc,Transmision En Vivo Eduardo Vargas Y @autossergiooliveira,333.0,,streams,https://i.ytimg.com/vi/zMZPtRinLcc/hqdefault.jpg?sqp=-oaymwEcCNACELwBSFXyq4qpAw4IARUAAIhCGAFwAcABBg==&rs=AOn4CLApYKebkSi629LdlRuLRmHsMS6uzg
gEtQ0jFDUBQ,https://www.youtube.com/watch?v=gEtQ0jFDUBQ,Transmision En Vivo Tixuz Autos,566.0,,streams,https://i.ytimg.com/vi/gEtQ0jFDUBQ/hqdefault.jpg?sqp=-oaymwEcCNACELwBSFXyq4qpAw4IARUAAIhCGAFwAcABBg==&rs=AOn4CLCZz0ry7EyLNLpbLOQCCDNihgqNjA
o69CMex9V3c,https://www.youtube.com/watch?v=o69CMex9V3c,Transmision En Vivo Tixuz Autos,14.0,,streams,https://i.ytimg.com/vi/o69CMex9V3c/hqdefault.jpg?sqp=-oaymwEcCNACELwBSFXyq4qpAw4IARUAAIhCGAFwAcABBg==&rs=AOn4CLDRRr01IlpHXOiEOJ6_zTYk9rW4AQ
zul49xJtODg,https://www.youtube.com/watch?v=zul49xJtODg,El Equipo De Nissan Las Fuentes,50.0,,streams,https://i.ytimg.com/vi/zul49xJtODg/hqdefault.jpg?sqp=-oaymwEcCNACELwBSFXyq4qpAw4IARUAAIhCGAFwAcABBg==&rs=AOn4CLAcUEd5X9mZjbshsZfKH1e5JDcaEQ
-mb11B0L6SE,https://www.youtube.com/watch?v=-mb11B0L6SE,Transmision En Vivo Nissan Las Fuentes,126.0,,streams,https://i.ytimg.com/vi/-mb11B0L6SE/hqdefault.jpg?sqp=-oaymwEcCNACELwBSFXyq4qpAw4IARUAAIhCGAFwAcABBg==&rs=AOn4CLAMXnsEJVQhPNT5M0kUf3ZK-9cDTw
jRq_I8mvPVs,https://www.youtube.com/watch?v=jRq_I8mvPVs,Chat En Vivo Tixuz 24 Marzo 2017 @autossergiooliveira,3652.0,,streams,https://i.ytimg.com/vi/jRq_I8mvPVs/hqdefault.jpg?sqp=-oaymwEcCNACELwBSFXyq4qpAw4IARUAAIhCGAFwAcABBg==&rs=AOn4CLBMnJGRY8ZtRC83QuMCpLYHqUZwrA
2UMJAfMqLXU,https://www.youtube.com/watch?v=2UMJAfMqLXU,Transmisión en directo de Tixuz Autos,2387.0,,streams,https://i.ytimg.com/vi/2UMJAfMqLXU/hqdefault.jpg?sqp=-oaymwE2CNACELwBSFXyq4qpAygIARUAAIhCGAFwAcABBvABAfgB1AaAAuADigIMCAAQARhlIFMoRzAP&rs=AOn4CLBDQUE8A4RsPuCRwBpQyhZy0XSNMg
