id,url,title,duration,timestamp,tabs,thumbnail,source_name,usage_rights,reuse_policy
mIBPVRyNB8c,https://www.youtube.com/watch?v=mIBPVRyNB8c,Kia K4 HB Turbo | Porqué los hatchback son mejores que los sedanes,641.0,,videos,https://i.ytimg.com/vi/mIBPVRyNB8c/hqdefault.jpg?sqp=-oaymwEcCNACELwBSFXyq4qpAw4IARUAAIhCGAFwAcABBg==&rs=AOn4CLDjJuyMg3dYQyZeydOtpxN_m9xrRA,Sergio Oliveira,external-reference,embed_link_and_summarize_only
-HTgIYuKJi0,https://www.youtube.com/watch?v=-HTgIYuKJi0,¿Me lo compro o no me lo compro? | Con Lalo Vargas | Toyota,3013.0,,videos,https://i.ytimg.com/vi/-HTgIYuKJi0/hqdefault.jpg?sqp=-oaymwE2CNACELwBSFXyq4qpAygIARUAAIhCGAFwAcABBvABAfgB_gmAAtAFigIMCAAQARhlIGEoVDAP&rs=AOn4CLDFyf9vrD9qFtXvHNsb41YgGOs9OA,Sergio Oliveira,external-reference,embed_link_and_summarize_only
hefHM43uK6A,https://www.youtube.com/watch?v=hefHM43uK6A,Ford celebra 60 años de Escuelas Ford | Entrevista con Julieta Meléndez,857.0,,videos,https://i.ytimg.com/vi/hefHM43uK6A/hqdefault.jpg?sqp=-oaymwEcCNACELwBSFXyq4qpAw4IARUAAIhCGAFwAcABBg==&rs=AOn4CLC38p3S3ESgnPX97Rsh_VjKEJLRsw,Sergio Oliveira,external-reference,embed_link_and_summarize_only
K1XX6ydG0qc,https://www.youtube.com/watch?v=K1XX6ydG0qc,Hyundai Tucson HEV | Un gran manejo y buenos consumos,404.0,,videos,https://i.ytimg.com/vi/K1XX6ydG0qc/hqdefault.jpg?sqp=-oaymwEcCNACELwBSFXyq4qpAw4IARUAAIhCGAFwAcABBg==&rs=AOn4CLBtm51lSubvctX3E0kkdSyA4eP5yw,Sergio Oliveira,external-reference,embed_link_and_summarize_only
dbn2arEIKt4,https://www.youtube.com/watch?v=dbn2arEIKt4,Mitsubishi Outlander | Por aquí hubieran empezado,667.0,,videos,https://i.ytimg.com/vi/dbn2arEIKt4/hqdefault.jpg?sqp=-oaymwEcCNACELwBSFXyq4qpAw4IARUAAIhCGAFwAcABBg==&rs=AOn4CLBJ9mfQ2OWuinC-VVspSE-LSns6BQ,Sergio Oliveira,external-reference,embed_link_and_summarize_only
ijG2ANHGOng,https://www.youtube.com/watch?v=ijG2ANHGOng,Renault Boreal 2026 | Primer contacto,687.0,,videos,https://i.ytimg.com/vi/ijG2ANHGOng/hqdefault.jpg?sqp=-oaymwEcCNACELwBSFXyq4qpAw4IARUAAIhCGAFwAcABBg==&rs=AOn4CLDUy_BDi6h8fMDXFWnbLhWUA_l4uA,Sergio Oliveira,external-reference,embed_link_and_summarize_only
pRKCkf5RfNU,https://www.youtube.com/watch?v=pRKCkf5RfNU,¿Cuáles son las pickups más vendidas en México? | LaCochera Radio 25 ABR,1938.0,,videos,https://i.ytimg.com/vi/pRKCkf5RfNU/hqdefault.jpg?sqp=-oaymwE2CNACELwBSFXyq4qpAygIARUAAIhCGAFwAcABBvABAfgB_gmAAtAFigIMCAAQARhlIGUoZTAP&rs=AOn4CLAOwi9K0OzMu47pcN_S8ltbXQdwVw,Sergio Oliveira,external-reference,embed_link_and_summarize_only
JxLKQTQPmzY,https://www.youtube.com/watch?v=JxLKQTQPmzY,Nissan Sentra 2026 | Cambió más de lo que parece,722.0,,videos,https://i.ytimg.com/vi/JxLKQTQPmzY/hqdefault.jpg?sqp=-oaymwEcCNACELwBSFXyq4qpAw4IARUAAIhCGAFwAcABBg==&rs=AOn4CLBjNzmuv3HJTcE99eupFJ4KMyREMA,Sergio Oliveira,external-reference,embed_link_and_summarize_only
tNmIMIrsBKE,https://www.youtube.com/watch?v=tNmIMIrsBKE,Territory Híbrida | ¿Los mejores Ford son chinos?,1127.0,,videos,https://i.ytimg.com/vi/tNmIMIrsBKE/hqdefault.jpg?sqp=-oaymwEcCNACELwBSFXyq4qpAw4IARUAAIhCGAFwAcABBg==&rs=AOn4CLCBSDHh1xPUBetSUD4UkewIsgWLeQ,Sergio Oliveira,external-reference,embed_link_and_summarize_only
vJpC-r90QM8,https://www.youtube.com/watch?v=vJpC-r90QM8,Volkswagen Golf GTI 2026 | Aún es referencia,899.0,,videos,https://i.ytimg.com/vi/vJpC-r90QM8/hqdefault.jpg?sqp=-oaymwEcCNACELwBSFXyq4qpAw4IARUAAIhCGAFwAcABBg==&rs=AOn4CLAsDFHVwbWuGjeJg_ymeBhsinl1lw,Sergio Oliveira,external-reference,embed_link_and_summarize_only
V70inqIiVKQ,https://www.youtube.com/watch?v=V70inqIiVKQ,Ram 1500 RHO | Al menos probó la cima,825.0,,videos,https://i.ytimg.com/vi/V70inqIiVKQ/hqdefault.jpg?sqp=-oaymwEcCNACELwBSFXyq4qpAw4IARUAAIhCGAFwAcABBg==&rs=AOn4CLAy-CQRW2YoYZTaJ28lwi0GziNYKg,Sergio Oliveira,external-reference,embed_link_and_summarize_only
RJuaMqk0J_M,https://www.youtube.com/watch?v=RJuaMqk0J_M,"¿Me lo compro o no me lo compro? | Con Lalo Vargas | Peugeot, Ram y Renault",3554.0,,videos,https://i.ytimg.com/vi/RJuaMqk0J_M/hqdefault.jpg?sqp=-oaymwE2CNACELwBSFXyq4qpAygIARUAAIhCGAFwAcABBvABAfgB_gmAAtAFigIMCAAQARhlIEMoXjAP&rs=AOn4CLBHQ1gw4cUhmMnGkX-Ng27FzZBKDQ,Sergio Oliveira,external-reference,embed_link_and_summarize_only
ECxZtklw7EU,https://www.youtube.com/watch?v=ECxZtklw7EU,"GWM Haval H6 PHEV | Mejor sin la ""P""",413.0,,videos,https://i.ytimg.com/vi/ECxZtklw7EU/hqdefault.jpg?sqp=-oaymwEcCNACELwBSFXyq4qpAw4IARUAAIhCGAFwAcABBg==&rs=AOn4CLBqgQAcc-KRYWv5aLRca0bzAGxu3w,Sergio Oliveira,external-reference,embed_link_and_summarize_only
8bxlu-ZoRfw,https://www.youtube.com/watch?v=8bxlu-ZoRfw,GAC Aion UT | Porqué puedes ser tu propio jefe,509.0,,videos,https://i.ytimg.com/vi/8bxlu-ZoRfw/hqdefault.jpg?sqp=-oaymwEcCNACELwBSFXyq4qpAw4IARUAAIhCGAFwAcABBg==&rs=AOn4CLAa9CsAi_9yBAO-8qPy0T3TtnoCbA,Sergio Oliveira,external-reference,embed_link_and_summarize_only
lTGtNxYhLwc,https://www.youtube.com/watch?v=lTGtNxYhLwc,¿Me lo compro o no me lo compro? | Con Lalo Vargas | Mazda,3761.0,,videos,https://i.ytimg.com/vi/lTGtNxYhLwc/hqdefault.jpg?sqp=-oaymwE2CNACELwBSFXyq4qpAygIARUAAIhCGAFwAcABBvABAfgB_gmAAtAFigIMCAAQARhQIFsoZTAP&rs=AOn4CLBCzcJ6k8FqWvCgOP5lK43hZRPGaA,Sergio Oliveira,external-reference,embed_link_and_summarize_only
a9e9kpAR2ww,https://www.youtube.com/watch?v=a9e9kpAR2ww,VW Golf GTI no me enamoró | LaCochera RADIO 28Feb,2158.0,,videos,https://i.ytimg.com/vi/a9e9kpAR2ww/hqdefault.jpg?sqp=-oaymwEcCNACELwBSFXyq4qpAw4IARUAAIhCGAFwAcABBg==&rs=AOn4CLDnZWc8VDOplHGg0I1c8MS0ejljOg,Sergio Oliveira,external-reference,embed_link_and_summarize_only
GfS8DuT8SLw,https://www.youtube.com/watch?v=GfS8DuT8SLw,Nissan Kicks 2026 - Aprendiendo a convivir con ella,753.0,,videos,https://i.ytimg.com/vi/GfS8DuT8SLw/hqdefault.jpg?sqp=-oaymwEcCNACELwBSFXyq4qpAw4IARUAAIhCGAFwAcABBg==&rs=AOn4CLAqe7y98XrOmD9Mfs5A72pbWGWZgQ,Sergio Oliveira,external-reference,embed_link_and_summarize_only
iUdh8kGBFfk,https://www.youtube.com/watch?v=iUdh8kGBFfk,CHINA se pelea la planta de COMPAS en Aguascalientes - LaCochera Radio 21FEB,1721.0,,videos,https://i.ytimg.com/vi/iUdh8kGBFfk/hqdefault.jpg?sqp=-oaymwEcCNACELwBSFXyq4qpAw4IARUAAIhCGAFwAcABBg==&rs=AOn4CLBjiA2TgipJzpThbLaKiGpeBXPy8A,Sergio Oliveira,external-reference,embed_link_and_summarize_only
YfO4Hz89jy8,https://www.youtube.com/watch?v=YfO4Hz89jy8,"Jeep Wrangler Rubicon 392 | No lo necesitas, pero lo quieres",1201.0,,videos,https://i.ytimg.com/vi/YfO4Hz89jy8/hqdefault.jpg?sqp=-oaymwEcCNACELwBSFXyq4qpAw4IARUAAIhCGAFwAcABBg==&rs=AOn4CLBEKMP-32WJnB7gy5itI56l2gJQYg,Sergio Oliveira,external-reference,embed_link_and_summarize_only
2NQvXoUFv_Y,https://www.youtube.com/watch?v=2NQvXoUFv_Y,¿Se venderá la Toyota Highlander EV? | LaCochera Radio14FEB 26,2004.0,,videos,https://i.ytimg.com/vi/2NQvXoUFv_Y/hqdefault.jpg?sqp=-oaymwEcCNACELwBSFXyq4qpAw4IARUAAIhCGAFwAcABBg==&rs=AOn4CLB5xNn5lkOTfYWtV_IfhYQnvhRhJQ,Sergio Oliveira,external-reference,embed_link_and_summarize_only
qq1IV3VF5NE,https://www.youtube.com/watch?v=qq1IV3VF5NE,Geely EX2 | El precio no es su mayor virtud,517.0,,videos,https://i.ytimg.com/vi/qq1IV3VF5NE/hqdefault.jpg?sqp=-oaymwEcCNACELwBSFXyq4qpAw4IARUAAIhCGAFwAcABBg==&rs=AOn4CLCxPb09zq1NlmYIjR78xDiAYO96Kg,Sergio Oliveira,external-reference,embed_link_and_summarize_only
WMJCYY-VHS8,https://www.youtube.com/watch?v=WMJCYY-VHS8,Alfa Romeo Tonale Ti - Solo para quienes disfrutan manejar,696.0,,videos,https://i.ytimg.com/vi/WMJCYY-VHS8/hqdefault.jpg?sqp=-oaymwEcCNACELwBSFXyq4qpAw4IARUAAIhCGAFwAcABBg==&rs=AOn4CLB5I8Js6EcgUDN6PqaL-3eQakjGcg,Sergio Oliveira,external-reference,embed_link_and_summarize_only
Na0JmOTokzM,https://www.youtube.com/watch?v=Na0JmOTokzM,Kia vende +SUVs que Sedanes | LaCochera Radio Radio24 ENE 26,2316.0,,videos,https://i.ytimg.com/vi/Na0JmOTokzM/hqdefault.jpg?sqp=-oaymwEcCNACELwBSFXyq4qpAw4IARUAAIhCGAFwAcABBg==&rs=AOn4CLB0geLPvRAIJ61qlMxZE8QwyRGRSQ,Sergio Oliveira,external-reference,embed_link_and_summarize_only
D2CY0CzEWaQ,https://www.youtube.com/watch?v=D2CY0CzEWaQ,Kia Sportage Híbrida | La mejor Sportage,789.0,,videos,https://i.ytimg.com/vi/D2CY0CzEWaQ/hqdefault.jpg?sqp=-oaymwEcCNACELwBSFXyq4qpAw4IARUAAIhCGAFwAcABBg==&rs=AOn4CLDoJDNUvkLAXO3PPIT3zBMXGNJz9g,Sergio Oliveira,external-reference,embed_link_and_summarize_only
g6DWtH6Ed98,https://www.youtube.com/watch?v=g6DWtH6Ed98,Ford Edge Híbrida | ¿Quienes la van a disfrutar ahora?,1083.0,,videos,https://i.ytimg.com/vi/g6DWtH6Ed98/hqdefault.jpg?sqp=-oaymwEcCNACELwBSFXyq4qpAw4IARUAAIhCGAFwAcABBg==&rs=AOn4CLC07I1inZA95q57Z1K_agsWzvenlA,Sergio Oliveira,external-reference,embed_link_and_summarize_only
RQ7xRxldUFw,https://www.youtube.com/watch?v=RQ7xRxldUFw,Todos contra el Dolphin Mini | LaCochera Radio 17Ene,2093.0,,videos,https://i.ytimg.com/vi/RQ7xRxldUFw/hqdefault.jpg?sqp=-oaymwEcCNACELwBSFXyq4qpAw4IARUAAIhCGAFwAcABBg==&rs=AOn4CLCc8zLTy5zuKCNo6_MHjWlSYj7Caw,Sergio Oliveira,external-reference,embed_link_and_summarize_only
pVvhuE9QUm0,https://www.youtube.com/watch?v=pVvhuE9QUm0,Ford Expedition Max 2026 | ¿Esta o la Navigator?,1039.0,,videos,https://i.ytimg.com/vi/pVvhuE9QUm0/hqdefault.jpg?sqp=-oaymwEcCNACELwBSFXyq4qpAw4IARUAAIhCGAFwAcABBg==&rs=AOn4CLBg564gevaEugE5rMZ-Bvx95USVBA,Sergio Oliveira,external-reference,embed_link_and_summarize_only
fASJ3iE-Yxg,https://www.youtube.com/watch?v=fASJ3iE-Yxg,"¿Me lo compro o no me lo compro? 1 Con Lalo Vargas | China, Infiniti y Jeep",1740.0,,videos,https://i.ytimg.com/vi/fASJ3iE-Yxg/hqdefault.jpg?sqp=-oaymwE2CNACELwBSFXyq4qpAygIARUAAIhCGAFwAcABBvABAfgB_gmAAtAFigIMCAAQARhSIFwoZTAP&rs=AOn4CLA_9bLn-zLRCO81ODNFsfkEUZLKJw,Sergio Oliveira,external-reference,embed_link_and_summarize_only
W-xGFdioydM,https://www.youtube.com/watch?v=W-xGFdioydM,¿Autos chinos en EUA? | LaCochera Radio 10ENE26,2366.0,,videos,https://i.ytimg.com/vi/W-xGFdioydM/hqdefault.jpg?sqp=-oaymwEcCNACELwBSFXyq4qpAw4IARUAAIhCGAFwAcABBg==&rs=AOn4CLApVXn5v7_UJ4w4x6MpdPlc6QiG6w,Sergio Oliveira,external-reference,embed_link_and_summarize_only
8CLg1UQbd7I,https://www.youtube.com/watch?v=8CLg1UQbd7I,"Adiós chocolates, Hola TRX - LaCochera 3ENE26",2057.0,,videos,https://i.ytimg.com/vi/8CLg1UQbd7I/hqdefault.jpg?sqp=-oaymwEcCNACELwBSFXyq4qpAw4IARUAAIhCGAFwAcABBg==&rs=AOn4CLC5DbvRNqpq58Jq2DI4LY0B2E2Zzw,Sergio Oliveira,external-reference,embed_link_and_summarize_only
u7mSrerDfjI,https://www.youtube.com/watch?v=u7mSrerDfjI,Lincoln Navigator 2025 | Todo el lujo,1302.0,,videos,https://i.ytimg.com/vi/u7mSrerDfjI/hqdefault.jpg?sqp=-oaymwEcCNACELwBSFXyq4qpAw4IARUAAIhCGAFwAcABBg==&rs=AOn4CLD4qKHEvEwYPFIb5vScuvTjFM-j9w,Sergio Oliveira,external-reference,embed_link_and_summarize_only
E6LPDv6h0dg,https://www.youtube.com/watch?v=E6LPDv6h0dg,Todo lo nuevo de Chevrolet Tracker 2026,362.0,,videos,https://i.ytimg.com/vi/E6LPDv6h0dg/hqdefault.jpg?sqp=-oaymwEcCNACELwBSFXyq4qpAw4IARUAAIhCGAFwAcABBg==&rs=AOn4CLBPWxsKyO8cGr4Cwqh6sI7ESUdjfQ,Sergio Oliveira,external-reference,embed_link_and_summarize_only
uSSAVMtIbCs,https://www.youtube.com/watch?v=uSSAVMtIbCs,Jeep Compass 2025 | ¿Todavía es relevante?,621.0,,videos,https://i.ytimg.com/vi/uSSAVMtIbCs/hqdefault.jpg?sqp=-oaymwEcCNACELwBSFXyq4qpAw4IARUAAIhCGAFwAcABBg==&rs=AOn4CLBOaxDQf4ku4yzWAhPCtwKz7EUjzA,Sergio Oliveira,external-reference,embed_link_and_summarize_only
t4cGmpA78tQ,https://www.youtube.com/watch?v=t4cGmpA78tQ,Bestune B70 1.5 | Mediano a precio de subcompacto,905.0,,videos,https://i.ytimg.com/vi/t4cGmpA78tQ/hqdefault.jpg?sqp=-oaymwEcCNACELwBSFXyq4qpAw4IARUAAIhCGAFwAcABBg==&rs=AOn4CLBP7EITUf2_Woys1eGWBr7JT8TrYQ,Sergio Oliveira,external-reference,embed_link_and_summarize_only
dtJurXXeQe0,https://www.youtube.com/watch?v=dtJurXXeQe0,Resumen del 2025 / Lo que esperamos para 2026 | LaCochera Radio 27 DIC,2648.0,,videos,https://i.ytimg.com/vi/dtJurXXeQe0/hqdefault.jpg?sqp=-oaymwEcCNACELwBSFXyq4qpAw4IARUAAIhCGAFwAcABBg==&rs=AOn4CLByCTBTkznx6c6Z-MPla975HH3rFQ,Sergio Oliveira,external-reference,embed_link_and_summarize_only
aBfQXBCSCZo,https://www.youtube.com/watch?v=aBfQXBCSCZo,Lynk&Co 08 | El lado positivo de los PHEV,959.0,,videos,https://i.ytimg.com/vi/aBfQXBCSCZo/hqdefault.jpg?sqp=-oaymwEcCNACELwBSFXyq4qpAw4IARUAAIhCGAFwAcABBg==&rs=AOn4CLAHJ_cLYZ7r1QSVvl5I8TUTqtNW8w,Sergio Oliveira,external-reference,embed_link_and_summarize_only
E-dAwmDZ80M,https://www.youtube.com/watch?v=E-dAwmDZ80M,¿Me lo compro o no me lo compro? | Con Lalo Vargas | GMC y Honda,1977.0,,videos,https://i.ytimg.com/vi/E-dAwmDZ80M/hqdefault.jpg?sqp=-oaymwE2CNACELwBSFXyq4qpAygIARUAAIhCGAFwAcABBvABAfgB_gmAAqIFigIMCAAQARhTIFgoZTAP&rs=AOn4CLDRf4JJClboXJSR5ZqhFpjCLZcKXA,Sergio Oliveira,external-reference,embed_link_and_summarize_only
OneOSl5V3OY,https://www.youtube.com/watch?v=OneOSl5V3OY,Volkswagen Taos vs Tiguan - ¿Cuál te conviene más?,1167.0,,videos,https://i.ytimg.com/vi/OneOSl5V3OY/hqdefault.jpg?sqp=-oaymwEcCNACELwBSFXyq4qpAw4IARUAAIhCGAFwAcABBg==&rs=AOn4CLBYkPFeXQaenez7uxRr-H_ErSAvHA,Sergio Oliveira,external-reference,embed_link_and_summarize_only
wFtjSBAacbI,https://www.youtube.com/watch?v=wFtjSBAacbI,¿Me lo compro o no me lo compro? - Con Lalo Vargas - FIAT y Ford,2281.0,,videos,https://i.ytimg.com/vi/wFtjSBAacbI/hqdefault.jpg?sqp=-oaymwE2CNACELwBSFXyq4qpAygIARUAAIhCGAFwAcABBvABAfgB_gmAAtAFigIMCAAQARhlIGUoZTAP&rs=AOn4CLDSXW87wbeqyZCG2oHQwOZRFTs1_w,Sergio Oliveira,external-reference,embed_link_and_summarize_only
alFxXH9NO4M,https://www.youtube.com/watch?v=alFxXH9NO4M,Cadillac Lyriq V - La más poderosa,382.0,,videos,https://i.ytimg.com/vi/alFxXH9NO4M/hqdefault.jpg?sqp=-oaymwEcCNACELwBSFXyq4qpAw4IARUAAIhCGAFwAcABBg==&rs=AOn4CLA-gjMclbqBL_qfyoEVI3tECvy8ag,Sergio Oliveira,external-reference,embed_link_and_summarize_only
eyqsrZl_oUg,https://www.youtube.com/watch?v=eyqsrZl_oUg,"Mini Aceman SE - Manejo, diseño y baja autonomía",809.0,,videos,https://i.ytimg.com/vi/eyqsrZl_oUg/hqdefault.jpg?sqp=-oaymwEcCNACELwBSFXyq4qpAw4IARUAAIhCGAFwAcABBg==&rs=AOn4CLC8QQQwcV1QQxpOqgFeKYSdKkPN3g,Sergio Oliveira,external-reference,embed_link_and_summarize_only
klAxehE9OPo,https://www.youtube.com/watch?v=klAxehE9OPo,LaCochera Radio 29NOV,1024.0,,videos,https://i.ytimg.com/vi/klAxehE9OPo/hqdefault.jpg?sqp=-oaymwE2CNACELwBSFXyq4qpAygIARUAAIhCGAFwAcABBvABAfgB_gmAAtAFigIMCAAQARhlIGAoVTAP&rs=AOn4CLDWGN8DgJ_fvQk_pJ4_ye6ZPU4-qw,Sergio Oliveira,external-reference,embed_link_and_summarize_only
AEoc7TqfVA8,https://www.youtube.com/watch?v=AEoc7TqfVA8,Transmisión especial desde Mazda Américas - LaCochera radio 22nov,2162.0,,videos,https://i.ytimg.com/vi/AEoc7TqfVA8/hqdefault.jpg?sqp=-oaymwEcCNACELwBSFXyq4qpAw4IARUAAIhCGAFwAcABBg==&rs=AOn4CLBsVvo_FGt0twRqS4JWjmC6ahnz4A,Sergio Oliveira,external-reference,embed_link_and_summarize_only
VxpM93slcyQ,https://www.youtube.com/watch?v=VxpM93slcyQ,Dodge Attitude R/T Sport -  ¿La mejor versión?,367.0,,videos,https://i.ytimg.com/vi/VxpM93slcyQ/hqdefault.jpg?sqp=-oaymwEcCNACELwBSFXyq4qpAw4IARUAAIhCGAFwAcABBg==&rs=AOn4CLC3mh8m60jZZnzX7Q-dFEnI4Ibmkw,Sergio Oliveira,external-reference,embed_link_and_summarize_only
GaAzk48ixeM,https://www.youtube.com/watch?v=GaAzk48ixeM,¿Qué tiene BYD? ¿Por qué es tan exitosa?,593.0,,videos,https://i.ytimg.com/vi/GaAzk48ixeM/hqdefault.jpg?sqp=-oaymwEcCNACELwBSFXyq4qpAw4IARUAAIhCGAFwAcABBg==&rs=AOn4CLCiNk438nD3Oovwkrxza1tjXYcY6w,Sergio Oliveira,external-reference,embed_link_and_summarize_only
1XSTQfpgGwE,https://www.youtube.com/watch?v=1XSTQfpgGwE,Peugeot revive en México con 3008 y 5008 - LaCochera Radio 15NOV,2168.0,,videos,https://i.ytimg.com/vi/1XSTQfpgGwE/hqdefault.jpg?sqp=-oaymwEcCNACELwBSFXyq4qpAw4IARUAAIhCGAFwAcABBg==&rs=AOn4CLAsWaYmcomwcUx67tq88JKSpEcB0g,Sergio Oliveira,external-reference,embed_link_and_summarize_only
gEMCG2pVZz0,https://www.youtube.com/watch?v=gEMCG2pVZz0,Mini Cooper SE - Casi como el de gasolina,1079.0,,videos,https://i.ytimg.com/vi/gEMCG2pVZz0/hqdefault.jpg?sqp=-oaymwEcCNACELwBSFXyq4qpAw4IARUAAIhCGAFwAcABBg==&rs=AOn4CLCQi20_yCDUB9l0NAqSGystudmepg,Sergio Oliveira,external-reference,embed_link_and_summarize_only
AESJbIJfFNs,https://www.youtube.com/watch?v=AESJbIJfFNs,Captiva PHEV ¿es el primer Plug-In de GM? - LaCochera Radio 8NOV,2356.0,,videos,https://i.ytimg.com/vi/AESJbIJfFNs/hqdefault.jpg?sqp=-oaymwEcCNACELwBSFXyq4qpAw4IARUAAIhCGAFwAcABBg==&rs=AOn4CLCRSxo4GI-dFFgecAXd6Wb3qX49wA,Sergio Oliveira,external-reference,embed_link_and_summarize_only
Pyh0ksQfRVY,https://www.youtube.com/watch?v=Pyh0ksQfRVY,GAC Hyptec HT - Para que el mundo te voltee a ver,879.0,,videos,https://i.ytimg.com/vi/Pyh0ksQfRVY/hqdefault.jpg?sqp=-oaymwEcCNACELwBSFXyq4qpAw4IARUAAIhCGAFwAcABBg==&rs=AOn4CLAJckzoNx6E1PGWyQrC_lGXLPqoiQ,Sergio Oliveira,external-reference,embed_link_and_summarize_only
RArLf2F4y4M,https://www.youtube.com/watch?v=RArLf2F4y4M,Honda CR-V Híbrida - Cómo despedirse de un buen amigo,399.0,,videos,https://i.ytimg.com/vi/RArLf2F4y4M/hqdefault.jpg?sqp=-oaymwEcCNACELwBSFXyq4qpAw4IARUAAIhCGAFwAcABBg==&rs=AOn4CLBLNAV5XfpBCIWPoUbslFFyeke2xg,Sergio Oliveira,external-reference,embed_link_and_summarize_only
HSrCs8R0LkY,https://www.youtube.com/watch?v=HSrCs8R0LkY,Mini Countryman SE All4 - Solo es mini en el nombre,615.0,,videos,https://i.ytimg.com/vi/HSrCs8R0LkY/hqdefault.jpg?sqp=-oaymwEcCNACELwBSFXyq4qpAw4IARUAAIhCGAFwAcABBg==&rs=AOn4CLAeI0DnqBrzxb-CTTEb6UnhjOBDJg,Sergio Oliveira,external-reference,embed_link_and_summarize_only
k6pHxKVprXY,https://www.youtube.com/watch?v=k6pHxKVprXY,"Entrevista con Iván Espinosa, CEO Global de Nissan desde Tokio",567.0,,videos,https://i.ytimg.com/vi/k6pHxKVprXY/hqdefault.jpg?sqp=-oaymwE2CNACELwBSFXyq4qpAygIARUAAIhCGAFwAcABBvABAfgBzgWAAoAKigIMCAAQARhyIE0oRDAP&rs=AOn4CLA659o0XRpkUyJJC41Rt4UWuRqJRw,Sergio Oliveira,external-reference,embed_link_and_summarize_only
ybZtQDwq2b4,https://www.youtube.com/watch?v=ybZtQDwq2b4,Salón de Tokio y Ram se fabrica en México - LaCochera Radio 1NOV,2314.0,,videos,https://i.ytimg.com/vi/ybZtQDwq2b4/hqdefault.jpg?sqp=-oaymwEcCNACELwBSFXyq4qpAw4IARUAAIhCGAFwAcABBg==&rs=AOn4CLACKgg3aGIzQLFC3gTEKgkP0f1H5w,Sergio Oliveira,external-reference,embed_link_and_summarize_only
FOKemIx4DDg,https://www.youtube.com/watch?v=FOKemIx4DDg,BMW iX 2026 - No es para tímidos,1140.0,,videos,https://i.ytimg.com/vi/FOKemIx4DDg/hqdefault.jpg?sqp=-oaymwEcCNACELwBSFXyq4qpAw4IARUAAIhCGAFwAcABBg==&rs=AOn4CLD4dbdFvO5Azu2_bWK8Cy46Si_fxw,Sergio Oliveira,external-reference,embed_link_and_summarize_only
InraX4Q6K4A,https://www.youtube.com/watch?v=InraX4Q6K4A,Geely EX5 EM-i - El mejor valor por tu dinero en su clase,173.0,,videos,https://i.ytimg.com/vi/InraX4Q6K4A/hqdefault.jpg?sqp=-oaymwEcCNACELwBSFXyq4qpAw4IARUAAIhCGAFwAcABBg==&rs=AOn4CLCsGNMjf-z7ctFQphOe1O8wBzbvNQ,Sergio Oliveira,external-reference,embed_link_and_summarize_only
k326Z4lbDpY,https://www.youtube.com/watch?v=k326Z4lbDpY,JAC 6 PHEV,331.0,,videos,https://i.ytimg.com/vi/k326Z4lbDpY/hqdefault.jpg?sqp=-oaymwEcCNACELwBSFXyq4qpAw4IARUAAIhCGAFwAcABBg==&rs=AOn4CLA08Oe6fp-n2r9IfNRs0BoX7BEd9w,Sergio Oliveira,external-reference,embed_link_and_summarize_only
iJaL5iqN-tg,https://www.youtube.com/watch?v=iJaL5iqN-tg,Geely Monjaro,1035.0,,videos,https://i.ytimg.com/vi/iJaL5iqN-tg/hqdefault.jpg?sqp=-oaymwEcCNACELwBSFXyq4qpAw4IARUAAIhCGAFwAcABBg==&rs=AOn4CLB6nA8JTaKZ8j4cl6XdaQki6hL2Hw,Sergio Oliveira,external-reference,embed_link_and_summarize_only
4syphmpxVYY,https://www.youtube.com/watch?v=4syphmpxVYY,"JAC Traveler PHEV -  Para el patrón, o para la familia",340.0,,videos,https://i.ytimg.com/vi/4syphmpxVYY/hqdefault.jpg?sqp=-oaymwEcCNACELwBSFXyq4qpAw4IARUAAIhCGAFwAcABBg==&rs=AOn4CLA4shrqzuxtxXlKILFWAh6BnTR11A,Sergio Oliveira,external-reference,embed_link_and_summarize_only
sMZli2Ge9M8,https://www.youtube.com/watch?v=sMZli2Ge9M8,Las cifras de ventas no son confiables - LaCochera Radio 4oct,2367.0,,videos,https://i.ytimg.com/vi/sMZli2Ge9M8/hqdefault.jpg?sqp=-oaymwEcCNACELwBSFXyq4qpAw4IARUAAIhCGAFwAcABBg==&rs=AOn4CLDFWzvPnwv6S2zbDa0KQitTRcK2RA,Sergio Oliveira,external-reference,embed_link_and_summarize_only
fPaUnxBGWd8,https://www.youtube.com/watch?v=fPaUnxBGWd8,La SUV que nos salvó el viaje,1756.0,,videos,https://i.ytimg.com/vi/fPaUnxBGWd8/hqdefault.jpg?sqp=-oaymwEcCNACELwBSFXyq4qpAw4IARUAAIhCGAFwAcABBg==&rs=AOn4CLBSrP4EoeNEChSJ9rfWsjdWeNsfCw,Sergio Oliveira,external-reference,embed_link_and_summarize_only
9yvxluxdeGA,https://www.youtube.com/watch?v=9yvxluxdeGA,Los mejores Mazda que conduje en 20 años,601.0,,videos,https://i.ytimg.com/vi/9yvxluxdeGA/hqdefault.jpg?sqp=-oaymwEcCNACELwBSFXyq4qpAw4IARUAAIhCGAFwAcABBg==&rs=AOn4CLDggbtnyIeSjplle0ixiYCKbueuIQ,Sergio Oliveira,external-reference,embed_link_and_summarize_only
dswrY06q_eI,https://www.youtube.com/watch?v=dswrY06q_eI,Honda CR-V Sport Touring 2026 - Primer Contacto,563.0,,videos,https://i.ytimg.com/vi/dswrY06q_eI/hqdefault.jpg?sqp=-oaymwEcCNACELwBSFXyq4qpAw4IARUAAIhCGAFwAcABBg==&rs=AOn4CLBPCFuhIcIuWOyCeF1vwLQF8bMXng,Sergio Oliveira,external-reference,embed_link_and_summarize_only
tkEy3M9T4OY,https://www.youtube.com/watch?v=tkEy3M9T4OY,FIAT Pulse Abarth - Transformada por el veneno,526.0,,videos,https://i.ytimg.com/vi/tkEy3M9T4OY/hqdefault.jpg?sqp=-oaymwEcCNACELwBSFXyq4qpAw4IARUAAIhCGAFwAcABBg==&rs=AOn4CLDZe8XCXLgynDaTzuEMGk11u7Eqjw,Sergio Oliveira,external-reference,embed_link_and_summarize_only
pk8okXQr1mU,https://www.youtube.com/watch?v=pk8okXQr1mU,GM cumple 90 años en México - LaCochera Radio 20 Sept,2308.0,,videos,https://i.ytimg.com/vi/pk8okXQr1mU/hqdefault.jpg?sqp=-oaymwEcCNACELwBSFXyq4qpAw4IARUAAIhCGAFwAcABBg==&rs=AOn4CLDrHN6BNthQjKD2vTX_mJFum69-bQ,Sergio Oliveira,external-reference,embed_link_and_summarize_only
yZWrCgmVdWM,https://www.youtube.com/watch?v=yZWrCgmVdWM,Quién gana y quién pierde con los aranceles,1978.0,,videos,https://i.ytimg.com/vi/yZWrCgmVdWM/hqdefault.jpg?sqp=-oaymwE2CNACELwBSFXyq4qpAygIARUAAIhCGAFwAcABBvABAfgB_gmAAtAFigIMCAAQARhmIGYoZjAP&rs=AOn4CLBMPFaR0wnw6goUHzA1fa1PgXdfZA,Sergio Oliveira,external-reference,embed_link_and_summarize_only
kHpGElfGNRI,https://www.youtube.com/watch?v=kHpGElfGNRI,Todo sobre los aranceles a China - LaCochera Radio 13sep,2234.0,,videos,https://i.ytimg.com/vi/kHpGElfGNRI/hqdefault.jpg?sqp=-oaymwEcCNACELwBSFXyq4qpAw4IARUAAIhCGAFwAcABBg==&rs=AOn4CLCWl7pHIquQDI46mBl1hrlbmaJqRQ,Sergio Oliveira,external-reference,embed_link_and_summarize_only
frDmjjKabNc,https://www.youtube.com/watch?v=frDmjjKabNc,"Hyundai Creta Turbo 2026 - Cero emociones, 100% familia",924.0,,videos,https://i.ytimg.com/vi/frDmjjKabNc/hqdefault.jpg?sqp=-oaymwEcCNACELwBSFXyq4qpAw4IARUAAIhCGAFwAcABBg==&rs=AOn4CLC8GmHTczi493dgNVPkDI9EmDOuDg,Sergio Oliveira,external-reference,embed_link_and_summarize_only
ecCRvLwyTes,https://www.youtube.com/watch?v=ecCRvLwyTes,Subaru Forester Sport 2026 - Una SUV para toda la vida,792.0,,videos,https://i.ytimg.com/vi/ecCRvLwyTes/hqdefault.jpg?sqp=-oaymwEcCNACELwBSFXyq4qpAw4IARUAAIhCGAFwAcABBg==&rs=AOn4CLC1KnlgU2aVz5ZtY3DPVLrsSKddjw,Sergio Oliveira,external-reference,embed_link_and_summarize_only
Ec7fJpff5z0,https://www.youtube.com/watch?v=Ec7fJpff5z0,Kia K4 Hatchback - Primer Contacto,463.0,,videos,https://i.ytimg.com/vi/Ec7fJpff5z0/hqdefault.jpg?sqp=-oaymwEcCNACELwBSFXyq4qpAw4IARUAAIhCGAFwAcABBg==&rs=AOn4CLAeEq6Kz-PFyItM9vXzUwX27kEZpg,Sergio Oliveira,external-reference,embed_link_and_summarize_only
hWgYxADhP6M,https://www.youtube.com/watch?v=hWgYxADhP6M,¿Aranceles a los autos chinos? - LaCochera Radio 30 ago,2079.0,,videos,https://i.ytimg.com/vi/hWgYxADhP6M/hqdefault.jpg?sqp=-oaymwEcCNACELwBSFXyq4qpAw4IARUAAIhCGAFwAcABBg==&rs=AOn4CLBFQngKwaJZN1q_608Ch_gf0WqS7w,Sergio Oliveira,external-reference,embed_link_and_summarize_only
eHKB14PEq-U,https://www.youtube.com/watch?v=eHKB14PEq-U,Lincoln Navigator Reserve 2025 - Vivir en la cima,993.0,,videos,https://i.ytimg.com/vi/eHKB14PEq-U/hqdefault.jpg?sqp=-oaymwEcCNACELwBSFXyq4qpAw4IARUAAIhCGAFwAcABBg==&rs=AOn4CLAWZDk06fMYg6s7X-1-bgEr1pSkTQ,Sergio Oliveira,external-reference,embed_link_and_summarize_only
el5C0jiFyPM,https://www.youtube.com/watch?v=el5C0jiFyPM,Suzuki Dzire Boostergreen - Primer contacto,384.0,,videos,https://i.ytimg.com/vi/el5C0jiFyPM/hqdefault.jpg?sqp=-oaymwEcCNACELwBSFXyq4qpAw4IARUAAIhCGAFwAcABBg==&rs=AOn4CLAWBS3toelEySWBAeo5soJ4FNKTMg,Sergio Oliveira,external-reference,embed_link_and_summarize_only
U0_SoageI5E,https://www.youtube.com/watch?v=U0_SoageI5E,"Tera, Dzire, CR-V, HS, QX80 y Cherokee se presentaron - LaCochera Radio 23 Ago",2044.0,,videos,https://i.ytimg.com/vi/U0_SoageI5E/hqdefault.jpg?sqp=-oaymwEcCNACELwBSFXyq4qpAw4IARUAAIhCGAFwAcABBg==&rs=AOn4CLCg5GKnUp_jBghk-RlIuwCCqBB_ew,Sergio Oliveira,external-reference,embed_link_and_summarize_only
DGAnl8-6ng0,https://www.youtube.com/watch?v=DGAnl8-6ng0,Volkswagen Tera 2026 - Primer contacto,867.0,,videos,https://i.ytimg.com/vi/DGAnl8-6ng0/hqdefault.jpg?sqp=-oaymwEcCNACELwBSFXyq4qpAw4IARUAAIhCGAFwAcABBg==&rs=AOn4CLAjMK1IAjoJ52R2oMYKGFa7l_ut7g,Sergio Oliveira,external-reference,embed_link_and_summarize_only
NwlvJn20Oyc,https://www.youtube.com/watch?v=NwlvJn20Oyc,Toyota Tacoma HEV - Porqué aún no es mi favorita,1545.0,,videos,https://i.ytimg.com/vi/NwlvJn20Oyc/hqdefault.jpg?sqp=-oaymwEcCNACELwBSFXyq4qpAw4IARUAAIhCGAFwAcABBg==&rs=AOn4CLAdJbJXP-Vp-HFcU15QCYHgJEyGRQ,Sergio Oliveira,external-reference,embed_link_and_summarize_only
Mz8AC-qvBts,https://www.youtube.com/watch?v=Mz8AC-qvBts,Ford Explorer Platinum - Esta Explorer se identifica como ST,884.0,,videos,https://i.ytimg.com/vi/Mz8AC-qvBts/hqdefault.jpg?sqp=-oaymwEcCNACELwBSFXyq4qpAw4IARUAAIhCGAFwAcABBg==&rs=AOn4CLA4Rufq3u0RpT7zV_YFxrOsu_zQ9A,Sergio Oliveira,external-reference,embed_link_and_summarize_only
x1GwvGXFS9Q,https://www.youtube.com/watch?v=x1GwvGXFS9Q,Kia celebra 10 años en México - LaCochera Radio 9ago,2350.0,,videos,https://i.ytimg.com/vi/x1GwvGXFS9Q/hqdefault.jpg?sqp=-oaymwEcCNACELwBSFXyq4qpAw4IARUAAIhCGAFwAcABBg==&rs=AOn4CLBBB27eV5Sl0YERR0KU1NRSqzx_Ig,Sergio Oliveira,external-reference,embed_link_and_summarize_only
gMTgjG4snCs,https://www.youtube.com/watch?v=gMTgjG4snCs,GWM Haval H6 HEV - Difícil creer que es china,1138.0,,videos,https://i.ytimg.com/vi/gMTgjG4snCs/hqdefault.jpg?sqp=-oaymwEcCNACELwBSFXyq4qpAw4IARUAAIhCGAFwAcABBg==&rs=AOn4CLBdaFHmwtQDXXQW2UevPjxvwnjL1w,Sergio Oliveira,external-reference,embed_link_and_summarize_only
IM2IG88IdHI,https://www.youtube.com/watch?v=IM2IG88IdHI,Hay esperanza para la industria automotriz - LaCochera Radio 2 ago,2547.0,,videos,https://i.ytimg.com/vi/IM2IG88IdHI/hqdefault.jpg?sqp=-oaymwEcCNACELwBSFXyq4qpAw4IARUAAIhCGAFwAcABBg==&rs=AOn4CLCRkQIpRqzQFBMuPIahtuKjIdVERw,Sergio Oliveira,external-reference,embed_link_and_summarize_only
M0F7u7zMFxU,https://www.youtube.com/watch?v=M0F7u7zMFxU,Chevrolet Groove 2026 - Ahora ya sale a carretera,872.0,,videos,https://i.ytimg.com/vi/M0F7u7zMFxU/hqdefault.jpg?sqp=-oaymwEcCNACELwBSFXyq4qpAw4IARUAAIhCGAFwAcABBg==&rs=AOn4CLAoxFzLyli8dGmCbSLWt0xTxpIpFQ,Sergio Oliveira,external-reference,embed_link_and_summarize_only
02kTmqTr3rc,https://www.youtube.com/watch?v=02kTmqTr3rc,Nos invaden las Minivanes chinas - LaCochera Radio 26jul,2222.0,,videos,https://i.ytimg.com/vi/02kTmqTr3rc/hqdefault.jpg?sqp=-oaymwEcCNACELwBSFXyq4qpAw4IARUAAIhCGAFwAcABBg==&rs=AOn4CLAY5HHa2Ydy3q4LsLlKk9bdafu_ew,Sergio Oliveira,external-reference,embed_link_and_summarize_only
aS-0xJgtES4,https://www.youtube.com/watch?v=aS-0xJgtES4,Chevrolet Spark EUV - Este eléctrico yo lo tendría,528.0,,videos,https://i.ytimg.com/vi/aS-0xJgtES4/hqdefault.jpg?sqp=-oaymwEcCNACELwBSFXyq4qpAw4IARUAAIhCGAFwAcABBg==&rs=AOn4CLDDPMVfFLUJKskUhfwgbnqgLS-ZLg,Sergio Oliveira,external-reference,embed_link_and_summarize_only
_ppIsEcTrDo,https://www.youtube.com/watch?v=_ppIsEcTrDo,Honda Accord vs Avión - ¿Qué es más rápido de CDMX a GDL?,1509.0,,videos,https://i.ytimg.com/vi/_ppIsEcTrDo/hqdefault.jpg?sqp=-oaymwEcCNACELwBSFXyq4qpAw4IARUAAIhCGAFwAcABBg==&rs=AOn4CLCkY3Qb-Aagy5NgAgd5n6pz_2rTPw,Sergio Oliveira,external-reference,embed_link_and_summarize_only
ufcgn0HL_vU,https://www.youtube.com/watch?v=ufcgn0HL_vU,IM LS7 El asiento más cómodo por el precio - LaCochera Radio19Jul,2024.0,,videos,https://i.ytimg.com/vi/ufcgn0HL_vU/hqdefault.jpg?sqp=-oaymwE2CNACELwBSFXyq4qpAygIARUAAIhCGAFwAcABBvABAfgB_gmAAtAFigIMCAAQARhyIFAoRjAP&rs=AOn4CLBa0K0Rx1kW3qq7PwyMndEzi5cdaQ,Sergio Oliveira,external-reference,embed_link_and_summarize_only
J7MoQ1jBT4A,https://www.youtube.com/watch?v=J7MoQ1jBT4A,¿Cuál es la verdadera sustituta de la Volkswagen Combi?,490.0,,videos,https://i.ytimg.com/vi/J7MoQ1jBT4A/hqdefault.jpg?sqp=-oaymwEcCNACELwBSFXyq4qpAw4IARUAAIhCGAFwAcABBg==&rs=AOn4CLBRUS5Oh64q-r8tPstUHVWeMhyNHw,Sergio Oliveira,external-reference,embed_link_and_summarize_only
9O-l0IhfvOg,https://www.youtube.com/watch?v=9O-l0IhfvOg,Mazda BT-50 - ¿La mejor japonesa?,696.0,,videos,https://i.ytimg.com/vi/9O-l0IhfvOg/hqdefault.jpg?sqp=-oaymwEcCNACELwBSFXyq4qpAw4IARUAAIhCGAFwAcABBg==&rs=AOn4CLDHtxwQV7ByZZ6fV8PwlC5e6XVk1w,Sergio Oliveira,external-reference,embed_link_and_summarize_only
ZsQFgqyGIlY,https://www.youtube.com/watch?v=ZsQFgqyGIlY,¿Tiene sentido una pickup Mazda? LaCochera Radio 12jul 00,2121.0,,videos,https://i.ytimg.com/vi/ZsQFgqyGIlY/hqdefault.jpg?sqp=-oaymwEcCNACELwBSFXyq4qpAw4IARUAAIhCGAFwAcABBg==&rs=AOn4CLBzwP0Kw6WISCpjLEPxJ1bAZ9L__w,Sergio Oliveira,external-reference,embed_link_and_summarize_only
bdABjkUlKVg,https://www.youtube.com/watch?v=bdABjkUlKVg,Volkswagen Taos 2025 - Te digo para quién es la mejor opción,489.0,,videos,https://i.ytimg.com/vi/bdABjkUlKVg/hqdefault.jpg?sqp=-oaymwEcCNACELwBSFXyq4qpAw4IARUAAIhCGAFwAcABBg==&rs=AOn4CLBXbFSYzWUnzIYLgaWSqwp8rjkIrA,Sergio Oliveira,external-reference,embed_link_and_summarize_only
TFNqGzpWO_k,https://www.youtube.com/watch?v=TFNqGzpWO_k,"IM LS7 - Muchos lujos, pero no todos",1025.0,,videos,https://i.ytimg.com/vi/TFNqGzpWO_k/hqdefault.jpg?sqp=-oaymwEcCNACELwBSFXyq4qpAw4IARUAAIhCGAFwAcABBg==&rs=AOn4CLAjEpf-Hss61xnH-KgvDV3MPj_J-Q,Sergio Oliveira,external-reference,embed_link_and_summarize_only
nGUOeKm8CV4,https://www.youtube.com/watch?v=nGUOeKm8CV4,Despedimos al Swift Sport - La Cochera Radio 5jul,2272.0,,videos,https://i.ytimg.com/vi/nGUOeKm8CV4/hqdefault.jpg?sqp=-oaymwEcCNACELwBSFXyq4qpAw4IARUAAIhCGAFwAcABBg==&rs=AOn4CLBdi9zQqJew3iw1Q-tFB3rhEE_ixA,Sergio Oliveira,external-reference,embed_link_and_summarize_only
n1PL2_gQnLM,https://www.youtube.com/watch?v=n1PL2_gQnLM,Honda HR-V 2026 - Ahora es más segura,919.0,,videos,https://i.ytimg.com/vi/n1PL2_gQnLM/hqdefault.jpg?sqp=-oaymwEcCNACELwBSFXyq4qpAw4IARUAAIhCGAFwAcABBg==&rs=AOn4CLDdRY0TwSXfPc_MToqLY41gDvA0qA,Sergio Oliveira,external-reference,embed_link_and_summarize_only
zUl5D1sXpT4,https://www.youtube.com/watch?v=zUl5D1sXpT4,Las novedades de GM desde Las Vegas - LaCochera Radio 28jun,2079.0,,videos,https://i.ytimg.com/vi/zUl5D1sXpT4/hqdefault.jpg?sqp=-oaymwEcCNACELwBSFXyq4qpAw4IARUAAIhCGAFwAcABBg==&rs=AOn4CLA8EGr93ZdCriT-MoeTwyAF5TXWhw,Sergio Oliveira,external-reference,embed_link_and_summarize_only
6S29rmFNZ9M,https://www.youtube.com/watch?v=6S29rmFNZ9M,Lincoln Aviator - Crucero en Business Class,364.0,,videos,https://i.ytimg.com/vi/6S29rmFNZ9M/hqdefault.jpg?sqp=-oaymwEcCNACELwBSFXyq4qpAw4IARUAAIhCGAFwAcABBg==&rs=AOn4CLC9tgt8lAHd2uMkt20LYtJSHo6rsg,Sergio Oliveira,external-reference,embed_link_and_summarize_only
ID3WJZI-HTI,https://www.youtube.com/watch?v=ID3WJZI-HTI,Audi Q6 e-tron - ¿Ser premium es suficiente?,1149.0,,videos,https://i.ytimg.com/vi/ID3WJZI-HTI/hqdefault.jpg?sqp=-oaymwEcCNACELwBSFXyq4qpAw4IARUAAIhCGAFwAcABBg==&rs=AOn4CLBNHDSgWnSCaX5K8l128azq7FOl1A,Sergio Oliveira,external-reference,embed_link_and_summarize_only
XFobK0EAeyI,https://www.youtube.com/watch?v=XFobK0EAeyI,¡Sergio quiere un EV! - LaCochera Radio21Jun,2249.0,,videos,https://i.ytimg.com/vi/XFobK0EAeyI/hqdefault.jpg?sqp=-oaymwE2CNACELwBSFXyq4qpAygIARUAAIhCGAFwAcABBvABAfgB_gmAAtAFigIMCAAQARhlIEsoPjAP&rs=AOn4CLBi8Egygcd2D0L9KNsc6VXaXByuOA,Sergio Oliveira,external-reference,embed_link_and_summarize_only
7utaljM-WR4,https://www.youtube.com/watch?v=7utaljM-WR4,Infiniti QX80 - ¿Lista para luchar contra las grandes?,793.0,,videos,https://i.ytimg.com/vi/7utaljM-WR4/hqdefault.jpg?sqp=-oaymwEcCNACELwBSFXyq4qpAw4IARUAAIhCGAFwAcABBg==&rs=AOn4CLDS1BLK3UkAQwqoqmtzQz-9cdCmxA,Sergio Oliveira,external-reference,embed_link_and_summarize_only
nG3QjlBEVek,https://www.youtube.com/watch?v=nG3QjlBEVek,Volkswagen Nivus 2026 - Primer Contacto,688.0,,videos,https://i.ytimg.com/vi/nG3QjlBEVek/hqdefault.jpg?sqp=-oaymwEcCNACELwBSFXyq4qpAw4IARUAAIhCGAFwAcABBg==&rs=AOn4CLDQ1IYlf48kX-YXPXTJ6lhuDXhrgA,Sergio Oliveira,external-reference,embed_link_and_summarize_only
MPYMB0zuZgk,https://www.youtube.com/watch?v=MPYMB0zuZgk,Dodge Attitude - El desempeño que podemos pagar,716.0,,videos,https://i.ytimg.com/vi/MPYMB0zuZgk/hqdefault.jpg?sqp=-oaymwEcCNACELwBSFXyq4qpAw4IARUAAIhCGAFwAcABBg==&rs=AOn4CLDSiw0LfrGQNW74NFGNfKSgwb43pw,Sergio Oliveira,external-reference,embed_link_and_summarize_only
SrBYLTyEkF4,https://www.youtube.com/watch?v=SrBYLTyEkF4,Lincoln Navigator 2025 - Porqué es la mejor en su clase,542.0,,videos,https://i.ytimg.com/vi/SrBYLTyEkF4/hqdefault.jpg?sqp=-oaymwEcCNACELwBSFXyq4qpAw4IARUAAIhCGAFwAcABBg==&rs=AOn4CLDljCdYTATYKnh7LA8wiVBMNH4Gyg,Sergio Oliveira,external-reference,embed_link_and_summarize_only
scQVusyXjoM,https://www.youtube.com/watch?v=scQVusyXjoM,¡No compres rines grandes!,1840.0,,videos,https://i.ytimg.com/vi/scQVusyXjoM/hqdefault.jpg?sqp=-oaymwEcCNACELwBSFXyq4qpAw4IARUAAIhCGAFwAcABBg==&rs=AOn4CLDaA-AHRB47jA1mHn2WeP7rwtTtoA,Sergio Oliveira,external-reference,embed_link_and_summarize_only
qUVE5tOQF1w,https://www.youtube.com/watch?v=qUVE5tOQF1w,Kia Sportage Híbrida 2026 - Primer contacto,560.0,,videos,https://i.ytimg.com/vi/qUVE5tOQF1w/hqdefault.jpg?sqp=-oaymwEcCNACELwBSFXyq4qpAw4IARUAAIhCGAFwAcABBg==&rs=AOn4CLAl-G82AFikL3xK6VYe0f8TwyyhEA,Sergio Oliveira,external-reference,embed_link_and_summarize_only
bPbOYxJEMhc,https://www.youtube.com/watch?v=bPbOYxJEMhc,Celebrando 100 Años de Ford en México - La CocheraRadio 7jun,2262.0,,videos,https://i.ytimg.com/vi/bPbOYxJEMhc/hqdefault.jpg?sqp=-oaymwEcCNACELwBSFXyq4qpAw4IARUAAIhCGAFwAcABBg==&rs=AOn4CLAKIkQU0Vcur__tshqIQHuly4dx1w,Sergio Oliveira,external-reference,embed_link_and_summarize_only
e5K_1mL4zaw,https://www.youtube.com/watch?v=e5K_1mL4zaw,Nissan Magnite - Sorprende en carretera,308.0,,videos,https://i.ytimg.com/vi/e5K_1mL4zaw/hqdefault.jpg?sqp=-oaymwEcCNACELwBSFXyq4qpAw4IARUAAIhCGAFwAcABBg==&rs=AOn4CLAbHUYSvDZFR3SQqOkY09HuRpfqAg,Sergio Oliveira,external-reference,embed_link_and_summarize_only
GHHU7aTSAdI,https://www.youtube.com/watch?v=GHHU7aTSAdI,De Magnite a Navigator - LaCochera Radio 31May,2040.0,,videos,https://i.ytimg.com/vi/GHHU7aTSAdI/hqdefault.jpg?sqp=-oaymwEcCNACELwBSFXyq4qpAw4IARUAAIhCGAFwAcABBg==&rs=AOn4CLAbN9SlnPlVTv_hpc8sM73kVJAQJg,Sergio Oliveira,external-reference,embed_link_and_summarize_only
Ae3BXdzgH4k,https://www.youtube.com/watch?v=Ae3BXdzgH4k,"Nuevo CEO de Stellantis, Antonio Filosa",441.0,,videos,https://i.ytimg.com/vi/Ae3BXdzgH4k/hqdefault.jpg?sqp=-oaymwE2CNACELwBSFXyq4qpAygIARUAAIhCGAFwAcABBvABAfgB_gmAAtAFigIMCAAQARhlIFQoPzAP&rs=AOn4CLCs2DgjmWbDgyXAUSLuO-sJQp20pQ,Sergio Oliveira,external-reference,embed_link_and_summarize_only
6Xme-J71CGA,https://www.youtube.com/watch?v=6Xme-J71CGA,"Chevrolet Express Max - Vocación para trabajo duro, pero también sabe divertirse",320.0,,videos,https://i.ytimg.com/vi/6Xme-J71CGA/hqdefault.jpg?sqp=-oaymwEcCNACELwBSFXyq4qpAw4IARUAAIhCGAFwAcABBg==&rs=AOn4CLBODXQH01ovtVWr0jVuRMO5SpWdwQ,Sergio Oliveira,external-reference,embed_link_and_summarize_only
H0q8OIrnaho,https://www.youtube.com/watch?v=H0q8OIrnaho,Kia Sportage y Renault Koleos llegan renovadas - LaCochera Radio 24May,2083.0,,videos,https://i.ytimg.com/vi/H0q8OIrnaho/hqdefault.jpg?sqp=-oaymwEcCNACELwBSFXyq4qpAw4IARUAAIhCGAFwAcABBg==&rs=AOn4CLCfR7s85dlOZcO37xVQPqF7ZUmQOw,Sergio Oliveira,external-reference,embed_link_and_summarize_only
BbB06LW7TQU,https://www.youtube.com/watch?v=BbB06LW7TQU,Acura ADX - Llegó para conquistar,973.0,,videos,https://i.ytimg.com/vi/BbB06LW7TQU/hqdefault.jpg?sqp=-oaymwEcCNACELwBSFXyq4qpAw4IARUAAIhCGAFwAcABBg==&rs=AOn4CLCKs5BGAe7ErSR4SHYrsTeyiuqHqg,Sergio Oliveira,external-reference,embed_link_and_summarize_only
XZWrWliYMoU,https://www.youtube.com/watch?v=XZWrWliYMoU,¿Cuánto costaba un GLI en 2014? - LaCochera Radio 17May,2114.0,,videos,https://i.ytimg.com/vi/XZWrWliYMoU/hqdefault.jpg?sqp=-oaymwEcCNACELwBSFXyq4qpAw4IARUAAIhCGAFwAcABBg==&rs=AOn4CLCX0dMMuy0fOrofVLMS8-LSZvOPoA,Sergio Oliveira,external-reference,embed_link_and_summarize_only
hMDc6O6k4EQ,https://www.youtube.com/watch?v=hMDc6O6k4EQ,Ford México cumple 100 años. ¿Y su futuro cómo pinta?,787.0,,videos,https://i.ytimg.com/vi/hMDc6O6k4EQ/hqdefault.jpg?sqp=-oaymwEcCNACELwBSFXyq4qpAw4IARUAAIhCGAFwAcABBg==&rs=AOn4CLDHGjg27fjZE4Ubu8N1CjGmfSSIgQ,Sergio Oliveira,external-reference,embed_link_and_summarize_only
EQSimBm9tKM,https://www.youtube.com/watch?v=EQSimBm9tKM,Ram 1500 Tungsten -  Para el verdadero patrón,875.0,,videos,https://i.ytimg.com/vi/EQSimBm9tKM/hqdefault.jpg?sqp=-oaymwEcCNACELwBSFXyq4qpAw4IARUAAIhCGAFwAcABBg==&rs=AOn4CLDIOwOKdsRmbaZnH4corYNayPqL-A,Sergio Oliveira,external-reference,embed_link_and_summarize_only
emt0UW_XsQ4,https://www.youtube.com/watch?v=emt0UW_XsQ4,Mi mamá adoraba su FIAT Palio - LaCochera Radio 10may,1921.0,,videos,https://i.ytimg.com/vi/emt0UW_XsQ4/hqdefault.jpg?sqp=-oaymwEcCNACELwBSFXyq4qpAw4IARUAAIhCGAFwAcABBg==&rs=AOn4CLA5XzhGukyjtnQKWBGq3wziMNOV3w,Sergio Oliveira,external-reference,embed_link_and_summarize_only
2ef56r1aRFw,https://www.youtube.com/watch?v=2ef56r1aRFw,Hyundai Ioniq 5 -  Con espíritu entusiasta,884.0,,videos,https://i.ytimg.com/vi/2ef56r1aRFw/hqdefault.jpg?sqp=-oaymwEcCNACELwBSFXyq4qpAw4IARUAAIhCGAFwAcABBg==&rs=AOn4CLBrXbhX5JOLgp_7g56yk92nKnTnFA,Sergio Oliveira,external-reference,embed_link_and_summarize_only
T2st1ix4Dyc,https://www.youtube.com/watch?v=T2st1ix4Dyc,"3 Primicias: Magnite, ZS y GS4 Max - LaCochera Radio 3May",1788.0,,videos,https://i.ytimg.com/vi/T2st1ix4Dyc/hqdefault.jpg?sqp=-oaymwEcCNACELwBSFXyq4qpAw4IARUAAIhCGAFwAcABBg==&rs=AOn4CLDKt6WSjs3IOU2P19PdJEShppEJ5A,Sergio Oliveira,external-reference,embed_link_and_summarize_only
BQdSRacARTw,https://www.youtube.com/watch?v=BQdSRacARTw,MG ZS 2025 - Ahora con turbo y 168 HP,722.0,,videos,https://i.ytimg.com/vi/BQdSRacARTw/hqdefault.jpg?sqp=-oaymwEcCNACELwBSFXyq4qpAw4IARUAAIhCGAFwAcABBg==&rs=AOn4CLB7-mAZKPZasru77sqFJ8YA4UqmMw,Sergio Oliveira,external-reference,embed_link_and_summarize_only
eS8lEoTLllQ,https://www.youtube.com/watch?v=eS8lEoTLllQ,GAC GS4 Max - Con un toque más conservador,627.0,,videos,https://i.ytimg.com/vi/eS8lEoTLllQ/hqdefault.jpg?sqp=-oaymwEcCNACELwBSFXyq4qpAw4IARUAAIhCGAFwAcABBg==&rs=AOn4CLCBMQP58TBPRfVyhdbjLFEnsQQ-cQ,Sergio Oliveira,external-reference,embed_link_and_summarize_only
jLtcJvBTt4k,https://www.youtube.com/watch?v=jLtcJvBTt4k,Nissan Magnite - El nuevo consentido,858.0,,videos,https://i.ytimg.com/vi/jLtcJvBTt4k/hqdefault.jpg?sqp=-oaymwEcCNACELwBSFXyq4qpAw4IARUAAIhCGAFwAcABBg==&rs=AOn4CLDj9v33WOFzNeWb7mYDgVU4McqXzg,Sergio Oliveira,external-reference,embed_link_and_summarize_only
dh7d_1TQGK8,https://www.youtube.com/watch?v=dh7d_1TQGK8,TODO sobre el Salón de Shanghái 2025 - LaCocheraRadio 26Abr,2198.0,,videos,https://i.ytimg.com/vi/dh7d_1TQGK8/hqdefault.jpg?sqp=-oaymwEcCNACELwBSFXyq4qpAw4IARUAAIhCGAFwAcABBg==&rs=AOn4CLDafJi_CTEM-1y7TkM0f3dn7mpTqA,Sergio Oliveira,external-reference,embed_link_and_summarize_only
ENM078Ega-8,https://www.youtube.com/watch?v=ENM078Ega-8,Mini Convertible JCW -  Primer contacto desde Georgia,306.0,,videos,https://i.ytimg.com/vi/ENM078Ega-8/hqdefault.jpg?sqp=-oaymwEcCNACELwBSFXyq4qpAw4IARUAAIhCGAFwAcABBg==&rs=AOn4CLDSEki0S5deIe8QI3_CD0sRdRoDxg,Sergio Oliveira,external-reference,embed_link_and_summarize_only
DRWP9D_QL3Y,https://www.youtube.com/watch?v=DRWP9D_QL3Y,Toyota RAV4 HEV - La gran consentida,568.0,,videos,https://i.ytimg.com/vi/DRWP9D_QL3Y/hqdefault.jpg?sqp=-oaymwEcCNACELwBSFXyq4qpAw4IARUAAIhCGAFwAcABBg==&rs=AOn4CLB-ece3yZFFNAhncOCcwogBort6Ew,Sergio Oliveira,external-reference,embed_link_and_summarize_only
iDHNw7cMu5c,https://www.youtube.com/watch?v=iDHNw7cMu5c,Nueva York fue coreano - LaCochera Radio 19Abr,2418.0,,videos,https://i.ytimg.com/vi/iDHNw7cMu5c/hqdefault.jpg?sqp=-oaymwEcCNACELwBSFXyq4qpAw4IARUAAIhCGAFwAcABBg==&rs=AOn4CLCpth7O975MKhdps2uzQs9wriVWhw,Sergio Oliveira,external-reference,embed_link_and_summarize_only
3Wtc5DJnjis,https://www.youtube.com/watch?v=3Wtc5DJnjis,Geely Cityray -  Mejor de lo que esperaba,901.0,,videos,https://i.ytimg.com/vi/3Wtc5DJnjis/hqdefault.jpg?sqp=-oaymwEcCNACELwBSFXyq4qpAw4IARUAAIhCGAFwAcABBg==&rs=AOn4CLBDYbbIb8aR_JVOFug5XaBRurjqog,Sergio Oliveira,external-reference,embed_link_and_summarize_only
soRhW_GdZiQ,https://www.youtube.com/watch?v=soRhW_GdZiQ,¿Un Golf GTI sobre un Cupra León? - La Cochera Radio 12abr,2203.0,,videos,https://i.ytimg.com/vi/soRhW_GdZiQ/hqdefault.jpg?sqp=-oaymwEcCNACELwBSFXyq4qpAw4IARUAAIhCGAFwAcABBg==&rs=AOn4CLCrfIV_-7bYMeFVxP0FEyOnCu5SfA,Sergio Oliveira,external-reference,embed_link_and_summarize_only
0AVdthsSJlM,https://www.youtube.com/watch?v=0AVdthsSJlM,Chevrolet Equinox EV - Cuándo estás enamorado...,1000.0,,videos,https://i.ytimg.com/vi/0AVdthsSJlM/hqdefault.jpg?sqp=-oaymwEcCNACELwBSFXyq4qpAw4IARUAAIhCGAFwAcABBg==&rs=AOn4CLACE0LX4guE5djsG8kvEUd7e3xjDg,Sergio Oliveira,external-reference,embed_link_and_summarize_only
utnRng2wYvw,https://www.youtube.com/watch?v=utnRng2wYvw,"Ram 1500 ""Moparizada"" - Nadie tendrá una igual",362.0,,videos,https://i.ytimg.com/vi/utnRng2wYvw/hqdefault.jpg?sqp=-oaymwEcCNACELwBSFXyq4qpAw4IARUAAIhCGAFwAcABBg==&rs=AOn4CLCnOj_zqHrtmaADYa42b6Lauan36w,Sergio Oliveira,external-reference,embed_link_and_summarize_only
_f2t-2e67Cs,https://www.youtube.com/watch?v=_f2t-2e67Cs,Nissan Magnite ya está en México - LaCochera Radio 5abr,2082.0,,videos,https://i.ytimg.com/vi/_f2t-2e67Cs/hqdefault.jpg?sqp=-oaymwEcCNACELwBSFXyq4qpAw4IARUAAIhCGAFwAcABBg==&rs=AOn4CLCYcyA7ISNtAz7RU0lDA-TugbnXww,Sergio Oliveira,external-reference,embed_link_and_summarize_only
_Xp_GdGVVzE,https://www.youtube.com/watch?v=_Xp_GdGVVzE,Honda Civic HEV - El costo de la excelencia,769.0,,videos,https://i.ytimg.com/vi/_Xp_GdGVVzE/hqdefault.jpg?sqp=-oaymwEcCNACELwBSFXyq4qpAw4IARUAAIhCGAFwAcABBg==&rs=AOn4CLDNPmlsmBMhdG9t0pKBycIbiqhVTg,Sergio Oliveira,external-reference,embed_link_and_summarize_only
rqkEkXBucVU,https://www.youtube.com/watch?v=rqkEkXBucVU,GAC GS8 HEV - Lujo chino con corazón japonés,1101.0,,videos,https://i.ytimg.com/vi/rqkEkXBucVU/hqdefault.jpg?sqp=-oaymwEcCNACELwBSFXyq4qpAw4IARUAAIhCGAFwAcABBg==&rs=AOn4CLCmP_0ndty6CyRQ74qyhYPmHSoB0g,Sergio Oliveira,external-reference,embed_link_and_summarize_only
7nOjO6CEmYM,https://www.youtube.com/watch?v=7nOjO6CEmYM,¿Se harán realidad los aranceles? - LaCochera Radio 29mar,2049.0,,videos,https://i.ytimg.com/vi/7nOjO6CEmYM/hqdefault.jpg?sqp=-oaymwEcCNACELwBSFXyq4qpAw4IARUAAIhCGAFwAcABBg==&rs=AOn4CLB1n1A4OBOXlohhf7Bqb0UAOYNUnQ,Sergio Oliveira,external-reference,embed_link_and_summarize_only
9zBnNW_M3CY,https://www.youtube.com/watch?v=9zBnNW_M3CY,Nissan Frontier V6 PRO-4X - Pickup muy Pro,360.0,,videos,https://i.ytimg.com/vi/9zBnNW_M3CY/hqdefault.jpg?sqp=-oaymwEcCNACELwBSFXyq4qpAw4IARUAAIhCGAFwAcABBg==&rs=AOn4CLBitGm7TSEiHs4LSSfOoZTj3s0KhA,Sergio Oliveira,external-reference,embed_link_and_summarize_only
N5eURT_FOTQ,https://www.youtube.com/watch?v=N5eURT_FOTQ,De Toyota a Volvo -  Me lo compro o no me lo compro,3934.0,,videos,https://i.ytimg.com/vi/N5eURT_FOTQ/hqdefault.jpg?sqp=-oaymwE2CNACELwBSFXyq4qpAygIARUAAIhCGAFwAcABBvABAfgB_gmAAtAFigIMCAAQARhiIGIoYjAP&rs=AOn4CLB2jYS4e8W0ybIv56P2xdRmDl0BUQ,Sergio Oliveira,external-reference,embed_link_and_summarize_only
acNvNRmEN48,https://www.youtube.com/watch?v=acNvNRmEN48,Los compradores de autos NO son jóvenes - LaCochera Radio 22Mar,2270.0,,videos,https://i.ytimg.com/vi/acNvNRmEN48/hqdefault.jpg?sqp=-oaymwEcCNACELwBSFXyq4qpAw4IARUAAIhCGAFwAcABBg==&rs=AOn4CLCrwz15_-xUhqbx2Zbh-cHQhC4ynw,Sergio Oliveira,external-reference,embed_link_and_summarize_only
UueOqBcOEgE,https://www.youtube.com/watch?v=UueOqBcOEgE,Honda CR-V ¿Mejoró 20 años después?,1565.0,,videos,https://i.ytimg.com/vi/UueOqBcOEgE/hqdefault.jpg?sqp=-oaymwEcCNACELwBSFXyq4qpAw4IARUAAIhCGAFwAcABBg==&rs=AOn4CLAfyTafDLgtO17TdcoXaaiYlECJ1Q,Sergio Oliveira,external-reference,embed_link_and_summarize_only
zPglUjzzNqI,https://www.youtube.com/watch?v=zPglUjzzNqI,Volkswagen Tiguan 2025 - PrimerContacto,780.0,,videos,https://i.ytimg.com/vi/zPglUjzzNqI/hqdefault.jpg?sqp=-oaymwEcCNACELwBSFXyq4qpAw4IARUAAIhCGAFwAcABBg==&rs=AOn4CLBGtSu57bVX9wuOn9R2lSqYPGG09w,Sergio Oliveira,external-reference,embed_link_and_summarize_only
yQ7iv85yMXA,https://www.youtube.com/watch?v=yQ7iv85yMXA,"Iván Espinosa, nuevo CEO de México es un Car Guy - LaCochera Radio 15mar",1977.0,,videos,https://i.ytimg.com/vi/yQ7iv85yMXA/hqdefault.jpg?sqp=-oaymwEcCNACELwBSFXyq4qpAw4IARUAAIhCGAFwAcABBg==&rs=AOn4CLDymB4vmbyCSLB9oTBDwOe8tw-VLQ,Sergio Oliveira,external-reference,embed_link_and_summarize_only
GOo4-o3Kbus,https://www.youtube.com/watch?v=GOo4-o3Kbus,Nissan Kicks 2025 - Gran evolución,779.0,,videos,https://i.ytimg.com/vi/GOo4-o3Kbus/hqdefault.jpg?sqp=-oaymwEcCNACELwBSFXyq4qpAw4IARUAAIhCGAFwAcABBg==&rs=AOn4CLCnRRXt59BR_0QO3TtZ9tYnZqc--A,Sergio Oliveira,external-reference,embed_link_and_summarize_only
U9owaKnzq7s,https://www.youtube.com/watch?v=U9owaKnzq7s,Hyundai Creta Grand 2026 - Primer Contacto,439.0,,videos,https://i.ytimg.com/vi/U9owaKnzq7s/hqdefault.jpg?sqp=-oaymwEcCNACELwBSFXyq4qpAw4IARUAAIhCGAFwAcABBg==&rs=AOn4CLDYNQgCOq57pmacYCH4nzH5M0EBzA,Sergio Oliveira,external-reference,embed_link_and_summarize_only
3JbrLg0oWaQ,https://www.youtube.com/watch?v=3JbrLg0oWaQ,"El Civic no es caro, nosotros somos pobres - La Cochera Radio 8Mar",2184.0,,videos,https://i.ytimg.com/vi/3JbrLg0oWaQ/hqdefault.jpg?sqp=-oaymwEcCNACELwBSFXyq4qpAw4IARUAAIhCGAFwAcABBg==&rs=AOn4CLDVEjOD-sOY_tipntRZelMHSxAfYw,Sergio Oliveira,external-reference,embed_link_and_summarize_only
RHOCvFqKW1E,https://www.youtube.com/watch?v=RHOCvFqKW1E,Volkswagen Jetta GLI 2025 - Sigue emocionando,1076.0,,videos,https://i.ytimg.com/vi/RHOCvFqKW1E/hqdefault.jpg?sqp=-oaymwEcCNACELwBSFXyq4qpAw4IARUAAIhCGAFwAcABBg==&rs=AOn4CLBl3QI5kMjh8F3IbvLHbdF5Dp2DgQ,Sergio Oliveira,external-reference,embed_link_and_summarize_only
Ugy4PA9jGEM,https://www.youtube.com/watch?v=Ugy4PA9jGEM,Porqué Kia ya está en 2026,1164.0,,videos,https://i.ytimg.com/vi/Ugy4PA9jGEM/hqdefault.jpg?sqp=-oaymwEcCNACELwBSFXyq4qpAw4IARUAAIhCGAFwAcABBg==&rs=AOn4CLAayfdLQM2eUGnI27NkmS2-pr_tnQ,Sergio Oliveira,external-reference,embed_link_and_summarize_only
zkjvBQNBMY0,https://www.youtube.com/watch?v=zkjvBQNBMY0,Un minuto de silencio por el Nissan GT-R - LaCochera Radio 1mar,2206.0,,videos,https://i.ytimg.com/vi/zkjvBQNBMY0/hqdefault.jpg?sqp=-oaymwEcCNACELwBSFXyq4qpAw4IARUAAIhCGAFwAcABBg==&rs=AOn4CLB2sKJ0uxPaIgyeiyARHT-NU38VtQ,Sergio Oliveira,external-reference,embed_link_and_summarize_only
0qXE2VAAFjI,https://www.youtube.com/watch?v=0qXE2VAAFjI,Lincoln Aviator 2025 - Para quien no necesita probar nada a nadie,442.0,,videos,https://i.ytimg.com/vi/0qXE2VAAFjI/hqdefault.jpg?sqp=-oaymwEcCNACELwBSFXyq4qpAw4IARUAAIhCGAFwAcABBg==&rs=AOn4CLAlBrpvwHuWegysclntqMrEXvldIQ,Sergio Oliveira,external-reference,embed_link_and_summarize_only
CQcRiCxB38E,https://www.youtube.com/watch?v=CQcRiCxB38E,De Peugeot a Renault - Me lo compro o no me lo compro,3298.0,,videos,https://i.ytimg.com/vi/CQcRiCxB38E/hqdefault.jpg?sqp=-oaymwE2CNACELwBSFXyq4qpAygIARUAAIhCGAFwAcABBvABAfgB_gmAAtAFigIMCAAQARhlIGUoZTAP&rs=AOn4CLB5t1FXVCiBSugtXSYfMXZcY6tq1Q,Sergio Oliveira,external-reference,embed_link_and_summarize_only
N8zcQzKWkMU,https://www.youtube.com/watch?v=N8zcQzKWkMU,Caos vial en GDL por Lázaro Cárdenas - La Cochera Radio 22feb,2144.0,,videos,https://i.ytimg.com/vi/N8zcQzKWkMU/hqdefault.jpg?sqp=-oaymwEcCNACELwBSFXyq4qpAw4IARUAAIhCGAFwAcABBg==&rs=AOn4CLAOOfNSTrpJEE-Ij5KwrSqTOi7aVA,Sergio Oliveira,external-reference,embed_link_and_summarize_only
OagJ5fDS9rk,https://www.youtube.com/watch?v=OagJ5fDS9rk,Cupra Terramar - Por qué no comprar una Ateca ahora,534.0,,videos,https://i.ytimg.com/vi/OagJ5fDS9rk/hqdefault.jpg?sqp=-oaymwEcCNACELwBSFXyq4qpAw4IARUAAIhCGAFwAcABBg==&rs=AOn4CLBtrANeUmpmqNjT4G6gQAV2_IOqXw,Sergio Oliveira,external-reference,embed_link_and_summarize_only
4SyPwMH5Zn0,https://www.youtube.com/watch?v=4SyPwMH5Zn0,BMW hace alegría digital,341.0,,videos,https://i.ytimg.com/vi/4SyPwMH5Zn0/hqdefault.jpg?sqp=-oaymwEcCNACELwBSFXyq4qpAw4IARUAAIhCGAFwAcABBg==&rs=AOn4CLCmam22IRrZoDE3UzidjB-JP7iuCQ,Sergio Oliveira,external-reference,embed_link_and_summarize_only
VMVGXr8GpFE,https://www.youtube.com/watch?v=VMVGXr8GpFE,Peugeot 2008 Hybrid - Les explico por qué ahora es más fiable,478.0,,videos,https://i.ytimg.com/vi/VMVGXr8GpFE/hqdefault.jpg?sqp=-oaymwEcCNACELwBSFXyq4qpAw4IARUAAIhCGAFwAcABBg==&rs=AOn4CLA8b6QwfEBcnRu9z8NGPThr4aQGRg,Sergio Oliveira,external-reference,embed_link_and_summarize_only
AqbEPI8fq7c,https://www.youtube.com/watch?v=AqbEPI8fq7c,Cadillac Optiq es un gran EV - La Cochera Radio 15feb,1885.0,,videos,https://i.ytimg.com/vi/AqbEPI8fq7c/hqdefault.jpg?sqp=-oaymwEcCNACELwBSFXyq4qpAw4IARUAAIhCGAFwAcABBg==&rs=AOn4CLCCeozhAfoFLBwrN3hZdlkBzKqwzw,Sergio Oliveira,external-reference,embed_link_and_summarize_only
9HjLe2rcQ1I,https://www.youtube.com/watch?v=9HjLe2rcQ1I,Buick Enclave ST 2025 - Complementa la familia GM,1027.0,,videos,https://i.ytimg.com/vi/9HjLe2rcQ1I/hqdefault.jpg?sqp=-oaymwEcCNACELwBSFXyq4qpAw4IARUAAIhCGAFwAcABBg==&rs=AOn4CLALWWDNcwrE_W5bktoVDbDYRYnJKw,Sergio Oliveira,external-reference,embed_link_and_summarize_only
aspsJyDM5NM,https://www.youtube.com/watch?v=aspsJyDM5NM,Cadillac Optiq - Primer Contacto,766.0,,videos,https://i.ytimg.com/vi/aspsJyDM5NM/hqdefault.jpg?sqp=-oaymwEcCNACELwBSFXyq4qpAw4IARUAAIhCGAFwAcABBg==&rs=AOn4CLCVh7iucjBSFygDeb9SiKDJAQBpkw,Sergio Oliveira,external-reference,embed_link_and_summarize_only
w0drDObQGck,https://www.youtube.com/watch?v=w0drDObQGck,Destronaron a la F-150 en EUA - La Cochera Radio 8Feb,1701.0,,videos,https://i.ytimg.com/vi/w0drDObQGck/hqdefault.jpg?sqp=-oaymwEcCNACELwBSFXyq4qpAw4IARUAAIhCGAFwAcABBg==&rs=AOn4CLAcy-1i-jfDpqf88pYBd_cs3GpVfQ,Sergio Oliveira,external-reference,embed_link_and_summarize_only
wceYI-SbTl8,https://www.youtube.com/watch?v=wceYI-SbTl8,¿Cuánto cuesta mantener mi Mercedes SLK?,458.0,,videos,https://i.ytimg.com/vi/wceYI-SbTl8/hqdefault.jpg?sqp=-oaymwEcCNACELwBSFXyq4qpAw4IARUAAIhCGAFwAcABBg==&rs=AOn4CLDTaCrrN_3JNptX33RYpMKB4ein9w,Sergio Oliveira,external-reference,embed_link_and_summarize_only
bbY4AbzVOP0,https://www.youtube.com/watch?v=bbY4AbzVOP0,¿Los recalls son malos? - La Cochera Radio 1feb,2131.0,,videos,https://i.ytimg.com/vi/bbY4AbzVOP0/hqdefault.jpg?sqp=-oaymwEcCNACELwBSFXyq4qpAw4IARUAAIhCGAFwAcABBg==&rs=AOn4CLDNL5EbGYNy1yfSgy3LhQLmB6pO8Q,Sergio Oliveira,external-reference,embed_link_and_summarize_only
iABV91bWpaQ,https://www.youtube.com/watch?v=iABV91bWpaQ,Audi Q8 PHEV - ¿Esta o la SQ8?,238.0,,videos,https://i.ytimg.com/vi/iABV91bWpaQ/hqdefault.jpg?sqp=-oaymwEcCNACELwBSFXyq4qpAw4IARUAAIhCGAFwAcABBg==&rs=AOn4CLDGfsMRNiB6M5e9avqusirFkUH2rQ,Sergio Oliveira,external-reference,embed_link_and_summarize_only
73WyvR1tU14,https://www.youtube.com/watch?v=73WyvR1tU14,Mazda BT-50 - ¿Quién fuera esperar todo eso de un Mazda?,1338.0,,videos,https://i.ytimg.com/vi/73WyvR1tU14/hqdefault.jpg?sqp=-oaymwEcCNACELwBSFXyq4qpAw4IARUAAIhCGAFwAcABBg==&rs=AOn4CLCwYBqczScdcmBdLWNz68RF-WN8ew,Sergio Oliveira,external-reference,embed_link_and_summarize_only
ugOZn5jgoSo,https://www.youtube.com/watch?v=ugOZn5jgoSo,"Toyota Camry HEV 2025 - No eres tú, soy yo",735.0,,videos,https://i.ytimg.com/vi/ugOZn5jgoSo/hqdefault.jpg?sqp=-oaymwEcCNACELwBSFXyq4qpAw4IARUAAIhCGAFwAcABBg==&rs=AOn4CLBrUusvfbA0FEPhXJssXAJZ7vk3qg,Sergio Oliveira,external-reference,embed_link_and_summarize_only
YIRoB9lhkW4,https://www.youtube.com/watch?v=YIRoB9lhkW4,"Kia K4 GT-Line Turbo - Rápido, no deportivo",816.0,,videos,https://i.ytimg.com/vi/YIRoB9lhkW4/hqdefault.jpg?sqp=-oaymwEcCNACELwBSFXyq4qpAw4IARUAAIhCGAFwAcABBg==&rs=AOn4CLCjp13fr4IFOBBf2x8zlrgWwVmxiw,Sergio Oliveira,external-reference,embed_link_and_summarize_only
2Cq9WELCjH0,https://www.youtube.com/watch?v=2Cq9WELCjH0,En vivo desde Ford Country Patria - La Cochera Radio 18ene,2079.0,,videos,https://i.ytimg.com/vi/2Cq9WELCjH0/hqdefault.jpg?sqp=-oaymwEcCNACELwBSFXyq4qpAw4IARUAAIhCGAFwAcABBg==&rs=AOn4CLDiGznaC_3Bdfyj0CZrORuJKauMOg,Sergio Oliveira,external-reference,embed_link_and_summarize_only
WPs1wvRbeSc,https://www.youtube.com/watch?v=WPs1wvRbeSc,"GAC Emkoo HEV - Si no te gusta el diseño, te gustará el manejo",805.0,,videos,https://i.ytimg.com/vi/WPs1wvRbeSc/hqdefault.jpg?sqp=-oaymwEcCNACELwBSFXyq4qpAw4IARUAAIhCGAFwAcABBg==&rs=AOn4CLD03UqQYCyesyoaTGsSjYshh8rJrQ,Sergio Oliveira,external-reference,embed_link_and_summarize_only
FskBWMjeavs,https://www.youtube.com/watch?v=FskBWMjeavs,Cupra Formentor PHEV - No pierde explosividad,923.0,,videos,https://i.ytimg.com/vi/FskBWMjeavs/hqdefault.jpg?sqp=-oaymwEcCNACELwBSFXyq4qpAw4IARUAAIhCGAFwAcABBg==&rs=AOn4CLB-oAeJ_CHhAzNsIFC5UJ1qlHtLqA,Sergio Oliveira,external-reference,embed_link_and_summarize_only
keUsYXhVZho,https://www.youtube.com/watch?v=keUsYXhVZho,Pérdidas irreparables por incendios en L.A. - La Cochera Radio 11 enero,2363.0,,videos,https://i.ytimg.com/vi/keUsYXhVZho/hqdefault.jpg?sqp=-oaymwEcCNACELwBSFXyq4qpAw4IARUAAIhCGAFwAcABBg==&rs=AOn4CLDDSf1r0RK9yQJvTLYnp9_DIJevhw,Sergio Oliveira,external-reference,embed_link_and_summarize_only
BFgELIU1FtI,https://www.youtube.com/watch?v=BFgELIU1FtI,Audi SQ7 - La mejor SUV alemana de 3 filas,671.0,,videos,https://i.ytimg.com/vi/BFgELIU1FtI/hqdefault.jpg?sqp=-oaymwEcCNACELwBSFXyq4qpAw4IARUAAIhCGAFwAcABBg==&rs=AOn4CLCXUjt4XJFP8UNjJg1NTZRxiLpUxg,Sergio Oliveira,external-reference,embed_link_and_summarize_only
1bdcjm9yJVE,https://www.youtube.com/watch?v=1bdcjm9yJVE,De Mazda a MG - Me lo compro o no me lo compro,4535.0,,videos,https://i.ytimg.com/vi/1bdcjm9yJVE/hqdefault.jpg?sqp=-oaymwE2CNACELwBSFXyq4qpAygIARUAAIhCGAFwAcABBvABAfgB_gmAAtAFigIMCAAQARhgIGAoYDAP&rs=AOn4CLCME1BkaJ7cb_qx9z116VAmfk-bnw,Sergio Oliveira,external-reference,embed_link_and_summarize_only
pTA7eHQbaUE,https://www.youtube.com/watch?v=pTA7eHQbaUE,"Refrendo, placas y verificación 3x1 en Jalisco - LaCochera Radio 4ene",2130.0,,videos,https://i.ytimg.com/vi/pTA7eHQbaUE/hqdefault.jpg?sqp=-oaymwEcCNACELwBSFXyq4qpAw4IARUAAIhCGAFwAcABBg==&rs=AOn4CLD-2cdzDiWbw_d1SWyUnUT1RhSA-A,Sergio Oliveira,external-reference,embed_link_and_summarize_only
ioPA_JLFaMs,https://www.youtube.com/watch?v=ioPA_JLFaMs,Mercedes - Los viejos alemanes y el presente de Germania,1050.0,,videos,https://i.ytimg.com/vi/ioPA_JLFaMs/hqdefault.jpg?sqp=-oaymwEcCNACELwBSFXyq4qpAw4IARUAAIhCGAFwAcABBg==&rs=AOn4CLBc25H1Tk7AVpoSsTNRPKFskp1Tcg,Sergio Oliveira,external-reference,embed_link_and_summarize_only
pZGmDFN8cpA,https://www.youtube.com/watch?v=pZGmDFN8cpA,La mayor amenaza es Trump - La Cochera Radio 28dic,1595.0,,videos,https://i.ytimg.com/vi/pZGmDFN8cpA/hqdefault.jpg?sqp=-oaymwEcCNACELwBSFXyq4qpAw4IARUAAIhCGAFwAcABBg==&rs=AOn4CLAtYPcDg-wrhShIKepjPHS56zwj7Q,Sergio Oliveira,external-reference,embed_link_and_summarize_only
q9bHtx3qCyw,https://www.youtube.com/watch?v=q9bHtx3qCyw,Bestune B70 - ¡Qué sedán tan atractivo!,788.0,,videos,https://i.ytimg.com/vi/q9bHtx3qCyw/hqdefault.jpg?sqp=-oaymwEcCNACELwBSFXyq4qpAw4IARUAAIhCGAFwAcABBg==&rs=AOn4CLBvzEGYgeqEBLf5zdetMkELv4p1Fw,Sergio Oliveira,external-reference,embed_link_and_summarize_only
NhubyS4gKPM,https://www.youtube.com/watch?v=NhubyS4gKPM,Arreglamos la Industria Automotriz Japonesa en 6 minutos - La Cochera Radio 21dic,1816.0,,videos,https://i.ytimg.com/vi/NhubyS4gKPM/hqdefault.jpg?sqp=-oaymwE2CNACELwBSFXyq4qpAygIARUAAIhCGAFwAcABBvABAfgB_gmAAtAFigIMCAAQARhyIEsoPjAP&rs=AOn4CLCcz_wgGREGIxAUjFcvzzUlomd8bQ,Sergio Oliveira,external-reference,embed_link_and_summarize_only
1i0u-Jw-rUQ,https://www.youtube.com/watch?v=1i0u-Jw-rUQ,"Chevrolet Blazer EV - Si quieres un eléctrico, esta es la opción",406.0,,videos,https://i.ytimg.com/vi/1i0u-Jw-rUQ/hqdefault.jpg?sqp=-oaymwEcCNACELwBSFXyq4qpAw4IARUAAIhCGAFwAcABBg==&rs=AOn4CLAZ7yf5bvvsyllTa17UfT9iGnVcUQ,Sergio Oliveira,external-reference,embed_link_and_summarize_only
A0F4959VxWo,https://www.youtube.com/watch?v=A0F4959VxWo,Los eléctricos son juguetes para ricos - La Cochera Radio 14dic,1798.0,,videos,https://i.ytimg.com/vi/A0F4959VxWo/hqdefault.jpg?sqp=-oaymwEcCNACELwBSFXyq4qpAw4IARUAAIhCGAFwAcABBg==&rs=AOn4CLBRNDZwbGhvzLkHytuxOQu2tRygvQ,Sergio Oliveira,external-reference,embed_link_and_summarize_only
n6GvzKG4YhY,https://www.youtube.com/watch?v=n6GvzKG4YhY,Adiós Ford Maverick Híbrida,356.0,,videos,https://i.ytimg.com/vi/n6GvzKG4YhY/hqdefault.jpg?sqp=-oaymwEcCNACELwBSFXyq4qpAw4IARUAAIhCGAFwAcABBg==&rs=AOn4CLD5J6QSS-qfaThzVCzRjVIFwp6q_Q,Sergio Oliveira,external-reference,embed_link_and_summarize_only
hes5tZBiZUs,https://www.youtube.com/watch?v=hes5tZBiZUs,¿Cómo les ha ido con el caos en López Mateos? La Cochera Radio 7 dic,1460.0,,videos,https://i.ytimg.com/vi/hes5tZBiZUs/hqdefault.jpg?sqp=-oaymwE2CNACELwBSFXyq4qpAygIARUAAIhCGAFwAcABBvABAfgB_gmAAtAFigIMCAAQARh_IBMoLjAP&rs=AOn4CLA91wd1E8RVvUSdVXrBjcvTID8-Gw,Sergio Oliveira,external-reference,embed_link_and_summarize_only
R6QHpl48c38,https://www.youtube.com/watch?v=R6QHpl48c38,89 años del portafolio de vehículos más completo en México,595.0,,videos,https://i.ytimg.com/vi/R6QHpl48c38/hqdefault.jpg?sqp=-oaymwE2CNACELwBSFXyq4qpAygIARUAAIhCGAFwAcABBvABAfgB_gmAAtAFigIMCAAQARhlIGUoZTAP&rs=AOn4CLCtJ4d2CKUSS8AEzP-mL9UWiITCIQ,Sergio Oliveira,external-reference,embed_link_and_summarize_only
YGvBWylizUc,https://www.youtube.com/watch?v=YGvBWylizUc,"¿Cómo le hacen para bajar sus precios? Entrevista con Miguel Barbeyto, Presidente de Mazda de México",1230.0,,videos,https://i.ytimg.com/vi/YGvBWylizUc/hqdefault.jpg?sqp=-oaymwE2CNACELwBSFXyq4qpAygIARUAAIhCGAFwAcABBvABAfgB_gmAAtAFigIMCAAQARhlIFUoRzAP&rs=AOn4CLBoa2VCPf6QMXgQl8XCmBBlgqZZew,Sergio Oliveira,external-reference,embed_link_and_summarize_only
yb9DZbat0bc,https://www.youtube.com/watch?v=yb9DZbat0bc,Volkswagen Taos 2025 - Primer Contacto,599.0,,videos,https://i.ytimg.com/vi/yb9DZbat0bc/hqdefault.jpg?sqp=-oaymwEcCNACELwBSFXyq4qpAw4IARUAAIhCGAFwAcABBg==&rs=AOn4CLB_6ECvbzFFPko_Jl42DpNLprwyjQ,Sergio Oliveira,external-reference,embed_link_and_summarize_only
ZLxZ6k_qQeE,https://www.youtube.com/watch?v=ZLxZ6k_qQeE,Nissan y la industria automotriz están en crisis - LaCochera Radio 30nov,1770.0,,videos,https://i.ytimg.com/vi/ZLxZ6k_qQeE/hqdefault.jpg?sqp=-oaymwEcCNACELwBSFXyq4qpAw4IARUAAIhCGAFwAcABBg==&rs=AOn4CLBGFIRoqc86exTVsx3FJgVwwxCIzg,Sergio Oliveira,external-reference,embed_link_and_summarize_only
FcVCh53yiIs,https://www.youtube.com/watch?v=FcVCh53yiIs,Peugeot 2008 vs Kia Seltos - Espacio contra refinamiento,847.0,,videos,https://i.ytimg.com/vi/FcVCh53yiIs/hqdefault.jpg?sqp=-oaymwEcCNACELwBSFXyq4qpAw4IARUAAIhCGAFwAcABBg==&rs=AOn4CLB3GxKELnmRDQPCr5VSecF-tadVZg,Sergio Oliveira,external-reference,embed_link_and_summarize_only
qLhmx5HfGUg,https://www.youtube.com/watch?v=qLhmx5HfGUg,En vivo desde Mazda Plasencia - LaCochera Radio 23nov,1789.0,,videos,https://i.ytimg.com/vi/qLhmx5HfGUg/hqdefault.jpg?sqp=-oaymwEcCNACELwBSFXyq4qpAw4IARUAAIhCGAFwAcABBg==&rs=AOn4CLAWCK5SThA82wEa0MXJ6A2kBUEGRg,Sergio Oliveira,external-reference,embed_link_and_summarize_only
Jwf7A9Ko4GQ,https://www.youtube.com/watch?v=Jwf7A9Ko4GQ,Ram 700 Laramie Turbo - ¿Pick-up de verdad?,1183.0,,videos,https://i.ytimg.com/vi/Jwf7A9Ko4GQ/hqdefault.jpg?sqp=-oaymwEcCNACELwBSFXyq4qpAw4IARUAAIhCGAFwAcABBg==&rs=AOn4CLBdZAFxPYynShmLLmoH2UwkDxexaQ,Sergio Oliveira,external-reference,embed_link_and_summarize_only
vUoMJrMWzXg,https://www.youtube.com/watch?v=vUoMJrMWzXg,"¿Me lo compro o no me lo compro? Jetour, JIM, JMC y Kia",2986.0,,videos,https://i.ytimg.com/vi/vUoMJrMWzXg/hqdefault.jpg?sqp=-oaymwEcCNACELwBSFXyq4qpAw4IARUAAIhCGAFwAcABBg==&rs=AOn4CLByH3ZCVexr8Lh6u5rh6vjwRmkgiA,Sergio Oliveira,external-reference,embed_link_and_summarize_only
c9i9TslFdi0,https://www.youtube.com/watch?v=c9i9TslFdi0,Nissan Kicks 2025 ya está en México,223.0,,videos,https://i.ytimg.com/vi/c9i9TslFdi0/hqdefault.jpg?sqp=-oaymwE2CNACELwBSFXyq4qpAygIARUAAIhCGAFwAcABBvABAfgB_gmAAtAFigIMCAAQARhVIFkoZTAP&rs=AOn4CLDSOdrf-SmoW4Kz1Pv3CrxR009z3w,Sergio Oliveira,external-reference,embed_link_and_summarize_only
PvYz4ovUPYs,https://www.youtube.com/watch?v=PvYz4ovUPYs,GMC Hummer EV llega a México,303.0,,videos,https://i.ytimg.com/vi/PvYz4ovUPYs/hqdefault.jpg?sqp=-oaymwEcCNACELwBSFXyq4qpAw4IARUAAIhCGAFwAcABBg==&rs=AOn4CLAaMBvlQCWDnDu8rbEyiKveoXxqIw,Sergio Oliveira,external-reference,embed_link_and_summarize_only
geaWBsORYGM,https://www.youtube.com/watch?v=geaWBsORYGM,¿Civic y Kicks son muy caros? - La Cochera Radio 9 nov 00,1806.0,,videos,https://i.ytimg.com/vi/geaWBsORYGM/hqdefault.jpg?sqp=-oaymwEcCNACELwBSFXyq4qpAw4IARUAAIhCGAFwAcABBg==&rs=AOn4CLDQmHaGe1W4u6MuI3UQbgf-Cfuu8g,Sergio Oliveira,external-reference,embed_link_and_summarize_only
Y9aAEZNl_Mw,https://www.youtube.com/watch?v=Y9aAEZNl_Mw,Jeep Commander - Primer contacto,813.0,,videos,https://i.ytimg.com/vi/Y9aAEZNl_Mw/hqdefault.jpg?sqp=-oaymwEcCNACELwBSFXyq4qpAw4IARUAAIhCGAFwAcABBg==&rs=AOn4CLAnMLLAplcUHst9NMy3e49N29GMgA,Sergio Oliveira,external-reference,embed_link_and_summarize_only
C7i-_uo3Klg,https://www.youtube.com/watch?v=C7i-_uo3Klg,Volkswagen GTI Mk8 - Manteniendo el legado,924.0,,videos,https://i.ytimg.com/vi/C7i-_uo3Klg/hqdefault.jpg?sqp=-oaymwEcCNACELwBSFXyq4qpAw4IARUAAIhCGAFwAcABBg==&rs=AOn4CLBdPwtDc1VZ2hJQfM5t3lH8Eihhnw,Sergio Oliveira,external-reference,embed_link_and_summarize_only
K6lyML7l10c,https://www.youtube.com/watch?v=K6lyML7l10c,Honda Civic Hybrid 2025 - Primer contacto,523.0,,videos,https://i.ytimg.com/vi/K6lyML7l10c/hqdefault.jpg?sqp=-oaymwEcCNACELwBSFXyq4qpAw4IARUAAIhCGAFwAcABBg==&rs=AOn4CLAGDqjmBTU-iGAAIVCxgQbuJYKBGA,Sergio Oliveira,external-reference,embed_link_and_summarize_only
Hk2NWq88rdg,https://www.youtube.com/watch?v=Hk2NWq88rdg,México 2 - Cybertruck 0 - LaCochera Radio 2nov,1931.0,,videos,https://i.ytimg.com/vi/Hk2NWq88rdg/hqdefault.jpg?sqp=-oaymwEcCNACELwBSFXyq4qpAw4IARUAAIhCGAFwAcABBg==&rs=AOn4CLDdK61ns_WXl1jDT3XONS6I0EqE4Q,Sergio Oliveira,external-reference,embed_link_and_summarize_only
724Xr-kDeJk,https://www.youtube.com/watch?v=724Xr-kDeJk,"Maverick Hybrid, ¡A acampar!",461.0,,videos,https://i.ytimg.com/vi/724Xr-kDeJk/hqdefault.jpg?sqp=-oaymwE2CNACELwBSFXyq4qpAygIARUAAIhCGAFwAcABBvABAfgB_gmAAtAFigIMCAAQARhgIGAoYDAP&rs=AOn4CLBv3EQHcE_gOKhT7LS4GxhZGGvHtw,Sergio Oliveira,external-reference,embed_link_and_summarize_only
24sq52ZD2io,https://www.youtube.com/watch?v=24sq52ZD2io,MG7 y MG RX9 - Lanzamiento en México,492.0,,videos,https://i.ytimg.com/vi/24sq52ZD2io/hqdefault.jpg?sqp=-oaymwEcCNACELwBSFXyq4qpAw4IARUAAIhCGAFwAcABBg==&rs=AOn4CLBILLLhHf4xmLceMSU8Pn3PGBAAUg,Sergio Oliveira,external-reference,embed_link_and_summarize_only
MLvVLPQNa6k,https://www.youtube.com/watch?v=MLvVLPQNa6k,Volkswagen y sus broncas con Scout Motors - La Cochera Radio 26oct,2056.0,,videos,https://i.ytimg.com/vi/MLvVLPQNa6k/hqdefault.jpg?sqp=-oaymwEcCNACELwBSFXyq4qpAw4IARUAAIhCGAFwAcABBg==&rs=AOn4CLCTPc9BTAJK3J6DLKMdwcTyx-960Q,Sergio Oliveira,external-reference,embed_link_and_summarize_only
79P7JFrVvDk,https://www.youtube.com/watch?v=79P7JFrVvDk,Mercedes-Benz SLK200 - 1 año después,951.0,,videos,https://i.ytimg.com/vi/79P7JFrVvDk/hqdefault.jpg?sqp=-oaymwEcCNACELwBSFXyq4qpAw4IARUAAIhCGAFwAcABBg==&rs=AOn4CLBfND0trmYqSJBsQ4gDkiKds5Bvjw,Sergio Oliveira,external-reference,embed_link_and_summarize_only
G_ATJ-yunxQ,https://www.youtube.com/watch?v=G_ATJ-yunxQ,"En Renault, el 4 es más grande que el 5 - La Cochera Radio 19oct",2127.0,,videos,https://i.ytimg.com/vi/G_ATJ-yunxQ/hqdefault.jpg?sqp=-oaymwEcCNACELwBSFXyq4qpAw4IARUAAIhCGAFwAcABBg==&rs=AOn4CLAHCf3J58aBT1QU3lqd00TWiWwQQw,Sergio Oliveira,external-reference,embed_link_and_summarize_only
pWr02t_gdBc,https://www.youtube.com/watch?v=pWr02t_gdBc,Lincoln Nautilus - Roadtrip por Baja California de Tijuana a La Paz,2148.0,,videos,https://i.ytimg.com/vi/pWr02t_gdBc/hqdefault.jpg?sqp=-oaymwEcCNACELwBSFXyq4qpAw4IARUAAIhCGAFwAcABBg==&rs=AOn4CLC4eCVJp5PyNgwS46UXbUJyjQv3gg,Sergio Oliveira,external-reference,embed_link_and_summarize_only
gw9Rc4_qs6U,https://www.youtube.com/watch?v=gw9Rc4_qs6U,"¿Me lo compro o no me lo compro? GMC, GWM, Honda, Hyundai",3695.0,,videos,https://i.ytimg.com/vi/gw9Rc4_qs6U/hqdefault.jpg?sqp=-oaymwEcCNACELwBSFXyq4qpAw4IARUAAIhCGAFwAcABBg==&rs=AOn4CLDaheLyG2RfflhxM_lhcOrfB3frYg,Sergio Oliveira,external-reference,embed_link_and_summarize_only
Xl3_NcvrOXU,https://www.youtube.com/watch?v=Xl3_NcvrOXU,Salón de París 2024,547.0,,videos,https://i.ytimg.com/vi/Xl3_NcvrOXU/hqdefault.jpg?sqp=-oaymwE2CNACELwBSFXyq4qpAygIARUAAIhCGAFwAcABBvABAfgBzgWAAoAKigIMCAAQARhyIEwoMzAP&rs=AOn4CLCeoSOb_sP7OYddRIuEIPGEKVI5Ow,Sergio Oliveira,external-reference,embed_link_and_summarize_only
IV-YwoJlA0I,https://www.youtube.com/watch?v=IV-YwoJlA0I,"Importación SÍ, legalización, NO - La Cochera Radio12oct",2420.0,,videos,https://i.ytimg.com/vi/IV-YwoJlA0I/hqdefault.jpg?sqp=-oaymwEcCNACELwBSFXyq4qpAw4IARUAAIhCGAFwAcABBg==&rs=AOn4CLAhpm0xNd4xTilOWh--FVi_yoNYtw,Sergio Oliveira,external-reference,embed_link_and_summarize_only
CBBnJ8kmdvo,https://www.youtube.com/watch?v=CBBnJ8kmdvo,Kia K3 GT-Line vs MG3 Hybrid - Por lo que cuestan ¿cuál te conviene?,1259.0,,videos,https://i.ytimg.com/vi/CBBnJ8kmdvo/hqdefault.jpg?sqp=-oaymwEcCNACELwBSFXyq4qpAw4IARUAAIhCGAFwAcABBg==&rs=AOn4CLCZXsO7goo-iSbYaBXWwncMNh1R7Q,Sergio Oliveira,external-reference,embed_link_and_summarize_only
qrMDV9VqjmE,https://www.youtube.com/watch?v=qrMDV9VqjmE,Sheinbaum quiere hacer un coche mexicano - La Cochera Radio 5oct,1978.0,,videos,https://i.ytimg.com/vi/qrMDV9VqjmE/hqdefault.jpg?sqp=-oaymwEcCNACELwBSFXyq4qpAw4IARUAAIhCGAFwAcABBg==&rs=AOn4CLDTya4IEN0VLTic0Bc9P2noTAfyBg,Sergio Oliveira,external-reference,embed_link_and_summarize_only
ip8Uga7GNa0,https://www.youtube.com/watch?v=ip8Uga7GNa0,"Mitsubishi Outlander Sport -  Gran urbana, no para off-road",828.0,,videos,https://i.ytimg.com/vi/ip8Uga7GNa0/hqdefault.jpg?sqp=-oaymwEcCNACELwBSFXyq4qpAw4IARUAAIhCGAFwAcABBg==&rs=AOn4CLBL5ErDmMqd47oc-P2atp8Fdg8sSQ,Sergio Oliveira,external-reference,embed_link_and_summarize_only
Vzg8Byl5-Fo,https://www.youtube.com/watch?v=Vzg8Byl5-Fo,Ford Mustang Dark Horse - Para los más entusiastas,892.0,,videos,https://i.ytimg.com/vi/Vzg8Byl5-Fo/hqdefault.jpg?sqp=-oaymwEcCNACELwBSFXyq4qpAw4IARUAAIhCGAFwAcABBg==&rs=AOn4CLAuPQHrLUUKiFd9AtZCPcz5rNkjZA,Sergio Oliveira,external-reference,embed_link_and_summarize_only
Kx8RchFbNqA,https://www.youtube.com/watch?v=Kx8RchFbNqA,BYD Shark - Buen primer intento,1322.0,,videos,https://i.ytimg.com/vi/Kx8RchFbNqA/hqdefault.jpg?sqp=-oaymwEcCNACELwBSFXyq4qpAw4IARUAAIhCGAFwAcABBg==&rs=AOn4CLDsgbmwyLgeyOVyqq318evrTPnjLA,Sergio Oliveira,external-reference,embed_link_and_summarize_only
wIe8FUSxfsA,https://www.youtube.com/watch?v=wIe8FUSxfsA,Audi SQ8 - Todo el poder,1217.0,,videos,https://i.ytimg.com/vi/wIe8FUSxfsA/hqdefault.jpg?sqp=-oaymwEcCNACELwBSFXyq4qpAw4IARUAAIhCGAFwAcABBg==&rs=AOn4CLDHDjhiy_aQf_SbT-64FUqz-75PWg,Sergio Oliveira,external-reference,embed_link_and_summarize_only
SdRcE_caRHM,https://www.youtube.com/watch?v=SdRcE_caRHM,Cadillac Lyriq - Cadillac lista para el futuro,347.0,,videos,https://i.ytimg.com/vi/SdRcE_caRHM/hqdefault.jpg?sqp=-oaymwEcCNACELwBSFXyq4qpAw4IARUAAIhCGAFwAcABBg==&rs=AOn4CLCfk-9ti_XzOee0DOeR086u9QHkfg,Sergio Oliveira,external-reference,embed_link_and_summarize_only
1_t3aW7187A,https://www.youtube.com/watch?v=1_t3aW7187A,"Shanghái, tenemos un problema - La Cochera Radio 21sep",2327.0,,videos,https://i.ytimg.com/vi/1_t3aW7187A/hqdefault.jpg?sqp=-oaymwEcCNACELwBSFXyq4qpAw4IARUAAIhCGAFwAcABBg==&rs=AOn4CLB4XvERV-lAv1nSLiBq7LHUVO8kcA,Sergio Oliveira,external-reference,embed_link_and_summarize_only
uoPJj-iZRkw,https://www.youtube.com/watch?v=uoPJj-iZRkw,GMC Acadia - Mayor y más eficiente,349.0,,videos,https://i.ytimg.com/vi/uoPJj-iZRkw/hqdefault.jpg?sqp=-oaymwEcCNACELwBSFXyq4qpAw4IARUAAIhCGAFwAcABBg==&rs=AOn4CLDtxc469OtuzBF0QlAphFGIFgGOHg,Sergio Oliveira,external-reference,embed_link_and_summarize_only
AnJsPtDsxIw,https://www.youtube.com/watch?v=AnJsPtDsxIw,Lyriq me vuelve a poner de buenas con Cadillac - LaCochera Radio 14sep,1992.0,,videos,https://i.ytimg.com/vi/AnJsPtDsxIw/hqdefault.jpg?sqp=-oaymwEcCNACELwBSFXyq4qpAw4IARUAAIhCGAFwAcABBg==&rs=AOn4CLCl_ax1kpS_Es5T1Vaonm0_-eYehg,Sergio Oliveira,external-reference,embed_link_and_summarize_only
ug829DyVK_E,https://www.youtube.com/watch?v=ug829DyVK_E,Renault Arkana - Coupé francés con acento coreano,809.0,,videos,https://i.ytimg.com/vi/ug829DyVK_E/hqdefault.jpg?sqp=-oaymwEcCNACELwBSFXyq4qpAw4IARUAAIhCGAFwAcABBg==&rs=AOn4CLB7spjes_MKgt_AbV-P7QLRMdJ1bQ,Sergio Oliveira,external-reference,embed_link_and_summarize_only
BJ0PFKEMwrw,https://www.youtube.com/watch?v=BJ0PFKEMwrw,"Subaru WRX SportWagon - Si no te gusta cómo se ve, te gustará cómo se maneja",676.0,,videos,https://i.ytimg.com/vi/BJ0PFKEMwrw/hqdefault.jpg?sqp=-oaymwEcCNACELwBSFXyq4qpAw4IARUAAIhCGAFwAcABBg==&rs=AOn4CLBww69Bz71M-QpRZTPbdUr8e7wUsw,Sergio Oliveira,external-reference,embed_link_and_summarize_only
n6LmblkNq20,https://www.youtube.com/watch?v=n6LmblkNq20,Chambeando con Chevrolet Montana,337.0,,videos,https://i.ytimg.com/vi/n6LmblkNq20/hqdefault.jpg?sqp=-oaymwEcCNACELwBSFXyq4qpAw4IARUAAIhCGAFwAcABBg==&rs=AOn4CLB1MC_djvZXOCWKamBcsDZbBVl1Kg,Sergio Oliveira,external-reference,embed_link_and_summarize_only
oBEJMOQgZeg,https://www.youtube.com/watch?v=oBEJMOQgZeg,Dodge Attitude mejora de la tierra al cielo - LaCochera Radio 7sep,2048.0,,videos,https://i.ytimg.com/vi/oBEJMOQgZeg/hqdefault.jpg?sqp=-oaymwEcCNACELwBSFXyq4qpAw4IARUAAIhCGAFwAcABBg==&rs=AOn4CLDMgI5s2IGTgvQY0Gl-Lr6Tf7dxrQ,Sergio Oliveira,external-reference,embed_link_and_summarize_only
ebX1tbrzn4k,https://www.youtube.com/watch?v=ebX1tbrzn4k,Ya manejamos el Dodge Attitude 2025 - ¿Es mejor que el Jetta?,1288.0,,videos,https://i.ytimg.com/vi/ebX1tbrzn4k/hqdefault.jpg?sqp=-oaymwEcCNACELwBSFXyq4qpAw4IARUAAIhCGAFwAcABBg==&rs=AOn4CLAtixEp6JR6Ew0n3kW46KeKit0ddQ,Sergio Oliveira,external-reference,embed_link_and_summarize_only
JXQ2G7-HFq8,https://www.youtube.com/watch?v=JXQ2G7-HFq8,Kia K4 2025 - Primer Contacto - Revolución completa,904.0,,videos,https://i.ytimg.com/vi/JXQ2G7-HFq8/hqdefault.jpg?sqp=-oaymwEcCNACELwBSFXyq4qpAw4IARUAAIhCGAFwAcABBg==&rs=AOn4CLCnDQqMZ0CCw-0r42OK5Gc93CwX1g,Sergio Oliveira,external-reference,embed_link_and_summarize_only
qIqbZJyEcL0,https://www.youtube.com/watch?v=qIqbZJyEcL0,"¿Me lo compro o no me los compro? DFSK, Dodge, FIAT, Ferrari y Ford",3005.0,,videos,https://i.ytimg.com/vi/qIqbZJyEcL0/hqdefault.jpg?sqp=-oaymwEcCNACELwBSFXyq4qpAw4IARUAAIhCGAFwAcABBg==&rs=AOn4CLBxDwpFs0IWMAvk2Ztf001AfgmhJw,Sergio Oliveira,external-reference,embed_link_and_summarize_only
Yic_RBh6P_s,https://www.youtube.com/watch?v=Yic_RBh6P_s,Qué buena CVT tiene Subaru WRX Sportwagon - La Cochera Radio 31ago,1878.0,,videos,https://i.ytimg.com/vi/Yic_RBh6P_s/hqdefault.jpg?sqp=-oaymwEcCNACELwBSFXyq4qpAw4IARUAAIhCGAFwAcABBg==&rs=AOn4CLA_4IG7ercP-2zUrny-ZYRwqmMh_A,Sergio Oliveira,external-reference,embed_link_and_summarize_only
pfq3cTAlXZM,https://www.youtube.com/watch?v=pfq3cTAlXZM,Mazda CX-70 - Mejor ahorrar peso que ganar potencia,1021.0,,videos,https://i.ytimg.com/vi/pfq3cTAlXZM/hqdefault.jpg?sqp=-oaymwEcCNACELwBSFXyq4qpAw4IARUAAIhCGAFwAcABBg==&rs=AOn4CLAThNm7a1YgpyfRPmS_QQiDLXQubA,Sergio Oliveira,external-reference,embed_link_and_summarize_only
xSSvwuu11vw,https://www.youtube.com/watch?v=xSSvwuu11vw,Mazda CX-70 - Ella piensa que es un MX-5,792.0,,videos,https://i.ytimg.com/vi/xSSvwuu11vw/hqdefault.jpg?sqp=-oaymwEcCNACELwBSFXyq4qpAw4IARUAAIhCGAFwAcABBg==&rs=AOn4CLB0YbF0csnHXiaTV-jOFU7j9LcoMw,Sergio Oliveira,external-reference,embed_link_and_summarize_only
kmhcDd2aydY,https://www.youtube.com/watch?v=kmhcDd2aydY,El desempeño no está peleado con la eficiencia en Suzuki - La Cochera Radio - 24ago,1911.0,,videos,https://i.ytimg.com/vi/kmhcDd2aydY/hqdefault.jpg?sqp=-oaymwEcCNACELwBSFXyq4qpAw4IARUAAIhCGAFwAcABBg==&rs=AOn4CLDMtgXxHAnv0c8onHgkfJBs44-VXQ,Sergio Oliveira,external-reference,embed_link_and_summarize_only
8avavRU0hwg,https://www.youtube.com/watch?v=8avavRU0hwg,Chevrolet Traverse 2024 - PrimerContacto - Nueva en apariencia y corazón,535.0,,videos,https://i.ytimg.com/vi/8avavRU0hwg/hqdefault.jpg?sqp=-oaymwEcCNACELwBSFXyq4qpAw4IARUAAIhCGAFwAcABBg==&rs=AOn4CLChC3X1x2knWYKZEhJhHf0emTbcEA,Sergio Oliveira,external-reference,embed_link_and_summarize_only
qmmab52Ff60,https://www.youtube.com/watch?v=qmmab52Ff60,Kia EV6 GT-Line - Receta de equilibrio,736.0,,videos,https://i.ytimg.com/vi/qmmab52Ff60/hqdefault.jpg?sqp=-oaymwEcCNACELwBSFXyq4qpAw4IARUAAIhCGAFwAcABBg==&rs=AOn4CLCNDgnTVBizjqDcZb3zjiCrA4UzEg,Sergio Oliveira,external-reference,embed_link_and_summarize_only
avDlRbXAU5A,https://www.youtube.com/watch?v=avDlRbXAU5A,Dodge Attitude es rival de Jetta ¿quién lo diría?La Cochera Radio 17ago,1988.0,,videos,https://i.ytimg.com/vi/avDlRbXAU5A/hqdefault.jpg?sqp=-oaymwEcCNACELwBSFXyq4qpAw4IARUAAIhCGAFwAcABBg==&rs=AOn4CLAzQtux4uO4aIS6q02EUHNWPXBAFQ,Sergio Oliveira,external-reference,embed_link_and_summarize_only
IpUnLQRQ1Jg,https://www.youtube.com/watch?v=IpUnLQRQ1Jg,Volkswagen Jetta 2025 - Primer Contacto - Consentido renovado,634.0,,videos,https://i.ytimg.com/vi/IpUnLQRQ1Jg/hqdefault.jpg?sqp=-oaymwEcCNACELwBSFXyq4qpAw4IARUAAIhCGAFwAcABBg==&rs=AOn4CLCQRoNnEWgIvdLbfPaaKyjmnqTa7Q,Sergio Oliveira,external-reference,embed_link_and_summarize_only
Om6ZnZDRwpg,https://www.youtube.com/watch?v=Om6ZnZDRwpg,"Todos contra Nissan y su ""estaquitas"" - La Cochera Radio 10ago",1896.0,,videos,https://i.ytimg.com/vi/Om6ZnZDRwpg/hqdefault.jpg?sqp=-oaymwEcCNACELwBSFXyq4qpAw4IARUAAIhCGAFwAcABBg==&rs=AOn4CLAGlkXG5-_vqjvc52OoRskxUqf-1w,Sergio Oliveira,external-reference,embed_link_and_summarize_only
qsqQZVoFcKc,https://www.youtube.com/watch?v=qsqQZVoFcKc,Bestune T99 - Opción equilibrada,927.0,,videos,https://i.ytimg.com/vi/qsqQZVoFcKc/hqdefault.jpg?sqp=-oaymwEcCNACELwBSFXyq4qpAw4IARUAAIhCGAFwAcABBg==&rs=AOn4CLAbZJWSatOwBFitpD8ITPz9pEU--A,Sergio Oliveira,external-reference,embed_link_and_summarize_only
8zfAKSkLj9o,https://www.youtube.com/watch?v=8zfAKSkLj9o,El Kia K4 es muy importante para Kia y para México - La Cochera Radio 3ago,2246.0,,videos,https://i.ytimg.com/vi/8zfAKSkLj9o/hqdefault.jpg?sqp=-oaymwEcCNACELwBSFXyq4qpAw4IARUAAIhCGAFwAcABBg==&rs=AOn4CLA-GW05PgsHWsxR7oWqckX17yPraA,Sergio Oliveira,external-reference,embed_link_and_summarize_only
LDBcL4_ZwtQ,https://www.youtube.com/watch?v=LDBcL4_ZwtQ,Toyota Tacoma - Primer Contacto - Consentida renovada,787.0,,videos,https://i.ytimg.com/vi/LDBcL4_ZwtQ/hqdefault.jpg?sqp=-oaymwEcCNACELwBSFXyq4qpAw4IARUAAIhCGAFwAcABBg==&rs=AOn4CLDtkhNu9dFgiwFdA9YwGJ7ACsmedg,Sergio Oliveira,external-reference,embed_link_and_summarize_only
jmOwSOCQbPk,https://www.youtube.com/watch?v=jmOwSOCQbPk,Volkswagen Teramont Peak Edition - Reina del espacio,939.0,,videos,https://i.ytimg.com/vi/jmOwSOCQbPk/hqdefault.jpg?sqp=-oaymwEcCNACELwBSFXyq4qpAw4IARUAAIhCGAFwAcABBg==&rs=AOn4CLAKCy8RTleQHOMmUU6hZWYlKymc8g,Sergio Oliveira,external-reference,embed_link_and_summarize_only
MMg2vaR-Hko,https://www.youtube.com/watch?v=MMg2vaR-Hko,Stellantis amenaza a sus marcas - La Cochera Radio 27jul,1819.0,,videos,https://i.ytimg.com/vi/MMg2vaR-Hko/hqdefault.jpg?sqp=-oaymwEcCNACELwBSFXyq4qpAw4IARUAAIhCGAFwAcABBg==&rs=AOn4CLCd7LtvWNu_qePhs-bXCAqSjZ7R-Q,Sergio Oliveira,external-reference,embed_link_and_summarize_only
2x12TQdD6zU,https://www.youtube.com/watch?v=2x12TQdD6zU,Volvo EX30 - Primer Contacto - Futuro prometedor,1240.0,,videos,https://i.ytimg.com/vi/2x12TQdD6zU/hqdefault.jpg?sqp=-oaymwEcCNACELwBSFXyq4qpAw4IARUAAIhCGAFwAcABBg==&rs=AOn4CLD4db5DzrqyuzpYZ3qsbKxt7WQpjg,Sergio Oliveira,external-reference,embed_link_and_summarize_only
BuiDx4ZfcCw,https://www.youtube.com/watch?v=BuiDx4ZfcCw,Geely Starray - Con fortalezas y rarezas,1236.0,,videos,https://i.ytimg.com/vi/BuiDx4ZfcCw/hqdefault.jpg?sqp=-oaymwEcCNACELwBSFXyq4qpAw4IARUAAIhCGAFwAcABBg==&rs=AOn4CLAAl53gHZ2ZFOBOSSK6Jxc3y9hgPQ,Sergio Oliveira,external-reference,embed_link_and_summarize_only
be0WZUvpddY,https://www.youtube.com/watch?v=be0WZUvpddY,Peugeot Partner Maxi 2025 -,626.0,,videos,https://i.ytimg.com/vi/be0WZUvpddY/hqdefault.jpg?sqp=-oaymwEcCNACELwBSFXyq4qpAw4IARUAAIhCGAFwAcABBg==&rs=AOn4CLC6S1OHPfZ3pvlH6CqZcwXFBAEhIg,Sergio Oliveira,external-reference,embed_link_and_summarize_only
e6LQwSvpQFg,https://www.youtube.com/watch?v=e6LQwSvpQFg,"Ram 1200 2025 - No es Ram, pero es Ram",805.0,,videos,https://i.ytimg.com/vi/e6LQwSvpQFg/hqdefault.jpg?sqp=-oaymwEcCNACELwBSFXyq4qpAw4IARUAAIhCGAFwAcABBg==&rs=AOn4CLDhS40UhweuSpPVt9fCypaJd3iFUQ,Sergio Oliveira,external-reference,embed_link_and_summarize_only
YxRpu9Vo5-A,https://www.youtube.com/watch?v=YxRpu9Vo5-A,Las marcas chinas son inevitables - La Cochera Radio 13jul,1844.0,,videos,https://i.ytimg.com/vi/YxRpu9Vo5-A/hqdefault.jpg?sqp=-oaymwEcCNACELwBSFXyq4qpAw4IARUAAIhCGAFwAcABBg==&rs=AOn4CLD7DPmlxSnL5HPYXJA_jMJU_pI-fA,Sergio Oliveira,external-reference,embed_link_and_summarize_only
mLyOQ8ofa6s,https://www.youtube.com/watch?v=mLyOQ8ofa6s,Ford Maverick Hybrid - En nombre del ahorro,705.0,,videos,https://i.ytimg.com/vi/mLyOQ8ofa6s/hqdefault.jpg?sqp=-oaymwEcCNACELwBSFXyq4qpAw4IARUAAIhCGAFwAcABBg==&rs=AOn4CLA5_XnA_g0o8jLRI1cZSLjoDIxDFA,Sergio Oliveira,external-reference,embed_link_and_summarize_only
CQOM0NXov44,https://www.youtube.com/watch?v=CQOM0NXov44,¿Me lo compro o no me lo compro? Chevrolet,3228.0,,videos,https://i.ytimg.com/vi/CQOM0NXov44/hqdefault.jpg?sqp=-oaymwE2CNACELwBSFXyq4qpAygIARUAAIhCGAFwAcABBvABAfgB_gmAAqIFigIMCAAQARhlIGUoZTAP&rs=AOn4CLBUfFvl0rzM30DJRqjAeH9cBbxptw,Sergio Oliveira,external-reference,embed_link_and_summarize_only
8yCFlI9fDqg,https://www.youtube.com/watch?v=8yCFlI9fDqg,GMC Acadia Denali 2025 - Volvió a ser grande,390.0,,videos,https://i.ytimg.com/vi/8yCFlI9fDqg/hqdefault.jpg?sqp=-oaymwEcCNACELwBSFXyq4qpAw4IARUAAIhCGAFwAcABBg==&rs=AOn4CLBjH6di7kob9Mc3HLhy_hHkhci3Kw,Sergio Oliveira,external-reference,embed_link_and_summarize_only
LsABxYs1eEA,https://www.youtube.com/watch?v=LsABxYs1eEA,Los mejores coches por menos de $300 mil - La Cochera Radio 6jul,1996.0,,videos,https://i.ytimg.com/vi/LsABxYs1eEA/hqdefault.jpg?sqp=-oaymwEcCNACELwBSFXyq4qpAw4IARUAAIhCGAFwAcABBg==&rs=AOn4CLDlriVHzGRz1RCrqLY_EGOLwAcg9Q,Sergio Oliveira,external-reference,embed_link_and_summarize_only
innTKfRTsVw,https://www.youtube.com/watch?v=innTKfRTsVw,Audi TT RS - El último de los TT,253.0,,videos,https://i.ytimg.com/vi/innTKfRTsVw/hqdefault.jpg?sqp=-oaymwEcCNACELwBSFXyq4qpAw4IARUAAIhCGAFwAcABBg==&rs=AOn4CLAKlFrTtuZRYcVnJNgIB_7sWiAhhQ,Sergio Oliveira,external-reference,embed_link_and_summarize_only
IcjYIXNZoCI,https://www.youtube.com/watch?v=IcjYIXNZoCI,"""Honda no es cara, te da valor por tu dinero"" - La Cochera Radio 29jun",1666.0,,videos,https://i.ytimg.com/vi/IcjYIXNZoCI/hqdefault.jpg?sqp=-oaymwEcCNACELwBSFXyq4qpAw4IARUAAIhCGAFwAcABBg==&rs=AOn4CLD60dyXXy1SQm5WGnjeo9j6uVkL6A,Sergio Oliveira,external-reference,embed_link_and_summarize_only
q92eStMmXDI,https://www.youtube.com/watch?v=q92eStMmXDI,"Bestune T77 - Familiar, pero entusiasta",788.0,,videos,https://i.ytimg.com/vi/q92eStMmXDI/hqdefault.jpg?sqp=-oaymwEcCNACELwBSFXyq4qpAw4IARUAAIhCGAFwAcABBg==&rs=AOn4CLDDuIbjTf3eUTSoVYeKFJy5D-lNRQ,Sergio Oliveira,external-reference,embed_link_and_summarize_only
zDFbyIvPM1g,https://www.youtube.com/watch?v=zDFbyIvPM1g,LEGO Technic - Ferrari SP3 Daytona,180.0,,videos,https://i.ytimg.com/vi/zDFbyIvPM1g/hqdefault.jpg?sqp=-oaymwEcCNACELwBSFXyq4qpAw4IARUAAIhCGAFwAcABBg==&rs=AOn4CLCA6yVosW4hLion9bk3uEi4eTCoHA,Sergio Oliveira,external-reference,embed_link_and_summarize_only
SEPwo3WSLUk,https://www.youtube.com/watch?v=SEPwo3WSLUk,GAC GN8 - La mejor segunda fila de México,1545.0,,videos,https://i.ytimg.com/vi/SEPwo3WSLUk/hqdefault.jpg?sqp=-oaymwEcCNACELwBSFXyq4qpAw4IARUAAIhCGAFwAcABBg==&rs=AOn4CLDN9nmlfc4SFkmCq8wFh0OxQC-QFQ,Sergio Oliveira,external-reference,embed_link_and_summarize_only
gzcFenyJ57c,https://www.youtube.com/watch?v=gzcFenyJ57c,Entre una de las más feas y uno de los más hermosos  - La Cochera Radio 22jun,2118.0,,videos,https://i.ytimg.com/vi/gzcFenyJ57c/hqdefault.jpg?sqp=-oaymwEcCNACELwBSFXyq4qpAw4IARUAAIhCGAFwAcABBg==&rs=AOn4CLBfqVADqVTdk5nvwvKh5u4w-_rjPA,Sergio Oliveira,external-reference,embed_link_and_summarize_only
ng6vCqwlCAE,https://www.youtube.com/watch?v=ng6vCqwlCAE,Renault Kardian - ¿1.0 litro es suficiente?,581.0,,videos,https://i.ytimg.com/vi/ng6vCqwlCAE/hqdefault.jpg?sqp=-oaymwEcCNACELwBSFXyq4qpAw4IARUAAIhCGAFwAcABBg==&rs=AOn4CLDkgIO9OoERXgE1KOjMD6iGg9PwWQ,Sergio Oliveira,external-reference,embed_link_and_summarize_only
EC-vxiXeEFg,https://www.youtube.com/watch?v=EC-vxiXeEFg,Volkswagen Polo Highline - 2 bolsas más y lo queríamos,738.0,,videos,https://i.ytimg.com/vi/EC-vxiXeEFg/hqdefault.jpg?sqp=-oaymwEcCNACELwBSFXyq4qpAw4IARUAAIhCGAFwAcABBg==&rs=AOn4CLALKRx5Oz-VXALL02aGrYJAnNNpzQ,Sergio Oliveira,external-reference,embed_link_and_summarize_only
K4tz6lkjYQA,https://www.youtube.com/watch?v=K4tz6lkjYQA,¿Me lo compro o no me lo compro? BUICK y BYD,2763.0,,videos,https://i.ytimg.com/vi/K4tz6lkjYQA/hqdefault.jpg?sqp=-oaymwEcCNACELwBSFXyq4qpAw4IARUAAIhCGAFwAcABBg==&rs=AOn4CLBNGIu5fztlL6eK4QoBVvKQz4l4og,Sergio Oliveira,external-reference,embed_link_and_summarize_only
WcE6dnkfjxk,https://www.youtube.com/watch?v=WcE6dnkfjxk,"Generación de autos COVID, Renault Kardian, Hyundai Santa Fe - La Cochera Radio 15jun",1670.0,,videos,https://i.ytimg.com/vi/WcE6dnkfjxk/hqdefault.jpg?sqp=-oaymwEcCNACELwBSFXyq4qpAw4IARUAAIhCGAFwAcABBg==&rs=AOn4CLBtHaGtvNT2WwynkdyPGO1-66HFJw,Sergio Oliveira,external-reference,embed_link_and_summarize_only
0qILKGqrCZ4,https://www.youtube.com/watch?v=0qILKGqrCZ4,Honda CR-V Roadtrip EUA - Del Golfo al Pacífico,2186.0,,videos,https://i.ytimg.com/vi/0qILKGqrCZ4/hqdefault.jpg?sqp=-oaymwEcCNACELwBSFXyq4qpAw4IARUAAIhCGAFwAcABBg==&rs=AOn4CLAd12E-L-nq86mTObd_9rqhUSz7Ew,Sergio Oliveira,external-reference,embed_link_and_summarize_only
A2L93PqW_Ls,https://www.youtube.com/watch?v=A2L93PqW_Ls,Ford Maverick Tremor - Despidiéndola como se debe,811.0,,videos,https://i.ytimg.com/vi/A2L93PqW_Ls/hqdefault.jpg?sqp=-oaymwEcCNACELwBSFXyq4qpAw4IARUAAIhCGAFwAcABBg==&rs=AOn4CLBaaMhIWYIVlShUA7zcgYlq8mr7QQ,Sergio Oliveira,external-reference,embed_link_and_summarize_only
KsnYvg6DlkQ,https://www.youtube.com/watch?v=KsnYvg6DlkQ,"Bestune T99, Chevrolet Equinox EV, Sergio Roadtrip EUA, Industria automotriz - La Cochera Radio 8jun",1801.0,,videos,https://i.ytimg.com/vi/KsnYvg6DlkQ/hqdefault.jpg?sqp=-oaymwEcCNACELwBSFXyq4qpAw4IARUAAIhCGAFwAcABBg==&rs=AOn4CLD-HxTOiLPK3rohhK6eSQZpzN24IQ,Sergio Oliveira,external-reference,embed_link_and_summarize_only
UhyOXSeHx80,https://www.youtube.com/watch?v=UhyOXSeHx80,"Audi S8 - Lujo, poder y buen gusto",734.0,,videos,https://i.ytimg.com/vi/UhyOXSeHx80/hqdefault.jpg?sqp=-oaymwE2CNACELwBSFXyq4qpAygIARUAAIhCGAFwAcABBvABAfgB_gmAAtAFigIMCAAQARhlIGQoRTAP&rs=AOn4CLCmsWOJ8vR2n2bJGP7tQw32nbYPDA,Sergio Oliveira,external-reference,embed_link_and_summarize_only
LD3aXyi-FEc,https://www.youtube.com/watch?v=LD3aXyi-FEc,Depresión post Suzuki Swift - La Cochera Radio 1jun,2026.0,,videos,https://i.ytimg.com/vi/LD3aXyi-FEc/hqdefault.jpg?sqp=-oaymwEcCNACELwBSFXyq4qpAw4IARUAAIhCGAFwAcABBg==&rs=AOn4CLBrWEvgzWGaQvweGkMb_oQZG9HCJA,Sergio Oliveira,external-reference,embed_link_and_summarize_only
O7UipDgNPtg,https://www.youtube.com/watch?v=O7UipDgNPtg,Mitsubishi L200 2025 - Más cómoda que nunca y capaz como siempre,653.0,,videos,https://i.ytimg.com/vi/O7UipDgNPtg/hqdefault.jpg?sqp=-oaymwEcCNACELwBSFXyq4qpAw4IARUAAIhCGAFwAcABBg==&rs=AOn4CLDhiQtWE5_JHWGbgkjhGGxHY0AMAg,Sergio Oliveira,external-reference,embed_link_and_summarize_only
3Tcwwe5RJPI,https://www.youtube.com/watch?v=3Tcwwe5RJPI,"Wrangler, L200, CX-70 y MG3 - La Cochera Radio 25may",1753.0,,videos,https://i.ytimg.com/vi/3Tcwwe5RJPI/hqdefault.jpg?sqp=-oaymwEcCNACELwBSFXyq4qpAw4IARUAAIhCGAFwAcABBg==&rs=AOn4CLAJPVlpsb9ruxVIZCWcwpVRozG2Cg,Sergio Oliveira,external-reference,embed_link_and_summarize_only
I_fLLaMrC7c,https://www.youtube.com/watch?v=I_fLLaMrC7c,Me lo compro o no me lo compro. Alfa Romeo y Audi,2691.0,,videos,https://i.ytimg.com/vi/I_fLLaMrC7c/hqdefault.jpg?sqp=-oaymwEcCNACELwBSFXyq4qpAw4IARUAAIhCGAFwAcABBg==&rs=AOn4CLCAI5nLTSu05eUWVk-pJ9bhkCw-jQ,Sergio Oliveira,external-reference,embed_link_and_summarize_only
7DApQzfoBiA,https://www.youtube.com/watch?v=7DApQzfoBiA,MG3 llega a México,229.0,,videos,https://i.ytimg.com/vi/7DApQzfoBiA/hqdefault.jpg?sqp=-oaymwE2CNACELwBSFXyq4qpAygIARUAAIhCGAFwAcABBvABAfgBzgWAAoAKigIMCAAQARhYIGEoZTAP&rs=AOn4CLB5C0HYLOQHtmS1wvaLpLn_fgUYLw,Sergio Oliveira,external-reference,embed_link_and_summarize_only
TpctNB8TSBg,https://www.youtube.com/watch?v=TpctNB8TSBg,Lanzamiento global de BYD Shark - La Cochera Radio 18may,1659.0,,videos,https://i.ytimg.com/vi/TpctNB8TSBg/hqdefault.jpg?sqp=-oaymwEcCNACELwBSFXyq4qpAw4IARUAAIhCGAFwAcABBg==&rs=AOn4CLB5s4c7EB3QeNSFWpc0aoWdxdQWhQ,Sergio Oliveira,external-reference,embed_link_and_summarize_only
dMxZy0JxtxU,https://www.youtube.com/watch?v=dMxZy0JxtxU,"MG4 - Precio, autonomía o desempeño, tú decides",368.0,,videos,https://i.ytimg.com/vi/dMxZy0JxtxU/hqdefault.jpg?sqp=-oaymwEcCNACELwBSFXyq4qpAw4IARUAAIhCGAFwAcABBg==&rs=AOn4CLCHFLYp9EcCLHQPIVtiR-qyqQkEjg,Sergio Oliveira,external-reference,embed_link_and_summarize_only
Cc5QSv8CbXQ,https://www.youtube.com/watch?v=Cc5QSv8CbXQ,Audi RS7 Performance - Cohete de lujo,631.0,,videos,https://i.ytimg.com/vi/Cc5QSv8CbXQ/hqdefault.jpg?sqp=-oaymwEcCNACELwBSFXyq4qpAw4IARUAAIhCGAFwAcABBg==&rs=AOn4CLC_cuZ7vxYoUHYD9bcLXc8lJoHaFg,Sergio Oliveira,external-reference,embed_link_and_summarize_only
954NS6mRJzI,https://www.youtube.com/watch?v=954NS6mRJzI,¿Todos los 3 cilindros 1.2 litros turbo son iguales?- La Cochera Radio 11may,1719.0,,videos,https://i.ytimg.com/vi/954NS6mRJzI/hqdefault.jpg?sqp=-oaymwEcCNACELwBSFXyq4qpAw4IARUAAIhCGAFwAcABBg==&rs=AOn4CLA4jC8BUjkqzRBhN10yWKb1cHzlEA,Sergio Oliveira,external-reference,embed_link_and_summarize_only
juKILXKu9HI,https://www.youtube.com/watch?v=juKILXKu9HI,Chevrolet Montana RS - La seguridad no sale nada barata,587.0,,videos,https://i.ytimg.com/vi/juKILXKu9HI/hqdefault.jpg?sqp=-oaymwEcCNACELwBSFXyq4qpAw4IARUAAIhCGAFwAcABBg==&rs=AOn4CLDA2IMvDNcbrN67YzLlPvVKWMw5Dg,Sergio Oliveira,external-reference,embed_link_and_summarize_only
Md9wH9EJh4I,https://www.youtube.com/watch?v=Md9wH9EJh4I,¿Se cancela la planta de Tesla en México? - La Cochera Radio 4may,1801.0,,videos,https://i.ytimg.com/vi/Md9wH9EJh4I/hqdefault.jpg?sqp=-oaymwEcCNACELwBSFXyq4qpAw4IARUAAIhCGAFwAcABBg==&rs=AOn4CLB4wrkqcYNXasuLoM6tBZtCi3NtsA,Sergio Oliveira,external-reference,embed_link_and_summarize_only
0tCxFwwv3QY,https://www.youtube.com/watch?v=0tCxFwwv3QY,Honda Pilot - Volviendo a ser lo que siempre fue Honda,1187.0,,videos,https://i.ytimg.com/vi/0tCxFwwv3QY/hqdefault.jpg?sqp=-oaymwEcCNACELwBSFXyq4qpAw4IARUAAIhCGAFwAcABBg==&rs=AOn4CLDpRl5ov2VwzuCI_j-DMbRK91SbwA,Sergio Oliveira,external-reference,embed_link_and_summarize_only
n7amqi5Jnso,https://www.youtube.com/watch?v=n7amqi5Jnso,GWM y sus cinco marcas que les van a gustar,549.0,,videos,https://i.ytimg.com/vi/n7amqi5Jnso/hqdefault.jpg?sqp=-oaymwE2CNACELwBSFXyq4qpAygIARUAAIhCGAFwAcABBvABAfgB_gmAAtAFigIMCAAQARhpIGkoaTAP&rs=AOn4CLAJi55tEuzxOqAPShJxj0XjdiGTfA,Sergio Oliveira,external-reference,embed_link_and_summarize_only
GFEXeHDTk-k,https://www.youtube.com/watch?v=GFEXeHDTk-k,"El futuro de parte de MG, desde China - La Cochera Radio 27abr",1984.0,,videos,https://i.ytimg.com/vi/GFEXeHDTk-k/hqdefault.jpg?sqp=-oaymwEcCNACELwBSFXyq4qpAw4IARUAAIhCGAFwAcABBg==&rs=AOn4CLCrmaQKupvGLWsYxBOJxZvh_9etrA,Sergio Oliveira,external-reference,embed_link_and_summarize_only
Al6S73gdrHE,https://www.youtube.com/watch?v=Al6S73gdrHE,"Rolls-Royce Spectre - Parecía imposible, pero es aún más refinado",685.0,,videos,https://i.ytimg.com/vi/Al6S73gdrHE/hqdefault.jpg?sqp=-oaymwEcCNACELwBSFXyq4qpAw4IARUAAIhCGAFwAcABBg==&rs=AOn4CLB2oUSX-4_yzFg6NzTfLws7-XMlEA,Sergio Oliveira,external-reference,embed_link_and_summarize_only
YebpLgJlYzc,https://www.youtube.com/watch?v=YebpLgJlYzc,Kia K3 HB EX-Pack 2024 - Agilidad con confort,770.0,,videos,https://i.ytimg.com/vi/YebpLgJlYzc/hqdefault.jpg?sqp=-oaymwEcCNACELwBSFXyq4qpAw4IARUAAIhCGAFwAcABBg==&rs=AOn4CLCvmBaKTAtc7F0Wf930o5gWA6AFGg,Sergio Oliveira,external-reference,embed_link_and_summarize_only
pdhXsqHczHw,https://www.youtube.com/watch?v=pdhXsqHczHw,Subaru Forester Sport - Solo una breve cirugía estética,971.0,,videos,https://i.ytimg.com/vi/pdhXsqHczHw/hqdefault.jpg?sqp=-oaymwEcCNACELwBSFXyq4qpAw4IARUAAIhCGAFwAcABBg==&rs=AOn4CLDyKpnPQKP6L1KsfGAWqINCrqZohg,Sergio Oliveira,external-reference,embed_link_and_summarize_only
gVkdRIjQ1dE,https://www.youtube.com/watch?v=gVkdRIjQ1dE,Mazda 2 Signature. ¿Deportivo o no?,898.0,,videos,https://i.ytimg.com/vi/gVkdRIjQ1dE/hqdefault.jpg?sqp=-oaymwEcCNACELwBSFXyq4qpAw4IARUAAIhCGAFwAcABBg==&rs=AOn4CLBzmUEKEUfXlX7u_HIQsKnLmrWLlw,Sergio Oliveira,external-reference,embed_link_and_summarize_only
gQaE-arHpzQ,https://www.youtube.com/watch?v=gQaE-arHpzQ,Kia Sonet 2024 - Con vocación urbana,976.0,,videos,https://i.ytimg.com/vi/gQaE-arHpzQ/hqdefault.jpg?sqp=-oaymwEcCNACELwBSFXyq4qpAw4IARUAAIhCGAFwAcABBg==&rs=AOn4CLCE6pAAI_gvOC4UILdk4-VtnHf1RA,Sergio Oliveira,external-reference,embed_link_and_summarize_only
ZnfyFhnYGm8,https://www.youtube.com/watch?v=ZnfyFhnYGm8,"Jeep JT ""Moparizado"" - El costo de presumir",470.0,,videos,https://i.ytimg.com/vi/ZnfyFhnYGm8/hqdefault.jpg?sqp=-oaymwEcCNACELwBSFXyq4qpAw4IARUAAIhCGAFwAcABBg==&rs=AOn4CLDFcKqZxtHr7CGxPCmSqvvNhZCFQg,Sergio Oliveira,external-reference,embed_link_and_summarize_only
fyK8MxJVt2s,https://www.youtube.com/watch?v=fyK8MxJVt2s,Cuándo deben abrir las bolsas de aire - La Cochera Radio 6abr,1803.0,,videos,https://i.ytimg.com/vi/fyK8MxJVt2s/hqdefault.jpg?sqp=-oaymwEcCNACELwBSFXyq4qpAw4IARUAAIhCGAFwAcABBg==&rs=AOn4CLAdSse9_T5qO3lbsLAcvjaCVGvMAQ,Sergio Oliveira,external-reference,embed_link_and_summarize_only
Ogh8VD6M3gM,https://www.youtube.com/watch?v=Ogh8VD6M3gM,Changan no solo es Changan,782.0,,videos,https://i.ytimg.com/vi/Ogh8VD6M3gM/hqdefault.jpg?sqp=-oaymwE2CNACELwBSFXyq4qpAygIARUAAIhCGAFwAcABBvABAfgB_gmAAtAFigIMCAAQARhyIFooNjAP&rs=AOn4CLDxszajEvc879RurEytXaKEE256Vw,Sergio Oliveira,external-reference,embed_link_and_summarize_only
4jrRvn9Guh0,https://www.youtube.com/watch?v=4jrRvn9Guh0,"Cupra Formentor 190 - Precioso, pero no para entusiastas",865.0,,videos,https://i.ytimg.com/vi/4jrRvn9Guh0/hqdefault.jpg?sqp=-oaymwEcCNACELwBSFXyq4qpAw4IARUAAIhCGAFwAcABBg==&rs=AOn4CLDielc_lY7Vdx6cxwO3CXSyDjLaZQ,Sergio Oliveira,external-reference,embed_link_and_summarize_only
FNxON5tijek,https://www.youtube.com/watch?v=FNxON5tijek,El impresionante tamaño de Changan en China - La Cochera Radio 30mar,1994.0,,videos,https://i.ytimg.com/vi/FNxON5tijek/hqdefault.jpg?sqp=-oaymwEcCNACELwBSFXyq4qpAw4IARUAAIhCGAFwAcABBg==&rs=AOn4CLDGYheuyH2XK5gSDaN7pV4YrB9Kag,Sergio Oliveira,external-reference,embed_link_and_summarize_only
nOdlVtppIew,https://www.youtube.com/watch?v=nOdlVtppIew,Toyota GR Yaris Circuit Pack - Para los niños en espíritu,859.0,,videos,https://i.ytimg.com/vi/nOdlVtppIew/hqdefault.jpg?sqp=-oaymwEcCNACELwBSFXyq4qpAw4IARUAAIhCGAFwAcABBg==&rs=AOn4CLCb-CsKPX6MrZGP2_ZKr7T83fcbYA,Sergio Oliveira,external-reference,embed_link_and_summarize_only
SjqY5qGDLMo,https://www.youtube.com/watch?v=SjqY5qGDLMo,FIAT Pulse Abarth,81.0,,videos,https://i.ytimg.com/vi/SjqY5qGDLMo/hqdefault.jpg?sqp=-oaymwEcCNACELwBSFXyq4qpAw4IARUAAIhCGAFwAcABBg==&rs=AOn4CLA2rdQBq4p7xsCbms0dRNHdjT2k8Q,Sergio Oliveira,external-reference,embed_link_and_summarize_only
RbB2vEw7cXw,https://www.youtube.com/watch?v=RbB2vEw7cXw,FIAT Pulse Abarth - Veneno que amenaza a sus rivales,771.0,,videos,https://i.ytimg.com/vi/RbB2vEw7cXw/hqdefault.jpg?sqp=-oaymwEcCNACELwBSFXyq4qpAw4IARUAAIhCGAFwAcABBg==&rs=AOn4CLD0TzBU-vakpOMqtAYLIrhgguwq4g,Sergio Oliveira,external-reference,embed_link_and_summarize_only
op-aqy34odI,https://www.youtube.com/watch?v=op-aqy34odI,"Lexus TX500h F Sport - Combina espacio, lujo y buen manejo",90.0,,videos,https://i.ytimg.com/vi/op-aqy34odI/hqdefault.jpg?sqp=-oaymwE2CNACELwBSFXyq4qpAygIARUAAIhCGAFwAcABBvABAfgBtgiAAoAPigIMCAAQARgnIE8ofzAP&rs=AOn4CLD5j5Vk--_0r8i0bjotEaPmH55msA,Sergio Oliveira,external-reference,embed_link_and_summarize_only
pckliA7A7fU,https://www.youtube.com/watch?v=pckliA7A7fU,Nissan Kicks evoluciona su diseño - La Cochera Radio 23mar,1784.0,,videos,https://i.ytimg.com/vi/pckliA7A7fU/hqdefault.jpg?sqp=-oaymwEcCNACELwBSFXyq4qpAw4IARUAAIhCGAFwAcABBg==&rs=AOn4CLA7SY2mgyY41Lu12tD2QTJvus2ZlQ,Sergio Oliveira,external-reference,embed_link_and_summarize_only
2SkCfMagqM0,https://www.youtube.com/watch?v=2SkCfMagqM0,"Ford Maverick Tremor - FlexBed, no solo se maneja bien",367.0,,videos,https://i.ytimg.com/vi/2SkCfMagqM0/hqdefault.jpg?sqp=-oaymwEcCNACELwBSFXyq4qpAw4IARUAAIhCGAFwAcABBg==&rs=AOn4CLB8XicdRS1JZpkkJsxcIKU8U_HfEA,Sergio Oliveira,external-reference,embed_link_and_summarize_only
KqXeO6AHWbc,https://www.youtube.com/watch?v=KqXeO6AHWbc,Lexus TX 500h F-Sport - Para el disfrute de todo,1057.0,,videos,https://i.ytimg.com/vi/KqXeO6AHWbc/hqdefault.jpg?sqp=-oaymwEcCNACELwBSFXyq4qpAw4IARUAAIhCGAFwAcABBg==&rs=AOn4CLBIIdtjWYbRq4UG4rbqgc5-MlhbRg,Sergio Oliveira,external-reference,embed_link_and_summarize_only
9LOwM52PuoI,https://www.youtube.com/watch?v=9LOwM52PuoI,Oleada de modelos nuevo de Kia - La Cochera Radio 16mar,1740.0,,videos,https://i.ytimg.com/vi/9LOwM52PuoI/hqdefault.jpg?sqp=-oaymwEcCNACELwBSFXyq4qpAw4IARUAAIhCGAFwAcABBg==&rs=AOn4CLBaI4PWF7L-5q5W8A1a1vH6AKaxCw,Sergio Oliveira,external-reference,embed_link_and_summarize_only
wF67vUtn-44,https://www.youtube.com/watch?v=wF67vUtn-44,Lincoln Nautilus 2024 - Modernidad juvenil,1946.0,,videos,https://i.ytimg.com/vi/wF67vUtn-44/hqdefault.jpg?sqp=-oaymwEcCNACELwBSFXyq4qpAw4IARUAAIhCGAFwAcABBg==&rs=AOn4CLAp24OCSfkNmEz_4BbO27AU6ArIQA,Sergio Oliveira,external-reference,embed_link_and_summarize_only
9UNDMwWCs4I,https://www.youtube.com/watch?v=9UNDMwWCs4I,Chirey tiene grandes noticias,74.0,,videos,https://i.ytimg.com/vi/9UNDMwWCs4I/hqdefault.jpg?sqp=-oaymwE2CNACELwBSFXyq4qpAygIARUAAIhCGAFwAcABBvABAfgBtgiAArgIigIMCAAQARhlIF4oUTAP&rs=AOn4CLBZpVRyvmVwKurTd0WEtAN2xXj7bw,Sergio Oliveira,external-reference,embed_link_and_summarize_only
5UJVlvv3e6Q,https://www.youtube.com/watch?v=5UJVlvv3e6Q,Kia Sportage HEV y. Sorento 2024 - Ofensiva SUV,134.0,,videos,https://i.ytimg.com/vi/5UJVlvv3e6Q/hqdefault.jpg?sqp=-oaymwEcCNACELwBSFXyq4qpAw4IARUAAIhCGAFwAcABBg==&rs=AOn4CLAC1PnYIcnyFYJFXiXwkwfHxhOf_g,Sergio Oliveira,external-reference,embed_link_and_summarize_only
Uh3OWuzGwxY,https://www.youtube.com/watch?v=Uh3OWuzGwxY,"Charger Daytona, el muscle car eléctrico - La Cochera Radio 9mar",1980.0,,videos,https://i.ytimg.com/vi/Uh3OWuzGwxY/hqdefault.jpg?sqp=-oaymwEcCNACELwBSFXyq4qpAw4IARUAAIhCGAFwAcABBg==&rs=AOn4CLDMXBDLmG1ZeE1dKHUFYNuoUXpoBw,Sergio Oliveira,external-reference,embed_link_and_summarize_only
Zk4vzOGKPYo,https://www.youtube.com/watch?v=Zk4vzOGKPYo,Ford Mustang GT 2024 - Los doctores deberían recetar manejarlo,546.0,,videos,https://i.ytimg.com/vi/Zk4vzOGKPYo/hqdefault.jpg?sqp=-oaymwEcCNACELwBSFXyq4qpAw4IARUAAIhCGAFwAcABBg==&rs=AOn4CLANVnvJA2mDixCSeGvGBMqXFaDnTw,Sergio Oliveira,external-reference,embed_link_and_summarize_only
d4RAEvZ5m-k,https://www.youtube.com/watch?v=d4RAEvZ5m-k,Jeep Avenger Turbo - El Jeep que podríamos comprar,909.0,,videos,https://i.ytimg.com/vi/d4RAEvZ5m-k/hqdefault.jpg?sqp=-oaymwEcCNACELwBSFXyq4qpAw4IARUAAIhCGAFwAcABBg==&rs=AOn4CLA5tHpcuOIVw9-u-6Y3IAQb5tCKeg,Sergio Oliveira,external-reference,embed_link_and_summarize_only
AiSjZvwXqys,https://www.youtube.com/watch?v=AiSjZvwXqys,Marcas más recomendadas en 2024 según CR - La Cochera Radio 2 mar,1969.0,,videos,https://i.ytimg.com/vi/AiSjZvwXqys/hqdefault.jpg?sqp=-oaymwEcCNACELwBSFXyq4qpAw4IARUAAIhCGAFwAcABBg==&rs=AOn4CLDiLeJfZioKdQbpF5w3jfroMYdMSA,Sergio Oliveira,external-reference,embed_link_and_summarize_only
iJqej5sco5s,https://www.youtube.com/watch?v=iJqej5sco5s,Kia Sportage SXL - Por si buscas espacio y comodidad,794.0,,videos,https://i.ytimg.com/vi/iJqej5sco5s/hqdefault.jpg?sqp=-oaymwEcCNACELwBSFXyq4qpAw4IARUAAIhCGAFwAcABBg==&rs=AOn4CLB9-sv5fmKl-T3UIgJlNB3ixSL3_w,Sergio Oliveira,external-reference,embed_link_and_summarize_only
aF23iWMbo7w,https://www.youtube.com/watch?v=aF23iWMbo7w,La llegada de la DIOSA Tacoma - La Cochera Radio 24 feb,1954.0,,videos,https://i.ytimg.com/vi/aF23iWMbo7w/hqdefault.jpg?sqp=-oaymwEcCNACELwBSFXyq4qpAw4IARUAAIhCGAFwAcABBg==&rs=AOn4CLC9JYo_DwIaa0J54e2rpYKhaainKQ,Sergio Oliveira,external-reference,embed_link_and_summarize_only
C4JAQZIr_cc,https://www.youtube.com/watch?v=C4JAQZIr_cc,Kia K3 Sedán GT Line - Gran evolución,908.0,,videos,https://i.ytimg.com/vi/C4JAQZIr_cc/hqdefault.jpg?sqp=-oaymwEcCNACELwBSFXyq4qpAw4IARUAAIhCGAFwAcABBg==&rs=AOn4CLADAh3FV8mnKMSIsUJQQC4FUe4-sw,Sergio Oliveira,external-reference,embed_link_and_summarize_only
k2Qt63iRYIs,https://www.youtube.com/watch?v=k2Qt63iRYIs,Entrevista a cliente MG ¿Cómo le ha ido con la marca?,326.0,,videos,https://i.ytimg.com/vi/k2Qt63iRYIs/hqdefault.jpg?sqp=-oaymwE2CNACELwBSFXyq4qpAygIARUAAIhCGAFwAcABBvABAfgB_gmAAtAFigIMCAAQARhNIFcoZTAP&rs=AOn4CLBK2iUNOHVz2L94HLZeDNemcqzn4Q,Sergio Oliveira,external-reference,embed_link_and_summarize_only
epF3_Zt4OHw,https://www.youtube.com/watch?v=epF3_Zt4OHw,¿Eléctricos para el pueblo? - La Cochera Radio 17feb,1983.0,,videos,https://i.ytimg.com/vi/epF3_Zt4OHw/hqdefault.jpg?sqp=-oaymwEcCNACELwBSFXyq4qpAw4IARUAAIhCGAFwAcABBg==&rs=AOn4CLAo0Cn4pNKoa7fhhyPAxHQGthBwjg,Sergio Oliveira,external-reference,embed_link_and_summarize_only
31ldvzKFWtI,https://www.youtube.com/watch?v=31ldvzKFWtI,Audi Q8 e -tron Sportback - La opción refinada,1110.0,,videos,https://i.ytimg.com/vi/31ldvzKFWtI/hqdefault.jpg?sqp=-oaymwEcCNACELwBSFXyq4qpAw4IARUAAIhCGAFwAcABBg==&rs=AOn4CLDO8Cs5bu1bgiXIm1vEH_zgvOiRkw,Sergio Oliveira,external-reference,embed_link_and_summarize_only
leS8p1VGJO0,https://www.youtube.com/watch?v=leS8p1VGJO0,"¿Qué coche ""viejito"" se comprarían? - La Cochera Radio 10 feb",2127.0,,videos,https://i.ytimg.com/vi/leS8p1VGJO0/hqdefault.jpg?sqp=-oaymwEcCNACELwBSFXyq4qpAw4IARUAAIhCGAFwAcABBg==&rs=AOn4CLAWEnyCe3bZXZfXwn8ZT5Qh6AF5Qw,Sergio Oliveira,external-reference,embed_link_and_summarize_only
ya5qip0H4tA,https://www.youtube.com/watch?v=ya5qip0H4tA,Mitsubishi Xpander Cross 2024 bajó de precio,84.0,,videos,https://i.ytimg.com/vi/ya5qip0H4tA/hqdefault.jpg?sqp=-oaymwE2CNACELwBSFXyq4qpAygIARUAAIhCGAFwAcABBvABAfgBtgiAAoAPigIMCAAQARhlIGUoZTAP&rs=AOn4CLDiWLhVhD0zp2Gnr5CMcQOjFhXhXw,Sergio Oliveira,external-reference,embed_link_and_summarize_only
y_fjMqiBV-0,https://www.youtube.com/watch?v=y_fjMqiBV-0,Mitsubishi Xpander Cross 2024 - Con formas atrevidas y la robustez de Mitsu,741.0,,videos,https://i.ytimg.com/vi/y_fjMqiBV-0/hqdefault.jpg?sqp=-oaymwEcCNACELwBSFXyq4qpAw4IARUAAIhCGAFwAcABBg==&rs=AOn4CLCiV_4ihG5sIOVloTP3uh9grCmtiA,Sergio Oliveira,external-reference,embed_link_and_summarize_only
-j77hNZrnJQ,https://www.youtube.com/watch?v=-j77hNZrnJQ,¿Kia K3 HB o Kia Seltos? - La Cochera Radio 3feb,1932.0,,videos,https://i.ytimg.com/vi/-j77hNZrnJQ/hqdefault.jpg?sqp=-oaymwEcCNACELwBSFXyq4qpAw4IARUAAIhCGAFwAcABBg==&rs=AOn4CLCCjAxgpu1xP4C3ffIylCZftefdpQ,Sergio Oliveira,external-reference,embed_link_and_summarize_only
XOUWIP0BIAk,https://www.youtube.com/watch?v=XOUWIP0BIAk,Nissan Frontier V6 Pro-4X - Mejor de lo que pensaba,703.0,,videos,https://i.ytimg.com/vi/XOUWIP0BIAk/hqdefault.jpg?sqp=-oaymwEcCNACELwBSFXyq4qpAw4IARUAAIhCGAFwAcABBg==&rs=AOn4CLBLZ7LqACziIey7_KKuS1rEXXFokg,Sergio Oliveira,external-reference,embed_link_and_summarize_only
Yf0Jzo7yqKQ,https://www.youtube.com/watch?v=Yf0Jzo7yqKQ,Retraso de seguridad de 30 años en México - La Cochera Radio 27 de enero,2234.0,,videos,https://i.ytimg.com/vi/Yf0Jzo7yqKQ/hqdefault.jpg?sqp=-oaymwEcCNACELwBSFXyq4qpAw4IARUAAIhCGAFwAcABBg==&rs=AOn4CLDy_-L4p6yj-O7N7gXTge27RWAiTw,Sergio Oliveira,external-reference,embed_link_and_summarize_only
Y0xY2pspsA4,https://www.youtube.com/watch?v=Y0xY2pspsA4,Haval Jolion HEV - Grata sorpresa,868.0,,videos,https://i.ytimg.com/vi/Y0xY2pspsA4/hqdefault.jpg?sqp=-oaymwEcCNACELwBSFXyq4qpAw4IARUAAIhCGAFwAcABBg==&rs=AOn4CLBFv1LAiMYE6lk1kHVEjlmh_vqD-g,Sergio Oliveira,external-reference,embed_link_and_summarize_only
EZB6-1YcyTg,https://www.youtube.com/watch?v=EZB6-1YcyTg,Este eléctrico te va a gustar,86.0,,videos,https://i.ytimg.com/vi/EZB6-1YcyTg/hqdefault.jpg?sqp=-oaymwE2CNACELwBSFXyq4qpAygIARUAAIhCGAFwAcABBvABAfgBtgiAAoAPigIMCAAQARggIGIocjAP&rs=AOn4CLCJ94vzXeHK8wMROzhqLLPHzf_3vg,Sergio Oliveira,external-reference,embed_link_and_summarize_only
M4o3qUiTDWQ,https://www.youtube.com/watch?v=M4o3qUiTDWQ,Jeep Grand Cherokee - Lujo para seis,732.0,,videos,https://i.ytimg.com/vi/M4o3qUiTDWQ/hqdefault.jpg?sqp=-oaymwEcCNACELwBSFXyq4qpAw4IARUAAIhCGAFwAcABBg==&rs=AOn4CLAsKHWfNyPoFJLm-ZPno8x8S9jwZw,Sergio Oliveira,external-reference,embed_link_and_summarize_only
X-iDd0MGYQE,https://www.youtube.com/watch?v=X-iDd0MGYQE,Lujo a la moda china,86.0,,videos,https://i.ytimg.com/vi/X-iDd0MGYQE/hqdefault.jpg?sqp=-oaymwE2CNACELwBSFXyq4qpAygIARUAAIhCGAFwAcABBvABAfgBtgiAAoAPigIMCAAQARhlIE4oPTAP&rs=AOn4CLAPY0FU95n9k95F2adf6NcM-PXYGw,Sergio Oliveira,external-reference,embed_link_and_summarize_only
9Ingq931Al0,https://www.youtube.com/watch?v=9Ingq931Al0,¿Mustang o Golf GTI? - La Cochera Radio 20 de enero,1962.0,,videos,https://i.ytimg.com/vi/9Ingq931Al0/hqdefault.jpg?sqp=-oaymwEcCNACELwBSFXyq4qpAw4IARUAAIhCGAFwAcABBg==&rs=AOn4CLDvX38WFAkWR0pjW3MgjefAWFI2Pw,Sergio Oliveira,external-reference,embed_link_and_summarize_only
WXuhQfceffs,https://www.youtube.com/watch?v=WXuhQfceffs,¿Desaparece CX-3? ¿Por qué Mazda vuelve a bajar precios?,927.0,,videos,https://i.ytimg.com/vi/WXuhQfceffs/hqdefault.jpg?sqp=-oaymwEcCNACELwBSFXyq4qpAw4IARUAAIhCGAFwAcABBg==&rs=AOn4CLBPCgFEPariXdw40uQ4NVUFhFK9rQ,Sergio Oliveira,external-reference,embed_link_and_summarize_only
uAamtFYMdy8,https://www.youtube.com/watch?v=uAamtFYMdy8,Honda BR-V 2024 - Ya tiene lo que le faltaba para ser la mejor,636.0,,videos,https://i.ytimg.com/vi/uAamtFYMdy8/hqdefault.jpg?sqp=-oaymwEcCNACELwBSFXyq4qpAw4IARUAAIhCGAFwAcABBg==&rs=AOn4CLCHZIpem_SzeeX4B-QCVW06E_0IpA,Sergio Oliveira,external-reference,embed_link_and_summarize_only
gUtXfK8gI44,https://www.youtube.com/watch?v=gUtXfK8gI44,Suzuki bajó los precios en toda su gama - La Cochera Radio 13 enero,2052.0,,videos,https://i.ytimg.com/vi/gUtXfK8gI44/hqdefault.jpg?sqp=-oaymwE2CNACELwBSFXyq4qpAygIARUAAIhCGAFwAcABBvABAfgB_gmAAtAFigIMCAAQARhlIFgoTDAP&rs=AOn4CLBMhANDMlDcFxbAmlwbquosTi7nkw,Sergio Oliveira,external-reference,embed_link_and_summarize_only
Hmsq5ZwPKjI,https://www.youtube.com/watch?v=Hmsq5ZwPKjI,Solo para los que lea gustan las pickups. #pickup #camioneta #carga #truck #batea,84.0,,videos,https://i.ytimg.com/vi/Hmsq5ZwPKjI/hqdefault.jpg?sqp=-oaymwE2CNACELwBSFXyq4qpAygIARUAAIhCGAFwAcABBvABAfgBtgiAAoAPigIMCAAQARhlIFooVDAP&rs=AOn4CLBB3p_ekUAR5z2lSuV4-wfTWpiYEQ,Sergio Oliveira,external-reference,embed_link_and_summarize_only
xN6PcyS3mPo,https://www.youtube.com/watch?v=xN6PcyS3mPo,Geely Coolray - Parece más cara de lo que es,1161.0,,videos,https://i.ytimg.com/vi/xN6PcyS3mPo/hqdefault.jpg?sqp=-oaymwEcCNACELwBSFXyq4qpAw4IARUAAIhCGAFwAcABBg==&rs=AOn4CLBUDHTpYChmzw9AEQoSETW4NjSxyw,Sergio Oliveira,external-reference,embed_link_and_summarize_only
Jcp2rnUJeiU,https://www.youtube.com/watch?v=Jcp2rnUJeiU,La gran diferencia entre el mercado mexicano y el de Estados Unidos - La Cochera Radio 6 de enero,1682.0,,videos,https://i.ytimg.com/vi/Jcp2rnUJeiU/hqdefault.jpg?sqp=-oaymwE2CNACELwBSFXyq4qpAygIARUAAIhCGAFwAcABBvABAfgB_gmAAtAFigIMCAAQARhlIGUoZTAP&rs=AOn4CLB0p4gOfU_N8tTgxwZYsWxdpRX_ug,Sergio Oliveira,external-reference,embed_link_and_summarize_only
rLhHvSM7rDs,https://www.youtube.com/watch?v=rLhHvSM7rDs,MG One - Funcional y placentera para la mayoría,908.0,,videos,https://i.ytimg.com/vi/rLhHvSM7rDs/hqdefault.jpg?sqp=-oaymwEcCNACELwBSFXyq4qpAw4IARUAAIhCGAFwAcABBg==&rs=AOn4CLAaYdHPA9IlILyVrm2keFhJKsDWZg,Sergio Oliveira,external-reference,embed_link_and_summarize_only
iw7XqGuiVOQ,https://www.youtube.com/watch?v=iw7XqGuiVOQ,¿Te gustan los 4x4? #gwm #greatwallmotor #tank #suv,63.0,,videos,https://i.ytimg.com/vi/iw7XqGuiVOQ/hqdefault.jpg?sqp=-oaymwE2CNACELwBSFXyq4qpAygIARUAAIhCGAFwAcABBvABAfgBtgiAAoAPigIMCAAQARhlIFgoSjAP&rs=AOn4CLCQWN3EWT4MxdCs6nlvXQp4jIFqeg,Sergio Oliveira,external-reference,embed_link_and_summarize_only
grTmMDzkp-A,https://www.youtube.com/watch?v=grTmMDzkp-A,Nissan Sentra 2024. Sigue siendo referente.,69.0,,videos,https://i.ytimg.com/vi/grTmMDzkp-A/hqdefault.jpg?sqp=-oaymwE2CNACELwBSFXyq4qpAygIARUAAIhCGAFwAcABBvABAfgBtgiAAoAPigIMCAAQARhlIGUoZTAP&rs=AOn4CLDk2sH6yVKKfXKCUwTUYewe7kbYTw,Sergio Oliveira,external-reference,embed_link_and_summarize_only
S-9l1PqjaKE,https://www.youtube.com/watch?v=S-9l1PqjaKE,Nissan Sentra 2024 no es para tímidos,91.0,,videos,https://i.ytimg.com/vi/S-9l1PqjaKE/hqdefault.jpg?sqp=-oaymwEcCNACELwBSFXyq4qpAw4IARUAAIhCGAFwAcABBg==&rs=AOn4CLB2jWsj_3yHcmMKWZVE5mCcANCO-g,Sergio Oliveira,external-reference,embed_link_and_summarize_only
theknON71k0,https://www.youtube.com/watch?v=theknON71k0,Alfa Romeo Tonale PHEV 2024 - Porque la quieres,1132.0,,videos,https://i.ytimg.com/vi/theknON71k0/hqdefault.jpg?sqp=-oaymwEcCNACELwBSFXyq4qpAw4IARUAAIhCGAFwAcABBg==&rs=AOn4CLCqvELLeY-GAlhh7FQEHfD5_ExvrQ,Sergio Oliveira,external-reference,embed_link_and_summarize_only
5TRTmTS9A8g,https://www.youtube.com/watch?v=5TRTmTS9A8g,"MG GT obtuvo 0 estrellas en la ANCAP, ¿Es válido para México? - La Cochera Radio 16dic",1439.0,,videos,https://i.ytimg.com/vi/5TRTmTS9A8g/hqdefault.jpg?sqp=-oaymwEcCNACELwBSFXyq4qpAw4IARUAAIhCGAFwAcABBg==&rs=AOn4CLAk_xUgrcgnnc3Ry0CGXiTt5Rjqtw,Sergio Oliveira,external-reference,embed_link_and_summarize_only
v0t2Ke7bcLg,https://www.youtube.com/watch?v=v0t2Ke7bcLg,El lado emocionante de Nissan Sentra 2024.,242.0,,videos,https://i.ytimg.com/vi/v0t2Ke7bcLg/hqdefault.jpg?sqp=-oaymwEcCNACELwBSFXyq4qpAw4IARUAAIhCGAFwAcABBg==&rs=AOn4CLBkyQmBsElcyT-YzhkoYhwPJzUGMw,Sergio Oliveira,external-reference,embed_link_and_summarize_only
xbisFZSXIys,https://www.youtube.com/watch?v=xbisFZSXIys,Peugeot ahora ya está en Camarena 8 de julio.,83.0,,videos,https://i.ytimg.com/vi/xbisFZSXIys/hqdefault.jpg?sqp=-oaymwE2CNACELwBSFXyq4qpAygIARUAAIhCGAFwAcABBvABAfgBtgiAAoAPigIMCAAQARhlIGUoZTAP&rs=AOn4CLCABIHeG_gVwQoQYDQ8IdnCOmUoXw,Sergio Oliveira,external-reference,embed_link_and_summarize_only
HxElU8yCvYY,https://www.youtube.com/watch?v=HxElU8yCvYY,¿Peugeot y Alfa Romeo en la misma agencia? 😱#autos #stellantis #peugeot #jeep #fiat #cars #carfan,81.0,,videos,https://i.ytimg.com/vi/HxElU8yCvYY/hqdefault.jpg?sqp=-oaymwE2CNACELwBSFXyq4qpAygIARUAAIhCGAFwAcABBvABAfgBtgiAAoAPigIMCAAQARh_IBkoLTAP&rs=AOn4CLCemwVBUkC0wsJyKYQy8AfcLfgOiw,Sergio Oliveira,external-reference,embed_link_and_summarize_only
pKuTtzo79vM,https://www.youtube.com/watch?v=pKuTtzo79vM,¿Cuál es el mayor fabricante chino de SUVs?,82.0,,videos,https://i.ytimg.com/vi/pKuTtzo79vM/hqdefault.jpg?sqp=-oaymwE2CNACELwBSFXyq4qpAygIARUAAIhCGAFwAcABBvABAfgBtgiAArgIigIMCAAQARhyIFkoOzAP&rs=AOn4CLD6kR2VMXd9YwYFCYF5UzHsPj-M0Q,Sergio Oliveira,external-reference,embed_link_and_summarize_only
tZphvK9ISpw,https://www.youtube.com/watch?v=tZphvK9ISpw,"Ford Bronco Sport Heritage Edition - Diseño de ayer, virtudes de hoy",959.0,,videos,https://i.ytimg.com/vi/tZphvK9ISpw/hqdefault.jpg?sqp=-oaymwEcCNACELwBSFXyq4qpAw4IARUAAIhCGAFwAcABBg==&rs=AOn4CLDP1fAI1GuSiWGTTQHq8kphTOhx4g,Sergio Oliveira,external-reference,embed_link_and_summarize_only
k5sROH_btao,https://www.youtube.com/watch?v=k5sROH_btao,La despedida del Chevrolet Camaro y el futuro de los muscle car - La Cochera Radio,1730.0,,videos,https://i.ytimg.com/vi/k5sROH_btao/hqdefault.jpg?sqp=-oaymwEcCNACELwBSFXyq4qpAw4IARUAAIhCGAFwAcABBg==&rs=AOn4CLCP4F78H6abAodGKOldBTpll6uUDw,Sergio Oliveira,external-reference,embed_link_and_summarize_only
a71rjQE2lWk,https://www.youtube.com/watch?v=a71rjQE2lWk,Ford Maverick Tremor. ¿La mejor para uso personal?,1116.0,,videos,https://i.ytimg.com/vi/a71rjQE2lWk/hqdefault.jpg?sqp=-oaymwEcCNACELwBSFXyq4qpAw4IARUAAIhCGAFwAcABBg==&rs=AOn4CLCsM9HV4HzgdcpPcGimWS8h8mNEQw,Sergio Oliveira,external-reference,embed_link_and_summarize_only
78gxFzA_0nU,https://www.youtube.com/watch?v=78gxFzA_0nU,Iniciamos prueba de mediano plazo conFord Maverick Tremor - La Cochera Radio,2115.0,,videos,https://i.ytimg.com/vi/78gxFzA_0nU/hqdefault.jpg?sqp=-oaymwE2CNACELwBSFXyq4qpAygIARUAAIhCGAFwAcABBvABAfgB_gmAAtAFigIMCAAQARhlIF8oWDAP&rs=AOn4CLA1qkiN0V3I661ZxdBqh1fErwORFg,Sergio Oliveira,external-reference,embed_link_and_summarize_only
bkczkg12H-A,https://www.youtube.com/watch?v=bkczkg12H-A,Jolion HEV. La SUV más barata de México,1066.0,,videos,https://i.ytimg.com/vi/bkczkg12H-A/hqdefault.jpg?sqp=-oaymwEcCNACELwBSFXyq4qpAw4IARUAAIhCGAFwAcABBg==&rs=AOn4CLBlNKin0XByZN--30EzZwVrPdOffA,Sergio Oliveira,external-reference,embed_link_and_summarize_only
nDVJhjQ3GWk,https://www.youtube.com/watch?v=nDVJhjQ3GWk,"¿Dónde quedó la Peugeot Guadalajara, de López Mateos?",65.0,,videos,https://i.ytimg.com/vi/nDVJhjQ3GWk/hqdefault.jpg?sqp=-oaymwE2CNACELwBSFXyq4qpAygIARUAAIhCGAFwAcABBvABAfgBtgiAArgIigIMCAAQARhlIEooRTAP&rs=AOn4CLBQif1EeDT5kzmE56xoW22ECdEmYg,Sergio Oliveira,external-reference,embed_link_and_summarize_only
ek1jMsMB75k,https://www.youtube.com/watch?v=ek1jMsMB75k,El auto más vendido y confiable del mundo.,1773.0,,videos,https://i.ytimg.com/vi/ek1jMsMB75k/hqdefault.jpg?sqp=-oaymwEcCNACELwBSFXyq4qpAw4IARUAAIhCGAFwAcABBg==&rs=AOn4CLACufkDV3hxtR1pLh3iB9KLgzz3VA,Sergio Oliveira,external-reference,embed_link_and_summarize_only
8moLw1_XVUQ,https://www.youtube.com/watch?v=8moLw1_XVUQ,Acura Integra Type S. ¿Más que un Civic?,1158.0,,videos,https://i.ytimg.com/vi/8moLw1_XVUQ/hqdefault.jpg?sqp=-oaymwEcCNACELwBSFXyq4qpAw4IARUAAIhCGAFwAcABBg==&rs=AOn4CLB0WFQxqY0D4DE_afDpixFbfKISCQ,Sergio Oliveira,external-reference,embed_link_and_summarize_only
nBo-4OkZDMI,https://www.youtube.com/watch?v=nBo-4OkZDMI,BMW Test Fest 2023,315.0,,videos,https://i.ytimg.com/vi/nBo-4OkZDMI/hqdefault.jpg?sqp=-oaymwEcCNACELwBSFXyq4qpAw4IARUAAIhCGAFwAcABBg==&rs=AOn4CLAjkhovtIzXS5LYcgoAPG_tAsaArw,Sergio Oliveira,external-reference,embed_link_and_summarize_only
deVgrp0lo3U,https://www.youtube.com/watch?v=deVgrp0lo3U,Estos son los autos nominados al World Car Awards,1612.0,,videos,https://i.ytimg.com/vi/deVgrp0lo3U/hqdefault.jpg?sqp=-oaymwEcCNACELwBSFXyq4qpAw4IARUAAIhCGAFwAcABBg==&rs=AOn4CLBZnaJ7v9_l5erWLIpOfTaePR9jQQ,Sergio Oliveira,external-reference,embed_link_and_summarize_only
5eXOydmKjU4,https://www.youtube.com/watch?v=5eXOydmKjU4,Colorado Z71. En la segunda fila van a sufrir un poco. ¿Te importa?,597.0,,videos,https://i.ytimg.com/vi/5eXOydmKjU4/hqdefault.jpg?sqp=-oaymwEcCNACELwBSFXyq4qpAw4IARUAAIhCGAFwAcABBg==&rs=AOn4CLAOKV1C9Ekj9J4nY90UIxEqBna0wQ,Sergio Oliveira,external-reference,embed_link_and_summarize_only
dHcnTwuFejI,https://www.youtube.com/watch?v=dHcnTwuFejI,Geely llega a México con dos propuestas interesantes,1275.0,,videos,https://i.ytimg.com/vi/dHcnTwuFejI/hqdefault.jpg?sqp=-oaymwEcCNACELwBSFXyq4qpAw4IARUAAIhCGAFwAcABBg==&rs=AOn4CLCTz3y25xFWrZitLJPKbOqBqB57hQ,Sergio Oliveira,external-reference,embed_link_and_summarize_only
tj-but_fFS4,https://www.youtube.com/watch?v=tj-but_fFS4,Mazda CX-50 - El único vehículo que necesitas,911.0,,videos,https://i.ytimg.com/vi/tj-but_fFS4/hqdefault.jpg?sqp=-oaymwEcCNACELwBSFXyq4qpAw4IARUAAIhCGAFwAcABBg==&rs=AOn4CLBZOou2KCoyMzj6cdlMnxPjdLsOSQ,Sergio Oliveira,external-reference,embed_link_and_summarize_only
j4-tZ4zmhxg,https://www.youtube.com/watch?v=j4-tZ4zmhxg,BYD Yuan. ¿Los chinos empiezan a darnos clases?,1121.0,,videos,https://i.ytimg.com/vi/j4-tZ4zmhxg/hqdefault.jpg?sqp=-oaymwEcCNACELwBSFXyq4qpAw4IARUAAIhCGAFwAcABBg==&rs=AOn4CLDqOVhwri5p3yE6Ir0ZM4CYvw7laA,Sergio Oliveira,external-reference,embed_link_and_summarize_only
-WraN8OhRqY,https://www.youtube.com/watch?v=-WraN8OhRqY,Suzuki repondrá las computadoras robadas de sus coches.,1932.0,,videos,https://i.ytimg.com/vi/-WraN8OhRqY/hqdefault.jpg?sqp=-oaymwEcCNACELwBSFXyq4qpAw4IARUAAIhCGAFwAcABBg==&rs=AOn4CLCoq_jM5zgRyODfK5961lGZl9M4UA,Sergio Oliveira,external-reference,embed_link_and_summarize_only
QZicuFAnamE,https://www.youtube.com/watch?v=QZicuFAnamE,Todas las novedades del Japan Mobility Show 2023,1803.0,,videos,https://i.ytimg.com/vi/QZicuFAnamE/hqdefault.jpg?sqp=-oaymwEcCNACELwBSFXyq4qpAw4IARUAAIhCGAFwAcABBg==&rs=AOn4CLAwMZDzo-gYCt62uOgaanFsUkRZEw,Sergio Oliveira,external-reference,embed_link_and_summarize_only
Gc0YHc8TtN0,https://www.youtube.com/watch?v=Gc0YHc8TtN0,MG viene con todo,1799.0,,videos,https://i.ytimg.com/vi/Gc0YHc8TtN0/hqdefault.jpg?sqp=-oaymwEcCNACELwBSFXyq4qpAw4IARUAAIhCGAFwAcABBg==&rs=AOn4CLBD_k0fNvLLlxHti-6Zm0AL6R-cRQ,Sergio Oliveira,external-reference,embed_link_and_summarize_only
g5A6MXTv6EE,https://www.youtube.com/watch?v=g5A6MXTv6EE,Changan CS 55. Deberías manejarla tu.,740.0,,videos,https://i.ytimg.com/vi/g5A6MXTv6EE/hqdefault.jpg?sqp=-oaymwEcCNACELwBSFXyq4qpAw4IARUAAIhCGAFwAcABBg==&rs=AOn4CLANKGk1Yybbz4ZD5p8z7x4b30DI2g,Sergio Oliveira,external-reference,embed_link_and_summarize_only
QTuf31RmXzI,https://www.youtube.com/watch?v=QTuf31RmXzI,GTI vs Cupra León,2097.0,,videos,https://i.ytimg.com/vi/QTuf31RmXzI/hqdefault.jpg?sqp=-oaymwEcCNACELwBSFXyq4qpAw4IARUAAIhCGAFwAcABBg==&rs=AOn4CLCyVHlJm6eYRLIzTILWA8KtqKW7Dg,Sergio Oliveira,external-reference,embed_link_and_summarize_only
SHiLGwP7dZ4,https://www.youtube.com/watch?v=SHiLGwP7dZ4,Grand Vitara 2024. Todo en nombre del consumo.,917.0,,videos,https://i.ytimg.com/vi/SHiLGwP7dZ4/hqdefault.jpg?sqp=-oaymwE2CNACELwBSFXyq4qpAygIARUAAIhCGAFwAcABBvABAfgB_gmAAtAFigIMCAAQARhlIEYoQjAP&rs=AOn4CLDkkvouCHIH5ji4NCcg6R7V_Af3vg,Sergio Oliveira,external-reference,embed_link_and_summarize_only
5N5YW2hwcTY,https://www.youtube.com/watch?v=5N5YW2hwcTY,Maserati Grecale. Como me recetó el Doctor.,1092.0,,videos,https://i.ytimg.com/vi/5N5YW2hwcTY/hqdefault.jpg?sqp=-oaymwE2CNACELwBSFXyq4qpAygIARUAAIhCGAFwAcABBvABAfgB_gmAAtAFigIMCAAQARhqIGooajAP&rs=AOn4CLBukHtbb-ad6aIrSd7q5FRWlAgmMw,Sergio Oliveira,external-reference,embed_link_and_summarize_only
ZhqFj5Qgx4E,https://www.youtube.com/watch?v=ZhqFj5Qgx4E,"Nuevos lanzamientos: Integra Type S, Cadillac Lyriq y Kia K3.",2222.0,,videos,https://i.ytimg.com/vi/ZhqFj5Qgx4E/hqdefault.jpg?sqp=-oaymwEcCNACELwBSFXyq4qpAw4IARUAAIhCGAFwAcABBg==&rs=AOn4CLCAe-wesaxtq3wpWWVcwFjmpe_zcg,Sergio Oliveira,external-reference,embed_link_and_summarize_only
ULP2ZU47hOM,https://www.youtube.com/watch?v=ULP2ZU47hOM,¿El K3 es mejor que el Rio y que el Versa?,567.0,,videos,https://i.ytimg.com/vi/ULP2ZU47hOM/hqdefault.jpg?sqp=-oaymwE2CNACELwBSFXyq4qpAygIARUAAIhCGAFwAcABBvABAfgB_gmAAtAFigIMCAAQARhOIF4oZTAP&rs=AOn4CLBYmDXQ1jIhF9yci2XrzlvCXjGZ5g,Sergio Oliveira,external-reference,embed_link_and_summarize_only
TnHAbLI6hNc,https://www.youtube.com/watch?v=TnHAbLI6hNc,El debut de ORA en México,1874.0,,videos,https://i.ytimg.com/vi/TnHAbLI6hNc/hqdefault.jpg?sqp=-oaymwEcCNACELwBSFXyq4qpAw4IARUAAIhCGAFwAcABBg==&rs=AOn4CLAEiYyhLb9qAuZPQ5CzN_MNd-_E5w,Sergio Oliveira,external-reference,embed_link_and_summarize_only
J021LIS1D8s,https://www.youtube.com/watch?v=J021LIS1D8s,Mercedes-Benz SLK 200 modelo 2006. Mi nuevo juguete viejo.,987.0,,videos,https://i.ytimg.com/vi/J021LIS1D8s/hqdefault.jpg?sqp=-oaymwE2CNACELwBSFXyq4qpAygIARUAAIhCGAFwAcABBvABAfgB_gmAAtAFigIMCAAQARhyIEMoPjAP&rs=AOn4CLDk-kDWDhtKXGLzZES_dv1Nx8-jmw,Sergio Oliveira,external-reference,embed_link_and_summarize_only
fJAd7aBxukI,https://www.youtube.com/watch?v=fJAd7aBxukI,Los detalles del nuevo Mustang 2024,2041.0,,videos,https://i.ytimg.com/vi/fJAd7aBxukI/hqdefault.jpg?sqp=-oaymwEcCNACELwBSFXyq4qpAw4IARUAAIhCGAFwAcABBg==&rs=AOn4CLDwkDKAtewNriuLDEdteJ-T0X_gzA,Sergio Oliveira,external-reference,embed_link_and_summarize_only
hVeQS1UVe7g,https://www.youtube.com/watch?v=hVeQS1UVe7g,Toyota Highlander Híbrida. ¿Mejor que la V6?,801.0,,videos,https://i.ytimg.com/vi/hVeQS1UVe7g/hqdefault.jpg?sqp=-oaymwE2CNACELwBSFXyq4qpAygIARUAAIhCGAFwAcABBvABAfgB_gmAAtAFigIMCAAQARhlIEwoQzAP&rs=AOn4CLCWgL5AvfYE3u8GkRIJokET3zKRYg,Sergio Oliveira,external-reference,embed_link_and_summarize_only
ibkNQQhFlHQ,https://www.youtube.com/watch?v=ibkNQQhFlHQ,"Seltos Turbo. Mejora, pero no es la mejor.",898.0,,videos,https://i.ytimg.com/vi/ibkNQQhFlHQ/hqdefault.jpg?sqp=-oaymwE2CNACELwBSFXyq4qpAygIARUAAIhCGAFwAcABBvABAfgB_gmAAtAFigIMCAAQARhbIFsoWzAP&rs=AOn4CLC3Nb4hx4NGQ9VEdCUPvdxgkIvGyw,Sergio Oliveira,external-reference,embed_link_and_summarize_only
qLDogLoEzxQ,https://www.youtube.com/watch?v=qLDogLoEzxQ,La guerra de las pickups en el salón de Detroit.,2174.0,,videos,https://i.ytimg.com/vi/qLDogLoEzxQ/hqdefault.jpg?sqp=-oaymwEcCNACELwBSFXyq4qpAw4IARUAAIhCGAFwAcABBg==&rs=AOn4CLB5AGo_gpELMXP_NYj5XfciYNPOwg,Sergio Oliveira,external-reference,embed_link_and_summarize_only
dvIAeX-e_tU,https://www.youtube.com/watch?v=dvIAeX-e_tU,El auto que al fabricante no le gustaría que probáramos.,664.0,,videos,https://i.ytimg.com/vi/dvIAeX-e_tU/hqdefault.jpg?sqp=-oaymwEcCNACELwBSFXyq4qpAw4IARUAAIhCGAFwAcABBg==&rs=AOn4CLB-xN1IYntigtDkSDjtyvTLk-uP7Q,Sergio Oliveira,external-reference,embed_link_and_summarize_only
ykHWExlxBMQ,https://www.youtube.com/watch?v=ykHWExlxBMQ,Estas son las 5 nuevas marcas chinas que vienen a México.,2066.0,,videos,https://i.ytimg.com/vi/ykHWExlxBMQ/hqdefault.jpg?sqp=-oaymwEcCNACELwBSFXyq4qpAw4IARUAAIhCGAFwAcABBg==&rs=AOn4CLC-1tJQLH11iRZj9Fn8SV-sxDeT0g,Sergio Oliveira,external-reference,embed_link_and_summarize_only
NGhgGlZqVeU,https://www.youtube.com/watch?v=NGhgGlZqVeU,Nueva Chevrolet Captiva 2024.,597.0,,videos,https://i.ytimg.com/vi/NGhgGlZqVeU/hqdefault.jpg?sqp=-oaymwEcCNACELwBSFXyq4qpAw4IARUAAIhCGAFwAcABBg==&rs=AOn4CLDyigp8Ndf-igm7yGVOYkKn1dJxxA,Sergio Oliveira,external-reference,embed_link_and_summarize_only
ZBnIBMMXhFo,https://www.youtube.com/watch?v=ZBnIBMMXhFo,¿Crees que puedas mantener un auto premium?,75.0,,videos,https://i.ytimg.com/vi/ZBnIBMMXhFo/hqdefault.jpg?sqp=-oaymwE2CNACELwBSFXyq4qpAygIARUAAIhCGAFwAcABBvABAfgBtgiAArgIigIMCAAQARhLIE4oZTAP&rs=AOn4CLBzBbvKEvDSYSnZAVpmnvgciYkXCg,Sergio Oliveira,external-reference,embed_link_and_summarize_only
bxuFVe57Dn8,https://www.youtube.com/watch?v=bxuFVe57Dn8,El nuevo presidente de Mitsubishi México cuenta qué esperar de la marca,1027.0,,videos,https://i.ytimg.com/vi/bxuFVe57Dn8/hqdefault.jpg?sqp=-oaymwEcCNACELwBSFXyq4qpAw4IARUAAIhCGAFwAcABBg==&rs=AOn4CLA0qeoxKpXcAag_N-vbbXBGHG76fQ,Sergio Oliveira,external-reference,embed_link_and_summarize_only
9tpoiFiVKnA,https://www.youtube.com/watch?v=9tpoiFiVKnA,La llegada de Great Wall a México,2208.0,,videos,https://i.ytimg.com/vi/9tpoiFiVKnA/hqdefault.jpg?sqp=-oaymwEcCNACELwBSFXyq4qpAw4IARUAAIhCGAFwAcABBg==&rs=AOn4CLD4M0-6R1z-BnWXBadOX0XMx-_eqQ,Sergio Oliveira,external-reference,embed_link_and_summarize_only
Y5NMxdxgH38,https://www.youtube.com/watch?v=Y5NMxdxgH38,Fiat Fastback. Sólo si te enamoras de ella.,661.0,,videos,https://i.ytimg.com/vi/Y5NMxdxgH38/hqdefault.jpg?sqp=-oaymwEcCNACELwBSFXyq4qpAw4IARUAAIhCGAFwAcABBg==&rs=AOn4CLBhiNVVtV8nXrjMb7gqCOu4m9vgFQ,Sergio Oliveira,external-reference,embed_link_and_summarize_only
22xNsGvw0ME,https://www.youtube.com/watch?v=22xNsGvw0ME,La Cochera Radio 26 agosto,1900.0,,videos,https://i.ytimg.com/vi/22xNsGvw0ME/hqdefault.jpg?sqp=-oaymwEcCNACELwBSFXyq4qpAw4IARUAAIhCGAFwAcABBg==&rs=AOn4CLBEJJbS4CXO0ZZND3gwzYzlDBW2Rw,Sergio Oliveira,external-reference,embed_link_and_summarize_only
MwzAUXggHxA,https://www.youtube.com/watch?v=MwzAUXggHxA,Suzuki Fronx 2024. ¿Es para ti?,403.0,,videos,https://i.ytimg.com/vi/MwzAUXggHxA/hqdefault.jpg?sqp=-oaymwE2CNACELwBSFXyq4qpAygIARUAAIhCGAFwAcABBvABAfgB_gmAAtAFigIMCAAQARhJIFsoZTAP&rs=AOn4CLBbWwn86EL173KTirKNV5-5J6Jvxw,Sergio Oliveira,external-reference,embed_link_and_summarize_only
cUwlf2-3Fo8,https://www.youtube.com/watch?v=cUwlf2-3Fo8,La Cochera Radio 19 agosto,2199.0,,videos,https://i.ytimg.com/vi/cUwlf2-3Fo8/hqdefault.jpg?sqp=-oaymwEcCNACELwBSFXyq4qpAw4IARUAAIhCGAFwAcABBg==&rs=AOn4CLBT5kqzcwlHtGBc8k0ButKJavd4eg,Sergio Oliveira,external-reference,embed_link_and_summarize_only
PKCCVxrsi6U,https://www.youtube.com/watch?v=PKCCVxrsi6U,Gran Wagoneer L 2023. Mi favorita.,1635.0,,videos,https://i.ytimg.com/vi/PKCCVxrsi6U/hqdefault.jpg?sqp=-oaymwEcCNACELwBSFXyq4qpAw4IARUAAIhCGAFwAcABBg==&rs=AOn4CLBmCzyjJRikX4ol8DPbIKe5m45iRQ,Sergio Oliveira,external-reference,embed_link_and_summarize_only
smbHn8YfHVM,https://www.youtube.com/watch?v=smbHn8YfHVM,Kia K3 2024. Adiós al Rio.,255.0,,videos,https://i.ytimg.com/vi/smbHn8YfHVM/hqdefault.jpg?sqp=-oaymwE2CNACELwBSFXyq4qpAygIARUAAIhCGAFwAcABBvABAfgB_gmAAtAFigIMCAAQARgVIEMofzAP&rs=AOn4CLC6fPCL0pR2Av68Rhyxz8Zu1amgFw,Sergio Oliveira,external-reference,embed_link_and_summarize_only
WpS1PfpjBqE,https://www.youtube.com/watch?v=WpS1PfpjBqE,La Cochera Radio 12 agosto.,1898.0,,videos,https://i.ytimg.com/vi/WpS1PfpjBqE/hqdefault.jpg?sqp=-oaymwEcCNACELwBSFXyq4qpAw4IARUAAIhCGAFwAcABBg==&rs=AOn4CLAk-tXT1nGdIhl9-_qQLP9kG3tn4A,Sergio Oliveira,external-reference,embed_link_and_summarize_only
RphwDZKDkTQ,https://www.youtube.com/watch?v=RphwDZKDkTQ,Honda BR-V 2024. Ahora sí es segura.,484.0,,videos,https://i.ytimg.com/vi/RphwDZKDkTQ/hqdefault.jpg?sqp=-oaymwEcCNACELwBSFXyq4qpAw4IARUAAIhCGAFwAcABBg==&rs=AOn4CLDQJkCbM2QkBrG_Jmd-LKMYLnY1ig,Sergio Oliveira,external-reference,embed_link_and_summarize_only
_uep7k7yneA,https://www.youtube.com/watch?v=_uep7k7yneA,Nissan Z. Mejor de lo que pensarías.,318.0,,videos,https://i.ytimg.com/vi/_uep7k7yneA/hqdefault.jpg?sqp=-oaymwE2CNACELwBSFXyq4qpAygIARUAAIhCGAFwAcABBvABAfgB_gmAAtAFigIMCAAQARhZIGUoRTAP&rs=AOn4CLCogLXj86XPDjnbwbNSnFE-r1F0PA,Sergio Oliveira,external-reference,embed_link_and_summarize_only
eYep1JUY74Y,https://www.youtube.com/watch?v=eYep1JUY74Y,La Cochera Radio 5 agosto.,2106.0,,videos,https://i.ytimg.com/vi/eYep1JUY74Y/hqdefault.jpg?sqp=-oaymwE2CNACELwBSFXyq4qpAygIARUAAIhCGAFwAcABBvABAfgB_gmAAtAFigIMCAAQARhyIEkoRTAP&rs=AOn4CLCJL140oQeZMexKkzhvbonrtQAL7A,Sergio Oliveira,external-reference,embed_link_and_summarize_only
_FOjElB5a4A,https://www.youtube.com/watch?v=_FOjElB5a4A,"Sin listas de espera, con pruebas de manejo.",642.0,,videos,https://i.ytimg.com/vi/_FOjElB5a4A/hqdefault.jpg?sqp=-oaymwE2CNACELwBSFXyq4qpAygIARUAAIhCGAFwAcABBvABAfgB_gmAAtAFigIMCAAQARhlIFkoUjAP&rs=AOn4CLAKpBrlX3LknlAnbofonh33XtTNyg,Sergio Oliveira,external-reference,embed_link_and_summarize_only
oXBjw86vLcI,https://www.youtube.com/watch?v=oXBjw86vLcI,Chevrolet Colorado ZR2 2024. Te sentirás experto en off-road con una de estas.,420.0,,videos,https://i.ytimg.com/vi/oXBjw86vLcI/hqdefault.jpg?sqp=-oaymwE2CNACELwBSFXyq4qpAygIARUAAIhCGAFwAcABBvABAfgB1AaAAuADigIMCAAQARhdIGUoTTAP&rs=AOn4CLCfdsDcZDCR6hRQJ3xYuP0ySTFq5A,Sergio Oliveira,external-reference,embed_link_and_summarize_only
uudAeguHGkE,https://www.youtube.com/watch?v=uudAeguHGkE,Les muestro la nueva Porsche Cayenne 2024,478.0,,videos,https://i.ytimg.com/vi/uudAeguHGkE/hqdefault.jpg?sqp=-oaymwE2CNACELwBSFXyq4qpAygIARUAAIhCGAFwAcABBvABAfgB_gmAAtAFigIMCAAQARhTIGUoZTAP&rs=AOn4CLAM162g2mb7ivaree6Sqe7TMXd6Hg,Sergio Oliveira,external-reference,embed_link_and_summarize_only
3_owAppKYyk,https://www.youtube.com/watch?v=3_owAppKYyk,"Corsair PHEV. Excelente,. pero no en cualquier versión.",744.0,,videos,https://i.ytimg.com/vi/3_owAppKYyk/hqdefault.jpg?sqp=-oaymwE2CNACELwBSFXyq4qpAygIARUAAIhCGAFwAcABBvABAfgB_gmAAtAFigIMCAAQARhnIGcoZzAP&rs=AOn4CLDpMPmG0ANlhAhE1tMDX_klH82wjQ,Sergio Oliveira,external-reference,embed_link_and_summarize_only
bg1NyPRurLk,https://www.youtube.com/watch?v=bg1NyPRurLk,Esto debes saber de la nueva Chevrolet Trax,42.0,,videos,https://i.ytimg.com/vi/bg1NyPRurLk/hqdefault.jpg?sqp=-oaymwE2CNACELwBSFXyq4qpAygIARUAAIhCGAFwAcABBvABAfgB_gmAAtAFigIMCAAQARhOIF0oZTAP&rs=AOn4CLBO95hbofSRJc4_UH7ETSKTPldGCQ,Sergio Oliveira,external-reference,embed_link_and_summarize_only
PxHU8-VV5gk,https://www.youtube.com/watch?v=PxHU8-VV5gk,Hoy les quiero hablar del momento de Nissan en México,1581.0,,videos,https://i.ytimg.com/vi/PxHU8-VV5gk/hqdefault.jpg?sqp=-oaymwE2CNACELwBSFXyq4qpAygIARUAAIhCGAFwAcABBvABAfgB_gmAAtAFigIMCAAQARhGIFQocjAP&rs=AOn4CLBjoR1iakCuo38x3duf5Tg-QDfMww,Sergio Oliveira,external-reference,embed_link_and_summarize_only
oz_oo2OUmLQ,https://www.youtube.com/watch?v=oz_oo2OUmLQ,La Cochera Radio 22 julio,1794.0,,videos,https://i.ytimg.com/vi/oz_oo2OUmLQ/hqdefault.jpg?sqp=-oaymwE2CNACELwBSFXyq4qpAygIARUAAIhCGAFwAcABBvABAfgB_gmAAtAFigIMCAAQARh_ICwoSDAP&rs=AOn4CLDSrm2Tiu01Wub6bOn9lcD0t32qtg,Sergio Oliveira,external-reference,embed_link_and_summarize_only
ujS3qvcqUd0,https://www.youtube.com/watch?v=ujS3qvcqUd0,Mustang 2024. V8 y manual. ¿Qué más le puedes pedir?,747.0,,videos,https://i.ytimg.com/vi/ujS3qvcqUd0/hqdefault.jpg?sqp=-oaymwE2CNACELwBSFXyq4qpAygIARUAAIhCGAFwAcABBvABAfgB_gmAAtAFigIMCAAQARhlIFIoUDAP&rs=AOn4CLBoq96ueR2FtetM2_UURXHDwTRRjg,Sergio Oliveira,external-reference,embed_link_and_summarize_only
fIYvny6pSZE,https://www.youtube.com/watch?v=fIYvny6pSZE,"Nueva Chevrolet Trax 2024. Moderna, dinámica y segura.",548.0,,videos,https://i.ytimg.com/vi/fIYvny6pSZE/hqdefault.jpg?sqp=-oaymwE2CNACELwBSFXyq4qpAygIARUAAIhCGAFwAcABBvABAfgB_gmAAtAFigIMCAAQARhSIF0oZTAP&rs=AOn4CLAQ6cEU7kfYUmmUMnCRkzhftsSDEQ,Sergio Oliveira,external-reference,embed_link_and_summarize_only
1M9XwJ_lw4g,https://www.youtube.com/watch?v=1M9XwJ_lw4g,La Cochera Radio 15 Julio,2004.0,,videos,https://i.ytimg.com/vi/1M9XwJ_lw4g/hqdefault.jpg?sqp=-oaymwE2CNACELwBSFXyq4qpAygIARUAAIhCGAFwAcABBvABAfgB_gmAAtAFigIMCAAQARhlIFsoUzAP&rs=AOn4CLCaGgI4IfayDeOSXC-M4kXBhkT3dQ,Sergio Oliveira,external-reference,embed_link_and_summarize_only
W4EDfRsXAQQ,https://www.youtube.com/watch?v=W4EDfRsXAQQ,"Lexus IS. No es para cualquiera, pero podría ser para mí.",774.0,,videos,https://i.ytimg.com/vi/W4EDfRsXAQQ/hqdefault.jpg?sqp=-oaymwE2CNACELwBSFXyq4qpAygIARUAAIhCGAFwAcABBvABAfgB_gmAAtAFigIMCAAQARh_IDUoRDAP&rs=AOn4CLACjCXBcWGBYDm4apmpefpPHCmM6g,Sergio Oliveira,external-reference,embed_link_and_summarize_only
GCfJeOfnjLE,https://www.youtube.com/watch?v=GCfJeOfnjLE,"Outlander PHEV. Un gran SUV, pero...",918.0,,videos,https://i.ytimg.com/vi/GCfJeOfnjLE/hqdefault.jpg?sqp=-oaymwE2CNACELwBSFXyq4qpAygIARUAAIhCGAFwAcABBvABAfgB_gmAAtAFigIMCAAQARhNIFwoZTAP&rs=AOn4CLAQFoH-6omQ5vQ_DIPjkZb7f_EWjw,Sergio Oliveira,external-reference,embed_link_and_summarize_only
VwXpaLNAm6o,https://www.youtube.com/watch?v=VwXpaLNAm6o,"Honda Accord Híbrido 2023. Muy bueno, pero aguas con los topes.",1050.0,,videos,https://i.ytimg.com/vi/VwXpaLNAm6o/hqdefault.jpg?sqp=-oaymwE2CNACELwBSFXyq4qpAygIARUAAIhCGAFwAcABBvABAfgB_gmAAtAFigIMCAAQARheIF4oXjAP&rs=AOn4CLA4azwP6YYQ2sbjAs3aTuJh0N4yIw,Sergio Oliveira,external-reference,embed_link_and_summarize_only
1k29GUec8XY,https://www.youtube.com/watch?v=1k29GUec8XY,Prius 2024. Un gran auto con un grave error. Y no hablo de rines.,1241.0,,videos,https://i.ytimg.com/vi/1k29GUec8XY/hqdefault.jpg?sqp=-oaymwEcCNACELwBSFXyq4qpAw4IARUAAIhCGAFwAcABBg==&rs=AOn4CLBe2ILhrkogq3qWcW-EVApXNv2s5w,Sergio Oliveira,external-reference,embed_link_and_summarize_only
RwUBm4rCSZ8,https://www.youtube.com/watch?v=RwUBm4rCSZ8,Bronco Raptor. Capaz y rápida.,405.0,,videos,https://i.ytimg.com/vi/RwUBm4rCSZ8/hqdefault.jpg?sqp=-oaymwE2CNACELwBSFXyq4qpAygIARUAAIhCGAFwAcABBvABAfgB_gmAAtAFigIMCAAQARhMIFwoZTAP&rs=AOn4CLBxAglNehgX2WW438ZVM3qc4NBM3w,Sergio Oliveira,external-reference,embed_link_and_summarize_only
2FfsGLCKStk,https://www.youtube.com/watch?v=2FfsGLCKStk,La Cochera Radio 24 de junio,2060.0,,videos,https://i.ytimg.com/vi/2FfsGLCKStk/hqdefault.jpg?sqp=-oaymwE2CNACELwBSFXyq4qpAygIARUAAIhCGAFwAcABBvABAfgB_gmAAtAFigIMCAAQARhhIGEoYTAP&rs=AOn4CLBPS-4G5B9HFIUH952VU20WWXxGOw,Sergio Oliveira,external-reference,embed_link_and_summarize_only
lZRNT-rnkGY,https://www.youtube.com/watch?v=lZRNT-rnkGY,Mazda CX-90. Un paso en dirección al lujo.,758.0,,videos,https://i.ytimg.com/vi/lZRNT-rnkGY/hqdefault.jpg?sqp=-oaymwE2CNACELwBSFXyq4qpAygIARUAAIhCGAFwAcABBvABAfgB_gmAAtAFigIMCAAQARhyIFMoRDAP&rs=AOn4CLAxnHuoRXkwkRYr1nOjw0EPwsXJbA,Sergio Oliveira,external-reference,embed_link_and_summarize_only
ZcLGMnXxUOk,https://www.youtube.com/watch?v=ZcLGMnXxUOk,"Lobo Raptor R. Más rápida y refinada que la TRX, pero no en todo.",497.0,,videos,https://i.ytimg.com/vi/ZcLGMnXxUOk/hqdefault.jpg?sqp=-oaymwE2CNACELwBSFXyq4qpAygIARUAAIhCGAFwAcABBvABAfgB_gmAAtAFigIMCAAQARhlIE8oSDAP&rs=AOn4CLByPGSnfJXy-q8laKGhMoKU9-EpAg,Sergio Oliveira,external-reference,embed_link_and_summarize_only
E01xxSbvuMs,https://www.youtube.com/watch?v=E01xxSbvuMs,La Cochera Radio 17 de junio,1980.0,,videos,https://i.ytimg.com/vi/E01xxSbvuMs/hqdefault.jpg?sqp=-oaymwE2CNACELwBSFXyq4qpAygIARUAAIhCGAFwAcABBvABAfgB_gmAAtAFigIMCAAQARhlIFkoTTAP&rs=AOn4CLDwyJuKfDaMHfyRwK5mv0vn6uFzYA,Sergio Oliveira,external-reference,embed_link_and_summarize_only
WB3xrNxNPQw,https://www.youtube.com/watch?v=WB3xrNxNPQw,Ranger Raptor 2023. ¿La mejor mediana?,508.0,,videos,https://i.ytimg.com/vi/WB3xrNxNPQw/hqdefault.jpg?sqp=-oaymwE2CNACELwBSFXyq4qpAygIARUAAIhCGAFwAcABBvABAfgB_gmAAtAFigIMCAAQARh_IBMoMjAP&rs=AOn4CLDncGZCn6etFe95UN0_UYK90XsiEg,Sergio Oliveira,external-reference,embed_link_and_summarize_only
HlvdXfJeyh4,https://www.youtube.com/watch?v=HlvdXfJeyh4,Continental TechShow 2023,111.0,,videos,https://i.ytimg.com/vi/HlvdXfJeyh4/hqdefault.jpg?sqp=-oaymwE2CNACELwBSFXyq4qpAygIARUAAIhCGAFwAcABBvABAfgB_gmAAtAFigIMCAAQARhAIFcocjAP&rs=AOn4CLDiTRVaLovyEdXZJ0fwUHWJAhqPjQ,Sergio Oliveira,external-reference,embed_link_and_summarize_only
LPtOaGGB2LY,https://www.youtube.com/watch?v=LPtOaGGB2LY,Buick Encore 2024. Nueva cara para la más chica de la familia.,684.0,,videos,https://i.ytimg.com/vi/LPtOaGGB2LY/hqdefault.jpg?sqp=-oaymwEcCNACELwBSFXyq4qpAw4IARUAAIhCGAFwAcABBg==&rs=AOn4CLAB_pZMLH3N4m1C7Dv3NiJy7ECumw,Sergio Oliveira,external-reference,embed_link_and_summarize_only
x1BlLi5cWbY,https://www.youtube.com/watch?v=x1BlLi5cWbY,La Cochera Radio,2186.0,,videos,https://i.ytimg.com/vi/x1BlLi5cWbY/hqdefault.jpg?sqp=-oaymwE2CNACELwBSFXyq4qpAygIARUAAIhCGAFwAcABBvABAfgB_gmAAtAFigIMCAAQARhlIFgoUzAP&rs=AOn4CLAaJ6HMf9uC3BDkFAokun2weJeGkA,Sergio Oliveira,external-reference,embed_link_and_summarize_only
q_G4pfL8pig,https://www.youtube.com/watch?v=q_G4pfL8pig,Ford Escape 2023. Cambia lo que necesita ser cambiado.,619.0,,videos,https://i.ytimg.com/vi/q_G4pfL8pig/hqdefault.jpg?sqp=-oaymwEcCNACELwBSFXyq4qpAw4IARUAAIhCGAFwAcABBg==&rs=AOn4CLCM_wasOWn7u_6d6MKbrjlrd7DwFQ,Sergio Oliveira,external-reference,embed_link_and_summarize_only
gLrD1tOKklg,https://www.youtube.com/watch?v=gLrD1tOKklg,Lincoln Corsair 2023. Confort y desempeño.,510.0,,videos,https://i.ytimg.com/vi/gLrD1tOKklg/hqdefault.jpg?sqp=-oaymwE2CNACELwBSFXyq4qpAygIARUAAIhCGAFwAcABBvABAfgB_gmAAtAFigIMCAAQARg7IFgocjAP&rs=AOn4CLBdujfph7i50KXvKCRmsKDfT3_dIw,Sergio Oliveira,external-reference,embed_link_and_summarize_only
qZt0ngteY1s,https://www.youtube.com/watch?v=qZt0ngteY1s,Jetour X70. Te va a impresionar.,1099.0,,videos,https://i.ytimg.com/vi/qZt0ngteY1s/hqdefault.jpg?sqp=-oaymwE2CNACELwBSFXyq4qpAygIARUAAIhCGAFwAcABBvABAfgB_gmAAtAFigIMCAAQARhCIFooZTAP&rs=AOn4CLAYKGWwzg4LIVuHxecu9O3-YCTa0A,Sergio Oliveira,external-reference,embed_link_and_summarize_only
Cr36EJzUbyw,https://www.youtube.com/watch?v=Cr36EJzUbyw,Nissan Altima con ProPILOT Assist,346.0,,videos,https://i.ytimg.com/vi/Cr36EJzUbyw/hqdefault.jpg?sqp=-oaymwEcCNACELwBSFXyq4qpAw4IARUAAIhCGAFwAcABBg==&rs=AOn4CLAKxTaHi9sThmWsL-pWvIgLpwsyKg,Sergio Oliveira,external-reference,embed_link_and_summarize_only
LHr1JsWfHvE,https://www.youtube.com/watch?v=LHr1JsWfHvE,"Grand Cherokee 4xe. Gran SUV, pero en otra versión.",730.0,,videos,https://i.ytimg.com/vi/LHr1JsWfHvE/hqdefault.jpg?sqp=-oaymwE2CNACELwBSFXyq4qpAygIARUAAIhCGAFwAcABBvABAfgB_gmAAtAFigIMCAAQARhlIFMoQTAP&rs=AOn4CLBYP3vSmOO6KRhK8-7Mk11f7BG9QQ,Sergio Oliveira,external-reference,embed_link_and_summarize_only
DJZxQVgH3s8,https://www.youtube.com/watch?v=DJZxQVgH3s8,La Cochera Radio,1972.0,,videos,https://i.ytimg.com/vi/DJZxQVgH3s8/hqdefault.jpg?sqp=-oaymwE2CNACELwBSFXyq4qpAygIARUAAIhCGAFwAcABBvABAfgB_gmAAtAFigIMCAAQARhlIGUoZTAP&rs=AOn4CLDu74j2baoE-InP-tJoU0HkHCI0ag,Sergio Oliveira,external-reference,embed_link_and_summarize_only
Y62ek-99Xjs,https://www.youtube.com/watch?v=Y62ek-99Xjs,OneCarNow. Una forma simple de hacerse de tu auto,1053.0,,videos,https://i.ytimg.com/vi/Y62ek-99Xjs/hqdefault.jpg?sqp=-oaymwEcCNACELwBSFXyq4qpAw4IARUAAIhCGAFwAcABBg==&rs=AOn4CLAqW_dqCThrvIuVF76vhuJhKwarKQ,Sergio Oliveira,external-reference,embed_link_and_summarize_only
FYf2w9lcqmA,https://www.youtube.com/watch?v=FYf2w9lcqmA,Hyundai HB20,645.0,,videos,https://i.ytimg.com/vi/FYf2w9lcqmA/hqdefault.jpg?sqp=-oaymwEcCNACELwBSFXyq4qpAw4IARUAAIhCGAFwAcABBg==&rs=AOn4CLB5zpIIinrntWaesPKcdMcWPeMH6g,Sergio Oliveira,external-reference,embed_link_and_summarize_only
lZ5IdWe6LkQ,https://www.youtube.com/watch?v=lZ5IdWe6LkQ,Nissan X-Trail. La diferencia de los detalles,26.0,,videos,https://i.ytimg.com/vi/lZ5IdWe6LkQ/hqdefault.jpg?sqp=-oaymwE2CNACELwBSFXyq4qpAygIARUAAIhCGAFwAcABBvABAfgB_gmAAtAFigIMCAAQARhMIFooZTAP&rs=AOn4CLAbGktR_6ymnEVsuvaEBql25Cnonw,Sergio Oliveira,external-reference,embed_link_and_summarize_only
4GTb0c3-HHY,https://www.youtube.com/watch?v=4GTb0c3-HHY,La Cochera Radio,1994.0,,videos,https://i.ytimg.com/vi/4GTb0c3-HHY/hqdefault.jpg?sqp=-oaymwE2CNACELwBSFXyq4qpAygIARUAAIhCGAFwAcABBvABAfgB_gmAAtAFigIMCAAQARhlIFooVTAP&rs=AOn4CLChWLI_BirrKWDSqyR7q026PSnb1g,Sergio Oliveira,external-reference,embed_link_and_summarize_only
1TVjx4naCMA,https://www.youtube.com/watch?v=1TVjx4naCMA,Honda CR V Hybrid,739.0,,videos,https://i.ytimg.com/vi/1TVjx4naCMA/hqdefault.jpg?sqp=-oaymwEcCNACELwBSFXyq4qpAw4IARUAAIhCGAFwAcABBg==&rs=AOn4CLDW9PD392rgYpgu1ope7eoff_r6ng,Sergio Oliveira,external-reference,embed_link_and_summarize_only
lueEw9oJj6Y,https://www.youtube.com/watch?v=lueEw9oJj6Y,MG HS 2024,874.0,,videos,https://i.ytimg.com/vi/lueEw9oJj6Y/hqdefault.jpg?sqp=-oaymwE2CNACELwBSFXyq4qpAygIARUAAIhCGAFwAcABBvABAfgB_gmAAtAFigIMCAAQARhFIF0oZTAP&rs=AOn4CLD5ZrM8ezHELuFK8jfsaxt6Qy9LsA,Sergio Oliveira,external-reference,embed_link_and_summarize_only
EoGIS-IB_5E,https://www.youtube.com/watch?v=EoGIS-IB_5E,Nissan Pathfinder 2023. Evolución completa.,631.0,,videos,https://i.ytimg.com/vi/EoGIS-IB_5E/hqdefault.jpg?sqp=-oaymwE2CNACELwBSFXyq4qpAygIARUAAIhCGAFwAcABBvABAfgB_gmAAtAFigIMCAAQARhlIF0oUDAP&rs=AOn4CLDzNBgdmFfuTsZzgfYhRsNYVZ-xHw,Sergio Oliveira,external-reference,embed_link_and_summarize_only
1kriEnl_bX0,https://www.youtube.com/watch?v=1kriEnl_bX0,Nissan Altima Exclusive 2023. Nada como un gran sedán.,505.0,,videos,https://i.ytimg.com/vi/1kriEnl_bX0/hqdefault.jpg?sqp=-oaymwEcCNACELwBSFXyq4qpAw4IARUAAIhCGAFwAcABBg==&rs=AOn4CLDKu5GZxmRaNVd7nosie88ujefLMQ,Sergio Oliveira,external-reference,embed_link_and_summarize_only
wfp21CI4SKk,https://www.youtube.com/watch?v=wfp21CI4SKk,Cupra León 300HP,587.0,,videos,https://i.ytimg.com/vi/wfp21CI4SKk/hqdefault.jpg?sqp=-oaymwEcCNACELwBSFXyq4qpAw4IARUAAIhCGAFwAcABBg==&rs=AOn4CLAMqwJrZlOUVXicNxkF6YU6XBnWaA,Sergio Oliveira,external-reference,embed_link_and_summarize_only
gdHQfgx6oMc,https://www.youtube.com/watch?v=gdHQfgx6oMc,Mazda CX-5 y Mazda CX-50. ¿Qué tan distintas son?,1184.0,,videos,https://i.ytimg.com/vi/gdHQfgx6oMc/hqdefault.jpg?sqp=-oaymwEcCNACELwBSFXyq4qpAw4IARUAAIhCGAFwAcABBg==&rs=AOn4CLBGbvLRaEu-KuE3sh8qAmobW9vC5w,Sergio Oliveira,external-reference,embed_link_and_summarize_only
1Td8aTehHmo,https://www.youtube.com/watch?v=1Td8aTehHmo,Mi experiencia con el DJI MIC,490.0,,videos,https://i.ytimg.com/vi/1Td8aTehHmo/hqdefault.jpg?sqp=-oaymwEcCNACELwBSFXyq4qpAw4IARUAAIhCGAFwAcABBg==&rs=AOn4CLDff7YUio5kFwaADVW0u3WIihM2HA,Sergio Oliveira,external-reference,embed_link_and_summarize_only
6Szr989QSZk,https://www.youtube.com/watch?v=6Szr989QSZk,Nuevo Yaris sedán.,72.0,,videos,https://i.ytimg.com/vi/6Szr989QSZk/hqdefault.jpg?sqp=-oaymwE2CNACELwBSFXyq4qpAygIARUAAIhCGAFwAcABBvABAfgBtgiAArgIigIMCAAQARhCIFkocjAP&rs=AOn4CLBbTThCubDFe_-Nl-LL9x9xzsTqwA,Sergio Oliveira,external-reference,embed_link_and_summarize_only
EmTjz-J_0RQ,https://www.youtube.com/watch?v=EmTjz-J_0RQ,Onix vs Virtus,837.0,,videos,https://i.ytimg.com/vi/EmTjz-J_0RQ/hqdefault.jpg?sqp=-oaymwEcCNACELwBSFXyq4qpAw4IARUAAIhCGAFwAcABBg==&rs=AOn4CLAEz4PqtN2gCoFIXHRZe0iAW4r3bA,Sergio Oliveira,external-reference,embed_link_and_summarize_only
NxG62yzLDao,https://www.youtube.com/watch?v=NxG62yzLDao,X-Trail 2023. Tecnología y seguridad,138.0,,videos,https://i.ytimg.com/vi/NxG62yzLDao/hqdefault.jpg?sqp=-oaymwE2CNACELwBSFXyq4qpAygIARUAAIhCGAFwAcABBvABAfgBtgiAAoAPigIMCAAQARhQIFkoZTAP&rs=AOn4CLAZhorQFL0e3Ie_DXizAa1J8KFPuw,Sergio Oliveira,external-reference,embed_link_and_summarize_only
ZMbvzSClSsA,https://www.youtube.com/watch?v=ZMbvzSClSsA,La Cochera 6 de mayo,1926.0,,videos,https://i.ytimg.com/vi/ZMbvzSClSsA/hqdefault.jpg?sqp=-oaymwE2CNACELwBSFXyq4qpAygIARUAAIhCGAFwAcABBvABAfgB_gSAAugCigIMCAAQARhlIFIoQjAP&rs=AOn4CLCI6xss-749MHuMzP4VJ0hpcpCSwQ,Sergio Oliveira,external-reference,embed_link_and_summarize_only
EhQbuQLwHB4,https://www.youtube.com/watch?v=EhQbuQLwHB4,Virtus Highline 2023. ¿El mejor en su categoría?,988.0,,videos,https://i.ytimg.com/vi/EhQbuQLwHB4/hqdefault.jpg?sqp=-oaymwEcCNACELwBSFXyq4qpAw4IARUAAIhCGAFwAcABBg==&rs=AOn4CLCGWOKwG9ryhAjk5onFRh3jFKafRw,Sergio Oliveira,external-reference,embed_link_and_summarize_only
eTDaS2QCL38,https://www.youtube.com/watch?v=eTDaS2QCL38,Kia Soul,686.0,,videos,https://i.ytimg.com/vi/eTDaS2QCL38/hqdefault.jpg?sqp=-oaymwEcCNACELwBSFXyq4qpAw4IARUAAIhCGAFwAcABBg==&rs=AOn4CLDW1sRGOtHPqfRbmdr-ZLQwpPrfNg,Sergio Oliveira,external-reference,embed_link_and_summarize_only
O_QKU3WVdtM,https://www.youtube.com/watch?v=O_QKU3WVdtM,XTrail e Power. Lo mejor de los dos mundos.,843.0,,videos,https://i.ytimg.com/vi/O_QKU3WVdtM/hqdefault.jpg?sqp=-oaymwE2CNACELwBSFXyq4qpAygIARUAAIhCGAFwAcABBvABAfgB_gmAAtAFigIMCAAQARhNIF4oZTAP&rs=AOn4CLAwwnfpEuHASl_HrVkAkEWpWfWvKg,Sergio Oliveira,external-reference,embed_link_and_summarize_only
-ZgZ2aO-GMo,https://www.youtube.com/watch?v=-ZgZ2aO-GMo,Fiat Fastback 2024,694.0,,videos,https://i.ytimg.com/vi/-ZgZ2aO-GMo/hqdefault.jpg?sqp=-oaymwE2CNACELwBSFXyq4qpAygIARUAAIhCGAFwAcABBvABAfgB_gmAAtAFigIMCAAQARhlIFsoWDAP&rs=AOn4CLAWeCSVa5hJjBebrIH90-A--eV7-A,Sergio Oliveira,external-reference,embed_link_and_summarize_only
eit60g2NJs0,https://www.youtube.com/watch?v=eit60g2NJs0,MG RX5. Gran valor por tu dinero.,809.0,,videos,https://i.ytimg.com/vi/eit60g2NJs0/hqdefault.jpg?sqp=-oaymwEcCNACELwBSFXyq4qpAw4IARUAAIhCGAFwAcABBg==&rs=AOn4CLAC-3qEgN0LR3CqCIVVzOWbs52XXA,Sergio Oliveira,external-reference,embed_link_and_summarize_only
Oog6UZGLRGU,https://www.youtube.com/watch?v=Oog6UZGLRGU,Nissan Z,50.0,,videos,https://i.ytimg.com/vi/Oog6UZGLRGU/hqdefault.jpg?sqp=-oaymwE2CNACELwBSFXyq4qpAygIARUAAIhCGAFwAcABBvABAfgB_gmAAtAFigIMCAAQARhyID8oOjAP&rs=AOn4CLDFA_lMCDtfT-9UciH44XpTkdnYgw,Sergio Oliveira,external-reference,embed_link_and_summarize_only
wFWB-23gYSI,https://www.youtube.com/watch?v=wFWB-23gYSI,La Cochera Radio,2252.0,,videos,https://i.ytimg.com/vi/wFWB-23gYSI/hqdefault.jpg?sqp=-oaymwE2CNACELwBSFXyq4qpAygIARUAAIhCGAFwAcABBvABAfgB_gmAAtAFigIMCAAQARhPIFsoZTAP&rs=AOn4CLDbyySqVBOgPOP6yEqG6EEUldbaJA,Sergio Oliveira,external-reference,embed_link_and_summarize_only
DGur_7HUZDE,https://www.youtube.com/watch?v=DGur_7HUZDE,Chevrolet Aveo 2024,712.0,,videos,https://i.ytimg.com/vi/DGur_7HUZDE/hqdefault.jpg?sqp=-oaymwEcCNACELwBSFXyq4qpAw4IARUAAIhCGAFwAcABBg==&rs=AOn4CLDjNUBsQ-WP-NEw591Usu8aORQlaw,Sergio Oliveira,external-reference,embed_link_and_summarize_only
Z6p-uIdHgnI,https://www.youtube.com/watch?v=Z6p-uIdHgnI,"Entrevista Kia. EV6 GT, EV9 y otras novedades de Kia para México",550.0,,videos,https://i.ytimg.com/vi/Z6p-uIdHgnI/hqdefault.jpg?sqp=-oaymwE2CNACELwBSFXyq4qpAygIARUAAIhCGAFwAcABBvABAfgB_gmAAtAFigIMCAAQARhlIF8oWTAP&rs=AOn4CLDcClIaFIccRHEfQV7tbf2bSBu6aw,Sergio Oliveira,external-reference,embed_link_and_summarize_only
y_8L9pu19O0,https://www.youtube.com/watch?v=y_8L9pu19O0,X-Trail. El lujo es mejor cuando todos los disfrutan,138.0,,videos,https://i.ytimg.com/vi/y_8L9pu19O0/hqdefault.jpg?sqp=-oaymwE2CNACELwBSFXyq4qpAygIARUAAIhCGAFwAcABBvABAfgBtgiAAoAPigIMCAAQARhQIFooZTAP&rs=AOn4CLAz1nRy9g8xBsnE3avIQNke7CSF5g,Sergio Oliveira,external-reference,embed_link_and_summarize_only
UUET9GMyjtc,https://www.youtube.com/watch?v=UUET9GMyjtc,Hyundai HB20 Sedán 2023,1192.0,,videos,https://i.ytimg.com/vi/UUET9GMyjtc/hqdefault.jpg?sqp=-oaymwEcCNACELwBSFXyq4qpAw4IARUAAIhCGAFwAcABBg==&rs=AOn4CLAdXMRAnllO1EFC_VPzfF70HCFYeg,Sergio Oliveira,external-reference,embed_link_and_summarize_only
5akqVlyuMow,https://www.youtube.com/watch?v=5akqVlyuMow,Chevrolet Aveo 2024,711.0,,videos,https://i.ytimg.com/vi/5akqVlyuMow/hqdefault.jpg?sqp=-oaymwEcCNACELwBSFXyq4qpAw4IARUAAIhCGAFwAcABBg==&rs=AOn4CLCvNHSxnRKj322WN58F1ZjTl2FJEQ,Sergio Oliveira,external-reference,embed_link_and_summarize_only
rTne32WoqZ0,https://www.youtube.com/watch?v=rTne32WoqZ0,Chevrolet Colorado 2024. Manejo sorprendente.,581.0,,videos,https://i.ytimg.com/vi/rTne32WoqZ0/hqdefault.jpg?sqp=-oaymwE2CNACELwBSFXyq4qpAygIARUAAIhCGAFwAcABBvABAfgB_gmAAtAFigIMCAAQARhbIGIoZTAP&rs=AOn4CLB3fCYRH6vdeQRUMvC6OFuJ20_w7A,Sergio Oliveira,external-reference,embed_link_and_summarize_only
RdU93h4EGiM,https://www.youtube.com/watch?v=RdU93h4EGiM,MG GT. ¿Y el consumo?,106.0,,videos,https://i.ytimg.com/vi/RdU93h4EGiM/hqdefault.jpg?sqp=-oaymwE2CNACELwBSFXyq4qpAygIARUAAIhCGAFwAcABBvABAfgBtgiAAoAPigIMCAAQARhyIEUoQDAP&rs=AOn4CLCwkX9y0lXedroSSWDPL5kB6hTyAw,Sergio Oliveira,external-reference,embed_link_and_summarize_only
0sGQwpjU8j8,https://www.youtube.com/watch?v=0sGQwpjU8j8,¿Hay refacciones en MG?,955.0,,videos,https://i.ytimg.com/vi/0sGQwpjU8j8/hqdefault.jpg?sqp=-oaymwE2CNACELwBSFXyq4qpAygIARUAAIhCGAFwAcABBvABAfgB_gmAAtAFigIMCAAQARhlIE8oUzAP&rs=AOn4CLAgEhM-tx1ictkWcjLN3HQtWZj7xA,Sergio Oliveira,external-reference,embed_link_and_summarize_only
HY34TBVgiDo,https://www.youtube.com/watch?v=HY34TBVgiDo,Hummer EV,686.0,,videos,https://i.ytimg.com/vi/HY34TBVgiDo/hqdefault.jpg?sqp=-oaymwEcCNACELwBSFXyq4qpAw4IARUAAIhCGAFwAcABBg==&rs=AOn4CLA4jt487pwhZAp129foaxkvGd_pnA,Sergio Oliveira,external-reference,embed_link_and_summarize_only
UHi47GUn_9A,https://www.youtube.com/watch?v=UHi47GUn_9A,Toyota Avanza 2023,1443.0,,videos,https://i.ytimg.com/vi/UHi47GUn_9A/hqdefault.jpg?sqp=-oaymwEcCNACELwBSFXyq4qpAw4IARUAAIhCGAFwAcABBg==&rs=AOn4CLCIHjRPg9CTJocScs8lM9V_yKAAjQ,Sergio Oliveira,external-reference,embed_link_and_summarize_only
qnk5s0swdxM,https://www.youtube.com/watch?v=qnk5s0swdxM,Kia Sportage 2023,781.0,,videos,https://i.ytimg.com/vi/qnk5s0swdxM/hqdefault.jpg?sqp=-oaymwEcCNACELwBSFXyq4qpAw4IARUAAIhCGAFwAcABBg==&rs=AOn4CLC5iSGjxOF_LLPvwAZ8sH-j8_bXsQ,Sergio Oliveira,external-reference,embed_link_and_summarize_only
fKMDpt_yWEo,https://www.youtube.com/watch?v=fKMDpt_yWEo,El éxito del MG GT tiene mucho que ver con su diseño,139.0,,videos,https://i.ytimg.com/vi/fKMDpt_yWEo/hqdefault.jpg?sqp=-oaymwE2CNACELwBSFXyq4qpAygIARUAAIhCGAFwAcABBvABAfgBtgiAAoAPigIMCAAQARhlIGUoSzAP&rs=AOn4CLArszaksY0NoXm_zWXS_jGwF686JQ,Sergio Oliveira,external-reference,embed_link_and_summarize_only
LZITkx0CvEk,https://www.youtube.com/watch?v=LZITkx0CvEk,Nissan Sentra 2024,40.0,,videos,https://i.ytimg.com/vi/LZITkx0CvEk/hqdefault.jpg?sqp=-oaymwE2CNACELwBSFXyq4qpAygIARUAAIhCGAFwAcABBvABAfgB_gmAAtAFigIMCAAQARhUIFwoZTAP&rs=AOn4CLAzNljJ9a9mqem2SkOeyYFxc1FWCQ,Sergio Oliveira,external-reference,embed_link_and_summarize_only
omr7GDMvIW0,https://www.youtube.com/watch?v=omr7GDMvIW0,Nissan X Trail,352.0,,videos,https://i.ytimg.com/vi/omr7GDMvIW0/hqdefault.jpg?sqp=-oaymwE2CNACELwBSFXyq4qpAygIARUAAIhCGAFwAcABBvABAfgB_gmAAtAFigIMCAAQARhyIEYoNzAP&rs=AOn4CLDYPj-S-2nrFeZvoKtIykQh9bYWnw,Sergio Oliveira,external-reference,embed_link_and_summarize_only
EZcsqWbTxW8,https://www.youtube.com/watch?v=EZcsqWbTxW8,Kia Niro 2023,1104.0,,videos,https://i.ytimg.com/vi/EZcsqWbTxW8/hqdefault.jpg?sqp=-oaymwEcCNACELwBSFXyq4qpAw4IARUAAIhCGAFwAcABBg==&rs=AOn4CLCio_JwLOFw_5gFRa003IVN_QC8gQ,Sergio Oliveira,external-reference,embed_link_and_summarize_only
akT88XQ5b58,https://www.youtube.com/watch?v=akT88XQ5b58,Jeep Compass 2023,877.0,,videos,https://i.ytimg.com/vi/akT88XQ5b58/hqdefault.jpg?sqp=-oaymwEcCNACELwBSFXyq4qpAw4IARUAAIhCGAFwAcABBg==&rs=AOn4CLDj-8PmUHsrLEcBxlLxYHNTk_eBnw,Sergio Oliveira,external-reference,embed_link_and_summarize_only
NuVyp1iu9-g,https://www.youtube.com/watch?v=NuVyp1iu9-g,Entrevista Miguel Barbeyto. ¿Cuándo habrá CX-30? ¿Por qué bajó de precio Mazda 3?,1490.0,,videos,https://i.ytimg.com/vi/NuVyp1iu9-g/hqdefault.jpg?sqp=-oaymwE2CNACELwBSFXyq4qpAygIARUAAIhCGAFwAcABBvABAfgB_gmAAtAFigIMCAAQARhIIF0oZTAP&rs=AOn4CLC35VZ9ANWdGLwEmkNon-9ay1oZZw,Sergio Oliveira,external-reference,embed_link_and_summarize_only
RPqlS1G4F2c,https://www.youtube.com/watch?v=RPqlS1G4F2c,Manejé la nueva Mazda CX 50. Y así se siente.,690.0,,videos,https://i.ytimg.com/vi/RPqlS1G4F2c/hqdefault.jpg?sqp=-oaymwEcCNACELwBSFXyq4qpAw4IARUAAIhCGAFwAcABBg==&rs=AOn4CLBvCc9ik21gANWtT4__Up9ktfPo9g,Sergio Oliveira,external-reference,embed_link_and_summarize_only
setDpja8MKY,https://www.youtube.com/watch?v=setDpja8MKY,Jetour llega a México,40.0,,videos,https://i.ytimg.com/vi/setDpja8MKY/hqdefault.jpg?sqp=-oaymwE2CNACELwBSFXyq4qpAygIARUAAIhCGAFwAcABBvABAfgB_gmAAtAFigIMCAAQARh_IDUoLDAP&rs=AOn4CLDlEAVASI37q_D08h8Busr0fgR4Dw,Sergio Oliveira,external-reference,embed_link_and_summarize_only
b_CVanNZG8Q,https://www.youtube.com/watch?v=b_CVanNZG8Q,Clase G pickup,45.0,,videos,https://i.ytimg.com/vi/b_CVanNZG8Q/hqdefault.jpg?sqp=-oaymwE2CNACELwBSFXyq4qpAygIARUAAIhCGAFwAcABBvABAfgB_gmAAtAFigIMCAAQARhyIF0oNTAP&rs=AOn4CLAJblDh5-Nn3gmjmHUvR5jgt7CYxQ,Sergio Oliveira,external-reference,embed_link_and_summarize_only
JWpUmSRl4qc,https://www.youtube.com/watch?v=JWpUmSRl4qc,La marca de la que todos hablaron en 2022,94.0,,videos,https://i.ytimg.com/vi/JWpUmSRl4qc/hqdefault.jpg?sqp=-oaymwE2CNACELwBSFXyq4qpAygIARUAAIhCGAFwAcABBvABAfgBtgiAAoAPigIMCAAQARhlIFsoPzAP&rs=AOn4CLDgF4L_dPBl4sQlEtxHyaq6Qnd8cQ,Sergio Oliveira,external-reference,embed_link_and_summarize_only
juIoY_TAOnM,https://www.youtube.com/watch?v=juIoY_TAOnM,RAM 700 Longhorn,45.0,,videos,https://i.ytimg.com/vi/juIoY_TAOnM/hqdefault.jpg?sqp=-oaymwE2CNACELwBSFXyq4qpAygIARUAAIhCGAFwAcABBvABAfgB_gmAAtAFigIMCAAQARheIF4oXjAP&rs=AOn4CLDZmdrW3XjS-WzQBp1zABzQRHa3bQ,Sergio Oliveira,external-reference,embed_link_and_summarize_only
YipkFTupl1A,https://www.youtube.com/watch?v=YipkFTupl1A,Toyota Highlander HEV,45.0,,videos,https://i.ytimg.com/vi/YipkFTupl1A/hqdefault.jpg?sqp=-oaymwE2CNACELwBSFXyq4qpAygIARUAAIhCGAFwAcABBvABAfgB_gmAAtAFigIMCAAQARhAIF8ocjAP&rs=AOn4CLA2ICI6QuMHKtSvW0SYlwNC1tPKOA,Sergio Oliveira,external-reference,embed_link_and_summarize_only
YdIG-e0UEI0,https://www.youtube.com/watch?v=YdIG-e0UEI0,Ram 1500 REV,41.0,,videos,https://i.ytimg.com/vi/YdIG-e0UEI0/hqdefault.jpg?sqp=-oaymwE2CNACELwBSFXyq4qpAygIARUAAIhCGAFwAcABBvABAfgB_gmAAtAFigIMCAAQARhyIFgoOjAP&rs=AOn4CLBSZe53nn6GWzs3zLBn9r1JeYeFkQ,Sergio Oliveira,external-reference,embed_link_and_summarize_only
140LEiPqO6k,https://www.youtube.com/watch?v=140LEiPqO6k,Volkswagen Teramont 2024,46.0,,videos,https://i.ytimg.com/vi/140LEiPqO6k/hqdefault.jpg?sqp=-oaymwE2CNACELwBSFXyq4qpAygIARUAAIhCGAFwAcABBvABAfgB_gmAAtAFigIMCAAQARhSIFooZTAP&rs=AOn4CLDzq-eji8mUfZywzbkA-133sLOK8g,Sergio Oliveira,external-reference,embed_link_and_summarize_only
LQ7PZUOOusU,https://www.youtube.com/watch?v=LQ7PZUOOusU,¿Cuántos HP necesitas para rebasar 400 km/h? El día que MG rompió el récord mundial de velocidad.,109.0,,videos,https://i.ytimg.com/vi/LQ7PZUOOusU/hqdefault.jpg?sqp=-oaymwE2CNACELwBSFXyq4qpAygIARUAAIhCGAFwAcABBvABAfgBtgiAAoAPigIMCAAQARhVIFcoZTAP&rs=AOn4CLDSBFr5NF82KQssOhiQFQ588A6qiw,Sergio Oliveira,external-reference,embed_link_and_summarize_only
7dc1evQOvLM,https://www.youtube.com/watch?v=7dc1evQOvLM,Mazda CX 5 Signature,1034.0,,videos,https://i.ytimg.com/vi/7dc1evQOvLM/hqdefault.jpg?sqp=-oaymwEcCNACELwBSFXyq4qpAw4IARUAAIhCGAFwAcABBg==&rs=AOn4CLALZViGBRgT7q8fW_bKTavOWOkzGQ,Sergio Oliveira,external-reference,embed_link_and_summarize_only
KTWMXGu2NwY,https://www.youtube.com/watch?v=KTWMXGu2NwY,Los coches más caros de la actualidad,41.0,,videos,https://i.ytimg.com/vi/KTWMXGu2NwY/hqdefault.jpg?sqp=-oaymwE2CNACELwBSFXyq4qpAygIARUAAIhCGAFwAcABBvABAfgB_gmAAtAFigIMCAAQARhlIF0oVDAP&rs=AOn4CLDND47lLippQn-rt5HslJFycg0xqA,Sergio Oliveira,external-reference,embed_link_and_summarize_only
9xYqair-s04,https://www.youtube.com/watch?v=9xYqair-s04,Lamborghini dice adiós a los V12,41.0,,videos,https://i.ytimg.com/vi/9xYqair-s04/hqdefault.jpg?sqp=-oaymwE2CNACELwBSFXyq4qpAygIARUAAIhCGAFwAcABBvABAfgB_gmAAtAFigIMCAAQARg9IFUoZTAP&rs=AOn4CLAqo5-p4YZKhevCcEN9LzpMS5mdeQ,Sergio Oliveira,external-reference,embed_link_and_summarize_only
G_7zITj05AU,https://www.youtube.com/watch?v=G_7zITj05AU,Ford Ranger Raptor,41.0,,videos,https://i.ytimg.com/vi/G_7zITj05AU/hqdefault.jpg?sqp=-oaymwE2CNACELwBSFXyq4qpAygIARUAAIhCGAFwAcABBvABAfgB_gmAAtAFigIMCAAQARhyIFUoQjAP&rs=AOn4CLDigTnQA16gwVfLLz10qd7AoAKeFg,Sergio Oliveira,external-reference,embed_link_and_summarize_only
T8TNIf3ZaVg,https://www.youtube.com/watch?v=T8TNIf3ZaVg,Mazda 2 by Auto Exe,41.0,,videos,https://i.ytimg.com/vi/T8TNIf3ZaVg/hqdefault.jpg?sqp=-oaymwE2CNACELwBSFXyq4qpAygIARUAAIhCGAFwAcABBvABAfgB_gmAAtAFigIMCAAQARheIF4oXjAP&rs=AOn4CLA5FEZ-ya4zoLuWnlQgpXb3ONWgUQ,Sergio Oliveira,external-reference,embed_link_and_summarize_only
LRFrNVXtyiY,https://www.youtube.com/watch?v=LRFrNVXtyiY,Ford Territory,1134.0,,videos,https://i.ytimg.com/vi/LRFrNVXtyiY/hqdefault.jpg?sqp=-oaymwEcCNACELwBSFXyq4qpAw4IARUAAIhCGAFwAcABBg==&rs=AOn4CLCFL4_3omY9IEDgTRKxFLPntCufCA,Sergio Oliveira,external-reference,embed_link_and_summarize_only
OO42t-Foo0s,https://www.youtube.com/watch?v=OO42t-Foo0s,Mercedes Benz SLR McLaren Stirling Moss,41.0,,videos,https://i.ytimg.com/vi/OO42t-Foo0s/hqdefault.jpg?sqp=-oaymwE2CNACELwBSFXyq4qpAygIARUAAIhCGAFwAcABBvABAfgB_gmAAtAFigIMCAAQARhyIEsoJzAP&rs=AOn4CLATZ_tYSBs85fY10--xr21I6JQhFQ,Sergio Oliveira,external-reference,embed_link_and_summarize_only
6UNGgCTpHqU,https://www.youtube.com/watch?v=6UNGgCTpHqU,"Mazda CX-90, finalmente se deja ver.",201.0,,videos,https://i.ytimg.com/vi/6UNGgCTpHqU/hqdefault.jpg?sqp=-oaymwEcCNACELwBSFXyq4qpAw4IARUAAIhCGAFwAcABBg==&rs=AOn4CLDhyj9h-SDiThnghngsi5J66gkluw,Sergio Oliveira,external-reference,embed_link_and_summarize_only
NUlZXGGHdqk,https://www.youtube.com/watch?v=NUlZXGGHdqk,Mazda 2 2024,41.0,,videos,https://i.ytimg.com/vi/NUlZXGGHdqk/hqdefault.jpg?sqp=-oaymwE2CNACELwBSFXyq4qpAygIARUAAIhCGAFwAcABBvABAfgB_gmAAtAFigIMCAAQARhlIGUoZTAP&rs=AOn4CLCyNnPOekguxbo9VYLppP3qv0b-Ig,Sergio Oliveira,external-reference,embed_link_and_summarize_only
Nk6_LUoWxsM,https://www.youtube.com/watch?v=Nk6_LUoWxsM,Así sería la nueva Tacoma,41.0,,videos,https://i.ytimg.com/vi/Nk6_LUoWxsM/hqdefault.jpg?sqp=-oaymwE2CNACELwBSFXyq4qpAygIARUAAIhCGAFwAcABBvABAfgB_gmAAtAFigIMCAAQARhkIGQoZDAP&rs=AOn4CLACrPAk9wzDmHfSmrj4Gl6kr9L_Rw,Sergio Oliveira,external-reference,embed_link_and_summarize_only
4WPkXycDRCU,https://www.youtube.com/watch?v=4WPkXycDRCU,Mazda 2 Carbon Edition,556.0,,videos,https://i.ytimg.com/vi/4WPkXycDRCU/hqdefault.jpg?sqp=-oaymwEcCNACELwBSFXyq4qpAw4IARUAAIhCGAFwAcABBg==&rs=AOn4CLByAL-IVfTfHjSegdAjOFEc8kQrWg,Sergio Oliveira,external-reference,embed_link_and_summarize_only
zG13LWoM99o,https://www.youtube.com/watch?v=zG13LWoM99o,Porsche Vision 357 Concept,41.0,,videos,https://i.ytimg.com/vi/zG13LWoM99o/hqdefault.jpg?sqp=-oaymwE2CNACELwBSFXyq4qpAygIARUAAIhCGAFwAcABBvABAfgB_gmAAtAFigIMCAAQARhlIGUoZTAP&rs=AOn4CLChmkI9iSNt_lacm9HNGSWrGtPXgg,Sergio Oliveira,external-reference,embed_link_and_summarize_only
majYh52q_fU,https://www.youtube.com/watch?v=majYh52q_fU,BMW M3 CS,41.0,,videos,https://i.ytimg.com/vi/majYh52q_fU/hqdefault.jpg?sqp=-oaymwE2CNACELwBSFXyq4qpAygIARUAAIhCGAFwAcABBvABAfgB_gmAAtAFigIMCAAQARhXIF8oZTAP&rs=AOn4CLBfUUca9L_AtJXYSJLhtdsUMsgrAw,Sergio Oliveira,external-reference,embed_link_and_summarize_only
bUiJMxVH7is,https://www.youtube.com/watch?v=bUiJMxVH7is,Lamborghini Countach,41.0,,videos,https://i.ytimg.com/vi/bUiJMxVH7is/hqdefault.jpg?sqp=-oaymwE2CNACELwBSFXyq4qpAygIARUAAIhCGAFwAcABBvABAfgB_gmAAtAFigIMCAAQARhhIGEoYTAP&rs=AOn4CLD_4cDwPQIpPrl1Jp9--Nx4QfsBOg,Sergio Oliveira,external-reference,embed_link_and_summarize_only
TA1sIqy_cos,https://www.youtube.com/watch?v=TA1sIqy_cos,Por esto a los mexicanos les gusta el MG 5.,119.0,,videos,https://i.ytimg.com/vi/TA1sIqy_cos/hqdefault.jpg?sqp=-oaymwE2CNACELwBSFXyq4qpAygIARUAAIhCGAFwAcABBvABAfgB_gSAAuADigIMCAAQARhHIFooZTAP&rs=AOn4CLD24N1sZFi0crtWW-m-wgAeEaSeTg,Sergio Oliveira,external-reference,embed_link_and_summarize_only
2UupIySJJio,https://www.youtube.com/watch?v=2UupIySJJio,MegaRexx MegaRaptor,41.0,,videos,https://i.ytimg.com/vi/2UupIySJJio/hqdefault.jpg?sqp=-oaymwE2CNACELwBSFXyq4qpAygIARUAAIhCGAFwAcABBvABAfgB_gmAAtAFigIMCAAQARhlIGMoTjAP&rs=AOn4CLA2pBkpDnfmWqKRISMgFWVEGVkhbg,Sergio Oliveira,external-reference,embed_link_and_summarize_only
-SbctTQkQm8,https://www.youtube.com/watch?v=-SbctTQkQm8,Nissan Kicks e Power,1161.0,,videos,https://i.ytimg.com/vi/-SbctTQkQm8/hqdefault.jpg?sqp=-oaymwEcCNACELwBSFXyq4qpAw4IARUAAIhCGAFwAcABBg==&rs=AOn4CLAnxsiylgipx51PTEPHD5m9rXtA-A,Sergio Oliveira,external-reference,embed_link_and_summarize_only
2l3PEO49muI,https://www.youtube.com/watch?v=2l3PEO49muI,Aston Martin DBS 770 Ultimate,41.0,,videos,https://i.ytimg.com/vi/2l3PEO49muI/hqdefault.jpg?sqp=-oaymwE2CNACELwBSFXyq4qpAygIARUAAIhCGAFwAcABBvABAfgB_gmAAtAFigIMCAAQARgyIGUoYzAP&rs=AOn4CLBMqUubY1WiACoQQNkel6rH2_NWXw,Sergio Oliveira,external-reference,embed_link_and_summarize_only
GJ1bSRchPts,https://www.youtube.com/watch?v=GJ1bSRchPts,Nissan Versa 2023,41.0,,videos,https://i.ytimg.com/vi/GJ1bSRchPts/hqdefault.jpg?sqp=-oaymwE2CNACELwBSFXyq4qpAygIARUAAIhCGAFwAcABBvABAfgB_gmAAtAFigIMCAAQARhiIGIoYjAP&rs=AOn4CLAQo71J_OFE_OiGfvEXzxNqCpp8kg,Sergio Oliveira,external-reference,embed_link_and_summarize_only
O7-uXtiAGbg,https://www.youtube.com/watch?v=O7-uXtiAGbg,Ford Lobo Raptor R,41.0,,videos,https://i.ytimg.com/vi/O7-uXtiAGbg/hqdefault.jpg?sqp=-oaymwE2CNACELwBSFXyq4qpAygIARUAAIhCGAFwAcABBvABAfgB_gmAAtAFigIMCAAQARhBIFcocjAP&rs=AOn4CLBvPDjKo_S1jTsJryFqrlsuKEUtOw,Sergio Oliveira,external-reference,embed_link_and_summarize_only
4f6F-hgexXs,https://www.youtube.com/watch?v=4f6F-hgexXs,MG ZS 2023,199.0,,videos,https://i.ytimg.com/vi/4f6F-hgexXs/hqdefault.jpg?sqp=-oaymwEcCNACELwBSFXyq4qpAw4IARUAAIhCGAFwAcABBg==&rs=AOn4CLDqfbc6bW_uwZvUueJfgrNp9QujCA,Sergio Oliveira,external-reference,embed_link_and_summarize_only
iPhIy9MkEEM,https://www.youtube.com/watch?v=iPhIy9MkEEM,Chevrolet Corvette E Ray,41.0,,videos,https://i.ytimg.com/vi/iPhIy9MkEEM/hqdefault.jpg?sqp=-oaymwE2CNACELwBSFXyq4qpAygIARUAAIhCGAFwAcABBvABAfgB_gmAAtAFigIMCAAQARhOIFEoZTAP&rs=AOn4CLCtB86L5mDkket-nLwQDll9ATgPOQ,Sergio Oliveira,external-reference,embed_link_and_summarize_only
gAf6mmSxyX4,https://www.youtube.com/watch?v=gAf6mmSxyX4,Ferrari cumple 30 años en China,41.0,,videos,https://i.ytimg.com/vi/gAf6mmSxyX4/hqdefault.jpg?sqp=-oaymwE2CNACELwBSFXyq4qpAygIARUAAIhCGAFwAcABBvABAfgB_gmAAtAFigIMCAAQARhlIGUoZTAP&rs=AOn4CLAaR-h8GeADi4s8lNUWtzxSHKDwaQ,Sergio Oliveira,external-reference,embed_link_and_summarize_only
t-4zHTNtv1c,https://www.youtube.com/watch?v=t-4zHTNtv1c,Nissan Kicks e-POWER. Por qué es mejor,68.0,,videos,https://i.ytimg.com/vi/t-4zHTNtv1c/hqdefault.jpg?sqp=-oaymwE2CNACELwBSFXyq4qpAygIARUAAIhCGAFwAcABBvABAfgB0gaAAuADigIMCAAQARhQIFooZTAP&rs=AOn4CLBzUxBDMJ0nDiQulZKQ4AXYWsWqsQ,Sergio Oliveira,external-reference,embed_link_and_summarize_only
VtkKq9-FB7c,https://www.youtube.com/watch?v=VtkKq9-FB7c,Renault Megane RS Ultime,41.0,,videos,https://i.ytimg.com/vi/VtkKq9-FB7c/hqdefault.jpg?sqp=-oaymwE2CNACELwBSFXyq4qpAygIARUAAIhCGAFwAcABBvABAfgB_gmAAtAFigIMCAAQARhlIGUoZTAP&rs=AOn4CLCGTfSd_msm0YvtSlXDvznJZvNIMA,Sergio Oliveira,external-reference,embed_link_and_summarize_only
5u4WCT04XUQ,https://www.youtube.com/watch?v=5u4WCT04XUQ,Carroll Shelby,41.0,,videos,https://i.ytimg.com/vi/5u4WCT04XUQ/hqdefault.jpg?sqp=-oaymwE2CNACELwBSFXyq4qpAygIARUAAIhCGAFwAcABBvABAfgB_gmAAtAFigIMCAAQARhlIFgoTDAP&rs=AOn4CLBahT_vVwPhbvC7sA6bUMT5XpwpOw,Sergio Oliveira,external-reference,embed_link_and_summarize_only
i4j1lHVu4jM,https://www.youtube.com/watch?v=i4j1lHVu4jM,Suzuki Fronx,41.0,,videos,https://i.ytimg.com/vi/i4j1lHVu4jM/hqdefault.jpg?sqp=-oaymwE2CNACELwBSFXyq4qpAygIARUAAIhCGAFwAcABBvABAfgB_gmAAtAFigIMCAAQARhLIF4oZTAP&rs=AOn4CLBubKt8zfgIe2wxc8YLxK7at9lYVA,Sergio Oliveira,external-reference,embed_link_and_summarize_only
rq7nYgRef0o,https://www.youtube.com/watch?v=rq7nYgRef0o,Nissan GT R 2024,41.0,,videos,https://i.ytimg.com/vi/rq7nYgRef0o/hqdefault.jpg?sqp=-oaymwE2CNACELwBSFXyq4qpAygIARUAAIhCGAFwAcABBvABAfgB_gmAAtAFigIMCAAQARhkIGQoZDAP&rs=AOn4CLB_8PLKOgiUkhuh8Rh4x1cTj4mC0w,Sergio Oliveira,external-reference,embed_link_and_summarize_only
bkRZzwmN4bc,https://www.youtube.com/watch?v=bkRZzwmN4bc,Tucson 2023. Necesito manejarla otra vez,1112.0,,videos,https://i.ytimg.com/vi/bkRZzwmN4bc/hqdefault.jpg?sqp=-oaymwE2CNACELwBSFXyq4qpAygIARUAAIhCGAFwAcABBvABAfgB_gmAAtAFigIMCAAQARhAIFcoZTAP&rs=AOn4CLAuQzOJTUD1zmgLZQIwpHSdQRMrSA,Sergio Oliveira,external-reference,embed_link_and_summarize_only
pQD-N-k1o1s,https://www.youtube.com/watch?v=pQD-N-k1o1s,Suzuki Jimny ahora con 5 puertas,41.0,,videos,https://i.ytimg.com/vi/pQD-N-k1o1s/hqdefault.jpg?sqp=-oaymwE2CNACELwBSFXyq4qpAygIARUAAIhCGAFwAcABBvABAfgB_gmAAtAFigIMCAAQARhlIF0oSjAP&rs=AOn4CLDMMyEsaIoR_8dUVe_ihJD_yKPtTQ,Sergio Oliveira,external-reference,embed_link_and_summarize_only
_O3qhgAvXLI,https://www.youtube.com/watch?v=_O3qhgAvXLI,Mansory Urus,41.0,,videos,https://i.ytimg.com/vi/_O3qhgAvXLI/hqdefault.jpg?sqp=-oaymwE2CNACELwBSFXyq4qpAygIARUAAIhCGAFwAcABBvABAfgB_gmAAtAFigIMCAAQARhVIGIoZTAP&rs=AOn4CLBvBY2hpXSwuXM3XBBdnK1DUD6W6A,Sergio Oliveira,external-reference,embed_link_and_summarize_only
G8dQbWW1_rM,https://www.youtube.com/watch?v=G8dQbWW1_rM,Hyundai Grand i10 2024,41.0,,videos,https://i.ytimg.com/vi/G8dQbWW1_rM/hqdefault.jpg?sqp=-oaymwE2CNACELwBSFXyq4qpAygIARUAAIhCGAFwAcABBvABAfgB_gmAAtAFigIMCAAQARhlIGUoZTAP&rs=AOn4CLBIOAxsPtI9lRGD_dYxJHbHkI-dMQ,Sergio Oliveira,external-reference,embed_link_and_summarize_only
V855o9EpP_4,https://www.youtube.com/watch?v=V855o9EpP_4,Lexus IS 2023,41.0,,videos,https://i.ytimg.com/vi/V855o9EpP_4/hqdefault.jpg?sqp=-oaymwE2CNACELwBSFXyq4qpAygIARUAAIhCGAFwAcABBvABAfgB_gmAAtAFigIMCAAQARgTIEsofzAP&rs=AOn4CLACPuwkE0zuw0LVXUicLJdDRFER7A,Sergio Oliveira,external-reference,embed_link_and_summarize_only
mnxZqkBNlmc,https://www.youtube.com/watch?v=mnxZqkBNlmc,Toyota Yaris Sedán,832.0,,videos,https://i.ytimg.com/vi/mnxZqkBNlmc/hqdefault.jpg?sqp=-oaymwEcCNACELwBSFXyq4qpAw4IARUAAIhCGAFwAcABBg==&rs=AOn4CLCDgmB9xXCdeAaLYP6i261CbM0Mzg,Sergio Oliveira,external-reference,embed_link_and_summarize_only
0bZAkOPpHOU,https://www.youtube.com/watch?v=0bZAkOPpHOU,Hennessey F5 Revolution,41.0,,videos,https://i.ytimg.com/vi/0bZAkOPpHOU/hqdefault.jpg?sqp=-oaymwE2CNACELwBSFXyq4qpAygIARUAAIhCGAFwAcABBvABAfgB_gmAAtAFigIMCAAQARhyIFkoHTAP&rs=AOn4CLC5rSBneHYtJ0xq_UUWAYwIGWdXtA,Sergio Oliveira,external-reference,embed_link_and_summarize_only
OG6gAn__leo,https://www.youtube.com/watch?v=OG6gAn__leo,Toyota Hilux GR Sport,41.0,,videos,https://i.ytimg.com/vi/OG6gAn__leo/hqdefault.jpg?sqp=-oaymwE2CNACELwBSFXyq4qpAygIARUAAIhCGAFwAcABBvABAfgB_gmAAtAFigIMCAAQARhlIFwoRTAP&rs=AOn4CLBAysvKtHo8bjxRTJcT5vbRM0dkwA,Sergio Oliveira,external-reference,embed_link_and_summarize_only
hw456r4FW44,https://www.youtube.com/watch?v=hw456r4FW44,BYD YangWang,41.0,,videos,https://i.ytimg.com/vi/hw456r4FW44/hqdefault.jpg?sqp=-oaymwE2CNACELwBSFXyq4qpAygIARUAAIhCGAFwAcABBvABAfgB_gmAAtAFigIMCAAQARhlIFYoRjAP&rs=AOn4CLDhMRK8Kepw4IU7OgDB65EljhENYg,Sergio Oliveira,external-reference,embed_link_and_summarize_only
j4KI__bTziA,https://www.youtube.com/watch?v=j4KI__bTziA,El Dodge Challenger le dice bye-bye al Ford Mustang,41.0,,videos,https://i.ytimg.com/vi/j4KI__bTziA/hqdefault.jpg?sqp=-oaymwE2CNACELwBSFXyq4qpAygIARUAAIhCGAFwAcABBvABAfgB_gmAAtAFigIMCAAQARh_IF0oIzAP&rs=AOn4CLCr_fX9ejuq_Fv3_262rSmafC9LVg,Sergio Oliveira,external-reference,embed_link_and_summarize_only
kFokinWyRy8,https://www.youtube.com/watch?v=kFokinWyRy8,Ram 1500 Revolution BEV Concept,41.0,,videos,https://i.ytimg.com/vi/kFokinWyRy8/hqdefault.jpg?sqp=-oaymwE2CNACELwBSFXyq4qpAygIARUAAIhCGAFwAcABBvABAfgB_gmAAtAFigIMCAAQARhSIGEoZTAP&rs=AOn4CLDJDYnMPgw4KanLx52hFFzc71zf4A,Sergio Oliveira,external-reference,embed_link_and_summarize_only
oQTW7Pmw34w,https://www.youtube.com/watch?v=oQTW7Pmw34w,Jee Wrangler Sunrider. ¿Realmente necesitas un Rubicon?,844.0,,videos,https://i.ytimg.com/vi/oQTW7Pmw34w/hqdefault.jpg?sqp=-oaymwEcCNACELwBSFXyq4qpAw4IARUAAIhCGAFwAcABBg==&rs=AOn4CLAPXhv5ixQRQmmsxal1QUd51XhzQg,Sergio Oliveira,external-reference,embed_link_and_summarize_only
l0xL9iwnDek,https://www.youtube.com/watch?v=l0xL9iwnDek,El coche volador será una realidad,36.0,,videos,https://i.ytimg.com/vi/l0xL9iwnDek/hqdefault.jpg?sqp=-oaymwE2CNACELwBSFXyq4qpAygIARUAAIhCGAFwAcABBvABAfgB_gmAAtAFigIMCAAQARhOIFYoZTAP&rs=AOn4CLCQ7i44SNGh13iOTD8fvkMbTJ42cA,Sergio Oliveira,external-reference,embed_link_and_summarize_only
48uxAqUs4X0,https://www.youtube.com/watch?v=48uxAqUs4X0,Nissan Kicks e-POWER. Aceleración inmediata,57.0,,videos,https://i.ytimg.com/vi/48uxAqUs4X0/hqdefault.jpg?sqp=-oaymwE2CNACELwBSFXyq4qpAygIARUAAIhCGAFwAcABBvABAfgBvgeAAtAFigIMCAAQARhNIGEoZTAP&rs=AOn4CLCS245pNUuIdDfhrM2HI1vZtv8XQg,Sergio Oliveira,external-reference,embed_link_and_summarize_only
gE-uQBZFjyk,https://www.youtube.com/watch?v=gE-uQBZFjyk,Nace Afeela,40.0,,videos,https://i.ytimg.com/vi/gE-uQBZFjyk/hqdefault.jpg?sqp=-oaymwE2CNACELwBSFXyq4qpAygIARUAAIhCGAFwAcABBvABAfgB_gmAAtAFigIMCAAQARhlIGUoZTAP&rs=AOn4CLASMoFJ6h5bVfw4NIbntTdUFffkHA,Sergio Oliveira,external-reference,embed_link_and_summarize_only
73RCU5s5M1w,https://www.youtube.com/watch?v=73RCU5s5M1w,Ford F-150,40.0,,videos,https://i.ytimg.com/vi/73RCU5s5M1w/hqdefault.jpg?sqp=-oaymwE2CNACELwBSFXyq4qpAygIARUAAIhCGAFwAcABBvABAfgB_gmAAtAFigIMCAAQARhZIF4oZTAP&rs=AOn4CLAc0QhasvHP2IadhF-ANUeoG7KFEQ,Sergio Oliveira,external-reference,embed_link_and_summarize_only
TlVlOSl2Nc0,https://www.youtube.com/watch?v=TlVlOSl2Nc0,Nuevo VW ID.7,40.0,,videos,https://i.ytimg.com/vi/TlVlOSl2Nc0/hqdefault.jpg?sqp=-oaymwE2CNACELwBSFXyq4qpAygIARUAAIhCGAFwAcABBvABAfgB_gmAAtAFigIMCAAQARhFIE0oZTAP&rs=AOn4CLCMehRHmBrUds9C2qwdjg8mJ7De6g,Sergio Oliveira,external-reference,embed_link_and_summarize_only
1dwwecRxTLI,https://www.youtube.com/watch?v=1dwwecRxTLI,Los coches menos satisfactorios según Consumer Reports,40.0,,videos,https://i.ytimg.com/vi/1dwwecRxTLI/hqdefault.jpg?sqp=-oaymwE2CNACELwBSFXyq4qpAygIARUAAIhCGAFwAcABBvABAfgB_gmAAtAFigIMCAAQARhXIGIoZTAP&rs=AOn4CLCbi3TkLgqyQaz3WtsC-0NzgyGWFw,Sergio Oliveira,external-reference,embed_link_and_summarize_only
WmG-sGpUhIg,https://www.youtube.com/watch?v=WmG-sGpUhIg,Nissan Kicks e-Power,64.0,,videos,https://i.ytimg.com/vi/WmG-sGpUhIg/hqdefault.jpg?sqp=-oaymwE2CNACELwBSFXyq4qpAygIARUAAIhCGAFwAcABBvABAfgBtgiAAoAPigIMCAAQARhDIFsoZTAP&rs=AOn4CLDSHvU3pYit2b1P3cBB1G6EeRD0vg,Sergio Oliveira,external-reference,embed_link_and_summarize_only
v-mHb2RR0ss,https://www.youtube.com/watch?v=v-mHb2RR0ss,Los coches más satisfactorios según Consumer Reports,39.0,,videos,https://i.ytimg.com/vi/v-mHb2RR0ss/hqdefault.jpg?sqp=-oaymwE2CNACELwBSFXyq4qpAygIARUAAIhCGAFwAcABBvABAfgB_gmAAtAFigIMCAAQARhLIFgoZTAP&rs=AOn4CLATRd0LBivuP1iIw0hZUnAlhrGFsg,Sergio Oliveira,external-reference,embed_link_and_summarize_only
G09vxeJnOFk,https://www.youtube.com/watch?v=G09vxeJnOFk,Porsche 911 GT3 y Cayenne Turbo GT,918.0,,videos,https://i.ytimg.com/vi/G09vxeJnOFk/hqdefault.jpg?sqp=-oaymwEcCNACELwBSFXyq4qpAw4IARUAAIhCGAFwAcABBg==&rs=AOn4CLAC4TKrQX4AE1IcGWUxPa6KFJmUgg,Sergio Oliveira,external-reference,embed_link_and_summarize_only
uPuF8lN06ds,https://www.youtube.com/watch?v=uPuF8lN06ds,Seat Arona,747.0,,videos,https://i.ytimg.com/vi/uPuF8lN06ds/hqdefault.jpg?sqp=-oaymwEcCNACELwBSFXyq4qpAw4IARUAAIhCGAFwAcABBg==&rs=AOn4CLC6E0q9cQOE0FXhWzaxexD2qi-utw,Sergio Oliveira,external-reference,embed_link_and_summarize_only
FiVPL2IZpVQ,https://www.youtube.com/watch?v=FiVPL2IZpVQ,Land Rover Defender 130,691.0,,videos,https://i.ytimg.com/vi/FiVPL2IZpVQ/hqdefault.jpg?sqp=-oaymwEcCNACELwBSFXyq4qpAw4IARUAAIhCGAFwAcABBg==&rs=AOn4CLCdNoRaXvX1YxSvjeNWR2WEU0oGPg,Sergio Oliveira,external-reference,embed_link_and_summarize_only
XzBPANY_6jM,https://www.youtube.com/watch?v=XzBPANY_6jM,¿Cómo funciona el Nissan e-Power?,75.0,,videos,https://i.ytimg.com/vi/XzBPANY_6jM/hqdefault.jpg?sqp=-oaymwE2CNACELwBSFXyq4qpAygIARUAAIhCGAFwAcABBvABAfgB_gmAAtAFigIMCAAQARhXIF0oZTAP&rs=AOn4CLCVFbRxcCRYWLIT78h5nFQNE_1lKA,Sergio Oliveira,external-reference,embed_link_and_summarize_only
SFihhATdVbA,https://www.youtube.com/watch?v=SFihhATdVbA,Volkswagen Caddy,888.0,,videos,https://i.ytimg.com/vi/SFihhATdVbA/hqdefault.jpg?sqp=-oaymwEcCNACELwBSFXyq4qpAw4IARUAAIhCGAFwAcABBg==&rs=AOn4CLBeiH5PsGMdY_SmVTUDo2oEMpjT5A,Sergio Oliveira,external-reference,embed_link_and_summarize_only
tFPimrbD2Tc,https://www.youtube.com/watch?v=tFPimrbD2Tc,¿Qué es el Nissan e-Power?,78.0,,videos,https://i.ytimg.com/vi/tFPimrbD2Tc/hqdefault.jpg?sqp=-oaymwE2CNACELwBSFXyq4qpAygIARUAAIhCGAFwAcABBvABAfgB_gmAAtAFigIMCAAQARhlIEIoQjAP&rs=AOn4CLDSkrnFs1Myht-PC9NTsWGmkJHz-g,Sergio Oliveira,external-reference,embed_link_and_summarize_only
qZGEAKb_N4A,https://www.youtube.com/watch?v=qZGEAKb_N4A,Honda HR V,870.0,,videos,https://i.ytimg.com/vi/qZGEAKb_N4A/hqdefault.jpg?sqp=-oaymwEcCNACELwBSFXyq4qpAw4IARUAAIhCGAFwAcABBg==&rs=AOn4CLD292Sqo35AH4X6SYBx9S2wJ5DmjA,Sergio Oliveira,external-reference,embed_link_and_summarize_only
HmQwCqa3slA,https://www.youtube.com/watch?v=HmQwCqa3slA,Honda CRV 2023. Video completo.,1388.0,,videos,https://i.ytimg.com/vi/HmQwCqa3slA/hqdefault.jpg?sqp=-oaymwE2CNACELwBSFXyq4qpAygIARUAAIhCGAFwAcABBvABAfgB_gmAAtAFigIMCAAQARhlIF0oTzAP&rs=AOn4CLCyMceldbA6speZ8_30h_l_mWcsTw,Sergio Oliveira,external-reference,embed_link_and_summarize_only
jZDULFCmIn0,https://www.youtube.com/watch?v=jZDULFCmIn0,Honda CR V,942.0,,videos,https://i.ytimg.com/vi/jZDULFCmIn0/hqdefault.jpg?sqp=-oaymwEcCNACELwBSFXyq4qpAw4IARUAAIhCGAFwAcABBg==&rs=AOn4CLBaapGs6ckuZbLOenFl-OaJgytD_w,Sergio Oliveira,external-reference,embed_link_and_summarize_only
nfa5UhShboE,https://www.youtube.com/watch?v=nfa5UhShboE,RAM TRX,636.0,,videos,https://i.ytimg.com/vi/nfa5UhShboE/hqdefault.jpg?sqp=-oaymwEcCNACELwBSFXyq4qpAw4IARUAAIhCGAFwAcABBg==&rs=AOn4CLCGS3gvbIUyNFlrRFroIpvs1xAWtQ,Sergio Oliveira,external-reference,embed_link_and_summarize_only
0I7pV4Jg3Kk,https://www.youtube.com/watch?v=0I7pV4Jg3Kk,Jeep Renegade Limited,817.0,,videos,https://i.ytimg.com/vi/0I7pV4Jg3Kk/hqdefault.jpg?sqp=-oaymwEcCNACELwBSFXyq4qpAw4IARUAAIhCGAFwAcABBg==&rs=AOn4CLBZMp9Y6nwspVB4qhkI394SGyLWsg,Sergio Oliveira,external-reference,embed_link_and_summarize_only
XyvV6tCTPHM,https://www.youtube.com/watch?v=XyvV6tCTPHM,Mercedes Benz C300,705.0,,videos,https://i.ytimg.com/vi/XyvV6tCTPHM/hqdefault.jpg?sqp=-oaymwEcCNACELwBSFXyq4qpAw4IARUAAIhCGAFwAcABBg==&rs=AOn4CLBaCWiEDckf-Ct0bo5foq9m6PGN1Q,Sergio Oliveira,external-reference,embed_link_and_summarize_only
CNHYU1ORyL0,https://www.youtube.com/watch?v=CNHYU1ORyL0,¿Cuál marca ofrece la mejor garantía de autos en México?,83.0,,videos,https://i.ytimg.com/vi/CNHYU1ORyL0/hqdefault.jpg?sqp=-oaymwE2CNACELwBSFXyq4qpAygIARUAAIhCGAFwAcABBvABAfgBtgiAAvQOigIMCAAQARgTIDMofzAP&rs=AOn4CLCUmR7WXvenWNMzZi3bXZi8oiSnOQ,Sergio Oliveira,external-reference,embed_link_and_summarize_only
p3Zbgm8G5vg,https://www.youtube.com/watch?v=p3Zbgm8G5vg,Nissan explica el e-Power,1585.0,,videos,https://i.ytimg.com/vi/p3Zbgm8G5vg/hqdefault.jpg?sqp=-oaymwE2CNACELwBSFXyq4qpAygIARUAAIhCGAFwAcABBvABAfgB_gmAAtAFigIMCAAQARhSIFsoZTAP&rs=AOn4CLAqrltSI33GSN2I7Dk0erIxaQH-bg,Sergio Oliveira,external-reference,embed_link_and_summarize_only
Iv8aJI6pSSE,https://www.youtube.com/watch?v=Iv8aJI6pSSE,Ford Territory,766.0,,videos,https://i.ytimg.com/vi/Iv8aJI6pSSE/hqdefault.jpg?sqp=-oaymwEcCNACELwBSFXyq4qpAw4IARUAAIhCGAFwAcABBg==&rs=AOn4CLBRuDBg2jL0t-UVUoy21Kh12vCkTQ,Sergio Oliveira,external-reference,embed_link_and_summarize_only
MyosAWDorwU,https://www.youtube.com/watch?v=MyosAWDorwU,Mercedes EQS SUV,561.0,,videos,https://i.ytimg.com/vi/MyosAWDorwU/hqdefault.jpg?sqp=-oaymwEcCNACELwBSFXyq4qpAw4IARUAAIhCGAFwAcABBg==&rs=AOn4CLCc7vY4uPIbpd8d91FEdP15nCwNlQ,Sergio Oliveira,external-reference,embed_link_and_summarize_only
iogoHytL-J4,https://www.youtube.com/watch?v=iogoHytL-J4,Land Rover Range Rover,497.0,,videos,https://i.ytimg.com/vi/iogoHytL-J4/hqdefault.jpg?sqp=-oaymwEcCNACELwBSFXyq4qpAw4IARUAAIhCGAFwAcABBg==&rs=AOn4CLDFitQX_pZL6BSpzVNKKN0rQEaYtg,Sergio Oliveira,external-reference,embed_link_and_summarize_only
jfLcHEM4oEo,https://www.youtube.com/watch?v=jfLcHEM4oEo,Acura MDX Type S,913.0,,videos,https://i.ytimg.com/vi/jfLcHEM4oEo/hqdefault.jpg?sqp=-oaymwEcCNACELwBSFXyq4qpAw4IARUAAIhCGAFwAcABBg==&rs=AOn4CLCZwsBXpYqleMCMTZQyBGTjYVC-jw,Sergio Oliveira,external-reference,embed_link_and_summarize_only
XKFcHEP8zug,https://www.youtube.com/watch?v=XKFcHEP8zug,Nissan Z 2023. ¿Mejor que el Supra?,536.0,,videos,https://i.ytimg.com/vi/XKFcHEP8zug/hqdefault.jpg?sqp=-oaymwE2CNACELwBSFXyq4qpAygIARUAAIhCGAFwAcABBvABAfgB_gmAAtAFigIMCAAQARhNIF4oZTAP&rs=AOn4CLAV7jGZPErH55lX0L9EERFeeD2aMA,Sergio Oliveira,external-reference,embed_link_and_summarize_only
1V3cZD0T66U,https://www.youtube.com/watch?v=1V3cZD0T66U,BMW Serie 7 2023. El mejor sedán en su categoría.,927.0,,videos,https://i.ytimg.com/vi/1V3cZD0T66U/hqdefault.jpg?sqp=-oaymwEcCNACELwBSFXyq4qpAw4IARUAAIhCGAFwAcABBg==&rs=AOn4CLAVH2AnD05ml3iRCIczO80gPR1mhA,Sergio Oliveira,external-reference,embed_link_and_summarize_only
1is7SUck08Y,https://www.youtube.com/watch?v=1is7SUck08Y,Chevrolet Traverse,1070.0,,videos,https://i.ytimg.com/vi/1is7SUck08Y/hqdefault.jpg?sqp=-oaymwEcCNACELwBSFXyq4qpAw4IARUAAIhCGAFwAcABBg==&rs=AOn4CLCfO8lGiwJM5Ui45A0xa0KX7u6iZw,Sergio Oliveira,external-reference,embed_link_and_summarize_only
WISqqNU7p7E,https://www.youtube.com/watch?v=WISqqNU7p7E,Chevrolet Cheyenne ZR2,911.0,,videos,https://i.ytimg.com/vi/WISqqNU7p7E/hqdefault.jpg?sqp=-oaymwEcCNACELwBSFXyq4qpAw4IARUAAIhCGAFwAcABBg==&rs=AOn4CLDlLHbhU-WrC0bS6aJs5qTCFzyq1g,Sergio Oliveira,external-reference,embed_link_and_summarize_only
ypcxua8VPpE,https://www.youtube.com/watch?v=ypcxua8VPpE,Chrysler Pacifica Pinnacle,987.0,,videos,https://i.ytimg.com/vi/ypcxua8VPpE/hqdefault.jpg?sqp=-oaymwEcCNACELwBSFXyq4qpAw4IARUAAIhCGAFwAcABBg==&rs=AOn4CLAp-_0OtF3d0YAYAIOB7ZHDXC25ow,Sergio Oliveira,external-reference,embed_link_and_summarize_only
rNCPCPAwm5A,https://www.youtube.com/watch?v=rNCPCPAwm5A,Chirey Tiggo 8 Pro Max,1089.0,,videos,https://i.ytimg.com/vi/rNCPCPAwm5A/hqdefault.jpg?sqp=-oaymwEcCNACELwBSFXyq4qpAw4IARUAAIhCGAFwAcABBg==&rs=AOn4CLBkTiGsBnt5wlnKQmjdIAxBqC79pA,Sergio Oliveira,external-reference,embed_link_and_summarize_only
NY2ykbBPawA,https://www.youtube.com/watch?v=NY2ykbBPawA,Chirey Omoda 5,1208.0,,videos,https://i.ytimg.com/vi/NY2ykbBPawA/hqdefault.jpg?sqp=-oaymwEcCNACELwBSFXyq4qpAw4IARUAAIhCGAFwAcABBg==&rs=AOn4CLDfyzozmhuhFdlBmzvzTuxtyZi40g,Sergio Oliveira,external-reference,embed_link_and_summarize_only
iKcEd7wvGJU,https://www.youtube.com/watch?v=iKcEd7wvGJU,Mazda CX5. El tamaño exacto.,733.0,,videos,https://i.ytimg.com/vi/iKcEd7wvGJU/hqdefault.jpg?sqp=-oaymwEcCNACELwBSFXyq4qpAw4IARUAAIhCGAFwAcABBg==&rs=AOn4CLBbYgL9RwhCAZWurMjS9oWlamjWBg,Sergio Oliveira,external-reference,embed_link_and_summarize_only
k539yHOIsmo,https://www.youtube.com/watch?v=k539yHOIsmo,VW Tiguan R-Line 2.0 2022.  No vas a necesitar otro vehículo.,856.0,,videos,https://i.ytimg.com/vi/k539yHOIsmo/hqdefault.jpg?sqp=-oaymwEcCNACELwBSFXyq4qpAw4IARUAAIhCGAFwAcABBg==&rs=AOn4CLCRReLHTA_PxOv_wsHlri9ONTT-fg,Sergio Oliveira,external-reference,embed_link_and_summarize_only
HaFZiZeLQ24,https://www.youtube.com/watch?v=HaFZiZeLQ24,Lexus UX,1029.0,,videos,https://i.ytimg.com/vi/HaFZiZeLQ24/hqdefault.jpg?sqp=-oaymwEcCNACELwBSFXyq4qpAw4IARUAAIhCGAFwAcABBg==&rs=AOn4CLBhl3zatMDQGAWOjsELQo-kZyzEDA,Sergio Oliveira,external-reference,embed_link_and_summarize_only
w1WAWZMznbk,https://www.youtube.com/watch?v=w1WAWZMznbk,Jeep Renegade 2023,723.0,,videos,https://i.ytimg.com/vi/w1WAWZMznbk/hqdefault.jpg?sqp=-oaymwEcCNACELwBSFXyq4qpAw4IARUAAIhCGAFwAcABBg==&rs=AOn4CLCmE5xNf9KscKAdEYRbla4uNHgSyw,Sergio Oliveira,external-reference,embed_link_and_summarize_only
HkUEyEPRJiQ,https://www.youtube.com/watch?v=HkUEyEPRJiQ,JAC Sei6 Pro 2023,665.0,,videos,https://i.ytimg.com/vi/HkUEyEPRJiQ/hqdefault.jpg?sqp=-oaymwEcCNACELwBSFXyq4qpAw4IARUAAIhCGAFwAcABBg==&rs=AOn4CLAqg5ZRHAHMimjE6t6u4h8btrtgzA,Sergio Oliveira,external-reference,embed_link_and_summarize_only
rsSAZRBSUsU,https://www.youtube.com/watch?v=rsSAZRBSUsU,Nissan Murano 2020,326.0,,videos,https://i.ytimg.com/vi/rsSAZRBSUsU/hqdefault.jpg?sqp=-oaymwEcCNACELwBSFXyq4qpAw4IARUAAIhCGAFwAcABBg==&rs=AOn4CLCNNcBp1rEkelBzq-4JmDEcNxbOSQ,Sergio Oliveira,external-reference,embed_link_and_summarize_only
GaVykPDmrsY,https://www.youtube.com/watch?v=GaVykPDmrsY,Jetta GLI 2022. Despierta nuestras ganas de manejar,1039.0,,videos,https://i.ytimg.com/vi/GaVykPDmrsY/hqdefault.jpg?sqp=-oaymwE2CNACELwBSFXyq4qpAygIARUAAIhCGAFwAcABBvABAfgB_gmAAtAFigIMCAAQARhLIFooZTAP&rs=AOn4CLDWTLyi9GzM07IgTVUedePLTHHRdw,Sergio Oliveira,external-reference,embed_link_and_summarize_only
awoEsqZpz_M,https://www.youtube.com/watch?v=awoEsqZpz_M,Volkswagen Virtus 2022,177.0,,videos,https://i.ytimg.com/vi/awoEsqZpz_M/hqdefault.jpg?sqp=-oaymwEcCNACELwBSFXyq4qpAw4IARUAAIhCGAFwAcABBg==&rs=AOn4CLDD5yIHmyV-5j5VzgLJKziF-5H13Q,Sergio Oliveira,external-reference,embed_link_and_summarize_only
wKukXc8PmCQ,https://www.youtube.com/watch?v=wKukXc8PmCQ,Chirey Tiggo 7 Pro.,1154.0,,videos,https://i.ytimg.com/vi/wKukXc8PmCQ/hqdefault.jpg?sqp=-oaymwEcCNACELwBSFXyq4qpAw4IARUAAIhCGAFwAcABBg==&rs=AOn4CLDvJORhDZbCLT3xDwDiBxx0bWe0FA,Sergio Oliveira,external-reference,embed_link_and_summarize_only
KI_zhAZ6VRo,https://www.youtube.com/watch?v=KI_zhAZ6VRo,Safe refacciones,1027.0,,videos,https://i.ytimg.com/vi/KI_zhAZ6VRo/hqdefault.jpg?sqp=-oaymwE2CNACELwBSFXyq4qpAygIARUAAIhCGAFwAcABBvABAfgB_gmAAtAFigIMCAAQARhlIFQoTjAP&rs=AOn4CLCq4wxN9h5LNq8qiDOlN0v5jhSz1w,Sergio Oliveira,external-reference,embed_link_and_summarize_only
ixJsR5MpH9g,https://www.youtube.com/watch?v=ixJsR5MpH9g,Acura Integra 2023,1049.0,,videos,https://i.ytimg.com/vi/ixJsR5MpH9g/hqdefault.jpg?sqp=-oaymwEcCNACELwBSFXyq4qpAw4IARUAAIhCGAFwAcABBg==&rs=AOn4CLDFUJGDAM-ksX5jPbib0DQaZi7_pg,Sergio Oliveira,external-reference,embed_link_and_summarize_only
lwA0Gcb6ILM,https://www.youtube.com/watch?v=lwA0Gcb6ILM,Renault Logan,682.0,,videos,https://i.ytimg.com/vi/lwA0Gcb6ILM/hqdefault.jpg?sqp=-oaymwEcCNACELwBSFXyq4qpAw4IARUAAIhCGAFwAcABBg==&rs=AOn4CLD0WGvDHV54ffIkx3TDSKVoxNGMOw,Sergio Oliveira,external-reference,embed_link_and_summarize_only
1fa4CAKB1wQ,https://www.youtube.com/watch?v=1fa4CAKB1wQ,Peugeot 2008,791.0,,videos,https://i.ytimg.com/vi/1fa4CAKB1wQ/hqdefault.jpg?sqp=-oaymwEcCNACELwBSFXyq4qpAw4IARUAAIhCGAFwAcABBg==&rs=AOn4CLD8EmjIBaGMhqcsqdrB42UXexx7hA,Sergio Oliveira,external-reference,embed_link_and_summarize_only
ICezfUi5vL8,https://www.youtube.com/watch?v=ICezfUi5vL8,Fiat Pulse,1230.0,,videos,https://i.ytimg.com/vi/ICezfUi5vL8/hqdefault.jpg?sqp=-oaymwEcCNACELwBSFXyq4qpAw4IARUAAIhCGAFwAcABBg==&rs=AOn4CLAq-imeIQOHh8MnKkV6Oa8puWQKog,Sergio Oliveira,external-reference,embed_link_and_summarize_only
5gJaxiSB4pY,https://www.youtube.com/watch?v=5gJaxiSB4pY,Chevrolet Silverado cabina sencilla,625.0,,videos,https://i.ytimg.com/vi/5gJaxiSB4pY/hqdefault.jpg?sqp=-oaymwEcCNACELwBSFXyq4qpAw4IARUAAIhCGAFwAcABBg==&rs=AOn4CLBN6xmRuMeXfLmQZiD8L83_Q_ZTRg,Sergio Oliveira,external-reference,embed_link_and_summarize_only
25poH9qe0gc,https://www.youtube.com/watch?v=25poH9qe0gc,Mercedes Benz GLC 300 Coupé,1192.0,,videos,https://i.ytimg.com/vi/25poH9qe0gc/hqdefault.jpg?sqp=-oaymwEcCNACELwBSFXyq4qpAw4IARUAAIhCGAFwAcABBg==&rs=AOn4CLCBIpCOOg5dxbb1jz8l7xxPzRp7mg,Sergio Oliveira,external-reference,embed_link_and_summarize_only
uM_R-F1T0-g,https://www.youtube.com/watch?v=uM_R-F1T0-g,3 años con mi JAC Sei 7,1335.0,,videos,https://i.ytimg.com/vi/uM_R-F1T0-g/hqdefault.jpg?sqp=-oaymwEcCNACELwBSFXyq4qpAw4IARUAAIhCGAFwAcABBg==&rs=AOn4CLDVzdDXe5GI_z2SdZKUD_M44fGQ1g,Sergio Oliveira,external-reference,embed_link_and_summarize_only
-HcQahrKkbE,https://www.youtube.com/watch?v=-HcQahrKkbE,Acura Integra llega a México. Y Rubén Hoyo ya lo manejó para nosotros.,292.0,,videos,https://i.ytimg.com/vi/-HcQahrKkbE/hqdefault.jpg?sqp=-oaymwE2CNACELwBSFXyq4qpAygIARUAAIhCGAFwAcABBvABAfgB_gmAAtAFigIMCAAQARhlIFkoVTAP&rs=AOn4CLCC_iRBb6unY6XF1UXxY7nqaQFUFg,Sergio Oliveira,external-reference,embed_link_and_summarize_only
LWfxcSs37p0,https://www.youtube.com/watch?v=LWfxcSs37p0,Safe Refacciones,966.0,,videos,https://i.ytimg.com/vi/LWfxcSs37p0/hqdefault.jpg?sqp=-oaymwEcCNACELwBSFXyq4qpAw4IARUAAIhCGAFwAcABBg==&rs=AOn4CLDaVaOgtWMDQ0giFDo8VxoehcHBwA,Sergio Oliveira,external-reference,embed_link_and_summarize_only
_cfqa3vG_po,https://www.youtube.com/watch?v=_cfqa3vG_po,Chevrolet Onix en carretera,625.0,,videos,https://i.ytimg.com/vi/_cfqa3vG_po/hqdefault.jpg?sqp=-oaymwEcCNACELwBSFXyq4qpAw4IARUAAIhCGAFwAcABBg==&rs=AOn4CLCCmwZAUNfWqzRBC4fB6IX93tCd1g,Sergio Oliveira,external-reference,embed_link_and_summarize_only
W2oF19NNfVQ,https://www.youtube.com/watch?v=W2oF19NNfVQ,Hyundai Palisade,1424.0,,videos,https://i.ytimg.com/vi/W2oF19NNfVQ/hqdefault.jpg?sqp=-oaymwEcCNACELwBSFXyq4qpAw4IARUAAIhCGAFwAcABBg==&rs=AOn4CLA4jtbIMuwEMBCTlX5t1wW2pKNNkg,Sergio Oliveira,external-reference,embed_link_and_summarize_only
YYM1ss14WnM,https://www.youtube.com/watch?v=YYM1ss14WnM,Ford Expedition Platinum Max,995.0,,videos,https://i.ytimg.com/vi/YYM1ss14WnM/hqdefault.jpg?sqp=-oaymwEcCNACELwBSFXyq4qpAw4IARUAAIhCGAFwAcABBg==&rs=AOn4CLA4DMO2mCDx8xV6B_27C7kEsacUFQ,Sergio Oliveira,external-reference,embed_link_and_summarize_only
Qdv5x_Ouz0A,https://www.youtube.com/watch?v=Qdv5x_Ouz0A,MG Flosol Tonalá,832.0,,videos,https://i.ytimg.com/vi/Qdv5x_Ouz0A/hqdefault.jpg?sqp=-oaymwEcCNACELwBSFXyq4qpAw4IARUAAIhCGAFwAcABBg==&rs=AOn4CLAazIzSEn75mGTbtDWVwTpKsSnZJg,Sergio Oliveira,external-reference,embed_link_and_summarize_only
dYUAfv2k6QY,https://www.youtube.com/watch?v=dYUAfv2k6QY,La Cochera,666.0,,videos,https://i.ytimg.com/vi/dYUAfv2k6QY/hqdefault.jpg?sqp=-oaymwEcCNACELwBSFXyq4qpAw4IARUAAIhCGAFwAcABBg==&rs=AOn4CLDrLT2_6n2CD26OHIdRR9FXfJ6yBw,Sergio Oliveira,external-reference,embed_link_and_summarize_only
Q0rcuSUU-mI,https://www.youtube.com/watch?v=Q0rcuSUU-mI,Porsche Taycan GTS,1251.0,,videos,https://i.ytimg.com/vi/Q0rcuSUU-mI/hqdefault.jpg?sqp=-oaymwEcCNACELwBSFXyq4qpAw4IARUAAIhCGAFwAcABBg==&rs=AOn4CLBYkIrqNSIxidxqzS9yU0Jmu0SxZA,Sergio Oliveira,external-reference,embed_link_and_summarize_only
yJCd5xtg7dI,https://www.youtube.com/watch?v=yJCd5xtg7dI,Porsche 911 Targa 4 GTS,1011.0,,videos,https://i.ytimg.com/vi/yJCd5xtg7dI/hqdefault.jpg?sqp=-oaymwEcCNACELwBSFXyq4qpAw4IARUAAIhCGAFwAcABBg==&rs=AOn4CLDGvQZQOlavO9Rtu6Y6O8KER9sStQ,Sergio Oliveira,external-reference,embed_link_and_summarize_only
r9J0dKOIOlw,https://www.youtube.com/watch?v=r9J0dKOIOlw,¿Por qué bajó el precio del Mazda 2? ¿Mazda es Premium?,1205.0,,videos,https://i.ytimg.com/vi/r9J0dKOIOlw/hqdefault.jpg?sqp=-oaymwEcCNACELwBSFXyq4qpAw4IARUAAIhCGAFwAcABBg==&rs=AOn4CLB7Ljd0jqvX3sH_m4-OgCWzDprh_g,Sergio Oliveira,external-reference,embed_link_and_summarize_only
N9pxh0rY3bc,https://www.youtube.com/watch?v=N9pxh0rY3bc,Chevrolet Bolt EUV,1231.0,,videos,https://i.ytimg.com/vi/N9pxh0rY3bc/hqdefault.jpg?sqp=-oaymwEcCNACELwBSFXyq4qpAw4IARUAAIhCGAFwAcABBg==&rs=AOn4CLCeUIrKL4mQNl2pqCEsC3EmQq1WaA,Sergio Oliveira,external-reference,embed_link_and_summarize_only
oIwdrWXDRoo,https://www.youtube.com/watch?v=oIwdrWXDRoo,Ford Mustang Mach1 Fighter Jet,1057.0,,videos,https://i.ytimg.com/vi/oIwdrWXDRoo/hqdefault.jpg?sqp=-oaymwEcCNACELwBSFXyq4qpAw4IARUAAIhCGAFwAcABBg==&rs=AOn4CLDDO2HjcPdu5fBQvLKBekdpFGiGLA,Sergio Oliveira,external-reference,embed_link_and_summarize_only
taSmCGBysBs,https://www.youtube.com/watch?v=taSmCGBysBs,Entrevista Flosol,870.0,,videos,https://i.ytimg.com/vi/taSmCGBysBs/hqdefault.jpg?sqp=-oaymwEcCNACELwBSFXyq4qpAw4IARUAAIhCGAFwAcABBg==&rs=AOn4CLBuj5riJxnTIKfD5myKrdJoKw_62g,Sergio Oliveira,external-reference,embed_link_and_summarize_only
X2tkZU8hHtQ,https://www.youtube.com/watch?v=X2tkZU8hHtQ,RX8. El SUV (no crossover) de la marca británica.,1070.0,,videos,https://i.ytimg.com/vi/X2tkZU8hHtQ/hqdefault.jpg?sqp=-oaymwEcCNACELwBSFXyq4qpAw4IARUAAIhCGAFwAcABBg==&rs=AOn4CLDEFdC77niaPz5uhFai8UlsW9PkjQ,Sergio Oliveira,external-reference,embed_link_and_summarize_only
_EyiQWiHOys,https://www.youtube.com/watch?v=_EyiQWiHOys,Peugeot Landtrek,922.0,,videos,https://i.ytimg.com/vi/_EyiQWiHOys/hqdefault.jpg?sqp=-oaymwEcCNACELwBSFXyq4qpAw4IARUAAIhCGAFwAcABBg==&rs=AOn4CLB8bjSvcAoPEICuOiastvuLsn5Gxw,Sergio Oliveira,external-reference,embed_link_and_summarize_only
Vx0O2MZPF7c,https://www.youtube.com/watch?v=Vx0O2MZPF7c,Entrevista Chevrolet Riviera,522.0,,videos,https://i.ytimg.com/vi/Vx0O2MZPF7c/hqdefault.jpg?sqp=-oaymwEcCNACELwBSFXyq4qpAw4IARUAAIhCGAFwAcABBg==&rs=AOn4CLDtkDR-RIO2de3b49TObwnzEsZ_YQ,Sergio Oliveira,external-reference,embed_link_and_summarize_only
Klge7QDPTiE,https://www.youtube.com/watch?v=Klge7QDPTiE,MG GT Style,691.0,,videos,https://i.ytimg.com/vi/Klge7QDPTiE/hqdefault.jpg?sqp=-oaymwEcCNACELwBSFXyq4qpAw4IARUAAIhCGAFwAcABBg==&rs=AOn4CLBc7nfWbNt7HGFgSxvEC6UYH4XLEQ,Sergio Oliveira,external-reference,embed_link_and_summarize_only
Eo2TR1IPT6M,https://www.youtube.com/watch?v=Eo2TR1IPT6M,Ford Mustang Mach e,1598.0,,videos,https://i.ytimg.com/vi/Eo2TR1IPT6M/hqdefault.jpg?sqp=-oaymwEcCNACELwBSFXyq4qpAw4IARUAAIhCGAFwAcABBg==&rs=AOn4CLCoi7rcctqXrKstiTq6SX-xu0qTLA,Sergio Oliveira,external-reference,embed_link_and_summarize_only
GvTyUngGZT4,https://www.youtube.com/watch?v=GvTyUngGZT4,Lexus NX 250,998.0,,videos,https://i.ytimg.com/vi/GvTyUngGZT4/hqdefault.jpg?sqp=-oaymwEcCNACELwBSFXyq4qpAw4IARUAAIhCGAFwAcABBg==&rs=AOn4CLBq3Dz2jU1nAThzOWsnbpF6FQPbfg,Sergio Oliveira,external-reference,embed_link_and_summarize_only
3SwFwGmYeD0,https://www.youtube.com/watch?v=3SwFwGmYeD0,Peugeot Rifter,1174.0,,videos,https://i.ytimg.com/vi/3SwFwGmYeD0/hqdefault.jpg?sqp=-oaymwEcCNACELwBSFXyq4qpAw4IARUAAIhCGAFwAcABBg==&rs=AOn4CLAITpfDMgXieBwSqcaIBOCj_Q7NTQ,Sergio Oliveira,external-reference,embed_link_and_summarize_only
q0mok7wp_EM,https://www.youtube.com/watch?v=q0mok7wp_EM,Cadillac Lyriq,1312.0,,videos,https://i.ytimg.com/vi/q0mok7wp_EM/hqdefault.jpg?sqp=-oaymwEcCNACELwBSFXyq4qpAw4IARUAAIhCGAFwAcABBg==&rs=AOn4CLCWnh2vkw-jkKYUQKzZ1f80Be9jsw,Sergio Oliveira,external-reference,embed_link_and_summarize_only
Brsx5zrELoQ,https://www.youtube.com/watch?v=Brsx5zrELoQ,Renault Kwid 2023,770.0,,videos,https://i.ytimg.com/vi/Brsx5zrELoQ/hqdefault.jpg?sqp=-oaymwEcCNACELwBSFXyq4qpAw4IARUAAIhCGAFwAcABBg==&rs=AOn4CLAWzXl_IYtijUgJ0jBh4gQRikP60w,Sergio Oliveira,external-reference,embed_link_and_summarize_only
mtSaUrTaY08,https://www.youtube.com/watch?v=mtSaUrTaY08,Chevrolet Onix,861.0,,videos,https://i.ytimg.com/vi/mtSaUrTaY08/hqdefault.jpg?sqp=-oaymwEcCNACELwBSFXyq4qpAw4IARUAAIhCGAFwAcABBg==&rs=AOn4CLDC7hm04vOKQ83xDJEIKLqNVTdzpw,Sergio Oliveira,external-reference,embed_link_and_summarize_only
at30HS5A2to,https://www.youtube.com/watch?v=at30HS5A2to,Renault Stepway,707.0,,videos,https://i.ytimg.com/vi/at30HS5A2to/hqdefault.jpg?sqp=-oaymwEcCNACELwBSFXyq4qpAw4IARUAAIhCGAFwAcABBg==&rs=AOn4CLCoIhj_LBvZpbPNeJ7X3hbfv7fYAw,Sergio Oliveira,external-reference,embed_link_and_summarize_only
-38SOF059LA,https://www.youtube.com/watch?v=-38SOF059LA,Mazda 3 Sedán Signature,975.0,,videos,https://i.ytimg.com/vi/-38SOF059LA/hqdefault.jpg?sqp=-oaymwEcCNACELwBSFXyq4qpAw4IARUAAIhCGAFwAcABBg==&rs=AOn4CLCLl9WfI3hXvBuN4jccctzBtNo3Bw,Sergio Oliveira,external-reference,embed_link_and_summarize_only
qrsUn27FUEc,https://www.youtube.com/watch?v=qrsUn27FUEc,Volvo T8,189.0,,videos,https://i.ytimg.com/vi/qrsUn27FUEc/hqdefault.jpg?sqp=-oaymwEcCNACELwBSFXyq4qpAw4IARUAAIhCGAFwAcABBg==&rs=AOn4CLBw2xe9mzmx8bK0fxT7jmCdVsFDgA,Sergio Oliveira,external-reference,embed_link_and_summarize_only
H5kJ2f-skrM,https://www.youtube.com/watch?v=H5kJ2f-skrM,BMW i4,1267.0,,videos,https://i.ytimg.com/vi/H5kJ2f-skrM/hqdefault.jpg?sqp=-oaymwEcCNACELwBSFXyq4qpAw4IARUAAIhCGAFwAcABBg==&rs=AOn4CLCHKMPNoTfs9iH6XMkJIbj-MhXZDg,Sergio Oliveira,external-reference,embed_link_and_summarize_only
kIiuIUdwfSo,https://www.youtube.com/watch?v=kIiuIUdwfSo,Fiat Pulse 2023,113.0,,videos,https://i.ytimg.com/vi/kIiuIUdwfSo/hqdefault.jpg?sqp=-oaymwEcCNACELwBSFXyq4qpAw4IARUAAIhCGAFwAcABBg==&rs=AOn4CLDnLZspZgzuuxYZGr6quNiNwC3QAw,Sergio Oliveira,external-reference,embed_link_and_summarize_only
y2ih3271-KQ,https://www.youtube.com/watch?v=y2ih3271-KQ,Chevrolet S10 MAX 2 4,690.0,,videos,https://i.ytimg.com/vi/y2ih3271-KQ/hqdefault.jpg?sqp=-oaymwEcCNACELwBSFXyq4qpAw4IARUAAIhCGAFwAcABBg==&rs=AOn4CLDV0dyRTg5iAnstJjtq5UkYwaBpRw,Sergio Oliveira,external-reference,embed_link_and_summarize_only
X-_SPR4gJAU,https://www.youtube.com/watch?v=X-_SPR4gJAU,CLA 200. La estrella de tres puntas le queda algo grande.,1094.0,,videos,https://i.ytimg.com/vi/X-_SPR4gJAU/hqdefault.jpg?sqp=-oaymwEcCNACELwBSFXyq4qpAw4IARUAAIhCGAFwAcABBg==&rs=AOn4CLARucV6C7N94Bw5PyEFU7m9gASSPA,Sergio Oliveira,external-reference,embed_link_and_summarize_only
PQ7kFCcUoi4,https://www.youtube.com/watch?v=PQ7kFCcUoi4,JAC e-Sei 7. La opción eléctrica entre los sedanes no premium.,1275.0,,videos,https://i.ytimg.com/vi/PQ7kFCcUoi4/hqdefault.jpg?sqp=-oaymwEcCNACELwBSFXyq4qpAw4IARUAAIhCGAFwAcABBg==&rs=AOn4CLCtkbAMg-jCUPy0P1e2SV23N_XRtw,Sergio Oliveira,external-reference,embed_link_and_summarize_only
TGyw-5w-gfQ,https://www.youtube.com/watch?v=TGyw-5w-gfQ,BMW iX3. La X3 que no gasta gasolina.,940.0,,videos,https://i.ytimg.com/vi/TGyw-5w-gfQ/hqdefault.jpg?sqp=-oaymwEcCNACELwBSFXyq4qpAw4IARUAAIhCGAFwAcABBg==&rs=AOn4CLAI0rE-f8smrtmnPtXJViZOOTWFFA,Sergio Oliveira,external-reference,embed_link_and_summarize_only
-8md36vF-WQ,https://www.youtube.com/watch?v=-8md36vF-WQ,Volvo C40. Evita la ansiedad por quedarse sin carga.,1285.0,,videos,https://i.ytimg.com/vi/-8md36vF-WQ/hqdefault.jpg?sqp=-oaymwEcCNACELwBSFXyq4qpAw4IARUAAIhCGAFwAcABBg==&rs=AOn4CLAwrGgH8Cxn8nOEC4g-Ca032fmlrw,Sergio Oliveira,external-reference,embed_link_and_summarize_only
xGxRob1NkY0,https://www.youtube.com/watch?v=xGxRob1NkY0,Lexus ES 250 2022,1879.0,,videos,https://i.ytimg.com/vi/xGxRob1NkY0/hqdefault.jpg?sqp=-oaymwEcCNACELwBSFXyq4qpAw4IARUAAIhCGAFwAcABBg==&rs=AOn4CLDWxIYvtOakUz7RBbLf7UDGbixyiw,Sergio Oliveira,external-reference,embed_link_and_summarize_only
eikujNkpYXM,https://www.youtube.com/watch?v=eikujNkpYXM,Grand Wagoneer 2022,1773.0,,videos,https://i.ytimg.com/vi/eikujNkpYXM/hqdefault.jpg?sqp=-oaymwEcCNACELwBSFXyq4qpAw4IARUAAIhCGAFwAcABBg==&rs=AOn4CLAnPy1Djz_TkXqNxKaDJoQuEeHU0Q,Sergio Oliveira,external-reference,embed_link_and_summarize_only
plfiPqoQjbA,https://www.youtube.com/watch?v=plfiPqoQjbA,Audi Q5 Sportback,1149.0,,videos,https://i.ytimg.com/vi/plfiPqoQjbA/hqdefault.jpg?sqp=-oaymwEcCNACELwBSFXyq4qpAw4IARUAAIhCGAFwAcABBg==&rs=AOn4CLDB3Kks-xQ7Gp8yIkMbP8wXDjfyzg,Sergio Oliveira,external-reference,embed_link_and_summarize_only
cSHQuXBvkOs,https://www.youtube.com/watch?v=cSHQuXBvkOs,Nissan Altima 2022,534.0,,videos,https://i.ytimg.com/vi/cSHQuXBvkOs/hqdefault.jpg?sqp=-oaymwEcCNACELwBSFXyq4qpAw4IARUAAIhCGAFwAcABBg==&rs=AOn4CLAi8xThZMGdJtAGWnioTKXf2W-0Hg,Sergio Oliveira,external-reference,embed_link_and_summarize_only
J06fb-H-nqM,https://www.youtube.com/watch?v=J06fb-H-nqM,Audi A3 y S3 2022,1190.0,,videos,https://i.ytimg.com/vi/J06fb-H-nqM/hqdefault.jpg?sqp=-oaymwEcCNACELwBSFXyq4qpAw4IARUAAIhCGAFwAcABBg==&rs=AOn4CLCTFA-ZYT1JUaZ5Mxm6MRlBKlGmag,Sergio Oliveira,external-reference,embed_link_and_summarize_only
c58zceDaHmI,https://www.youtube.com/watch?v=c58zceDaHmI,Seat Ibiza Xcellence 2022,1094.0,,videos,https://i.ytimg.com/vi/c58zceDaHmI/hqdefault.jpg?sqp=-oaymwEcCNACELwBSFXyq4qpAw4IARUAAIhCGAFwAcABBg==&rs=AOn4CLB5Z9808n-ZcrmakQuMyFSXxNPRcg,Sergio Oliveira,external-reference,embed_link_and_summarize_only
_hTWUW-6m3M,https://www.youtube.com/watch?v=_hTWUW-6m3M,Audi RS e tron GT,1559.0,,videos,https://i.ytimg.com/vi/_hTWUW-6m3M/hqdefault.jpg?sqp=-oaymwEcCNACELwBSFXyq4qpAw4IARUAAIhCGAFwAcABBg==&rs=AOn4CLBbf7oLut8ULubatpPxkr8hNYpeHw,Sergio Oliveira,external-reference,embed_link_and_summarize_only
qo6jrkh8GNw,https://www.youtube.com/watch?v=qo6jrkh8GNw,Lexus LS H 2022,1564.0,,videos,https://i.ytimg.com/vi/qo6jrkh8GNw/hqdefault.jpg?sqp=-oaymwEcCNACELwBSFXyq4qpAw4IARUAAIhCGAFwAcABBg==&rs=AOn4CLA-haINX7KteBtCQjGMJGIEJR-2mw,Sergio Oliveira,external-reference,embed_link_and_summarize_only
B5i-m6uHyKQ,https://www.youtube.com/watch?v=B5i-m6uHyKQ,Toyota Avanza 2022. ¿Finalmente es recomendable?,1648.0,,videos,https://i.ytimg.com/vi/B5i-m6uHyKQ/hqdefault.jpg?sqp=-oaymwEcCNACELwBSFXyq4qpAw4IARUAAIhCGAFwAcABBg==&rs=AOn4CLAdJ6IgdYmxkZA-Evd6omhbMU7k6A,Sergio Oliveira,external-reference,embed_link_and_summarize_only
IrJdDXd9qe4,https://www.youtube.com/watch?v=IrJdDXd9qe4,La Jeep Wagoneer no sabe si es premium,1494.0,,videos,https://i.ytimg.com/vi/IrJdDXd9qe4/hqdefault.jpg?sqp=-oaymwEcCNACELwBSFXyq4qpAw4IARUAAIhCGAFwAcABBg==&rs=AOn4CLB46c_ifHg1eisVqHzIWs3J3a9w7A,Sergio Oliveira,external-reference,embed_link_and_summarize_only
dLOizGncR-U,https://www.youtube.com/watch?v=dLOizGncR-U,Chevrolet Groove. Le faltan 2 bolsas y un par de ...,894.0,,videos,https://i.ytimg.com/vi/dLOizGncR-U/hqdefault.jpg?sqp=-oaymwEcCNACELwBSFXyq4qpAw4IARUAAIhCGAFwAcABBg==&rs=AOn4CLBVNLc-NK6dgEv-1iPak4KbWEVfXw,Sergio Oliveira,external-reference,embed_link_and_summarize_only
XfbfqIt6Z4k,https://www.youtube.com/watch?v=XfbfqIt6Z4k,Ford Bronco. Las demás tendrán que imitarla.,1547.0,,videos,https://i.ytimg.com/vi/XfbfqIt6Z4k/hqdefault.jpg?sqp=-oaymwEcCNACELwBSFXyq4qpAw4IARUAAIhCGAFwAcABBg==&rs=AOn4CLAO9EdJ1hbpns_5f08A1CbKH91A0A,Sergio Oliveira,external-reference,embed_link_and_summarize_only
nHIE48aSRck,https://www.youtube.com/watch?v=nHIE48aSRck,MG GT,1350.0,,videos,https://i.ytimg.com/vi/nHIE48aSRck/hqdefault.jpg?sqp=-oaymwEcCNACELwBSFXyq4qpAw4IARUAAIhCGAFwAcABBg==&rs=AOn4CLB8p4FtWmsZZs8vh-GVi3zrtPynVQ,Sergio Oliveira,external-reference,embed_link_and_summarize_only
QAZICq6ni_k,https://www.youtube.com/watch?v=QAZICq6ni_k,Auto x auto. Hoy toca Alfa Romeo,1993.0,,videos,https://i.ytimg.com/vi/QAZICq6ni_k/hqdefault.jpg?sqp=-oaymwEcCNACELwBSFXyq4qpAw4IARUAAIhCGAFwAcABBg==&rs=AOn4CLAbwg9sXprR_zNs0xh89Fr-RXfLKw,Sergio Oliveira,external-reference,embed_link_and_summarize_only
rT0VIWGe2r4,https://www.youtube.com/watch?v=rT0VIWGe2r4,Chevrolet S10 Max. Chevrolet quiere robarle mercado a Nissan.,837.0,,videos,https://i.ytimg.com/vi/rT0VIWGe2r4/hqdefault.jpg?sqp=-oaymwEcCNACELwBSFXyq4qpAw4IARUAAIhCGAFwAcABBg==&rs=AOn4CLBuiM0CHKrOI1TqzBGs78Rk1YnlCA,Sergio Oliveira,external-reference,embed_link_and_summarize_only
7QG0bg_nkoU,https://www.youtube.com/watch?v=7QG0bg_nkoU,Kia Forte GT,873.0,,videos,https://i.ytimg.com/vi/7QG0bg_nkoU/hqdefault.jpg?sqp=-oaymwEcCNACELwBSFXyq4qpAw4IARUAAIhCGAFwAcABBg==&rs=AOn4CLD_av6n9RKG2LYIUfcvYpWEpLL6Xw,Sergio Oliveira,external-reference,embed_link_and_summarize_only
DR6AcTfo9Hc,https://www.youtube.com/watch?v=DR6AcTfo9Hc,Gama Lexus,1005.0,,videos,https://i.ytimg.com/vi/DR6AcTfo9Hc/hqdefault.jpg?sqp=-oaymwEcCNACELwBSFXyq4qpAw4IARUAAIhCGAFwAcABBg==&rs=AOn4CLCu2AjVol919tmsn_dw_Jw6RuLWsw,Sergio Oliveira,external-reference,embed_link_and_summarize_only
1ObH7wjRzvE,https://www.youtube.com/watch?v=1ObH7wjRzvE,CUPRA Born,1100.0,,videos,https://i.ytimg.com/vi/1ObH7wjRzvE/hqdefault.jpg?sqp=-oaymwEcCNACELwBSFXyq4qpAw4IARUAAIhCGAFwAcABBg==&rs=AOn4CLDyQXUE3YKTM3eeKI01zxg8uNW5HA,Sergio Oliveira,external-reference,embed_link_and_summarize_only
Qf3gk4lHdKw,https://www.youtube.com/watch?v=Qf3gk4lHdKw,Mazda CX 30 MHEV,658.0,,videos,https://i.ytimg.com/vi/Qf3gk4lHdKw/hqdefault.jpg?sqp=-oaymwEcCNACELwBSFXyq4qpAw4IARUAAIhCGAFwAcABBg==&rs=AOn4CLC-_1w04Fx3huT9ehaSN0VT7-ThOg,Sergio Oliveira,external-reference,embed_link_and_summarize_only
WAja7D2d7YI,https://www.youtube.com/watch?v=WAja7D2d7YI,Volkswagen ID 4,1821.0,,videos,https://i.ytimg.com/vi/WAja7D2d7YI/hqdefault.jpg?sqp=-oaymwEcCNACELwBSFXyq4qpAw4IARUAAIhCGAFwAcABBg==&rs=AOn4CLBzHQS5nLjW18lOtVt6exjQG-yvAg,Sergio Oliveira,external-reference,embed_link_and_summarize_only
A27rf-_mZFI,https://www.youtube.com/watch?v=A27rf-_mZFI,Volvo C40 Recharge.,796.0,,videos,https://i.ytimg.com/vi/A27rf-_mZFI/hqdefault.jpg?sqp=-oaymwEcCNACELwBSFXyq4qpAw4IARUAAIhCGAFwAcABBg==&rs=AOn4CLCuwrXmuo2u0H7Yc21j42NYj5s1eA,Sergio Oliveira,external-reference,embed_link_and_summarize_only
NZYt0rt4PZE,https://www.youtube.com/watch?v=NZYt0rt4PZE,Toyota Raize,979.0,,videos,https://i.ytimg.com/vi/NZYt0rt4PZE/hqdefault.jpg?sqp=-oaymwEcCNACELwBSFXyq4qpAw4IARUAAIhCGAFwAcABBg==&rs=AOn4CLC5agT9hQktS-Cq6-1B20mnOerhqw,Sergio Oliveira,external-reference,embed_link_and_summarize_only
kCN8ZQPib_Y,https://www.youtube.com/watch?v=kCN8ZQPib_Y,Renault Captur,1061.0,,videos,https://i.ytimg.com/vi/kCN8ZQPib_Y/hqdefault.jpg?sqp=-oaymwEcCNACELwBSFXyq4qpAw4IARUAAIhCGAFwAcABBg==&rs=AOn4CLD45CuQArps9SrTWEPonJ7hLdxiMQ,Sergio Oliveira,external-reference,embed_link_and_summarize_only
U1PiHbUn5ik,https://www.youtube.com/watch?v=U1PiHbUn5ik,Dodge Journey 2022,1106.0,,videos,https://i.ytimg.com/vi/U1PiHbUn5ik/hqdefault.jpg?sqp=-oaymwEcCNACELwBSFXyq4qpAw4IARUAAIhCGAFwAcABBg==&rs=AOn4CLAzTuIlZ3tsdIHYXfs4qsuI5fRrlg,Sergio Oliveira,external-reference,embed_link_and_summarize_only
xidHudAovRA,https://www.youtube.com/watch?v=xidHudAovRA,GMC Terrain Denali 2022,850.0,,videos,https://i.ytimg.com/vi/xidHudAovRA/hqdefault.jpg?sqp=-oaymwEcCNACELwBSFXyq4qpAw4IARUAAIhCGAFwAcABBg==&rs=AOn4CLCawGIGlJTtU-js_EQpDsGWCJf_Eg,Sergio Oliveira,external-reference,embed_link_and_summarize_only
LxOxtpYstas,https://www.youtube.com/watch?v=LxOxtpYstas,RAM 1500 Mild Hybrid Limited Night Edition,985.0,,videos,https://i.ytimg.com/vi/LxOxtpYstas/hqdefault.jpg?sqp=-oaymwEcCNACELwBSFXyq4qpAw4IARUAAIhCGAFwAcABBg==&rs=AOn4CLC7zIiSRds4q-SJk0hCfSbHsZsWkA,Sergio Oliveira,external-reference,embed_link_and_summarize_only
vqSn9v7F9Ow,https://www.youtube.com/watch?v=vqSn9v7F9Ow,Ford Bronco,1959.0,,videos,https://i.ytimg.com/vi/vqSn9v7F9Ow/hqdefault.jpg?sqp=-oaymwEcCNACELwBSFXyq4qpAw4IARUAAIhCGAFwAcABBg==&rs=AOn4CLDGKpCrXGq6OJZNAaxJCsmdQQAzPg,Sergio Oliveira,external-reference,embed_link_and_summarize_only
YzutaNRmzrA,https://www.youtube.com/watch?v=YzutaNRmzrA,MG5 Excite AT,730.0,,videos,https://i.ytimg.com/vi/YzutaNRmzrA/hqdefault.jpg?sqp=-oaymwEcCNACELwBSFXyq4qpAw4IARUAAIhCGAFwAcABBg==&rs=AOn4CLCxMC2Fmxg0W4a_SByb7vhJdwrtyA,Sergio Oliveira,external-reference,embed_link_and_summarize_only
uZGYbWxPkSk,https://www.youtube.com/watch?v=uZGYbWxPkSk,Jeep Grand Cherokee 2022,1157.0,,videos,https://i.ytimg.com/vi/uZGYbWxPkSk/hqdefault.jpg?sqp=-oaymwEcCNACELwBSFXyq4qpAw4IARUAAIhCGAFwAcABBg==&rs=AOn4CLBeZKsP9XYjzQarDQwy0vAdMr9hFw,Sergio Oliveira,external-reference,embed_link_and_summarize_only
gExdvaxkWSg,https://www.youtube.com/watch?v=gExdvaxkWSg,Toyota Corolla Cross,736.0,,videos,https://i.ytimg.com/vi/gExdvaxkWSg/hqdefault.jpg?sqp=-oaymwEcCNACELwBSFXyq4qpAw4IARUAAIhCGAFwAcABBg==&rs=AOn4CLArXcax3Ix5O-eqUnHt_xFMIlrWBg,Sergio Oliveira,external-reference,embed_link_and_summarize_only
FmVgKCGpWYo,https://www.youtube.com/watch?v=FmVgKCGpWYo,Motores Mild Hybrid. Por qué sí valen la pena.,978.0,,videos,https://i.ytimg.com/vi/FmVgKCGpWYo/hqdefault.jpg?sqp=-oaymwEcCNACELwBSFXyq4qpAw4IARUAAIhCGAFwAcABBg==&rs=AOn4CLDm1RYIzHUbOKKTCuKrPTzHLd7ulg,Sergio Oliveira,external-reference,embed_link_and_summarize_only
H17XNk8PFjI,https://www.youtube.com/watch?v=H17XNk8PFjI,Acura TLX Type S,1328.0,,videos,https://i.ytimg.com/vi/H17XNk8PFjI/hqdefault.jpg?sqp=-oaymwEcCNACELwBSFXyq4qpAw4IARUAAIhCGAFwAcABBg==&rs=AOn4CLD8-4U1uVyOloKMK4KKMEG8GF8UVA,Sergio Oliveira,external-reference,embed_link_and_summarize_only
MSfqIybU86w,https://www.youtube.com/watch?v=MSfqIybU86w,Seat Ibiza 2022,721.0,,videos,https://i.ytimg.com/vi/MSfqIybU86w/hqdefault.jpg?sqp=-oaymwEcCNACELwBSFXyq4qpAw4IARUAAIhCGAFwAcABBg==&rs=AOn4CLC1wPf_KbdYZ2cafCx1F3G_6488jg,Sergio Oliveira,external-reference,embed_link_and_summarize_only
QJKYWMbjsAo,https://www.youtube.com/watch?v=QJKYWMbjsAo,Kia Stinger GT Line,1248.0,,videos,https://i.ytimg.com/vi/QJKYWMbjsAo/hqdefault.jpg?sqp=-oaymwEcCNACELwBSFXyq4qpAw4IARUAAIhCGAFwAcABBg==&rs=AOn4CLBrGAm9Jk9XEoWozzO18VZ7F2AwKQ,Sergio Oliveira,external-reference,embed_link_and_summarize_only
YRd_LZ8bG4A,https://www.youtube.com/watch?v=YRd_LZ8bG4A,MG ZS Excite AT,1038.0,,videos,https://i.ytimg.com/vi/YRd_LZ8bG4A/hqdefault.jpg?sqp=-oaymwEcCNACELwBSFXyq4qpAw4IARUAAIhCGAFwAcABBg==&rs=AOn4CLBWCNrBWm6xUI2wJmTTYdnV6eOQUQ,Sergio Oliveira,external-reference,embed_link_and_summarize_only
ytTvebGa15c,https://www.youtube.com/watch?v=ytTvebGa15c,Kia Seltos GT Line 2022,1102.0,,videos,https://i.ytimg.com/vi/ytTvebGa15c/hqdefault.jpg?sqp=-oaymwEcCNACELwBSFXyq4qpAw4IARUAAIhCGAFwAcABBg==&rs=AOn4CLArPbb43Q4fUtnVylgfL8HUJDvjnw,Sergio Oliveira,external-reference,embed_link_and_summarize_only
wN-N1UCwSV8,https://www.youtube.com/watch?v=wN-N1UCwSV8,Auto x auto Acura,1405.0,,videos,https://i.ytimg.com/vi/wN-N1UCwSV8/hqdefault.jpg?sqp=-oaymwE2CNACELwBSFXyq4qpAygIARUAAIhCGAFwAcABBvABAfgB1AaAAuADigIMCAAQARhUIFkoZTAP&rs=AOn4CLC9TSJbRfGYkPnUyU01Oye-XBDOjg,Sergio Oliveira,external-reference,embed_link_and_summarize_only
XoDRcy5TzUs,https://www.youtube.com/watch?v=XoDRcy5TzUs,Peugeot 208 GT,1126.0,,videos,https://i.ytimg.com/vi/XoDRcy5TzUs/hqdefault.jpg?sqp=-oaymwEcCNACELwBSFXyq4qpAw4IARUAAIhCGAFwAcABBg==&rs=AOn4CLAQhlNad-Y_EmmuZr05R_ZhI_4TTQ,Sergio Oliveira,external-reference,embed_link_and_summarize_only
zJDfcSK-AFg,https://www.youtube.com/watch?v=zJDfcSK-AFg,Entrevista Carlos Rodríguez Renault México,1091.0,,videos,https://i.ytimg.com/vi/zJDfcSK-AFg/hqdefault.jpg?sqp=-oaymwEcCNACELwBSFXyq4qpAw4IARUAAIhCGAFwAcABBg==&rs=AOn4CLDT-J1RaJootZyFUjvwXwQvHVaxRQ,Sergio Oliveira,external-reference,embed_link_and_summarize_only
_BDnMeZ7M_4,https://www.youtube.com/watch?v=_BDnMeZ7M_4,Volkswagen Nivus Highline,903.0,,videos,https://i.ytimg.com/vi/_BDnMeZ7M_4/hqdefault.jpg?sqp=-oaymwEcCNACELwBSFXyq4qpAw4IARUAAIhCGAFwAcABBg==&rs=AOn4CLDN_tZWAHE7YglYvBpt78pprsw5ww,Sergio Oliveira,external-reference,embed_link_and_summarize_only
3ZJ05Y66wg0,https://www.youtube.com/watch?v=3ZJ05Y66wg0,Corsair GT,897.0,,videos,https://i.ytimg.com/vi/3ZJ05Y66wg0/hqdefault.jpg?sqp=-oaymwEcCNACELwBSFXyq4qpAw4IARUAAIhCGAFwAcABBg==&rs=AOn4CLCef1MeGe_k57CtQhQG6l48-hpdxw,Sergio Oliveira,external-reference,embed_link_and_summarize_only
iNq3OfhAKhw,https://www.youtube.com/watch?v=iNq3OfhAKhw,Lincoln Corsair GT. Apenas puedo creer lo que consume.,614.0,,videos,https://i.ytimg.com/vi/iNq3OfhAKhw/hqdefault.jpg?sqp=-oaymwE2CNACELwBSFXyq4qpAygIARUAAIhCGAFwAcABBvABAfgB_gmAAtAFigIMCAAQARg_IFwoZTAP&rs=AOn4CLBG_M9GPmNdyMeXRVockjeijGjRow,Sergio Oliveira,external-reference,embed_link_and_summarize_only
vZdyEHJPE3Y,https://www.youtube.com/watch?v=vZdyEHJPE3Y,Jeep Grand Cherokee L Summit. Más lujosa que muchos Premium.,1657.0,,videos,https://i.ytimg.com/vi/vZdyEHJPE3Y/hqdefault.jpg?sqp=-oaymwEcCNACELwBSFXyq4qpAw4IARUAAIhCGAFwAcABBg==&rs=AOn4CLBlr8ZWNpyfp8tpAn87DsN9xhboIw,Sergio Oliveira,external-reference,embed_link_and_summarize_only
dFaxdA73o5M,https://www.youtube.com/watch?v=dFaxdA73o5M,Mitsubishi L200 GLS Diesel AT 4X4,942.0,,videos,https://i.ytimg.com/vi/dFaxdA73o5M/hqdefault.jpg?sqp=-oaymwEcCNACELwBSFXyq4qpAw4IARUAAIhCGAFwAcABBg==&rs=AOn4CLD59ssp2Q8nnPIsm355-xFvWFDPsA,Sergio Oliveira,external-reference,embed_link_and_summarize_only
H8MRpNDzDt8,https://www.youtube.com/watch?v=H8MRpNDzDt8,Subaru BRZ 2022,1040.0,,videos,https://i.ytimg.com/vi/H8MRpNDzDt8/hqdefault.jpg?sqp=-oaymwEcCNACELwBSFXyq4qpAw4IARUAAIhCGAFwAcABBg==&rs=AOn4CLCgzUs-qkDqaRFFr3_rEGkjnzZl6g,Sergio Oliveira,external-reference,embed_link_and_summarize_only
4SdruPq-qCs,https://www.youtube.com/watch?v=4SdruPq-qCs,"Renault Koleos, impresiones de manejo",580.0,,videos,https://i.ytimg.com/vi/4SdruPq-qCs/hqdefault.jpg?sqp=-oaymwEcCNACELwBSFXyq4qpAw4IARUAAIhCGAFwAcABBg==&rs=AOn4CLCLmCyqpidcQWcgDMOJFHVX6APJOQ,Sergio Oliveira,external-reference,embed_link_and_summarize_only
xVhz9OpR1gg,https://www.youtube.com/watch?v=xVhz9OpR1gg,Detallado JAC SEI 7. ¿Es necesario detallar un auto bien cuidado?,477.0,,videos,https://i.ytimg.com/vi/xVhz9OpR1gg/hqdefault.jpg?sqp=-oaymwE2CNACELwBSFXyq4qpAygIARUAAIhCGAFwAcABBvABAfgB_g6AArgIigIMCAAQARhlIFYoRjAP&rs=AOn4CLDZDYRPE88OyV0JTDcjOPgiEkhElQ,Sergio Oliveira,external-reference,embed_link_and_summarize_only
vpkJ2IKu6nQ,https://www.youtube.com/watch?v=vpkJ2IKu6nQ,Dodge Challenger Super Stock,636.0,,videos,https://i.ytimg.com/vi/vpkJ2IKu6nQ/hqdefault.jpg?sqp=-oaymwEcCNACELwBSFXyq4qpAw4IARUAAIhCGAFwAcABBg==&rs=AOn4CLBV9BsR35CNzXt1WwP1SDLHnq-kww,Sergio Oliveira,external-reference,embed_link_and_summarize_only
rSE7hEI1ZlA,https://www.youtube.com/watch?v=rSE7hEI1ZlA,Renault Koleos Iconic,1237.0,,videos,https://i.ytimg.com/vi/rSE7hEI1ZlA/hqdefault.jpg?sqp=-oaymwEcCNACELwBSFXyq4qpAw4IARUAAIhCGAFwAcABBg==&rs=AOn4CLBoVwU41IM3ugooOfwF8nvMyOSNvQ,Sergio Oliveira,external-reference,embed_link_and_summarize_only
cQdzAMjgZLY,https://www.youtube.com/watch?v=cQdzAMjgZLY,Toyota Hilux Doble Cabina SR,1048.0,,videos,https://i.ytimg.com/vi/cQdzAMjgZLY/hqdefault.jpg?sqp=-oaymwEcCNACELwBSFXyq4qpAw4IARUAAIhCGAFwAcABBg==&rs=AOn4CLBwLp9__VETHF4jrKe3dyhvE5xQPg,Sergio Oliveira,external-reference,embed_link_and_summarize_only
wcIc-Yckd0s,https://www.youtube.com/watch?v=wcIc-Yckd0s,Chevrolet Tornado Van,728.0,,videos,https://i.ytimg.com/vi/wcIc-Yckd0s/hqdefault.jpg?sqp=-oaymwEcCNACELwBSFXyq4qpAw4IARUAAIhCGAFwAcABBg==&rs=AOn4CLC9qKcqJ6F1Do-Xl-UZglLmEtlifQ,Sergio Oliveira,external-reference,embed_link_and_summarize_only
OjSAKIqo9AY,https://www.youtube.com/watch?v=OjSAKIqo9AY,Subaru Forester 2022,1029.0,,videos,https://i.ytimg.com/vi/OjSAKIqo9AY/hqdefault.jpg?sqp=-oaymwEcCNACELwBSFXyq4qpAw4IARUAAIhCGAFwAcABBg==&rs=AOn4CLBtr3uw7F4imLLV3Bo4ZUHsZ7cH0A,Sergio Oliveira,external-reference,embed_link_and_summarize_only
7-Md9XklSrw,https://www.youtube.com/watch?v=7-Md9XklSrw,Suzuki Swift Booster Green 2022,877.0,,videos,https://i.ytimg.com/vi/7-Md9XklSrw/hqdefault.jpg?sqp=-oaymwEcCNACELwBSFXyq4qpAw4IARUAAIhCGAFwAcABBg==&rs=AOn4CLA45UL5yHet2gjO5oQz8kLwKwU8lg,Sergio Oliveira,external-reference,embed_link_and_summarize_only
sm1y99McFhg,https://www.youtube.com/watch?v=sm1y99McFhg,Acura RDX 2022,1310.0,,videos,https://i.ytimg.com/vi/sm1y99McFhg/hqdefault.jpg?sqp=-oaymwEcCNACELwBSFXyq4qpAw4IARUAAIhCGAFwAcABBg==&rs=AOn4CLA5waKd2p76KHZJzQcHsJKtp2lpSQ,Sergio Oliveira,external-reference,embed_link_and_summarize_only
NPPFQEOrs-E,https://www.youtube.com/watch?v=NPPFQEOrs-E,Ford Maverick Lariat 2022. ¿Pickup o juguete?,1284.0,,videos,https://i.ytimg.com/vi/NPPFQEOrs-E/hqdefault.jpg?sqp=-oaymwEcCNACELwBSFXyq4qpAw4IARUAAIhCGAFwAcABBg==&rs=AOn4CLChMwumbsM0DYe8daSPQRF0kUlANw,Sergio Oliveira,external-reference,embed_link_and_summarize_only
qST8cXEojdc,https://www.youtube.com/watch?v=qST8cXEojdc,Primer vistazo a Forester y BRZ 2022,716.0,,videos,https://i.ytimg.com/vi/qST8cXEojdc/hqdefault.jpg?sqp=-oaymwEcCNACELwBSFXyq4qpAw4IARUAAIhCGAFwAcABBg==&rs=AOn4CLCVCCZMZaHZudB5S5T0n-3jqD3z8A,Sergio Oliveira,external-reference,embed_link_and_summarize_only
7DVu_3af1aI,https://www.youtube.com/watch?v=7DVu_3af1aI,Renault Stepway a dos meses,885.0,,videos,https://i.ytimg.com/vi/7DVu_3af1aI/hqdefault.jpg?sqp=-oaymwEcCNACELwBSFXyq4qpAw4IARUAAIhCGAFwAcABBg==&rs=AOn4CLAKFy-VWFMOnb_5-x2EZydXpcAqYg,Sergio Oliveira,external-reference,embed_link_and_summarize_only
wK44KiH-2S0,https://www.youtube.com/watch?v=wK44KiH-2S0,Audi e tron Sportback 2022,1251.0,,videos,https://i.ytimg.com/vi/wK44KiH-2S0/hqdefault.jpg?sqp=-oaymwEcCNACELwBSFXyq4qpAw4IARUAAIhCGAFwAcABBg==&rs=AOn4CLCkFzIqek1wnO-UoPsfIfaDYuCoPg,Sergio Oliveira,external-reference,embed_link_and_summarize_only
8mynsfHbjlY,https://www.youtube.com/watch?v=8mynsfHbjlY,Dodge Journey 2022,1102.0,,videos,https://i.ytimg.com/vi/8mynsfHbjlY/hqdefault.jpg?sqp=-oaymwEcCNACELwBSFXyq4qpAw4IARUAAIhCGAFwAcABBg==&rs=AOn4CLCz3tbgTYqgfo0Vcfrk626XHSrwPg,Sergio Oliveira,external-reference,embed_link_and_summarize_only
N4wrr7r-zXA,https://www.youtube.com/watch?v=N4wrr7r-zXA,Volkswagen Tiguan 2022,644.0,,videos,https://i.ytimg.com/vi/N4wrr7r-zXA/hqdefault.jpg?sqp=-oaymwEcCNACELwBSFXyq4qpAw4IARUAAIhCGAFwAcABBg==&rs=AOn4CLDZuVXq6fSeLKBpWWTovXfVITxVSA,Sergio Oliveira,external-reference,embed_link_and_summarize_only
gE2ml5MnWao,https://www.youtube.com/watch?v=gE2ml5MnWao,Chevrolet Corvette Stingray Z51 Convertible,1690.0,,videos,https://i.ytimg.com/vi/gE2ml5MnWao/hqdefault.jpg?sqp=-oaymwEcCNACELwBSFXyq4qpAw4IARUAAIhCGAFwAcABBg==&rs=AOn4CLCVE50nj7oLuCrtV2YRbkwup6YlBg,Sergio Oliveira,external-reference,embed_link_and_summarize_only
Svf8SZvcTXA,https://www.youtube.com/watch?v=Svf8SZvcTXA,Suzuki Swift Boosterjet,538.0,,videos,https://i.ytimg.com/vi/Svf8SZvcTXA/hqdefault.jpg?sqp=-oaymwEcCNACELwBSFXyq4qpAw4IARUAAIhCGAFwAcABBg==&rs=AOn4CLBmclDaTCUOM2egSpa-NsZ0p06L8Q,Sergio Oliveira,external-reference,embed_link_and_summarize_only
0-p190iDfLc,https://www.youtube.com/watch?v=0-p190iDfLc,Land Rover Defender 110,1642.0,,videos,https://i.ytimg.com/vi/0-p190iDfLc/hqdefault.jpg?sqp=-oaymwEcCNACELwBSFXyq4qpAw4IARUAAIhCGAFwAcABBg==&rs=AOn4CLAC6Np7_ZmTIuh2CbMKKAPocrdebg,Sergio Oliveira,external-reference,embed_link_and_summarize_only
TefGH1Pa3kc,https://www.youtube.com/watch?v=TefGH1Pa3kc,Suzuki Swift Sport 2021,630.0,,videos,https://i.ytimg.com/vi/TefGH1Pa3kc/hqdefault.jpg?sqp=-oaymwEcCNACELwBSFXyq4qpAw4IARUAAIhCGAFwAcABBg==&rs=AOn4CLAU-KMqArv7dQgtnOCbkiB9fXu1Jg,Sergio Oliveira,external-reference,embed_link_and_summarize_only
QNVwvgi_nI8,https://www.youtube.com/watch?v=QNVwvgi_nI8,Chevrolet Groove 2022,149.0,,videos,https://i.ytimg.com/vi/QNVwvgi_nI8/hqdefault.jpg?sqp=-oaymwEcCNACELwBSFXyq4qpAw4IARUAAIhCGAFwAcABBg==&rs=AOn4CLBddR1x7KfXlHUCegpU-mALRHoxBQ,Sergio Oliveira,external-reference,embed_link_and_summarize_only
fjtXCQtcJJw,https://www.youtube.com/watch?v=fjtXCQtcJJw,Chevrolet Cavalier RS 2022,893.0,,videos,https://i.ytimg.com/vi/fjtXCQtcJJw/hqdefault.jpg?sqp=-oaymwEcCNACELwBSFXyq4qpAw4IARUAAIhCGAFwAcABBg==&rs=AOn4CLB32MgyYQtL7-to2XAC7U9ZLUdJNQ,Sergio Oliveira,external-reference,embed_link_and_summarize_only
gDEs-bEts1s,https://www.youtube.com/watch?v=gDEs-bEts1s,Nissan Mexicana cumple 60 años. E hicimos la fiesta con Godzilla.,2252.0,,videos,https://i.ytimg.com/vi/gDEs-bEts1s/hqdefault.jpg?sqp=-oaymwEcCNACELwBSFXyq4qpAw4IARUAAIhCGAFwAcABBg==&rs=AOn4CLCxRHHkkF7LySOuQxtWqaP_OBvp2g,Sergio Oliveira,external-reference,embed_link_and_summarize_only
K40LrWXZw7A,https://www.youtube.com/watch?v=K40LrWXZw7A,Mazda Service at Home,604.0,,videos,https://i.ytimg.com/vi/K40LrWXZw7A/hqdefault.jpg?sqp=-oaymwE2CNACELwBSFXyq4qpAygIARUAAIhCGAFwAcABBvABAfgB1AaAAuADigIMCAAQARhlIFkoTjAP&rs=AOn4CLDus-V3V8wNmTb7tN4UzgrJ4ki2AQ,Sergio Oliveira,external-reference,embed_link_and_summarize_only
mWQsU-HB6QM,https://www.youtube.com/watch?v=mWQsU-HB6QM,Chevrolet Cavalier RS 22. Evolución que me puso de buenas.,1132.0,,videos,https://i.ytimg.com/vi/mWQsU-HB6QM/hqdefault.jpg?sqp=-oaymwEcCNACELwBSFXyq4qpAw4IARUAAIhCGAFwAcABBg==&rs=AOn4CLD9wRV5RQSFIEosXh_vEeLa7_u4hQ,Sergio Oliveira,external-reference,embed_link_and_summarize_only
WkZXrwiOoo4,https://www.youtube.com/watch?v=WkZXrwiOoo4,Dodge Durango SRT Hellcat,1263.0,,videos,https://i.ytimg.com/vi/WkZXrwiOoo4/hqdefault.jpg?sqp=-oaymwEcCNACELwBSFXyq4qpAw4IARUAAIhCGAFwAcABBg==&rs=AOn4CLB3t09lacL0CbKtig8dBrU3DaWsZg,Sergio Oliveira,external-reference,embed_link_and_summarize_only
cDk8GoREqH0,https://www.youtube.com/watch?v=cDk8GoREqH0,BMW M3 Competition,1319.0,,videos,https://i.ytimg.com/vi/cDk8GoREqH0/hqdefault.jpg?sqp=-oaymwEcCNACELwBSFXyq4qpAw4IARUAAIhCGAFwAcABBg==&rs=AOn4CLAq91MDyPMstcGvq5Nv9ZRo_7jTrQ,Sergio Oliveira,external-reference,embed_link_and_summarize_only
xIj_mKzmkLI,https://www.youtube.com/watch?v=xIj_mKzmkLI,MG RX8,163.0,,videos,https://i.ytimg.com/vi/xIj_mKzmkLI/hqdefault.jpg?sqp=-oaymwEcCNACELwBSFXyq4qpAw4IARUAAIhCGAFwAcABBg==&rs=AOn4CLAJaEOs_4c77QPvYS7TJNY9E9aydg,Sergio Oliveira,external-reference,embed_link_and_summarize_only
Jhhmmf05thU,https://www.youtube.com/watch?v=Jhhmmf05thU,Ram TRX 2021,1532.0,,videos,https://i.ytimg.com/vi/Jhhmmf05thU/hqdefault.jpg?sqp=-oaymwEcCNACELwBSFXyq4qpAw4IARUAAIhCGAFwAcABBg==&rs=AOn4CLC07Z2N5VNYHRHAWLK-SXrOCbsDLg,Sergio Oliveira,external-reference,embed_link_and_summarize_only
PMR3hxyT3PA,https://www.youtube.com/watch?v=PMR3hxyT3PA,Renault Stepway 2021,1364.0,,videos,https://i.ytimg.com/vi/PMR3hxyT3PA/hqdefault.jpg?sqp=-oaymwEcCNACELwBSFXyq4qpAw4IARUAAIhCGAFwAcABBg==&rs=AOn4CLDIgBkgARFrdFG1Xg1GRG2rtRN85A,Sergio Oliveira,external-reference,embed_link_and_summarize_only
OrzfY4yRLV0,https://www.youtube.com/watch?v=OrzfY4yRLV0,Jeep Grand Cherokee L 2021,1868.0,,videos,https://i.ytimg.com/vi/OrzfY4yRLV0/hqdefault.jpg?sqp=-oaymwEcCNACELwBSFXyq4qpAw4IARUAAIhCGAFwAcABBg==&rs=AOn4CLC_EZ3O6WtspW3L9gXLJsmCzO_KTg,Sergio Oliveira,external-reference,embed_link_and_summarize_only
p2r4sBT3Ph8,https://www.youtube.com/watch?v=p2r4sBT3Ph8,JAC Sei 7 Pro Limited 2022,1626.0,,videos,https://i.ytimg.com/vi/p2r4sBT3Ph8/hqdefault.jpg?sqp=-oaymwEcCNACELwBSFXyq4qpAw4IARUAAIhCGAFwAcABBg==&rs=AOn4CLB9FgZQ1Ns40WPHi7LPLESkGILJ7A,Sergio Oliveira,external-reference,embed_link_and_summarize_only
TabZe-iU0Dk,https://www.youtube.com/watch?v=TabZe-iU0Dk,Los nuevos SUVs de Volkswagen,585.0,,videos,https://i.ytimg.com/vi/TabZe-iU0Dk/hqdefault.jpg?sqp=-oaymwE2CNACELwBSFXyq4qpAygIARUAAIhCGAFwAcABBvABAfgB1AaAAuADigIMCAAQARhkIGQoZDAP&rs=AOn4CLBzhYW5CgGwqIi_E0Xtf36OMhgZvA,Sergio Oliveira,external-reference,embed_link_and_summarize_only
dpSX18b-N0w,https://www.youtube.com/watch?v=dpSX18b-N0w,La gran diferencia de tener un agente de seguros,1257.0,,videos,https://i.ytimg.com/vi/dpSX18b-N0w/hqdefault.jpg?sqp=-oaymwEcCNACELwBSFXyq4qpAw4IARUAAIhCGAFwAcABBg==&rs=AOn4CLB4bzbQ3EXd2OseX2JzPLb37TOH1w,Sergio Oliveira,external-reference,embed_link_and_summarize_only
zXGuZBEdvSs,https://www.youtube.com/watch?v=zXGuZBEdvSs,Chevrolet Silverado ZR2 2022,234.0,,videos,https://i.ytimg.com/vi/zXGuZBEdvSs/hqdefault.jpg?sqp=-oaymwEcCNACELwBSFXyq4qpAw4IARUAAIhCGAFwAcABBg==&rs=AOn4CLCQnK0yUnNldzYpdWlnpUKF_sAJxw,Sergio Oliveira,external-reference,embed_link_and_summarize_only
7mj8UpRSBVg,https://www.youtube.com/watch?v=7mj8UpRSBVg,CUPRA Ateca 2021,1001.0,,videos,https://i.ytimg.com/vi/7mj8UpRSBVg/hqdefault.jpg?sqp=-oaymwEcCNACELwBSFXyq4qpAw4IARUAAIhCGAFwAcABBg==&rs=AOn4CLDnF0AHUXyk3Zl3S_Tefa30qXB2oA,Sergio Oliveira,external-reference,embed_link_and_summarize_only
DTH8CSgsH54,https://www.youtube.com/watch?v=DTH8CSgsH54,Audi Q7 2021,1034.0,,videos,https://i.ytimg.com/vi/DTH8CSgsH54/hqdefault.jpg?sqp=-oaymwEcCNACELwBSFXyq4qpAw4IARUAAIhCGAFwAcABBg==&rs=AOn4CLD6g49KP2xv10AMrz_FDgA4IX2Mmg,Sergio Oliveira,external-reference,embed_link_and_summarize_only
n3KOwlKcaA0,https://www.youtube.com/watch?v=n3KOwlKcaA0,Ford Transit Courier 2022,686.0,,videos,https://i.ytimg.com/vi/n3KOwlKcaA0/hqdefault.jpg?sqp=-oaymwEcCNACELwBSFXyq4qpAw4IARUAAIhCGAFwAcABBg==&rs=AOn4CLDVE00joPlALvM9xrwxHpz0aAE8kQ,Sergio Oliveira,external-reference,embed_link_and_summarize_only
EwJuvfLZTco,https://www.youtube.com/watch?v=EwJuvfLZTco,Jeep Wrangler Rubicon 4xe,1204.0,,videos,https://i.ytimg.com/vi/EwJuvfLZTco/hqdefault.jpg?sqp=-oaymwEcCNACELwBSFXyq4qpAw4IARUAAIhCGAFwAcABBg==&rs=AOn4CLCnAul5hccj7VlX2dUdpfw-mpnxSw,Sergio Oliveira,external-reference,embed_link_and_summarize_only
gGFKkGsmQLs,https://www.youtube.com/watch?v=gGFKkGsmQLs,Subaru es diferente,465.0,,videos,https://i.ytimg.com/vi/gGFKkGsmQLs/hqdefault.jpg?sqp=-oaymwEcCNACELwBSFXyq4qpAw4IARUAAIhCGAFwAcABBg==&rs=AOn4CLB_81qNaX9VWL5GPPnldKyHWmT8bw,Sergio Oliveira,external-reference,embed_link_and_summarize_only
-LfyqVUYWp8,https://www.youtube.com/watch?v=-LfyqVUYWp8,Lincoln Nautilus Monocromática,1064.0,,videos,https://i.ytimg.com/vi/-LfyqVUYWp8/hqdefault.jpg?sqp=-oaymwEcCNACELwBSFXyq4qpAw4IARUAAIhCGAFwAcABBg==&rs=AOn4CLBEvgX1eNVEt3WZlFVihoekodMr8Q,Sergio Oliveira,external-reference,embed_link_and_summarize_only
NCDkV1EXv0k,https://www.youtube.com/watch?v=NCDkV1EXv0k,Lincoln Navigator 2022,274.0,,videos,https://i.ytimg.com/vi/NCDkV1EXv0k/hqdefault.jpg?sqp=-oaymwEcCNACELwBSFXyq4qpAw4IARUAAIhCGAFwAcABBg==&rs=AOn4CLAX7neWEWMVW6_r6iUwPncNXgZWQA,Sergio Oliveira,external-reference,embed_link_and_summarize_only
Fr_WVb3MS34,https://www.youtube.com/watch?v=Fr_WVb3MS34,Acura MDX 2022,1156.0,,videos,https://i.ytimg.com/vi/Fr_WVb3MS34/hqdefault.jpg?sqp=-oaymwEcCNACELwBSFXyq4qpAw4IARUAAIhCGAFwAcABBg==&rs=AOn4CLBdecvPK67apPqIE6C9x4N6eodNvw,Sergio Oliveira,external-reference,embed_link_and_summarize_only
TeD-uDdwiwo,https://www.youtube.com/watch?v=TeD-uDdwiwo,Peugeot 5008 GT HDI 2022,1108.0,,videos,https://i.ytimg.com/vi/TeD-uDdwiwo/hqdefault.jpg?sqp=-oaymwEcCNACELwBSFXyq4qpAw4IARUAAIhCGAFwAcABBg==&rs=AOn4CLAS4U-g4lcauIfAGo3svJNp9akfOw,Sergio Oliveira,external-reference,embed_link_and_summarize_only
3CAVUx7OOZ4,https://www.youtube.com/watch?v=3CAVUx7OOZ4,Despedida de mi Ford Figo,571.0,,videos,https://i.ytimg.com/vi/3CAVUx7OOZ4/hqdefault.jpg?sqp=-oaymwEcCNACELwBSFXyq4qpAw4IARUAAIhCGAFwAcABBg==&rs=AOn4CLCnIWnD5Csm-QOop4PSGBUH2VmehA,Sergio Oliveira,external-reference,embed_link_and_summarize_only
bKHbNX7ZZKQ,https://www.youtube.com/watch?v=bKHbNX7ZZKQ,Honda Civic 2022,1058.0,,videos,https://i.ytimg.com/vi/bKHbNX7ZZKQ/hqdefault.jpg?sqp=-oaymwEcCNACELwBSFXyq4qpAw4IARUAAIhCGAFwAcABBg==&rs=AOn4CLCXLgOFmX9kLFhnBdiLy9lW34DySA,Sergio Oliveira,external-reference,embed_link_and_summarize_only
dzBZdbCaQRc,https://www.youtube.com/watch?v=dzBZdbCaQRc,Chevrolet Tornado Van 2022,1089.0,,videos,https://i.ytimg.com/vi/dzBZdbCaQRc/hqdefault.jpg?sqp=-oaymwEcCNACELwBSFXyq4qpAw4IARUAAIhCGAFwAcABBg==&rs=AOn4CLC4wWENovLlMStRmwIbsi8ar7prbg,Sergio Oliveira,external-reference,embed_link_and_summarize_only
-iHkQmXpWG4,https://www.youtube.com/watch?v=-iHkQmXpWG4,Comparativa Toyota Prius vs Honda Insight,515.0,,videos,https://i.ytimg.com/vi/-iHkQmXpWG4/hqdefault.jpg?sqp=-oaymwEcCNACELwBSFXyq4qpAw4IARUAAIhCGAFwAcABBg==&rs=AOn4CLBG8GC4ePjdkcNcHDeJQZVDVu5adA,Sergio Oliveira,external-reference,embed_link_and_summarize_only
_QqbGi62xEg,https://www.youtube.com/watch?v=_QqbGi62xEg,"Entrevista con Dai Hosoya, Subaru México",1603.0,,videos,https://i.ytimg.com/vi/_QqbGi62xEg/hqdefault.jpg?sqp=-oaymwEcCNACELwBSFXyq4qpAw4IARUAAIhCGAFwAcABBg==&rs=AOn4CLBs0ZmXDSbPlPIeecbiJatt6jMeGA,Sergio Oliveira,external-reference,embed_link_and_summarize_only
OwSE3NsDp7Q,https://www.youtube.com/watch?v=OwSE3NsDp7Q,Nissan Kicks 2021,1196.0,,videos,https://i.ytimg.com/vi/OwSE3NsDp7Q/hqdefault.jpg?sqp=-oaymwEcCNACELwBSFXyq4qpAw4IARUAAIhCGAFwAcABBg==&rs=AOn4CLDpytgRZzQ-mYBCaa5xdIHTpgiZIA,Sergio Oliveira,external-reference,embed_link_and_summarize_only
xv7s--BrzD0,https://www.youtube.com/watch?v=xv7s--BrzD0,Mitsubishi XPander 2022. Nueva opción para la familia.,975.0,,videos,https://i.ytimg.com/vi/xv7s--BrzD0/hqdefault.jpg?sqp=-oaymwEcCNACELwBSFXyq4qpAw4IARUAAIhCGAFwAcABBg==&rs=AOn4CLCCQE_cNNT_UFqq7VLJFavOmQBJqQ,Sergio Oliveira,external-reference,embed_link_and_summarize_only
jBDZuzNhDlA,https://www.youtube.com/watch?v=jBDZuzNhDlA,Nissan March 2021,952.0,,videos,https://i.ytimg.com/vi/jBDZuzNhDlA/hqdefault.jpg?sqp=-oaymwEcCNACELwBSFXyq4qpAw4IARUAAIhCGAFwAcABBg==&rs=AOn4CLCvX_usnx73DXAw9ahHzq1InQNAkw,Sergio Oliveira,external-reference,embed_link_and_summarize_only
FKytak-dMtI,https://www.youtube.com/watch?v=FKytak-dMtI,Jeep Pickup Mojave 2021,1245.0,,videos,https://i.ytimg.com/vi/FKytak-dMtI/hqdefault.jpg?sqp=-oaymwEcCNACELwBSFXyq4qpAw4IARUAAIhCGAFwAcABBg==&rs=AOn4CLCqsRSB4dvmJzZf4x579H7GI6dnSA,Sergio Oliveira,external-reference,embed_link_and_summarize_only
vGae4aLON2c,https://www.youtube.com/watch?v=vGae4aLON2c,"Nuevo CUPRA León, un vehículo creado para empoderar tu camino.",852.0,,videos,https://i.ytimg.com/vi/vGae4aLON2c/hqdefault.jpg?sqp=-oaymwEcCNACELwBSFXyq4qpAw4IARUAAIhCGAFwAcABBg==&rs=AOn4CLBZOs94iRnGVQ5wjgN65tn16RY_iw,Sergio Oliveira,external-reference,embed_link_and_summarize_only
ROPVLGeNg5g,https://www.youtube.com/watch?v=ROPVLGeNg5g,Kia Forte 2022,231.0,,videos,https://i.ytimg.com/vi/ROPVLGeNg5g/hqdefault.jpg?sqp=-oaymwEcCNACELwBSFXyq4qpAw4IARUAAIhCGAFwAcABBg==&rs=AOn4CLDuFg6tEEsn9nU02o19iWhVhzBr2g,Sergio Oliveira,external-reference,embed_link_and_summarize_only
zUJ1VLT9pWY,https://www.youtube.com/watch?v=zUJ1VLT9pWY,Escape SEL Hybrid. Porqué es la más recomendable.,976.0,,videos,https://i.ytimg.com/vi/zUJ1VLT9pWY/hqdefault.jpg?sqp=-oaymwEcCNACELwBSFXyq4qpAw4IARUAAIhCGAFwAcABBg==&rs=AOn4CLBHirY1IwR6gURpNS9AQ5EgogFgzA,Sergio Oliveira,external-reference,embed_link_and_summarize_only
a_JIkzv6D_4,https://www.youtube.com/watch?v=a_JIkzv6D_4,Suzuki Baleno 2021,790.0,,videos,https://i.ytimg.com/vi/a_JIkzv6D_4/hqdefault.jpg?sqp=-oaymwEcCNACELwBSFXyq4qpAw4IARUAAIhCGAFwAcABBg==&rs=AOn4CLC_pNk_TFh8oa3lBAxwM1eiArwQKA,Sergio Oliveira,external-reference,embed_link_and_summarize_only
KQBcDBaVaek,https://www.youtube.com/watch?v=KQBcDBaVaek,"Toyota Yaris GR 2021, Nacido para la pista",664.0,,videos,https://i.ytimg.com/vi/KQBcDBaVaek/hqdefault.jpg?sqp=-oaymwEcCNACELwBSFXyq4qpAw4IARUAAIhCGAFwAcABBg==&rs=AOn4CLDI45jCP_Q8KYppQpU38B0fm5Dq8Q,Sergio Oliveira,external-reference,embed_link_and_summarize_only
kQYIau7IrWE,https://www.youtube.com/watch?v=kQYIau7IrWE,F 150 Hybrid. La mejor pick-up truck del mundo hoy en día.,1083.0,,videos,https://i.ytimg.com/vi/kQYIau7IrWE/hqdefault.jpg?sqp=-oaymwEcCNACELwBSFXyq4qpAw4IARUAAIhCGAFwAcABBg==&rs=AOn4CLBGFatxYEjPze-ZZ5IV7RcGikVZjw,Sergio Oliveira,external-reference,embed_link_and_summarize_only
Gt0CWJoGTyk,https://www.youtube.com/watch?v=Gt0CWJoGTyk,Entrevista con Rosangela Guerra,821.0,,videos,https://i.ytimg.com/vi/Gt0CWJoGTyk/hqdefault.jpg?sqp=-oaymwEcCNACELwBSFXyq4qpAw4IARUAAIhCGAFwAcABBg==&rs=AOn4CLC06IN3e4c1KrWPQMz_ohfDp0n6aQ,Sergio Oliveira,external-reference,embed_link_and_summarize_only
YfqkV8PQn6A,https://www.youtube.com/watch?v=YfqkV8PQn6A,¿Tu seguro cubre daños por lluvia?,879.0,,videos,https://i.ytimg.com/vi/YfqkV8PQn6A/hqdefault.jpg?sqp=-oaymwEcCNACELwBSFXyq4qpAw4IARUAAIhCGAFwAcABBg==&rs=AOn4CLCdriDAdOR2FApbfGy6ODPhbEO_dQ,Sergio Oliveira,external-reference,embed_link_and_summarize_only
aQBfFHVUDUc,https://www.youtube.com/watch?v=aQBfFHVUDUc,Ford Ranger Raptor 2021,1115.0,,videos,https://i.ytimg.com/vi/aQBfFHVUDUc/hqdefault.jpg?sqp=-oaymwEcCNACELwBSFXyq4qpAw4IARUAAIhCGAFwAcABBg==&rs=AOn4CLDb4bu0Dgscp017h3Jes0DRvxQkrg,Sergio Oliveira,external-reference,embed_link_and_summarize_only
9cpzNSUPJJg,https://www.youtube.com/watch?v=9cpzNSUPJJg,BMW Serie 2 Gran Coupé 2022,969.0,,videos,https://i.ytimg.com/vi/9cpzNSUPJJg/hqdefault.jpg?sqp=-oaymwEcCNACELwBSFXyq4qpAw4IARUAAIhCGAFwAcABBg==&rs=AOn4CLCVtG6cJXYKD6iALwEuKkMIjN9Y7Q,Sergio Oliveira,external-reference,embed_link_and_summarize_only
t1s-rQyfjSI,https://www.youtube.com/watch?v=t1s-rQyfjSI,CUPRA Formentor,1404.0,,videos,https://i.ytimg.com/vi/t1s-rQyfjSI/hqdefault.jpg?sqp=-oaymwEcCNACELwBSFXyq4qpAw4IARUAAIhCGAFwAcABBg==&rs=AOn4CLArvVbSMoS7znhIGB51ekhaL60New,Sergio Oliveira,external-reference,embed_link_and_summarize_only
08yE2FW0-Mo,https://www.youtube.com/watch?v=08yE2FW0-Mo,Volkswagen Golf GTI Oettinger,769.0,,videos,https://i.ytimg.com/vi/08yE2FW0-Mo/hqdefault.jpg?sqp=-oaymwEcCNACELwBSFXyq4qpAw4IARUAAIhCGAFwAcABBg==&rs=AOn4CLA6Fb8JO2Ei883rRuVYI2qGQGu_tQ,Sergio Oliveira,external-reference,embed_link_and_summarize_only
6tqq1xJ1ShA,https://www.youtube.com/watch?v=6tqq1xJ1ShA,Audi RS Q3 Sportback 2021,1029.0,,videos,https://i.ytimg.com/vi/6tqq1xJ1ShA/hqdefault.jpg?sqp=-oaymwEcCNACELwBSFXyq4qpAw4IARUAAIhCGAFwAcABBg==&rs=AOn4CLDJrN-SgH5h2RNb0evUrHZmqjK3BA,Sergio Oliveira,external-reference,embed_link_and_summarize_only
6gqrI9pOvB0,https://www.youtube.com/watch?v=6gqrI9pOvB0,"SEAT, su 20 aniversario y el Nuevo #SEATLeón 2021",905.0,,videos,https://i.ytimg.com/vi/6gqrI9pOvB0/hqdefault.jpg?sqp=-oaymwEcCNACELwBSFXyq4qpAw4IARUAAIhCGAFwAcABBg==&rs=AOn4CLATas3VrEBtoZ2IK9cSGMIMfCWt5w,Sergio Oliveira,external-reference,embed_link_and_summarize_only
quM4BAblTsc,https://www.youtube.com/watch?v=quM4BAblTsc,Honda Odyssey vs Toyota Sienna,2443.0,,videos,https://i.ytimg.com/vi/quM4BAblTsc/hqdefault.jpg?sqp=-oaymwEcCNACELwBSFXyq4qpAw4IARUAAIhCGAFwAcABBg==&rs=AOn4CLDEY_ezCjyTmveMtVZ0hEPRWp5Zaw,Sergio Oliveira,external-reference,embed_link_and_summarize_only
0b4OdXC-XKg,https://www.youtube.com/watch?v=0b4OdXC-XKg,CUPRA León 2021,232.0,,videos,https://i.ytimg.com/vi/0b4OdXC-XKg/hqdefault.jpg?sqp=-oaymwE2CNACELwBSFXyq4qpAygIARUAAIhCGAFwAcABBvABAfgB1AaAAuADigIMCAAQARhlIFcoSzAP&rs=AOn4CLBpcAH-rM3G3HIAUOrWw6i732SFsA,Sergio Oliveira,external-reference,embed_link_and_summarize_only
qXjCDshQB9U,https://www.youtube.com/watch?v=qXjCDshQB9U,Maserati Levante Gran Sport 2021,1565.0,,videos,https://i.ytimg.com/vi/qXjCDshQB9U/hqdefault.jpg?sqp=-oaymwEcCNACELwBSFXyq4qpAw4IARUAAIhCGAFwAcABBg==&rs=AOn4CLBXvIQeVd6R4WTGd5Q_xwGX-wGtow,Sergio Oliveira,external-reference,embed_link_and_summarize_only
oL2pqW5Ry5U,https://www.youtube.com/watch?v=oL2pqW5Ry5U,Ford F-150 Lightning,257.0,,videos,https://i.ytimg.com/vi/oL2pqW5Ry5U/hqdefault.jpg?sqp=-oaymwE2CNACELwBSFXyq4qpAygIARUAAIhCGAFwAcABBvABAfgB1AaAAuADigIMCAAQARhlIFgoTDAP&rs=AOn4CLDV7aGKGQzCMxwKzdFngzmkXseS5w,Sergio Oliveira,external-reference,embed_link_and_summarize_only
vJ06x4FutGY,https://www.youtube.com/watch?v=vJ06x4FutGY,Fiat Mobi Trekking 21. 100% urbano.,745.0,,videos,https://i.ytimg.com/vi/vJ06x4FutGY/hqdefault.jpg?sqp=-oaymwEcCNACELwBSFXyq4qpAw4IARUAAIhCGAFwAcABBg==&rs=AOn4CLCE68HjDNtE28Sy_gmO_W39w9d0lg,Sergio Oliveira,external-reference,embed_link_and_summarize_only
CGwcFS1qO80,https://www.youtube.com/watch?v=CGwcFS1qO80,Volkswagen Teramont Highline 2021,956.0,,videos,https://i.ytimg.com/vi/CGwcFS1qO80/hqdefault.jpg?sqp=-oaymwE2CNACELwBSFXyq4qpAygIARUAAIhCGAFwAcABBvABAfgB1AaAAuADigIMCAAQARhlIFcoUDAP&rs=AOn4CLDT6i-ZcvqKxv5O8x1HBz97yiFQDQ,Sergio Oliveira,external-reference,embed_link_and_summarize_only
diKxQJ0fxXw,https://www.youtube.com/watch?v=diKxQJ0fxXw,Entrevista sobre seguros,1283.0,,videos,https://i.ytimg.com/vi/diKxQJ0fxXw/hqdefault.jpg?sqp=-oaymwE2CNACELwBSFXyq4qpAygIARUAAIhCGAFwAcABBvABAfgB1AaAAuADigIMCAAQARhlIGIoVDAP&rs=AOn4CLA2728C1U88UiGWKRKkGm83Ir54Nw,Sergio Oliveira,external-reference,embed_link_and_summarize_only
d9DbaBwnyzI,https://www.youtube.com/watch?v=d9DbaBwnyzI,Fiat Mobi 2021,190.0,,videos,https://i.ytimg.com/vi/d9DbaBwnyzI/hqdefault.jpg?sqp=-oaymwE2CNACELwBSFXyq4qpAygIARUAAIhCGAFwAcABBvABAfgB1AaAAuADigIMCAAQARhmIGYoZjAP&rs=AOn4CLAcTWKS5rmuTq6noD8LAyN5xZmrpA,Sergio Oliveira,external-reference,embed_link_and_summarize_only
EYzXaJqJOwQ,https://www.youtube.com/watch?v=EYzXaJqJOwQ,Ford Mustang Mach 1 2021,1104.0,,videos,https://i.ytimg.com/vi/EYzXaJqJOwQ/hqdefault.jpg?sqp=-oaymwEcCNACELwBSFXyq4qpAw4IARUAAIhCGAFwAcABBg==&rs=AOn4CLCUDl8uJfMDQjz874F4Rw7G3tKxEQ,Sergio Oliveira,external-reference,embed_link_and_summarize_only
E5cQAak5b4A,https://www.youtube.com/watch?v=E5cQAak5b4A,Alfa Romeo Giulia QV 2021,1314.0,,videos,https://i.ytimg.com/vi/E5cQAak5b4A/hqdefault.jpg?sqp=-oaymwE2CNACELwBSFXyq4qpAygIARUAAIhCGAFwAcABBvABAfgB1AaAAuADigIMCAAQARhlIFIoQzAP&rs=AOn4CLCV8T8ykzmVNmuN7lmiYOV0DPEJfA,Sergio Oliveira,external-reference,embed_link_and_summarize_only
_fOAa8NFkJ8,https://www.youtube.com/watch?v=_fOAa8NFkJ8,Seat Tarraco FR 2021,800.0,,videos,https://i.ytimg.com/vi/_fOAa8NFkJ8/hqdefault.jpg?sqp=-oaymwE2CNACELwBSFXyq4qpAygIARUAAIhCGAFwAcABBvABAfgB1AaAAuADigIMCAAQARhlIFUoSTAP&rs=AOn4CLCjkO68UNSbKL4yk7ebXVFKn4FG2w,Sergio Oliveira,external-reference,embed_link_and_summarize_only
eMQZAv3eHTU,https://www.youtube.com/watch?v=eMQZAv3eHTU,Ford Lobo Hybrid. Mucho torque y buena economía. ¿Qué más se puede pedir?,1963.0,,videos,https://i.ytimg.com/vi/eMQZAv3eHTU/hqdefault.jpg?sqp=-oaymwEcCNACELwBSFXyq4qpAw4IARUAAIhCGAFwAcABBg==&rs=AOn4CLAb-QdEnXlWU9vO2OMWJ_OIpISczQ,Sergio Oliveira,external-reference,embed_link_and_summarize_only
kE90t6f2jMo,https://www.youtube.com/watch?v=kE90t6f2jMo,Ford Bronco Sport Outer Banks 2021,1146.0,,videos,https://i.ytimg.com/vi/kE90t6f2jMo/hqdefault.jpg?sqp=-oaymwEcCNACELwBSFXyq4qpAw4IARUAAIhCGAFwAcABBg==&rs=AOn4CLDQ5quKq06Q3eVyiu-C_PsyAQEWZA,Sergio Oliveira,external-reference,embed_link_and_summarize_only
Z95LLPqROv8,https://www.youtube.com/watch?v=Z95LLPqROv8,Buick Envision Avenir 2021,1138.0,,videos,https://i.ytimg.com/vi/Z95LLPqROv8/hqdefault.jpg?sqp=-oaymwE2CNACELwBSFXyq4qpAygIARUAAIhCGAFwAcABBvABAfgB1AaAAuADigIMCAAQARhlIFkoUDAP&rs=AOn4CLBXvJKaBSQ_f9KAqRE4uilbrSS0JA,Sergio Oliveira,external-reference,embed_link_and_summarize_only
NJpoOCFNj7c,https://www.youtube.com/watch?v=NJpoOCFNj7c,Subaru XV CVT Eyesight. Más seguridad a menor costo.,889.0,,videos,https://i.ytimg.com/vi/NJpoOCFNj7c/hqdefault.jpg?sqp=-oaymwE2CNACELwBSFXyq4qpAygIARUAAIhCGAFwAcABBvABAfgB1AaAAuADigIMCAAQARhlIF8oUzAP&rs=AOn4CLB-G5bRcA89gwFwOnXhuk8SmkaT8w,Sergio Oliveira,external-reference,embed_link_and_summarize_only
BQ-6WEJmXYs,https://www.youtube.com/watch?v=BQ-6WEJmXYs,Chevrolet Captiva 2022. Una opción más para 7 personas.,968.0,,videos,https://i.ytimg.com/vi/BQ-6WEJmXYs/hqdefault.jpg?sqp=-oaymwEcCNACELwBSFXyq4qpAw4IARUAAIhCGAFwAcABBg==&rs=AOn4CLDZBpkhIZujEoe_oQ04tzv0fjRUHQ,Sergio Oliveira,external-reference,embed_link_and_summarize_only
xx4Q4MVRDSg,https://www.youtube.com/watch?v=xx4Q4MVRDSg,OLX estrena instalaciones en Guadalajara,1420.0,,videos,https://i.ytimg.com/vi/xx4Q4MVRDSg/hqdefault.jpg?sqp=-oaymwE2CNACELwBSFXyq4qpAygIARUAAIhCGAFwAcABBvABAfgB1AaAAuADigIMCAAQARhlIGUoZTAP&rs=AOn4CLBPweHWjzBmU87zFFECf5VaVV93tg,Sergio Oliveira,external-reference,embed_link_and_summarize_only
bUBDXFpaf9w,https://www.youtube.com/watch?v=bUBDXFpaf9w,Volvo XC90 Recharge 2021,1365.0,,videos,https://i.ytimg.com/vi/bUBDXFpaf9w/hqdefault.jpg?sqp=-oaymwE2CNACELwBSFXyq4qpAygIARUAAIhCGAFwAcABBvABAfgB1AaAAuADigIMCAAQARhlIFgoRzAP&rs=AOn4CLDFfnQShu-1bOmIfD9pJ70zrRA8CA,Sergio Oliveira,external-reference,embed_link_and_summarize_only
dIyn0z6yX3c,https://www.youtube.com/watch?v=dIyn0z6yX3c,Renault Duster Turbo. Ahora también es rápida.,625.0,,videos,https://i.ytimg.com/vi/dIyn0z6yX3c/hqdefault.jpg?sqp=-oaymwEcCNACELwBSFXyq4qpAw4IARUAAIhCGAFwAcABBg==&rs=AOn4CLD8yEzJ1-kSkV4MRTWqttgSJWWkkA,Sergio Oliveira,external-reference,embed_link_and_summarize_only
pV3bkq4SOR0,https://www.youtube.com/watch?v=pV3bkq4SOR0,Toyota Supra. Japonés hijo de alemanes.,892.0,,videos,https://i.ytimg.com/vi/pV3bkq4SOR0/hqdefault.jpg?sqp=-oaymwEcCNACELwBSFXyq4qpAw4IARUAAIhCGAFwAcABBg==&rs=AOn4CLDLZvMw2nZTlxtRxnOyBu1jdt4lWA,Sergio Oliveira,external-reference,embed_link_and_summarize_only
_1s4TLrmBqk,https://www.youtube.com/watch?v=_1s4TLrmBqk,Peugeot 208 GT 2021. Entre los generalistas y los premium.,1204.0,,videos,https://i.ytimg.com/vi/_1s4TLrmBqk/hqdefault.jpg?sqp=-oaymwEcCNACELwBSFXyq4qpAw4IARUAAIhCGAFwAcABBg==&rs=AOn4CLDCsXf_idkIh7GUitiM9tyhYHQLyA,Sergio Oliveira,external-reference,embed_link_and_summarize_only
wxK3NiVGtug,https://www.youtube.com/watch?v=wxK3NiVGtug,¿Cuánto cuesta asegurar un Lamborghini en México?,1258.0,,videos,https://i.ytimg.com/vi/wxK3NiVGtug/hqdefault.jpg?sqp=-oaymwE2CNACELwBSFXyq4qpAygIARUAAIhCGAFwAcABBvABAfgB1AaAAuADigIMCAAQARhlIGUoZTAP&rs=AOn4CLCYYvPQDzY-MzwURSJSmcQXhtmSoQ,Sergio Oliveira,external-reference,embed_link_and_summarize_only
sKwX3QDyCcU,https://www.youtube.com/watch?v=sKwX3QDyCcU,Mercedes-Benz Clase E 200 2021,1317.0,,videos,https://i.ytimg.com/vi/sKwX3QDyCcU/hqdefault.jpg?sqp=-oaymwE2CNACELwBSFXyq4qpAygIARUAAIhCGAFwAcABBvABAfgB1AaAAuADigIMCAAQARhlIFgoSzAP&rs=AOn4CLB0tOgLBj5ans8b2R3KBuvyoHBHNw,Sergio Oliveira,external-reference,embed_link_and_summarize_only
Mgs1MtHF5Vk,https://www.youtube.com/watch?v=Mgs1MtHF5Vk,Renault Duster 2021,1007.0,,videos,https://i.ytimg.com/vi/Mgs1MtHF5Vk/hqdefault.jpg?sqp=-oaymwEcCNACELwBSFXyq4qpAw4IARUAAIhCGAFwAcABBg==&rs=AOn4CLCEe5zEQKTix6X1200pAY9LYKYEHg,Sergio Oliveira,external-reference,embed_link_and_summarize_only
Q4ilPVdNyU0,https://www.youtube.com/watch?v=Q4ilPVdNyU0,Volvo XC60 Recharge 2021,840.0,,videos,https://i.ytimg.com/vi/Q4ilPVdNyU0/hqdefault.jpg?sqp=-oaymwE2CNACELwBSFXyq4qpAygIARUAAIhCGAFwAcABBvABAfgB1AaAAuADigIMCAAQARhlIFQoRzAP&rs=AOn4CLDqmZj5GVtCUwdFHHaLEUpXEiegjA,Sergio Oliveira,external-reference,embed_link_and_summarize_only
4-a8Dx8-3j0,https://www.youtube.com/watch?v=4-a8Dx8-3j0,Honda Accord 2021,1334.0,,videos,https://i.ytimg.com/vi/4-a8Dx8-3j0/hqdefault.jpg?sqp=-oaymwE2CNACELwBSFXyq4qpAygIARUAAIhCGAFwAcABBvABAfgB1AaAAuADigIMCAAQARhlIFMoQTAP&rs=AOn4CLACksXP04LJm3uKJPftPRh1A_qCSQ,Sergio Oliveira,external-reference,embed_link_and_summarize_only
7h9ixViqFv8,https://www.youtube.com/watch?v=7h9ixViqFv8,Audi RS5 2021,1132.0,,videos,https://i.ytimg.com/vi/7h9ixViqFv8/hqdefault.jpg?sqp=-oaymwE2CNACELwBSFXyq4qpAygIARUAAIhCGAFwAcABBvABAfgB1AaAAuADigIMCAAQARhlIFwoVTAP&rs=AOn4CLCJ6C5CxDz4Yg4Bbo66EUmbmyNxJA,Sergio Oliveira,external-reference,embed_link_and_summarize_only
T41ySX-RlMA,https://www.youtube.com/watch?v=T41ySX-RlMA,Seat León FR 2021,1115.0,,videos,https://i.ytimg.com/vi/T41ySX-RlMA/hqdefault.jpg?sqp=-oaymwE2CNACELwBSFXyq4qpAygIARUAAIhCGAFwAcABBvABAfgB1AaAAuADigIMCAAQARhlIFUoRzAP&rs=AOn4CLC_hfhBzqGTk-ddxGNLp2YO7IAB4g,Sergio Oliveira,external-reference,embed_link_and_summarize_only
zvhnSJnXQKc,https://www.youtube.com/watch?v=zvhnSJnXQKc,Suzuki Jimny 2021,972.0,,videos,https://i.ytimg.com/vi/zvhnSJnXQKc/hqdefault.jpg?sqp=-oaymwE2CNACELwBSFXyq4qpAygIARUAAIhCGAFwAcABBvABAfgB1AaAAuADigIMCAAQARhlIFQoUjAP&rs=AOn4CLCqlgRgjvIp6I_A3dLI90sQlZZAqg,Sergio Oliveira,external-reference,embed_link_and_summarize_only
_u3G5xi-OiQ,https://www.youtube.com/watch?v=_u3G5xi-OiQ,"Ford EcoSport Storm, manejo en carretera",591.0,,videos,https://i.ytimg.com/vi/_u3G5xi-OiQ/hqdefault.jpg?sqp=-oaymwE2CNACELwBSFXyq4qpAygIARUAAIhCGAFwAcABBvABAfgB1AaAAuADigIMCAAQARhJIFYoZTAP&rs=AOn4CLDfnDu0rGAN3wJ79cpefA3_Ku7MjA,Sergio Oliveira,external-reference,embed_link_and_summarize_only
CWXNnKAutoQ,https://www.youtube.com/watch?v=CWXNnKAutoQ,Subaru EyeSight. Porque cuatro ojos ven mejor que solo dos.,299.0,,videos,https://i.ytimg.com/vi/CWXNnKAutoQ/hqdefault.jpg?sqp=-oaymwE2CNACELwBSFXyq4qpAygIARUAAIhCGAFwAcABBvABAfgB1AaAAuADigIMCAAQARhlIGMoTzAP&rs=AOn4CLA6bvVi5-WmIcA_-8WIme07dZytyA,Sergio Oliveira,external-reference,embed_link_and_summarize_only
kgaFbDBhP9A,https://www.youtube.com/watch?v=kgaFbDBhP9A,Volvo XC40 Vs Mazda CX-30,753.0,,videos,https://i.ytimg.com/vi/kgaFbDBhP9A/hqdefault.jpg?sqp=-oaymwE2CNACELwBSFXyq4qpAygIARUAAIhCGAFwAcABBvABAfgB1AaAAuADigIMCAAQARhlIFwoUDAP&rs=AOn4CLB6W91jJtpRYwsbGRREmcxmn9sl9Q,Sergio Oliveira,external-reference,embed_link_and_summarize_only
guzxzqqi4Q0,https://www.youtube.com/watch?v=guzxzqqi4Q0,MG MG5 Elegance CVT,1200.0,,videos,https://i.ytimg.com/vi/guzxzqqi4Q0/hqdefault.jpg?sqp=-oaymwEcCNACELwBSFXyq4qpAw4IARUAAIhCGAFwAcABBg==&rs=AOn4CLApEzrM-fQOLFy1zWQp_FQfU_YsRA,Sergio Oliveira,external-reference,embed_link_and_summarize_only
pfFfNTVzJps,https://www.youtube.com/watch?v=pfFfNTVzJps,Ford EcoSport Storm 2021,778.0,,videos,https://i.ytimg.com/vi/pfFfNTVzJps/hqdefault.jpg?sqp=-oaymwEcCNACELwBSFXyq4qpAw4IARUAAIhCGAFwAcABBg==&rs=AOn4CLDkNd186uOE-tBcDHtmrbRX2jmt_w,Sergio Oliveira,external-reference,embed_link_and_summarize_only
NS1XjtuTZD4,https://www.youtube.com/watch?v=NS1XjtuTZD4,"Honda City 2021. Buena evolución, mal precio.",1032.0,,videos,https://i.ytimg.com/vi/NS1XjtuTZD4/hqdefault.jpg?sqp=-oaymwEcCNACELwBSFXyq4qpAw4IARUAAIhCGAFwAcABBg==&rs=AOn4CLCMlODpZXomYuZcIwe4sAjjcPg3iw,Sergio Oliveira,external-reference,embed_link_and_summarize_only
HdU8lbWiJDU,https://www.youtube.com/watch?v=HdU8lbWiJDU,Chrysler Pacifica 2021,1788.0,,videos,https://i.ytimg.com/vi/HdU8lbWiJDU/hqdefault.jpg?sqp=-oaymwEcCNACELwBSFXyq4qpAw4IARUAAIhCGAFwAcABBg==&rs=AOn4CLA_QJgaaXQcOu5TQkfLCrJCVJkcGA,Sergio Oliveira,external-reference,embed_link_and_summarize_only
sQrBNqFolwg,https://www.youtube.com/watch?v=sQrBNqFolwg,Mazda CX-30 2021,805.0,,videos,https://i.ytimg.com/vi/sQrBNqFolwg/hqdefault.jpg?sqp=-oaymwE2CNACELwBSFXyq4qpAygIARUAAIhCGAFwAcABBvABAfgB1AaAAuADigIMCAAQARhlIFgoVTAP&rs=AOn4CLA1JOxOxpDtM32LR1JoMawhsyvhJw,Sergio Oliveira,external-reference,embed_link_and_summarize_only
27S1A2t20yM,https://www.youtube.com/watch?v=27S1A2t20yM,Audi Q5. la opción más equilibrada.,1140.0,,videos,https://i.ytimg.com/vi/27S1A2t20yM/hqdefault.jpg?sqp=-oaymwEcCNACELwBSFXyq4qpAw4IARUAAIhCGAFwAcABBg==&rs=AOn4CLD3Gq6RZlviAjbCVjd5dS1ZZDTcbQ,Sergio Oliveira,external-reference,embed_link_and_summarize_only
lxul6hl3wgE,https://www.youtube.com/watch?v=lxul6hl3wgE,Volvo XC40. Prueba de que lo seguro y económico no tiene que ser aburrido.,1261.0,,videos,https://i.ytimg.com/vi/lxul6hl3wgE/hqdefault.jpg?sqp=-oaymwEcCNACELwBSFXyq4qpAw4IARUAAIhCGAFwAcABBg==&rs=AOn4CLDhl3GWhCQFDcLBRlHji4d7MssIbA,Sergio Oliveira,external-reference,embed_link_and_summarize_only
F0RNDOKSskY,https://www.youtube.com/watch?v=F0RNDOKSskY,"No está hecha para esto, pero también la puedes usar con carga.",900.0,,videos,https://i.ytimg.com/vi/F0RNDOKSskY/hqdefault.jpg?sqp=-oaymwE2CNACELwBSFXyq4qpAygIARUAAIhCGAFwAcABBvABAfgB1AaAAuADigIMCAAQARhlIFEoQTAP&rs=AOn4CLDuPly9N4M-CEyHzP_eV1ZF4uDTdg,Sergio Oliveira,external-reference,embed_link_and_summarize_only
WqLY6j0o_u8,https://www.youtube.com/watch?v=WqLY6j0o_u8,"Kia Sorento 2021. Más refinada, pero le falta potencia.",1311.0,,videos,https://i.ytimg.com/vi/WqLY6j0o_u8/hqdefault.jpg?sqp=-oaymwEcCNACELwBSFXyq4qpAw4IARUAAIhCGAFwAcABBg==&rs=AOn4CLC61oMj6129rutscQoMmOjNwmFOEQ,Sergio Oliveira,external-reference,embed_link_and_summarize_only
-Wbdd748fcg,https://www.youtube.com/watch?v=-Wbdd748fcg,Manejamos la nueva Nissan NP300 durante 24 horas.,1604.0,,videos,https://i.ytimg.com/vi/-Wbdd748fcg/hqdefault.jpg?sqp=-oaymwEcCNACELwBSFXyq4qpAw4IARUAAIhCGAFwAcABBg==&rs=AOn4CLC4p_Tol8qW22NUPbgV-8RSu21yiQ,Sergio Oliveira,external-reference,embed_link_and_summarize_only
Zt_nVu6Bmf4,https://www.youtube.com/watch?v=Zt_nVu6Bmf4,¿Estoy realmente protegido contra robo de mi auto?,1172.0,,videos,https://i.ytimg.com/vi/Zt_nVu6Bmf4/hqdefault.jpg?sqp=-oaymwEcCNACELwBSFXyq4qpAw4IARUAAIhCGAFwAcABBg==&rs=AOn4CLAU1sUrTGkxtzQyeb6MSlc5VEvsjQ,Sergio Oliveira,external-reference,embed_link_and_summarize_only
GRhcmuukXKQ,https://www.youtube.com/watch?v=GRhcmuukXKQ,Los 5 mejores talleres y llanteras,1113.0,,videos,https://i.ytimg.com/vi/GRhcmuukXKQ/hqdefault.jpg?sqp=-oaymwEcCNACELwBSFXyq4qpAw4IARUAAIhCGAFwAcABBg==&rs=AOn4CLBt0dtoxDqzfUs4Jv2yfA8TtifJXw,Sergio Oliveira,external-reference,embed_link_and_summarize_only
K_cuLiwNTWk,https://www.youtube.com/watch?v=K_cuLiwNTWk,Los planes de Subaru para 2021,1343.0,,videos,https://i.ytimg.com/vi/K_cuLiwNTWk/hqdefault.jpg?sqp=-oaymwE2CNACELwBSFXyq4qpAygIARUAAIhCGAFwAcABBvABAfgB1AaAAuADigIMCAAQARhlIFsoTTAP&rs=AOn4CLA_1B2gNXlgx5W_Z1VkEkBMd8gZFg,Sergio Oliveira,external-reference,embed_link_and_summarize_only
uwHSeRY540w,https://www.youtube.com/watch?v=uwHSeRY540w,Audi TTS,898.0,,videos,https://i.ytimg.com/vi/uwHSeRY540w/hqdefault.jpg?sqp=-oaymwE2CNACELwBSFXyq4qpAygIARUAAIhCGAFwAcABBvABAfgB1AaAAuADigIMCAAQARhlIFYoPzAP&rs=AOn4CLAXUhH23VTGItf255_cc82kFVhbvw,Sergio Oliveira,external-reference,embed_link_and_summarize_only
LjJt4ojZJBg,https://www.youtube.com/watch?v=LjJt4ojZJBg,Mitsubishi Mirage G4. Si va al gimnasio puede volverse una muy buena opción.,621.0,,videos,https://i.ytimg.com/vi/LjJt4ojZJBg/hqdefault.jpg?sqp=-oaymwEcCNACELwBSFXyq4qpAw4IARUAAIhCGAFwAcABBg==&rs=AOn4CLCpepyDKlCMFs6Qq_UdSPP57k2wvw,Sergio Oliveira,external-reference,embed_link_and_summarize_only
_sxm--Pv80o,https://www.youtube.com/watch?v=_sxm--Pv80o,Suzuki Swift Boosterjet,604.0,,videos,https://i.ytimg.com/vi/_sxm--Pv80o/hqdefault.jpg?sqp=-oaymwE2CNACELwBSFXyq4qpAygIARUAAIhCGAFwAcABBvABAfgB1AaAAuADigIMCAAQARhDIFUocjAP&rs=AOn4CLAzYDcbLiUV7QWBENGZkWmL_ijx9A,Sergio Oliveira,external-reference,embed_link_and_summarize_only
_6qCKXXfrHg,https://www.youtube.com/watch?v=_6qCKXXfrHg,GMC Yukon Denali 2021,865.0,,videos,https://i.ytimg.com/vi/_6qCKXXfrHg/hqdefault.jpg?sqp=-oaymwE2CNACELwBSFXyq4qpAygIARUAAIhCGAFwAcABBvABAfgB1AaAAuADigIMCAAQARhlIFooTjAP&rs=AOn4CLD3oLunNPrddG8U3f_4txKi_oC3XA,Sergio Oliveira,external-reference,embed_link_and_summarize_only
qPffJRevqK8,https://www.youtube.com/watch?v=qPffJRevqK8,El nuevo director general de Peugeot México habla del futuro de la marca con Stellantis.,1982.0,,videos,https://i.ytimg.com/vi/qPffJRevqK8/hqdefault.jpg?sqp=-oaymwE2CNACELwBSFXyq4qpAygIARUAAIhCGAFwAcABBvABAfgB1AaAAuADigIMCAAQARhlIGEoWjAP&rs=AOn4CLBnNAm9RWbsH10ku_h5VcwYUSx5zA,Sergio Oliveira,external-reference,embed_link_and_summarize_only
7P_yeW5bcpM,https://www.youtube.com/watch?v=7P_yeW5bcpM,Mazda CX-30 Turbo AWD. Refinamiento con potencia.,1663.0,,videos,https://i.ytimg.com/vi/7P_yeW5bcpM/hqdefault.jpg?sqp=-oaymwEcCNACELwBSFXyq4qpAw4IARUAAIhCGAFwAcABBg==&rs=AOn4CLB7QLRcUztpsWtAonSK8S6rywQ_0g,Sergio Oliveira,external-reference,embed_link_and_summarize_only
vTJPZjlS_Gg,https://www.youtube.com/watch?v=vTJPZjlS_Gg,Jeep Wrangler Unlimited Sahara. La versión civilizada.,1017.0,,videos,https://i.ytimg.com/vi/vTJPZjlS_Gg/hqdefault.jpg?sqp=-oaymwEcCNACELwBSFXyq4qpAw4IARUAAIhCGAFwAcABBg==&rs=AOn4CLDa3NW10FfyCx9D6P38IQipW5TZ0A,Sergio Oliveira,external-reference,embed_link_and_summarize_only
vryrNDScOJ8,https://www.youtube.com/watch?v=vryrNDScOJ8,Seat Ateca FR 2021,913.0,,videos,https://i.ytimg.com/vi/vryrNDScOJ8/hqdefault.jpg?sqp=-oaymwE2CNACELwBSFXyq4qpAygIARUAAIhCGAFwAcABBvABAfgB1AaAAuADigIMCAAQARhlIFQoSjAP&rs=AOn4CLAeNVuD7gGk8TvemTzKQH7h9gcdGA,Sergio Oliveira,external-reference,embed_link_and_summarize_only
o1x3MqvU604,https://www.youtube.com/watch?v=o1x3MqvU604,¿Ya la consideraste para traer con chofer?,522.0,,videos,https://i.ytimg.com/vi/o1x3MqvU604/hqdefault.jpg?sqp=-oaymwE2CNACELwBSFXyq4qpAygIARUAAIhCGAFwAcABBvABAfgB1AaAAuADigIMCAAQARhlIF8oVjAP&rs=AOn4CLB7C6esw7SnsblWz2t9TdpMAtomFA,Sergio Oliveira,external-reference,embed_link_and_summarize_only
OLjp1pqhOFc,https://www.youtube.com/watch?v=OLjp1pqhOFc,BMW 330 e. El lado sexy de la consciencia ecológica.,932.0,,videos,https://i.ytimg.com/vi/OLjp1pqhOFc/hqdefault.jpg?sqp=-oaymwEcCNACELwBSFXyq4qpAw4IARUAAIhCGAFwAcABBg==&rs=AOn4CLBtF4XwVzLRTUVGFC4djWANnL9-ig,Sergio Oliveira,external-reference,embed_link_and_summarize_only
0JIkAy3Oqzg,https://www.youtube.com/watch?v=0JIkAy3Oqzg,Alfa Romeo Stelvio 2 0. La versión a comprar.,865.0,,videos,https://i.ytimg.com/vi/0JIkAy3Oqzg/hqdefault.jpg?sqp=-oaymwEcCNACELwBSFXyq4qpAw4IARUAAIhCGAFwAcABBg==&rs=AOn4CLD9rdPdMHb6EeZr1jKHhpYcMr4nMg,Sergio Oliveira,external-reference,embed_link_and_summarize_only
iOsn3LdBChs,https://www.youtube.com/watch?v=iOsn3LdBChs,Tahoe High Country. Lujo y potencia en un tamaño razonable.,969.0,,videos,https://i.ytimg.com/vi/iOsn3LdBChs/hqdefault.jpg?sqp=-oaymwEcCNACELwBSFXyq4qpAw4IARUAAIhCGAFwAcABBg==&rs=AOn4CLAIt-oiTnDYE8nUuHWdf3WvEI6UwA,Sergio Oliveira,external-reference,embed_link_and_summarize_only
z6WrS-iH8is,https://www.youtube.com/watch?v=z6WrS-iH8is,Ford Figo 2019. Muchas alegrías y una frustración.,800.0,,videos,https://i.ytimg.com/vi/z6WrS-iH8is/hqdefault.jpg?sqp=-oaymwEcCNACELwBSFXyq4qpAw4IARUAAIhCGAFwAcABBg==&rs=AOn4CLCDd2KMqJnYTecszpesKTenaMzYow,Sergio Oliveira,external-reference,embed_link_and_summarize_only
suiB5i3qX6A,https://www.youtube.com/watch?v=suiB5i3qX6A,Suzuki Ignis. Un urbano fuera de su territorio.,605.0,,videos,https://i.ytimg.com/vi/suiB5i3qX6A/hqdefault.jpg?sqp=-oaymwEcCNACELwBSFXyq4qpAw4IARUAAIhCGAFwAcABBg==&rs=AOn4CLDqNfHj8Gh7cPTk0Jxy4p9cOOp3kA,Sergio Oliveira,external-reference,embed_link_and_summarize_only
PVSOjjVBUQo,https://www.youtube.com/watch?v=PVSOjjVBUQo,Jeep Grand Cherokee L 2021,343.0,,videos,https://i.ytimg.com/vi/PVSOjjVBUQo/hqdefault.jpg?sqp=-oaymwEcCNACELwBSFXyq4qpAw4IARUAAIhCGAFwAcABBg==&rs=AOn4CLA883xecMhfHAJJHMiUvKaw235qTA,Sergio Oliveira,external-reference,embed_link_and_summarize_only
ivfgfAib5yA,https://www.youtube.com/watch?v=ivfgfAib5yA,"JAC Sei 7 2019. La reseña de un propietario, un año después.",1183.0,,videos,https://i.ytimg.com/vi/ivfgfAib5yA/hqdefault.jpg?sqp=-oaymwEcCNACELwBSFXyq4qpAw4IARUAAIhCGAFwAcABBg==&rs=AOn4CLDxBJgpTg6tTmNpnX5yWmhRFOxnvg,Sergio Oliveira,external-reference,embed_link_and_summarize_only
s9PGDktEJiM,https://www.youtube.com/watch?v=s9PGDktEJiM,"Pon atención a este video, porque así vas a comprar tu próximo coche.",1691.0,,videos,https://i.ytimg.com/vi/s9PGDktEJiM/hqdefault.jpg?sqp=-oaymwEcCNACELwBSFXyq4qpAw4IARUAAIhCGAFwAcABBg==&rs=AOn4CLBROO5Y2Yb-JE9RJNAl73-wZ0KcrA,Sergio Oliveira,external-reference,embed_link_and_summarize_only
CkVfPSxoMmQ,https://www.youtube.com/watch?v=CkVfPSxoMmQ,Cuando vale la pena comprar  un demo,380.0,,videos,https://i.ytimg.com/vi/CkVfPSxoMmQ/hqdefault.jpg?sqp=-oaymwEcCNACELwBSFXyq4qpAw4IARUAAIhCGAFwAcABBg==&rs=AOn4CLCiIo83LyOVFo3Ly7Lyk0MuLTtX5g,Sergio Oliveira,external-reference,embed_link_and_summarize_only
1mNkhxewins,https://www.youtube.com/watch?v=1mNkhxewins,Dodge Charger Hellcat. La revanche de los sedán.,1182.0,,videos,https://i.ytimg.com/vi/1mNkhxewins/hqdefault.jpg?sqp=-oaymwEcCNACELwBSFXyq4qpAw4IARUAAIhCGAFwAcABBg==&rs=AOn4CLAj3NvbxZyJnfryVnhbYalPyPcsQg,Sergio Oliveira,external-reference,embed_link_and_summarize_only
aoWXa9cvXGY,https://www.youtube.com/watch?v=aoWXa9cvXGY,Chevrolet Beat Active 2021. La nueva mejor opción por menos de 200 mil pesos.,775.0,,videos,https://i.ytimg.com/vi/aoWXa9cvXGY/hqdefault.jpg?sqp=-oaymwEcCNACELwBSFXyq4qpAw4IARUAAIhCGAFwAcABBg==&rs=AOn4CLBxxoN3OxPQv50_DTOsMSTmvIKXFA,Sergio Oliveira,external-reference,embed_link_and_summarize_only
F4ds3dk_Oa4,https://www.youtube.com/watch?v=F4ds3dk_Oa4,"No muchos saben cómo se siente el Subaru BRZ, pero al menos éste seguidor ahora le quedó claro.",1198.0,,videos,https://i.ytimg.com/vi/F4ds3dk_Oa4/hqdefault.jpg?sqp=-oaymwEcCNACELwBSFXyq4qpAw4IARUAAIhCGAFwAcABBg==&rs=AOn4CLAQRtK75dWCBxfvJFKNJVqNkL9AWg,Sergio Oliveira,external-reference,embed_link_and_summarize_only
0Fq90pLDbRk,https://www.youtube.com/watch?v=0Fq90pLDbRk,Bronco Sport Badlands. ¿Alguien tiene el mail de Santa Claus?,1658.0,,videos,https://i.ytimg.com/vi/0Fq90pLDbRk/hqdefault.jpg?sqp=-oaymwEcCNACELwBSFXyq4qpAw4IARUAAIhCGAFwAcABBg==&rs=AOn4CLDzlBfd5zhbehAQFlitAp92orooqw,Sergio Oliveira,external-reference,embed_link_and_summarize_only
rvEaPvGFsMs,https://www.youtube.com/watch?v=rvEaPvGFsMs,Cupra Ateca. Para el que quiere desempeño y no solo ostentar.,900.0,,videos,https://i.ytimg.com/vi/rvEaPvGFsMs/hqdefault.jpg?sqp=-oaymwEcCNACELwBSFXyq4qpAw4IARUAAIhCGAFwAcABBg==&rs=AOn4CLC2aHGkERJpQktK0ShaYe6Kbx2WJQ,Sergio Oliveira,external-reference,embed_link_and_summarize_only
KSgzzHiXO5M,https://www.youtube.com/watch?v=KSgzzHiXO5M,VW Taos. Nace como la mejor de su categoría.,1008.0,,videos,https://i.ytimg.com/vi/KSgzzHiXO5M/hqdefault.jpg?sqp=-oaymwEcCNACELwBSFXyq4qpAw4IARUAAIhCGAFwAcABBg==&rs=AOn4CLC3OtMm4ZGxPhxMKba0SkzdNh56_Q,Sergio Oliveira,external-reference,embed_link_and_summarize_only
kmzIiVtk6jw,https://www.youtube.com/watch?v=kmzIiVtk6jw,Ford Explorer Limited. ¿Y si la usas como una camioneta de 2 filas?,1124.0,,videos,https://i.ytimg.com/vi/kmzIiVtk6jw/hqdefault.jpg?sqp=-oaymwEcCNACELwBSFXyq4qpAw4IARUAAIhCGAFwAcABBg==&rs=AOn4CLBlUDdpx7PjrDvqZeUAH198zZXthg,Sergio Oliveira,external-reference,embed_link_and_summarize_only
alOM3KBtT3g,https://www.youtube.com/watch?v=alOM3KBtT3g,Suzuki Swift Sport,654.0,,videos,https://i.ytimg.com/vi/alOM3KBtT3g/hqdefault.jpg?sqp=-oaymwEcCNACELwBSFXyq4qpAw4IARUAAIhCGAFwAcABBg==&rs=AOn4CLCocjp6abuJgKGWwd0r-bilRPa_pA,Sergio Oliveira,external-reference,embed_link_and_summarize_only
g_gFVx7yBJY,https://www.youtube.com/watch?v=g_gFVx7yBJY,Lincoln Continental. Podría vivir con este auto toda mi vida.,1405.0,,videos,https://i.ytimg.com/vi/g_gFVx7yBJY/hqdefault.jpg?sqp=-oaymwEcCNACELwBSFXyq4qpAw4IARUAAIhCGAFwAcABBg==&rs=AOn4CLBKrbtmOOgUqrotatEcwTUlWgMjaw,Sergio Oliveira,external-reference,embed_link_and_summarize_only
UoM-fa7pWjQ,https://www.youtube.com/watch?v=UoM-fa7pWjQ,BMW X6 M50i,1280.0,,videos,https://i.ytimg.com/vi/UoM-fa7pWjQ/hqdefault.jpg?sqp=-oaymwEcCNACELwBSFXyq4qpAw4IARUAAIhCGAFwAcABBg==&rs=AOn4CLCgh2wmFtOVYMARaiMxlHBp6E6Odg,Sergio Oliveira,external-reference,embed_link_and_summarize_only
mu3kBhw2J_g,https://www.youtube.com/watch?v=mu3kBhw2J_g,¿Todas las marcas japonesas son iguales?,1973.0,,videos,https://i.ytimg.com/vi/mu3kBhw2J_g/hqdefault.jpg?sqp=-oaymwEcCNACELwBSFXyq4qpAw4IARUAAIhCGAFwAcABBg==&rs=AOn4CLD8QwHlFJwMMzK0uhoZ76gEdk0ilw,Sergio Oliveira,external-reference,embed_link_and_summarize_only
DVUNXWmgSEk,https://www.youtube.com/watch?v=DVUNXWmgSEk,Chevrolet Tracker LS manual. La camioneta porque ella lo quiere. Manual porque a ti te gusta.,686.0,,videos,https://i.ytimg.com/vi/DVUNXWmgSEk/hqdefault.jpg?sqp=-oaymwEcCNACELwBSFXyq4qpAw4IARUAAIhCGAFwAcABBg==&rs=AOn4CLAs4uwQwC2O8IweEKOqnKmBtTeYUA,Sergio Oliveira,external-reference,embed_link_and_summarize_only
8PJPEYgMXOk,https://www.youtube.com/watch?v=8PJPEYgMXOk,Audi e-Tron. El futuro a la moda alemana.,1429.0,,videos,https://i.ytimg.com/vi/8PJPEYgMXOk/hqdefault.jpg?sqp=-oaymwEcCNACELwBSFXyq4qpAw4IARUAAIhCGAFwAcABBg==&rs=AOn4CLCVfvDxVNE9WyW_Ybz8wbWsQ9uIXQ,Sergio Oliveira,external-reference,embed_link_and_summarize_only
rHZlaJnuB_I,https://www.youtube.com/watch?v=rHZlaJnuB_I,El sedán que más he recomendado,583.0,,videos,https://i.ytimg.com/vi/rHZlaJnuB_I/hqdefault.jpg?sqp=-oaymwEcCNACELwBSFXyq4qpAw4IARUAAIhCGAFwAcABBg==&rs=AOn4CLDD9RSrV6WWJHuIGkZ-J9Cxtk_kIA,Sergio Oliveira,external-reference,embed_link_and_summarize_only
a3gcowy1enE,https://www.youtube.com/watch?v=a3gcowy1enE,"VW Tiguan Highline. Espacio, confort y tecnología.",871.0,,videos,https://i.ytimg.com/vi/a3gcowy1enE/hqdefault.jpg?sqp=-oaymwEcCNACELwBSFXyq4qpAw4IARUAAIhCGAFwAcABBg==&rs=AOn4CLA9R6N2oXjXzIpcBzDUO5WQDBzcvA,Sergio Oliveira,external-reference,embed_link_and_summarize_only
vaysVq7ZuDw,https://www.youtube.com/watch?v=vaysVq7ZuDw,Ram 700 2021. El mejor valor/precio de su categoría.,1110.0,,videos,https://i.ytimg.com/vi/vaysVq7ZuDw/hqdefault.jpg?sqp=-oaymwEcCNACELwBSFXyq4qpAw4IARUAAIhCGAFwAcABBg==&rs=AOn4CLDKmbFj4hv0ixyGh0WOyQkPuaMVzA,Sergio Oliveira,external-reference,embed_link_and_summarize_only
R0O2ZyRz48A,https://www.youtube.com/watch?v=R0O2ZyRz48A,"VW Jetta. Después de tantos años, sigue siendo el líder.",1230.0,,videos,https://i.ytimg.com/vi/R0O2ZyRz48A/hqdefault.jpg?sqp=-oaymwEcCNACELwBSFXyq4qpAw4IARUAAIhCGAFwAcABBg==&rs=AOn4CLA__HSqx1MCTMQKNdfHgcWp2noUQA,Sergio Oliveira,external-reference,embed_link_and_summarize_only
l-NOmjvOcWM,https://www.youtube.com/watch?v=l-NOmjvOcWM,Entrevista Suzuki México ¿Será que habrá un Jimny Boosterjet en el futuro?,1676.0,,videos,https://i.ytimg.com/vi/l-NOmjvOcWM/hqdefault.jpg?sqp=-oaymwEcCNACELwBSFXyq4qpAw4IARUAAIhCGAFwAcABBg==&rs=AOn4CLDhC2QTTU5SW5EAMqShbK38pT7QmQ,Sergio Oliveira,external-reference,embed_link_and_summarize_only
mtKitipMjE4,https://www.youtube.com/watch?v=mtKitipMjE4,Acura TLX 2021. Ya no es solo un Accord de lujo.,1357.0,,videos,https://i.ytimg.com/vi/mtKitipMjE4/hqdefault.jpg?sqp=-oaymwEcCNACELwBSFXyq4qpAw4IARUAAIhCGAFwAcABBg==&rs=AOn4CLDHAA8EZPauVQBxIUGnqNIecyQvWA,Sergio Oliveira,external-reference,embed_link_and_summarize_only
ZacsLXoIVVU,https://www.youtube.com/watch?v=ZacsLXoIVVU,Suzuki Jimny. Finalmente está aquí el magnífico juguete todo-terreno,513.0,,videos,https://i.ytimg.com/vi/ZacsLXoIVVU/hqdefault.jpg?sqp=-oaymwEcCNACELwBSFXyq4qpAw4IARUAAIhCGAFwAcABBg==&rs=AOn4CLDuMbcxLxm4XqFskWnFD42yOalrdg,Sergio Oliveira,external-reference,embed_link_and_summarize_only
MUU2-Y10Tnk,https://www.youtube.com/watch?v=MUU2-Y10Tnk,Todo lo que necesitas saber de MG en México,1250.0,,videos,https://i.ytimg.com/vi/MUU2-Y10Tnk/hqdefault.jpg?sqp=-oaymwEcCNACELwBSFXyq4qpAw4IARUAAIhCGAFwAcABBg==&rs=AOn4CLA6nammcGqqimqOMwXVgR1LKczMNQ,Sergio Oliveira,external-reference,embed_link_and_summarize_only
WGfjyEts4PQ,https://www.youtube.com/watch?v=WGfjyEts4PQ,Chevrolet Corvette. Aún estoy buscando algo que no me guste.,1919.0,,videos,https://i.ytimg.com/vi/WGfjyEts4PQ/hqdefault.jpg?sqp=-oaymwEcCNACELwBSFXyq4qpAw4IARUAAIhCGAFwAcABBg==&rs=AOn4CLCKaG34TXg3irQcSgXHm8S-JN8DyQ,Sergio Oliveira,external-reference,embed_link_and_summarize_only
tQMl965turQ,https://www.youtube.com/watch?v=tQMl965turQ,"Mazda 3 HB Turbo 2021. No es deportivo, pero puede rebasar a uno que otro que se definan así.",1397.0,,videos,https://i.ytimg.com/vi/tQMl965turQ/hqdefault.jpg?sqp=-oaymwEcCNACELwBSFXyq4qpAw4IARUAAIhCGAFwAcABBg==&rs=AOn4CLDrt6kHqSYCa7K8dgzxNs8Kha3dBg,Sergio Oliveira,external-reference,embed_link_and_summarize_only
UELtAQboMDM,https://www.youtube.com/watch?v=UELtAQboMDM,MG HS Trophy. Gran valor por tu dinero.,1208.0,,videos,https://i.ytimg.com/vi/UELtAQboMDM/hqdefault.jpg?sqp=-oaymwEcCNACELwBSFXyq4qpAw4IARUAAIhCGAFwAcABBg==&rs=AOn4CLCxZIsXs76IbHvcbcekd6rJkKHvUA,Sergio Oliveira,external-reference,embed_link_and_summarize_only
kqGwqTtwFxU,https://www.youtube.com/watch?v=kqGwqTtwFxU,Mercedes-Benz GLE 450. Lujo de altura.,1167.0,,videos,https://i.ytimg.com/vi/kqGwqTtwFxU/hqdefault.jpg?sqp=-oaymwEcCNACELwBSFXyq4qpAw4IARUAAIhCGAFwAcABBg==&rs=AOn4CLBaqCFZ9O9p9PCvwKrawO1DyAQL2Q,Sergio Oliveira,external-reference,embed_link_and_summarize_only
apxRxngot08,https://www.youtube.com/watch?v=apxRxngot08,¿Cuánto cuesta tener un Maserati en México?,1122.0,,videos,https://i.ytimg.com/vi/apxRxngot08/hqdefault.jpg?sqp=-oaymwEcCNACELwBSFXyq4qpAw4IARUAAIhCGAFwAcABBg==&rs=AOn4CLDtoRBRByeeEKRqZfkdAeU_p33fuQ,Sergio Oliveira,external-reference,embed_link_and_summarize_only
mAle-bbrV1g,https://www.youtube.com/watch?v=mAle-bbrV1g,Mercedes-Benz S65 AMG. Sólo subirse a él ya es un placer.,581.0,,videos,https://i.ytimg.com/vi/mAle-bbrV1g/hqdefault.jpg?sqp=-oaymwEcCNACELwBSFXyq4qpAw4IARUAAIhCGAFwAcABBg==&rs=AOn4CLCwh3p8HhQPlEnPORW_XJAbTYuiCA,Sergio Oliveira,external-reference,embed_link_and_summarize_only
ASuyOO-HFD8,https://www.youtube.com/watch?v=ASuyOO-HFD8,"Fiat Argo. Cómodo, sólido, pero le falta potencia y le sobra precio.",990.0,,videos,https://i.ytimg.com/vi/ASuyOO-HFD8/hqdefault.jpg?sqp=-oaymwEcCNACELwBSFXyq4qpAw4IARUAAIhCGAFwAcABBg==&rs=AOn4CLDeWavF35517JO2sMe-1w6yrx4VxQ,Sergio Oliveira,external-reference,embed_link_and_summarize_only
T7LwdSwapkc,https://www.youtube.com/watch?v=T7LwdSwapkc,Chevrolet Silverado. El lado individualista de las pickups.,565.0,,videos,https://i.ytimg.com/vi/T7LwdSwapkc/hqdefault.jpg?sqp=-oaymwEcCNACELwBSFXyq4qpAw4IARUAAIhCGAFwAcABBg==&rs=AOn4CLBBW-zlxQKnBKXRIgdEYSI8M3orUQ,Sergio Oliveira,external-reference,embed_link_and_summarize_only
9Qs2AqUXoAM,https://www.youtube.com/watch?v=9Qs2AqUXoAM,Renault Kwid. ¿Coche o SUV?,824.0,,videos,https://i.ytimg.com/vi/9Qs2AqUXoAM/hqdefault.jpg?sqp=-oaymwEcCNACELwBSFXyq4qpAw4IARUAAIhCGAFwAcABBg==&rs=AOn4CLBa8e0x-IDxoF_3n0RBzSReAZn2Dw,Sergio Oliveira,external-reference,embed_link_and_summarize_only
VEOpjvoxGNQ,https://www.youtube.com/watch?v=VEOpjvoxGNQ,La Kangoo eléctrico y más novedades de Renault México.,1675.0,,videos,https://i.ytimg.com/vi/VEOpjvoxGNQ/hqdefault.jpg?sqp=-oaymwEcCNACELwBSFXyq4qpAw4IARUAAIhCGAFwAcABBg==&rs=AOn4CLDhnpRvygq4tTIvFOjVfKbt-agpTw,Sergio Oliveira,external-reference,embed_link_and_summarize_only
4UI7bp_dgW4,https://www.youtube.com/watch?v=4UI7bp_dgW4,Suzuki XL7 2021. Más refinada y con aires de SUV.,1082.0,,videos,https://i.ytimg.com/vi/4UI7bp_dgW4/hqdefault.jpg?sqp=-oaymwEcCNACELwBSFXyq4qpAw4IARUAAIhCGAFwAcABBg==&rs=AOn4CLA8gTFN4rNJvO6ZW8aitcnntErCJA,Sergio Oliveira,external-reference,embed_link_and_summarize_only
zF0ZpqM0Lqc,https://www.youtube.com/watch?v=zF0ZpqM0Lqc,Escalade ESV 2021. Más espacio y tecnología que ninguna otra.,1477.0,,videos,https://i.ytimg.com/vi/zF0ZpqM0Lqc/hqdefault.jpg?sqp=-oaymwEcCNACELwBSFXyq4qpAw4IARUAAIhCGAFwAcABBg==&rs=AOn4CLBIR4zQvtM2lDTsBQIOnVyTPy4Arw,Sergio Oliveira,external-reference,embed_link_and_summarize_only
3bu4Hd9B1Mo,https://www.youtube.com/watch?v=3bu4Hd9B1Mo,Entrevista :Alfonso Chiquini nos habla de Taos y del arribo inminente de GTI y los VW eléctricos.,2096.0,,videos,https://i.ytimg.com/vi/3bu4Hd9B1Mo/hqdefault.jpg?sqp=-oaymwEcCNACELwBSFXyq4qpAw4IARUAAIhCGAFwAcABBg==&rs=AOn4CLBzIjzAyh8Lxn8SHZJl3eW7jGLXsw,Sergio Oliveira,external-reference,embed_link_and_summarize_only
dz8-fsgNGzM,https://www.youtube.com/watch?v=dz8-fsgNGzM,Audi Q3 Sportback. Diseñada para enamorarte.,1049.0,,videos,https://i.ytimg.com/vi/dz8-fsgNGzM/hqdefault.jpg?sqp=-oaymwEcCNACELwBSFXyq4qpAw4IARUAAIhCGAFwAcABBg==&rs=AOn4CLBeWkW2G_Kx6zpE3iIsczvXZ2SFIQ,Sergio Oliveira,external-reference,embed_link_and_summarize_only
Daz7f_dTHK8,https://www.youtube.com/watch?v=Daz7f_dTHK8,Chevrolet Suburban High Country 2021. En las curvas es donde se prueba una buena suspensión.,645.0,,videos,https://i.ytimg.com/vi/Daz7f_dTHK8/hqdefault.jpg?sqp=-oaymwEcCNACELwBSFXyq4qpAw4IARUAAIhCGAFwAcABBg==&rs=AOn4CLCriyn4nOZzeAr8CEmphbCmKf_PbQ,Sergio Oliveira,external-reference,embed_link_and_summarize_only
bwzRNqLyKv8,https://www.youtube.com/watch?v=bwzRNqLyKv8,"Chevrolet Tahoe RST 2021. Una SUV de de verdad, con espíritu individualista.",1058.0,,videos,https://i.ytimg.com/vi/bwzRNqLyKv8/hqdefault.jpg?sqp=-oaymwEcCNACELwBSFXyq4qpAw4IARUAAIhCGAFwAcABBg==&rs=AOn4CLDX-WsJw7gsvBiFdzJVo3zHo_BtTg,Sergio Oliveira,external-reference,embed_link_and_summarize_only
4tJfuMr_s8c,https://www.youtube.com/watch?v=4tJfuMr_s8c,"Chevrolet Tracker 2021. Por motor y equipo, gran opción.",720.0,,videos,https://i.ytimg.com/vi/4tJfuMr_s8c/hqdefault.jpg?sqp=-oaymwEcCNACELwBSFXyq4qpAw4IARUAAIhCGAFwAcABBg==&rs=AOn4CLAoWuQ3YjDELwMu7Dvex5j2eTyr_w,Sergio Oliveira,external-reference,embed_link_and_summarize_only
yxPoxfIjbQY,https://www.youtube.com/watch?v=yxPoxfIjbQY,"VW TCross. Espacio, manejo y tecnología.",978.0,,videos,https://i.ytimg.com/vi/yxPoxfIjbQY/hqdefault.jpg?sqp=-oaymwEcCNACELwBSFXyq4qpAw4IARUAAIhCGAFwAcABBg==&rs=AOn4CLB3r7YYahPm1k3wpFzzJI0yyVD7fA,Sergio Oliveira,external-reference,embed_link_and_summarize_only
sS7zPVFrSjc,https://www.youtube.com/watch?v=sS7zPVFrSjc,Lincoln Aviator. Muchos deportivos no tienen el torque de este crossover de lujo.,1368.0,,videos,https://i.ytimg.com/vi/sS7zPVFrSjc/hqdefault.jpg?sqp=-oaymwEcCNACELwBSFXyq4qpAw4IARUAAIhCGAFwAcABBg==&rs=AOn4CLCSft_fnn_oyEUnSJXOEwgtgmF7hA,Sergio Oliveira,external-reference,embed_link_and_summarize_only
qHIEwWrgkcQ,https://www.youtube.com/watch?v=qHIEwWrgkcQ,Subaru XV. Aún más refinada.,751.0,,videos,https://i.ytimg.com/vi/qHIEwWrgkcQ/hqdefault.jpg?sqp=-oaymwEcCNACELwBSFXyq4qpAw4IARUAAIhCGAFwAcABBg==&rs=AOn4CLCS5KBCq_KfCtHmhQ8ZoO9qz_u7mA,Sergio Oliveira,external-reference,embed_link_and_summarize_only
WLPCQlW13Vk,https://www.youtube.com/watch?v=WLPCQlW13Vk,Chevrolet Suburban High Country  2021. La reina mantiene la corona.,1107.0,,videos,https://i.ytimg.com/vi/WLPCQlW13Vk/hqdefault.jpg?sqp=-oaymwEcCNACELwBSFXyq4qpAw4IARUAAIhCGAFwAcABBg==&rs=AOn4CLDMmBDxfxgQ9d4X7k90EaP-6mytPA,Sergio Oliveira,external-reference,embed_link_and_summarize_only
-k2rotkUa2w,https://www.youtube.com/watch?v=-k2rotkUa2w,Onix turbo y con caja manual. La receta para un entusiasta.,517.0,,videos,https://i.ytimg.com/vi/-k2rotkUa2w/hqdefault.jpg?sqp=-oaymwEcCNACELwBSFXyq4qpAw4IARUAAIhCGAFwAcABBg==&rs=AOn4CLCcY2LQvhdd-5ymPReHnZQfN_fGRw,Sergio Oliveira,external-reference,embed_link_and_summarize_only
ycyQrUlQfKI,https://www.youtube.com/watch?v=ycyQrUlQfKI,Swift Boosterjet. ¿Aún es el mejor después de 3 años?,929.0,,videos,https://i.ytimg.com/vi/ycyQrUlQfKI/hqdefault.jpg?sqp=-oaymwEcCNACELwBSFXyq4qpAw4IARUAAIhCGAFwAcABBg==&rs=AOn4CLAKm-ryobwN4saKATYk-8gwjMitLA,Sergio Oliveira,external-reference,embed_link_and_summarize_only
uxTwEBuFtuI,https://www.youtube.com/watch?v=uxTwEBuFtuI,Peugeot 2008 GT 2021. ¿Estará México listo para esta conversación?,1211.0,,videos,https://i.ytimg.com/vi/uxTwEBuFtuI/hqdefault.jpg?sqp=-oaymwEcCNACELwBSFXyq4qpAw4IARUAAIhCGAFwAcABBg==&rs=AOn4CLC7pYMOmJSwmK7SN1co9pJPRpIyTw,Sergio Oliveira,external-reference,embed_link_and_summarize_only
R5PhvyJewoI,https://www.youtube.com/watch?v=R5PhvyJewoI,Nissan Sentra SR. Porque puedes manejar un sedán con caja manual y mucho equipo.,846.0,,videos,https://i.ytimg.com/vi/R5PhvyJewoI/hqdefault.jpg?sqp=-oaymwEcCNACELwBSFXyq4qpAw4IARUAAIhCGAFwAcABBg==&rs=AOn4CLCramCt_j4qnU2k2B_BBYAKRp1New,Sergio Oliveira,external-reference,embed_link_and_summarize_only
LNhxlnhv3Tw,https://www.youtube.com/watch?v=LNhxlnhv3Tw,No vas a creer qué fue lo primero que produjo Mazda en su historia.,1210.0,,videos,https://i.ytimg.com/vi/LNhxlnhv3Tw/hqdefault.jpg?sqp=-oaymwEcCNACELwBSFXyq4qpAw4IARUAAIhCGAFwAcABBg==&rs=AOn4CLCSZ9FuBnxHgmV0nVFQ7IwnYq8IWg,Sergio Oliveira,external-reference,embed_link_and_summarize_only
68Ea0_BHpdk,https://www.youtube.com/watch?v=68Ea0_BHpdk,Jeep Grand Wagoneer 2021. nadie esperaba que fuera como es.,314.0,,videos,https://i.ytimg.com/vi/68Ea0_BHpdk/hqdefault.jpg?sqp=-oaymwEcCNACELwBSFXyq4qpAw4IARUAAIhCGAFwAcABBg==&rs=AOn4CLAa0fuZwtHrWtQGIW3hg_CJ7zaEEQ,Sergio Oliveira,external-reference,embed_link_and_summarize_only
LZb5dDY_lAI,https://www.youtube.com/watch?v=LZb5dDY_lAI,Subaru BRZ vs Mazda MX-5. ¿Cuál es el mejor?,900.0,,videos,https://i.ytimg.com/vi/LZb5dDY_lAI/hqdefault.jpg?sqp=-oaymwEcCNACELwBSFXyq4qpAw4IARUAAIhCGAFwAcABBg==&rs=AOn4CLD8TLlwJmaBVdu1Wr0VJ0gnryiSCg,Sergio Oliveira,external-reference,embed_link_and_summarize_only
zrUj1Sr1VAM,https://www.youtube.com/watch?v=zrUj1Sr1VAM,Nueva 3008 modelo 2021. Aún más sofisticada,156.0,,videos,https://i.ytimg.com/vi/zrUj1Sr1VAM/hqdefault.jpg?sqp=-oaymwEcCNACELwBSFXyq4qpAw4IARUAAIhCGAFwAcABBg==&rs=AOn4CLBQxOaojPYrYgb3e7QUDrcO7QzRfQ,Sergio Oliveira,external-reference,embed_link_and_summarize_only
kEjSwMm41oM,https://www.youtube.com/watch?v=kEjSwMm41oM,BMW X6 M50i . Te vas a enamorar de esta camioneta. Por lo meno del motor.,1061.0,,videos,https://i.ytimg.com/vi/kEjSwMm41oM/hqdefault.jpg?sqp=-oaymwEcCNACELwBSFXyq4qpAw4IARUAAIhCGAFwAcABBg==&rs=AOn4CLAjZNQ22i88v9pH-GNKu95TPpkdsg,Sergio Oliveira,external-reference,embed_link_and_summarize_only
O2nyRW6sFnI,https://www.youtube.com/watch?v=O2nyRW6sFnI,Toyota Camry Híbrido. La alegría del abuelo.,1090.0,,videos,https://i.ytimg.com/vi/O2nyRW6sFnI/hqdefault.jpg?sqp=-oaymwEcCNACELwBSFXyq4qpAw4IARUAAIhCGAFwAcABBg==&rs=AOn4CLBeHko4mOSUKYDPFoSd6Z8FyRcMIg,Sergio Oliveira,external-reference,embed_link_and_summarize_only
ceE_0Nur7_8,https://www.youtube.com/watch?v=ceE_0Nur7_8,"Nueva Ram TRX 2021. ¿Bye, bye, Raptor?",237.0,,videos,https://i.ytimg.com/vi/ceE_0Nur7_8/hqdefault.jpg?sqp=-oaymwEcCNACELwBSFXyq4qpAw4IARUAAIhCGAFwAcABBg==&rs=AOn4CLBodvFHsfZk3Pyp24m60IcJKw-qCA,Sergio Oliveira,external-reference,embed_link_and_summarize_only
yc5btlt5l6w,https://www.youtube.com/watch?v=yc5btlt5l6w,¿Qué camioneta es esta?,899.0,,videos,https://i.ytimg.com/vi/yc5btlt5l6w/hqdefault.jpg?sqp=-oaymwEcCNACELwBSFXyq4qpAw4IARUAAIhCGAFwAcABBg==&rs=AOn4CLCPrj_ODjgRtGfUhYsYwvZPLfT6XQ,Sergio Oliveira,external-reference,embed_link_and_summarize_only
eBUp4sgzyHQ,https://www.youtube.com/watch?v=eBUp4sgzyHQ,"En este momento, no hay nada mejor en su clase .",1140.0,,videos,https://i.ytimg.com/vi/eBUp4sgzyHQ/hqdefault.jpg?sqp=-oaymwEcCNACELwBSFXyq4qpAw4IARUAAIhCGAFwAcABBg==&rs=AOn4CLCI-F-NjjXq4rvxT_blplmsP19HmQ,Sergio Oliveira,external-reference,embed_link_and_summarize_only
o4gLVrL2tIA,https://www.youtube.com/watch?v=o4gLVrL2tIA,"Hyundai Grand i10 sedán 2021. Le sobra precio, le falta seguridad.",986.0,,videos,https://i.ytimg.com/vi/o4gLVrL2tIA/hqdefault.jpg?sqp=-oaymwEcCNACELwBSFXyq4qpAw4IARUAAIhCGAFwAcABBg==&rs=AOn4CLAxhpCqQu3Jmo088jDwpogWetVkjg,Sergio Oliveira,external-reference,embed_link_and_summarize_only
YFvkqXsl0qg,https://www.youtube.com/watch?v=YFvkqXsl0qg,"Por este dinero puedes comprar un buen sedán, o cumplir un sueño.",1164.0,,videos,https://i.ytimg.com/vi/YFvkqXsl0qg/hqdefault.jpg?sqp=-oaymwEcCNACELwBSFXyq4qpAw4IARUAAIhCGAFwAcABBg==&rs=AOn4CLAvDkI7odLRsOMxnnADQIlDNqbtDA,Sergio Oliveira,external-reference,embed_link_and_summarize_only
jHq1q6ewN28,https://www.youtube.com/watch?v=jHq1q6ewN28,"VW Vento 2020. Un buen auto, que necesita evolucionar.",507.0,,videos,https://i.ytimg.com/vi/jHq1q6ewN28/hqdefault.jpg?sqp=-oaymwEcCNACELwBSFXyq4qpAw4IARUAAIhCGAFwAcABBg==&rs=AOn4CLBSdnm6PY-ixqk7lsX5HU1ip4jWGQ,Sergio Oliveira,external-reference,embed_link_and_summarize_only
wESbKW0_tZY,https://www.youtube.com/watch?v=wESbKW0_tZY,"""Esta camioneta mejor no la robemos. Tiene OnStar""",2487.0,,videos,https://i.ytimg.com/vi/wESbKW0_tZY/hqdefault.jpg?sqp=-oaymwEcCNACELwBSFXyq4qpAw4IARUAAIhCGAFwAcABBg==&rs=AOn4CLBvCjPvlVfLLt_epiOeYlCXkxiFsg,Sergio Oliveira,external-reference,embed_link_and_summarize_only
fwCIeORWm7c,https://www.youtube.com/watch?v=fwCIeORWm7c,Tu no tienes seguro de tu auto. Pero deberías tenerlo.,208.0,,videos,https://i.ytimg.com/vi/fwCIeORWm7c/hqdefault.jpg?sqp=-oaymwEcCNACELwBSFXyq4qpAw4IARUAAIhCGAFwAcABBg==&rs=AOn4CLCsD02Qnexnlf4pH7gd8bE0K0AEKw,Sergio Oliveira,external-reference,embed_link_and_summarize_only
F1TZqkcyYL4,https://www.youtube.com/watch?v=F1TZqkcyYL4,Ford Explorer ST. Un deportivo de altura.,962.0,,videos,https://i.ytimg.com/vi/F1TZqkcyYL4/hqdefault.jpg?sqp=-oaymwEcCNACELwBSFXyq4qpAw4IARUAAIhCGAFwAcABBg==&rs=AOn4CLCBmfwCDDRNTg4KfJpsCGYBzQ9Sig,Sergio Oliveira,external-reference,embed_link_and_summarize_only
ZzONXpM64Uc,https://www.youtube.com/watch?v=ZzONXpM64Uc,"Toyota Tacoma 2020. Por favor, ya háganle una nueva generación.",766.0,,videos,https://i.ytimg.com/vi/ZzONXpM64Uc/hqdefault.jpg?sqp=-oaymwEcCNACELwBSFXyq4qpAw4IARUAAIhCGAFwAcABBg==&rs=AOn4CLCOA2XOfmB_ScBZD_4h9rjfpeC5uQ,Sergio Oliveira,external-reference,embed_link_and_summarize_only
92A0beVToi0,https://www.youtube.com/watch?v=92A0beVToi0,Chevrolet Onix LT. ¿Es suficiente el motor chico?,810.0,,videos,https://i.ytimg.com/vi/92A0beVToi0/hqdefault.jpg?sqp=-oaymwEcCNACELwBSFXyq4qpAw4IARUAAIhCGAFwAcABBg==&rs=AOn4CLDnTznI29TW7C10XtiHMMbZXSBjdQ,Sergio Oliveira,external-reference,embed_link_and_summarize_only
QQlymuGny3Y,https://www.youtube.com/watch?v=QQlymuGny3Y,"Stellantis, nuevos productos y todo lo que necesitas saber sobre FCA",1793.0,,videos,https://i.ytimg.com/vi/QQlymuGny3Y/hqdefault.jpg?sqp=-oaymwEcCNACELwBSFXyq4qpAw4IARUAAIhCGAFwAcABBg==&rs=AOn4CLBU1OUQymzJlId9Hdj_GVc1xcB7Fg,Sergio Oliveira,external-reference,embed_link_and_summarize_only
fRNPpC0OiTk,https://www.youtube.com/watch?v=fRNPpC0OiTk,Alfa Romeo Stelvio QV. Para enamorarse.,994.0,,videos,https://i.ytimg.com/vi/fRNPpC0OiTk/hqdefault.jpg?sqp=-oaymwEcCNACELwBSFXyq4qpAw4IARUAAIhCGAFwAcABBg==&rs=AOn4CLBJHMbEEiBKgz7Tf_kqpqYDMZNwcA,Sergio Oliveira,external-reference,embed_link_and_summarize_only
Ir-BhvZdR9Q,https://www.youtube.com/watch?v=Ir-BhvZdR9Q,"La llegada del nuevo León, el crecimiento de Cupra y las motos eléctricas de Seat",2224.0,,videos,https://i.ytimg.com/vi/Ir-BhvZdR9Q/hqdefault.jpg?sqp=-oaymwEcCNACELwBSFXyq4qpAw4IARUAAIhCGAFwAcABBg==&rs=AOn4CLDcxHkhNvFfTzEHbuj0cChF7NOP6Q,Sergio Oliveira,external-reference,embed_link_and_summarize_only
NFCZLY-rPnY,https://www.youtube.com/watch?v=NFCZLY-rPnY,Suzuki Ignis 2021. De verdad te sientes en una camioneta.,785.0,,videos,https://i.ytimg.com/vi/NFCZLY-rPnY/hqdefault.jpg?sqp=-oaymwEcCNACELwBSFXyq4qpAw4IARUAAIhCGAFwAcABBg==&rs=AOn4CLB9kgnScvP78OE44_E7QXqcNw-KeQ,Sergio Oliveira,external-reference,embed_link_and_summarize_only
NRJVFtACAVA,https://www.youtube.com/watch?v=NRJVFtACAVA,Ford Bronco 2021. Ford renueva un clásico y hace una familia.,750.0,,videos,https://i.ytimg.com/vi/NRJVFtACAVA/hqdefault.jpg?sqp=-oaymwEcCNACELwBSFXyq4qpAw4IARUAAIhCGAFwAcABBg==&rs=AOn4CLDKJDxogA9Qg9JXwtzOeZHgsxh_0A,Sergio Oliveira,external-reference,embed_link_and_summarize_only
6Xh_--DLmCs,https://www.youtube.com/watch?v=6Xh_--DLmCs,Ni yo creo que es un Sentra,1361.0,,videos,https://i.ytimg.com/vi/6Xh_--DLmCs/hqdefault.jpg?sqp=-oaymwEcCNACELwBSFXyq4qpAw4IARUAAIhCGAFwAcABBg==&rs=AOn4CLCle1DDYr0h0JhCuYdFAefUDxmyTA,Sergio Oliveira,external-reference,embed_link_and_summarize_only
wEcXoyEftnY,https://www.youtube.com/watch?v=wEcXoyEftnY,Todo lo que necesitas saber sobre Jeep y Ram en 2020,1192.0,,videos,https://i.ytimg.com/vi/wEcXoyEftnY/hqdefault.jpg?sqp=-oaymwEcCNACELwBSFXyq4qpAw4IARUAAIhCGAFwAcABBg==&rs=AOn4CLBavqnVYEuhcLA2GBnTbMT_7Ox5jw,Sergio Oliveira,external-reference,embed_link_and_summarize_only
Qmzzhopwrtk,https://www.youtube.com/watch?v=Qmzzhopwrtk,"¿Qué prefiere Franky Mostro: GM, Ford o Mopar?",1896.0,,videos,https://i.ytimg.com/vi/Qmzzhopwrtk/hqdefault.jpg?sqp=-oaymwEcCNACELwBSFXyq4qpAw4IARUAAIhCGAFwAcABBg==&rs=AOn4CLA5nOqozlhouYm1WvaL9xbM8LOYaA,Sergio Oliveira,external-reference,embed_link_and_summarize_only
GZs6_7UUWLo,https://www.youtube.com/watch?v=GZs6_7UUWLo,BMW. X5 XDrive 45 e. No conozco nada mejor en su clase.,899.0,,videos,https://i.ytimg.com/vi/GZs6_7UUWLo/hqdefault.jpg?sqp=-oaymwEcCNACELwBSFXyq4qpAw4IARUAAIhCGAFwAcABBg==&rs=AOn4CLDdu9U6SbSULyFV0QPQwkZPQ6_U2Q,Sergio Oliveira,external-reference,embed_link_and_summarize_only
5amgEeVPvfk,https://www.youtube.com/watch?v=5amgEeVPvfk,JAC e-Sei 1. El auto eléctrico moderno más barato en México,1315.0,,videos,https://i.ytimg.com/vi/5amgEeVPvfk/hqdefault.jpg?sqp=-oaymwEcCNACELwBSFXyq4qpAw4IARUAAIhCGAFwAcABBg==&rs=AOn4CLCdFsTDptsudyOVu3ktQewmlixNlQ,Sergio Oliveira,external-reference,embed_link_and_summarize_only
qHHaWgI0khA,https://www.youtube.com/watch?v=qHHaWgI0khA,¿Cuándo tu auto gasta más combustible?,623.0,,videos,https://i.ytimg.com/vi/qHHaWgI0khA/hqdefault.jpg?sqp=-oaymwEcCNACELwBSFXyq4qpAw4IARUAAIhCGAFwAcABBg==&rs=AOn4CLDyLmmQ5axMrqCsKqNvbaZKi_hqPg,Sergio Oliveira,external-reference,embed_link_and_summarize_only
Z2YDBu7VwfI,https://www.youtube.com/watch?v=Z2YDBu7VwfI,"Entrevista con Jesus Gallo, Director de Alfa Romeo en México, sobre los 110 años de la marca.",1643.0,,videos,https://i.ytimg.com/vi/Z2YDBu7VwfI/hqdefault.jpg?sqp=-oaymwEcCNACELwBSFXyq4qpAw4IARUAAIhCGAFwAcABBg==&rs=AOn4CLCA58Ia0BOYhCMTmL5DGgdf5CAfCg,Sergio Oliveira,external-reference,embed_link_and_summarize_only
hzNrZKgZxEI,https://www.youtube.com/watch?v=hzNrZKgZxEI,Peugeot Guadalajara se sanitiza,280.0,,videos,https://i.ytimg.com/vi/hzNrZKgZxEI/hqdefault.jpg?sqp=-oaymwEcCNACELwBSFXyq4qpAw4IARUAAIhCGAFwAcABBg==&rs=AOn4CLBH1q3ScDsxQmmeSM5d8LB3PKvdQw,Sergio Oliveira,external-reference,embed_link_and_summarize_only
6nDkmCwBnqo,https://www.youtube.com/watch?v=6nDkmCwBnqo,Los estrictos controles de Hyundai Guadalajara.,316.0,,videos,https://i.ytimg.com/vi/6nDkmCwBnqo/hqdefault.jpg?sqp=-oaymwEcCNACELwBSFXyq4qpAw4IARUAAIhCGAFwAcABBg==&rs=AOn4CLC3VxdGxIuRP_o5mxW7eh20s2NR2A,Sergio Oliveira,external-reference,embed_link_and_summarize_only
Mzc_3fyUwZI,https://www.youtube.com/watch?v=Mzc_3fyUwZI,Peugeot Galerías está abierta y esperando a sus clientes,206.0,,videos,https://i.ytimg.com/vi/Mzc_3fyUwZI/hqdefault.jpg?sqp=-oaymwEcCNACELwBSFXyq4qpAw4IARUAAIhCGAFwAcABBg==&rs=AOn4CLD7L6AxmOvVVqLfGfEaEoRwdaPFSw,Sergio Oliveira,external-reference,embed_link_and_summarize_only
6pPH7ikp7eo,https://www.youtube.com/watch?v=6pPH7ikp7eo,"¿Cuándo llegan Corvette, Escalade, Suburban, Tahoe y Envision a México?",3352.0,,videos,https://i.ytimg.com/vi/6pPH7ikp7eo/hqdefault.jpg?sqp=-oaymwEcCNACELwBSFXyq4qpAw4IARUAAIhCGAFwAcABBg==&rs=AOn4CLDiJxOIN3jwXZvm-WKm3AsEkynIJw,Sergio Oliveira,external-reference,embed_link_and_summarize_only
RrwNT8hAMtk,https://www.youtube.com/watch?v=RrwNT8hAMtk,Audi A1 Ego 2020.,1066.0,,videos,https://i.ytimg.com/vi/RrwNT8hAMtk/hqdefault.jpg?sqp=-oaymwEcCNACELwBSFXyq4qpAw4IARUAAIhCGAFwAcABBg==&rs=AOn4CLBzVH0OfNezwafQC0Y_y6WqaSPsjQ,Sergio Oliveira,external-reference,embed_link_and_summarize_only
fvKaPsgPZGQ,https://www.youtube.com/watch?v=fvKaPsgPZGQ,Todo lo que necesitas saber del nuevo Serie 4 y de BMW en Latinoamérica,2248.0,,videos,https://i.ytimg.com/vi/fvKaPsgPZGQ/hqdefault.jpg?sqp=-oaymwEcCNACELwBSFXyq4qpAw4IARUAAIhCGAFwAcABBg==&rs=AOn4CLB1yeJSTDfQbUQ0xQxA5rc8Fg9kDQ,Sergio Oliveira,external-reference,embed_link_and_summarize_only
4ZHYIEwgeCk,https://www.youtube.com/watch?v=4ZHYIEwgeCk,"Así se verán las nuevas agencias Chevrolet en México, como Flosol Guadalajara.",690.0,,videos,https://i.ytimg.com/vi/4ZHYIEwgeCk/hqdefault.jpg?sqp=-oaymwEcCNACELwBSFXyq4qpAw4IARUAAIhCGAFwAcABBg==&rs=AOn4CLCj5qWQRIm2zpjlS1kog-reOfhLjA,Sergio Oliveira,external-reference,embed_link_and_summarize_only
nhhg6W49EZc,https://www.youtube.com/watch?v=nhhg6W49EZc,Jeep Wrangler Rubicon Deluxe 2020. ¿Lujo con lodo? ¿Se vale?,1075.0,,videos,https://i.ytimg.com/vi/nhhg6W49EZc/hqdefault.jpg?sqp=-oaymwEcCNACELwBSFXyq4qpAw4IARUAAIhCGAFwAcABBg==&rs=AOn4CLBIS_gtBzC0UqiMKmxmARl3-Di7kw,Sergio Oliveira,external-reference,embed_link_and_summarize_only
F--bv-PTJXw,https://www.youtube.com/watch?v=F--bv-PTJXw,"""México será el primer país en tener la pickup de Peugeot""",1585.0,,videos,https://i.ytimg.com/vi/F--bv-PTJXw/hqdefault.jpg?sqp=-oaymwEcCNACELwBSFXyq4qpAw4IARUAAIhCGAFwAcABBg==&rs=AOn4CLCV3f48Zz-wUB8FNuHpAdUEPTLpJQ,Sergio Oliveira,external-reference,embed_link_and_summarize_only
JcBUu9Q1ctc,https://www.youtube.com/watch?v=JcBUu9Q1ctc,Cupra Ateca 2020. Dinámicamente no hay nada mejor que no sea Premium.,697.0,,videos,https://i.ytimg.com/vi/JcBUu9Q1ctc/hqdefault.jpg?sqp=-oaymwEcCNACELwBSFXyq4qpAw4IARUAAIhCGAFwAcABBg==&rs=AOn4CLDdEDXfmAYMlpKMFuoKGG0xnQcaTA,Sergio Oliveira,external-reference,embed_link_and_summarize_only
eXhLcQT1coE,https://www.youtube.com/watch?v=eXhLcQT1coE,BMW Serie 1 2020. Bien puede ser tu primer Premium.,931.0,,videos,https://i.ytimg.com/vi/eXhLcQT1coE/hqdefault.jpg?sqp=-oaymwEcCNACELwBSFXyq4qpAw4IARUAAIhCGAFwAcABBg==&rs=AOn4CLDDiVVPZ2nnm2jfAjEbxrYxFtku4Q,Sergio Oliveira,external-reference,embed_link_and_summarize_only
PGc742hO78k,https://www.youtube.com/watch?v=PGc742hO78k,Toyota Highlander 2020. La versión más inteligente de esta camioneta.,899.0,,videos,https://i.ytimg.com/vi/PGc742hO78k/hqdefault.jpg?sqp=-oaymwEcCNACELwBSFXyq4qpAw4IARUAAIhCGAFwAcABBg==&rs=AOn4CLAqwGhoKJ0DpGI1hPvdriz7R7WrbA,Sergio Oliveira,external-reference,embed_link_and_summarize_only
RdJujKQlxwM,https://www.youtube.com/watch?v=RdJujKQlxwM,BMW Carmen Motors. No todo es malo en cuarentena.,981.0,,videos,https://i.ytimg.com/vi/RdJujKQlxwM/hqdefault.jpg?sqp=-oaymwEcCNACELwBSFXyq4qpAw4IARUAAIhCGAFwAcABBg==&rs=AOn4CLD3-ROMdxAH45cz3tMLRqZ9FUXEGg,Sergio Oliveira,external-reference,embed_link_and_summarize_only
a37Mx1iH7sU,https://www.youtube.com/watch?v=a37Mx1iH7sU,Seat Ibiza Reference 2020. Uno de esos autos que me pone de buenas.,537.0,,videos,https://i.ytimg.com/vi/a37Mx1iH7sU/hqdefault.jpg?sqp=-oaymwEcCNACELwBSFXyq4qpAw4IARUAAIhCGAFwAcABBg==&rs=AOn4CLB8N42zSRAXg2ETIzQQ3FEG3t2oIQ,Sergio Oliveira,external-reference,embed_link_and_summarize_only
eitNeAfnTnk,https://www.youtube.com/watch?v=eitNeAfnTnk,"Toyota Sienna 2021. Nueva plataforma, más espacio, seguridad y hasta una híbrida.",139.0,,videos,https://i.ytimg.com/vi/eitNeAfnTnk/hqdefault.jpg?sqp=-oaymwEcCNACELwBSFXyq4qpAw4IARUAAIhCGAFwAcABBg==&rs=AOn4CLBitSawIXRA3A3PQf_elbD4ZgQ3wg,Sergio Oliveira,external-reference,embed_link_and_summarize_only
W4_YmkruZLw,https://www.youtube.com/watch?v=W4_YmkruZLw,5 amigos y una buena charla. Parte 2.,2432.0,,videos,https://i.ytimg.com/vi/W4_YmkruZLw/hqdefault.jpg?sqp=-oaymwEcCNACELwBSFXyq4qpAw4IARUAAIhCGAFwAcABBg==&rs=AOn4CLBsPyTlg5Oph1k2WQAWwfHe6PCYVg,Sergio Oliveira,external-reference,embed_link_and_summarize_only
Nat1S0qBSKE,https://www.youtube.com/watch?v=Nat1S0qBSKE,VW Polo 2020. ¿Aún vale la pena este VW?,643.0,,videos,https://i.ytimg.com/vi/Nat1S0qBSKE/hqdefault.jpg?sqp=-oaymwEcCNACELwBSFXyq4qpAw4IARUAAIhCGAFwAcABBg==&rs=AOn4CLAn06TFNkKVSpoyvheAaqYOPeAHDA,Sergio Oliveira,external-reference,embed_link_and_summarize_only
zC1GbeMI2Zo,https://www.youtube.com/watch?v=zC1GbeMI2Zo,"""Vendrá algo que te va a gustar"", me dijo la Presidenta de Renault.",2671.0,,videos,https://i.ytimg.com/vi/zC1GbeMI2Zo/hqdefault.jpg?sqp=-oaymwEcCNACELwBSFXyq4qpAw4IARUAAIhCGAFwAcABBg==&rs=AOn4CLA_rwET2f2VDGx_5gWDp02dyubYvw,Sergio Oliveira,external-reference,embed_link_and_summarize_only
Ypaa2PW7nUs,https://www.youtube.com/watch?v=Ypaa2PW7nUs,Peugeot Partner Maxi seminueva. ¿Qué necesitas saber para comprar un utilitario seminuevo?,1441.0,,videos,https://i.ytimg.com/vi/Ypaa2PW7nUs/hqdefault.jpg?sqp=-oaymwEcCNACELwBSFXyq4qpAw4IARUAAIhCGAFwAcABBg==&rs=AOn4CLDMi2-_mb-iKzTdDUsJ4p-zjQ9lWA,Sergio Oliveira,external-reference,embed_link_and_summarize_only
bCVDTzbi91A,https://www.youtube.com/watch?v=bCVDTzbi91A,Suzuki S-Cross. A veces la mejor opción es la que menos consideras.,786.0,,videos,https://i.ytimg.com/vi/bCVDTzbi91A/hqdefault.jpg?sqp=-oaymwEcCNACELwBSFXyq4qpAw4IARUAAIhCGAFwAcABBg==&rs=AOn4CLDWbGG6kYaB7hZdu26sSGYR34HjrA,Sergio Oliveira,external-reference,embed_link_and_summarize_only
2VC8ITTUSH0,https://www.youtube.com/watch?v=2VC8ITTUSH0,"Alberto Bortoni, Alfonso Chiquini, Diego Guilbert y Ruben Hoyo hablan del futuro de los autos.",1540.0,,videos,https://i.ytimg.com/vi/2VC8ITTUSH0/hqdefault.jpg?sqp=-oaymwEcCNACELwBSFXyq4qpAw4IARUAAIhCGAFwAcABBg==&rs=AOn4CLDHi51fKyQ6xz0LqOaWkG9dahBurw,Sergio Oliveira,external-reference,embed_link_and_summarize_only
qMEeauJoRwA,https://www.youtube.com/watch?v=qMEeauJoRwA,Chevrolet Traverse. Buena opción para el 10 de mayo.,480.0,,videos,https://i.ytimg.com/vi/qMEeauJoRwA/hqdefault.jpg?sqp=-oaymwEcCNACELwBSFXyq4qpAw4IARUAAIhCGAFwAcABBg==&rs=AOn4CLCw-1nlwljKZP92HBufv0hNXUGz_g,Sergio Oliveira,external-reference,embed_link_and_summarize_only
hxQURnR1AQA,https://www.youtube.com/watch?v=hxQURnR1AQA,Porsche Macan S. La camioneta que piensa que es un auto.,1038.0,,videos,https://i.ytimg.com/vi/hxQURnR1AQA/hqdefault.jpg?sqp=-oaymwEcCNACELwBSFXyq4qpAw4IARUAAIhCGAFwAcABBg==&rs=AOn4CLDmf7n7DLIT-q9hft34Q6LGTB2xPQ,Sergio Oliveira,external-reference,embed_link_and_summarize_only
awSOvcuTkRY,https://www.youtube.com/watch?v=awSOvcuTkRY,Honda CR-V. ¿Vale la pena comprar la más vendida?,1002.0,,videos,https://i.ytimg.com/vi/awSOvcuTkRY/hqdefault.jpg?sqp=-oaymwEcCNACELwBSFXyq4qpAw4IARUAAIhCGAFwAcABBg==&rs=AOn4CLB-Ud_5h47poV2RP0yZVrIcaeJ6bg,Sergio Oliveira,external-reference,embed_link_and_summarize_only
H_X3i5JUYmo,https://www.youtube.com/watch?v=H_X3i5JUYmo,¿Cuándo vuelve a producir VW en México? ¿Cuáles son los siguientes lanzamientos?,1097.0,,videos,https://i.ytimg.com/vi/H_X3i5JUYmo/hqdefault.jpg?sqp=-oaymwEcCNACELwBSFXyq4qpAw4IARUAAIhCGAFwAcABBg==&rs=AOn4CLDqOo6ClCnVPMoXTUnj53LPgeF8Cw,Sergio Oliveira,external-reference,embed_link_and_summarize_only
OdW5qfQhAy8,https://www.youtube.com/watch?v=OdW5qfQhAy8,¿Cómo le va a la Seltos? ¿Cuál Kia se vende más en México? ¿Y la Telluride?,1511.0,,videos,https://i.ytimg.com/vi/OdW5qfQhAy8/hqdefault.jpg?sqp=-oaymwEcCNACELwBSFXyq4qpAw4IARUAAIhCGAFwAcABBg==&rs=AOn4CLDWlHMw6pXae30DUJL5wm2VTIWrEQ,Sergio Oliveira,external-reference,embed_link_and_summarize_only
5b_LnYUdmeY,https://www.youtube.com/watch?v=5b_LnYUdmeY,Porsche Cayenne Coupé Turbo. ¿La mejor camioneta del mundo?,1060.0,,videos,https://i.ytimg.com/vi/5b_LnYUdmeY/hqdefault.jpg?sqp=-oaymwEcCNACELwBSFXyq4qpAw4IARUAAIhCGAFwAcABBg==&rs=AOn4CLD3Bvmy4UPyuM9ww4rpn5Wtj2H76Q,Sergio Oliveira,external-reference,embed_link_and_summarize_only
MxF_Z-Ww6eU,https://www.youtube.com/watch?v=MxF_Z-Ww6eU,"Entrevista José Román, Presidente de Nissan Mexicana.",1500.0,,videos,https://i.ytimg.com/vi/MxF_Z-Ww6eU/hqdefault.jpg?sqp=-oaymwEcCNACELwBSFXyq4qpAw4IARUAAIhCGAFwAcABBg==&rs=AOn4CLAV9Hf43p3H7xJE49JKUhRWpuTmIw,Sergio Oliveira,external-reference,embed_link_and_summarize_only
-YBe5mYhIck,https://www.youtube.com/watch?v=-YBe5mYhIck,"Los espero hoy, 6 de la tarde, para hablar sobre autos usados y seminuevos.",25.0,,videos,https://i.ytimg.com/vi/-YBe5mYhIck/hqdefault.jpg?sqp=-oaymwEcCNACELwBSFXyq4qpAw4IARUAAIhCGAFwAcABBg==&rs=AOn4CLAsVRhGRyxGRMFJiH1aGOdTMlTvaA,Sergio Oliveira,external-reference,embed_link_and_summarize_only
hqNRx6DiNXk,https://www.youtube.com/watch?v=hqNRx6DiNXk,"Entrevista Lucien Pinto, Director de Mercadotecnia de Ford México",1885.0,,videos,https://i.ytimg.com/vi/hqNRx6DiNXk/hqdefault.jpg?sqp=-oaymwEcCNACELwBSFXyq4qpAw4IARUAAIhCGAFwAcABBg==&rs=AOn4CLAhsx6Ohrv7Y85m020arkXc2iuJdA,Sergio Oliveira,external-reference,embed_link_and_summarize_only
Bjl-I4ERmKs,https://www.youtube.com/watch?v=Bjl-I4ERmKs,"El presidente de Mazda nos habla de la crisis, servicios gratis, de la pick up y del futuro Mazda 6.",1825.0,,videos,https://i.ytimg.com/vi/Bjl-I4ERmKs/hqdefault.jpg?sqp=-oaymwEcCNACELwBSFXyq4qpAw4IARUAAIhCGAFwAcABBg==&rs=AOn4CLAcCWvlB2lAFGb1qRWoAe05xywkmA,Sergio Oliveira,external-reference,embed_link_and_summarize_only
PgOKdLJVNsM,https://www.youtube.com/watch?v=PgOKdLJVNsM,Durango GT V6. ¿Quién necesita un V8?,645.0,,videos,https://i.ytimg.com/vi/PgOKdLJVNsM/hqdefault.jpg?sqp=-oaymwEcCNACELwBSFXyq4qpAw4IARUAAIhCGAFwAcABBg==&rs=AOn4CLAtAjVKYJ4oeD0obdjuq4dI0t7YNw,Sergio Oliveira,external-reference,embed_link_and_summarize_only
o3l1-vf2F_A,https://www.youtube.com/watch?v=o3l1-vf2F_A,VW VIRTUS. Al rey del espacio le vendría bien más potencia.,677.0,,videos,https://i.ytimg.com/vi/o3l1-vf2F_A/hqdefault.jpg?sqp=-oaymwEcCNACELwBSFXyq4qpAw4IARUAAIhCGAFwAcABBg==&rs=AOn4CLDBk2etazEdEANy44kQ1WsMbcFKyQ,Sergio Oliveira,external-reference,embed_link_and_summarize_only
6r2rEpSqQFI,https://www.youtube.com/watch?v=6r2rEpSqQFI,BMW 320 SPORT LINE. Todos los demás deberían copiarlo.,998.0,,videos,https://i.ytimg.com/vi/6r2rEpSqQFI/hqdefault.jpg?sqp=-oaymwEcCNACELwBSFXyq4qpAw4IARUAAIhCGAFwAcABBg==&rs=AOn4CLDe-2p_MVohtTgNuBsZPysQeN5nhQ,Sergio Oliveira,external-reference,embed_link_and_summarize_only
6Or0JCIHNkQ,https://www.youtube.com/watch?v=6Or0JCIHNkQ,Pronto tendremos un BMW en La Cochera.,613.0,,videos,https://i.ytimg.com/vi/6Or0JCIHNkQ/hqdefault.jpg?sqp=-oaymwEcCNACELwBSFXyq4qpAw4IARUAAIhCGAFwAcABBg==&rs=AOn4CLA5jlRE60O3Uj53osKhtkvdSEvaKA,Sergio Oliveira,external-reference,embed_link_and_summarize_only
srnsOZ9k6Ig,https://www.youtube.com/watch?v=srnsOZ9k6Ig,Chevrolet Onix. En su categoría no hay nada mejor para la carretera.,758.0,,videos,https://i.ytimg.com/vi/srnsOZ9k6Ig/hqdefault.jpg?sqp=-oaymwEcCNACELwBSFXyq4qpAw4IARUAAIhCGAFwAcABBg==&rs=AOn4CLBpVO9AH25OTmwI9AIMHWuWPMIbFw,Sergio Oliveira,external-reference,embed_link_and_summarize_only
XfHHVzTcqFg,https://www.youtube.com/watch?v=XfHHVzTcqFg,¿Es buena época para comprar autos nuevo?,537.0,,videos,https://i.ytimg.com/vi/XfHHVzTcqFg/hqdefault.jpg?sqp=-oaymwEcCNACELwBSFXyq4qpAw4IARUAAIhCGAFwAcABBg==&rs=AOn4CLBv5FBsxAf8rlfxAwhjQdih47V2sQ,Sergio Oliveira,external-reference,embed_link_and_summarize_only
Aw6x4rcjsI8,https://www.youtube.com/watch?v=Aw6x4rcjsI8,VW Jetta GLI. Buscarás un pretexto para manejarlo.,691.0,,videos,https://i.ytimg.com/vi/Aw6x4rcjsI8/hqdefault.jpg?sqp=-oaymwEcCNACELwBSFXyq4qpAw4IARUAAIhCGAFwAcABBg==&rs=AOn4CLAQms_4lu8Wi-bXPkuT2Gik8kO6Lg,Sergio Oliveira,external-reference,embed_link_and_summarize_only
3EtlKYtI_AI,https://www.youtube.com/watch?v=3EtlKYtI_AI,Ignis. ¿Qué tan eficiente es el urbano de Suzuki en su ambite?,918.0,,videos,https://i.ytimg.com/vi/3EtlKYtI_AI/hqdefault.jpg?sqp=-oaymwEcCNACELwBSFXyq4qpAw4IARUAAIhCGAFwAcABBg==&rs=AOn4CLCG0WcFhOVnTE42e-vfj2HJ0_ojvQ,Sergio Oliveira,external-reference,embed_link_and_summarize_only
Wce_WQ-1lBg,https://www.youtube.com/watch?v=Wce_WQ-1lBg,Jeep Grand Cherokee SRT-8 2020. No es posible que sea tan rápida.,663.0,,videos,https://i.ytimg.com/vi/Wce_WQ-1lBg/hqdefault.jpg?sqp=-oaymwEcCNACELwBSFXyq4qpAw4IARUAAIhCGAFwAcABBg==&rs=AOn4CLAFBt_EsZ-kVMhJI9qZKYmyeyJcIA,Sergio Oliveira,external-reference,embed_link_and_summarize_only
JMmPVnlmVQ8,https://www.youtube.com/watch?v=JMmPVnlmVQ8,Seat León Cupra  Special Edition. El último León Cupra de la historia.,738.0,,videos,https://i.ytimg.com/vi/JMmPVnlmVQ8/hqdefault.jpg?sqp=-oaymwEcCNACELwBSFXyq4qpAw4IARUAAIhCGAFwAcABBg==&rs=AOn4CLCub5wu4_giJMOfqMscrMtKIuKmSA,Sergio Oliveira,external-reference,embed_link_and_summarize_only
zBuaKFS2wX8,https://www.youtube.com/watch?v=zBuaKFS2wX8,Escape Titanium 2020. La reina de la potencia y del manejo.,849.0,,videos,https://i.ytimg.com/vi/zBuaKFS2wX8/hqdefault.jpg?sqp=-oaymwEcCNACELwBSFXyq4qpAw4IARUAAIhCGAFwAcABBg==&rs=AOn4CLDHPP6hobaADOo_FPnMk7m7Yd3hlA,Sergio Oliveira,external-reference,embed_link_and_summarize_only
QcCCvspvBqQ,https://www.youtube.com/watch?v=QcCCvspvBqQ,"Subaru WRX STI. Es como México, no hay otro igual.",911.0,,videos,https://i.ytimg.com/vi/QcCCvspvBqQ/hqdefault.jpg?sqp=-oaymwEcCNACELwBSFXyq4qpAw4IARUAAIhCGAFwAcABBg==&rs=AOn4CLALwturlhftFxtEctgKZb7PkIaSXw,Sergio Oliveira,external-reference,embed_link_and_summarize_only
Yq6pwB1toSk,https://www.youtube.com/watch?v=Yq6pwB1toSk,Suzuki Swift Sport. Diversión ampliada por una caja manual.,753.0,,videos,https://i.ytimg.com/vi/Yq6pwB1toSk/hqdefault.jpg?sqp=-oaymwEcCNACELwBSFXyq4qpAw4IARUAAIhCGAFwAcABBg==&rs=AOn4CLCWzKv8_VcYIySwzyoD1PD9kaBpHg,Sergio Oliveira,external-reference,embed_link_and_summarize_only
DhuMwAhBr0k,https://www.youtube.com/watch?v=DhuMwAhBr0k,"Chevrolet Blazer Piel 2019. ¿Vala la pena comprar la versión intermedia? ¿Y si fuera ""demo""?",554.0,,videos,https://i.ytimg.com/vi/DhuMwAhBr0k/hqdefault.jpg?sqp=-oaymwEcCNACELwBSFXyq4qpAw4IARUAAIhCGAFwAcABBg==&rs=AOn4CLATra7GEu9z5uhi1H32Z2uAYuQSGw,Sergio Oliveira,external-reference,embed_link_and_summarize_only
24cnSwTgQ4k,https://www.youtube.com/watch?v=24cnSwTgQ4k,"Mazda CX 30 en carretera. De Guadalajara a Monterrey. Consumo, manejo, confort. ¿Es buena?",613.0,,videos,https://i.ytimg.com/vi/24cnSwTgQ4k/hqdefault.jpg?sqp=-oaymwEcCNACELwBSFXyq4qpAw4IARUAAIhCGAFwAcABBg==&rs=AOn4CLCtxda6Zq7QXAiy93BZaztTEON2qw,Sergio Oliveira,external-reference,embed_link_and_summarize_only
rHNLnepNVlg,https://www.youtube.com/watch?v=rHNLnepNVlg,Acura RDX. El mejor valor por tu dinero en el segmento premium.,1074.0,,videos,https://i.ytimg.com/vi/rHNLnepNVlg/hqdefault.jpg?sqp=-oaymwEcCNACELwBSFXyq4qpAw4IARUAAIhCGAFwAcABBg==&rs=AOn4CLAomx-iHbhy4_ZgeIB125vRrR4LuQ,Sergio Oliveira,external-reference,embed_link_and_summarize_only
PT4mxwIDXEM,https://www.youtube.com/watch?v=PT4mxwIDXEM,"Alfa Giulieta 110 aniversario. Tu lo manejas, no una computadora.",846.0,,videos,https://i.ytimg.com/vi/PT4mxwIDXEM/hqdefault.jpg?sqp=-oaymwEcCNACELwBSFXyq4qpAw4IARUAAIhCGAFwAcABBg==&rs=AOn4CLCwEPIDVxvUeI8BQIuosbG_JRuhXA,Sergio Oliveira,external-reference,embed_link_and_summarize_only
wrDcEqW4yAg,https://www.youtube.com/watch?v=wrDcEqW4yAg,Tu auto y el corona virus.,344.0,,videos,https://i.ytimg.com/vi/wrDcEqW4yAg/hqdefault.jpg?sqp=-oaymwEcCNACELwBSFXyq4qpAw4IARUAAIhCGAFwAcABBg==&rs=AOn4CLBpyFpwFdwFOgrQlXmL0wJnIXqcPQ,Sergio Oliveira,external-reference,embed_link_and_summarize_only
Ho1l6ZXfv9w,https://www.youtube.com/watch?v=Ho1l6ZXfv9w,Jac Frison T6. El mejor motor de su categoría.,878.0,,videos,https://i.ytimg.com/vi/Ho1l6ZXfv9w/hqdefault.jpg?sqp=-oaymwEcCNACELwBSFXyq4qpAw4IARUAAIhCGAFwAcABBg==&rs=AOn4CLBNqAEqlHe2LCES1hFisr_8slPO2Q,Sergio Oliveira,external-reference,embed_link_and_summarize_only
8v8x4dhIEe4,https://www.youtube.com/watch?v=8v8x4dhIEe4,Renault 12. Una leyenda que podrás tener en tu casa.,180.0,,videos,https://i.ytimg.com/vi/8v8x4dhIEe4/hqdefault.jpg?sqp=-oaymwEcCNACELwBSFXyq4qpAw4IARUAAIhCGAFwAcABBg==&rs=AOn4CLC8wBL_x0xOgXmgA37pW6BMrt3eyw,Sergio Oliveira,external-reference,embed_link_and_summarize_only
JVntSkOHPQE,https://www.youtube.com/watch?v=JVntSkOHPQE,Peugeot 308 GT.  Aquí está la caja manual que todos querían.,622.0,,videos,https://i.ytimg.com/vi/JVntSkOHPQE/hqdefault.jpg?sqp=-oaymwEcCNACELwBSFXyq4qpAw4IARUAAIhCGAFwAcABBg==&rs=AOn4CLCR5wBLY0NBWWVaONjOvEmrGv8s6A,Sergio Oliveira,external-reference,embed_link_and_summarize_only
KgxFf1UKeKY,https://www.youtube.com/watch?v=KgxFf1UKeKY,Audi A1 2020. ¿Vale lo que cuesta?,1100.0,,videos,https://i.ytimg.com/vi/KgxFf1UKeKY/hqdefault.jpg?sqp=-oaymwEcCNACELwBSFXyq4qpAw4IARUAAIhCGAFwAcABBg==&rs=AOn4CLC6u8YNgIXJGUM3bxRCDtjZ27BftQ,Sergio Oliveira,external-reference,embed_link_and_summarize_only
EJIySPyXli8,https://www.youtube.com/watch?v=EJIySPyXli8,Buick Encore GX ST 2020.,806.0,,videos,https://i.ytimg.com/vi/EJIySPyXli8/hqdefault.jpg?sqp=-oaymwEcCNACELwBSFXyq4qpAw4IARUAAIhCGAFwAcABBg==&rs=AOn4CLBXCcFsMQDA0NHHoo4XDlk8tgxtUQ,Sergio Oliveira,external-reference,embed_link_and_summarize_only
tamgGeDhc9s,https://www.youtube.com/watch?v=tamgGeDhc9s,Ford Escape Híbrida. Nunca había manejado nada con este consumo.,1315.0,,videos,https://i.ytimg.com/vi/tamgGeDhc9s/hqdefault.jpg?sqp=-oaymwEcCNACELwBSFXyq4qpAw4IARUAAIhCGAFwAcABBg==&rs=AOn4CLAOJmAZ6iLZdFPFY9YyxyZIlhXoDw,Sergio Oliveira,external-reference,embed_link_and_summarize_only
KUBWsgH2flo,https://www.youtube.com/watch?v=KUBWsgH2flo,Ram Limited Mild Hybrid. La camioneta que quiere tener el patrón.,996.0,,videos,https://i.ytimg.com/vi/KUBWsgH2flo/hqdefault.jpg?sqp=-oaymwEcCNACELwBSFXyq4qpAw4IARUAAIhCGAFwAcABBg==&rs=AOn4CLBbGoO9qpcHtniKPFWQtTDFzQ3QmQ,Sergio Oliveira,external-reference,embed_link_and_summarize_only
-m46b5YoBcg,https://www.youtube.com/watch?v=-m46b5YoBcg,"Jeep Wrangler 2020. Porque los ""fifis"" del asfalto también quieren un Jeep",956.0,,videos,https://i.ytimg.com/vi/-m46b5YoBcg/hqdefault.jpg?sqp=-oaymwEcCNACELwBSFXyq4qpAw4IARUAAIhCGAFwAcABBg==&rs=AOn4CLCK9x_WA15gYDgjZHiU1R8Niw64ug,Sergio Oliveira,external-reference,embed_link_and_summarize_only
SW6q-jseqxQ,https://www.youtube.com/watch?v=SW6q-jseqxQ,"Chevrolet Corvette C8. Parece italiano hasta en el desempeño, no en el precio",1596.0,,videos,https://i.ytimg.com/vi/SW6q-jseqxQ/hqdefault.jpg?sqp=-oaymwEcCNACELwBSFXyq4qpAw4IARUAAIhCGAFwAcABBg==&rs=AOn4CLBVlZdRczl5gn64jgOh90sDRonydw,Sergio Oliveira,external-reference,embed_link_and_summarize_only
YAfxNUvxWRg,https://www.youtube.com/watch?v=YAfxNUvxWRg,"Subaru BRZ 2020, bonito, seguro y con tracción trasera",623.0,,videos,https://i.ytimg.com/vi/YAfxNUvxWRg/hqdefault.jpg?sqp=-oaymwEcCNACELwBSFXyq4qpAw4IARUAAIhCGAFwAcABBg==&rs=AOn4CLA8iff54yNdnf4faRVVC5AsRQtINA,Sergio Oliveira,external-reference,embed_link_and_summarize_only
8Uvm6s7gSuI,https://www.youtube.com/watch?v=8Uvm6s7gSuI,Audi Q3 2020. La chica de lujo ganó espacio,962.0,,videos,https://i.ytimg.com/vi/8Uvm6s7gSuI/hqdefault.jpg?sqp=-oaymwEcCNACELwBSFXyq4qpAw4IARUAAIhCGAFwAcABBg==&rs=AOn4CLAzCZdnBo6Jspy5UgplJvVZFDWSnA,Sergio Oliveira,external-reference,embed_link_and_summarize_only
6KGtiX5JRas,https://www.youtube.com/watch?v=6KGtiX5JRas,Fiat 500 Abarth Tributo a México. Tan difícil de convivir como de olvidar,947.0,,videos,https://i.ytimg.com/vi/6KGtiX5JRas/hqdefault.jpg?sqp=-oaymwEcCNACELwBSFXyq4qpAw4IARUAAIhCGAFwAcABBg==&rs=AOn4CLA7ViBkoopAyiyKFzsvRLgR3U8rDA,Sergio Oliveira,external-reference,embed_link_and_summarize_only
VQSyRH39XcU,https://www.youtube.com/watch?v=VQSyRH39XcU,Seat Ateca 2020. La opción con AWD,773.0,,videos,https://i.ytimg.com/vi/VQSyRH39XcU/hqdefault.jpg?sqp=-oaymwEcCNACELwBSFXyq4qpAw4IARUAAIhCGAFwAcABBg==&rs=AOn4CLBH9RP2dPZjT8Uhizy-6J-XxXz7sQ,Sergio Oliveira,external-reference,embed_link_and_summarize_only
X0DnBG50hLA,https://www.youtube.com/watch?v=X0DnBG50hLA,Renault Stepway CVT 2020. Cuando la CVT es mejor que una automática convencional,705.0,,videos,https://i.ytimg.com/vi/X0DnBG50hLA/hqdefault.jpg?sqp=-oaymwEcCNACELwBSFXyq4qpAw4IARUAAIhCGAFwAcABBg==&rs=AOn4CLAi19mSTijcD4ZkwgIpAcz0jEMveg,Sergio Oliveira,external-reference,embed_link_and_summarize_only
PfVE81yoN1k,https://www.youtube.com/watch?v=PfVE81yoN1k,Chevrolet Tahoe 2020. SUV de verdad,576.0,,videos,https://i.ytimg.com/vi/PfVE81yoN1k/hqdefault.jpg?sqp=-oaymwEcCNACELwBSFXyq4qpAw4IARUAAIhCGAFwAcABBg==&rs=AOn4CLB1HMlVndaXWZQ5ZCuumglEsnpMcQ,Sergio Oliveira,external-reference,embed_link_and_summarize_only
cvhOdAOFiWw,https://www.youtube.com/watch?v=cvhOdAOFiWw,"Volvo XC90 2020, no es solo seguridad",663.0,,videos,https://i.ytimg.com/vi/cvhOdAOFiWw/hqdefault.jpg?sqp=-oaymwEcCNACELwBSFXyq4qpAw4IARUAAIhCGAFwAcABBg==&rs=AOn4CLCsOet_QF9W7o8JFIyCwRT3LwMqEw,Sergio Oliveira,external-reference,embed_link_and_summarize_only
rkDO-K1nuX4,https://www.youtube.com/watch?v=rkDO-K1nuX4,"JAC Sei 7, dos meses después",271.0,,videos,https://i.ytimg.com/vi/rkDO-K1nuX4/hqdefault.jpg?sqp=-oaymwEcCNACELwBSFXyq4qpAw4IARUAAIhCGAFwAcABBg==&rs=AOn4CLBsmBnIcUEhPdRrCDKG81ODUimZSw,Sergio Oliveira,external-reference,embed_link_and_summarize_only
3H2B4yns2ZQ,https://www.youtube.com/watch?v=3H2B4yns2ZQ,Un vistazo a la Chrysler Pacifica 2021,204.0,,videos,https://i.ytimg.com/vi/3H2B4yns2ZQ/hqdefault.jpg?sqp=-oaymwEcCNACELwBSFXyq4qpAw4IARUAAIhCGAFwAcABBg==&rs=AOn4CLDmfdy0R9UZH38O_tpjxhPqG0urFg,Sergio Oliveira,external-reference,embed_link_and_summarize_only
FUCzi6GbNMo,https://www.youtube.com/watch?v=FUCzi6GbNMo,Chevrolet Onix vs Ford Figo.,899.0,,videos,https://i.ytimg.com/vi/FUCzi6GbNMo/hqdefault.jpg?sqp=-oaymwEcCNACELwBSFXyq4qpAw4IARUAAIhCGAFwAcABBg==&rs=AOn4CLADdM8dqVJ8Anas326SKWXqd5ZrXQ,Sergio Oliveira,external-reference,embed_link_and_summarize_only
LQEwwh0WmY8,https://www.youtube.com/watch?v=LQEwwh0WmY8,Cadillac Escalade 2021.,230.0,,videos,https://i.ytimg.com/vi/LQEwwh0WmY8/hqdefault.jpg?sqp=-oaymwEcCNACELwBSFXyq4qpAw4IARUAAIhCGAFwAcABBg==&rs=AOn4CLCSCtyMkpCuwz8cTsoKF9l1RaSrWQ,Sergio Oliveira,external-reference,embed_link_and_summarize_only
0agsGb2JgMw,https://www.youtube.com/watch?v=0agsGb2JgMw,Audi Q8 S Line 2020. La Mejor en su clase.,1161.0,,videos,https://i.ytimg.com/vi/0agsGb2JgMw/hqdefault.jpg?sqp=-oaymwEcCNACELwBSFXyq4qpAw4IARUAAIhCGAFwAcABBg==&rs=AOn4CLDC6wWay6TQf_V9vrhjsk-ToUY1qg,Sergio Oliveira,external-reference,embed_link_and_summarize_only
zmUhrjY1qFw,https://www.youtube.com/watch?v=zmUhrjY1qFw,Chevrolet Onix 2021. Mucho en él es lo mejor de su clase. Pero no todo,1031.0,,videos,https://i.ytimg.com/vi/zmUhrjY1qFw/hqdefault.jpg?sqp=-oaymwEcCNACELwBSFXyq4qpAw4IARUAAIhCGAFwAcABBg==&rs=AOn4CLC45WD65UzIWtiqBv9q7pOQKKXg2w,Sergio Oliveira,external-reference,embed_link_and_summarize_only
SNb-MXq_FnA,https://www.youtube.com/watch?v=SNb-MXq_FnA,Entrevista Suzuki. ¿Finalmente el Jimny viene o no?,1103.0,,videos,https://i.ytimg.com/vi/SNb-MXq_FnA/hqdefault.jpg?sqp=-oaymwEcCNACELwBSFXyq4qpAw4IARUAAIhCGAFwAcABBg==&rs=AOn4CLCuWx8Fx4qA0iE9WMTJm925AoIPlw,Sergio Oliveira,external-reference,embed_link_and_summarize_only
x3sAww7IhBA,https://www.youtube.com/watch?v=x3sAww7IhBA,Cuánto cuesta un Ford GT en México.,128.0,,videos,https://i.ytimg.com/vi/x3sAww7IhBA/hqdefault.jpg?sqp=-oaymwE2CNACELwBSFXyq4qpAygIARUAAIhCGAFwAcABBvABAfgBtgiAAoAPigIMCAAQARhFIFMoZTAP&rs=AOn4CLDTbisA42RxJiewFChCQeklQFo-eQ,Sergio Oliveira,external-reference,embed_link_and_summarize_only
GjZFFh60DbQ,https://www.youtube.com/watch?v=GjZFFh60DbQ,Finalmente ya tenemos Mitsubishi L200 2020 en México,127.0,,videos,https://i.ytimg.com/vi/GjZFFh60DbQ/hqdefault.jpg?sqp=-oaymwEcCNACELwBSFXyq4qpAw4IARUAAIhCGAFwAcABBg==&rs=AOn4CLBp7uiBdG15Gs4GXEYXV-WYKZztbw,Sergio Oliveira,external-reference,embed_link_and_summarize_only
HvMERnYa8fo,https://www.youtube.com/watch?v=HvMERnYa8fo,"Consejos al volante, 3 de 3. Cómo ajustar los espejos retrovisores de tu auto",294.0,,videos,https://i.ytimg.com/vi/HvMERnYa8fo/hqdefault.jpg?sqp=-oaymwEcCNACELwBSFXyq4qpAw4IARUAAIhCGAFwAcABBg==&rs=AOn4CLDleQRoE-XGIUA0A7Yc0_oomiuc-g,Sergio Oliveira,external-reference,embed_link_and_summarize_only
DFE9JYY5ui8,https://www.youtube.com/watch?v=DFE9JYY5ui8,"Consejos al volante, 2 de 3. Cómo sentarse correctamente al volante",328.0,,videos,https://i.ytimg.com/vi/DFE9JYY5ui8/hqdefault.jpg?sqp=-oaymwEcCNACELwBSFXyq4qpAw4IARUAAIhCGAFwAcABBg==&rs=AOn4CLDkAD80R3XgsS8VyQHawiIioy-9Aw,Sergio Oliveira,external-reference,embed_link_and_summarize_only
2pmC9-l6gf4,https://www.youtube.com/watch?v=2pmC9-l6gf4,"Consejos al volante, 1 de 3. Cómo y cuándo usar el freno de mano",383.0,,videos,https://i.ytimg.com/vi/2pmC9-l6gf4/hqdefault.jpg?sqp=-oaymwEcCNACELwBSFXyq4qpAw4IARUAAIhCGAFwAcABBg==&rs=AOn4CLClJ8E6jNk-x_ufyWAEjuTIhmKkcg,Sergio Oliveira,external-reference,embed_link_and_summarize_only
4Bum2E8EpGc,https://www.youtube.com/watch?v=4Bum2E8EpGc,Kia Seltos 2020. ¿Será la mejor en su clase?,1253.0,,videos,https://i.ytimg.com/vi/4Bum2E8EpGc/hqdefault.jpg?sqp=-oaymwEcCNACELwBSFXyq4qpAw4IARUAAIhCGAFwAcABBg==&rs=AOn4CLC4HpwbkmMrbyDT1roUDsAVvhRsiQ,Sergio Oliveira,external-reference,embed_link_and_summarize_only
aWD4cI1lc94,https://www.youtube.com/watch?v=aWD4cI1lc94,"Subaru XV, alternativa segura y con AWD",667.0,,videos,https://i.ytimg.com/vi/aWD4cI1lc94/hqdefault.jpg?sqp=-oaymwEcCNACELwBSFXyq4qpAw4IARUAAIhCGAFwAcABBg==&rs=AOn4CLCLK_6czeXnseT7TiOFE8_cfRVutQ,Sergio Oliveira,external-reference,embed_link_and_summarize_only
l6BT1BUJwAU,https://www.youtube.com/watch?v=l6BT1BUJwAU,"Jac Sei 7, el nuevo juguete del año",1424.0,,videos,https://i.ytimg.com/vi/l6BT1BUJwAU/hqdefault.jpg?sqp=-oaymwEcCNACELwBSFXyq4qpAw4IARUAAIhCGAFwAcABBg==&rs=AOn4CLDc3wYgl9MaWg6bQWlSJI_RqXz5Ng,Sergio Oliveira,external-reference,embed_link_and_summarize_only
Lm1_TKc7Eow,https://www.youtube.com/watch?v=Lm1_TKc7Eow,"Nissan Versa vs Ford Figo. Si es tan bueno el Versa, ¿por qué compré un Figo?",1206.0,,videos,https://i.ytimg.com/vi/Lm1_TKc7Eow/hqdefault.jpg?sqp=-oaymwEcCNACELwBSFXyq4qpAw4IARUAAIhCGAFwAcABBg==&rs=AOn4CLBCkWNDIHMLg17UmWrou837GKfZ8A,Sergio Oliveira,external-reference,embed_link_and_summarize_only
xkZSNmnVlU0,https://www.youtube.com/watch?v=xkZSNmnVlU0,Ford Ranger 2020. Por qué se hizo la más recomendable,544.0,,videos,https://i.ytimg.com/vi/xkZSNmnVlU0/hqdefault.jpg?sqp=-oaymwEcCNACELwBSFXyq4qpAw4IARUAAIhCGAFwAcABBg==&rs=AOn4CLAOmeGRhZnuvxO765WG6e79heQZdA,Sergio Oliveira,external-reference,embed_link_and_summarize_only
A1dozZfqRkQ,https://www.youtube.com/watch?v=A1dozZfqRkQ,Las diferencias en la Mazda CX 5 en EUA y en México,789.0,,videos,https://i.ytimg.com/vi/A1dozZfqRkQ/hqdefault.jpg?sqp=-oaymwEcCNACELwBSFXyq4qpAw4IARUAAIhCGAFwAcABBg==&rs=AOn4CLAh690u9Fn-vzI1CZa0MWw6fLN0qg,Sergio Oliveira,external-reference,embed_link_and_summarize_only
C1iUXxPbS6c,https://www.youtube.com/watch?v=C1iUXxPbS6c,Experiencia Lincoln Corsair  Cosas que no vives todos los días,551.0,,videos,https://i.ytimg.com/vi/C1iUXxPbS6c/hqdefault.jpg?sqp=-oaymwEcCNACELwBSFXyq4qpAw4IARUAAIhCGAFwAcABBg==&rs=AOn4CLBcD5Rq9Q2kVnuN8aJw5WhzdhIlYA,Sergio Oliveira,external-reference,embed_link_and_summarize_only
uEpddpNFRC8,https://www.youtube.com/watch?v=uEpddpNFRC8,BMW M5 Competition. No volverás a ver dos de esos coches juntos en tu vida,733.0,,videos,https://i.ytimg.com/vi/uEpddpNFRC8/hqdefault.jpg?sqp=-oaymwEcCNACELwBSFXyq4qpAw4IARUAAIhCGAFwAcABBg==&rs=AOn4CLBNw8wjM1mhUmhq4SkhvXLpuQFF3g,Sergio Oliveira,external-reference,embed_link_and_summarize_only
y0VSljvMmME,https://www.youtube.com/watch?v=y0VSljvMmME,Baic X30. Con mucho espacio para evolucionar,850.0,,videos,https://i.ytimg.com/vi/y0VSljvMmME/hqdefault.jpg?sqp=-oaymwEcCNACELwBSFXyq4qpAw4IARUAAIhCGAFwAcABBg==&rs=AOn4CLBy9xiggfICenv8I_crOhxEgiZK6A,Sergio Oliveira,external-reference,embed_link_and_summarize_only
Z0Hepr57XUw,https://www.youtube.com/watch?v=Z0Hepr57XUw,"Nissan Versa. Yo esperaba mucho del Versa 2020, pero...",1264.0,,videos,https://i.ytimg.com/vi/Z0Hepr57XUw/hqdefault.jpg?sqp=-oaymwEcCNACELwBSFXyq4qpAw4IARUAAIhCGAFwAcABBg==&rs=AOn4CLD9wlgkwbOJGUKJPkqsL5yrvIMWDQ,Sergio Oliveira,external-reference,embed_link_and_summarize_only
YeCZXdpifdk,https://www.youtube.com/watch?v=YeCZXdpifdk,"Lincoln Corsair. Manejo, acabados y refinamiento tienen su costo",837.0,,videos,https://i.ytimg.com/vi/YeCZXdpifdk/hqdefault.jpg?sqp=-oaymwEcCNACELwBSFXyq4qpAw4IARUAAIhCGAFwAcABBg==&rs=AOn4CLCUlUHoo3w2Mou3OQSkcTObGmex5A,Sergio Oliveira,external-reference,embed_link_and_summarize_only
H9_1jF4XBfY,https://www.youtube.com/watch?v=H9_1jF4XBfY,Mazda CX-30 2020  ¿Cambiarías tu Mazda 3 por ella?,1014.0,,videos,https://i.ytimg.com/vi/H9_1jF4XBfY/hqdefault.jpg?sqp=-oaymwEcCNACELwBSFXyq4qpAw4IARUAAIhCGAFwAcABBg==&rs=AOn4CLBkapoqygKHXFb_FPxbluoHHqGtKw,Sergio Oliveira,external-reference,embed_link_and_summarize_only
COjCzzcQccQ,https://www.youtube.com/watch?v=COjCzzcQccQ,Un Lincoln también debe ser usado con chofer,245.0,,videos,https://i.ytimg.com/vi/COjCzzcQccQ/hqdefault.jpg?sqp=-oaymwEcCNACELwBSFXyq4qpAw4IARUAAIhCGAFwAcABBg==&rs=AOn4CLCf88v0Lz5AakJGh8vYIB2pQL62zQ,Sergio Oliveira,external-reference,embed_link_and_summarize_only
v9WVU4vH47M,https://www.youtube.com/watch?v=v9WVU4vH47M,León Cupra R. El último León con caja manual,353.0,,videos,https://i.ytimg.com/vi/v9WVU4vH47M/hqdefault.jpg?sqp=-oaymwEcCNACELwBSFXyq4qpAw4IARUAAIhCGAFwAcABBg==&rs=AOn4CLBj0iiDmxoswIxr2CVw2Y8OxLljeA,Sergio Oliveira,external-reference,embed_link_and_summarize_only
dpjpnJ12IXo,https://www.youtube.com/watch?v=dpjpnJ12IXo,Renault Stepway 2020. Más segura y hasta con caja automática,970.0,,videos,https://i.ytimg.com/vi/dpjpnJ12IXo/hqdefault.jpg?sqp=-oaymwEcCNACELwBSFXyq4qpAw4IARUAAIhCGAFwAcABBg==&rs=AOn4CLBbn2ZJbTAILuZNhkKvHdDjbzi0zQ,Sergio Oliveira,external-reference,embed_link_and_summarize_only
ei3efojb6ck,https://www.youtube.com/watch?v=ei3efojb6ck,Unboxing audífonos Bose NC 700,465.0,,videos,https://i.ytimg.com/vi/ei3efojb6ck/hqdefault.jpg?sqp=-oaymwEcCNACELwBSFXyq4qpAw4IARUAAIhCGAFwAcABBg==&rs=AOn4CLCQr-q_xwkkVDk4o-FYp0eqDSZ8AA,Sergio Oliveira,external-reference,embed_link_and_summarize_only
U81ooQkx7rE,https://www.youtube.com/watch?v=U81ooQkx7rE,No saben lo que hice en la Suzuki Ertiga,151.0,,videos,https://i.ytimg.com/vi/U81ooQkx7rE/hqdefault.jpg?sqp=-oaymwEcCNACELwBSFXyq4qpAw4IARUAAIhCGAFwAcABBg==&rs=AOn4CLCSvFZ0AjLbCyahbJF0WhhTi3TLIA,Sergio Oliveira,external-reference,embed_link_and_summarize_only
sMa7-xYrGjc,https://www.youtube.com/watch?v=sMa7-xYrGjc,Nissan GTR. Godzilla aún es dominador,1015.0,,videos,https://i.ytimg.com/vi/sMa7-xYrGjc/hqdefault.jpg?sqp=-oaymwEcCNACELwBSFXyq4qpAw4IARUAAIhCGAFwAcABBg==&rs=AOn4CLDQeZTxnrdoU9kPPUR3GuXxMVbOVA,Sergio Oliveira,external-reference,embed_link_and_summarize_only
GUoVmlRYbCM,https://www.youtube.com/watch?v=GUoVmlRYbCM,"Volvo S60, ¿está este gran sueco a la altura de los alemanes?",649.0,,videos,https://i.ytimg.com/vi/GUoVmlRYbCM/hqdefault.jpg?sqp=-oaymwEcCNACELwBSFXyq4qpAw4IARUAAIhCGAFwAcABBg==&rs=AOn4CLD3monoPCRvd3KoHiZqtRnZD-54gA,Sergio Oliveira,external-reference,embed_link_and_summarize_only
UcO6IFIQosM,https://www.youtube.com/watch?v=UcO6IFIQosM,Un vistazo al primer Mustang eléctrico,205.0,,videos,https://i.ytimg.com/vi/UcO6IFIQosM/hqdefault.jpg?sqp=-oaymwEcCNACELwBSFXyq4qpAw4IARUAAIhCGAFwAcABBg==&rs=AOn4CLCpKNIa9eQ8YYBYnHoh4DxKb7W5vg,Sergio Oliveira,external-reference,embed_link_and_summarize_only
pEB7TUdaIZc,https://www.youtube.com/watch?v=pEB7TUdaIZc,"Lincoln, ¿la Aviator es un avión?",1353.0,,videos,https://i.ytimg.com/vi/pEB7TUdaIZc/hqdefault.jpg?sqp=-oaymwEcCNACELwBSFXyq4qpAw4IARUAAIhCGAFwAcABBg==&rs=AOn4CLDJh15kkUvUhMTnid6v4K793bAYnA,Sergio Oliveira,external-reference,embed_link_and_summarize_only
5zbDCgL8zl4,https://www.youtube.com/watch?v=5zbDCgL8zl4,"Un Buen Fin es mejor con una Blazer, ¿no creen?",456.0,,videos,https://i.ytimg.com/vi/5zbDCgL8zl4/hqdefault.jpg?sqp=-oaymwEcCNACELwBSFXyq4qpAw4IARUAAIhCGAFwAcABBg==&rs=AOn4CLDWUdKX-BKmxlLEDj7ILU5DAofq4w,Sergio Oliveira,external-reference,embed_link_and_summarize_only
bzM7zcM3yuM,https://www.youtube.com/watch?v=bzM7zcM3yuM,VW T-Cross ¿Me la compro o no me la compro?,874.0,,videos,https://i.ytimg.com/vi/bzM7zcM3yuM/hqdefault.jpg?sqp=-oaymwEcCNACELwBSFXyq4qpAw4IARUAAIhCGAFwAcABBg==&rs=AOn4CLDFWZMnHHaV_i90Pwj4n18YM6dD7Q,Sergio Oliveira,external-reference,embed_link_and_summarize_only
jDeULQove9U,https://www.youtube.com/watch?v=jDeULQove9U,Así se fabrica la Mazda CX-30 en México,1287.0,,videos,https://i.ytimg.com/vi/jDeULQove9U/hqdefault.jpg?sqp=-oaymwEcCNACELwBSFXyq4qpAw4IARUAAIhCGAFwAcABBg==&rs=AOn4CLAY4bsPzru9u012UP6IU56VTRegCw,Sergio Oliveira,external-reference,embed_link_and_summarize_only
_nw91qSLPcE,https://www.youtube.com/watch?v=_nw91qSLPcE,"BMW X7 2020, ¿Sus virtudes son mayores que su parrilla?",1237.0,,videos,https://i.ytimg.com/vi/_nw91qSLPcE/hqdefault.jpg?sqp=-oaymwEcCNACELwBSFXyq4qpAw4IARUAAIhCGAFwAcABBg==&rs=AOn4CLAy46Ncx_-8E5nFYlVnQI82-UiDLQ,Sergio Oliveira,external-reference,embed_link_and_summarize_only
R_4-9CqkqoU,https://www.youtube.com/watch?v=R_4-9CqkqoU,"Cupra Ateca 2020, tan rápida que no lo vas a creer",1353.0,,videos,https://i.ytimg.com/vi/R_4-9CqkqoU/hqdefault.jpg?sqp=-oaymwEcCNACELwBSFXyq4qpAw4IARUAAIhCGAFwAcABBg==&rs=AOn4CLDLNuxvYWOuu_FnDqj4PVubS3YTdw,Sergio Oliveira,external-reference,embed_link_and_summarize_only
t_u5eUYeL6E,https://www.youtube.com/watch?v=t_u5eUYeL6E,¿Autos o futbol?,175.0,,videos,https://i.ytimg.com/vi/t_u5eUYeL6E/hqdefault.jpg?sqp=-oaymwEcCNACELwBSFXyq4qpAw4IARUAAIhCGAFwAcABBg==&rs=AOn4CLAgPcrqa39l7z58JSoJreNrGPDGkg,Sergio Oliveira,external-reference,embed_link_and_summarize_only
m5NET5ezLws,https://www.youtube.com/watch?v=m5NET5ezLws,¡Este Mazda está al revés!,1190.0,,videos,https://i.ytimg.com/vi/m5NET5ezLws/hqdefault.jpg?sqp=-oaymwEcCNACELwBSFXyq4qpAw4IARUAAIhCGAFwAcABBg==&rs=AOn4CLAP4zB0DRehiT0lAL3QYt86mB8dtQ,Sergio Oliveira,external-reference,embed_link_and_summarize_only
DBbSstZFLT4,https://www.youtube.com/watch?v=DBbSstZFLT4,La nueva generación de Honda Fit,352.0,,videos,https://i.ytimg.com/vi/DBbSstZFLT4/hqdefault.jpg?sqp=-oaymwEcCNACELwBSFXyq4qpAw4IARUAAIhCGAFwAcABBg==&rs=AOn4CLBaEPD8VDP6A47oS081VwkucKSapA,Sergio Oliveira,external-reference,embed_link_and_summarize_only
MSmeXH11Cfs,https://www.youtube.com/watch?v=MSmeXH11Cfs,"Toyota Prius C 2020, economía y seguridad",548.0,,videos,https://i.ytimg.com/vi/MSmeXH11Cfs/hqdefault.jpg?sqp=-oaymwEcCNACELwBSFXyq4qpAw4IARUAAIhCGAFwAcABBg==&rs=AOn4CLDNia4tG_LWjMZnACzkIKHmV5mgfA,Sergio Oliveira,external-reference,embed_link_and_summarize_only
VM8fWgIyZSw,https://www.youtube.com/watch?v=VM8fWgIyZSw,"Peugeot Partner Maxi 2020, y ni era necesario que se manejara bien...",984.0,,videos,https://i.ytimg.com/vi/VM8fWgIyZSw/hqdefault.jpg?sqp=-oaymwEcCNACELwBSFXyq4qpAw4IARUAAIhCGAFwAcABBg==&rs=AOn4CLBTwgpUdedwCyCNebtN_HEm_PN1DQ,Sergio Oliveira,external-reference,embed_link_and_summarize_only
-jOvOOaX_Ic,https://www.youtube.com/watch?v=-jOvOOaX_Ic,"Honda Pilot 2020, confort y tecnología",842.0,,videos,https://i.ytimg.com/vi/-jOvOOaX_Ic/hqdefault.jpg?sqp=-oaymwEcCNACELwBSFXyq4qpAw4IARUAAIhCGAFwAcABBg==&rs=AOn4CLBaoZ3nsjT5I2qJoMTKzpXVPmMc3A,Sergio Oliveira,external-reference,embed_link_and_summarize_only
K-bR7uRByvk,https://www.youtube.com/watch?v=K-bR7uRByvk,"Chevrolet Suburban 2020, la favorita de los influyentes",664.0,,videos,https://i.ytimg.com/vi/K-bR7uRByvk/hqdefault.jpg?sqp=-oaymwEcCNACELwBSFXyq4qpAw4IARUAAIhCGAFwAcABBg==&rs=AOn4CLAv8v-7kQJD75L6vB422TAHSdK0kg,Sergio Oliveira,external-reference,embed_link_and_summarize_only
y1pueOA3Q1A,https://www.youtube.com/watch?v=y1pueOA3Q1A,"RAM 1500 2020, ahora con dos motores",838.0,,videos,https://i.ytimg.com/vi/y1pueOA3Q1A/hqdefault.jpg?sqp=-oaymwEcCNACELwBSFXyq4qpAw4IARUAAIhCGAFwAcABBg==&rs=AOn4CLD9r0a5tf5dNwIeoc8ccd5fSrJtNQ,Sergio Oliveira,external-reference,embed_link_and_summarize_only
S7Wh-Kn41nY,https://www.youtube.com/watch?v=S7Wh-Kn41nY,Lincoln MKZ. El lujo no está peleado con el ahorro,615.0,,videos,https://i.ytimg.com/vi/S7Wh-Kn41nY/hqdefault.jpg?sqp=-oaymwEcCNACELwBSFXyq4qpAw4IARUAAIhCGAFwAcABBg==&rs=AOn4CLDDYPD_ZqA2QxRyC1QKX3aa_4IIPQ,Sergio Oliveira,external-reference,embed_link_and_summarize_only
3CZDpz4XgL4,https://www.youtube.com/watch?v=3CZDpz4XgL4,Algún día todos van a tener uno como este,1831.0,,videos,https://i.ytimg.com/vi/3CZDpz4XgL4/hqdefault.jpg?sqp=-oaymwEcCNACELwBSFXyq4qpAw4IARUAAIhCGAFwAcABBg==&rs=AOn4CLAQZfivBNJMZkxEhar8iNTuYI6YsA,Sergio Oliveira,external-reference,embed_link_and_summarize_only
ULSxJ3QzcnI,https://www.youtube.com/watch?v=ULSxJ3QzcnI,"Audi Q3 2020, ya se hizo premium",651.0,,videos,https://i.ytimg.com/vi/ULSxJ3QzcnI/hqdefault.jpg?sqp=-oaymwEcCNACELwBSFXyq4qpAw4IARUAAIhCGAFwAcABBg==&rs=AOn4CLANyWMQaqNus-Xuz9_BBL7BhmvsyA,Sergio Oliveira,external-reference,embed_link_and_summarize_only
Ef0yRmhWoeI,https://www.youtube.com/watch?v=Ef0yRmhWoeI,Bugatti Chiron 2019. No hay nada mejor en el mundo.,1066.0,,videos,https://i.ytimg.com/vi/Ef0yRmhWoeI/hqdefault.jpg?sqp=-oaymwEcCNACELwBSFXyq4qpAw4IARUAAIhCGAFwAcABBg==&rs=AOn4CLCSdXObMzByAA5k4M3ptpbY9-JKZQ,Sergio Oliveira,external-reference,embed_link_and_summarize_only
dYHp-Wxuty0,https://www.youtube.com/watch?v=dYHp-Wxuty0,"La ley de Murphy, una GoPro y un Bugatti Chiron",510.0,,videos,https://i.ytimg.com/vi/dYHp-Wxuty0/hqdefault.jpg?sqp=-oaymwEcCNACELwBSFXyq4qpAw4IARUAAIhCGAFwAcABBg==&rs=AOn4CLAdo8qUc8OLccSM4JQAMBuKFeiNXA,Sergio Oliveira,external-reference,embed_link_and_summarize_only
MIaDvPHJLxc,https://www.youtube.com/watch?v=MIaDvPHJLxc,Audi A1 2020. Un digno miembro de la familia Audi,646.0,,videos,https://i.ytimg.com/vi/MIaDvPHJLxc/hqdefault.jpg?sqp=-oaymwEcCNACELwBSFXyq4qpAw4IARUAAIhCGAFwAcABBg==&rs=AOn4CLD8WK7CON4Pw-gZfdzA-MLX6385bA,Sergio Oliveira,external-reference,embed_link_and_summarize_only
xmfwk7yA1pc,https://www.youtube.com/watch?v=xmfwk7yA1pc,"Peugeot 5008 HDi, si quieres gastar menos combustible, no hay mejor opción",774.0,,videos,https://i.ytimg.com/vi/xmfwk7yA1pc/hqdefault.jpg?sqp=-oaymwEcCNACELwBSFXyq4qpAw4IARUAAIhCGAFwAcABBg==&rs=AOn4CLASSnR8t7Pn0h465xTMo5MpBaerxg,Sergio Oliveira,external-reference,embed_link_and_summarize_only
iNB7tDTsELY,https://www.youtube.com/watch?v=iNB7tDTsELY,"Nissan Máxima 2019, lujo y comodidad",495.0,,videos,https://i.ytimg.com/vi/iNB7tDTsELY/hqdefault.jpg?sqp=-oaymwEcCNACELwBSFXyq4qpAw4IARUAAIhCGAFwAcABBg==&rs=AOn4CLAdGRAJl1Wb-YcqSLQaFmf5KyIzfA,Sergio Oliveira,external-reference,embed_link_and_summarize_only
pi_kb7qEsuM,https://www.youtube.com/watch?v=pi_kb7qEsuM,"Tips de manejo en carretera, junto con Alonso",1053.0,,videos,https://i.ytimg.com/vi/pi_kb7qEsuM/hqdefault.jpg?sqp=-oaymwEcCNACELwBSFXyq4qpAw4IARUAAIhCGAFwAcABBg==&rs=AOn4CLDT5XQOhxJQM8jN_NXhoBSuPx5idg,Sergio Oliveira,external-reference,embed_link_and_summarize_only
N2hYbautox8,https://www.youtube.com/watch?v=N2hYbautox8,"ID 3, el primer auto eléctrico de Volkswagen",550.0,,videos,https://i.ytimg.com/vi/N2hYbautox8/hqdefault.jpg?sqp=-oaymwEcCNACELwBSFXyq4qpAw4IARUAAIhCGAFwAcABBg==&rs=AOn4CLDXmlJfeWCK_JoA_v3-M0UbX2zAIQ,Sergio Oliveira,external-reference,embed_link_and_summarize_only
o9aa6hp0E4c,https://www.youtube.com/watch?v=o9aa6hp0E4c,"Un auto ""negro oscuro""",28.0,,videos,https://i.ytimg.com/vi/o9aa6hp0E4c/hqdefault.jpg?sqp=-oaymwEcCNACELwBSFXyq4qpAw4IARUAAIhCGAFwAcABBg==&rs=AOn4CLAMFohsukIRwIpAR_oLmGwFZwGK5w,Sergio Oliveira,external-reference,embed_link_and_summarize_only
8aXtoKAMDUE,https://www.youtube.com/watch?v=8aXtoKAMDUE,Un VW sedán eléctrico y un poco del pasado en Alemania.,235.0,,videos,https://i.ytimg.com/vi/8aXtoKAMDUE/hqdefault.jpg?sqp=-oaymwEcCNACELwBSFXyq4qpAw4IARUAAIhCGAFwAcABBg==&rs=AOn4CLBzLWj1j-Pllu6axa_7zFmK4Qww0w,Sergio Oliveira,external-reference,embed_link_and_summarize_only
JnrE86tXzlM,https://www.youtube.com/watch?v=JnrE86tXzlM,Un vistazo al Nissan Versa 2020,531.0,,videos,https://i.ytimg.com/vi/JnrE86tXzlM/hqdefault.jpg?sqp=-oaymwEcCNACELwBSFXyq4qpAw4IARUAAIhCGAFwAcABBg==&rs=AOn4CLAwpWNNdn6k7xxYaXWrMm3927iBSA,Sergio Oliveira,external-reference,embed_link_and_summarize_only
207tr6tq5c0,https://www.youtube.com/watch?v=207tr6tq5c0,Jeep Gladiator 2020. ¿Más capaz que un Wrangler?,638.0,,videos,https://i.ytimg.com/vi/207tr6tq5c0/hqdefault.jpg?sqp=-oaymwEcCNACELwBSFXyq4qpAw4IARUAAIhCGAFwAcABBg==&rs=AOn4CLDTPamJxaGXGHYahyVVH0JkNfHwsw,Sergio Oliveira,external-reference,embed_link_and_summarize_only
V6zVw981v9c,https://www.youtube.com/watch?v=V6zVw981v9c,Ford Figo 2019. ¿Qué opinan algunas mujeres sobre el Figo?,198.0,,videos,https://i.ytimg.com/vi/V6zVw981v9c/hqdefault.jpg?sqp=-oaymwEcCNACELwBSFXyq4qpAw4IARUAAIhCGAFwAcABBg==&rs=AOn4CLABYWwMjlVIf9Wy9NEnZiTnq2whrQ,Sergio Oliveira,external-reference,embed_link_and_summarize_only
xtMbgJCqMtA,https://www.youtube.com/watch?v=xtMbgJCqMtA,Acura NSX. Un súper auto en La Cochera,1200.0,,videos,https://i.ytimg.com/vi/xtMbgJCqMtA/hqdefault.jpg?sqp=-oaymwEcCNACELwBSFXyq4qpAw4IARUAAIhCGAFwAcABBg==&rs=AOn4CLBZ1sihC_-ENuf0RYyJWjbyp8pVFw,Sergio Oliveira,external-reference,embed_link_and_summarize_only
bt0nXan4gTg,https://www.youtube.com/watch?v=bt0nXan4gTg,"Servicio Peugeot 5008  Un año, cero problemas y buena atención",532.0,,videos,https://i.ytimg.com/vi/bt0nXan4gTg/hqdefault.jpg?sqp=-oaymwEcCNACELwBSFXyq4qpAw4IARUAAIhCGAFwAcABBg==&rs=AOn4CLAVQ4hUNF2wEjFKT7GshBpj8sawKw,Sergio Oliveira,external-reference,embed_link_and_summarize_only
ydr_o0zA0bY,https://www.youtube.com/watch?v=ydr_o0zA0bY,Lincoln Aviator 2020  Amenaza para las europeas,1122.0,,videos,https://i.ytimg.com/vi/ydr_o0zA0bY/hqdefault.jpg?sqp=-oaymwEcCNACELwBSFXyq4qpAw4IARUAAIhCGAFwAcABBg==&rs=AOn4CLB_WENyMYjlKvRAlhubPn_flvJ63w,Sergio Oliveira,external-reference,embed_link_and_summarize_only
hvtvBKSClHc,https://www.youtube.com/watch?v=hvtvBKSClHc,"Ford EcoSport o Suzuki Vitara, ¿potencia o ahorro de combustible?",769.0,,videos,https://i.ytimg.com/vi/hvtvBKSClHc/hqdefault.jpg?sqp=-oaymwEcCNACELwBSFXyq4qpAw4IARUAAIhCGAFwAcABBg==&rs=AOn4CLBBZ43S_g5lEF8gDoXdqYm8RRfRPA,Sergio Oliveira,external-reference,embed_link_and_summarize_only
Kfqm1qHmK_k,https://www.youtube.com/watch?v=Kfqm1qHmK_k,"Ford EcoSport Titanium 2019, la más poderosa",488.0,,videos,https://i.ytimg.com/vi/Kfqm1qHmK_k/hqdefault.jpg?sqp=-oaymwEcCNACELwBSFXyq4qpAw4IARUAAIhCGAFwAcABBg==&rs=AOn4CLDI835UNvQBNTvymLrzED09lvSSgw,Sergio Oliveira,external-reference,embed_link_and_summarize_only
b4ppVD_DkuU,https://www.youtube.com/watch?v=b4ppVD_DkuU,Kia Forte GT 2020. Mejor que un Golf. No tan bueno como un GTI,742.0,,videos,https://i.ytimg.com/vi/b4ppVD_DkuU/hqdefault.jpg?sqp=-oaymwEcCNACELwBSFXyq4qpAw4IARUAAIhCGAFwAcABBg==&rs=AOn4CLCoJ0oVHl72aREMQUAQfMEbVXAJQw,Sergio Oliveira,external-reference,embed_link_and_summarize_only
CvTQbhDeMJ4,https://www.youtube.com/watch?v=CvTQbhDeMJ4,"Lincoln MKZ híbrido. Lincoln, un parque e historias de Konstantonis",761.0,,videos,https://i.ytimg.com/vi/CvTQbhDeMJ4/hqdefault.jpg?sqp=-oaymwEcCNACELwBSFXyq4qpAw4IARUAAIhCGAFwAcABBg==&rs=AOn4CLCqzwnn7vBa54VL1pF0jaZAV5szqA,Sergio Oliveira,external-reference,embed_link_and_summarize_only
pWxELLaO3ME,https://www.youtube.com/watch?v=pWxELLaO3ME,Nissan Altima 2019  Hacía rato que no me gustaba un Nissan,1085.0,,videos,https://i.ytimg.com/vi/pWxELLaO3ME/hqdefault.jpg?sqp=-oaymwEcCNACELwBSFXyq4qpAw4IARUAAIhCGAFwAcABBg==&rs=AOn4CLCFe8ySYrGgMfvuwv_2JnYVDNwuLg,Sergio Oliveira,external-reference,embed_link_and_summarize_only
hwJP_uRGybE,https://www.youtube.com/watch?v=hwJP_uRGybE,"Audi A6 2019, 4 aros y toda la clase del mundo",627.0,,videos,https://i.ytimg.com/vi/hwJP_uRGybE/hqdefault.jpg?sqp=-oaymwEcCNACELwBSFXyq4qpAw4IARUAAIhCGAFwAcABBg==&rs=AOn4CLCdIu04ffqaHcnXJRVvPfh7YVSlLw,Sergio Oliveira,external-reference,embed_link_and_summarize_only
FxqtKgOQk_I,https://www.youtube.com/watch?v=FxqtKgOQk_I,"En la carretera con una Mazda CX 9, para enamorarse de México",1323.0,,videos,https://i.ytimg.com/vi/FxqtKgOQk_I/hqdefault.jpg?sqp=-oaymwEcCNACELwBSFXyq4qpAw4IARUAAIhCGAFwAcABBg==&rs=AOn4CLAmJpGWKL3Pkrksfd-O8q4HB_zlJw,Sergio Oliveira,external-reference,embed_link_and_summarize_only
0GMcCKQ4rqA,https://www.youtube.com/watch?v=0GMcCKQ4rqA,Ford Figo 2019  Espectacular evolución,695.0,,videos,https://i.ytimg.com/vi/0GMcCKQ4rqA/hqdefault.jpg?sqp=-oaymwEcCNACELwBSFXyq4qpAw4IARUAAIhCGAFwAcABBg==&rs=AOn4CLAR-ObOA9giC7oRPCwX2DgxCm-mwA,Sergio Oliveira,external-reference,embed_link_and_summarize_only
ovV66DK1ZU4,https://www.youtube.com/watch?v=ovV66DK1ZU4,Volkswagen Atlas Cross Sport  Conoce la nueva camioneta que VW traerá a México,689.0,,videos,https://i.ytimg.com/vi/ovV66DK1ZU4/hqdefault.jpg?sqp=-oaymwEcCNACELwBSFXyq4qpAw4IARUAAIhCGAFwAcABBg==&rs=AOn4CLACgAVomg_UfuRgaxGOWHSM8gmYxw,Sergio Oliveira,external-reference,embed_link_and_summarize_only
MPZbg6raQMM,https://www.youtube.com/watch?v=MPZbg6raQMM,VW Virtus 2020.  Mejor de lo que piensan los haters,949.0,,videos,https://i.ytimg.com/vi/MPZbg6raQMM/hqdefault.jpg?sqp=-oaymwEcCNACELwBSFXyq4qpAw4IARUAAIhCGAFwAcABBg==&rs=AOn4CLD8WNvtFXg2VCntEIKN152_SqSJOQ,Sergio Oliveira,external-reference,embed_link_and_summarize_only
--i0DTL4mac,https://www.youtube.com/watch?v=--i0DTL4mac,"Renault Kangoo 2019, la opción intermedia",299.0,,videos,https://i.ytimg.com/vi/--i0DTL4mac/hqdefault.jpg?sqp=-oaymwEcCNACELwBSFXyq4qpAw4IARUAAIhCGAFwAcABBg==&rs=AOn4CLBoyPy06jos3D-zSJ6mzs52OxZhyw,Sergio Oliveira,external-reference,embed_link_and_summarize_only
B8hTPeepcow,https://www.youtube.com/watch?v=B8hTPeepcow,"Toyota Corolla 2020  En teoría excelente, ya en la práctica",753.0,,videos,https://i.ytimg.com/vi/B8hTPeepcow/hqdefault.jpg?sqp=-oaymwEcCNACELwBSFXyq4qpAw4IARUAAIhCGAFwAcABBg==&rs=AOn4CLB2zr5oHytSQMvrZHbAj2Cfkri2cw,Sergio Oliveira,external-reference,embed_link_and_summarize_only
evnAn1eHDrE,https://www.youtube.com/watch?v=evnAn1eHDrE,"Peugeot 308 GT, ¿vale la pena este francés?",868.0,,videos,https://i.ytimg.com/vi/evnAn1eHDrE/hqdefault.jpg?sqp=-oaymwEcCNACELwBSFXyq4qpAw4IARUAAIhCGAFwAcABBg==&rs=AOn4CLBmENhJahJ93AU2xmMtgnXNUdAxjg,Sergio Oliveira,external-reference,embed_link_and_summarize_only
g3wHN3rHWvw,https://www.youtube.com/watch?v=g3wHN3rHWvw,Suzuki ¿Vitara o S-Cross? ¡Es la cuestión!,766.0,,videos,https://i.ytimg.com/vi/g3wHN3rHWvw/hqdefault.jpg?sqp=-oaymwEcCNACELwBSFXyq4qpAw4IARUAAIhCGAFwAcABBg==&rs=AOn4CLCBvedNqvIboj7Ho0U7niXj_NmFIQ,Sergio Oliveira,external-reference,embed_link_and_summarize_only
ocdmN_5EvLQ,https://www.youtube.com/watch?v=ocdmN_5EvLQ,"Peugeot 301 automático, por si lo quieres más cómodo",513.0,,videos,https://i.ytimg.com/vi/ocdmN_5EvLQ/hqdefault.jpg?sqp=-oaymwEcCNACELwBSFXyq4qpAw4IARUAAIhCGAFwAcABBg==&rs=AOn4CLCOb5wuOo_jNMBCxd6Qjf8Yo5oohg,Sergio Oliveira,external-reference,embed_link_and_summarize_only
6rdSrSRWYuI,https://www.youtube.com/watch?v=6rdSrSRWYuI,"Ford Transit 2019, tan buena que es mejor ser piloto",634.0,,videos,https://i.ytimg.com/vi/6rdSrSRWYuI/hqdefault.jpg?sqp=-oaymwEcCNACELwBSFXyq4qpAw4IARUAAIhCGAFwAcABBg==&rs=AOn4CLBXNEXLXVGqfFCWD9uufJnsKa6zSw,Sergio Oliveira,external-reference,embed_link_and_summarize_only
NIZ_SpWGs3M,https://www.youtube.com/watch?v=NIZ_SpWGs3M,Dodge Challenger Hellcat Redeye 2019  Porque tu la tendrás mayor que nadie,580.0,,videos,https://i.ytimg.com/vi/NIZ_SpWGs3M/hqdefault.jpg?sqp=-oaymwEcCNACELwBSFXyq4qpAw4IARUAAIhCGAFwAcABBg==&rs=AOn4CLBQ6Eo_kQ4tFZdDGR8xMNzi4IGazQ,Sergio Oliveira,external-reference,embed_link_and_summarize_only
Wcc4Oes0quk,https://www.youtube.com/watch?v=Wcc4Oes0quk,"BMW Serie 1 2020  La tracción está adelante, ¿perdió la diversión?",932.0,,videos,https://i.ytimg.com/vi/Wcc4Oes0quk/hqdefault.jpg?sqp=-oaymwEcCNACELwBSFXyq4qpAw4IARUAAIhCGAFwAcABBg==&rs=AOn4CLAu8X0wPYS7GJyjZTDJD0Oo5h36RA,Sergio Oliveira,external-reference,embed_link_and_summarize_only
EKQt2UfGi4c,https://www.youtube.com/watch?v=EKQt2UfGi4c,"Ford Lobo Platinum Limited 2019, cuando 6 es más que 8",558.0,,videos,https://i.ytimg.com/vi/EKQt2UfGi4c/hqdefault.jpg?sqp=-oaymwEcCNACELwBSFXyq4qpAw4IARUAAIhCGAFwAcABBg==&rs=AOn4CLDVW2dUQsyqdFPdA1LIV7C4KKuSQg,Sergio Oliveira,external-reference,embed_link_and_summarize_only
cj__LZ44Xqk,https://www.youtube.com/watch?v=cj__LZ44Xqk,"Volvo XC60  Muy segura, pero",542.0,,videos,https://i.ytimg.com/vi/cj__LZ44Xqk/hqdefault.jpg?sqp=-oaymwEcCNACELwBSFXyq4qpAw4IARUAAIhCGAFwAcABBg==&rs=AOn4CLC9e3-fC9myWaW80ISTHXqlIMgEMQ,Sergio Oliveira,external-reference,embed_link_and_summarize_only
ADzyN8l43yo,https://www.youtube.com/watch?v=ADzyN8l43yo,Museo BMW. 90 años de placer de conducir,1634.0,,videos,https://i.ytimg.com/vi/ADzyN8l43yo/hqdefault.jpg?sqp=-oaymwEcCNACELwBSFXyq4qpAw4IARUAAIhCGAFwAcABBg==&rs=AOn4CLB7hDImkyzrXsbgeUN4mvHdfWvL-w,Sergio Oliveira,external-reference,embed_link_and_summarize_only
E29JOuizwao,https://www.youtube.com/watch?v=E29JOuizwao,¿Pagarías más para recoger tu VW en la fábrica?,140.0,,videos,https://i.ytimg.com/vi/E29JOuizwao/hqdefault.jpg?sqp=-oaymwEcCNACELwBSFXyq4qpAw4IARUAAIhCGAFwAcABBg==&rs=AOn4CLABcfikUswoH3AV2cNc9CXwac8B-A,Sergio Oliveira,external-reference,embed_link_and_summarize_only
w13rqSdIQEw,https://www.youtube.com/watch?v=w13rqSdIQEw,"Subaru Forester 2019, ¿La mejor en su clase?",873.0,,videos,https://i.ytimg.com/vi/w13rqSdIQEw/hqdefault.jpg?sqp=-oaymwEcCNACELwBSFXyq4qpAw4IARUAAIhCGAFwAcABBg==&rs=AOn4CLDERwSG7vdnMcn9AljHhF2WMo73rw,Sergio Oliveira,external-reference,embed_link_and_summarize_only
o6AAqkNncI8,https://www.youtube.com/watch?v=o6AAqkNncI8,Mazda CX-5 vs Mazda CX-9. ¿Qué comprar: 2 filas equipada o 3 filas básica?,921.0,,videos,https://i.ytimg.com/vi/o6AAqkNncI8/hqdefault.jpg?sqp=-oaymwEcCNACELwBSFXyq4qpAw4IARUAAIhCGAFwAcABBg==&rs=AOn4CLCURP7upk5XkHruVTHNIvCxbH1vHw,Sergio Oliveira,external-reference,embed_link_and_summarize_only
kEcEsxBudZw,https://www.youtube.com/watch?v=kEcEsxBudZw,"Suzuki Ertiga, una mujer y una camioneta",853.0,,videos,https://i.ytimg.com/vi/kEcEsxBudZw/hqdefault.jpg?sqp=-oaymwEcCNACELwBSFXyq4qpAw4IARUAAIhCGAFwAcABBg==&rs=AOn4CLDpyEXnAR2QMQ-ACbHsGv4-dDsvxQ,Sergio Oliveira,external-reference,embed_link_and_summarize_only
o5pMBFrkMqg,https://www.youtube.com/watch?v=o5pMBFrkMqg,"Fiat 500 Abarth 2019, ¿aún vale la pena este italiano?",717.0,,videos,https://i.ytimg.com/vi/o5pMBFrkMqg/hqdefault.jpg?sqp=-oaymwEcCNACELwBSFXyq4qpAw4IARUAAIhCGAFwAcABBg==&rs=AOn4CLBMdhGc7a9e436n0LKWUOQbihk-Tg,Sergio Oliveira,external-reference,embed_link_and_summarize_only
-aM9RiNW0UE,https://www.youtube.com/watch?v=-aM9RiNW0UE,"Renault Kwid 2019, ¿de verdad es una camioneta?",1304.0,,videos,https://i.ytimg.com/vi/-aM9RiNW0UE/hqdefault.jpg?sqp=-oaymwEcCNACELwBSFXyq4qpAw4IARUAAIhCGAFwAcABBg==&rs=AOn4CLCHr-2WDfXSLCPnmcbQkPY7VMk-RA,Sergio Oliveira,external-reference,embed_link_and_summarize_only
_klK1vO5_gM,https://www.youtube.com/watch?v=_klK1vO5_gM,"Peugeot Traveller 2020, que nadie reclame por falta de espacio",678.0,,videos,https://i.ytimg.com/vi/_klK1vO5_gM/hqdefault.jpg?sqp=-oaymwEcCNACELwBSFXyq4qpAw4IARUAAIhCGAFwAcABBg==&rs=AOn4CLA24C6Oy1Ss4B2E8MJ-LQEFg-t_9w,Sergio Oliveira,external-reference,embed_link_and_summarize_only
HVW2cyCeaGo,https://www.youtube.com/watch?v=HVW2cyCeaGo,"Kia Rio 2019, no apto para milenials",439.0,,videos,https://i.ytimg.com/vi/HVW2cyCeaGo/hqdefault.jpg?sqp=-oaymwEcCNACELwBSFXyq4qpAw4IARUAAIhCGAFwAcABBg==&rs=AOn4CLCzy59WxWeQzTT9PGEZzIUQwXgBFw,Sergio Oliveira,external-reference,embed_link_and_summarize_only
uhRQJZ5ff9s,https://www.youtube.com/watch?v=uhRQJZ5ff9s,"Mi cumpleaños con una Lincoln Navigator, un magnífico hotel y un consumo sorprendente",860.0,,videos,https://i.ytimg.com/vi/uhRQJZ5ff9s/hqdefault.jpg?sqp=-oaymwEcCNACELwBSFXyq4qpAw4IARUAAIhCGAFwAcABBg==&rs=AOn4CLB59rW5WS882_CUdTwJQUGEjVe8ag,Sergio Oliveira,external-reference,embed_link_and_summarize_only
Y2MyXUxUEo0,https://www.youtube.com/watch?v=Y2MyXUxUEo0,"Kia Optima vs Ford Fusion, ¿cuál de los dos está hecho para ti?",913.0,,videos,https://i.ytimg.com/vi/Y2MyXUxUEo0/hqdefault.jpg?sqp=-oaymwEcCNACELwBSFXyq4qpAw4IARUAAIhCGAFwAcABBg==&rs=AOn4CLAXwmv2zEHhyY5v9p2rPTcZj8uMoA,Sergio Oliveira,external-reference,embed_link_and_summarize_only
rNX-98gRKyg,https://www.youtube.com/watch?v=rNX-98gRKyg,¡Ahora sí podré tener un Lamborghini en la cochera de mi casa!,204.0,,videos,https://i.ytimg.com/vi/rNX-98gRKyg/hqdefault.jpg?sqp=-oaymwEcCNACELwBSFXyq4qpAw4IARUAAIhCGAFwAcABBg==&rs=AOn4CLB6i3hSBydL92piNowGp1PZJRVekw,Sergio Oliveira,external-reference,embed_link_and_summarize_only
pMIi43uSih0,https://www.youtube.com/watch?v=pMIi43uSih0,"Kia Optima 2019, seguridad sin mayor emoción",592.0,,videos,https://i.ytimg.com/vi/pMIi43uSih0/hqdefault.jpg?sqp=-oaymwEcCNACELwBSFXyq4qpAw4IARUAAIhCGAFwAcABBg==&rs=AOn4CLBpEd9HqYf7L3UuD498baihzM153Q,Sergio Oliveira,external-reference,embed_link_and_summarize_only
uhO8MoSAX04,https://www.youtube.com/watch?v=uhO8MoSAX04,"JAC Sei 7 limited 2019, ¿de verdad es un buen negocio?",925.0,,videos,https://i.ytimg.com/vi/uhO8MoSAX04/hqdefault.jpg?sqp=-oaymwEcCNACELwBSFXyq4qpAw4IARUAAIhCGAFwAcABBg==&rs=AOn4CLC49vN4XBK3amNW1s9MQIbMyqFUjg,Sergio Oliveira,external-reference,embed_link_and_summarize_only
ZCLzICgydGE,https://www.youtube.com/watch?v=ZCLzICgydGE,Cheyenne tour,761.0,,videos,https://i.ytimg.com/vi/ZCLzICgydGE/hqdefault.jpg?sqp=-oaymwEcCNACELwBSFXyq4qpAw4IARUAAIhCGAFwAcABBg==&rs=AOn4CLAyd730_c_94kk2McWXTCtbP0onBg,Sergio Oliveira,external-reference,embed_link_and_summarize_only
mY3ulKV-9X4,https://www.youtube.com/watch?v=mY3ulKV-9X4,"RAM 2500 HD 2019, lo más cercano a un trailer",970.0,,videos,https://i.ytimg.com/vi/mY3ulKV-9X4/hqdefault.jpg?sqp=-oaymwEcCNACELwBSFXyq4qpAw4IARUAAIhCGAFwAcABBg==&rs=AOn4CLAvX4nPWmbR4U1W0Y5BrOaLcg2n6g,Sergio Oliveira,external-reference,embed_link_and_summarize_only
ZMlO_xI_IQY,https://www.youtube.com/watch?v=ZMlO_xI_IQY,"Chrysler Pacífica 2019, la mejor minivan del mercado",637.0,,videos,https://i.ytimg.com/vi/ZMlO_xI_IQY/hqdefault.jpg?sqp=-oaymwEcCNACELwBSFXyq4qpAw4IARUAAIhCGAFwAcABBg==&rs=AOn4CLDko8xMlWoL5G9ct0CazXKbzfBYIA,Sergio Oliveira,external-reference,embed_link_and_summarize_only
UlDnq4c5mS8,https://www.youtube.com/watch?v=UlDnq4c5mS8,"Lincoln Navigator 2019, como volar en primera clase",1298.0,,videos,https://i.ytimg.com/vi/UlDnq4c5mS8/hqdefault.jpg?sqp=-oaymwEcCNACELwBSFXyq4qpAw4IARUAAIhCGAFwAcABBg==&rs=AOn4CLBWejOUn9_J6hwB_3xHtLZQ0piy_A,Sergio Oliveira,external-reference,embed_link_and_summarize_only
ST95eipy8zI,https://www.youtube.com/watch?v=ST95eipy8zI,BMW Serie 3 2019. Mañana todos los premium van a querer imitarlo,690.0,,videos,https://i.ytimg.com/vi/ST95eipy8zI/hqdefault.jpg?sqp=-oaymwEcCNACELwBSFXyq4qpAw4IARUAAIhCGAFwAcABBg==&rs=AOn4CLAQ5aXNXRz8hXz3ahBLxzm4diICmg,Sergio Oliveira,external-reference,embed_link_and_summarize_only
6ieXcWQ0fEs,https://www.youtube.com/watch?v=6ieXcWQ0fEs,"Toyota Rav4 2019  Racionalmente, una magnífica opción",711.0,,videos,https://i.ytimg.com/vi/6ieXcWQ0fEs/hqdefault.jpg?sqp=-oaymwEcCNACELwBSFXyq4qpAw4IARUAAIhCGAFwAcABBg==&rs=AOn4CLDWFcOM5A0Dk5e9ijmCqKJhS9iUGQ,Sergio Oliveira,external-reference,embed_link_and_summarize_only
9-g3FAE6C7w,https://www.youtube.com/watch?v=9-g3FAE6C7w,"Chevrolet Traverse 2019, para un feliz 10 de mayo",481.0,,videos,https://i.ytimg.com/vi/9-g3FAE6C7w/hqdefault.jpg?sqp=-oaymwEcCNACELwBSFXyq4qpAw4IARUAAIhCGAFwAcABBg==&rs=AOn4CLCvhg971O9FlmGdCRthSV4DjL0Vzw,Sergio Oliveira,external-reference,embed_link_and_summarize_only
7fnNVBrxL_o,https://www.youtube.com/watch?v=7fnNVBrxL_o,"Mitsubishi Eclipse Cross 2019, nueva receta en tamaño compacto",787.0,,videos,https://i.ytimg.com/vi/7fnNVBrxL_o/hqdefault.jpg?sqp=-oaymwEcCNACELwBSFXyq4qpAw4IARUAAIhCGAFwAcABBg==&rs=AOn4CLBBZFll_Q5GpnomLU2ujnzH2fY53A,Sergio Oliveira,external-reference,embed_link_and_summarize_only
dDztRzElBPg,https://www.youtube.com/watch?v=dDztRzElBPg,Seat Tarraco. ¿Mejor que la Tiguan?,978.0,,videos,https://i.ytimg.com/vi/dDztRzElBPg/hqdefault.jpg?sqp=-oaymwEcCNACELwBSFXyq4qpAw4IARUAAIhCGAFwAcABBg==&rs=AOn4CLBWOUz5OAJj9RHkMiX3UUNOrOa_sA,Sergio Oliveira,external-reference,embed_link_and_summarize_only
FeBv0v34axg,https://www.youtube.com/watch?v=FeBv0v34axg,"Jeep Wrangler Predator 2019, preparado para la tierra",547.0,,videos,https://i.ytimg.com/vi/FeBv0v34axg/hqdefault.jpg?sqp=-oaymwEcCNACELwBSFXyq4qpAw4IARUAAIhCGAFwAcABBg==&rs=AOn4CLBd24Any_E8AIRrORRkDQN9ZsUdKg,Sergio Oliveira,external-reference,embed_link_and_summarize_only
OhYiga0we-0,https://www.youtube.com/watch?v=OhYiga0we-0,GMC Sierra Denali 2019  El precio de la fortaleza e ingeniería,744.0,,videos,https://i.ytimg.com/vi/OhYiga0we-0/hqdefault.jpg?sqp=-oaymwEcCNACELwBSFXyq4qpAw4IARUAAIhCGAFwAcABBg==&rs=AOn4CLD51MhnqyMdxLtKdmCjAmTIuFMQbw,Sergio Oliveira,external-reference,embed_link_and_summarize_only
2_uxWQzeScw,https://www.youtube.com/watch?v=2_uxWQzeScw,"Peugeot Rifter 7 pasajeros 2020, mayor y mejor",691.0,,videos,https://i.ytimg.com/vi/2_uxWQzeScw/hqdefault.jpg?sqp=-oaymwEcCNACELwBSFXyq4qpAw4IARUAAIhCGAFwAcABBg==&rs=AOn4CLC4cjCccIistR2jKHVAqbtRIS4WPg,Sergio Oliveira,external-reference,embed_link_and_summarize_only
QPYvdwOfpxw,https://www.youtube.com/watch?v=QPYvdwOfpxw,¿Quién compra una subcompacta de 3 filas?,830.0,,videos,https://i.ytimg.com/vi/QPYvdwOfpxw/hqdefault.jpg?sqp=-oaymwEcCNACELwBSFXyq4qpAw4IARUAAIhCGAFwAcABBg==&rs=AOn4CLBqSQAwJIUO2Soz4Jt430hXxtBv9w,Sergio Oliveira,external-reference,embed_link_and_summarize_only
3HlFz15x6o8,https://www.youtube.com/watch?v=3HlFz15x6o8,Les presento la Volkswagen T Cross y un poco el Virtus,626.0,,videos,https://i.ytimg.com/vi/3HlFz15x6o8/hqdefault.jpg?sqp=-oaymwEcCNACELwBSFXyq4qpAw4IARUAAIhCGAFwAcABBg==&rs=AOn4CLAqql5pCDuSQTK6vFGVdnDrL9i5tA,Sergio Oliveira,external-reference,embed_link_and_summarize_only
eHBV2250YOg,https://www.youtube.com/watch?v=eHBV2250YOg,"JAC Sei7 2019, el mejor valor/precio de todo el segmento",824.0,,videos,https://i.ytimg.com/vi/eHBV2250YOg/hqdefault.jpg?sqp=-oaymwEcCNACELwBSFXyq4qpAw4IARUAAIhCGAFwAcABBg==&rs=AOn4CLDCtrl3x64zGDtUuywWlrAzh0buZQ,Sergio Oliveira,external-reference,embed_link_and_summarize_only
2ODy-eQMDUk,https://www.youtube.com/watch?v=2ODy-eQMDUk,"Mazda 3 Hatchback 2019, más refinado y maduro",720.0,,videos,https://i.ytimg.com/vi/2ODy-eQMDUk/hqdefault.jpg?sqp=-oaymwE2CNACELwBSFXyq4qpAygIARUAAIhCGAFwAcABBvABAfgB_gmAAtAFigIMCAAQARhlIE4oQzAP&rs=AOn4CLA664ugsf4gN2MFO_ZfT8O5dUR6fA,Sergio Oliveira,external-reference,embed_link_and_summarize_only
fNC7ppMap58,https://www.youtube.com/watch?v=fNC7ppMap58,"Lincoln. Un cerro famoso, una buena carne y el rey de Lincoln",734.0,,videos,https://i.ytimg.com/vi/fNC7ppMap58/hqdefault.jpg?sqp=-oaymwE2CNACELwBSFXyq4qpAygIARUAAIhCGAFwAcABBvABAfgB_gmAAtAFigIMCAAQARhdIF0oXTAP&rs=AOn4CLDLjUjnPDoL_FE7o0k72y4vDmPVQw,Sergio Oliveira,external-reference,embed_link_and_summarize_only
TqiO1ZX_ktw,https://www.youtube.com/watch?v=TqiO1ZX_ktw,"Chevrolet Cheyenne 2019, camioneta con espíritu masculino",1048.0,,videos,https://i.ytimg.com/vi/TqiO1ZX_ktw/hqdefault.jpg?sqp=-oaymwEcCNACELwBSFXyq4qpAw4IARUAAIhCGAFwAcABBg==&rs=AOn4CLAlughEgjp3cEnxHyjDbiSt5oz9nw,Sergio Oliveira,external-reference,embed_link_and_summarize_only
8RWrsC23-2Y,https://www.youtube.com/watch?v=8RWrsC23-2Y,La Cochera se vende. Tal vez no cómo lo piensas :),909.0,,videos,https://i.ytimg.com/vi/8RWrsC23-2Y/hqdefault.jpg?sqp=-oaymwE2CNACELwBSFXyq4qpAygIARUAAIhCGAFwAcABBvABAfgB_gmAAtAFigIMCAAQARhlIGUoZTAP&rs=AOn4CLCEL51d0RJ105VtvSHp99FX1RgE-A,Sergio Oliveira,external-reference,embed_link_and_summarize_only
hGbncNiRFVo,https://www.youtube.com/watch?v=hGbncNiRFVo,"Jetta GLI 2019, el mejor GLI de la historia",1027.0,,videos,https://i.ytimg.com/vi/hGbncNiRFVo/hqdefault.jpg?sqp=-oaymwEcCNACELwBSFXyq4qpAw4IARUAAIhCGAFwAcABBg==&rs=AOn4CLBmBqP-8-K7TLDZXcgCdocR34SJ4g,Sergio Oliveira,external-reference,embed_link_and_summarize_only
hP28q7Fq6GQ,https://www.youtube.com/watch?v=hP28q7Fq6GQ,Mazda. La aventura terminó en Monterrey,697.0,,videos,https://i.ytimg.com/vi/hP28q7Fq6GQ/hqdefault.jpg?sqp=-oaymwE2CNACELwBSFXyq4qpAygIARUAAIhCGAFwAcABBvABAfgB_gmAAtAFigIMCAAQARhlIGUoZTAP&rs=AOn4CLAwU4JHAvo_agR3B_VYsQLbHEy3FA,Sergio Oliveira,external-reference,embed_link_and_summarize_only
74Zq21RVHTM,https://www.youtube.com/watch?v=74Zq21RVHTM,"Lincoln Nautilus 2019, no siempre lo bueno es alemán",828.0,,videos,https://i.ytimg.com/vi/74Zq21RVHTM/hqdefault.jpg?sqp=-oaymwE2CNACELwBSFXyq4qpAygIARUAAIhCGAFwAcABBvABAfgB_gmAAtAFigIMCAAQARhlIGUoZTAP&rs=AOn4CLC1Cqmfhkyu6G7QYDZLp8Th_jy8fA,Sergio Oliveira,external-reference,embed_link_and_summarize_only
FZ7oDnQ1qQ8,https://www.youtube.com/watch?v=FZ7oDnQ1qQ8,"Peugeot Rifter 2019, espacio y economía a su máxima expresión",692.0,,videos,https://i.ytimg.com/vi/FZ7oDnQ1qQ8/hqdefault.jpg?sqp=-oaymwEcCNACELwBSFXyq4qpAw4IARUAAIhCGAFwAcABBg==&rs=AOn4CLAgdvUh92c1xVXDdONq4leevUr0lg,Sergio Oliveira,external-reference,embed_link_and_summarize_only
z4jMLFO8xBo,https://www.youtube.com/watch?v=z4jMLFO8xBo,"Jeep Renegade 2019, no es la camioneta de todas las señoras",1008.0,,videos,https://i.ytimg.com/vi/z4jMLFO8xBo/hqdefault.jpg?sqp=-oaymwE2CNACELwBSFXyq4qpAygIARUAAIhCGAFwAcABBvABAfgB_gmAAtAFigIMCAAQARhlIFwoWTAP&rs=AOn4CLAWOVWTNuIbFHdXGJseLO-hb9HYZA,Sergio Oliveira,external-reference,embed_link_and_summarize_only
MwGQSCh3rJ8,https://www.youtube.com/watch?v=MwGQSCh3rJ8,"Nissan Leaf 2019, ¿tan verde como se cree?",822.0,,videos,https://i.ytimg.com/vi/MwGQSCh3rJ8/hqdefault.jpg?sqp=-oaymwEcCNACELwBSFXyq4qpAw4IARUAAIhCGAFwAcABBg==&rs=AOn4CLA5cSHKq-nL9l42sZq8O6IX4zQMQw,Sergio Oliveira,external-reference,embed_link_and_summarize_only
U75Jh6xjPEI,https://www.youtube.com/watch?v=U75Jh6xjPEI,"Mazda 3 2019. Finalmente lo manejé en México, y la suspensión trasera se siente...",800.0,,videos,https://i.ytimg.com/vi/U75Jh6xjPEI/hqdefault.jpg?sqp=-oaymwEcCNACELwBSFXyq4qpAw4IARUAAIhCGAFwAcABBg==&rs=AOn4CLDHRHGKF7JK4wOdN92o1m2lhgZDzA,Sergio Oliveira,external-reference,embed_link_and_summarize_only
8NDcaNxsnoI,https://www.youtube.com/watch?v=8NDcaNxsnoI,"Dodge Challenger, otra vez. ¿Por qué no?",692.0,,videos,https://i.ytimg.com/vi/8NDcaNxsnoI/hqdefault.jpg?sqp=-oaymwEcCNACELwBSFXyq4qpAw4IARUAAIhCGAFwAcABBg==&rs=AOn4CLCVLUHz6Bpku0QZ7EeCB5DkVwjpoA,Sergio Oliveira,external-reference,embed_link_and_summarize_only
weiZw_QInoI,https://www.youtube.com/watch?v=weiZw_QInoI,"Mustang Bullitt, una estrella de cine",623.0,,videos,https://i.ytimg.com/vi/weiZw_QInoI/hqdefault.jpg?sqp=-oaymwE2CNACELwBSFXyq4qpAygIARUAAIhCGAFwAcABBvABAfgB_gmAAtAFigIMCAAQARhlIF8oWDAP&rs=AOn4CLBvYV6opu4a2UxcHVKSdMJHaB4oOQ,Sergio Oliveira,external-reference,embed_link_and_summarize_only
ECLSKY-de5w,https://www.youtube.com/watch?v=ECLSKY-de5w,"Kia Soul, nueva alma para el Kia Soul",574.0,,videos,https://i.ytimg.com/vi/ECLSKY-de5w/hqdefault.jpg?sqp=-oaymwEcCNACELwBSFXyq4qpAw4IARUAAIhCGAFwAcABBg==&rs=AOn4CLDw4opLHQPjGWZcGbBrAGqG4d-fSQ,Sergio Oliveira,external-reference,embed_link_and_summarize_only
qOCCc789snA,https://www.youtube.com/watch?v=qOCCc789snA,"Alfa Romeo Stelvio QV 2019, ¿mejor que una Cayenne?",887.0,,videos,https://i.ytimg.com/vi/qOCCc789snA/hqdefault.jpg?sqp=-oaymwEcCNACELwBSFXyq4qpAw4IARUAAIhCGAFwAcABBg==&rs=AOn4CLC42GkabJtbnaGbiLUcL3QIOTFxJQ,Sergio Oliveira,external-reference,embed_link_and_summarize_only
TovWZ3QienQ,https://www.youtube.com/watch?v=TovWZ3QienQ,"Volkswagen Gol 2019, gran producto, pero...",485.0,,videos,https://i.ytimg.com/vi/TovWZ3QienQ/hqdefault.jpg?sqp=-oaymwEcCNACELwBSFXyq4qpAw4IARUAAIhCGAFwAcABBg==&rs=AOn4CLAVDl_b3TVTpgTTixQGUrWll1GtbQ,Sergio Oliveira,external-reference,embed_link_and_summarize_only
3eIzQ_VHBRM,https://www.youtube.com/watch?v=3eIzQ_VHBRM,Nueva Mazda CX-30 2020.,56.0,,videos,https://i.ytimg.com/vi/3eIzQ_VHBRM/hqdefault.jpg?sqp=-oaymwE2CNACELwBSFXyq4qpAygIARUAAIhCGAFwAcABBvABAfgB_gmAAtAFigIMCAAQARhjIGMoYzAP&rs=AOn4CLCN-PCgO5znTMO2yf4tI94o0m1xIg,Sergio Oliveira,external-reference,embed_link_and_summarize_only
0BpJTvNawWA,https://www.youtube.com/watch?v=0BpJTvNawWA,"RAM HD, ¿será la mejor en su clase?",575.0,,videos,https://i.ytimg.com/vi/0BpJTvNawWA/hqdefault.jpg?sqp=-oaymwEcCNACELwBSFXyq4qpAw4IARUAAIhCGAFwAcABBg==&rs=AOn4CLDJrMIwH2Rt0m_WN8qUR4Da-F4aHg,Sergio Oliveira,external-reference,embed_link_and_summarize_only
SijP1A_n3Q0,https://www.youtube.com/watch?v=SijP1A_n3Q0,"Chevrolet Blazer 2019, ¿será realmente un Camaro crossover?",1271.0,,videos,https://i.ytimg.com/vi/SijP1A_n3Q0/hqdefault.jpg?sqp=-oaymwEcCNACELwBSFXyq4qpAw4IARUAAIhCGAFwAcABBg==&rs=AOn4CLD9g_xLlIvuIrA9_I2z-fHax2Gpeg,Sergio Oliveira,external-reference,embed_link_and_summarize_only
BsRoIor90pc,https://www.youtube.com/watch?v=BsRoIor90pc,"Lincoln, un precioso hotel boutique y una noche muy especial",472.0,,videos,https://i.ytimg.com/vi/BsRoIor90pc/hqdefault.jpg?sqp=-oaymwEcCNACELwBSFXyq4qpAw4IARUAAIhCGAFwAcABBg==&rs=AOn4CLCfElcSwMiVkDIlZVDIhFPQ9FCEcg,Sergio Oliveira,external-reference,embed_link_and_summarize_only
5gXgyWPgvfk,https://www.youtube.com/watch?v=5gXgyWPgvfk,Mazda da la cara,1337.0,,videos,https://i.ytimg.com/vi/5gXgyWPgvfk/hqdefault.jpg?sqp=-oaymwE2CNACELwBSFXyq4qpAygIARUAAIhCGAFwAcABBvABAfgB1AaAAuADigIMCAAQARhlIFEoTzAP&rs=AOn4CLC4sJnuCB7vgEzm53bqHDRkibUktA,Sergio Oliveira,external-reference,embed_link_and_summarize_only
Xehcx3ysjjQ,https://www.youtube.com/watch?v=Xehcx3ysjjQ,50 años sin ti,194.0,,videos,https://i.ytimg.com/vi/Xehcx3ysjjQ/hqdefault.jpg?sqp=-oaymwE2CNACELwBSFXyq4qpAygIARUAAIhCGAFwAcABBvABAfgB_gmAAtAFigIMCAAQARhlIGUoZTAP&rs=AOn4CLAk5a78S9fCU8hgsh0hytnz96qBew,Sergio Oliveira,external-reference,embed_link_and_summarize_only
r5UbxtgLPvg,https://www.youtube.com/watch?v=r5UbxtgLPvg,"Lincoln Continental 2019, siempre lujo manejar un Continental",740.0,,videos,https://i.ytimg.com/vi/r5UbxtgLPvg/hqdefault.jpg?sqp=-oaymwE2CNACELwBSFXyq4qpAygIARUAAIhCGAFwAcABBvABAfgB_gmAAtAFigIMCAAQARhlIFcoSjAP&rs=AOn4CLDAi2gKiqGLhgz7DR_5WvpntefpBw,Sergio Oliveira,external-reference,embed_link_and_summarize_only
LvGWvDZUlFk,https://www.youtube.com/watch?v=LvGWvDZUlFk,"Suzuki Vitara 2019, como ninguna en su clase",664.0,,videos,https://i.ytimg.com/vi/LvGWvDZUlFk/hqdefault.jpg?sqp=-oaymwEcCNACELwBSFXyq4qpAw4IARUAAIhCGAFwAcABBg==&rs=AOn4CLDhfDmzjL8qFvuCIMgacWOWUAkAnQ,Sergio Oliveira,external-reference,embed_link_and_summarize_only
t3QVQGn2xBg,https://www.youtube.com/watch?v=t3QVQGn2xBg,Toda la historia de VW en tu casa,262.0,,videos,https://i.ytimg.com/vi/t3QVQGn2xBg/hqdefault.jpg?sqp=-oaymwE2CNACELwBSFXyq4qpAygIARUAAIhCGAFwAcABBvABAfgB_gmAAtAFigIMCAAQARhlIFkoTDAP&rs=AOn4CLDBWeKjGb4--2fC1SiRRUA3GecSfw,Sergio Oliveira,external-reference,embed_link_and_summarize_only
puRQx42uD2M,https://www.youtube.com/watch?v=puRQx42uD2M,"Chevrolet Camaro 2019, quién lo fuera a decir, tiene un pedacito de Mustang",857.0,,videos,https://i.ytimg.com/vi/puRQx42uD2M/hqdefault.jpg?sqp=-oaymwEcCNACELwBSFXyq4qpAw4IARUAAIhCGAFwAcABBg==&rs=AOn4CLDau_lw7P3eXbzYDxt7kWdZL94UrQ,Sergio Oliveira,external-reference,embed_link_and_summarize_only
rf8y5Ywabac,https://www.youtube.com/watch?v=rf8y5Ywabac,"Peugeot Partner 2020, el trabajo no quita el glamour francés",538.0,,videos,https://i.ytimg.com/vi/rf8y5Ywabac/hqdefault.jpg?sqp=-oaymwE2CNACELwBSFXyq4qpAygIARUAAIhCGAFwAcABBvABAfgB_gmAAtAFigIMCAAQARg1IFYocjAP&rs=AOn4CLALwqsA9U3wyC3ZgnjnOLAh2Rq3Ow,Sergio Oliveira,external-reference,embed_link_and_summarize_only
KVZBV8ydi1I,https://www.youtube.com/watch?v=KVZBV8ydi1I,"Mazda CX 5 2019, para algunos, será la mejor opción",685.0,,videos,https://i.ytimg.com/vi/KVZBV8ydi1I/hqdefault.jpg?sqp=-oaymwE2CNACELwBSFXyq4qpAygIARUAAIhCGAFwAcABBvABAfgB_gmAAtAFigIMCAAQARhMIGUoQzAP&rs=AOn4CLCLpU_sJT_RUe6jGKt_-BIb428Dtw,Sergio Oliveira,external-reference,embed_link_and_summarize_only
R0mqPJKuhhE,https://www.youtube.com/watch?v=R0mqPJKuhhE,"Volvo XC40, la reina de Suecia",662.0,,videos,https://i.ytimg.com/vi/R0mqPJKuhhE/hqdefault.jpg?sqp=-oaymwE2CNACELwBSFXyq4qpAygIARUAAIhCGAFwAcABBvABAfgB_gmAAtAFigIMCAAQARhlIFgoSTAP&rs=AOn4CLAgLdb_ql2mqfgaqp_XCVwGnALfvw,Sergio Oliveira,external-reference,embed_link_and_summarize_only
QZWZxAWJav8,https://www.youtube.com/watch?v=QZWZxAWJav8,"Renault Sandero RS, mucho más sofisticado de lo que se piensa",592.0,,videos,https://i.ytimg.com/vi/QZWZxAWJav8/hqdefault.jpg?sqp=-oaymwE2CNACELwBSFXyq4qpAygIARUAAIhCGAFwAcABBvABAfgB_gmAAtAFigIMCAAQARhlIFcoTTAP&rs=AOn4CLAjhccbPJWOXOWmcTvSinglp_0Xyg,Sergio Oliveira,external-reference,embed_link_and_summarize_only
WrRZQE0F5CA,https://www.youtube.com/watch?v=WrRZQE0F5CA,La diversión de no tener agarre,515.0,,videos,https://i.ytimg.com/vi/WrRZQE0F5CA/hqdefault.jpg?sqp=-oaymwE2CNACELwBSFXyq4qpAygIARUAAIhCGAFwAcABBvABAfgB_gmAAtAFigIMCAAQARhKIFooZTAP&rs=AOn4CLCac15Qvl-kJTT1RcL30UFfYnGS8A,Sergio Oliveira,external-reference,embed_link_and_summarize_only
CmE2m028bnc,https://www.youtube.com/watch?v=CmE2m028bnc,"Camaro RS 2019, seis cilindros y mucha actitud",584.0,,videos,https://i.ytimg.com/vi/CmE2m028bnc/hqdefault.jpg?sqp=-oaymwE2CNACELwBSFXyq4qpAygIARUAAIhCGAFwAcABBvABAfgB_gmAAtAFigIMCAAQARhlIGMoVTAP&rs=AOn4CLBz0KjADXC2HZjEo8iojbBaErL_XQ,Sergio Oliveira,external-reference,embed_link_and_summarize_only
JKqZgdpCVD0,https://www.youtube.com/watch?v=JKqZgdpCVD0,Falla de servicio,446.0,,videos,https://i.ytimg.com/vi/JKqZgdpCVD0/hqdefault.jpg?sqp=-oaymwE2CNACELwBSFXyq4qpAygIARUAAIhCGAFwAcABBvABAfgB_gmAAtAFigIMCAAQARh_ICwoPDAP&rs=AOn4CLBE5iGogbmBgdMaHz4l0wdcputwxg,Sergio Oliveira,external-reference,embed_link_and_summarize_only
lsZH0xziVm8,https://www.youtube.com/watch?v=lsZH0xziVm8,Manejando El Mazda 3 2019,892.0,,videos,https://i.ytimg.com/vi/lsZH0xziVm8/hqdefault.jpg?sqp=-oaymwEcCNACELwBSFXyq4qpAw4IARUAAIhCGAFwAcABBg==&rs=AOn4CLBCK6A-7juBEc4gIkhrlEsJTzKVKA,Sergio Oliveira,external-reference,embed_link_and_summarize_only
CxhOC6tyZMA,https://www.youtube.com/watch?v=CxhOC6tyZMA,"Seat León Cupra, el último 'hot hatch' de Seat",463.0,,videos,https://i.ytimg.com/vi/CxhOC6tyZMA/hqdefault.jpg?sqp=-oaymwEcCNACELwBSFXyq4qpAw4IARUAAIhCGAFwAcABBg==&rs=AOn4CLANPOD5NI-DCtxzC34peFkvJolvUw,Sergio Oliveira,external-reference,embed_link_and_summarize_only
G-3vKfC6eYE,https://www.youtube.com/watch?v=G-3vKfC6eYE,Kia Sportage 2019. Todo lo que le falta es...,728.0,,videos,https://i.ytimg.com/vi/G-3vKfC6eYE/hqdefault.jpg?sqp=-oaymwEcCNACELwBSFXyq4qpAw4IARUAAIhCGAFwAcABBg==&rs=AOn4CLAp5IPC_N8ic_3Yk_s3ksC-MSIcxg,Sergio Oliveira,external-reference,embed_link_and_summarize_only
6Jud9byB5hg,https://www.youtube.com/watch?v=6Jud9byB5hg,Volkswagen Teramont Highline. La reina del espacio.,827.0,,videos,https://i.ytimg.com/vi/6Jud9byB5hg/hqdefault.jpg?sqp=-oaymwEcCNACELwBSFXyq4qpAw4IARUAAIhCGAFwAcABBg==&rs=AOn4CLDUGRbUmh3zOqnqgicZ9GW586ynag,Sergio Oliveira,external-reference,embed_link_and_summarize_only
wINwY5qR5e0,https://www.youtube.com/watch?v=wINwY5qR5e0,Mazda MX 5 RF. Justo la dosis extra de picante.,784.0,,videos,https://i.ytimg.com/vi/wINwY5qR5e0/hqdefault.jpg?sqp=-oaymwEcCNACELwBSFXyq4qpAw4IARUAAIhCGAFwAcABBg==&rs=AOn4CLBgllijU6ISllnKJf5CLtQxhyAJBw,Sergio Oliveira,external-reference,embed_link_and_summarize_only
9gPhHvyvSxo,https://www.youtube.com/watch?v=9gPhHvyvSxo,Chevrolet Cavalier 2019. Finalmente probamos una versión austera.,754.0,,videos,https://i.ytimg.com/vi/9gPhHvyvSxo/hqdefault.jpg?sqp=-oaymwEcCNACELwBSFXyq4qpAw4IARUAAIhCGAFwAcABBg==&rs=AOn4CLDzmHkMiyT40ufAJG6xIlsgBRuOJQ,Sergio Oliveira,external-reference,embed_link_and_summarize_only
wcQRfLaCuZM,https://www.youtube.com/watch?v=wcQRfLaCuZM,"Peugeot Expert, transporte a la moda francesa.",559.0,,videos,https://i.ytimg.com/vi/wcQRfLaCuZM/hqdefault.jpg?sqp=-oaymwEcCNACELwBSFXyq4qpAw4IARUAAIhCGAFwAcABBg==&rs=AOn4CLCxX4TUJPZyWxfKZpuVcSwBUp0-Sw,Sergio Oliveira,external-reference,embed_link_and_summarize_only
HezjAarNwDw,https://www.youtube.com/watch?v=HezjAarNwDw,El secreto del éxito,348.0,,videos,https://i.ytimg.com/vi/HezjAarNwDw/hqdefault.jpg?sqp=-oaymwEcCNACELwBSFXyq4qpAw4IARUAAIhCGAFwAcABBg==&rs=AOn4CLA3LuXudoO4fO04m4UD6wk_3q0_gg,Sergio Oliveira,external-reference,embed_link_and_summarize_only
lBTISaW4giY,https://www.youtube.com/watch?v=lBTISaW4giY,"Santa Fe 2019. Lujo, equipo y diseño a buen precio.",1026.0,,videos,https://i.ytimg.com/vi/lBTISaW4giY/hqdefault.jpg?sqp=-oaymwEcCNACELwBSFXyq4qpAw4IARUAAIhCGAFwAcABBg==&rs=AOn4CLCYIZTM-2Tg-I68OpcDibVzqlG3sQ,Sergio Oliveira,external-reference,embed_link_and_summarize_only
TtF5WwcAj8A,https://www.youtube.com/watch?v=TtF5WwcAj8A,Cayenne 2019. El rival a vencer.,808.0,,videos,https://i.ytimg.com/vi/TtF5WwcAj8A/hqdefault.jpg?sqp=-oaymwEcCNACELwBSFXyq4qpAw4IARUAAIhCGAFwAcABBg==&rs=AOn4CLAQm6Q8Kh3f-SElh8S1AQ-8V9ZWuw,Sergio Oliveira,external-reference,embed_link_and_summarize_only
bqUwtKcUeK4,https://www.youtube.com/watch?v=bqUwtKcUeK4,Poniendo CarPlay a un Mazda 6,1002.0,,videos,https://i.ytimg.com/vi/bqUwtKcUeK4/hqdefault.jpg?sqp=-oaymwEcCNACELwBSFXyq4qpAw4IARUAAIhCGAFwAcABBg==&rs=AOn4CLD8lGDVDlBhFfovVan1s7Y2Vj_Viw,Sergio Oliveira,external-reference,embed_link_and_summarize_only
RbGTxoOv9No,https://www.youtube.com/watch?v=RbGTxoOv9No,Bmw Serie 3 2019 - Ecología con precisión germana,842.0,,videos,https://i.ytimg.com/vi/RbGTxoOv9No/hqdefault.jpg?sqp=-oaymwEcCNACELwBSFXyq4qpAw4IARUAAIhCGAFwAcABBg==&rs=AOn4CLDdRgPqLzBO2A055paZRXEGaMVYaA,Sergio Oliveira,external-reference,embed_link_and_summarize_only
HVMbdsAPao8,https://www.youtube.com/watch?v=HVMbdsAPao8,Primer vistazo a la Chevrolet Blazer.,142.0,,videos,https://i.ytimg.com/vi/HVMbdsAPao8/hqdefault.jpg?sqp=-oaymwEcCNACELwBSFXyq4qpAw4IARUAAIhCGAFwAcABBg==&rs=AOn4CLCHBLyjrfYYYYcdVEZZ1qQiWEoZ3g,Sergio Oliveira,external-reference,embed_link_and_summarize_only
N7kGxxlBsfg,https://www.youtube.com/watch?v=N7kGxxlBsfg,Audi Q7 2019 - Superioridad Germana,566.0,,videos,https://i.ytimg.com/vi/N7kGxxlBsfg/hqdefault.jpg?sqp=-oaymwEcCNACELwBSFXyq4qpAw4IARUAAIhCGAFwAcABBg==&rs=AOn4CLD5MfWzz4Gy1DJF7cv8ewLcFEAalw,Sergio Oliveira,external-reference,embed_link_and_summarize_only
KKwgGS1iRQ0,https://www.youtube.com/watch?v=KKwgGS1iRQ0,"Cadillac XT4 2019 - Buena potencia, poca emoción.",868.0,,videos,https://i.ytimg.com/vi/KKwgGS1iRQ0/hqdefault.jpg?sqp=-oaymwEcCNACELwBSFXyq4qpAw4IARUAAIhCGAFwAcABBg==&rs=AOn4CLANstUTCMCMeH58xV1K2nzH9XSt4g,Sergio Oliveira,external-reference,embed_link_and_summarize_only
Phisq6AnyRU,https://www.youtube.com/watch?v=Phisq6AnyRU,JAC Sei2 Limited - Gran valor por tu dinero,618.0,,videos,https://i.ytimg.com/vi/Phisq6AnyRU/hqdefault.jpg?sqp=-oaymwEcCNACELwBSFXyq4qpAw4IARUAAIhCGAFwAcABBg==&rs=AOn4CLCicbOebOH-dDu6Nk4bUlboXissNw,Sergio Oliveira,external-reference,embed_link_and_summarize_only
9jeNzTQl470,https://www.youtube.com/watch?v=9jeNzTQl470,BMW 430i 2019 - Hermosa expresión de egoísmo,638.0,,videos,https://i.ytimg.com/vi/9jeNzTQl470/hqdefault.jpg?sqp=-oaymwEcCNACELwBSFXyq4qpAw4IARUAAIhCGAFwAcABBg==&rs=AOn4CLD3aKUZQ6taGZ2oA0M6e-Cd0Wj1sg,Sergio Oliveira,external-reference,embed_link_and_summarize_only
blBzgCWIA-s,https://www.youtube.com/watch?v=blBzgCWIA-s,Nuevo Mazda 3 2019.,123.0,,videos,https://i.ytimg.com/vi/blBzgCWIA-s/hqdefault.jpg?sqp=-oaymwEcCNACELwBSFXyq4qpAw4IARUAAIhCGAFwAcABBg==&rs=AOn4CLAEf9WJo6IX2zM4bBcOhF66tYdmog,Sergio Oliveira,external-reference,embed_link_and_summarize_only
QRj9hozR8EE,https://www.youtube.com/watch?v=QRj9hozR8EE,"Jeep Grand Cherokee TrackHawk 2019 - Mucho poder, pero no es un Hellcat",845.0,,videos,https://i.ytimg.com/vi/QRj9hozR8EE/hqdefault.jpg?sqp=-oaymwEcCNACELwBSFXyq4qpAw4IARUAAIhCGAFwAcABBg==&rs=AOn4CLAVusfhgVtYfKS_K0uh9o1g17Md5g,Sergio Oliveira,external-reference,embed_link_and_summarize_only
d_XNZOwP0EA,https://www.youtube.com/watch?v=d_XNZOwP0EA,Mitsubishi triton L200 2019 - La nipona se hace más ruda,1282.0,,videos,https://i.ytimg.com/vi/d_XNZOwP0EA/hqdefault.jpg?sqp=-oaymwEcCNACELwBSFXyq4qpAw4IARUAAIhCGAFwAcABBg==&rs=AOn4CLCbOLntamEPu7NVyzSJ0Pz04luYOg,Sergio Oliveira,external-reference,embed_link_and_summarize_only
0GHNiW_mtRE,https://www.youtube.com/watch?v=0GHNiW_mtRE,En el ambiente del Mostro. ¿Quién habrá ganado la apuesta?,980.0,,videos,https://i.ytimg.com/vi/0GHNiW_mtRE/hqdefault.jpg?sqp=-oaymwEcCNACELwBSFXyq4qpAw4IARUAAIhCGAFwAcABBg==&rs=AOn4CLDKXBUYcvMBGn6tO7ND14DBdRKRJQ,Sergio Oliveira,external-reference,embed_link_and_summarize_only
FryWfJxn-UU,https://www.youtube.com/watch?v=FryWfJxn-UU,Suzuki Ertiga 2019 - Sushi para 7,930.0,,videos,https://i.ytimg.com/vi/FryWfJxn-UU/hqdefault.jpg?sqp=-oaymwEcCNACELwBSFXyq4qpAw4IARUAAIhCGAFwAcABBg==&rs=AOn4CLD04Q8PoEoL0tTs5FSouDSX4pm7Hg,Sergio Oliveira,external-reference,embed_link_and_summarize_only
XGQBZIqJIZ8,https://www.youtube.com/watch?v=XGQBZIqJIZ8,Para que manejes seguro en carretera.,315.0,,videos,https://i.ytimg.com/vi/XGQBZIqJIZ8/hqdefault.jpg?sqp=-oaymwEcCNACELwBSFXyq4qpAw4IARUAAIhCGAFwAcABBg==&rs=AOn4CLAsgw2DyE7CVZXf22-oAaryAjH5QQ,Sergio Oliveira,external-reference,embed_link_and_summarize_only
SXwDVZes1q8,https://www.youtube.com/watch?v=SXwDVZes1q8,Un vocho mexicano en Madrid,858.0,,videos,https://i.ytimg.com/vi/SXwDVZes1q8/hqdefault.jpg?sqp=-oaymwEcCNACELwBSFXyq4qpAw4IARUAAIhCGAFwAcABBg==&rs=AOn4CLA7FV4mrFseeLoJREXzxkzaYp5o1g,Sergio Oliveira,external-reference,embed_link_and_summarize_only
yuaP4iBBLBU,https://www.youtube.com/watch?v=yuaP4iBBLBU,Honda  Insight - Un muy buen auto en un no tan buen momento,1010.0,,videos,https://i.ytimg.com/vi/yuaP4iBBLBU/hqdefault.jpg?sqp=-oaymwEcCNACELwBSFXyq4qpAw4IARUAAIhCGAFwAcABBg==&rs=AOn4CLC58mjAYkhBJL22og9tuKR1rncR3Q,Sergio Oliveira,external-reference,embed_link_and_summarize_only
ru7BN12l6H4,https://www.youtube.com/watch?v=ru7BN12l6H4,Audi A8 2019  - A todo lujo,459.0,,videos,https://i.ytimg.com/vi/ru7BN12l6H4/hqdefault.jpg?sqp=-oaymwEcCNACELwBSFXyq4qpAw4IARUAAIhCGAFwAcABBg==&rs=AOn4CLD-VQClJFxW9UPluU-MDywD0-XJsw,Sergio Oliveira,external-reference,embed_link_and_summarize_only
nTyA6V97ENk,https://www.youtube.com/watch?v=nTyA6V97ENk,Renault - 120 años de transportar emociones,429.0,,videos,https://i.ytimg.com/vi/nTyA6V97ENk/hqdefault.jpg?sqp=-oaymwEcCNACELwBSFXyq4qpAw4IARUAAIhCGAFwAcABBg==&rs=AOn4CLDAatEKN3gzZOlICCVzG_wWae-1aQ,Sergio Oliveira,external-reference,embed_link_and_summarize_only
E71QWeexl14,https://www.youtube.com/watch?v=E71QWeexl14,La nueva Touareg. Un VW solo para ricos,637.0,,videos,https://i.ytimg.com/vi/E71QWeexl14/hqdefault.jpg?sqp=-oaymwEcCNACELwBSFXyq4qpAw4IARUAAIhCGAFwAcABBg==&rs=AOn4CLCWFZmQOcHLPLr4ztiwY7kswGw0fg,Sergio Oliveira,external-reference,embed_link_and_summarize_only
WydwGx_6ozQ,https://www.youtube.com/watch?v=WydwGx_6ozQ,¿Realmente es caro el servicio de agencia?,778.0,,videos,https://i.ytimg.com/vi/WydwGx_6ozQ/hqdefault.jpg?sqp=-oaymwEcCNACELwBSFXyq4qpAw4IARUAAIhCGAFwAcABBg==&rs=AOn4CLBr3_ysUF_szc3QnvvfNw--wMqHmg,Sergio Oliveira,external-reference,embed_link_and_summarize_only
lL5uRMMNtoQ,https://www.youtube.com/watch?v=lL5uRMMNtoQ,Renault diseña (e imprime) el futuro de la F1,223.0,,videos,https://i.ytimg.com/vi/lL5uRMMNtoQ/hqdefault.jpg?sqp=-oaymwEcCNACELwBSFXyq4qpAw4IARUAAIhCGAFwAcABBg==&rs=AOn4CLDlp766Sea1x_I_0LTChVbOKxH0Ig,Sergio Oliveira,external-reference,embed_link_and_summarize_only
INnUYGcmdAQ,https://www.youtube.com/watch?v=INnUYGcmdAQ,Los mejores han corrido con Renault.,181.0,,videos,https://i.ytimg.com/vi/INnUYGcmdAQ/hqdefault.jpg?sqp=-oaymwEcCNACELwBSFXyq4qpAw4IARUAAIhCGAFwAcABBg==&rs=AOn4CLA_00llYiD-0KwQSzHaIFU7NL2_Cg,Sergio Oliveira,external-reference,embed_link_and_summarize_only
eCb471VO2hQ,https://www.youtube.com/watch?v=eCb471VO2hQ,Ayrton Senna y Renault.,184.0,,videos,https://i.ytimg.com/vi/eCb471VO2hQ/hqdefault.jpg?sqp=-oaymwEcCNACELwBSFXyq4qpAw4IARUAAIhCGAFwAcABBg==&rs=AOn4CLC5NXwnro2V-2xKFtQTSxHsffu_9g,Sergio Oliveira,external-reference,embed_link_and_summarize_only
_gg3ddiWZfA,https://www.youtube.com/watch?v=_gg3ddiWZfA,Dos enamorados de un mismo Peugeot,1631.0,,videos,https://i.ytimg.com/vi/_gg3ddiWZfA/hqdefault.jpg?sqp=-oaymwEcCNACELwBSFXyq4qpAw4IARUAAIhCGAFwAcABBg==&rs=AOn4CLAA4CnNNliUq-nSkUa64SLr2Co7_A,Sergio Oliveira,external-reference,embed_link_and_summarize_only
g6fCwDEIIZU,https://www.youtube.com/watch?v=g6fCwDEIIZU,Renault y la disputa más épica de la F1.,184.0,,videos,https://i.ytimg.com/vi/g6fCwDEIIZU/hqdefault.jpg?sqp=-oaymwEcCNACELwBSFXyq4qpAw4IARUAAIhCGAFwAcABBg==&rs=AOn4CLBvxUkXywozbjPArCs7aD-okS2p5Q,Sergio Oliveira,external-reference,embed_link_and_summarize_only
5BNi0UR5s84,https://www.youtube.com/watch?v=5BNi0UR5s84,¿Quién se está metiendo en mi video?,186.0,,videos,https://i.ytimg.com/vi/5BNi0UR5s84/hqdefault.jpg?sqp=-oaymwEcCNACELwBSFXyq4qpAw4IARUAAIhCGAFwAcABBg==&rs=AOn4CLD93kZRqO4cN9KhfLN71oliH3xzlQ,Sergio Oliveira,external-reference,embed_link_and_summarize_only
j9dOi3CTNQw,https://www.youtube.com/watch?v=j9dOi3CTNQw,Servicio turbo,467.0,,videos,https://i.ytimg.com/vi/j9dOi3CTNQw/hqdefault.jpg?sqp=-oaymwEcCNACELwBSFXyq4qpAw4IARUAAIhCGAFwAcABBg==&rs=AOn4CLBOKYykx7-QPCe0noI8j188p0q6Sw,Sergio Oliveira,external-reference,embed_link_and_summarize_only
8-_BpFG8yOA,https://www.youtube.com/watch?v=8-_BpFG8yOA,Me llevé una sorpresa en Peugeot Galerías,183.0,,videos,https://i.ytimg.com/vi/8-_BpFG8yOA/hqdefault.jpg?sqp=-oaymwEcCNACELwBSFXyq4qpAw4IARUAAIhCGAFwAcABBg==&rs=AOn4CLAn_Aw8bXceZsePLLOwQYv7jxZDeQ,Sergio Oliveira,external-reference,embed_link_and_summarize_only
jkGDSAGDsQg,https://www.youtube.com/watch?v=jkGDSAGDsQg,Lavado a la española,138.0,,videos,https://i.ytimg.com/vi/jkGDSAGDsQg/hqdefault.jpg?sqp=-oaymwEcCNACELwBSFXyq4qpAw4IARUAAIhCGAFwAcABBg==&rs=AOn4CLAWcDDUcxMAzo0N35ax1nn34gVb4A,Sergio Oliveira,external-reference,embed_link_and_summarize_only
NRzS6xqDO6M,https://www.youtube.com/watch?v=NRzS6xqDO6M,BMW X5 xDrive Hibrida - Lujo con toque verde,404.0,,videos,https://i.ytimg.com/vi/NRzS6xqDO6M/hqdefault.jpg?sqp=-oaymwEcCNACELwBSFXyq4qpAw4IARUAAIhCGAFwAcABBg==&rs=AOn4CLAebhJ0cyeySITy6HmKNrqL_Wwrng,Sergio Oliveira,external-reference,embed_link_and_summarize_only
sQQQhlsEnyk,https://www.youtube.com/watch?v=sQQQhlsEnyk,CX-9 y 5008. Lo más refinado fuera de lo premium.,1184.0,,videos,https://i.ytimg.com/vi/sQQQhlsEnyk/hqdefault.jpg?sqp=-oaymwEcCNACELwBSFXyq4qpAw4IARUAAIhCGAFwAcABBg==&rs=AOn4CLCQzkQm2z8EmpGZPXg_zPCrUhaTKQ,Sergio Oliveira,external-reference,embed_link_and_summarize_only
xA5dv5ScrY4,https://www.youtube.com/watch?v=xA5dv5ScrY4,"Kia Sportage 2019 - Renovada, más equipada, más cara, pero sigue sin un gran manejo.",729.0,,videos,https://i.ytimg.com/vi/xA5dv5ScrY4/hqdefault.jpg?sqp=-oaymwEcCNACELwBSFXyq4qpAw4IARUAAIhCGAFwAcABBg==&rs=AOn4CLA5eU8niNNBVw880x7dPNpvSfFbXA,Sergio Oliveira,external-reference,embed_link_and_summarize_only
gsSO0txB34c,https://www.youtube.com/watch?v=gsSO0txB34c,La forma más fácil de conseguir tus refacciones,859.0,,videos,https://i.ytimg.com/vi/gsSO0txB34c/hqdefault.jpg?sqp=-oaymwEcCNACELwBSFXyq4qpAw4IARUAAIhCGAFwAcABBg==&rs=AOn4CLBMqQU3njVCQ7B3sXCC63j_9IPLfw,Sergio Oliveira,external-reference,embed_link_and_summarize_only
meR_S-CPCfI,https://www.youtube.com/watch?v=meR_S-CPCfI,"Seat Toledo FR LINE 2018 - Buen auto, con futuro incierto",485.0,,videos,https://i.ytimg.com/vi/meR_S-CPCfI/hqdefault.jpg?sqp=-oaymwEcCNACELwBSFXyq4qpAw4IARUAAIhCGAFwAcABBg==&rs=AOn4CLBlttDNvCQv71Dvb5-QSExZW91n4w,Sergio Oliveira,external-reference,embed_link_and_summarize_only
gbWYIom8OAU,https://www.youtube.com/watch?v=gbWYIom8OAU,"Dodge challenger T/A - No preguntes por el consumo, no seas aguafiestas.",658.0,,videos,https://i.ytimg.com/vi/gbWYIom8OAU/hqdefault.jpg?sqp=-oaymwEcCNACELwBSFXyq4qpAw4IARUAAIhCGAFwAcABBg==&rs=AOn4CLBvyLDUX-fXUQUTpMGebHRmkm1_Fw,Sergio Oliveira,external-reference,embed_link_and_summarize_only
8Za7bIFvi78,https://www.youtube.com/watch?v=8Za7bIFvi78,Suzuki Jimny. Un todo-terreno básico y eficiente.,247.0,,videos,https://i.ytimg.com/vi/8Za7bIFvi78/hqdefault.jpg?sqp=-oaymwEcCNACELwBSFXyq4qpAw4IARUAAIhCGAFwAcABBg==&rs=AOn4CLDq2r7ha01PL6HJ-A2RdO_yHBCkMQ,Sergio Oliveira,external-reference,embed_link_and_summarize_only
ZGpcB_UIhH0,https://www.youtube.com/watch?v=ZGpcB_UIhH0,"Servicio de Mazda: aprobado, pero con una gran oportunidad perdida.",494.0,,videos,https://i.ytimg.com/vi/ZGpcB_UIhH0/hqdefault.jpg?sqp=-oaymwEcCNACELwBSFXyq4qpAw4IARUAAIhCGAFwAcABBg==&rs=AOn4CLA8Sjw51b6VGqYp2dsVcPuEtULVog,Sergio Oliveira,external-reference,embed_link_and_summarize_only
jd7YawoSsb8,https://www.youtube.com/watch?v=jd7YawoSsb8,Mazda MX-5 2019 - Lo más divertido que puedes hacer con la ropa puesta,185.0,,videos,https://i.ytimg.com/vi/jd7YawoSsb8/hqdefault.jpg?sqp=-oaymwE2CNACELwBSFXyq4qpAygIARUAAIhCGAFwAcABBvABAfgB_gmAAtAFigIMCAAQARg0IFgocjAP&rs=AOn4CLDpzKuDaDRDHqcg4Lthoy486TOFvA,Sergio Oliveira,external-reference,embed_link_and_summarize_only
7g2sCNqjAew,https://www.youtube.com/watch?v=7g2sCNqjAew,Bmw X4 2019 - Gusto culposo,785.0,,videos,https://i.ytimg.com/vi/7g2sCNqjAew/hqdefault.jpg?sqp=-oaymwEcCNACELwBSFXyq4qpAw4IARUAAIhCGAFwAcABBg==&rs=AOn4CLC_Nmf4QscuOq_YY6NUJJp-CSu75g,Sergio Oliveira,external-reference,embed_link_and_summarize_only
fY6d8VyNw54,https://www.youtube.com/watch?v=fY6d8VyNw54,Chevrolet Traverse 2018 - Solo falta mejorar los acabados,572.0,,videos,https://i.ytimg.com/vi/fY6d8VyNw54/hqdefault.jpg?sqp=-oaymwE2CNACELwBSFXyq4qpAygIARUAAIhCGAFwAcABBvABAfgB_gmAAtAFigIMCAAQARhSIGUoXzAP&rs=AOn4CLCE41CNJslMuh01N4MG2nDjhMFsaA,Sergio Oliveira,external-reference,embed_link_and_summarize_only
IwRZVk8duTU,https://www.youtube.com/watch?v=IwRZVk8duTU,Suzuki Vitara - Diseñada a tu gusto,341.0,,videos,https://i.ytimg.com/vi/IwRZVk8duTU/hqdefault.jpg?sqp=-oaymwEcCNACELwBSFXyq4qpAw4IARUAAIhCGAFwAcABBg==&rs=AOn4CLAx4PVkCUN4mLtWH2QjQlOK_-cgKQ,Sergio Oliveira,external-reference,embed_link_and_summarize_only
aQRV8AZCdf0,https://www.youtube.com/watch?v=aQRV8AZCdf0,Ford Edge ST 2019 - Toda la familia podrá divertirse,907.0,,videos,https://i.ytimg.com/vi/aQRV8AZCdf0/hqdefault.jpg?sqp=-oaymwEcCNACELwBSFXyq4qpAw4IARUAAIhCGAFwAcABBg==&rs=AOn4CLBz7Lhfrbi_ey9d9g1ULHhzEwtQvQ,Sergio Oliveira,external-reference,embed_link_and_summarize_only
KnMZjdT8Y6Q,https://www.youtube.com/watch?v=KnMZjdT8Y6Q,Seat Arona 2018  - La nueva mejor opción por tu dinero,802.0,,videos,https://i.ytimg.com/vi/KnMZjdT8Y6Q/hqdefault.jpg?sqp=-oaymwEcCNACELwBSFXyq4qpAw4IARUAAIhCGAFwAcABBg==&rs=AOn4CLASQgce48PAxMNHRF5Zda-SwnUXEg,Sergio Oliveira,external-reference,embed_link_and_summarize_only
86SWTkec_jc,https://www.youtube.com/watch?v=86SWTkec_jc,Aprovecha este fin de semana para conocer la nueva Sedona 2019 en Kia Galerías y Kia González Gallo.,185.0,,videos,https://i.ytimg.com/vi/86SWTkec_jc/hqdefault.jpg?sqp=-oaymwEcCNACELwBSFXyq4qpAw4IARUAAIhCGAFwAcABBg==&rs=AOn4CLBsTfor3oXRdADkyisCr6oPAtTJjQ,Sergio Oliveira,external-reference,embed_link_and_summarize_only
yiuViWzrRmU,https://www.youtube.com/watch?v=yiuViWzrRmU,Nissan LEAF 2018 - Y lo puedes comprar por Internet,1490.0,,videos,https://i.ytimg.com/vi/yiuViWzrRmU/hqdefault.jpg?sqp=-oaymwE2CNACELwBSFXyq4qpAygIARUAAIhCGAFwAcABBvABAfgB_gmAAtAFigIMCAAQARhlIE8oRDAP&rs=AOn4CLAno8JPu6uvdZmS79Xy6SSOtwA0nA,Sergio Oliveira,external-reference,embed_link_and_summarize_only
QQVwYBBKfe8,https://www.youtube.com/watch?v=QQVwYBBKfe8,Kia Sedona 2019 - Sinónimo de tranquilidad,103.0,,videos,https://i.ytimg.com/vi/QQVwYBBKfe8/hqdefault.jpg?sqp=-oaymwEcCNACELwBSFXyq4qpAw4IARUAAIhCGAFwAcABBg==&rs=AOn4CLBMa3YSk0mrrWw_FkOSgprDUYxbCg,Sergio Oliveira,external-reference,embed_link_and_summarize_only
G8ruz0ifajI,https://www.youtube.com/watch?v=G8ruz0ifajI,Kia Sedona 2019. La más nueva familiar muestra sus virtudes,129.0,,videos,https://i.ytimg.com/vi/G8ruz0ifajI/hqdefault.jpg?sqp=-oaymwEcCNACELwBSFXyq4qpAw4IARUAAIhCGAFwAcABBg==&rs=AOn4CLCYmbrYBkB5abxgWAdiJ_CF4h9LMw,Sergio Oliveira,external-reference,embed_link_and_summarize_only
lvbJRPHJVG0,https://www.youtube.com/watch?v=lvbJRPHJVG0,Kia Sedona 2019. Valor por tu dinero,80.0,,videos,https://i.ytimg.com/vi/lvbJRPHJVG0/hqdefault.jpg?sqp=-oaymwEcCNACELwBSFXyq4qpAw4IARUAAIhCGAFwAcABBg==&rs=AOn4CLCNho1JsddBMZhstqjjYom_6zBsiA,Sergio Oliveira,external-reference,embed_link_and_summarize_only
MtBLG-eIv1Q,https://www.youtube.com/watch?v=MtBLG-eIv1Q,Peugeot 208 PureTech - 3 cilindros y buena tecnología,589.0,,videos,https://i.ytimg.com/vi/MtBLG-eIv1Q/hqdefault.jpg?sqp=-oaymwEcCNACELwBSFXyq4qpAw4IARUAAIhCGAFwAcABBg==&rs=AOn4CLDSDFu1xDQZhgwy5rVTcVwBwN32vA,Sergio Oliveira,external-reference,embed_link_and_summarize_only
Hw317TfoKfg,https://www.youtube.com/watch?v=Hw317TfoKfg,2 días de lujo y velocidad,1644.0,,videos,https://i.ytimg.com/vi/Hw317TfoKfg/hqdefault.jpg?sqp=-oaymwEcCNACELwBSFXyq4qpAw4IARUAAIhCGAFwAcABBg==&rs=AOn4CLCj7_lEvhce-jrKQLpPhlFNqP4MJQ,Sergio Oliveira,external-reference,embed_link_and_summarize_only
FKgA00ToDlI,https://www.youtube.com/watch?v=FKgA00ToDlI,Hyundai Sonata 2018 - El perfecto sedán de Ñor,753.0,,videos,https://i.ytimg.com/vi/FKgA00ToDlI/hqdefault.jpg?sqp=-oaymwEcCNACELwBSFXyq4qpAw4IARUAAIhCGAFwAcABBg==&rs=AOn4CLDE2qKP1tMEwXbW-QILei70UNKDPQ,Sergio Oliveira,external-reference,embed_link_and_summarize_only
5_4rsa_zRH4,https://www.youtube.com/watch?v=5_4rsa_zRH4,Toyota C-HR 2018 - Una joven modelo con ropa interior de abuelita,926.0,,videos,https://i.ytimg.com/vi/5_4rsa_zRH4/hqdefault.jpg?sqp=-oaymwEcCNACELwBSFXyq4qpAw4IARUAAIhCGAFwAcABBg==&rs=AOn4CLBBnQzs974kTGS7LmZ8cGLUnMMzoQ,Sergio Oliveira,external-reference,embed_link_and_summarize_only
LekuH96dWOg,https://www.youtube.com/watch?v=LekuH96dWOg,Lincoln MKZ Híbrido 2019 -  Lujo políticamente correcto,645.0,,videos,https://i.ytimg.com/vi/LekuH96dWOg/hqdefault.jpg?sqp=-oaymwEcCNACELwBSFXyq4qpAw4IARUAAIhCGAFwAcABBg==&rs=AOn4CLAxD3WE6xz5ZCwPRkoLNl_pnHAUyg,Sergio Oliveira,external-reference,embed_link_and_summarize_only
SOlbvW00VEE,https://www.youtube.com/watch?v=SOlbvW00VEE,Jaguar y Land Rover deleitaron a los tapatíos,340.0,,videos,https://i.ytimg.com/vi/SOlbvW00VEE/hqdefault.jpg?sqp=-oaymwEcCNACELwBSFXyq4qpAw4IARUAAIhCGAFwAcABBg==&rs=AOn4CLAx_hZe25zzA4d75BDRO-oZfV1p7w,Sergio Oliveira,external-reference,embed_link_and_summarize_only
HnACC6CDKn4,https://www.youtube.com/watch?v=HnACC6CDKn4,"Tiguan R-Line 2019 - Linea deportiva, motor no tanto",581.0,,videos,https://i.ytimg.com/vi/HnACC6CDKn4/hqdefault.jpg?sqp=-oaymwEcCNACELwBSFXyq4qpAw4IARUAAIhCGAFwAcABBg==&rs=AOn4CLDpjhd-7x983YBuimShfV8kzfpQEg,Sergio Oliveira,external-reference,embed_link_and_summarize_only
y91lOi2ELoI,https://www.youtube.com/watch?v=y91lOi2ELoI,Honda Accord Touring - El rey evolucionó  Pero no lo suficiente,957.0,,videos,https://i.ytimg.com/vi/y91lOi2ELoI/hqdefault.jpg?sqp=-oaymwEcCNACELwBSFXyq4qpAw4IARUAAIhCGAFwAcABBg==&rs=AOn4CLAs1ejFBWHU7cHtTALi0VHVKzUxQA,Sergio Oliveira,external-reference,embed_link_and_summarize_only
sshe_WcFtp8,https://www.youtube.com/watch?v=sshe_WcFtp8,Mazda 6 y Mazda Acueducto dan clases de refinamiento,771.0,,videos,https://i.ytimg.com/vi/sshe_WcFtp8/hqdefault.jpg?sqp=-oaymwE2CNACELwBSFXyq4qpAygIARUAAIhCGAFwAcABBvABAfgB_gmAAtAFigIMCAAQARhlIFcoUzAP&rs=AOn4CLCzLvBWvDdYL9MF9Z00pd4Fkmf3vQ,Sergio Oliveira,external-reference,embed_link_and_summarize_only
VrMHsXNrgq4,https://www.youtube.com/watch?v=VrMHsXNrgq4,Toyota Hilux Diésel 2018 - Fortaleza con un punto débil,869.0,,videos,https://i.ytimg.com/vi/VrMHsXNrgq4/hqdefault.jpg?sqp=-oaymwEcCNACELwBSFXyq4qpAw4IARUAAIhCGAFwAcABBg==&rs=AOn4CLAIz199qSpmw-Wt0ZutHMF6snnkzQ,Sergio Oliveira,external-reference,embed_link_and_summarize_only
B6hG7iD8Wvo,https://www.youtube.com/watch?v=B6hG7iD8Wvo,GMC Acadia 2019 - Vestida de ruda,679.0,,videos,https://i.ytimg.com/vi/B6hG7iD8Wvo/hqdefault.jpg?sqp=-oaymwEcCNACELwBSFXyq4qpAw4IARUAAIhCGAFwAcABBg==&rs=AOn4CLDxafwYqivXphkHTZz7bNDbIt-bfQ,Sergio Oliveira,external-reference,embed_link_and_summarize_only
Mdm3uKLKKZE,https://www.youtube.com/watch?v=Mdm3uKLKKZE,Hyundai Accent - Compre solo el más barato,744.0,,videos,https://i.ytimg.com/vi/Mdm3uKLKKZE/hqdefault.jpg?sqp=-oaymwEcCNACELwBSFXyq4qpAw4IARUAAIhCGAFwAcABBg==&rs=AOn4CLD4nsEmDBoVMH_49NjZNFsQ8ZUJfg,Sergio Oliveira,external-reference,embed_link_and_summarize_only
4cI_BdoO_g8,https://www.youtube.com/watch?v=4cI_BdoO_g8,Kia Forte 2019 - ¿El nuevo consentido de México?,751.0,,videos,https://i.ytimg.com/vi/4cI_BdoO_g8/hqdefault.jpg?sqp=-oaymwEcCNACELwBSFXyq4qpAw4IARUAAIhCGAFwAcABBg==&rs=AOn4CLAhFREirNu7QlR5Kt2wOtPRIrqhwA,Sergio Oliveira,external-reference,embed_link_and_summarize_only
g2Zsxzmu-gw,https://www.youtube.com/watch?v=g2Zsxzmu-gw,Peugeot 5008 2019 - El juguete del año,1436.0,,videos,https://i.ytimg.com/vi/g2Zsxzmu-gw/hqdefault.jpg?sqp=-oaymwEcCNACELwBSFXyq4qpAw4IARUAAIhCGAFwAcABBg==&rs=AOn4CLA_uCMQcQRopZ_WkQnlUkfMBdGztw,Sergio Oliveira,external-reference,embed_link_and_summarize_only
u5gdNk3XJYw,https://www.youtube.com/watch?v=u5gdNk3XJYw,BMW serie 1 2019  ¿Vale la pena el Serie 1 de tracción delantera?,776.0,,videos,https://i.ytimg.com/vi/u5gdNk3XJYw/hqdefault.jpg?sqp=-oaymwEcCNACELwBSFXyq4qpAw4IARUAAIhCGAFwAcABBg==&rs=AOn4CLAnl_yy8zO8idD8FSGZVSoclRNIpA,Sergio Oliveira,external-reference,embed_link_and_summarize_only
yw7taz5bdWY,https://www.youtube.com/watch?v=yw7taz5bdWY,¡Porque es viernes!,99.0,,videos,https://i.ytimg.com/vi/yw7taz5bdWY/hqdefault.jpg?sqp=-oaymwEcCNACELwBSFXyq4qpAw4IARUAAIhCGAFwAcABBg==&rs=AOn4CLAsWmXNVcFHB-lH0BKvrhmFYJDcwg,Sergio Oliveira,external-reference,embed_link_and_summarize_only
f7fFVeS45-c,https://www.youtube.com/watch?v=f7fFVeS45-c,"Lincoln MKC 2019. Lujo, poder y equipo",597.0,,videos,https://i.ytimg.com/vi/f7fFVeS45-c/hqdefault.jpg?sqp=-oaymwEcCNACELwBSFXyq4qpAw4IARUAAIhCGAFwAcABBg==&rs=AOn4CLAlR0nS_3XHSp6kf_IjkCxt4-McYg,Sergio Oliveira,external-reference,embed_link_and_summarize_only
4io9nOv9bO4,https://www.youtube.com/watch?v=4io9nOv9bO4,Alfa Romeo Stelvio 2018 - Pizza con mucho picante,776.0,,videos,https://i.ytimg.com/vi/4io9nOv9bO4/hqdefault.jpg?sqp=-oaymwEcCNACELwBSFXyq4qpAw4IARUAAIhCGAFwAcABBg==&rs=AOn4CLDZznKZphQLheccb9lDAXYtrVhuiA,Sergio Oliveira,external-reference,embed_link_and_summarize_only
v1Wdlh2I-P4,https://www.youtube.com/watch?v=v1Wdlh2I-P4,Mustang Bullitt. Por amor al cine y a los autos.,510.0,,videos,https://i.ytimg.com/vi/v1Wdlh2I-P4/hqdefault.jpg?sqp=-oaymwEcCNACELwBSFXyq4qpAw4IARUAAIhCGAFwAcABBg==&rs=AOn4CLDxiXqzhgMoAdRSPR2Q5ysl1HWCbQ,Sergio Oliveira,external-reference,embed_link_and_summarize_only
8AyMMmrLQo0,https://www.youtube.com/watch?v=8AyMMmrLQo0,BMW M240iA 2018. No todo en la vida son camionetas.,657.0,,videos,https://i.ytimg.com/vi/8AyMMmrLQo0/hqdefault.jpg?sqp=-oaymwEcCNACELwBSFXyq4qpAw4IARUAAIhCGAFwAcABBg==&rs=AOn4CLBBqvlVBFj2eDXMGfQHaBbykShujQ,Sergio Oliveira,external-reference,embed_link_and_summarize_only
SXNlkMILXic,https://www.youtube.com/watch?v=SXNlkMILXic,Ram 1500 Limited 2019.  El Rolls Royce de las pickups,1279.0,,videos,https://i.ytimg.com/vi/SXNlkMILXic/hqdefault.jpg?sqp=-oaymwEcCNACELwBSFXyq4qpAw4IARUAAIhCGAFwAcABBg==&rs=AOn4CLCQwscc6cOMTgVsK7pyrgMhoE4snw,Sergio Oliveira,external-reference,embed_link_and_summarize_only
DicSRJb3tFo,https://www.youtube.com/watch?v=DicSRJb3tFo,Lincoln Continental 2018 - Una aventura a todo lujo,2051.0,,videos,https://i.ytimg.com/vi/DicSRJb3tFo/hqdefault.jpg?sqp=-oaymwEcCNACELwBSFXyq4qpAw4IARUAAIhCGAFwAcABBg==&rs=AOn4CLAPIwOkwgOFA1rhdE-v_y9XuFttqg,Sergio Oliveira,external-reference,embed_link_and_summarize_only
yc9RvQKMsXU,https://www.youtube.com/watch?v=yc9RvQKMsXU,Un buen tip para tu servicio de Peugeot,227.0,,videos,https://i.ytimg.com/vi/yc9RvQKMsXU/hqdefault.jpg?sqp=-oaymwEcCNACELwBSFXyq4qpAw4IARUAAIhCGAFwAcABBg==&rs=AOn4CLAhzS_9xgYoA-741e4jWuQGUeMsdg,Sergio Oliveira,external-reference,embed_link_and_summarize_only
koVlHYLztko,https://www.youtube.com/watch?v=koVlHYLztko,El producto está muy bien. Pero es hora de ver qué tan bueno es el servicio de Mazda.,801.0,,videos,https://i.ytimg.com/vi/koVlHYLztko/hqdefault.jpg?sqp=-oaymwEcCNACELwBSFXyq4qpAw4IARUAAIhCGAFwAcABBg==&rs=AOn4CLDzoMJMXaFb0mq62BP5Gsgx6YbvZg,Sergio Oliveira,external-reference,embed_link_and_summarize_only
fTZYXcVe3vM,https://www.youtube.com/watch?v=fTZYXcVe3vM,Chevrolet Trax LTZ. La versión recomendable.,652.0,,videos,https://i.ytimg.com/vi/fTZYXcVe3vM/hqdefault.jpg?sqp=-oaymwEcCNACELwBSFXyq4qpAw4IARUAAIhCGAFwAcABBg==&rs=AOn4CLD8Xk82Swe8YT4UMz0OPklCdjddww,Sergio Oliveira,external-reference,embed_link_and_summarize_only
w_xzBeseZGA,https://www.youtube.com/watch?v=w_xzBeseZGA,"VW Golf Highline 2018. Sería el hatchback perfecto, pero...",672.0,,videos,https://i.ytimg.com/vi/w_xzBeseZGA/hqdefault.jpg?sqp=-oaymwEcCNACELwBSFXyq4qpAw4IARUAAIhCGAFwAcABBg==&rs=AOn4CLB8RhJPNpP_DkPbGfxYC8gh08QpHQ,Sergio Oliveira,external-reference,embed_link_and_summarize_only
zDa3JJ8RWhE,https://www.youtube.com/watch?v=zDa3JJ8RWhE,Kia Sedona 2019. La nueva opción para la familia muestra sus cartas,650.0,,videos,https://i.ytimg.com/vi/zDa3JJ8RWhE/hqdefault.jpg?sqp=-oaymwEcCNACELwBSFXyq4qpAw4IARUAAIhCGAFwAcABBg==&rs=AOn4CLB3uhuwIizY1ov-ndbsCOClBTtGHQ,Sergio Oliveira,external-reference,embed_link_and_summarize_only
jV0YNOkjTFQ,https://www.youtube.com/watch?v=jV0YNOkjTFQ,Mitsubishi L200. La japonesa de Mitsu supera las expectativas,368.0,,videos,https://i.ytimg.com/vi/jV0YNOkjTFQ/hqdefault.jpg?sqp=-oaymwEcCNACELwBSFXyq4qpAw4IARUAAIhCGAFwAcABBg==&rs=AOn4CLBrxRr4rsrS-LfnzxNec-fR7j1Iqg,Sergio Oliveira,external-reference,embed_link_and_summarize_only
Ki2L4EaGHog,https://www.youtube.com/watch?v=Ki2L4EaGHog,Suzuki Swift Sport 2019. Detalles que lo hacen aún más divertido.,259.0,,videos,https://i.ytimg.com/vi/Ki2L4EaGHog/hqdefault.jpg?sqp=-oaymwEcCNACELwBSFXyq4qpAw4IARUAAIhCGAFwAcABBg==&rs=AOn4CLB35MGtxN13lqsbQewoVjicEEu12Q,Sergio Oliveira,external-reference,embed_link_and_summarize_only
pldzCuuHjrw,https://www.youtube.com/watch?v=pldzCuuHjrw,Mazda 2 sedán 2019. ¿Será el nuevo campeón del segmento?,775.0,,videos,https://i.ytimg.com/vi/pldzCuuHjrw/hqdefault.jpg?sqp=-oaymwEcCNACELwBSFXyq4qpAw4IARUAAIhCGAFwAcABBg==&rs=AOn4CLDY_FAmqltTqsSfgb_ZK1r6bmEYcw,Sergio Oliveira,external-reference,embed_link_and_summarize_only
5QhtXP19WZI,https://www.youtube.com/watch?v=5QhtXP19WZI,Jetta Highline 2019. ¿Vale lo que cuesta?,875.0,,videos,https://i.ytimg.com/vi/5QhtXP19WZI/hqdefault.jpg?sqp=-oaymwEcCNACELwBSFXyq4qpAw4IARUAAIhCGAFwAcABBg==&rs=AOn4CLCBIAplHorsNsAEKRnkQqcROi1ODA,Sergio Oliveira,external-reference,embed_link_and_summarize_only
TavI59wp9oc,https://www.youtube.com/watch?v=TavI59wp9oc,VolksWagen Teramont. Con los tamaños para ser líder.,593.0,,videos,https://i.ytimg.com/vi/TavI59wp9oc/hqdefault.jpg?sqp=-oaymwEcCNACELwBSFXyq4qpAw4IARUAAIhCGAFwAcABBg==&rs=AOn4CLC-14TE9U6rKG5N-Au_ueS676KEpg,Sergio Oliveira,external-reference,embed_link_and_summarize_only
WBxRHMrsHNg,https://www.youtube.com/watch?v=WBxRHMrsHNg,Dodge Charger Hellcat 2018. Todo el poder del Infierno,787.0,,videos,https://i.ytimg.com/vi/WBxRHMrsHNg/hqdefault.jpg?sqp=-oaymwEcCNACELwBSFXyq4qpAw4IARUAAIhCGAFwAcABBg==&rs=AOn4CLCS4ot_OwzDOE1ZGh_HcUumXYVEgQ,Sergio Oliveira,external-reference,embed_link_and_summarize_only
Y86JyTdicjc,https://www.youtube.com/watch?v=Y86JyTdicjc,"Aveo LT manual 2018. Quien lo fuera a decir, el Aveo se volvió buena opción.",467.0,,videos,https://i.ytimg.com/vi/Y86JyTdicjc/hqdefault.jpg?sqp=-oaymwEcCNACELwBSFXyq4qpAw4IARUAAIhCGAFwAcABBg==&rs=AOn4CLAL7IFmvUQ9ujrg3gFns3U0mSSWEw,Sergio Oliveira,external-reference,embed_link_and_summarize_only
9Id6jLr9B78,https://www.youtube.com/watch?v=9Id6jLr9B78,BMW X1. Puede ser tu primer Premium,884.0,,videos,https://i.ytimg.com/vi/9Id6jLr9B78/hqdefault.jpg?sqp=-oaymwEcCNACELwBSFXyq4qpAw4IARUAAIhCGAFwAcABBg==&rs=AOn4CLD3BhxVNQ3cHFdiYG1j3kyqsiTHbA,Sergio Oliveira,external-reference,embed_link_and_summarize_only
omEjA631cbY,https://www.youtube.com/watch?v=omEjA631cbY,Una gran alternativa para vender tu auto,1723.0,,videos,https://i.ytimg.com/vi/omEjA631cbY/hqdefault.jpg?sqp=-oaymwEcCNACELwBSFXyq4qpAw4IARUAAIhCGAFwAcABBg==&rs=AOn4CLBIhQB9X_ExlKSpNt8bHyp4x1cMxw,Sergio Oliveira,external-reference,embed_link_and_summarize_only
pWTZlPSUwgU,https://www.youtube.com/watch?v=pWTZlPSUwgU,Ford fusion 2018. Un gran sedán aún puede dar Placer y ofrecer mucha tecnología,804.0,,videos,https://i.ytimg.com/vi/pWTZlPSUwgU/hqdefault.jpg?sqp=-oaymwEcCNACELwBSFXyq4qpAw4IARUAAIhCGAFwAcABBg==&rs=AOn4CLAiMsfLS9k7uatNsNagOtaYZmCBAw,Sergio Oliveira,external-reference,embed_link_and_summarize_only
TTd2kW6EeJM,https://www.youtube.com/watch?v=TTd2kW6EeJM,Una nueva CX-3 para una nueva Mazda,1091.0,,videos,https://i.ytimg.com/vi/TTd2kW6EeJM/hqdefault.jpg?sqp=-oaymwEcCNACELwBSFXyq4qpAw4IARUAAIhCGAFwAcABBg==&rs=AOn4CLCfUJLOGPcayDjjgP2fqEQcmTSrAg,Sergio Oliveira,external-reference,embed_link_and_summarize_only
LHRYnF8BVI8,https://www.youtube.com/watch?v=LHRYnF8BVI8,Seat Ibiza FR 2018 . A esperar por la entrada del turbo,861.0,,videos,https://i.ytimg.com/vi/LHRYnF8BVI8/hqdefault.jpg?sqp=-oaymwEcCNACELwBSFXyq4qpAw4IARUAAIhCGAFwAcABBg==&rs=AOn4CLAAa19erRI3MD4gFNzVk9581ArmnA,Sergio Oliveira,external-reference,embed_link_and_summarize_only
UvnTN_0gDjY,https://www.youtube.com/watch?v=UvnTN_0gDjY,Ford Explorer 2018. El mejor motor de su clase,988.0,,videos,https://i.ytimg.com/vi/UvnTN_0gDjY/hqdefault.jpg?sqp=-oaymwEcCNACELwBSFXyq4qpAw4IARUAAIhCGAFwAcABBg==&rs=AOn4CLAYjGVrXpF1yTUBf58AAlemOCVlIw,Sergio Oliveira,external-reference,embed_link_and_summarize_only
p4c0wwMLkyU,https://www.youtube.com/watch?v=p4c0wwMLkyU,Chevrolet Beat Activ. Urbano con aires de todo-terreno,556.0,,videos,https://i.ytimg.com/vi/p4c0wwMLkyU/hqdefault.jpg?sqp=-oaymwEcCNACELwBSFXyq4qpAw4IARUAAIhCGAFwAcABBg==&rs=AOn4CLBoWMGd_boFtKh3F9mhH2kiVlm3jw,Sergio Oliveira,external-reference,embed_link_and_summarize_only
sc_AHASnW_k,https://www.youtube.com/watch?v=sc_AHASnW_k,Buick Envision 2019. El manejo no respalda al equipo,833.0,,videos,https://i.ytimg.com/vi/sc_AHASnW_k/hqdefault.jpg?sqp=-oaymwEcCNACELwBSFXyq4qpAw4IARUAAIhCGAFwAcABBg==&rs=AOn4CLCO1xCTRU8wqWCuKF_YwBeiAkpUAg,Sergio Oliveira,external-reference,embed_link_and_summarize_only
CvgBnfY8mNE,https://www.youtube.com/watch?v=CvgBnfY8mNE,Renault Duster Oroch. La democratización de la doble cabina.,715.0,,videos,https://i.ytimg.com/vi/CvgBnfY8mNE/hqdefault.jpg?sqp=-oaymwEcCNACELwBSFXyq4qpAw4IARUAAIhCGAFwAcABBg==&rs=AOn4CLDlZOTyAwcae5yy1BuEoz5N-nY9xQ,Sergio Oliveira,external-reference,embed_link_and_summarize_only
ZJQO9Jg94vE,https://www.youtube.com/watch?v=ZJQO9Jg94vE,Volkswagen Beetle 2018. Dos formas de interpretar el mismo auto.,544.0,,videos,https://i.ytimg.com/vi/ZJQO9Jg94vE/hqdefault.jpg?sqp=-oaymwEcCNACELwBSFXyq4qpAw4IARUAAIhCGAFwAcABBg==&rs=AOn4CLBvD8nEobVVRXF1ivBlAPcFlWP2uw,Sergio Oliveira,external-reference,embed_link_and_summarize_only
f0cTGc1gZbw,https://www.youtube.com/watch?v=f0cTGc1gZbw,Audi Q5 Security. El precio de la seguridad,864.0,,videos,https://i.ytimg.com/vi/f0cTGc1gZbw/hqdefault.jpg?sqp=-oaymwEcCNACELwBSFXyq4qpAw4IARUAAIhCGAFwAcABBg==&rs=AOn4CLAJoiSDIHiJvboKw4a8ZZ64cwYmaA,Sergio Oliveira,external-reference,embed_link_and_summarize_only
iBNX6L4TaTo,https://www.youtube.com/watch?v=iBNX6L4TaTo,Jeep Wrangler. Lo refinado no le quita lo rudo,706.0,,videos,https://i.ytimg.com/vi/iBNX6L4TaTo/hqdefault.jpg?sqp=-oaymwEcCNACELwBSFXyq4qpAw4IARUAAIhCGAFwAcABBg==&rs=AOn4CLD_IXcE1rCn2sFdWrNToEF0aVvyqg,Sergio Oliveira,external-reference,embed_link_and_summarize_only
UnXaq0FPCj8,https://www.youtube.com/watch?v=UnXaq0FPCj8,Renault Stepway. Un auto honesto,781.0,,videos,https://i.ytimg.com/vi/UnXaq0FPCj8/hqdefault.jpg?sqp=-oaymwEcCNACELwBSFXyq4qpAw4IARUAAIhCGAFwAcABBg==&rs=AOn4CLCiB46Ir5X0ZEl8KsraRxu0f95M8A,Sergio Oliveira,external-reference,embed_link_and_summarize_only
3VStYffYO9g,https://www.youtube.com/watch?v=3VStYffYO9g,Suzuki Swift Sport 2019. Este producto puede causar adicción.,852.0,,videos,https://i.ytimg.com/vi/3VStYffYO9g/hqdefault.jpg?sqp=-oaymwE2CNACELwBSFXyq4qpAygIARUAAIhCGAFwAcABBvABAfgB_gmAAtAFigIMCAAQARhlIGUoZTAP&rs=AOn4CLDjwqIEWJrNWlQGPjnGfY4UqYHE0g,Sergio Oliveira,external-reference,embed_link_and_summarize_only
zp7gr6jdhuA,https://www.youtube.com/watch?v=zp7gr6jdhuA,2 llantas nuevas siempre van atrás,69.0,,videos,https://i.ytimg.com/vi/zp7gr6jdhuA/hqdefault.jpg?sqp=-oaymwE2CNACELwBSFXyq4qpAygIARUAAIhCGAFwAcABBvABAfgBjgKAAuADigIMCAAQARhlIFgoUjAP&rs=AOn4CLDvo5DTzzHlW2xTKAPBqFsCZEamxg,Sergio Oliveira,external-reference,embed_link_and_summarize_only
cEvbjpKqc5A,https://www.youtube.com/watch?v=cEvbjpKqc5A,Prius C. El primer híbrido que tendrás.,514.0,,videos,https://i.ytimg.com/vi/cEvbjpKqc5A/hqdefault.jpg?sqp=-oaymwEcCNACELwBSFXyq4qpAw4IARUAAIhCGAFwAcABBg==&rs=AOn4CLBb3r4GEpY8yax0HEdk7pLJBVyiag,Sergio Oliveira,external-reference,embed_link_and_summarize_only
pas0ff4FNjg,https://www.youtube.com/watch?v=pas0ff4FNjg,Mitsubishi Montero Sport. La desafié a divertirme,590.0,,videos,https://i.ytimg.com/vi/pas0ff4FNjg/hqdefault.jpg?sqp=-oaymwEcCNACELwBSFXyq4qpAw4IARUAAIhCGAFwAcABBg==&rs=AOn4CLCJF63lY0PZohd73eYqQc48t9kkEg,Sergio Oliveira,external-reference,embed_link_and_summarize_only
gXXlljOQORE,https://www.youtube.com/watch?v=gXXlljOQORE,Dodge Durango R/T 2018. Macho SUV,571.0,,videos,https://i.ytimg.com/vi/gXXlljOQORE/hqdefault.jpg?sqp=-oaymwEcCNACELwBSFXyq4qpAw4IARUAAIhCGAFwAcABBg==&rs=AOn4CLBgxTi9rGfnpHQacWxFc1n7QvEnHQ,Sergio Oliveira,external-reference,embed_link_and_summarize_only
fHvpXq_9PIA,https://www.youtube.com/watch?v=fHvpXq_9PIA,BMW X2 sDrive20iA M Sport 2019. Premium con un toque deportivo,833.0,,videos,https://i.ytimg.com/vi/fHvpXq_9PIA/hqdefault.jpg?sqp=-oaymwEcCNACELwBSFXyq4qpAw4IARUAAIhCGAFwAcABBg==&rs=AOn4CLAvMjhVwVUvOTlC0R6cPMa5hT4E4Q,Sergio Oliveira,external-reference,embed_link_and_summarize_only
kuaTWuUG5Ok,https://www.youtube.com/watch?v=kuaTWuUG5Ok,Seat Ateca FR 2018. Me dejó una mejor impresión,779.0,,videos,https://i.ytimg.com/vi/kuaTWuUG5Ok/hqdefault.jpg?sqp=-oaymwEcCNACELwBSFXyq4qpAw4IARUAAIhCGAFwAcABBg==&rs=AOn4CLA4CEQddwM9ET2P36hk2ag3HbtuOw,Sergio Oliveira,external-reference,embed_link_and_summarize_only
kEMSfPOQW64,https://www.youtube.com/watch?v=kEMSfPOQW64,Porsche 911 GT3. Casi un auto de carreras.,999.0,,videos,https://i.ytimg.com/vi/kEMSfPOQW64/hqdefault.jpg?sqp=-oaymwEcCNACELwBSFXyq4qpAw4IARUAAIhCGAFwAcABBg==&rs=AOn4CLA2vnPoYad2pthRWnt5H84gJyVPaw,Sergio Oliveira,external-reference,embed_link_and_summarize_only
nT8vorHHwUk,https://www.youtube.com/watch?v=nT8vorHHwUk,Honda Accord Sport 2018. Siempre una buena opción,734.0,,videos,https://i.ytimg.com/vi/nT8vorHHwUk/hqdefault.jpg?sqp=-oaymwEcCNACELwBSFXyq4qpAw4IARUAAIhCGAFwAcABBg==&rs=AOn4CLAg5t_L0yPvASMdImVLugwi_Vd3dw,Sergio Oliveira,external-reference,embed_link_and_summarize_only
fE0ALNCf7SI,https://www.youtube.com/watch?v=fE0ALNCf7SI,Los distintos sonidos del Mustang GT 5.0,105.0,,videos,https://i.ytimg.com/vi/fE0ALNCf7SI/hqdefault.jpg?sqp=-oaymwEcCNACELwBSFXyq4qpAw4IARUAAIhCGAFwAcABBg==&rs=AOn4CLCwEUlQAO6J4EgtC-itK5KVs2UI6w,Sergio Oliveira,external-reference,embed_link_and_summarize_only
ajAX6wJP8Uc,https://www.youtube.com/watch?v=ajAX6wJP8Uc,Mustang GT 5.0 2018. Mejor que muchos europeos.,770.0,,videos,https://i.ytimg.com/vi/ajAX6wJP8Uc/hqdefault.jpg?sqp=-oaymwEcCNACELwBSFXyq4qpAw4IARUAAIhCGAFwAcABBg==&rs=AOn4CLCBO8_wInBQjhYeECNd3QaKKb677A,Sergio Oliveira,external-reference,embed_link_and_summarize_only
tkJAfZgF3gw,https://www.youtube.com/watch?v=tkJAfZgF3gw,Mazda 6 Signature. Era lo que faltaba.,781.0,,videos,https://i.ytimg.com/vi/tkJAfZgF3gw/hqdefault.jpg?sqp=-oaymwEcCNACELwBSFXyq4qpAw4IARUAAIhCGAFwAcABBg==&rs=AOn4CLAnJXXKufOVQKVW8EkEzP8jnei8Ww,Sergio Oliveira,external-reference,embed_link_and_summarize_only
Ss3MeZSeLTI,https://www.youtube.com/watch?v=Ss3MeZSeLTI,Chevrolet Equinox 2018. Mejor de lo que parece a primera vista.,572.0,,videos,https://i.ytimg.com/vi/Ss3MeZSeLTI/hqdefault.jpg?sqp=-oaymwE2CNACELwBSFXyq4qpAygIARUAAIhCGAFwAcABBvABAfgB_gmAAtAFigIMCAAQARhlIGUoZTAP&rs=AOn4CLDhnwbht3A-NvUL0SDGvxTbacM5Dw,Sergio Oliveira,external-reference,embed_link_and_summarize_only
tcYSzt4DDMQ,https://www.youtube.com/watch?v=tcYSzt4DDMQ,Audi RS 5. Fábrica alemana de Sonrisas,910.0,,videos,https://i.ytimg.com/vi/tcYSzt4DDMQ/hqdefault.jpg?sqp=-oaymwEcCNACELwBSFXyq4qpAw4IARUAAIhCGAFwAcABBg==&rs=AOn4CLC-soFcJyZWdr-oK20_gI3l0bEZOg,Sergio Oliveira,external-reference,embed_link_and_summarize_only
JxZa71dK04Y,https://www.youtube.com/watch?v=JxZa71dK04Y,Peugeot 2008. Cuando la elegancia europea no es suficiente,576.0,,videos,https://i.ytimg.com/vi/JxZa71dK04Y/hqdefault.jpg?sqp=-oaymwEcCNACELwBSFXyq4qpAw4IARUAAIhCGAFwAcABBg==&rs=AOn4CLA-CQzrvQdgSTolUkCDPSxfKZnJZw,Sergio Oliveira,external-reference,embed_link_and_summarize_only
dnWOYe3hLY4,https://www.youtube.com/watch?v=dnWOYe3hLY4,La herencia de 4x4 de Suzuki,668.0,,videos,https://i.ytimg.com/vi/dnWOYe3hLY4/hqdefault.jpg?sqp=-oaymwEcCNACELwBSFXyq4qpAw4IARUAAIhCGAFwAcABBg==&rs=AOn4CLBdDYy1eBFnFvOL2vPDZO0kgmcnhg,Sergio Oliveira,external-reference,embed_link_and_summarize_only
w4l40l-XxCs,https://www.youtube.com/watch?v=w4l40l-XxCs,Un Mostro en La Cochera,117.0,,videos,https://i.ytimg.com/vi/w4l40l-XxCs/hqdefault.jpg?sqp=-oaymwEcCNACELwBSFXyq4qpAw4IARUAAIhCGAFwAcABBg==&rs=AOn4CLAK1LUzu0a9XuR2bEOLVj9SAwSXBw,Sergio Oliveira,external-reference,embed_link_and_summarize_only
Zz2G_o7Q4W8,https://www.youtube.com/watch?v=Zz2G_o7Q4W8,Ferrari logró evolucionar el mejor motor del mundo,760.0,,videos,https://i.ytimg.com/vi/Zz2G_o7Q4W8/hqdefault.jpg?sqp=-oaymwEcCNACELwBSFXyq4qpAw4IARUAAIhCGAFwAcABBg==&rs=AOn4CLCWTV7-sIquERTooqEBpkoZce8lpQ,Sergio Oliveira,external-reference,embed_link_and_summarize_only
G_GJ6bu9Fe8,https://www.youtube.com/watch?v=G_GJ6bu9Fe8,Kia Forte 2019. Podría ser el futuro rey de su categoría.,1144.0,,videos,https://i.ytimg.com/vi/G_GJ6bu9Fe8/hqdefault.jpg?sqp=-oaymwEcCNACELwBSFXyq4qpAw4IARUAAIhCGAFwAcABBg==&rs=AOn4CLCv1wOqrSdjz5izRASEYs38c-A4vw,Sergio Oliveira,external-reference,embed_link_and_summarize_only
ED6ECxycSTI,https://www.youtube.com/watch?v=ED6ECxycSTI,Fugas de aceite. Cómo resolver el problema y no perder mucho dinero.,301.0,,videos,https://i.ytimg.com/vi/ED6ECxycSTI/hqdefault.jpg?sqp=-oaymwEcCNACELwBSFXyq4qpAw4IARUAAIhCGAFwAcABBg==&rs=AOn4CLAYO10bUNF_F2Z0Bwu5svC5mXcNsg,Sergio Oliveira,external-reference,embed_link_and_summarize_only
LheaeVjnALE,https://www.youtube.com/watch?v=LheaeVjnALE,Nueva Nissan Murano 2019. Lujo y paz mental.,905.0,,videos,https://i.ytimg.com/vi/LheaeVjnALE/hqdefault.jpg?sqp=-oaymwEcCNACELwBSFXyq4qpAw4IARUAAIhCGAFwAcABBg==&rs=AOn4CLCsOkzT9yEp3zLL3lHjGBF55E6QGA,Sergio Oliveira,external-reference,embed_link_and_summarize_only
qDi1lZbCGAs,https://www.youtube.com/watch?v=qDi1lZbCGAs,Ford Ecosport Titanium 2018. Con virtudes para ser líder.,712.0,,videos,https://i.ytimg.com/vi/qDi1lZbCGAs/hqdefault.jpg?sqp=-oaymwEcCNACELwBSFXyq4qpAw4IARUAAIhCGAFwAcABBg==&rs=AOn4CLBmByNwoNFxFjPjGU3AqTgFdSQnLA,Sergio Oliveira,external-reference,embed_link_and_summarize_only
UvbWRWu6eTk,https://www.youtube.com/watch?v=UvbWRWu6eTk,Boosterjet y Allgrip. ¿Qué tienen de especial estos sistemas de Suzuki?,624.0,,videos,https://i.ytimg.com/vi/UvbWRWu6eTk/hqdefault.jpg?sqp=-oaymwEcCNACELwBSFXyq4qpAw4IARUAAIhCGAFwAcABBg==&rs=AOn4CLCUOo1KK-zS0cAX8HNlhoR39DgBAQ,Sergio Oliveira,external-reference,embed_link_and_summarize_only
4-qM0rMvHpY,https://www.youtube.com/watch?v=4-qM0rMvHpY,"Críticas, publicidad y la presión de las marcas sobre los periodistas.",1336.0,,videos,https://i.ytimg.com/vi/4-qM0rMvHpY/hqdefault.jpg?sqp=-oaymwEcCNACELwBSFXyq4qpAw4IARUAAIhCGAFwAcABBg==&rs=AOn4CLAYnwgKgoVCChIgZZfxE0ishdENMA,Sergio Oliveira,external-reference,embed_link_and_summarize_only
GNo_93saRkE,https://www.youtube.com/watch?v=GNo_93saRkE,Chevrolet Colorado V6. Por qué es mejor que la Tacoma,652.0,,videos,https://i.ytimg.com/vi/GNo_93saRkE/hqdefault.jpg?sqp=-oaymwEcCNACELwBSFXyq4qpAw4IARUAAIhCGAFwAcABBg==&rs=AOn4CLBjoVFFF5Kvm8qtwQKT_0AN-YzNlQ,Sergio Oliveira,external-reference,embed_link_and_summarize_only
mB8idPesn-s,https://www.youtube.com/watch?v=mB8idPesn-s,Volkswagen Jetta 2019. Para que todo mundo siga con uno en la cabeza.,908.0,,videos,https://i.ytimg.com/vi/mB8idPesn-s/hqdefault.jpg?sqp=-oaymwEcCNACELwBSFXyq4qpAw4IARUAAIhCGAFwAcABBg==&rs=AOn4CLC6D3_wKK3jx0zX-v9-yK-t-tJ-6g,Sergio Oliveira,external-reference,embed_link_and_summarize_only
OvRaXnRL1Zc,https://www.youtube.com/watch?v=OvRaXnRL1Zc,"Honda BR-V. Está bien, pero tiene sus pecados.",790.0,,videos,https://i.ytimg.com/vi/OvRaXnRL1Zc/hqdefault.jpg?sqp=-oaymwEcCNACELwBSFXyq4qpAw4IARUAAIhCGAFwAcABBg==&rs=AOn4CLD7wP27Ph6dpWJcEShjCaPd8bjkTA,Sergio Oliveira,external-reference,embed_link_and_summarize_only
A96bg86rptU,https://www.youtube.com/watch?v=A96bg86rptU,Ram Limited 2019. La camioneta del patrón.,508.0,,videos,https://i.ytimg.com/vi/A96bg86rptU/hqdefault.jpg?sqp=-oaymwEcCNACELwBSFXyq4qpAw4IARUAAIhCGAFwAcABBg==&rs=AOn4CLDRvPBYpbLWBBDZM3XxYU2zV9QmEA,Sergio Oliveira,external-reference,embed_link_and_summarize_only
wX9Jt9U6mcQ,https://www.youtube.com/watch?v=wX9Jt9U6mcQ,VW GTI 2018. Hecho para que te enamores.,766.0,,videos,https://i.ytimg.com/vi/wX9Jt9U6mcQ/hqdefault.jpg?sqp=-oaymwEcCNACELwBSFXyq4qpAw4IARUAAIhCGAFwAcABBg==&rs=AOn4CLCFQ5E4rnlYXM9hHrhWKrqW8Bg6EA,Sergio Oliveira,external-reference,embed_link_and_summarize_only
PQU4XOR9TBU,https://www.youtube.com/watch?v=PQU4XOR9TBU,Chevrolet Camaro RS 2018. Sigue bueno aún con 2 cilindros menos.,567.0,,videos,https://i.ytimg.com/vi/PQU4XOR9TBU/hqdefault.jpg?sqp=-oaymwEcCNACELwBSFXyq4qpAw4IARUAAIhCGAFwAcABBg==&rs=AOn4CLDEV5qDe6bo9hUBIOeMN5sd82XDfQ,Sergio Oliveira,external-reference,embed_link_and_summarize_only
i6IVBs-dZK4,https://www.youtube.com/watch?v=i6IVBs-dZK4,Chevrolet Beat NB LTZ.  Cuando recibes lo justo por tu dinero.,699.0,,videos,https://i.ytimg.com/vi/i6IVBs-dZK4/hqdefault.jpg?sqp=-oaymwE2CNACELwBSFXyq4qpAygIARUAAIhCGAFwAcABBvABAfgB_gmAAtAFigIMCAAQARhlIF4oWTAP&rs=AOn4CLBhihhIvjk58ZZDromWmyZjpAMEqg,Sergio Oliveira,external-reference,embed_link_and_summarize_only
dniv3vynFhE,https://www.youtube.com/watch?v=dniv3vynFhE,Vitara vs Creta. ¿Por qué Alonso tomó esa decisión?,1676.0,,videos,https://i.ytimg.com/vi/dniv3vynFhE/hqdefault.jpg?sqp=-oaymwEcCNACELwBSFXyq4qpAw4IARUAAIhCGAFwAcABBg==&rs=AOn4CLCvs7bt5AMKXiRLmBmafelsbiaS5A,Sergio Oliveira,external-reference,embed_link_and_summarize_only
Hhfsr4z9oq0,https://www.youtube.com/watch?v=Hhfsr4z9oq0,Rolls Royce Dawn. El convertible más exclusivo del mundo.,1344.0,,videos,https://i.ytimg.com/vi/Hhfsr4z9oq0/hqdefault.jpg?sqp=-oaymwEcCNACELwBSFXyq4qpAw4IARUAAIhCGAFwAcABBg==&rs=AOn4CLCAQkydY4ZHNHmFGC2vtcivrao0IQ,Sergio Oliveira,external-reference,embed_link_and_summarize_only
zhB6-BtrY9Q,https://www.youtube.com/watch?v=zhB6-BtrY9Q,¿Por qué las mujeres prefieren las SUV?,277.0,,videos,https://i.ytimg.com/vi/zhB6-BtrY9Q/hqdefault.jpg?sqp=-oaymwEcCNACELwBSFXyq4qpAw4IARUAAIhCGAFwAcABBg==&rs=AOn4CLD-Mjuo-B7UMKMDMd28PaW1Vvw6Dg,Sergio Oliveira,external-reference,embed_link_and_summarize_only
px_XuH7rNuU,https://www.youtube.com/watch?v=px_XuH7rNuU,Esto lo debo a ustedes.,525.0,,videos,https://i.ytimg.com/vi/px_XuH7rNuU/hqdefault.jpg?sqp=-oaymwEcCNACELwBSFXyq4qpAw4IARUAAIhCGAFwAcABBg==&rs=AOn4CLDD0a7cUyi-PB0wDuJ6zPf56jkmbw,Sergio Oliveira,external-reference,embed_link_and_summarize_only
WqJeXq-CPcs,https://www.youtube.com/watch?v=WqJeXq-CPcs,Mazda CX-9 Signature. La más refinada en su categoría.,905.0,,videos,https://i.ytimg.com/vi/WqJeXq-CPcs/hqdefault.jpg?sqp=-oaymwEcCNACELwBSFXyq4qpAw4IARUAAIhCGAFwAcABBg==&rs=AOn4CLBSRI1ujjyEW4ENVApJS8q1CmFxeg,Sergio Oliveira,external-reference,embed_link_and_summarize_only
-nqb4fYD0RM,https://www.youtube.com/watch?v=-nqb4fYD0RM,Kia Stinger GT. Lo más divertido de Corea no es un teléfono celular.,499.0,,videos,https://i.ytimg.com/vi/-nqb4fYD0RM/hqdefault.jpg?sqp=-oaymwEcCNACELwBSFXyq4qpAw4IARUAAIhCGAFwAcABBg==&rs=AOn4CLArLA9fTKpBnxiQixpaWCVLmYJLKA,Sergio Oliveira,external-reference,embed_link_and_summarize_only
TKK5uldyN74,https://www.youtube.com/watch?v=TKK5uldyN74,Lincoln Continental 2018. El regreso del gran lujo estadounidense.,1051.0,,videos,https://i.ytimg.com/vi/TKK5uldyN74/hqdefault.jpg?sqp=-oaymwEcCNACELwBSFXyq4qpAw4IARUAAIhCGAFwAcABBg==&rs=AOn4CLCv6h5VMdA85RC0aCPVF6RJP1XODA,Sergio Oliveira,external-reference,embed_link_and_summarize_only
MaQneYOP_Cc,https://www.youtube.com/watch?v=MaQneYOP_Cc,Jeep Wrangler 2018. Más refinado pero... ¿Aún capaz?,1035.0,,videos,https://i.ytimg.com/vi/MaQneYOP_Cc/hqdefault.jpg?sqp=-oaymwEcCNACELwBSFXyq4qpAw4IARUAAIhCGAFwAcABBg==&rs=AOn4CLAatK0mwI00KoZFxMMCwtI9gIMDNA,Sergio Oliveira,external-reference,embed_link_and_summarize_only
5o0e-2g867M,https://www.youtube.com/watch?v=5o0e-2g867M,SkyActivX. El futuro Mazda 3 con nueva plataforma y motor de alta compresión.,517.0,,videos,https://i.ytimg.com/vi/5o0e-2g867M/hqdefault.jpg?sqp=-oaymwEcCNACELwBSFXyq4qpAw4IARUAAIhCGAFwAcABBg==&rs=AOn4CLAKSyt7XlHADfsRnryqb6XoZBCiEg,Sergio Oliveira,external-reference,embed_link_and_summarize_only
G_fKdvU0XcE,https://www.youtube.com/watch?v=G_fKdvU0XcE,Stinger GT Line. Como un Panamera para la clase media.,773.0,,videos,https://i.ytimg.com/vi/G_fKdvU0XcE/hqdefault.jpg?sqp=-oaymwEcCNACELwBSFXyq4qpAw4IARUAAIhCGAFwAcABBg==&rs=AOn4CLDnuREFGgd0sEgmx4BLiSkfUC1dag,Sergio Oliveira,external-reference,embed_link_and_summarize_only
_RzzPdKq9xk,https://www.youtube.com/watch?v=_RzzPdKq9xk,"Chevrolet Cheyenne Centennial 2018. Gran camioneta, pero con detalles anticuados.",803.0,,videos,https://i.ytimg.com/vi/_RzzPdKq9xk/hqdefault.jpg?sqp=-oaymwEcCNACELwBSFXyq4qpAw4IARUAAIhCGAFwAcABBg==&rs=AOn4CLCQExsQ8IK38mvAK8_8tEz1--7uLg,Sergio Oliveira,external-reference,embed_link_and_summarize_only
lkTk8gbWlc0,https://www.youtube.com/watch?v=lkTk8gbWlc0,"VW Golf R 2018. El mejor Hot Hatch del ""mundo mundial"".",878.0,,videos,https://i.ytimg.com/vi/lkTk8gbWlc0/hqdefault.jpg?sqp=-oaymwEcCNACELwBSFXyq4qpAw4IARUAAIhCGAFwAcABBg==&rs=AOn4CLCxzqVsLG5YkDH4DEc2DVdtoC0mjw,Sergio Oliveira,external-reference,embed_link_and_summarize_only
uxVfvcmxFSY,https://www.youtube.com/watch?v=uxVfvcmxFSY,Infiniti Q60 S 2018. ¿Tan bueno como los alemanes?,609.0,,videos,https://i.ytimg.com/vi/uxVfvcmxFSY/hqdefault.jpg?sqp=-oaymwEcCNACELwBSFXyq4qpAw4IARUAAIhCGAFwAcABBg==&rs=AOn4CLBDcdGUDbD3r3e-ZWO4BbswQKAljQ,Sergio Oliveira,external-reference,embed_link_and_summarize_only
8pwTSqsp4PE,https://www.youtube.com/watch?v=8pwTSqsp4PE,Solo había un lugar,61.0,,videos,https://i.ytimg.com/vi/8pwTSqsp4PE/hqdefault.jpg?sqp=-oaymwE2CNACELwBSFXyq4qpAygIARUAAIhCGAFwAcABBvABAfgB3gOAAuADigIMCAAQARhlIE4oVzAP&rs=AOn4CLAmnZxBntz71rLAx1xsciUe9NEytg,Sergio Oliveira,external-reference,embed_link_and_summarize_only
RgXapRdh7AQ,https://www.youtube.com/watch?v=RgXapRdh7AQ,Chevrolet Tahoe Midnight 2018. SUV Macho Alfa.,709.0,,videos,https://i.ytimg.com/vi/RgXapRdh7AQ/hqdefault.jpg?sqp=-oaymwEcCNACELwBSFXyq4qpAw4IARUAAIhCGAFwAcABBg==&rs=AOn4CLAJp6brT1WkOUi1lXBWfQ_QzjxkxQ,Sergio Oliveira,external-reference,embed_link_and_summarize_only
35Xe3SCNesg,https://www.youtube.com/watch?v=35Xe3SCNesg,Kia Sorento SXL 2019  Más equipo y mejor economía,673.0,,videos,https://i.ytimg.com/vi/35Xe3SCNesg/hqdefault.jpg?sqp=-oaymwEcCNACELwBSFXyq4qpAw4IARUAAIhCGAFwAcABBg==&rs=AOn4CLBREiQ81NnXldRgS5FkX8x7u6ifVA,Sergio Oliveira,external-reference,embed_link_and_summarize_only
fmbSuqow7dw,https://www.youtube.com/watch?v=fmbSuqow7dw,"Audi S5 2018. Gran auto, con tímida evolución estética.",951.0,,videos,https://i.ytimg.com/vi/fmbSuqow7dw/hqdefault.jpg?sqp=-oaymwEcCNACELwBSFXyq4qpAw4IARUAAIhCGAFwAcABBg==&rs=AOn4CLCPxPkRxbW9B9IFAV_xK_Wzc_4moA,Sergio Oliveira,external-reference,embed_link_and_summarize_only
a3PjHLwSDbY,https://www.youtube.com/watch?v=a3PjHLwSDbY,Manejando Hot Hatches con Autocosmos.,1187.0,,videos,https://i.ytimg.com/vi/a3PjHLwSDbY/hqdefault.jpg?sqp=-oaymwEcCNACELwBSFXyq4qpAw4IARUAAIhCGAFwAcABBg==&rs=AOn4CLA_yGnjuLwa9osX4X5Tlc0r9hZTaQ,Sergio Oliveira,external-reference,embed_link_and_summarize_only
1Qq1zEvZkLQ,https://www.youtube.com/watch?v=1Qq1zEvZkLQ,Las luces de la Lincoln Navigator 2018. De noche también tiene su encanto-,341.0,,videos,https://i.ytimg.com/vi/1Qq1zEvZkLQ/hqdefault.jpg?sqp=-oaymwEcCNACELwBSFXyq4qpAw4IARUAAIhCGAFwAcABBg==&rs=AOn4CLD2j5-jmoNj2zFNZgYRjsZRysqSpg,Sergio Oliveira,external-reference,embed_link_and_summarize_only
yvxDr_BiAHk,https://www.youtube.com/watch?v=yvxDr_BiAHk,Lincoln Navigator Reserve 2018. Primera clase sin subirse a un avión.,1357.0,,videos,https://i.ytimg.com/vi/yvxDr_BiAHk/hqdefault.jpg?sqp=-oaymwEcCNACELwBSFXyq4qpAw4IARUAAIhCGAFwAcABBg==&rs=AOn4CLAxoH02EnHhWt0DnOJIyenO4O5asA,Sergio Oliveira,external-reference,embed_link_and_summarize_only
Z1Rjz5yA8ik,https://www.youtube.com/watch?v=Z1Rjz5yA8ik,"JAC J4. ¿Buena opción o solo una ""chinadera""?",897.0,,videos,https://i.ytimg.com/vi/Z1Rjz5yA8ik/hqdefault.jpg?sqp=-oaymwEcCNACELwBSFXyq4qpAw4IARUAAIhCGAFwAcABBg==&rs=AOn4CLDGkzgKN0Dg5EhnQ7Py76FHTSZZrA,Sergio Oliveira,external-reference,embed_link_and_summarize_only
hcvDsbQhijs,https://www.youtube.com/watch?v=hcvDsbQhijs,Vehículos Comerciales FCA. Porque hay que trabajar.,1411.0,,videos,https://i.ytimg.com/vi/hcvDsbQhijs/hqdefault.jpg?sqp=-oaymwEcCNACELwBSFXyq4qpAw4IARUAAIhCGAFwAcABBg==&rs=AOn4CLCy76mgIWjRTiPHUj31vjxI4IkQzA,Sergio Oliveira,external-reference,embed_link_and_summarize_only
fycPH8bGKkM,https://www.youtube.com/watch?v=fycPH8bGKkM,Alfa Romeo Giulia QV. Sólo un breve saludo de fin de año.,413.0,,videos,https://i.ytimg.com/vi/fycPH8bGKkM/hqdefault.jpg?sqp=-oaymwEcCNACELwBSFXyq4qpAw4IARUAAIhCGAFwAcABBg==&rs=AOn4CLCf96IGCo5Z5FP8URZjTBf7vwCuIw,Sergio Oliveira,external-reference,embed_link_and_summarize_only
3d5PKPiTHmw,https://www.youtube.com/watch?v=3d5PKPiTHmw,JAC Sei 3 Limited. En el futuro todos tendremos autos chinos.,1001.0,,videos,https://i.ytimg.com/vi/3d5PKPiTHmw/hqdefault.jpg?sqp=-oaymwEcCNACELwBSFXyq4qpAw4IARUAAIhCGAFwAcABBg==&rs=AOn4CLAj1hXFT8YWGtuGPlpWIyQ1XJTKxw,Sergio Oliveira,external-reference,embed_link_and_summarize_only
m4sfw3QDJL4,https://www.youtube.com/watch?v=m4sfw3QDJL4,Chevrolet Aveo 2018. ¿Finalmente recomendable?,791.0,,videos,https://i.ytimg.com/vi/m4sfw3QDJL4/hqdefault.jpg?sqp=-oaymwEcCNACELwBSFXyq4qpAw4IARUAAIhCGAFwAcABBg==&rs=AOn4CLCrizMdCbPHuqvfO50vkGOM1lH-Qw,Sergio Oliveira,external-reference,embed_link_and_summarize_only
z7olNWFnxwc,https://www.youtube.com/watch?v=z7olNWFnxwc,GMC Terrain 2018. El General aún sabe hacer grandes vehículos.,892.0,,videos,https://i.ytimg.com/vi/z7olNWFnxwc/hqdefault.jpg?sqp=-oaymwEcCNACELwBSFXyq4qpAw4IARUAAIhCGAFwAcABBg==&rs=AOn4CLA7RhpfIoaH7UkB9FuL5iowWLoS0Q,Sergio Oliveira,external-reference,embed_link_and_summarize_only
fjZYBINxLXw,https://www.youtube.com/watch?v=fjZYBINxLXw,Nissan X Trail Híbrida 2018. ¿El ahorro compensa el sobreprecio?,678.0,,videos,https://i.ytimg.com/vi/fjZYBINxLXw/hqdefault.jpg?sqp=-oaymwEcCNACELwBSFXyq4qpAw4IARUAAIhCGAFwAcABBg==&rs=AOn4CLA_M6AGAuGlGUAbukS9PNodD3P2cw,Sergio Oliveira,external-reference,embed_link_and_summarize_only
tXZhQKCxQkc,https://www.youtube.com/watch?v=tXZhQKCxQkc,Tesla Model S P100D. Un auto de otro planeta.,1374.0,,videos,https://i.ytimg.com/vi/tXZhQKCxQkc/hqdefault.jpg?sqp=-oaymwEcCNACELwBSFXyq4qpAw4IARUAAIhCGAFwAcABBg==&rs=AOn4CLDFN0OiNYMfW1IGbqybppJ-K5FUTA,Sergio Oliveira,external-reference,embed_link_and_summarize_only
TfQ6kfsFUF4,https://www.youtube.com/watch?v=TfQ6kfsFUF4,Expedition 2018. Mira a las demás desde arriba.,1033.0,,videos,https://i.ytimg.com/vi/TfQ6kfsFUF4/hqdefault.jpg?sqp=-oaymwEcCNACELwBSFXyq4qpAw4IARUAAIhCGAFwAcABBg==&rs=AOn4CLAiHQUyit6HkxI-HrszIiBk58WN-Q,Sergio Oliveira,external-reference,embed_link_and_summarize_only
8w5rEVsYaYA,https://www.youtube.com/watch?v=8w5rEVsYaYA,"Chevrolet Traverse 2018. Muy buena, pero....",898.0,,videos,https://i.ytimg.com/vi/8w5rEVsYaYA/hqdefault.jpg?sqp=-oaymwEcCNACELwBSFXyq4qpAw4IARUAAIhCGAFwAcABBg==&rs=AOn4CLDnSyxIjKEZp7X7pLRKiNf1Lcjf-g,Sergio Oliveira,external-reference,embed_link_and_summarize_only
5E-1H69aI_I,https://www.youtube.com/watch?v=5E-1H69aI_I,Odyssey vs Pacifica. ¿Cuál es la mejor miniván del mercado?,816.0,,videos,https://i.ytimg.com/vi/5E-1H69aI_I/hqdefault.jpg?sqp=-oaymwEcCNACELwBSFXyq4qpAw4IARUAAIhCGAFwAcABBg==&rs=AOn4CLBmrNYrV1emVIJOqYhvUnCyd8JV6Q,Sergio Oliveira,external-reference,embed_link_and_summarize_only
2YZm7AVLOHM,https://www.youtube.com/watch?v=2YZm7AVLOHM,Volvo XC 60. ¿Será solo una SUV segura?,646.0,,videos,https://i.ytimg.com/vi/2YZm7AVLOHM/hqdefault.jpg?sqp=-oaymwEcCNACELwBSFXyq4qpAw4IARUAAIhCGAFwAcABBg==&rs=AOn4CLBHSVal7x4FIzPkS7fhmXqe1ELehg,Sergio Oliveira,external-reference,embed_link_and_summarize_only
US9lDXuH-pY,https://www.youtube.com/watch?v=US9lDXuH-pY,Fiat Mobi Live On 2018. El último urbano en México.,654.0,,videos,https://i.ytimg.com/vi/US9lDXuH-pY/hqdefault.jpg?sqp=-oaymwEcCNACELwBSFXyq4qpAw4IARUAAIhCGAFwAcABBg==&rs=AOn4CLDxykMbznenSkF256prL04qK4koAw,Sergio Oliveira,external-reference,embed_link_and_summarize_only
SRp0n_WmXVU,https://www.youtube.com/watch?v=SRp0n_WmXVU,Kia Sorento SXL AWD 2017. Lujo con sensatez.,572.0,,videos,https://i.ytimg.com/vi/SRp0n_WmXVU/hqdefault.jpg?sqp=-oaymwEcCNACELwBSFXyq4qpAw4IARUAAIhCGAFwAcABBg==&rs=AOn4CLC4rSAXCZxd1vKHLiLkqNl_XhXhYQ,Sergio Oliveira,external-reference,embed_link_and_summarize_only
AV4JSZvG2vk,https://www.youtube.com/watch?v=AV4JSZvG2vk,Mazda 6 2017. El mejor entre los 4 cilindros sin turbo.,614.0,,videos,https://i.ytimg.com/vi/AV4JSZvG2vk/hqdefault.jpg?sqp=-oaymwEcCNACELwBSFXyq4qpAw4IARUAAIhCGAFwAcABBg==&rs=AOn4CLATriRfQyfNTpxSXHWq1omNVN43xg,Sergio Oliveira,external-reference,embed_link_and_summarize_only
7UkVTBQIPUs,https://www.youtube.com/watch?v=7UkVTBQIPUs,Buick Enclave Avenir 2018. La nueva reina de los crossovers de 3 filas.,1085.0,,videos,https://i.ytimg.com/vi/7UkVTBQIPUs/hqdefault.jpg?sqp=-oaymwEcCNACELwBSFXyq4qpAw4IARUAAIhCGAFwAcABBg==&rs=AOn4CLD6ffng3sr1ZwGr5IHm7JmKAy0FRQ,Sergio Oliveira,external-reference,embed_link_and_summarize_only
JCrcFu8Sw9M,https://www.youtube.com/watch?v=JCrcFu8Sw9M,El seminuevo del día. VW Tiguan 2016.,565.0,,videos,https://i.ytimg.com/vi/JCrcFu8Sw9M/hqdefault.jpg?sqp=-oaymwEcCNACELwBSFXyq4qpAw4IARUAAIhCGAFwAcABBg==&rs=AOn4CLDxlDIuORJTCahNAPI7BNpFxk614g,Sergio Oliveira,external-reference,embed_link_and_summarize_only
ersZr64egAY,https://www.youtube.com/watch?v=ersZr64egAY,"Honda Civic Type R. ¿El más ""hot"" de los hatch?",1193.0,,videos,https://i.ytimg.com/vi/ersZr64egAY/hqdefault.jpg?sqp=-oaymwEcCNACELwBSFXyq4qpAw4IARUAAIhCGAFwAcABBg==&rs=AOn4CLAsPSAQ7uxg-AyiZbIBF66a3VF12w,Sergio Oliveira,external-reference,embed_link_and_summarize_only
6nuRyYuouiE,https://www.youtube.com/watch?v=6nuRyYuouiE,Ford Fusion Energi. Mejor que un híbrido y que un eléctrico. Porque es ambos.,761.0,,videos,https://i.ytimg.com/vi/6nuRyYuouiE/hqdefault.jpg?sqp=-oaymwEcCNACELwBSFXyq4qpAw4IARUAAIhCGAFwAcABBg==&rs=AOn4CLAdAqn3aIe5H53XKKbu5KaDr7_-kA,Sergio Oliveira,external-reference,embed_link_and_summarize_only
Cq6BdhM9Ohg,https://www.youtube.com/watch?v=Cq6BdhM9Ohg,iPhone X. ¿Qué hace ese hombre hablando de teléfonos?,859.0,,videos,https://i.ytimg.com/vi/Cq6BdhM9Ohg/hqdefault.jpg?sqp=-oaymwEcCNACELwBSFXyq4qpAw4IARUAAIhCGAFwAcABBg==&rs=AOn4CLC-gwQCaVNnnayRzUChUktOYp2h4w,Sergio Oliveira,external-reference,embed_link_and_summarize_only
1yj7whgNehU,https://www.youtube.com/watch?v=1yj7whgNehU,"Nissan Sentra Nismo 2018. Bueno, pero no lo suficiente.",778.0,,videos,https://i.ytimg.com/vi/1yj7whgNehU/hqdefault.jpg?sqp=-oaymwEcCNACELwBSFXyq4qpAw4IARUAAIhCGAFwAcABBg==&rs=AOn4CLDFduT81tecrkGo_OgVLtryWSmjYA,Sergio Oliveira,external-reference,embed_link_and_summarize_only
T-3o2U-QDNo,https://www.youtube.com/watch?v=T-3o2U-QDNo,El seminuevo del día. Patrocinado por Seminuevos Plasencia.,480.0,,videos,https://i.ytimg.com/vi/T-3o2U-QDNo/hqdefault.jpg?sqp=-oaymwEcCNACELwBSFXyq4qpAw4IARUAAIhCGAFwAcABBg==&rs=AOn4CLDNPU0sTOH4ZrtSM_T3PGQmBVbuWw,Sergio Oliveira,external-reference,embed_link_and_summarize_only
ItIFyrIX6fk,https://www.youtube.com/watch?v=ItIFyrIX6fk,Alfa Romeo MiTo 2017. Caliente como un spaghetti a la rabbiatta,814.0,,videos,https://i.ytimg.com/vi/ItIFyrIX6fk/hqdefault.jpg?sqp=-oaymwEcCNACELwBSFXyq4qpAw4IARUAAIhCGAFwAcABBg==&rs=AOn4CLDWZ6hM9oHLqKC_8CrvfTU_3kif2A,Sergio Oliveira,external-reference,embed_link_and_summarize_only
xxiUcQ0oTjQ,https://www.youtube.com/watch?v=xxiUcQ0oTjQ,Suzuki Swift 2018 BoosterJet Manual. Casi un Hot Hatch,947.0,,videos,https://i.ytimg.com/vi/xxiUcQ0oTjQ/hqdefault.jpg?sqp=-oaymwEcCNACELwBSFXyq4qpAw4IARUAAIhCGAFwAcABBg==&rs=AOn4CLAF1TSyBeQ-q70KVu9Eb6HcrCtYcA,Sergio Oliveira,external-reference,embed_link_and_summarize_only
iqlz608Kqy4,https://www.youtube.com/watch?v=iqlz608Kqy4,MINI Countryman PHEV. ¿Conviene el MINI híbrido?,885.0,,videos,https://i.ytimg.com/vi/iqlz608Kqy4/hqdefault.jpg?sqp=-oaymwEcCNACELwBSFXyq4qpAw4IARUAAIhCGAFwAcABBg==&rs=AOn4CLAt9Y4Wrj3S7Sj4UCuxNC9eR4QMMQ,Sergio Oliveira,external-reference,embed_link_and_summarize_only
e7NwlvQHH_I,https://www.youtube.com/watch?v=e7NwlvQHH_I,Audi R8 Spyder 2018. Porque se vale soñar.,816.0,,videos,https://i.ytimg.com/vi/e7NwlvQHH_I/hqdefault.jpg?sqp=-oaymwEcCNACELwBSFXyq4qpAw4IARUAAIhCGAFwAcABBg==&rs=AOn4CLCorZJWQWciYNLq1E3-TihdGXJS_A,Sergio Oliveira,external-reference,embed_link_and_summarize_only
unquhiofO0M,https://www.youtube.com/watch?v=unquhiofO0M,Jeep Wrangler Chief 2017. Una edición para los radicales .,539.0,,videos,https://i.ytimg.com/vi/unquhiofO0M/hqdefault.jpg?sqp=-oaymwEcCNACELwBSFXyq4qpAw4IARUAAIhCGAFwAcABBg==&rs=AOn4CLDOoJNV8Cigw_Cf0YRCnW6_VkzENg,Sergio Oliveira,external-reference,embed_link_and_summarize_only
DhqgK7K19Jk,https://www.youtube.com/watch?v=DhqgK7K19Jk,Mazda6 2014 seminuevo.,528.0,,videos,https://i.ytimg.com/vi/DhqgK7K19Jk/hqdefault.jpg?sqp=-oaymwEcCNACELwBSFXyq4qpAw4IARUAAIhCGAFwAcABBg==&rs=AOn4CLD3ygj_VUkfCyKMvyRZ5pIhW7d1fQ,Sergio Oliveira,external-reference,embed_link_and_summarize_only
ITVSRF3Anm0,https://www.youtube.com/watch?v=ITVSRF3Anm0,Toyota TJ Cruiser Concept,61.0,,videos,https://i.ytimg.com/vi/ITVSRF3Anm0/hqdefault.jpg?sqp=-oaymwEcCNACELwBSFXyq4qpAw4IARUAAIhCGAFwAcABBg==&rs=AOn4CLCVPA0qK1BzWWlIHeuFyYUIGh8viw,Sergio Oliveira,external-reference,embed_link_and_summarize_only
NvmlLjxRVdk,https://www.youtube.com/watch?v=NvmlLjxRVdk,Nissan Leaf Nismo. 300 HP para un auto eléctrico. Llegada a México no confirmada.,45.0,,videos,https://i.ytimg.com/vi/NvmlLjxRVdk/hqdefault.jpg?sqp=-oaymwEcCNACELwBSFXyq4qpAw4IARUAAIhCGAFwAcABBg==&rs=AOn4CLA3Ow6Ol4FHi4ZUXvdQn7Zpsvt2qg,Sergio Oliveira,external-reference,embed_link_and_summarize_only
4xrvWzrRa-k,https://www.youtube.com/watch?v=4xrvWzrRa-k,Mazda Vision Coupe Concept. A este auto se parecerá el Mazda 6 2020.,78.0,,videos,https://i.ytimg.com/vi/4xrvWzrRa-k/hqdefault.jpg?sqp=-oaymwEcCNACELwBSFXyq4qpAw4IARUAAIhCGAFwAcABBg==&rs=AOn4CLBs9m7ihgB1deXGKrZmXzn00UN-Vg,Sergio Oliveira,external-reference,embed_link_and_summarize_only
KS0RV6mWSHc,https://www.youtube.com/watch?v=KS0RV6mWSHc,Mazda 3 2020. En este concepto estará basado el futuro Mazda 3.,62.0,,videos,https://i.ytimg.com/vi/KS0RV6mWSHc/hqdefault.jpg?sqp=-oaymwEcCNACELwBSFXyq4qpAw4IARUAAIhCGAFwAcABBg==&rs=AOn4CLB9H2ICPjxjTE067ul_wju8n2qU3w,Sergio Oliveira,external-reference,embed_link_and_summarize_only
MslyEi9PD3Y,https://www.youtube.com/watch?v=MslyEi9PD3Y,Nissan Sentra seminuevo.,479.0,,videos,https://i.ytimg.com/vi/MslyEi9PD3Y/hqdefault.jpg?sqp=-oaymwEcCNACELwBSFXyq4qpAw4IARUAAIhCGAFwAcABBg==&rs=AOn4CLCdAcLXp_2afXOqRTF_AOZ-vJdz_Q,Sergio Oliveira,external-reference,embed_link_and_summarize_only
4iBa9qWjaFw,https://www.youtube.com/watch?v=4iBa9qWjaFw,Suzuki Ignis GLX. Con vocación urbana.,1153.0,,videos,https://i.ytimg.com/vi/4iBa9qWjaFw/hqdefault.jpg?sqp=-oaymwEcCNACELwBSFXyq4qpAw4IARUAAIhCGAFwAcABBg==&rs=AOn4CLAhtNtpJpEk7mor78ITpEFEstm7Qg,Sergio Oliveira,external-reference,embed_link_and_summarize_only
e21Z_yRdGME,https://www.youtube.com/watch?v=e21Z_yRdGME,Dodge Durango R/T 2018. Challenger SUV,865.0,,videos,https://i.ytimg.com/vi/e21Z_yRdGME/hqdefault.jpg?sqp=-oaymwEcCNACELwBSFXyq4qpAw4IARUAAIhCGAFwAcABBg==&rs=AOn4CLBg0e98t6ems_hNjs81Akzf1IAxkQ,Sergio Oliveira,external-reference,embed_link_and_summarize_only
ZSoaNBpw1BI,https://www.youtube.com/watch?v=ZSoaNBpw1BI,"Hoy, 8 pm. En vivo. ¿Qué hacer si te da un infarto al corazón al volante.",48.0,,videos,https://i.ytimg.com/vi/ZSoaNBpw1BI/hqdefault.jpg?sqp=-oaymwEcCNACELwBSFXyq4qpAw4IARUAAIhCGAFwAcABBg==&rs=AOn4CLAVKxl9Z0ZwgiPUeYQdWCbeCWEqFg,Sergio Oliveira,external-reference,embed_link_and_summarize_only
6Q4BRyKcfew,https://www.youtube.com/watch?v=6Q4BRyKcfew,Ford Lobo Platinum 2018. La reina abre distancia.,892.0,,videos,https://i.ytimg.com/vi/6Q4BRyKcfew/hqdefault.jpg?sqp=-oaymwEcCNACELwBSFXyq4qpAw4IARUAAIhCGAFwAcABBg==&rs=AOn4CLB2oNK6hY1BWB8YtuoOYTU9F5jBWA,Sergio Oliveira,external-reference,embed_link_and_summarize_only
NWWNOmbbRY0,https://www.youtube.com/watch?v=NWWNOmbbRY0,Toyota Camry 2018. Este Toyota ya sabe bailar. ¿Te gusta la idea?,1147.0,,videos,https://i.ytimg.com/vi/NWWNOmbbRY0/hqdefault.jpg?sqp=-oaymwEcCNACELwBSFXyq4qpAw4IARUAAIhCGAFwAcABBg==&rs=AOn4CLC8NQ7UIPP_TqO1hh4i9ojHLaJrjg,Sergio Oliveira,external-reference,embed_link_and_summarize_only
Dgn82BxKMIo,https://www.youtube.com/watch?v=Dgn82BxKMIo,Toyota Camry 2018.  Cambia su esencia en favor de algo de emoción.,956.0,,videos,https://i.ytimg.com/vi/Dgn82BxKMIo/hqdefault.jpg?sqp=-oaymwEcCNACELwBSFXyq4qpAw4IARUAAIhCGAFwAcABBg==&rs=AOn4CLB0aeNYSInPmz-wCEHJ54cnf6O3qg,Sergio Oliveira,external-reference,embed_link_and_summarize_only
C9Rpu4PtpHE,https://www.youtube.com/watch?v=C9Rpu4PtpHE,Ford Escape Titanium EcoBoost 2018. Y se hizo una ganga.,927.0,,videos,https://i.ytimg.com/vi/C9Rpu4PtpHE/hqdefault.jpg?sqp=-oaymwEcCNACELwBSFXyq4qpAw4IARUAAIhCGAFwAcABBg==&rs=AOn4CLAFENkhliYqM1CUwrvmrgYI3aQGxQ,Sergio Oliveira,external-reference,embed_link_and_summarize_only
srzdq3Qo6bo,https://www.youtube.com/watch?v=srzdq3Qo6bo,S-Cross vs Creta- ¿Quién gana el duelo de los crossover subcompactos?,856.0,,videos,https://i.ytimg.com/vi/srzdq3Qo6bo/hqdefault.jpg?sqp=-oaymwEcCNACELwBSFXyq4qpAw4IARUAAIhCGAFwAcABBg==&rs=AOn4CLCmUUWvyJzq2pYwQ8Nf2fNfV-M5CA,Sergio Oliveira,external-reference,embed_link_and_summarize_only
upJJepqtoMU,https://www.youtube.com/watch?v=upJJepqtoMU,Audi A4 20 años después. La evolución de la industria automotriz,1753.0,,videos,https://i.ytimg.com/vi/upJJepqtoMU/hqdefault.jpg?sqp=-oaymwEcCNACELwBSFXyq4qpAw4IARUAAIhCGAFwAcABBg==&rs=AOn4CLB7MA65GmASXyBYopThI_jwLriMCQ,Sergio Oliveira,external-reference,embed_link_and_summarize_only
3Bxc--cMRrw,https://www.youtube.com/watch?v=3Bxc--cMRrw,Alfa Giulieta 2017. Como una amante italiana.,727.0,,videos,https://i.ytimg.com/vi/3Bxc--cMRrw/hqdefault.jpg?sqp=-oaymwEcCNACELwBSFXyq4qpAw4IARUAAIhCGAFwAcABBg==&rs=AOn4CLDA-B4Bg4VxzNdLWP5cEMxwoJrwLw,Sergio Oliveira,external-reference,embed_link_and_summarize_only
7HtoTSDvUM8,https://www.youtube.com/watch?v=7HtoTSDvUM8,"Audi RS3. Dimensiones de compacto, potencia de grande.",1075.0,,videos,https://i.ytimg.com/vi/7HtoTSDvUM8/hqdefault.jpg?sqp=-oaymwEcCNACELwBSFXyq4qpAw4IARUAAIhCGAFwAcABBg==&rs=AOn4CLArq9M4sekSjUz1j0RQ83TWAJx8vA,Sergio Oliveira,external-reference,embed_link_and_summarize_only
_0C4Bm07YfE,https://www.youtube.com/watch?v=_0C4Bm07YfE,BMW vs MB - Duelo en el Olimpo automotor,1219.0,,videos,https://i.ytimg.com/vi/_0C4Bm07YfE/hqdefault.jpg?sqp=-oaymwEcCNACELwBSFXyq4qpAw4IARUAAIhCGAFwAcABBg==&rs=AOn4CLBmNr3NVQwXE_VOmEWBAe0CHpPGAA,Sergio Oliveira,external-reference,embed_link_and_summarize_only
baL-WQCsI8Q,https://www.youtube.com/watch?v=baL-WQCsI8Q,Suzuki S-Cross GLX 2018. Tan buena que me hizo ver mal.,908.0,,videos,https://i.ytimg.com/vi/baL-WQCsI8Q/hqdefault.jpg?sqp=-oaymwEcCNACELwBSFXyq4qpAw4IARUAAIhCGAFwAcABBg==&rs=AOn4CLBjGu262y15CnVVyAkMBcCLtKOb9g,Sergio Oliveira,external-reference,embed_link_and_summarize_only
K-UDgvs1A0g,https://www.youtube.com/watch?v=K-UDgvs1A0g,BMW 540i iA M Sport 2018. ¿El mejor sedán de su clase en el mundo?,1078.0,,videos,https://i.ytimg.com/vi/K-UDgvs1A0g/hqdefault.jpg?sqp=-oaymwEcCNACELwBSFXyq4qpAw4IARUAAIhCGAFwAcABBg==&rs=AOn4CLAvPn9m7qvjQGsjfnL562gZYsf-Ng,Sergio Oliveira,external-reference,embed_link_and_summarize_only
BnWvKcMAF2o,https://www.youtube.com/watch?v=BnWvKcMAF2o,Seat León ST. Una gran alternativa a las SUV.,1073.0,,videos,https://i.ytimg.com/vi/BnWvKcMAF2o/hqdefault.jpg?sqp=-oaymwEcCNACELwBSFXyq4qpAw4IARUAAIhCGAFwAcABBg==&rs=AOn4CLBZ3RHrKA27ORzESXTx0RESHy-mnA,Sergio Oliveira,external-reference,embed_link_and_summarize_only
KyWMOwAbVw0,https://www.youtube.com/watch?v=KyWMOwAbVw0,370Z Nismo 2018. ¿Vale la pagar la diferencia?,811.0,,videos,https://i.ytimg.com/vi/KyWMOwAbVw0/hqdefault.jpg?sqp=-oaymwEcCNACELwBSFXyq4qpAw4IARUAAIhCGAFwAcABBg==&rs=AOn4CLDvakHcNyAFtRRdxjQfTW5Jq1ZBlA,Sergio Oliveira,external-reference,embed_link_and_summarize_only
UtfhVagXxzo,https://www.youtube.com/watch?v=UtfhVagXxzo,"Mazda2 2018. Más sofisticado, refinado, bonito. Pero aún falta algo.",871.0,,videos,https://i.ytimg.com/vi/UtfhVagXxzo/hqdefault.jpg?sqp=-oaymwEcCNACELwBSFXyq4qpAw4IARUAAIhCGAFwAcABBg==&rs=AOn4CLDtTXQ8HGHuJClh58wNXtL2HGN5DQ,Sergio Oliveira,external-reference,embed_link_and_summarize_only
e2ZoUr8YpuM,https://www.youtube.com/watch?v=e2ZoUr8YpuM,Renault Duster 2018. Renovada la SUV más popular de Renault/Dacia,116.0,,videos,https://i.ytimg.com/vi/e2ZoUr8YpuM/hqdefault.jpg?sqp=-oaymwEcCNACELwBSFXyq4qpAw4IARUAAIhCGAFwAcABBg==&rs=AOn4CLBqM3_lVOuypfb6bplu6ADNZEk-wg,Sergio Oliveira,external-reference,embed_link_and_summarize_only
dZIV3iDVcqo,https://www.youtube.com/watch?v=dZIV3iDVcqo,Seat Arona 2017. La chica española llega a México en 2018.,252.0,,videos,https://i.ytimg.com/vi/dZIV3iDVcqo/hqdefault.jpg?sqp=-oaymwEcCNACELwBSFXyq4qpAw4IARUAAIhCGAFwAcABBg==&rs=AOn4CLDShmvERqeltn18AdmQPloS3l5IXQ,Sergio Oliveira,external-reference,embed_link_and_summarize_only
El-vrms_Rxk,https://www.youtube.com/watch?v=El-vrms_Rxk,Mercedes-Benz Clase X. ¿Premium o no?,76.0,,videos,https://i.ytimg.com/vi/El-vrms_Rxk/hqdefault.jpg?sqp=-oaymwEcCNACELwBSFXyq4qpAw4IARUAAIhCGAFwAcABBg==&rs=AOn4CLCG3Fv_bRCgPRPYEPKEbMRUzIi6ng,Sergio Oliveira,external-reference,embed_link_and_summarize_only
1udEbTUnpig,https://www.youtube.com/watch?v=1udEbTUnpig,VW ID Cross 2020. El SUV eléctrico de Volkswagen,61.0,,videos,https://i.ytimg.com/vi/1udEbTUnpig/hqdefault.jpg?sqp=-oaymwEcCNACELwBSFXyq4qpAw4IARUAAIhCGAFwAcABBg==&rs=AOn4CLA9Ov_t7X0PTpygBvobp_D_2nCY0Q,Sergio Oliveira,external-reference,embed_link_and_summarize_only
Wjxg1-XNBVA,https://www.youtube.com/watch?v=Wjxg1-XNBVA,Volkswagen T-Roc 2018. El gigante alemán presenta su hija más chica.,345.0,,videos,https://i.ytimg.com/vi/Wjxg1-XNBVA/hqdefault.jpg?sqp=-oaymwE2CNACELwBSFXyq4qpAygIARUAAIhCGAFwAcABBvABAfgB1AaAAuADigIMCAAQARhlIFcoVTAP&rs=AOn4CLCsO7dABGRDNd8rBh47-Abk0dqLTw,Sergio Oliveira,external-reference,embed_link_and_summarize_only
qfgpUsayMew,https://www.youtube.com/watch?v=qfgpUsayMew,Figo Aspire 2017: Alternativa Familiar y para trabajo urbano,606.0,,videos,https://i.ytimg.com/vi/qfgpUsayMew/hqdefault.jpg?sqp=-oaymwEcCNACELwBSFXyq4qpAw4IARUAAIhCGAFwAcABBg==&rs=AOn4CLAcScIaMVpLVpQNWdGo84FewTCuvw,Sergio Oliveira,external-reference,embed_link_and_summarize_only
KMe1WmBuoQU,https://www.youtube.com/watch?v=KMe1WmBuoQU,Suzuki Vitara Turbo All Grip : Una muy agradable sorpresa,819.0,,videos,https://i.ytimg.com/vi/KMe1WmBuoQU/hqdefault.jpg?sqp=-oaymwEcCNACELwBSFXyq4qpAw4IARUAAIhCGAFwAcABBg==&rs=AOn4CLAnueRBSgG815SyDs14r4sQ_klDJw,Sergio Oliveira,external-reference,embed_link_and_summarize_only
Uf7qkD_IC04,https://www.youtube.com/watch?v=Uf7qkD_IC04,Audi Q2 2018. Cuando la apariencia es más importante que la función.,962.0,,videos,https://i.ytimg.com/vi/Uf7qkD_IC04/hqdefault.jpg?sqp=-oaymwEcCNACELwBSFXyq4qpAw4IARUAAIhCGAFwAcABBg==&rs=AOn4CLA9-ctaoi44ka6A7aC3YxwRDT0qUQ,Sergio Oliveira,external-reference,embed_link_and_summarize_only
Vx4p5q3Bqps,https://www.youtube.com/watch?v=Vx4p5q3Bqps,Cuidado cuando manejes una SUV,812.0,,videos,https://i.ytimg.com/vi/Vx4p5q3Bqps/hqdefault.jpg?sqp=-oaymwEcCNACELwBSFXyq4qpAw4IARUAAIhCGAFwAcABBg==&rs=AOn4CLDrX28IsNYcxHgVUwRmQ53NNzoMFA,Sergio Oliveira,external-reference,embed_link_and_summarize_only
qa1pUMfrDME,https://www.youtube.com/watch?v=qa1pUMfrDME,Chevrolet Cavalier 2018. Le faltan 30% más de potencia y 30% menos de precio.,1248.0,,videos,https://i.ytimg.com/vi/qa1pUMfrDME/hqdefault.jpg?sqp=-oaymwEcCNACELwBSFXyq4qpAw4IARUAAIhCGAFwAcABBg==&rs=AOn4CLA3rXMVqJhl1GcYdPhaiwLWcASU2Q,Sergio Oliveira,external-reference,embed_link_and_summarize_only
okWxETJrwkg,https://www.youtube.com/watch?v=okWxETJrwkg,Dodge Challenger BlackTop. Una edición más para seguir soñando.,443.0,,videos,https://i.ytimg.com/vi/okWxETJrwkg/hqdefault.jpg?sqp=-oaymwEcCNACELwBSFXyq4qpAw4IARUAAIhCGAFwAcABBg==&rs=AOn4CLAjVZ5996mcfzVxWAYNJwHqfUGQRw,Sergio Oliveira,external-reference,embed_link_and_summarize_only
l_iDbfm4ChE,https://www.youtube.com/watch?v=l_iDbfm4ChE,50 mil Suzuki Swift. Al México le encanta este subcompacto nipón.,597.0,,videos,https://i.ytimg.com/vi/l_iDbfm4ChE/hqdefault.jpg?sqp=-oaymwEcCNACELwBSFXyq4qpAw4IARUAAIhCGAFwAcABBg==&rs=AOn4CLA2aWQkRNXcdjnSNzj_y18yFepnQQ,Sergio Oliveira,external-reference,embed_link_and_summarize_only
qVRL42z7G_k,https://www.youtube.com/watch?v=qVRL42z7G_k,Up! Connect 2018. Un buen urbano con precio no tan bueno.,669.0,,videos,https://i.ytimg.com/vi/qVRL42z7G_k/hqdefault.jpg?sqp=-oaymwEcCNACELwBSFXyq4qpAw4IARUAAIhCGAFwAcABBg==&rs=AOn4CLBNveUUGMablT54JfzZSKX6m0SehQ,Sergio Oliveira,external-reference,embed_link_and_summarize_only
SN3SdGwIcvo,https://www.youtube.com/watch?v=SN3SdGwIcvo,Chevrolet Traverse 2018. Mejores mucho. ¿Será suficiente?,391.0,,videos,https://i.ytimg.com/vi/SN3SdGwIcvo/hqdefault.jpg?sqp=-oaymwEcCNACELwBSFXyq4qpAw4IARUAAIhCGAFwAcABBg==&rs=AOn4CLCyRRElPpfFk7xRZibAXB6fsf7Zyg,Sergio Oliveira,external-reference,embed_link_and_summarize_only
53wwg3rdULU,https://www.youtube.com/watch?v=53wwg3rdULU,"Charla con Héctor Ocampo. El ""Primo"" habla de muchas cosas. Incluso de autos.",1801.0,,videos,https://i.ytimg.com/vi/53wwg3rdULU/hqdefault.jpg?sqp=-oaymwEcCNACELwBSFXyq4qpAw4IARUAAIhCGAFwAcABBg==&rs=AOn4CLDTatZOX1Pifhd__bs4U-PmRbcCAg,Sergio Oliveira,external-reference,embed_link_and_summarize_only
htFh-aKMI0k,https://www.youtube.com/watch?v=htFh-aKMI0k,Seat Ibiza 2018,694.0,,videos,https://i.ytimg.com/vi/htFh-aKMI0k/hqdefault.jpg?sqp=-oaymwEcCNACELwBSFXyq4qpAw4IARUAAIhCGAFwAcABBg==&rs=AOn4CLCAK0bRFi26VRfRIzun_WOiBtJZKg,Sergio Oliveira,external-reference,embed_link_and_summarize_only
sSSwK0ib0wk,https://www.youtube.com/watch?v=sSSwK0ib0wk,Ford F250 SD 2018. La mejor de las camionetas de peso pesado.,609.0,,videos,https://i.ytimg.com/vi/sSSwK0ib0wk/hqdefault.jpg?sqp=-oaymwEcCNACELwBSFXyq4qpAw4IARUAAIhCGAFwAcABBg==&rs=AOn4CLD_JbZd6WJnoIr9kqlsSUMLj2HegA,Sergio Oliveira,external-reference,embed_link_and_summarize_only
1CpApczvODo,https://www.youtube.com/watch?v=1CpApczvODo,Ford Mustang GT 2017. La generación que cambió al Mustang.,927.0,,videos,https://i.ytimg.com/vi/1CpApczvODo/hqdefault.jpg?sqp=-oaymwEcCNACELwBSFXyq4qpAw4IARUAAIhCGAFwAcABBg==&rs=AOn4CLAb6UG5_JBBe72MgTkHkP-LvqjmhQ,Sergio Oliveira,external-reference,embed_link_and_summarize_only
E54RTR2pbZU,https://www.youtube.com/watch?v=E54RTR2pbZU,"Range Rover Sport. Lujo, potencia, acabados. Hasta huele rico.",1023.0,,videos,https://i.ytimg.com/vi/E54RTR2pbZU/hqdefault.jpg?sqp=-oaymwEcCNACELwBSFXyq4qpAw4IARUAAIhCGAFwAcABBg==&rs=AOn4CLDGoTVCifLh5w0f8TxaiIHxvhPyGw,Sergio Oliveira,external-reference,embed_link_and_summarize_only
lmKG67p_LKw,https://www.youtube.com/watch?v=lmKG67p_LKw,"Pequeña charla con Gabriel Salazar. La cochera se puso más ""dinámica""",1358.0,,videos,https://i.ytimg.com/vi/lmKG67p_LKw/hqdefault.jpg?sqp=-oaymwEcCNACELwBSFXyq4qpAw4IARUAAIhCGAFwAcABBg==&rs=AOn4CLDIurIItwzJJ0D8gkmFaIVyeBS-dg,Sergio Oliveira,external-reference,embed_link_and_summarize_only
dn5VQ79_N84,https://www.youtube.com/watch?v=dn5VQ79_N84,"Hyundai Accent 2018. Buena opción en la base y en el tope, no en la mitad.",695.0,,videos,https://i.ytimg.com/vi/dn5VQ79_N84/hqdefault.jpg?sqp=-oaymwEcCNACELwBSFXyq4qpAw4IARUAAIhCGAFwAcABBg==&rs=AOn4CLDmP4fy4lKNpkbtOYSVn3ieNrHK7A,Sergio Oliveira,external-reference,embed_link_and_summarize_only
Q1bXw6aWkDk,https://www.youtube.com/watch?v=Q1bXw6aWkDk,Honda Odyssey Touring 2018. ¿Recupera el trono de mejor minivan?,1229.0,,videos,https://i.ytimg.com/vi/Q1bXw6aWkDk/hqdefault.jpg?sqp=-oaymwE2CNACELwBSFXyq4qpAygIARUAAIhCGAFwAcABBvABAfgB_gmAAtAFigIMCAAQARhlIGUoZTAP&rs=AOn4CLBtV3ugVpsnFfVvpstasEVqDvwzkw,Sergio Oliveira,external-reference,embed_link_and_summarize_only
9SShAlV5hUc,https://www.youtube.com/watch?v=9SShAlV5hUc,7 de agosto de 2017,463.0,,videos,https://i.ytimg.com/vi/9SShAlV5hUc/hqdefault.jpg?sqp=-oaymwE2CNACELwBSFXyq4qpAygIARUAAIhCGAFwAcABBvABAfgB_gmAAtAFigIMCAAQARhlIGUoZTAP&rs=AOn4CLCBVwBuy-BvwQ_M_OAJUIH_DaGgBg,Sergio Oliveira,external-reference,embed_link_and_summarize_only
tmQ9HF4DnN8,https://www.youtube.com/watch?v=tmQ9HF4DnN8,Jeep Compass 2018. Reivindica el nombre Compass ¿Pero tiene con qué luchar?,1184.0,,videos,https://i.ytimg.com/vi/tmQ9HF4DnN8/hqdefault.jpg?sqp=-oaymwE2CNACELwBSFXyq4qpAygIARUAAIhCGAFwAcABBvABAfgB_gmAAtAFigIMCAAQARhlIGUoZTAP&rs=AOn4CLDlwgUwS4mgyv2AtUzH8snEYxsDDw,Sergio Oliveira,external-reference,embed_link_and_summarize_only
imAtnyWOzjQ,https://www.youtube.com/watch?v=imAtnyWOzjQ,Renault Koleos Iconic 2018. La opción sofisticada.,953.0,,videos,https://i.ytimg.com/vi/imAtnyWOzjQ/hqdefault.jpg?sqp=-oaymwE2CNACELwBSFXyq4qpAygIARUAAIhCGAFwAcABBvABAfgB_gmAAtAFigIMCAAQARhZIFkoWTAP&rs=AOn4CLCM9X9TYDmWsOEjPiJCNKEPf1J9QQ,Sergio Oliveira,external-reference,embed_link_and_summarize_only
XUgjrZdcXXs,https://www.youtube.com/watch?v=XUgjrZdcXXs,Chevrolet Bolt. Video con audio mejorado.,1536.0,,videos,https://i.ytimg.com/vi/XUgjrZdcXXs/hqdefault.jpg?sqp=-oaymwE2CNACELwBSFXyq4qpAygIARUAAIhCGAFwAcABBvABAfgB_gmAAtAFigIMCAAQARhQIFkoZTAP&rs=AOn4CLDxRiXxD61WEoTzFOMtHaAJrUwgBQ,Sergio Oliveira,external-reference,embed_link_and_summarize_only
Q6fnYdICjRc,https://www.youtube.com/watch?v=Q6fnYdICjRc,Chevrolet Bolt EV 2018. La mejor alternativa a un Tesla.,1536.0,,videos,https://i.ytimg.com/vi/Q6fnYdICjRc/hqdefault.jpg?sqp=-oaymwE2CNACELwBSFXyq4qpAygIARUAAIhCGAFwAcABBvABAfgB_gmAAtAFigIMCAAQARg6IFsocjAP&rs=AOn4CLCgF7EQSjehDvbL_F7P-fPbvPdskA,Sergio Oliveira,external-reference,embed_link_and_summarize_only
0quk2v4JBB4,https://www.youtube.com/watch?v=0quk2v4JBB4,Kia Stinger. Video con audio mejorado,1670.0,,videos,https://i.ytimg.com/vi/0quk2v4JBB4/hqdefault.jpg?sqp=-oaymwE2CNACELwBSFXyq4qpAygIARUAAIhCGAFwAcABBvABAfgB_gmAAtAFigIMCAAQARhlIFIoRzAP&rs=AOn4CLCFiATPCNQMq620POFxzvlW6NnFMg,Sergio Oliveira,external-reference,embed_link_and_summarize_only
SEs5TKl5TtI,https://www.youtube.com/watch?v=SEs5TKl5TtI,Suzuki Swift BoosterJet 2018.  Subcompacto con espíritu deportivo,696.0,,videos,https://i.ytimg.com/vi/SEs5TKl5TtI/hqdefault.jpg?sqp=-oaymwE2CNACELwBSFXyq4qpAygIARUAAIhCGAFwAcABBvABAfgB_gmAAtAFigIMCAAQARhmIGYoZjAP&rs=AOn4CLAvuhmmSJz8aHCgASjDtR6F_FI2LQ,Sergio Oliveira,external-reference,embed_link_and_summarize_only
Zk4DDq2yvFE,https://www.youtube.com/watch?v=Zk4DDq2yvFE,Kia Stinger 2018. Un deportivo coreano compite contra los premium.,1670.0,,videos,https://i.ytimg.com/vi/Zk4DDq2yvFE/hqdefault.jpg?sqp=-oaymwE2CNACELwBSFXyq4qpAygIARUAAIhCGAFwAcABBvABAfgB_gmAAtAFigIMCAAQARhsIGwobDAP&rs=AOn4CLBS3-GtS78HAyvH4Ga8RQukv25urA,Sergio Oliveira,external-reference,embed_link_and_summarize_only
YK8CkGX64JQ,https://www.youtube.com/watch?v=YK8CkGX64JQ,Tiguan Highline 2018. Video con mejor volumen.,1024.0,,videos,https://i.ytimg.com/vi/YK8CkGX64JQ/hqdefault.jpg?sqp=-oaymwE2CNACELwBSFXyq4qpAygIARUAAIhCGAFwAcABBvABAfgB_gmAAtAFigIMCAAQARhlIF0oVTAP&rs=AOn4CLD73xqeag_8r3fkgCVeZxpraGILMg,Sergio Oliveira,external-reference,embed_link_and_summarize_only
TwGXZ9Fq8Hs,https://www.youtube.com/watch?v=TwGXZ9Fq8Hs,VW Tiguan Highline 2018. ¿La más equipada es la mejor?,1024.0,,videos,https://i.ytimg.com/vi/TwGXZ9Fq8Hs/hqdefault.jpg?sqp=-oaymwE2CNACELwBSFXyq4qpAygIARUAAIhCGAFwAcABBvABAfgB_gmAAtAFigIMCAAQARhlIFwoUzAP&rs=AOn4CLAT5r_HeRko7a3_izvCBAFWEcugww,Sergio Oliveira,external-reference,embed_link_and_summarize_only
h7l1yS_ucx4,https://www.youtube.com/watch?v=h7l1yS_ucx4,Chevrolet Beat 2018. Un ejemplo de por qué recomiendo pocos GM,726.0,,videos,https://i.ytimg.com/vi/h7l1yS_ucx4/hqdefault.jpg?sqp=-oaymwE2CNACELwBSFXyq4qpAygIARUAAIhCGAFwAcABBvABAfgB_gmAAtAFigIMCAAQARhlIGMoVzAP&rs=AOn4CLDw3mpNoT09Lz6fsxnSH62lHh1irQ,Sergio Oliveira,external-reference,embed_link_and_summarize_only
mj7fDfSQPtA,https://www.youtube.com/watch?v=mj7fDfSQPtA,Nissan Nismo en México. ¿Qué tan deportivos son los Nismo en suelo mexicano?,289.0,,videos,https://i.ytimg.com/vi/mj7fDfSQPtA/hqdefault.jpg?sqp=-oaymwE2CNACELwBSFXyq4qpAygIARUAAIhCGAFwAcABBvABAfgB_gmAAtAFigIMCAAQARhlIF4oUjAP&rs=AOn4CLAMe9W0mb188qFHQGtpt82W779F6g,Sergio Oliveira,external-reference,embed_link_and_summarize_only
RwKPy102Xqs,https://www.youtube.com/watch?v=RwKPy102Xqs,"Suzuki Ignis GLX. ¿Hatchback, ""nano SUV"" o solo un auto urbano?",866.0,,videos,https://i.ytimg.com/vi/RwKPy102Xqs/hqdefault.jpg?sqp=-oaymwE2CNACELwBSFXyq4qpAygIARUAAIhCGAFwAcABBvABAfgB_gmAAtAFigIMCAAQARh_IDkoLzAP&rs=AOn4CLAT00GY8BsW1f3YBL2A6kjD1JliYg,Sergio Oliveira,external-reference,embed_link_and_summarize_only
V2hXRcBM2lk,https://www.youtube.com/watch?v=V2hXRcBM2lk,Ram Sport Black Package 2018. Mucho valor por tu dinero.,660.0,,videos,https://i.ytimg.com/vi/V2hXRcBM2lk/hqdefault.jpg?sqp=-oaymwE2CNACELwBSFXyq4qpAygIARUAAIhCGAFwAcABBvABAfgB_gmAAtAFigIMCAAQARhlIGUoZTAP&rs=AOn4CLCT8V08njviriicXsWkq2DVAG60hg,Sergio Oliveira,external-reference,embed_link_and_summarize_only
pBxpFWBAA4s,https://www.youtube.com/watch?v=pBxpFWBAA4s,Seminuevo del día. Hyundai Santa Fe 2016,500.0,,videos,https://i.ytimg.com/vi/pBxpFWBAA4s/hqdefault.jpg?sqp=-oaymwE2CNACELwBSFXyq4qpAygIARUAAIhCGAFwAcABBvABAfgB_gmAAtAFigIMCAAQARhlIF8oVzAP&rs=AOn4CLAUjnfQ7pRyhm4DBvW4ujwG7BEx1w,Sergio Oliveira,external-reference,embed_link_and_summarize_only
c6lV2K20_vg,https://www.youtube.com/watch?v=c6lV2K20_vg,Seat León Cupra 2017.  Velocidad a precio de ganga,951.0,,videos,https://i.ytimg.com/vi/c6lV2K20_vg/hqdefault.jpg?sqp=-oaymwE2CNACELwBSFXyq4qpAygIARUAAIhCGAFwAcABBvABAfgB_gmAAtAFigIMCAAQARhlIGUoZTAP&rs=AOn4CLBuNI_uCMb7v0pgErYdWZERD8fkow,Sergio Oliveira,external-reference,embed_link_and_summarize_only
jXTOz5EjmBo,https://www.youtube.com/watch?v=jXTOz5EjmBo,Porsche 718 Boxster S. Lo más divertido de hacer con la ropa puesta,894.0,,videos,https://i.ytimg.com/vi/jXTOz5EjmBo/hqdefault.jpg?sqp=-oaymwE2CNACELwBSFXyq4qpAygIARUAAIhCGAFwAcABBvABAfgB1AaAAuADigIMCAAQARhdIF0oXTAP&rs=AOn4CLDgktbhR0RfwWsS7fEFKBBu_BihWg,Sergio Oliveira,external-reference,embed_link_and_summarize_only
5wDlX97nxTQ,https://www.youtube.com/watch?v=5wDlX97nxTQ,Jeep Wrangler Recon 2017. Edición de despedida de un guerrero.,839.0,,videos,https://i.ytimg.com/vi/5wDlX97nxTQ/hqdefault.jpg?sqp=-oaymwE2CNACELwBSFXyq4qpAygIARUAAIhCGAFwAcABBvABAfgB_gmAAtAFigIMCAAQARhjIGMoYzAP&rs=AOn4CLDPY5oRsqn9A69k3ucuei9T8W5z6g,Sergio Oliveira,external-reference,embed_link_and_summarize_only
5awhanYKAdo,https://www.youtube.com/watch?v=5awhanYKAdo,"Chevrolet Cavalier 2018. ¿Debería regresar? Hoy, 8 PM los espero en vivo",32.0,,videos,https://i.ytimg.com/vi/5awhanYKAdo/hqdefault.jpg?sqp=-oaymwE2CNACELwBSFXyq4qpAygIARUAAIhCGAFwAcABBvABAfgB_gmAAtAFigIMCAAQARhlIE4oUzAP&rs=AOn4CLArr3VITb8aqKl9iPmzeSEEYJwMxQ,Sergio Oliveira,external-reference,embed_link_and_summarize_only
2dj6xiyMyXY,https://www.youtube.com/watch?v=2dj6xiyMyXY,Ford Fusion Sport - La importancia del manejo en el consumo de un auto.,656.0,,videos,https://i.ytimg.com/vi/2dj6xiyMyXY/hqdefault.jpg?sqp=-oaymwE2CNACELwBSFXyq4qpAygIARUAAIhCGAFwAcABBvABAfgB_gmAAtAFigIMCAAQARhlIFIoVjAP&rs=AOn4CLCpC1Vb8ZgAmh4EQ2b9-fcu2yNGWw,Sergio Oliveira,external-reference,embed_link_and_summarize_only
F08gfFafawE,https://www.youtube.com/watch?v=F08gfFafawE,Audi Q3 2014 seminuevo. Cuando un Premium vale la pena.,455.0,,videos,https://i.ytimg.com/vi/F08gfFafawE/hqdefault.jpg?sqp=-oaymwE2CNACELwBSFXyq4qpAygIARUAAIhCGAFwAcABBvABAfgB_gmAAtAFigIMCAAQARhYIGUoSzAP&rs=AOn4CLDZsodOzkv8UETiKmnuNiFRckBSvg,Sergio Oliveira,external-reference,embed_link_and_summarize_only
WtzL7epkOaQ,https://www.youtube.com/watch?v=WtzL7epkOaQ,WIFI OnStar. Qué tan rápido es el WiFi ofrecido por OnStar en México.,190.0,,videos,https://i.ytimg.com/vi/WtzL7epkOaQ/hqdefault.jpg?sqp=-oaymwE2CNACELwBSFXyq4qpAygIARUAAIhCGAFwAcABBvABAfgB_gmAAtAFigIMCAAQARhyIFMoQzAP&rs=AOn4CLAUi44qbLH0Z_E0lDGAOJQgzj1pjw,Sergio Oliveira,external-reference,embed_link_and_summarize_only
kDoyJZjOx0A,https://www.youtube.com/watch?v=kDoyJZjOx0A,Chevrolet Equinox 2018. ¿Renovada lo suficiente para encarar a las líderes?,939.0,,videos,https://i.ytimg.com/vi/kDoyJZjOx0A/hqdefault.jpg?sqp=-oaymwE2CNACELwBSFXyq4qpAygIARUAAIhCGAFwAcABBvABAfgB_gmAAtAFigIMCAAQARhpIGkoaTAP&rs=AOn4CLAifx-A9gUQeYdfouxOwknRSr-MhA,Sergio Oliveira,external-reference,embed_link_and_summarize_only
gYMfyeMVO9Y,https://www.youtube.com/watch?v=gYMfyeMVO9Y,Audi TTRS 2018. El primer TT que disfrutarán los entusiastas,1115.0,,videos,https://i.ytimg.com/vi/gYMfyeMVO9Y/hqdefault.jpg?sqp=-oaymwE2CNACELwBSFXyq4qpAygIARUAAIhCGAFwAcABBvABAfgB_gmAAtAFigIMCAAQARhlIFwoUjAP&rs=AOn4CLDjHLJ9litMoreXh1EAoSFWyVrozA,Sergio Oliveira,external-reference,embed_link_and_summarize_only
-9NhFyzeYwU,https://www.youtube.com/watch?v=-9NhFyzeYwU,Lincoln Continental 2018. La grandeza americana está de regreso.,1167.0,,videos,https://i.ytimg.com/vi/-9NhFyzeYwU/hqdefault.jpg?sqp=-oaymwEcCNACELwBSFXyq4qpAw4IARUAAIhCGAFwAcABBg==&rs=AOn4CLB_3_vsu48aJ-PTGUXZKYgdzuhuMw,Sergio Oliveira,external-reference,embed_link_and_summarize_only
sK0KnJ4_gOI,https://www.youtube.com/watch?v=sK0KnJ4_gOI,Nissan XTrail 2018. ¿Cambió lo suficiente para mantener el liderazgo?,620.0,,videos,https://i.ytimg.com/vi/sK0KnJ4_gOI/hqdefault.jpg?sqp=-oaymwE2CNACELwBSFXyq4qpAygIARUAAIhCGAFwAcABBvABAfgB_gmAAtAFigIMCAAQARhlIGUoZTAP&rs=AOn4CLCeKIN_naqq4uwj_dx7A35eGRGArw,Sergio Oliveira,external-reference,embed_link_and_summarize_only
73yoqNSgQiA,https://www.youtube.com/watch?v=73yoqNSgQiA,Audi Q5 2018 - Una SUV Premium hecha en México,718.0,,videos,https://i.ytimg.com/vi/73yoqNSgQiA/hqdefault.jpg?sqp=-oaymwE2CNACELwBSFXyq4qpAygIARUAAIhCGAFwAcABBvABAfgB_gmAAtAFigIMCAAQARhgIGAoYDAP&rs=AOn4CLD8CSBVaFiOE8Wt40Leg5iikSxiDw,Sergio Oliveira,external-reference,embed_link_and_summarize_only
RDl86wGUjyU,https://www.youtube.com/watch?v=RDl86wGUjyU,Ford Fusion SE 2014. El seminuevo del día.,434.0,,videos,https://i.ytimg.com/vi/RDl86wGUjyU/hqdefault.jpg?sqp=-oaymwE2CNACELwBSFXyq4qpAygIARUAAIhCGAFwAcABBvABAfgB_gmAAtAFigIMCAAQARhlIGUoZTAP&rs=AOn4CLAqENJj0XhxjkgJXG_cBmrIsS-CZw,Sergio Oliveira,external-reference,embed_link_and_summarize_only
Wl70xFxIMV0,https://www.youtube.com/watch?v=Wl70xFxIMV0,Nissan Kicks. Convivencia con el crossover de Nissan,452.0,,videos,https://i.ytimg.com/vi/Wl70xFxIMV0/hqdefault.jpg?sqp=-oaymwE2CNACELwBSFXyq4qpAygIARUAAIhCGAFwAcABBvABAfgB_gmAAtAFigIMCAAQARhbIFsoWzAP&rs=AOn4CLBnFxIdp0uz4aoh9OxTaiGuLPSCzQ,Sergio Oliveira,external-reference,embed_link_and_summarize_only
Gj8y4NMtTy0,https://www.youtube.com/watch?v=Gj8y4NMtTy0,Volvo S60 Polestar 2017- No solo de seguridad vive Volvo.,800.0,,videos,https://i.ytimg.com/vi/Gj8y4NMtTy0/hqdefault.jpg?sqp=-oaymwE2CNACELwBSFXyq4qpAygIARUAAIhCGAFwAcABBvABAfgB_gmAAtAFigIMCAAQARhhIGEoYTAP&rs=AOn4CLDVqPzHGBpPIyxh-CmeoUCPlensLg,Sergio Oliveira,external-reference,embed_link_and_summarize_only
p3KTt7icX9I,https://www.youtube.com/watch?v=p3KTt7icX9I,Escape Titanium 2016. La SUV seminueva de mejor manejo.,492.0,,videos,https://i.ytimg.com/vi/p3KTt7icX9I/hqdefault.jpg?sqp=-oaymwE2CNACELwBSFXyq4qpAygIARUAAIhCGAFwAcABBvABAfgB_gmAAtAFigIMCAAQARhdIF0oXTAP&rs=AOn4CLCYmLjrIec-BZ-n2aCLEQgVupkaug,Sergio Oliveira,external-reference,embed_link_and_summarize_only
Z9gGyMKIJDU,https://www.youtube.com/watch?v=Z9gGyMKIJDU,VW Tiguan 2018. ¿Alemania vuelve a ser la mejor?,937.0,,videos,https://i.ytimg.com/vi/Z9gGyMKIJDU/hqdefault.jpg?sqp=-oaymwE2CNACELwBSFXyq4qpAygIARUAAIhCGAFwAcABBvABAfgB_gmAAtAFigIMCAAQARhhIGEoYTAP&rs=AOn4CLBQiCBNhChLYF3b04-B_LdK8rlLrg,Sergio Oliveira,external-reference,embed_link_and_summarize_only
o8sIeFfyVeA,https://www.youtube.com/watch?v=o8sIeFfyVeA,Peugeot 3008 modelo 2018. ¿Es realmente mejor que su antecesora?,1466.0,,videos,https://i.ytimg.com/vi/o8sIeFfyVeA/hqdefault.jpg?sqp=-oaymwE2CNACELwBSFXyq4qpAygIARUAAIhCGAFwAcABBvABAfgB_gmAAtAFigIMCAAQARhHIEwocjAP&rs=AOn4CLCwwg61gA6Lc8vvZXEYLulOEvhaeQ,Sergio Oliveira,external-reference,embed_link_and_summarize_only
RFCwyylAa6c,https://www.youtube.com/watch?v=RFCwyylAa6c,Highlander 2017 - ¿La mejor con 3 filas de asientos?,627.0,,videos,https://i.ytimg.com/vi/RFCwyylAa6c/hqdefault.jpg?sqp=-oaymwE2CNACELwBSFXyq4qpAygIARUAAIhCGAFwAcABBvABAfgB_gmAAtAFigIMCAAQARhaIFooWjAP&rs=AOn4CLBzNjNolIpdrZ0qzKbBSCQqjjDeKw,Sergio Oliveira,external-reference,embed_link_and_summarize_only
amQ6ggf-cMg,https://www.youtube.com/watch?v=amQ6ggf-cMg,Peugeot 3008 modelo 2018. La más premium fuera de lo premium.,809.0,,videos,https://i.ytimg.com/vi/amQ6ggf-cMg/hqdefault.jpg?sqp=-oaymwE2CNACELwBSFXyq4qpAygIARUAAIhCGAFwAcABBvABAfgB_gmAAtAFigIMCAAQARhJIFMoZTAP&rs=AOn4CLBrfbpC4mItkZ3kOJe6LEay8oHHvw,Sergio Oliveira,external-reference,embed_link_and_summarize_only
upO99gKNjwA,https://www.youtube.com/watch?v=upO99gKNjwA,Range Rover Evoque - ¿Algo más allá de la belleza?,821.0,,videos,https://i.ytimg.com/vi/upO99gKNjwA/hqdefault.jpg?sqp=-oaymwE2CNACELwBSFXyq4qpAygIARUAAIhCGAFwAcABBvABAfgB_gmAAtAFigIMCAAQARhlIGUoZTAP&rs=AOn4CLCq0jHWSGarFKUgs5YX4YIKfbCDxQ,Sergio Oliveira,external-reference,embed_link_and_summarize_only
t-9rTYzDzVg,https://www.youtube.com/watch?v=t-9rTYzDzVg,"Honda WR V 2018 - Para América Latina, es mejor que el Fit.",523.0,,videos,https://i.ytimg.com/vi/t-9rTYzDzVg/hqdefault.jpg?sqp=-oaymwE2CNACELwBSFXyq4qpAygIARUAAIhCGAFwAcABBvABAfgB_gmAAtAFigIMCAAQARhlIGUoZTAP&rs=AOn4CLD9pQ_oNoly6OdF8rXdweHpSIpmAQ,Sergio Oliveira,external-reference,embed_link_and_summarize_only
S8pUFM46NEU,https://www.youtube.com/watch?v=S8pUFM46NEU,FIAT ARGO 2018 - La modernidad que dejó atrás al Palio.,394.0,,videos,https://i.ytimg.com/vi/S8pUFM46NEU/hqdefault.jpg?sqp=-oaymwE2CNACELwBSFXyq4qpAygIARUAAIhCGAFwAcABBvABAfgB_gmAAtAFigIMCAAQARhhIGEoYTAP&rs=AOn4CLBbL5Q-J4myZ6xN0PFF3e4o_TupPw,Sergio Oliveira,external-reference,embed_link_and_summarize_only
jz4KbL8T3Xs,https://www.youtube.com/watch?v=jz4KbL8T3Xs,Seminuevo del día. MINI Cooper S Chili 2015. ¿Es bueno un MINI usado? compacto noticias,644.0,,videos,https://i.ytimg.com/vi/jz4KbL8T3Xs/hqdefault.jpg?sqp=-oaymwEcCNACELwBSFXyq4qpAw4IARUAAIhCGAFwAcABBg==&rs=AOn4CLB4bQnT5-ETsRCqgieAPwj6TrsdIw,Sergio Oliveira,external-reference,embed_link_and_summarize_only
GjrThJC5Ybo,https://www.youtube.com/watch?v=GjrThJC5Ybo,Todo lo que siempre quisiste saber sobre las garantias de los autos.,1606.0,,videos,https://i.ytimg.com/vi/GjrThJC5Ybo/hqdefault.jpg?sqp=-oaymwEcCNACELwBSFXyq4qpAw4IARUAAIhCGAFwAcABBg==&rs=AOn4CLBQ_KFrppxPSVLfy2cvaJpJyMZ_6Q,Sergio Oliveira,external-reference,embed_link_and_summarize_only
S7hu8YX4Hxk,https://www.youtube.com/watch?v=S7hu8YX4Hxk,Peugeot 301 HDI 2018. ¿La mejor opción para Uber?,901.0,,videos,https://i.ytimg.com/vi/S7hu8YX4Hxk/hqdefault.jpg?sqp=-oaymwEcCNACELwBSFXyq4qpAw4IARUAAIhCGAFwAcABBg==&rs=AOn4CLDG_-4Ty-EDmIbVyIfLs6dT5n8dNQ,Sergio Oliveira,external-reference,embed_link_and_summarize_only
ncda57NYwr0,https://www.youtube.com/watch?v=ncda57NYwr0,Seminuevo del dia  Dodge Ram 700  Chica de 4 puertas y capaz en todo terreno,369.0,,videos,https://i.ytimg.com/vi/ncda57NYwr0/hqdefault.jpg?sqp=-oaymwEcCNACELwBSFXyq4qpAw4IARUAAIhCGAFwAcABBg==&rs=AOn4CLDNwNADir9sosmb8w0sAfA2aCSAIQ,Sergio Oliveira,external-reference,embed_link_and_summarize_only
yAR5rD6iNPY,https://www.youtube.com/watch?v=yAR5rD6iNPY,El seminuevo del día. VW Passat 5 cilindros 2014.,609.0,,videos,https://i.ytimg.com/vi/yAR5rD6iNPY/hqdefault.jpg?sqp=-oaymwEcCNACELwBSFXyq4qpAw4IARUAAIhCGAFwAcABBg==&rs=AOn4CLAAXdCQW0j9ddPvUnD0q0wTpjUjQg,Sergio Oliveira,external-reference,embed_link_and_summarize_only
DeWjPqMGu6E,https://www.youtube.com/watch?v=DeWjPqMGu6E,Ford Edge Titanium EcoBoost 2017 ¿Mejor que la V6?,864.0,,videos,https://i.ytimg.com/vi/DeWjPqMGu6E/hqdefault.jpg?sqp=-oaymwEcCNACELwBSFXyq4qpAw4IARUAAIhCGAFwAcABBg==&rs=AOn4CLDEtiJ3alyhXGXrMnoZzqdlL2Ildw,Sergio Oliveira,external-reference,embed_link_and_summarize_only
lcFZTfhQglg,https://www.youtube.com/watch?v=lcFZTfhQglg,VW Tiguan 2016  Seminuevo del dia  La ultima Tiguan alemana en Mexico,460.0,,videos,https://i.ytimg.com/vi/lcFZTfhQglg/hqdefault.jpg?sqp=-oaymwEcCNACELwBSFXyq4qpAw4IARUAAIhCGAFwAcABBg==&rs=AOn4CLAGuNOx4QG-Q0guXIfeSHpF_QFyEQ,Sergio Oliveira,external-reference,embed_link_and_summarize_only
NUVe4Wllxes,https://www.youtube.com/watch?v=NUVe4Wllxes,VW Crossgolf 2017. ¿Mejor que una SUV?,768.0,,videos,https://i.ytimg.com/vi/NUVe4Wllxes/hqdefault.jpg?sqp=-oaymwEcCNACELwBSFXyq4qpAw4IARUAAIhCGAFwAcABBg==&rs=AOn4CLD6dW996B4G07-VkrO-RoLUFMUGYA,Sergio Oliveira,external-reference,embed_link_and_summarize_only
essOL391dR4,https://www.youtube.com/watch?v=essOL391dR4,Anuncio charla en vivo,47.0,,videos,https://i.ytimg.com/vi/essOL391dR4/hqdefault.jpg?sqp=-oaymwEcCNACELwBSFXyq4qpAw4IARUAAIhCGAFwAcABBg==&rs=AOn4CLB2tCepMaoHH986R0HCyDpWB6lo0Q,Sergio Oliveira,external-reference,embed_link_and_summarize_only
w_n_MnjhOd0,https://www.youtube.com/watch?v=w_n_MnjhOd0,Kia Rio EX 2018. ¿Aún vale la pena el compacto de Kia?,779.0,,videos,https://i.ytimg.com/vi/w_n_MnjhOd0/hqdefault.jpg?sqp=-oaymwEcCNACELwBSFXyq4qpAw4IARUAAIhCGAFwAcABBg==&rs=AOn4CLC11H0kQAKymy4_UNYQtXxfwjWDYQ,Sergio Oliveira,external-reference,embed_link_and_summarize_only
2JaxxTeVPx0,https://www.youtube.com/watch?v=2JaxxTeVPx0,Corolla SE Plus 2017 | Review - Sergio Oliveira,526.0,,videos,https://i.ytimg.com/vi/2JaxxTeVPx0/hqdefault.jpg?sqp=-oaymwEcCNACELwBSFXyq4qpAw4IARUAAIhCGAFwAcABBg==&rs=AOn4CLCEBiqaW1MEvsxy6gnv_9KZPucBmw,Sergio Oliveira,external-reference,embed_link_and_summarize_only
dv36mP4j6QI,https://www.youtube.com/watch?v=dv36mP4j6QI,Seat León FR SC 1.8 | Por qué es el León más recomendable.,824.0,,videos,https://i.ytimg.com/vi/dv36mP4j6QI/hqdefault.jpg?sqp=-oaymwEcCNACELwBSFXyq4qpAw4IARUAAIhCGAFwAcABBg==&rs=AOn4CLAyl6-YpgPIuUyFFJOpNBEZi1Qx5A,Sergio Oliveira,external-reference,embed_link_and_summarize_only
lbPhlCuDT9E,https://www.youtube.com/watch?v=lbPhlCuDT9E,Jeep Renegade Sport 2017. ¿Vale la pena la Jeep más chica?,809.0,,videos,https://i.ytimg.com/vi/lbPhlCuDT9E/hqdefault.jpg?sqp=-oaymwEcCNACELwBSFXyq4qpAw4IARUAAIhCGAFwAcABBg==&rs=AOn4CLDMC35680SvS0tEiRwNPxaW6Dtnpw,Sergio Oliveira,external-reference,embed_link_and_summarize_only
tt_CdR6C-Ek,https://www.youtube.com/watch?v=tt_CdR6C-Ek,Jeep Renegade 2017 | Prueba de frenado,141.0,,videos,https://i.ytimg.com/vi/tt_CdR6C-Ek/hqdefault.jpg?sqp=-oaymwEcCNACELwBSFXyq4qpAw4IARUAAIhCGAFwAcABBg==&rs=AOn4CLC541vhKXmDsxtKCLofxZlx_b2jGw,Sergio Oliveira,external-reference,embed_link_and_summarize_only
3do4nOJ-55g,https://www.youtube.com/watch?v=3do4nOJ-55g,El seminuevo del día. Ford Ranger XLT 2015.,503.0,,videos,https://i.ytimg.com/vi/3do4nOJ-55g/hqdefault.jpg?sqp=-oaymwEcCNACELwBSFXyq4qpAw4IARUAAIhCGAFwAcABBg==&rs=AOn4CLCoe1bZesPkRPx6iUMNXhV3dwLmmw,Sergio Oliveira,external-reference,embed_link_and_summarize_only
Klfclzx4UyM,https://www.youtube.com/watch?v=Klfclzx4UyM,Conviviendo con el Kia Soul Turbo 2017,648.0,,videos,https://i.ytimg.com/vi/Klfclzx4UyM/hqdefault.jpg?sqp=-oaymwEcCNACELwBSFXyq4qpAw4IARUAAIhCGAFwAcABBg==&rs=AOn4CLAu2RihfPKioxn90UGccTJCsLuiyA,Sergio Oliveira,external-reference,embed_link_and_summarize_only
jBwVRiGGn1Q,https://www.youtube.com/watch?v=jBwVRiGGn1Q,Dodge Vision 2017. La comodidad viene con caja manual,650.0,,videos,https://i.ytimg.com/vi/jBwVRiGGn1Q/hqdefault.jpg?sqp=-oaymwEcCNACELwBSFXyq4qpAw4IARUAAIhCGAFwAcABBg==&rs=AOn4CLCINC6rA3dPbrdaSd3meNX5tWkSPw,Sergio Oliveira,external-reference,embed_link_and_summarize_only
zwh2tpFz9dE,https://www.youtube.com/watch?v=zwh2tpFz9dE,Chevrolet Camaro ZL1  El motor vale su peso en oro.,765.0,,videos,https://i.ytimg.com/vi/zwh2tpFz9dE/hqdefault.jpg?sqp=-oaymwEcCNACELwBSFXyq4qpAw4IARUAAIhCGAFwAcABBg==&rs=AOn4CLDmeRGCbu6K-mrDaVmqAVAGSYJHkw,Sergio Oliveira,external-reference,embed_link_and_summarize_only
O_TGLUTvqJo,https://www.youtube.com/watch?v=O_TGLUTvqJo,¿De cuál auto sale este hermoso sonido?,19.0,,videos,https://i.ytimg.com/vi/O_TGLUTvqJo/hqdefault.jpg?sqp=-oaymwE2CNACELwBSFXyq4qpAygIARUAAIhCGAFwAcABBvABAfgB_gmAAtAFigIMCAAQARhlIF8oVzAP&rs=AOn4CLB0bgEovROHWmH232VterSMHreqKw,Sergio Oliveira,external-reference,embed_link_and_summarize_only
vNrRAskJCRg,https://www.youtube.com/watch?v=vNrRAskJCRg,Renault Captur. La esencia no sigue el buen diseño.,834.0,,videos,https://i.ytimg.com/vi/vNrRAskJCRg/hqdefault.jpg?sqp=-oaymwEcCNACELwBSFXyq4qpAw4IARUAAIhCGAFwAcABBg==&rs=AOn4CLDGE0tB4H-zMJoBoeKNLO5mH8jUTQ,Sergio Oliveira,external-reference,embed_link_and_summarize_only
WX2qvHJo-dY,https://www.youtube.com/watch?v=WX2qvHJo-dY,Ram 700 Adventure. La mas recomendable en su clase,701.0,,videos,https://i.ytimg.com/vi/WX2qvHJo-dY/hqdefault.jpg?sqp=-oaymwEcCNACELwBSFXyq4qpAw4IARUAAIhCGAFwAcABBg==&rs=AOn4CLChtI6TMxkX0wiHmB1tWzRTgqsa3w,Sergio Oliveira,external-reference,embed_link_and_summarize_only
d-mnRPMDCDs,https://www.youtube.com/watch?v=d-mnRPMDCDs,"GMC Acadia 2017. Equipo abundante, con algunos detalles.",938.0,,videos,https://i.ytimg.com/vi/d-mnRPMDCDs/hqdefault.jpg?sqp=-oaymwEcCNACELwBSFXyq4qpAw4IARUAAIhCGAFwAcABBg==&rs=AOn4CLDfo_fLmu8y3_TZq4nnbVlCtE9SMA,Sergio Oliveira,external-reference,embed_link_and_summarize_only
MQHUg1opI90,https://www.youtube.com/watch?v=MQHUg1opI90,Vin Diesel presenta el Dodge Challenger Demon,39.0,,videos,https://i.ytimg.com/vi/MQHUg1opI90/hqdefault.jpg?sqp=-oaymwE2CNACELwBSFXyq4qpAygIARUAAIhCGAFwAcABBvABAfgB_gmAAtAFigIMCAAQARhlIFYoVjAP&rs=AOn4CLCzCuR815hfJf_NeOxtORGuBwMkmw,Sergio Oliveira,external-reference,embed_link_and_summarize_only
7CaJcUzZGos,https://www.youtube.com/watch?v=7CaJcUzZGos,Jeep Grand Cherokee Trackhawk 2018. 707 motivos para hacernos sonreir.,137.0,,videos,https://i.ytimg.com/vi/7CaJcUzZGos/hqdefault.jpg?sqp=-oaymwE2CNACELwBSFXyq4qpAygIARUAAIhCGAFwAcABBvABAfgB_gmAAtAFigIMCAAQARh_IBooNTAP&rs=AOn4CLD2GplYM92vZCd-x2ThCzkHeqVwPA,Sergio Oliveira,external-reference,embed_link_and_summarize_only
Xmue9fu_uUE,https://www.youtube.com/watch?v=Xmue9fu_uUE,Dodge Demon. 840 HP. 1/4 de milla en 9.65 segundos,200.0,,videos,https://i.ytimg.com/vi/Xmue9fu_uUE/hqdefault.jpg?sqp=-oaymwE2CNACELwBSFXyq4qpAygIARUAAIhCGAFwAcABBvABAfgB_gmAAtAFigIMCAAQARhAIFUocjAP&rs=AOn4CLDRr1iP28_2NllIz_hHKoOrB4ioIA,Sergio Oliveira,external-reference,embed_link_and_summarize_only
0OFF2GO7Umk,https://www.youtube.com/watch?v=0OFF2GO7Umk,Mazda CX-5 2018. Para quienes buscan sofisticacion fuera de los Premium,942.0,,videos,https://i.ytimg.com/vi/0OFF2GO7Umk/hqdefault.jpg?sqp=-oaymwEcCNACELwBSFXyq4qpAw4IARUAAIhCGAFwAcABBg==&rs=AOn4CLAUTfo8Mi32176SvrOvz_VrRmwUAA,Sergio Oliveira,external-reference,embed_link_and_summarize_only
3QarCxcQmjw,https://www.youtube.com/watch?v=3QarCxcQmjw,Ford Fusion Sport 2017. El campeón de potencia fuera de los Premium.,714.0,,videos,https://i.ytimg.com/vi/3QarCxcQmjw/hqdefault.jpg?sqp=-oaymwEcCNACELwBSFXyq4qpAw4IARUAAIhCGAFwAcABBg==&rs=AOn4CLDFBFqHARlyptYrcAaU2MRcbV2o3w,Sergio Oliveira,external-reference,embed_link_and_summarize_only
QgTkDyY1u5E,https://www.youtube.com/watch?v=QgTkDyY1u5E,Shelby GT 500 escala 1:8,173.0,,videos,https://i.ytimg.com/vi/QgTkDyY1u5E/hqdefault.jpg?sqp=-oaymwE2CNACELwBSFXyq4qpAygIARUAAIhCGAFwAcABBvABAfgB_gmAAtAFigIMCAAQARhbIFwoZTAP&rs=AOn4CLBo_kjE3l4KFcDWkV-aYLSqweDftg,Sergio Oliveira,external-reference,embed_link_and_summarize_only
rPSH4LdKLj8,https://www.youtube.com/watch?v=rPSH4LdKLj8,El seminuevo del día. Lincoln MKZ 2014. Lujo por un precio razonable.,589.0,,videos,https://i.ytimg.com/vi/rPSH4LdKLj8/hqdefault.jpg?sqp=-oaymwEcCNACELwBSFXyq4qpAw4IARUAAIhCGAFwAcABBg==&rs=AOn4CLAj2XrE5Ew75xfyGOdeqN6gbAgwBg,Sergio Oliveira,external-reference,embed_link_and_summarize_only
cy9EmInjWMQ,https://www.youtube.com/watch?v=cy9EmInjWMQ,Nissan Armada 2017. Peso pesado nipón.,827.0,,videos,https://i.ytimg.com/vi/cy9EmInjWMQ/hqdefault.jpg?sqp=-oaymwEcCNACELwBSFXyq4qpAw4IARUAAIhCGAFwAcABBg==&rs=AOn4CLAUqMeWosEH0Tl-DU29LtOk0et7Qw,Sergio Oliveira,external-reference,embed_link_and_summarize_only
yfxAHRk5MUk,https://www.youtube.com/watch?v=yfxAHRk5MUk,El seminuevo del día. Ford Mustang V6 2015. El último de una era.,608.0,,videos,https://i.ytimg.com/vi/yfxAHRk5MUk/hqdefault.jpg?sqp=-oaymwEcCNACELwBSFXyq4qpAw4IARUAAIhCGAFwAcABBg==&rs=AOn4CLDJTI8IEXBcs4hdecZSuvBTFDqC6Q,Sergio Oliveira,external-reference,embed_link_and_summarize_only
C9Xsg8zO5Y8,https://www.youtube.com/watch?v=C9Xsg8zO5Y8,Mazda CX-5 2018. Mas cerca del premium,610.0,,videos,https://i.ytimg.com/vi/C9Xsg8zO5Y8/hqdefault.jpg?sqp=-oaymwEcCNACELwBSFXyq4qpAw4IARUAAIhCGAFwAcABBg==&rs=AOn4CLCBN-ZMaqIH4nvULzbPzBEd-JLNKQ,Sergio Oliveira,external-reference,embed_link_and_summarize_only
jrSJ5l-N94o,https://www.youtube.com/watch?v=jrSJ5l-N94o,VW Vento Allstar 2017. El lado racional de Volkswagen.,610.0,,videos,https://i.ytimg.com/vi/jrSJ5l-N94o/hqdefault.jpg?sqp=-oaymwEcCNACELwBSFXyq4qpAw4IARUAAIhCGAFwAcABBg==&rs=AOn4CLC5dUzJFngB0kztO4Pcy0Eyw34X-w,Sergio Oliveira,external-reference,embed_link_and_summarize_only
DEAt7Qm8WxQ,https://www.youtube.com/watch?v=DEAt7Qm8WxQ,Alfa Romeo Giulia Ti 2017,980.0,,videos,https://i.ytimg.com/vi/DEAt7Qm8WxQ/hqdefault.jpg?sqp=-oaymwEcCNACELwBSFXyq4qpAw4IARUAAIhCGAFwAcABBg==&rs=AOn4CLDsfjYBpV5GHT2AgTduIigLvSLwnw,Sergio Oliveira,external-reference,embed_link_and_summarize_only
hu-Whi6u5KM,https://www.youtube.com/watch?v=hu-Whi6u5KM,Jaguar XF 2017. Exclusividad y desempeño superiores.,859.0,,videos,https://i.ytimg.com/vi/hu-Whi6u5KM/hqdefault.jpg?sqp=-oaymwEcCNACELwBSFXyq4qpAw4IARUAAIhCGAFwAcABBg==&rs=AOn4CLAb0q2nq_J52uzNIQQtDMUZrZRDdA,Sergio Oliveira,external-reference,embed_link_and_summarize_only
i0WYYM9cjN0,https://www.youtube.com/watch?v=i0WYYM9cjN0,El seminuevo del día - Peugeot 208 GT 2014,427.0,,videos,https://i.ytimg.com/vi/i0WYYM9cjN0/hqdefault.jpg?sqp=-oaymwEcCNACELwBSFXyq4qpAw4IARUAAIhCGAFwAcABBg==&rs=AOn4CLDjS7OmEKxN525M5-h7brMiQb_reg,Sergio Oliveira,external-reference,embed_link_and_summarize_only
GX3422SowCE,https://www.youtube.com/watch?v=GX3422SowCE,Nissan Tsuru Buen Camino 2017.  La despedida de una leyenda mexicana.,785.0,,videos,https://i.ytimg.com/vi/GX3422SowCE/hqdefault.jpg?sqp=-oaymwEcCNACELwBSFXyq4qpAw4IARUAAIhCGAFwAcABBg==&rs=AOn4CLD526YGI5bBEQUMKtDe-tSgSeE9NQ,Sergio Oliveira,external-reference,embed_link_and_summarize_only
5WkW5lrcxfQ,https://www.youtube.com/watch?v=5WkW5lrcxfQ,Jeep Grand Cherokee SRT 2017; Deportivo de altura,908.0,,videos,https://i.ytimg.com/vi/5WkW5lrcxfQ/hqdefault.jpg?sqp=-oaymwEcCNACELwBSFXyq4qpAw4IARUAAIhCGAFwAcABBg==&rs=AOn4CLCYN9N5YyZ5ZwtzH-wUN4t47TDibA,Sergio Oliveira,external-reference,embed_link_and_summarize_only
YLWhctKcKQU,https://www.youtube.com/watch?v=YLWhctKcKQU,Dodge Grand Caravan 2017; Espacio y confort por un costo razonable.,934.0,,videos,https://i.ytimg.com/vi/YLWhctKcKQU/hqdefault.jpg?sqp=-oaymwEcCNACELwBSFXyq4qpAw4IARUAAIhCGAFwAcABBg==&rs=AOn4CLB6ynnNOyUQG8wRmIgiOZicNS2_vQ,Sergio Oliveira,external-reference,embed_link_and_summarize_only
432wjT0frH4,https://www.youtube.com/watch?v=432wjT0frH4,Seat Ateca 2017; El León crossover muestra sus garras.,997.0,,videos,https://i.ytimg.com/vi/432wjT0frH4/hqdefault.jpg?sqp=-oaymwEcCNACELwBSFXyq4qpAw4IARUAAIhCGAFwAcABBg==&rs=AOn4CLD7V30he7yI4W2Jyw9MKMy49UE49A,Sergio Oliveira,external-reference,embed_link_and_summarize_only
Fai2i2aFqQ0,https://www.youtube.com/watch?v=Fai2i2aFqQ0,Todo lo que quieres preguntar a un distribuidor de autos,1919.0,,videos,https://i.ytimg.com/vi/Fai2i2aFqQ0/hqdefault.jpg?sqp=-oaymwE2CNACELwBSFXyq4qpAygIARUAAIhCGAFwAcABBvABAfgB_gmAAtAFigIMCAAQARhlIE8oRDAP&rs=AOn4CLBdAqMI5DdQJWLlTaHMpza2Sqp4qA,Sergio Oliveira,external-reference,embed_link_and_summarize_only
6_dw1bYFpYk,https://www.youtube.com/watch?v=6_dw1bYFpYk,XC 90 Excellence. Business Class sobre ruedas,527.0,,videos,https://i.ytimg.com/vi/6_dw1bYFpYk/hqdefault.jpg?sqp=-oaymwEcCNACELwBSFXyq4qpAw4IARUAAIhCGAFwAcABBg==&rs=AOn4CLAVCUo-JPHl4phzekW-S8XEYCfcqw,Sergio Oliveira,external-reference,embed_link_and_summarize_only
9rVXeFOh3W0,https://www.youtube.com/watch?v=9rVXeFOh3W0,Nueva Honda CR-V 2017; La mejor en su categoría,1050.0,,videos,https://i.ytimg.com/vi/9rVXeFOh3W0/hqdefault.jpg?sqp=-oaymwEcCNACELwBSFXyq4qpAw4IARUAAIhCGAFwAcABBg==&rs=AOn4CLDEQM9zJkc1lgrNElvqm6M8bwWYig,Sergio Oliveira,external-reference,embed_link_and_summarize_only
MWo-bpuM21U,https://www.youtube.com/watch?v=MWo-bpuM21U,¿Qué tan Nissan es Infiniti?,872.0,,videos,https://i.ytimg.com/vi/MWo-bpuM21U/hqdefault.jpg?sqp=-oaymwEcCNACELwBSFXyq4qpAw4IARUAAIhCGAFwAcABBg==&rs=AOn4CLAEcIRHLqH2ykDQExAeTXVacaHgqQ,Sergio Oliveira,external-reference,embed_link_and_summarize_only
syIel13O63M,https://www.youtube.com/watch?v=syIel13O63M,Ford Escape Titanium Ecoboost 2017; SUV con espíritu de deportivo,884.0,,videos,https://i.ytimg.com/vi/syIel13O63M/hqdefault.jpg?sqp=-oaymwEcCNACELwBSFXyq4qpAw4IARUAAIhCGAFwAcABBg==&rs=AOn4CLD0RFdsAAgaFxdA4XjZAJd8JpTMQw,Sergio Oliveira,external-reference,embed_link_and_summarize_only
E_6hL3ihfCk,https://www.youtube.com/watch?v=E_6hL3ihfCk,Jaguar F-Type S 2017. Porque la belleza es MUY importante,889.0,,videos,https://i.ytimg.com/vi/E_6hL3ihfCk/hqdefault.jpg?sqp=-oaymwEcCNACELwBSFXyq4qpAw4IARUAAIhCGAFwAcABBg==&rs=AOn4CLCoQLXLuM-Jd42G2TGCzUmhFQVQrQ,Sergio Oliveira,external-reference,embed_link_and_summarize_only
YYjU_leQq-g,https://www.youtube.com/watch?v=YYjU_leQq-g,El auto que salvó a SEAT,803.0,,videos,https://i.ytimg.com/vi/YYjU_leQq-g/hqdefault.jpg?sqp=-oaymwEcCNACELwBSFXyq4qpAw4IARUAAIhCGAFwAcABBg==&rs=AOn4CLBrABxabA_9KI361_Yv_THfEqDMWQ,Sergio Oliveira,external-reference,embed_link_and_summarize_only
8NJbSwne1ag,https://www.youtube.com/watch?v=8NJbSwne1ag,Rolls Royce Wraith 2017. El mejor cupé del mundo.,774.0,,videos,https://i.ytimg.com/vi/8NJbSwne1ag/hqdefault.jpg?sqp=-oaymwEcCNACELwBSFXyq4qpAw4IARUAAIhCGAFwAcABBg==&rs=AOn4CLDlAHW746GuYQwdlmjKOA7Z80UFOA,Sergio Oliveira,external-reference,embed_link_and_summarize_only
bwGWho9hdjY,https://www.youtube.com/watch?v=bwGWho9hdjY,"Fiat Uno 2017; Urbano, cómodo y con 7 años de tranquilidad",799.0,,videos,https://i.ytimg.com/vi/bwGWho9hdjY/hqdefault.jpg?sqp=-oaymwEcCNACELwBSFXyq4qpAw4IARUAAIhCGAFwAcABBg==&rs=AOn4CLAmwop6D4nvUcnXo_3JH4w8OCZJPQ,Sergio Oliveira,external-reference,embed_link_and_summarize_only
VWTikrCbsyU,https://www.youtube.com/watch?v=VWTikrCbsyU,"Infiniti QX30 2017; Alma de Mercedes, aunque no del mejor Mercedes.",823.0,,videos,https://i.ytimg.com/vi/VWTikrCbsyU/hqdefault.jpg?sqp=-oaymwEcCNACELwBSFXyq4qpAw4IARUAAIhCGAFwAcABBg==&rs=AOn4CLAyUseBOHzs17oTL6WLrUi5Bke5uQ,Sergio Oliveira,external-reference,embed_link_and_summarize_only
lGvFoKSyn3E,https://www.youtube.com/watch?v=lGvFoKSyn3E,OnStar 4G LTE,1011.0,,videos,https://i.ytimg.com/vi/lGvFoKSyn3E/hqdefault.jpg?sqp=-oaymwE2CNACELwBSFXyq4qpAygIARUAAIhCGAFwAcABBvABAfgB1AaAAuADigIMCAAQARhlIFEoUTAP&rs=AOn4CLBQ9cO1eqNtI9xFbSwjismB-YwuHQ,Sergio Oliveira,external-reference,embed_link_and_summarize_only
so8NWerJ2K8,https://www.youtube.com/watch?v=so8NWerJ2K8,Lincoln MKC; Una alternativa segura y refinada.,828.0,,videos,https://i.ytimg.com/vi/so8NWerJ2K8/hqdefault.jpg?sqp=-oaymwEcCNACELwBSFXyq4qpAw4IARUAAIhCGAFwAcABBg==&rs=AOn4CLChynCrcBc1cbZqUsuSyN4CTVoAxA,Sergio Oliveira,external-reference,embed_link_and_summarize_only
uwTxL3CJzBw,https://www.youtube.com/watch?v=uwTxL3CJzBw,Volkswagen CC - Momento de decir adiós.,842.0,,videos,https://i.ytimg.com/vi/uwTxL3CJzBw/hqdefault.jpg?sqp=-oaymwEcCNACELwBSFXyq4qpAw4IARUAAIhCGAFwAcABBg==&rs=AOn4CLDywZOUfqsv_pRWahEDGGE5rCnV7A,Sergio Oliveira,external-reference,embed_link_and_summarize_only
_xnhx2wIXro,https://www.youtube.com/watch?v=_xnhx2wIXro,Mazda MX-5 RF; Más sofisticado pero igualmente divertido.,819.0,,videos,https://i.ytimg.com/vi/_xnhx2wIXro/hqdefault.jpg?sqp=-oaymwEcCNACELwBSFXyq4qpAw4IARUAAIhCGAFwAcABBg==&rs=AOn4CLClfliQKYEd7NN5PC0yTdx0Ggghsw,Sergio Oliveira,external-reference,embed_link_and_summarize_only
GL-UkPl7YgQ,https://www.youtube.com/watch?v=GL-UkPl7YgQ,Chevrolet Colorado V6 2017; Con más argumentos para firmarse como la mejor.,930.0,,videos,https://i.ytimg.com/vi/GL-UkPl7YgQ/hqdefault.jpg?sqp=-oaymwEcCNACELwBSFXyq4qpAw4IARUAAIhCGAFwAcABBg==&rs=AOn4CLBB_mJ1l-1_5FtN-vRyujZcWlJMWA,Sergio Oliveira,external-reference,embed_link_and_summarize_only
UKtoHe5Sg9E,https://www.youtube.com/watch?v=UKtoHe5Sg9E,Infiniti QX 70 - Pionera de la forma sobre la función,731.0,,videos,https://i.ytimg.com/vi/UKtoHe5Sg9E/hqdefault.jpg?sqp=-oaymwEcCNACELwBSFXyq4qpAw4IARUAAIhCGAFwAcABBg==&rs=AOn4CLByTcNci93zZjitCCLPLYLTerv_4A,Sergio Oliveira,external-reference,embed_link_and_summarize_only
CP1NzvfpZVI,https://www.youtube.com/watch?v=CP1NzvfpZVI,"Audi RS Q3; Mucha velocidad, no tanta emoción",847.0,,videos,https://i.ytimg.com/vi/CP1NzvfpZVI/hqdefault.jpg?sqp=-oaymwEcCNACELwBSFXyq4qpAw4IARUAAIhCGAFwAcABBg==&rs=AOn4CLCBxj5f1TzP1CD-IeCOweutil5hiw,Sergio Oliveira,external-reference,embed_link_and_summarize_only
UWP0CFxLhSw,https://www.youtube.com/watch?v=UWP0CFxLhSw,Bienvenido a mi canal personal,41.0,,videos,https://i.ytimg.com/vi/UWP0CFxLhSw/hqdefault.jpg?sqp=-oaymwEcCNACELwBSFXyq4qpAw4IARUAAIhCGAFwAcABBg==&rs=AOn4CLBgUhNWYPu0zzGwvmAY77yHzfUevQ,Sergio Oliveira,external-reference,embed_link_and_summarize_only
NIKOtDMRSfk,https://www.youtube.com/watch?v=NIKOtDMRSfk,SR Turbo - ¿Sentra Reivindicado?,840.0,,videos,https://i.ytimg.com/vi/NIKOtDMRSfk/hqdefault.jpg?sqp=-oaymwE2CNACELwBSFXyq4qpAygIARUAAIhCGAFwAcABBvABAfgB_gmAAtAFigIMCAAQARhlIFIoQDAP&rs=AOn4CLCt1Yl0hkEpa9j26RdpUeVqbxtDYw,Sergio Oliveira,external-reference,embed_link_and_summarize_only
11bDkU0TmBo,https://www.youtube.com/watch?v=11bDkU0TmBo,Acura TLX vs Infiniti Q50,960.0,,videos,https://i.ytimg.com/vi/11bDkU0TmBo/hqdefault.jpg?sqp=-oaymwE2CNACELwBSFXyq4qpAygIARUAAIhCGAFwAcABBvABAfgB_gmAAtAFigIMCAAQARhlIF4oUTAP&rs=AOn4CLCqpKAjCufncyJpIvYiL8amrkeipQ,Sergio Oliveira,external-reference,embed_link_and_summarize_only
ryRY54zOLLc,https://www.youtube.com/watch?v=ryRY54zOLLc,Acura TLX Advance 2017,444.0,,videos,https://i.ytimg.com/vi/ryRY54zOLLc/hqdefault.jpg?sqp=-oaymwE2CNACELwBSFXyq4qpAygIARUAAIhCGAFwAcABBvABAfgB_gmAAtAFigIMCAAQARhlIGUoZTAP&rs=AOn4CLAiy9vZ4wcCns03rDjeJ-bP5t72pg,Sergio Oliveira,external-reference,embed_link_and_summarize_only
CGyr4B5hDI4,https://www.youtube.com/watch?v=CGyr4B5hDI4,Acura MDX 2017,729.0,,videos,https://i.ytimg.com/vi/CGyr4B5hDI4/hqdefault.jpg?sqp=-oaymwE2CNACELwBSFXyq4qpAygIARUAAIhCGAFwAcABBvABAfgB_gmAAtAFigIMCAAQARhlIGUoZTAP&rs=AOn4CLCj0Iww_qrF1SlnsVhHp9VoT74bvQ,Sergio Oliveira,external-reference,embed_link_and_summarize_only
mm_hi10s9hM,https://www.youtube.com/watch?v=mm_hi10s9hM,Infiniti QX80 2017,569.0,,videos,https://i.ytimg.com/vi/mm_hi10s9hM/hqdefault.jpg?sqp=-oaymwE2CNACELwBSFXyq4qpAygIARUAAIhCGAFwAcABBvABAfgB_gmAAtAFigIMCAAQARhlIGUoZTAP&rs=AOn4CLC_rdrsRt31dpDk6dC03nVUVYpQQw,Sergio Oliveira,external-reference,embed_link_and_summarize_only
eBhNLnIhLis,https://www.youtube.com/watch?v=eBhNLnIhLis,Por qué Ford canceló su inversión en México,1395.0,,videos,https://i.ytimg.com/vi/eBhNLnIhLis/hqdefault.jpg?sqp=-oaymwE2CNACELwBSFXyq4qpAygIARUAAIhCGAFwAcABBvABAfgB_gSAAugCigIMCAAQARhlIFcoVDAP&rs=AOn4CLBuuYVzsl0HnjwDzjbgQJ8Ve5tP2g,Sergio Oliveira,external-reference,embed_link_and_summarize_only
pNEvRvttZRg,https://www.youtube.com/watch?v=pNEvRvttZRg,Kia Niro 2018,656.0,,videos,https://i.ytimg.com/vi/pNEvRvttZRg/hqdefault.jpg?sqp=-oaymwE2CNACELwBSFXyq4qpAygIARUAAIhCGAFwAcABBvABAfgB_gmAAtAFigIMCAAQARheIF4oXjAP&rs=AOn4CLAey1aEgkjmTBvBzCsIPKxYodVLgg,Sergio Oliveira,external-reference,embed_link_and_summarize_only
GpL5bAtQNW0,https://www.youtube.com/watch?v=GpL5bAtQNW0,Kia Rio hatchback EX-Pack 2018,717.0,,videos,https://i.ytimg.com/vi/GpL5bAtQNW0/hqdefault.jpg?sqp=-oaymwE2CNACELwBSFXyq4qpAygIARUAAIhCGAFwAcABBvABAfgB_gmAAtAFigIMCAAQARhjIGMoYzAP&rs=AOn4CLCUtSMZXMQrrTK7oGqBi2Hwlv8V7A,Sergio Oliveira,external-reference,embed_link_and_summarize_only
nqF60BMROZw,https://www.youtube.com/watch?v=nqF60BMROZw,Autos para ahorrar gasolina en México,3003.0,,videos,https://i.ytimg.com/vi/nqF60BMROZw/hqdefault.jpg?sqp=-oaymwE2CNACELwBSFXyq4qpAygIARUAAIhCGAFwAcABBvABAfgBjAKAAuADigIMCAAQARhlIFwoUjAP&rs=AOn4CLBwzakDE-HH1WpLZKCN6rt3zPWdtQ,Sergio Oliveira,external-reference,embed_link_and_summarize_only
Hqp3vb7rJ40,https://www.youtube.com/watch?v=Hqp3vb7rJ40,Seminuevo del día. Suzuki Grand Vitara 2015,532.0,,videos,https://i.ytimg.com/vi/Hqp3vb7rJ40/hqdefault.jpg?sqp=-oaymwE2CNACELwBSFXyq4qpAygIARUAAIhCGAFwAcABBvABAfgB_gmAAtAFigIMCAAQARhiIGIoYjAP&rs=AOn4CLDSM5v2-R5fc2WO-ZEaPGeNsUL02Q,Sergio Oliveira,external-reference,embed_link_and_summarize_only
RlYrDLaCEIg,https://www.youtube.com/watch?v=RlYrDLaCEIg,Mercedes-Benz E 200 vs Infiniti Q70,768.0,,videos,https://i.ytimg.com/vi/RlYrDLaCEIg/hqdefault.jpg?sqp=-oaymwE2CNACELwBSFXyq4qpAygIARUAAIhCGAFwAcABBvABAfgB_gmAAtAFigIMCAAQARheIF4oXjAP&rs=AOn4CLCLHZauFRpn_rUjVLFjhLA6EGgGMw,Sergio Oliveira,external-reference,embed_link_and_summarize_only
pZI-Ox__Kz4,https://www.youtube.com/watch?v=pZI-Ox__Kz4,Nissan Pathfinder 2017,641.0,,videos,https://i.ytimg.com/vi/pZI-Ox__Kz4/hqdefault.jpg?sqp=-oaymwE2CNACELwBSFXyq4qpAygIARUAAIhCGAFwAcABBvABAfgB_gmAAtAFigIMCAAQARhOIFsoZTAP&rs=AOn4CLB9p-HDWmmS2EXBbuWb39_tQtziew,Sergio Oliveira,external-reference,embed_link_and_summarize_only
KtgIBsahDRI,https://www.youtube.com/watch?v=KtgIBsahDRI,Chrysler Pacifica Limited 2017,630.0,,videos,https://i.ytimg.com/vi/KtgIBsahDRI/hqdefault.jpg?sqp=-oaymwEcCNACELwBSFXyq4qpAw4IARUAAIhCGAFwAcABBg==&rs=AOn4CLDsjts3n4Hz592ITGkuESjgSj9evg,Sergio Oliveira,external-reference,embed_link_and_summarize_only
u0OdBk8w8sg,https://www.youtube.com/watch?v=u0OdBk8w8sg,Alfa Romeo Giulieta Veloce 2017,536.0,,videos,https://i.ytimg.com/vi/u0OdBk8w8sg/hqdefault.jpg?sqp=-oaymwE2CNACELwBSFXyq4qpAygIARUAAIhCGAFwAcABBvABAfgB_gmAAtAFigIMCAAQARhlIGUoZTAP&rs=AOn4CLDe4666KZkv6WFCatBV_8zi7CQJvg,Sergio Oliveira,external-reference,embed_link_and_summarize_only
JjWT_2vRpQo,https://www.youtube.com/watch?v=JjWT_2vRpQo,Kia Sorento SXL 2017,385.0,,videos,https://i.ytimg.com/vi/JjWT_2vRpQo/hqdefault.jpg?sqp=-oaymwE2CNACELwBSFXyq4qpAygIARUAAIhCGAFwAcABBvABAfgB_gmAAtAFigIMCAAQARhlIGIoWzAP&rs=AOn4CLAXKkXo9_kiboxeB-C5NndIsxyp9w,Sergio Oliveira,external-reference,embed_link_and_summarize_only
Xg8xMATdE3o,https://www.youtube.com/watch?v=Xg8xMATdE3o,¿Financiamiento o arrendamiento?,1360.0,,videos,https://i.ytimg.com/vi/Xg8xMATdE3o/hqdefault.jpg?sqp=-oaymwE2CNACELwBSFXyq4qpAygIARUAAIhCGAFwAcABBvABAfgB_gmAAtAFigIMCAAQARhlIFsoTDAP&rs=AOn4CLAgBk_wruCaxVUkgxWl81Bu275wXg,Sergio Oliveira,external-reference,embed_link_and_summarize_only
jF1lC3CllFo,https://www.youtube.com/watch?v=jF1lC3CllFo,Infiniti QX60 2017,624.0,,videos,https://i.ytimg.com/vi/jF1lC3CllFo/hqdefault.jpg?sqp=-oaymwE2CNACELwBSFXyq4qpAygIARUAAIhCGAFwAcABBvABAfgB_gmAAtAFigIMCAAQARhoIGgoaDAP&rs=AOn4CLDNNVFR_l1WlfMHscqa7g22sW4szg,Sergio Oliveira,external-reference,embed_link_and_summarize_only
opa4jHQGAI4,https://www.youtube.com/watch?v=opa4jHQGAI4,Ford F-150 (Lobo) Raptor 2017,639.0,,videos,https://i.ytimg.com/vi/opa4jHQGAI4/hqdefault.jpg?sqp=-oaymwE2CNACELwBSFXyq4qpAygIARUAAIhCGAFwAcABBvABAfgB_gmAAtAFigIMCAAQARhlIGEoWTAP&rs=AOn4CLBHomfuGCuneX5JH2a1vaHiUuRKrg,Sergio Oliveira,external-reference,embed_link_and_summarize_only
Npq1dEfFSnM,https://www.youtube.com/watch?v=Npq1dEfFSnM,Seminuevo del día,445.0,,videos,https://i.ytimg.com/vi/Npq1dEfFSnM/hqdefault.jpg?sqp=-oaymwE2CNACELwBSFXyq4qpAygIARUAAIhCGAFwAcABBvABAfgB_gmAAtAFigIMCAAQARhlIGUoZTAP&rs=AOn4CLAwh9lu6EsLbbG0PrNYhZxnVXQRyA,Sergio Oliveira,external-reference,embed_link_and_summarize_only
9mY464BAH-8,https://www.youtube.com/watch?v=9mY464BAH-8,Jeep Grand Cherokee Summit Elite Platinum 2017,727.0,,videos,https://i.ytimg.com/vi/9mY464BAH-8/hqdefault.jpg?sqp=-oaymwE2CNACELwBSFXyq4qpAygIARUAAIhCGAFwAcABBvABAfgB_gmAAtAFigIMCAAQARhkIGQoZDAP&rs=AOn4CLDhoD5sHUVcDPrqW6mwsQ9iu102Rg,Sergio Oliveira,external-reference,embed_link_and_summarize_only
mj6QBvCUYyk,https://www.youtube.com/watch?v=mj6QBvCUYyk,"El seminuevo del día, Honda Accord EX-l Navi 2014",395.0,,videos,https://i.ytimg.com/vi/mj6QBvCUYyk/hqdefault.jpg?sqp=-oaymwE2CNACELwBSFXyq4qpAygIARUAAIhCGAFwAcABBvABAfgB_gmAAtAFigIMCAAQARhlIFooNzAP&rs=AOn4CLB5LeZSlAgEunyMPRM7ZgMKdBiioA,Sergio Oliveira,external-reference,embed_link_and_summarize_only
8LrhKzqW78s,https://www.youtube.com/watch?v=8LrhKzqW78s,Cadillac XT5 2017,806.0,,videos,https://i.ytimg.com/vi/8LrhKzqW78s/hqdefault.jpg?sqp=-oaymwE2CNACELwBSFXyq4qpAygIARUAAIhCGAFwAcABBvABAfgB_gmAAtAFigIMCAAQARg5IGUoZDAP&rs=AOn4CLBQ0sElEDPCyqfOhTZofyBBYmqBFg,Sergio Oliveira,external-reference,embed_link_and_summarize_only
QZXALTSp3Y4,https://www.youtube.com/watch?v=QZXALTSp3Y4,Infiniti Q50 híbrido 2017,554.0,,videos,https://i.ytimg.com/vi/QZXALTSp3Y4/hqdefault.jpg?sqp=-oaymwE2CNACELwBSFXyq4qpAygIARUAAIhCGAFwAcABBvABAfgB_gmAAtAFigIMCAAQARhlIGUoZTAP&rs=AOn4CLBV4kmeEB3mTdzzpv5MUVDIBzSKxg,Sergio Oliveira,external-reference,embed_link_and_summarize_only
ewPvodn2bF0,https://www.youtube.com/watch?v=ewPvodn2bF0,Kia Soul Turbo 2017,722.0,,videos,https://i.ytimg.com/vi/ewPvodn2bF0/hqdefault.jpg?sqp=-oaymwEcCNACELwBSFXyq4qpAw4IARUAAIhCGAFwAcABBg==&rs=AOn4CLCZgMohR7MSW2ntkvMiBXMFFmluWg,Sergio Oliveira,external-reference,embed_link_and_summarize_only
oW1EfwYHQP0,https://www.youtube.com/watch?v=oW1EfwYHQP0,Mazda3 iTouring hatchback 2017,672.0,,videos,https://i.ytimg.com/vi/oW1EfwYHQP0/hqdefault.jpg?sqp=-oaymwE2CNACELwBSFXyq4qpAygIARUAAIhCGAFwAcABBvABAfgB_gmAAtAFigIMCAAQARhlIFsoTzAP&rs=AOn4CLCyI6htoplLaPvfcDxfQRgi5bH8Uw,Sergio Oliveira,external-reference,embed_link_and_summarize_only
OQBIGGXfr4s,https://www.youtube.com/watch?v=OQBIGGXfr4s,Jaguar F-Pace R-Sport 2017,787.0,,videos,https://i.ytimg.com/vi/OQBIGGXfr4s/hqdefault.jpg?sqp=-oaymwE2CNACELwBSFXyq4qpAygIARUAAIhCGAFwAcABBvABAfgB_gmAAtAFigIMCAAQARhlIGUoZTAP&rs=AOn4CLD0b5j0qkLDJWhZOqI5Bjpp0VQ93A,Sergio Oliveira,external-reference,embed_link_and_summarize_only
snFEgJm0fas,https://www.youtube.com/watch?v=snFEgJm0fas,"Volkswagen Caddy 2017, de pasajeros",623.0,,videos,https://i.ytimg.com/vi/snFEgJm0fas/hqdefault.jpg?sqp=-oaymwE2CNACELwBSFXyq4qpAygIARUAAIhCGAFwAcABBvABAfgB_gmAAtAFigIMCAAQARhlIF8oVjAP&rs=AOn4CLC0ysHEsoQek9xjCU32QIWWS7DrFg,Sergio Oliveira,external-reference,embed_link_and_summarize_only
3Wt9kptz3ig,https://www.youtube.com/watch?v=3Wt9kptz3ig,Buick Encore 2017,747.0,,videos,https://i.ytimg.com/vi/3Wt9kptz3ig/hqdefault.jpg?sqp=-oaymwE2CNACELwBSFXyq4qpAygIARUAAIhCGAFwAcABBvABAfgB_gmAAtAFigIMCAAQARhlIF0oVjAP&rs=AOn4CLArZGc31DQrMTFATcuvyFQWJhcqAg,Sergio Oliveira,external-reference,embed_link_and_summarize_only
lMy4iSKz9co,https://www.youtube.com/watch?v=lMy4iSKz9co,Fiat Mobi 360 grados,366.0,,videos,https://i.ytimg.com/vi/lMy4iSKz9co/hqdefault.jpg?sqp=-oaymwE2CNACELwBSFXyq4qpAygIARUAAIhCGAFwAcABBvABAfgB_AKAAtcBigIMCAAQARhyIF4oNTAP&rs=AOn4CLDrlkBhN0K9-8H5QA6jqL2fQZNGWQ,Sergio Oliveira,external-reference,embed_link_and_summarize_only
2N4R7qNm42o,https://www.youtube.com/watch?v=2N4R7qNm42o,BMW M2 2017,684.0,,videos,https://i.ytimg.com/vi/2N4R7qNm42o/hqdefault.jpg?sqp=-oaymwE2CNACELwBSFXyq4qpAygIARUAAIhCGAFwAcABBvABAfgB_gmAAtAFigIMCAAQARhlIF4oVzAP&rs=AOn4CLA0joro3bArNJsP2E4ATNwd9ACcmg,Sergio Oliveira,external-reference,embed_link_and_summarize_only
Wyc2oRc-LyM,https://www.youtube.com/watch?v=Wyc2oRc-LyM,Seminuevo - Toyota Camry 2015,472.0,,videos,https://i.ytimg.com/vi/Wyc2oRc-LyM/hqdefault.jpg?sqp=-oaymwE2CNACELwBSFXyq4qpAygIARUAAIhCGAFwAcABBvABAfgB_gmAAtAFigIMCAAQARhlIFgoSTAP&rs=AOn4CLCcL3AMV9p75Cj1t8tMBjS-EJtifw,Sergio Oliveira,external-reference,embed_link_and_summarize_only
K8CLjz_ifuI,https://www.youtube.com/watch?v=K8CLjz_ifuI,Fiat Mobi 2017,750.0,,videos,https://i.ytimg.com/vi/K8CLjz_ifuI/hqdefault.jpg?sqp=-oaymwE2CNACELwBSFXyq4qpAygIARUAAIhCGAFwAcABBvABAfgB_gmAAtAFigIMCAAQARhlIGAoTDAP&rs=AOn4CLBbs77PRXGMRQRxbD-0qIFku6yAiQ,Sergio Oliveira,external-reference,embed_link_and_summarize_only
LCvNZ2r5FO8,https://www.youtube.com/watch?v=LCvNZ2r5FO8,Fiat Uno 2017,152.0,,videos,https://i.ytimg.com/vi/LCvNZ2r5FO8/hqdefault.jpg?sqp=-oaymwE2CNACELwBSFXyq4qpAygIARUAAIhCGAFwAcABBvABAfgB_gmAAtAFigIMCAAQARhmIGYoZjAP&rs=AOn4CLCtNvg2KCKZjTGhSGYOj7Y0p85M7Q,Sergio Oliveira,external-reference,embed_link_and_summarize_only
QOU-ryyLQGo,https://www.youtube.com/watch?v=QOU-ryyLQGo,Chevrolet Sonic Premier 2017,668.0,,videos,https://i.ytimg.com/vi/QOU-ryyLQGo/hqdefault.jpg?sqp=-oaymwE2CNACELwBSFXyq4qpAygIARUAAIhCGAFwAcABBvABAfgB_gmAAtAFigIMCAAQARheIF4oXjAP&rs=AOn4CLC6Um4WrFFazz0x6HZRioWIUt_n7g,Sergio Oliveira,external-reference,embed_link_and_summarize_only
W-wpj2ksSR8,https://www.youtube.com/watch?v=W-wpj2ksSR8,Jaguar iPace Concept,103.0,,videos,https://i.ytimg.com/vi/W-wpj2ksSR8/hqdefault.jpg?sqp=-oaymwE2CNACELwBSFXyq4qpAygIARUAAIhCGAFwAcABBvABAfgB_gmAAtAFigIMCAAQARhlIF4oVTAP&rs=AOn4CLB28KRXa6VMYaXZPjg9mA_n88Hj-g,Sergio Oliveira,external-reference,embed_link_and_summarize_only
_VJezZWpemg,https://www.youtube.com/watch?v=_VJezZWpemg,Ford EcoSport 2017,190.0,,videos,https://i.ytimg.com/vi/_VJezZWpemg/hqdefault.jpg?sqp=-oaymwE2CNACELwBSFXyq4qpAygIARUAAIhCGAFwAcABBvABAfgB_gmAAtAFigIMCAAQARhhIGEoYTAP&rs=AOn4CLDiG0jchSb6JsiNtBtJongpGClAZQ,Sergio Oliveira,external-reference,embed_link_and_summarize_only
AqFJTpBqTEM,https://www.youtube.com/watch?v=AqFJTpBqTEM,Fiat 124 2017,89.0,,videos,https://i.ytimg.com/vi/AqFJTpBqTEM/hqdefault.jpg?sqp=-oaymwE2CNACELwBSFXyq4qpAygIARUAAIhCGAFwAcABBvABAfgB_gmAAtAFigIMCAAQARhjIGMoYzAP&rs=AOn4CLAjeL72uiz69c1gIFEZFwRJlu2U9A,Sergio Oliveira,external-reference,embed_link_and_summarize_only
WjsNjaFYy1U,https://www.youtube.com/watch?v=WjsNjaFYy1U,Honda CR-V 2017,205.0,,videos,https://i.ytimg.com/vi/WjsNjaFYy1U/hqdefault.jpg?sqp=-oaymwE2CNACELwBSFXyq4qpAygIARUAAIhCGAFwAcABBvABAfgB_gmAAtAFigIMCAAQARh_IDgoQjAP&rs=AOn4CLAK-oQ1kCoqRBEeykg5Ce_V3HNctA,Sergio Oliveira,external-reference,embed_link_and_summarize_only
5MEBn9wYirc,https://www.youtube.com/watch?v=5MEBn9wYirc,Jeep Compass 2017,112.0,,videos,https://i.ytimg.com/vi/5MEBn9wYirc/hqdefault.jpg?sqp=-oaymwE2CNACELwBSFXyq4qpAygIARUAAIhCGAFwAcABBvABAfgB_gmAAtAFigIMCAAQARhlIFcoTjAP&rs=AOn4CLC4_5JeKTZXgojSFZQvGrZI3FcdrA,Sergio Oliveira,external-reference,embed_link_and_summarize_only
jmhXcRiNCgM,https://www.youtube.com/watch?v=jmhXcRiNCgM,The Pink Panther's Car,41.0,,videos,https://i.ytimg.com/vi/jmhXcRiNCgM/hqdefault.jpg?sqp=-oaymwEcCNACELwBSFXyq4qpAw4IARUAAIhCGAFwAcABBg==&rs=AOn4CLDu_MfvGlGaWM-cf1s2_VW4lQxnSQ,Sergio Oliveira,external-reference,embed_link_and_summarize_only
tFkun_pi2ZM,https://www.youtube.com/watch?v=tFkun_pi2ZM,Alfa Romeo Stelvio 2017,22.0,,videos,https://i.ytimg.com/vi/tFkun_pi2ZM/hqdefault.jpg?sqp=-oaymwE2CNACELwBSFXyq4qpAygIARUAAIhCGAFwAcABBvABAfgB_gmAAtAFigIMCAAQARh_IBMoKDAP&rs=AOn4CLCkOZVWHMFY7OA9mxjHsZkhqMGO0Q,Sergio Oliveira,external-reference,embed_link_and_summarize_only
bxwpb6LTnNo,https://www.youtube.com/watch?v=bxwpb6LTnNo,Mazda CX-5 2018,158.0,,videos,https://i.ytimg.com/vi/bxwpb6LTnNo/hqdefault.jpg?sqp=-oaymwE2CNACELwBSFXyq4qpAygIARUAAIhCGAFwAcABBvABAfgB_gmAAtAFigIMCAAQARhfIEYocjAP&rs=AOn4CLD7yZT7fJhr7RHQF8Y5rqSQMlHXeA,Sergio Oliveira,external-reference,embed_link_and_summarize_only
wiIOmXFXylE,https://www.youtube.com/watch?v=wiIOmXFXylE,Autos seminuevos - Hyundai ix-35 2015,552.0,,videos,https://i.ytimg.com/vi/wiIOmXFXylE/hqdefault.jpg?sqp=-oaymwE2CNACELwBSFXyq4qpAygIARUAAIhCGAFwAcABBvABAfgB_gmAAtAFigIMCAAQARhlIF8oWjAP&rs=AOn4CLA8I1MtDQj1K6rmVe3-wlvXs01C3A,Sergio Oliveira,external-reference,embed_link_and_summarize_only
0o8qpJ8-k_M,https://www.youtube.com/watch?v=0o8qpJ8-k_M,Chevrolet Trax Premier 2017,594.0,,videos,https://i.ytimg.com/vi/0o8qpJ8-k_M/hqdefault.jpg?sqp=-oaymwE2CNACELwBSFXyq4qpAygIARUAAIhCGAFwAcABBvABAfgB_gmAAtAFigIMCAAQARhyIFsoQDAP&rs=AOn4CLA_CJQJwVyeBhmbxOXos29TK3-GSw,Sergio Oliveira,external-reference,embed_link_and_summarize_only
HmgF3wfy4cQ,https://www.youtube.com/watch?v=HmgF3wfy4cQ,Kia Soul Turbo 2017,329.0,,videos,https://i.ytimg.com/vi/HmgF3wfy4cQ/hqdefault.jpg?sqp=-oaymwE2CNACELwBSFXyq4qpAygIARUAAIhCGAFwAcABBvABAfgB_gmAAtAFigIMCAAQARheIF4oXjAP&rs=AOn4CLDkgf6eUwYKrzXIDGV2oZyeZn6MQA,Sergio Oliveira,external-reference,embed_link_and_summarize_only
9_udT384sP4,https://www.youtube.com/watch?v=9_udT384sP4,Seat Ibiza FR Red 2017,479.0,,videos,https://i.ytimg.com/vi/9_udT384sP4/hqdefault.jpg?sqp=-oaymwE2CNACELwBSFXyq4qpAygIARUAAIhCGAFwAcABBvABAfgB_gmAAtAFigIMCAAQARhlIF8oQDAP&rs=AOn4CLDUbm3UNitZZ6-j7M9S7GY5Lb9eRA,Sergio Oliveira,external-reference,embed_link_and_summarize_only
LEUkbImLP9Y,https://www.youtube.com/watch?v=LEUkbImLP9Y,¿Mazda CX-3 o Nissan Kicks?,421.0,,videos,https://i.ytimg.com/vi/LEUkbImLP9Y/hqdefault.jpg?sqp=-oaymwEcCNACELwBSFXyq4qpAw4IARUAAIhCGAFwAcABBg==&rs=AOn4CLBwe4yUq522mzBfv0M7C5TvRFa8kQ,Sergio Oliveira,external-reference,embed_link_and_summarize_only
ipAYUW8EcWo,https://www.youtube.com/watch?v=ipAYUW8EcWo,Jeep Grand Cherokee Limited 2014,552.0,,videos,https://i.ytimg.com/vi/ipAYUW8EcWo/hqdefault.jpg?sqp=-oaymwEcCNACELwBSFXyq4qpAw4IARUAAIhCGAFwAcABBg==&rs=AOn4CLCDFHhhj1lUgxPkvxWzrR-P7FpiWg,Sergio Oliveira,external-reference,embed_link_and_summarize_only
putGNyytjBw,https://www.youtube.com/watch?v=putGNyytjBw,¿Polo GTI o Alfa Romeo MiTo?,295.0,,videos,https://i.ytimg.com/vi/putGNyytjBw/hqdefault.jpg?sqp=-oaymwE2CNACELwBSFXyq4qpAygIARUAAIhCGAFwAcABBvABAfgB_gmAAtAFigIMCAAQARhAIE4oZTAP&rs=AOn4CLCENoLw5cxx1rb6o0aKHvDavvXVJA,Sergio Oliveira,external-reference,embed_link_and_summarize_only
wj1_6SypPV0,https://www.youtube.com/watch?v=wj1_6SypPV0,VW Polo GTI 2016,643.0,,videos,https://i.ytimg.com/vi/wj1_6SypPV0/hqdefault.jpg?sqp=-oaymwEcCNACELwBSFXyq4qpAw4IARUAAIhCGAFwAcABBg==&rs=AOn4CLD4jeVwSWhGZQBD7c8vD-D4XQLwVg,Sergio Oliveira,external-reference,embed_link_and_summarize_only
WadhALg-J50,https://www.youtube.com/watch?v=WadhALg-J50,Honda CR-V 2012,478.0,,videos,https://i.ytimg.com/vi/WadhALg-J50/hqdefault.jpg?sqp=-oaymwE2CNACELwBSFXyq4qpAygIARUAAIhCGAFwAcABBvABAfgB_gmAAtAFigIMCAAQARhlIFQoTDAP&rs=AOn4CLDMMpp09KDv3rZ66EUBm9mrTfX0WA,Sergio Oliveira,external-reference,embed_link_and_summarize_only
D_2HhkxBcJo,https://www.youtube.com/watch?v=D_2HhkxBcJo,Mazda MX-5 2016,608.0,,videos,https://i.ytimg.com/vi/D_2HhkxBcJo/hqdefault.jpg?sqp=-oaymwEcCNACELwBSFXyq4qpAw4IARUAAIhCGAFwAcABBg==&rs=AOn4CLApWuxVTgJG_8CFknykAOELccpsug,Sergio Oliveira,external-reference,embed_link_and_summarize_only
NUBC09WMFzU,https://www.youtube.com/watch?v=NUBC09WMFzU,Mazda3 2017,307.0,,videos,https://i.ytimg.com/vi/NUBC09WMFzU/hqdefault.jpg?sqp=-oaymwE2CNACELwBSFXyq4qpAygIARUAAIhCGAFwAcABBvABAfgB_gmAAtAFigIMCAAQARhlIFooUDAP&rs=AOn4CLCky-Ol65IX-EMXlq4C0Txwiwcphw,Sergio Oliveira,external-reference,embed_link_and_summarize_only
fwTl4GBmJgw,https://www.youtube.com/watch?v=fwTl4GBmJgw,Audi R8 V10 Plus,633.0,,videos,https://i.ytimg.com/vi/fwTl4GBmJgw/hqdefault.jpg?sqp=-oaymwE2CNACELwBSFXyq4qpAygIARUAAIhCGAFwAcABBvABAfgB_gmAAtAFigIMCAAQARg1IGAoZTAP&rs=AOn4CLBU7eheqgDH1AHDCdKHCKkbHZ74QA,Sergio Oliveira,external-reference,embed_link_and_summarize_only
gexYBJBZjMU,https://www.youtube.com/watch?v=gexYBJBZjMU,Chrysler Pacifica 2017,514.0,,videos,https://i.ytimg.com/vi/gexYBJBZjMU/hqdefault.jpg?sqp=-oaymwE2CNACELwBSFXyq4qpAygIARUAAIhCGAFwAcABBvABAfgB_gmAAtAFigIMCAAQARhlIGUoZTAP&rs=AOn4CLC5nxtZCTB6Q13QgXEZ-hH_6fpauw,Sergio Oliveira,external-reference,embed_link_and_summarize_only
0vibe8QmFAc,https://www.youtube.com/watch?v=0vibe8QmFAc,Volvo S90 2017,850.0,,videos,https://i.ytimg.com/vi/0vibe8QmFAc/hqdefault.jpg?sqp=-oaymwE2CNACELwBSFXyq4qpAygIARUAAIhCGAFwAcABBvABAfgB_gmAAtAFigIMCAAQARhlIFcoTTAP&rs=AOn4CLCy4lcyetYtJu8UZQwWh5b-IX3JBQ,Sergio Oliveira,external-reference,embed_link_and_summarize_only
12uxe_jSSrg,https://www.youtube.com/watch?v=12uxe_jSSrg,Autos usados - Honda Accord 4 cilindros 2007,411.0,,videos,https://i.ytimg.com/vi/12uxe_jSSrg/hqdefault.jpg?sqp=-oaymwE2CNACELwBSFXyq4qpAygIARUAAIhCGAFwAcABBvABAfgB_gmAAtAFigIMCAAQARhlIFwoTDAP&rs=AOn4CLA2F75YCDkICh7RL4MdsLlQejxPQA,Sergio Oliveira,external-reference,embed_link_and_summarize_only
9Uc88PvT67M,https://www.youtube.com/watch?v=9Uc88PvT67M,Nissan Kicks 2017,657.0,,videos,https://i.ytimg.com/vi/9Uc88PvT67M/hqdefault.jpg?sqp=-oaymwE2CNACELwBSFXyq4qpAygIARUAAIhCGAFwAcABBvABAfgB_gmAAtAFigIMCAAQARhlIFsoSTAP&rs=AOn4CLBdwVBqXvKz7mbnZ5lWPf4xYpfupg,Sergio Oliveira,external-reference,embed_link_and_summarize_only
QxRV6yGIeKs,https://www.youtube.com/watch?v=QxRV6yGIeKs,Nissan NP 300 Frontier diesel,577.0,,videos,https://i.ytimg.com/vi/QxRV6yGIeKs/hqdefault.jpg?sqp=-oaymwE2CNACELwBSFXyq4qpAygIARUAAIhCGAFwAcABBvABAfgB_gmAAtAFigIMCAAQARhlIEooRTAP&rs=AOn4CLCPOV9vnzOcjNxoH8f6wyQIATrgkA,Sergio Oliveira,external-reference,embed_link_and_summarize_only
lRxt8vT-7sA,https://www.youtube.com/watch?v=lRxt8vT-7sA,"El seminuevo del día, Hyundai Veloster Turbo 2014",308.0,,videos,https://i.ytimg.com/vi/lRxt8vT-7sA/hqdefault.jpg?sqp=-oaymwE2CNACELwBSFXyq4qpAygIARUAAIhCGAFwAcABBvABAfgB_gmAAtAFigIMCAAQARhlIF8oWTAP&rs=AOn4CLBVJ4qc_AjU53Ox8otEb2XkS_5G2Q,Sergio Oliveira,external-reference,embed_link_and_summarize_only
amNDX14iXZ4,https://www.youtube.com/watch?v=amNDX14iXZ4,Asiento cinético de Lexus,44.0,,videos,https://i.ytimg.com/vi/amNDX14iXZ4/hqdefault.jpg?sqp=-oaymwE2CNACELwBSFXyq4qpAygIARUAAIhCGAFwAcABBvABAfgB_gmAAtAFigIMCAAQARhhIGEoYTAP&rs=AOn4CLC8GkfhCaprLuU03N050TTRyz6SHg,Sergio Oliveira,external-reference,embed_link_and_summarize_only
WSCReiRGjiI,https://www.youtube.com/watch?v=WSCReiRGjiI,Motor de compresión variable de Infiniti,58.0,,videos,https://i.ytimg.com/vi/WSCReiRGjiI/hqdefault.jpg?sqp=-oaymwE2CNACELwBSFXyq4qpAygIARUAAIhCGAFwAcABBvABAfgB_gmAAtAFigIMCAAQARhhIGEoYTAP&rs=AOn4CLCynxjSg3-2T4NF3_6OlRE7fzJR8A,Sergio Oliveira,external-reference,embed_link_and_summarize_only
XP-mRpTbpbU,https://www.youtube.com/watch?v=XP-mRpTbpbU,Kia Rio 2017 exterior,139.0,,videos,https://i.ytimg.com/vi/XP-mRpTbpbU/hqdefault.jpg?sqp=-oaymwE2CNACELwBSFXyq4qpAygIARUAAIhCGAFwAcABBvABAfgB_gmAAtAFigIMCAAQARhlIGUoZTAP&rs=AOn4CLC_EmMKPIrX6K2RHWkkCOPa3ihPyA,Sergio Oliveira,external-reference,embed_link_and_summarize_only
28cpUgGMa5U,https://www.youtube.com/watch?v=28cpUgGMa5U,VW ID,56.0,,videos,https://i.ytimg.com/vi/28cpUgGMa5U/hqdefault.jpg?sqp=-oaymwE2CNACELwBSFXyq4qpAygIARUAAIhCGAFwAcABBvABAfgB_gmAAtAFigIMCAAQARhCIFEocjAP&rs=AOn4CLC4QkZ8PdlEWm0yM2VLZlMckVugww,Sergio Oliveira,external-reference,embed_link_and_summarize_only
Yhi0d6DuJIY,https://www.youtube.com/watch?v=Yhi0d6DuJIY,Citroën Cxperience Concept,96.0,,videos,https://i.ytimg.com/vi/Yhi0d6DuJIY/hqdefault.jpg?sqp=-oaymwE2CNACELwBSFXyq4qpAygIARUAAIhCGAFwAcABBvABAfgB_gmAAtAFigIMCAAQARhlIFIoSDAP&rs=AOn4CLBv2x5H_0l6OaTAbCA9B_2nAL5OvQ,Sergio Oliveira,external-reference,embed_link_and_summarize_only
Vdn8p8UIF7o,https://www.youtube.com/watch?v=Vdn8p8UIF7o,Peugeot 3008 2017,76.0,,videos,https://i.ytimg.com/vi/Vdn8p8UIF7o/hqdefault.jpg?sqp=-oaymwE2CNACELwBSFXyq4qpAygIARUAAIhCGAFwAcABBvABAfgB_gmAAtAFigIMCAAQARhyID0oNzAP&rs=AOn4CLDVUMSILilVnc-E3Fs5Wkg1MG40Zw,Sergio Oliveira,external-reference,embed_link_and_summarize_only
2wnxHBH56xk,https://www.youtube.com/watch?v=2wnxHBH56xk,Mercedes Vision Maybach 6,90.0,,videos,https://i.ytimg.com/vi/2wnxHBH56xk/hqdefault.jpg?sqp=-oaymwE2CNACELwBSFXyq4qpAygIARUAAIhCGAFwAcABBvABAfgB_gmAAtAFigIMCAAQARh_IBMoIzAP&rs=AOn4CLCQT0SicA0gjKcVLvnJwSSE5_W3jw,Sergio Oliveira,external-reference,embed_link_and_summarize_only
bR3j6fSpmoA,https://www.youtube.com/watch?v=bR3j6fSpmoA,Audi Q5 2017,158.0,,videos,https://i.ytimg.com/vi/bR3j6fSpmoA/hqdefault.jpg?sqp=-oaymwE2CNACELwBSFXyq4qpAygIARUAAIhCGAFwAcABBvABAfgB_gmAAtAFigIMCAAQARhiIGIoYjAP&rs=AOn4CLDJ4ZY0w3kdRN92DChHgIY5pwzxLQ,Sergio Oliveira,external-reference,embed_link_and_summarize_only
EqzcFK_aJxI,https://www.youtube.com/watch?v=EqzcFK_aJxI,29 de septiembre de 2016,31.0,,videos,https://i.ytimg.com/vi/EqzcFK_aJxI/hqdefault.jpg?sqp=-oaymwE2CNACELwBSFXyq4qpAygIARUAAIhCGAFwAcABBvABAfgB_gmAAtAFigIMCAAQARhlIFQoVjAP&rs=AOn4CLDe2iC0OrC6o2Z5LhbpTl8fnxSBew,Sergio Oliveira,external-reference,embed_link_and_summarize_only
U5nq3mcQ-G4,https://www.youtube.com/watch?v=U5nq3mcQ-G4,29 de septiembre de 2016,86.0,,videos,https://i.ytimg.com/vi/U5nq3mcQ-G4/hqdefault.jpg?sqp=-oaymwE2CNACELwBSFXyq4qpAygIARUAAIhCGAFwAcABBvABAfgB_gmAAtAFigIMCAAQARhJIE8ocjAP&rs=AOn4CLA8G3EvW3Bd_8jMY_jmOBs5YyV5jQ,Sergio Oliveira,external-reference,embed_link_and_summarize_only
WVikCFiwkAQ,https://www.youtube.com/watch?v=WVikCFiwkAQ,Audi RS7 Performance Package 2017,725.0,,videos,https://i.ytimg.com/vi/WVikCFiwkAQ/hqdefault.jpg?sqp=-oaymwE2CNACELwBSFXyq4qpAygIARUAAIhCGAFwAcABBvABAfgB_gmAAtAFigIMCAAQARhlIFkoTTAP&rs=AOn4CLA-XCLT6BMuQiwNWC-txdEoYbLdzQ,Sergio Oliveira,external-reference,embed_link_and_summarize_only
w8qyLudrQUI,https://www.youtube.com/watch?v=w8qyLudrQUI,Renault Koleos Iconic 2017,592.0,,videos,https://i.ytimg.com/vi/w8qyLudrQUI/hqdefault.jpg?sqp=-oaymwE2CNACELwBSFXyq4qpAygIARUAAIhCGAFwAcABBvABAfgB_gmAAtAFigIMCAAQARhkIGQoZDAP&rs=AOn4CLC2jYUn7BHqlrP4ENnrQHoGO_PBVg,Sergio Oliveira,external-reference,embed_link_and_summarize_only
wq21OE0WNLA,https://www.youtube.com/watch?v=wq21OE0WNLA,Ford Explorer seminueva 2011 versión básica,492.0,,videos,https://i.ytimg.com/vi/wq21OE0WNLA/hqdefault.jpg?sqp=-oaymwE2CNACELwBSFXyq4qpAygIARUAAIhCGAFwAcABBvABAfgB_gmAAtAFigIMCAAQARhlIFwoQDAP&rs=AOn4CLAS9QbKXmLca3bWSx-9gnmBoO3Phw,Sergio Oliveira,external-reference,embed_link_and_summarize_only
ah0PmYZHqJE,https://www.youtube.com/watch?v=ah0PmYZHqJE,Mitsubishi Mirage 2017,661.0,,videos,https://i.ytimg.com/vi/ah0PmYZHqJE/hqdefault.jpg?sqp=-oaymwEcCNACELwBSFXyq4qpAw4IARUAAIhCGAFwAcABBg==&rs=AOn4CLBh2LYRyouVv_vlVaSrlEyUu5jisg,Sergio Oliveira,external-reference,embed_link_and_summarize_only
k_lAPzUuDl4,https://www.youtube.com/watch?v=k_lAPzUuDl4,Chevrolet Spark Active 2016,489.0,,videos,https://i.ytimg.com/vi/k_lAPzUuDl4/hqdefault.jpg?sqp=-oaymwE2CNACELwBSFXyq4qpAygIARUAAIhCGAFwAcABBvABAfgB_gmAAtAFigIMCAAQARhlIFsoUDAP&rs=AOn4CLABiR8UP6eOxesEX0SLsos4iJmnCQ,Sergio Oliveira,external-reference,embed_link_and_summarize_only
9b2LlyLY7RA,https://www.youtube.com/watch?v=9b2LlyLY7RA,Renault Duster Dynamic 2017,371.0,,videos,https://i.ytimg.com/vi/9b2LlyLY7RA/hqdefault.jpg?sqp=-oaymwE2CNACELwBSFXyq4qpAygIARUAAIhCGAFwAcABBvABAfgB_gmAAtAFigIMCAAQARhlIGUoZTAP&rs=AOn4CLCOxGZI1QvgvV0G7C_rK1AeHEG6Sg,Sergio Oliveira,external-reference,embed_link_and_summarize_only
mMe2HEFTN_M,https://www.youtube.com/watch?v=mMe2HEFTN_M,Jeep Grand Cherokee 75 aniversario,348.0,,videos,https://i.ytimg.com/vi/mMe2HEFTN_M/hqdefault.jpg?sqp=-oaymwE2CNACELwBSFXyq4qpAygIARUAAIhCGAFwAcABBvABAfgB_gmAAtAFigIMCAAQARhlIFsoSDAP&rs=AOn4CLDH968Cl8mKccfzU493pVgdFjaoiQ,Sergio Oliveira,external-reference,embed_link_and_summarize_only
-X0AmTQhdfc,https://www.youtube.com/watch?v=-X0AmTQhdfc,Seat Ibiza 15 aniversario,395.0,,videos,https://i.ytimg.com/vi/-X0AmTQhdfc/hqdefault.jpg?sqp=-oaymwE2CNACELwBSFXyq4qpAygIARUAAIhCGAFwAcABBvABAfgB_gmAAtAFigIMCAAQARhlIF4oUzAP&rs=AOn4CLDUoPlN6z-smJE0wBbieYnGjwy7pA,Sergio Oliveira,external-reference,embed_link_and_summarize_only
i-A74igeFVc,https://www.youtube.com/watch?v=i-A74igeFVc,Land Rover Discovery Sport HSE 2017,541.0,,videos,https://i.ytimg.com/vi/i-A74igeFVc/hqdefault.jpg?sqp=-oaymwE2CNACELwBSFXyq4qpAygIARUAAIhCGAFwAcABBvABAfgB_gmAAtAFigIMCAAQARhlIFooRzAP&rs=AOn4CLAIE_c3PGd71NwEG5q6FZ9G1k18WQ,Sergio Oliveira,external-reference,embed_link_and_summarize_only
aZHiJvFGTOc,https://www.youtube.com/watch?v=aZHiJvFGTOc,VW Gol Comfortine 2017,487.0,,videos,https://i.ytimg.com/vi/aZHiJvFGTOc/hqdefault.jpg?sqp=-oaymwE2CNACELwBSFXyq4qpAygIARUAAIhCGAFwAcABBvABAfgB_gmAAtAFigIMCAAQARhlIF8oWjAP&rs=AOn4CLDnw5y-0s3fQJbohprfVqBjL-ZsaQ,Sergio Oliveira,external-reference,embed_link_and_summarize_only
e73gLffx9xA,https://www.youtube.com/watch?v=e73gLffx9xA,Alfa Romeo MiTo Quadrifoglio Verde 2016,633.0,,videos,https://i.ytimg.com/vi/e73gLffx9xA/hqdefault.jpg?sqp=-oaymwE2CNACELwBSFXyq4qpAygIARUAAIhCGAFwAcABBvABAfgB_gmAAtAFigIMCAAQARhlIGUoZTAP&rs=AOn4CLD_nJ1VNSf2Gk03Lvqf09GGOGBk8A,Sergio Oliveira,external-reference,embed_link_and_summarize_only
Y33WB_l2WSA,https://www.youtube.com/watch?v=Y33WB_l2WSA,Ford Focus RS 2017,631.0,,videos,https://i.ytimg.com/vi/Y33WB_l2WSA/hqdefault.jpg?sqp=-oaymwE2CNACELwBSFXyq4qpAygIARUAAIhCGAFwAcABBvABAfgB_gmAAtAFigIMCAAQARg7IEMofzAP&rs=AOn4CLCUYVyTTUV4gL8d-QCCKFri8c7pcg,Sergio Oliveira,external-reference,embed_link_and_summarize_only
ReEnt2xdwek,https://www.youtube.com/watch?v=ReEnt2xdwek,Infiniti Q50 S 2017,709.0,,videos,https://i.ytimg.com/vi/ReEnt2xdwek/hqdefault.jpg?sqp=-oaymwE2CNACELwBSFXyq4qpAygIARUAAIhCGAFwAcABBvABAfgB_gmAAtAFigIMCAAQARhlIFwoQjAP&rs=AOn4CLAQWLKBEzWewLGljddRHZDd8DHO0w,Sergio Oliveira,external-reference,embed_link_and_summarize_only
KxpLSHuD_cQ,https://www.youtube.com/watch?v=KxpLSHuD_cQ,Kia Optima Ex 2.4 2016,351.0,,videos,https://i.ytimg.com/vi/KxpLSHuD_cQ/hqdefault.jpg?sqp=-oaymwE2CNACELwBSFXyq4qpAygIARUAAIhCGAFwAcABBvABAfgB_gmAAtAFigIMCAAQARhlIFUoTzAP&rs=AOn4CLCEx3QKYW47KT3e0pP-VcUkehKD5Q,Sergio Oliveira,external-reference,embed_link_and_summarize_only
Jigw_75-4cg,https://www.youtube.com/watch?v=Jigw_75-4cg,Los testigos del control de estabilidad del Kia Forte,179.0,,videos,https://i.ytimg.com/vi/Jigw_75-4cg/hqdefault.jpg?sqp=-oaymwE2CNACELwBSFXyq4qpAygIARUAAIhCGAFwAcABBvABAfgB_gmAAtAFigIMCAAQARhmIGYoZjAP&rs=AOn4CLDqTT_LJfsvAiE-X05qvHRCQ96HJA,Sergio Oliveira,external-reference,embed_link_and_summarize_only
asA57sikLtc,https://www.youtube.com/watch?v=asA57sikLtc,Dodge Challenger Hellcat Go Mango 2017,547.0,,videos,https://i.ytimg.com/vi/asA57sikLtc/hqdefault.jpg?sqp=-oaymwE2CNACELwBSFXyq4qpAygIARUAAIhCGAFwAcABBvABAfgB_gmAAtAFigIMCAAQARhKIFsoZTAP&rs=AOn4CLDiKbLlIkqm1-kx2amWnKGKrHl-9A,Sergio Oliveira,external-reference,embed_link_and_summarize_only
DuPzDhczs5g,https://www.youtube.com/watch?v=DuPzDhczs5g,Porsche 911 Carrera S 2017,737.0,,videos,https://i.ytimg.com/vi/DuPzDhczs5g/hqdefault.jpg?sqp=-oaymwE2CNACELwBSFXyq4qpAygIARUAAIhCGAFwAcABBvABAfgB_gmAAtAFigIMCAAQARhlIGUoZTAP&rs=AOn4CLBLLzCfv_VwZJ1IpRTarvriXt8BPg,Sergio Oliveira,external-reference,embed_link_and_summarize_only
48Vtrzcwz3k,https://www.youtube.com/watch?v=48Vtrzcwz3k,Hyundai Creta 2017,561.0,,videos,https://i.ytimg.com/vi/48Vtrzcwz3k/hqdefault.jpg?sqp=-oaymwE2CNACELwBSFXyq4qpAygIARUAAIhCGAFwAcABBvABAfgB_gmAAtAFigIMCAAQARhPIFwoZTAP&rs=AOn4CLAHS2YFt4cvXwuWgRqnJV75GgXL6w,Sergio Oliveira,external-reference,embed_link_and_summarize_only
BdpBW93O1bY,https://www.youtube.com/watch?v=BdpBW93O1bY,Airbus A 380 aterrizando en la Ciudad de México,232.0,,videos,https://i.ytimg.com/vi/BdpBW93O1bY/hqdefault.jpg?sqp=-oaymwE2CNACELwBSFXyq4qpAygIARUAAIhCGAFwAcABBvABAfgB_gmAAtAFigIMCAAQARhyIEEoUjAP&rs=AOn4CLDIA8e_24dCwVfId_4gZ-z6Xmm32w,Sergio Oliveira,external-reference,embed_link_and_summarize_only
0GeORdQxF58,https://www.youtube.com/watch?v=0GeORdQxF58,Renault Koleos 2017 primera impresión,190.0,,videos,https://i.ytimg.com/vi/0GeORdQxF58/hqdefault.jpg?sqp=-oaymwE2CNACELwBSFXyq4qpAygIARUAAIhCGAFwAcABBvABAfgB_gmAAtAFigIMCAAQARhyIFAoQjAP&rs=AOn4CLDM1jUJkGr_-Z6Y-s29byQEFEMQTQ,Sergio Oliveira,external-reference,embed_link_and_summarize_only
FkfiQgdlPnQ,https://www.youtube.com/watch?v=FkfiQgdlPnQ,Ford Fusion Híbrido 2017,492.0,,videos,https://i.ytimg.com/vi/FkfiQgdlPnQ/hqdefault.jpg?sqp=-oaymwE2CNACELwBSFXyq4qpAygIARUAAIhCGAFwAcABBvABAfgB_gmAAtAFigIMCAAQARhDIFkoZTAP&rs=AOn4CLAlBnVUPC-t4nMj_qRXnjaNm7zk5A,Sergio Oliveira,external-reference,embed_link_and_summarize_only
gES8E4CIh7g,https://www.youtube.com/watch?v=gES8E4CIh7g,Nissan Altima V6 2017,510.0,,videos,https://i.ytimg.com/vi/gES8E4CIh7g/hqdefault.jpg?sqp=-oaymwE2CNACELwBSFXyq4qpAygIARUAAIhCGAFwAcABBvABAfgB_gmAAtAFigIMCAAQARhMIFkoZTAP&rs=AOn4CLBRbXpbWzkJ7JWcKrIa6COM-6Qupg,Sergio Oliveira,external-reference,embed_link_and_summarize_only
FEL3WIYq8Kk,https://www.youtube.com/watch?v=FEL3WIYq8Kk,Kia Forte sedán 2017,396.0,,videos,https://i.ytimg.com/vi/FEL3WIYq8Kk/hqdefault.jpg?sqp=-oaymwE2CNACELwBSFXyq4qpAygIARUAAIhCGAFwAcABBvABAfgB_gmAAtAFigIMCAAQARhlIGUoZTAP&rs=AOn4CLCg0or9bB6qRLfy_rAhougHpAQi7A,Sergio Oliveira,external-reference,embed_link_and_summarize_only
rKW1q_6gIL0,https://www.youtube.com/watch?v=rKW1q_6gIL0,Dodge Neon 2017,516.0,,videos,https://i.ytimg.com/vi/rKW1q_6gIL0/hqdefault.jpg?sqp=-oaymwE2CNACELwBSFXyq4qpAygIARUAAIhCGAFwAcABBvABAfgB_gmAAtAFigIMCAAQARhlIFkoTjAP&rs=AOn4CLBuLE99pFmMsI7PW6lL05Cll9eUFg,Sergio Oliveira,external-reference,embed_link_and_summarize_only
M8te2DnkYO0,https://www.youtube.com/watch?v=M8te2DnkYO0,Chevrolet Cruze Premier 2016,675.0,,videos,https://i.ytimg.com/vi/M8te2DnkYO0/hqdefault.jpg?sqp=-oaymwE2CNACELwBSFXyq4qpAygIARUAAIhCGAFwAcABBvABAfgB_gmAAtAFigIMCAAQARhFIF4oZTAP&rs=AOn4CLDUujeHTCK2UXi7oW_acZQSd-qxqA,Sergio Oliveira,external-reference,embed_link_and_summarize_only
MrU7ERYiL2Q,https://www.youtube.com/watch?v=MrU7ERYiL2Q,Lincoln MKZ Reserve 3.0 T 2017,480.0,,videos,https://i.ytimg.com/vi/MrU7ERYiL2Q/hqdefault.jpg?sqp=-oaymwE2CNACELwBSFXyq4qpAygIARUAAIhCGAFwAcABBvABAfgB_gmAAtAFigIMCAAQARhFIEUoZTAP&rs=AOn4CLD-JZx63EqxEHsHvwIfKmi-hs-ahg,Sergio Oliveira,external-reference,embed_link_and_summarize_only
nAScJv3KuTA,https://www.youtube.com/watch?v=nAScJv3KuTA,Manejando en España el Volkswagen Golf R 2016,425.0,,videos,https://i.ytimg.com/vi/nAScJv3KuTA/hqdefault.jpg?sqp=-oaymwE2CNACELwBSFXyq4qpAygIARUAAIhCGAFwAcABBvABAfgB_gmAAtAFigIMCAAQARhlIFooSzAP&rs=AOn4CLCUB2F88mZ1uJaRR2YZc_siEN2Hmw,Sergio Oliveira,external-reference,embed_link_and_summarize_only
1OBx-plx31I,https://www.youtube.com/watch?v=1OBx-plx31I,Prueba Mazda CX-9 2016,574.0,,videos,https://i.ytimg.com/vi/1OBx-plx31I/hqdefault.jpg?sqp=-oaymwE2CNACELwBSFXyq4qpAygIARUAAIhCGAFwAcABBvABAfgB_gmAAtAFigIMCAAQARhlIFgoSDAP&rs=AOn4CLDr4pVuMsOP3SJx5wc9j_v6v3rRyA,Sergio Oliveira,external-reference,embed_link_and_summarize_only
tgX9g8-fd2Y,https://www.youtube.com/watch?v=tgX9g8-fd2Y,VW Golf R 2016,642.0,,videos,https://i.ytimg.com/vi/tgX9g8-fd2Y/hqdefault.jpg?sqp=-oaymwE2CNACELwBSFXyq4qpAygIARUAAIhCGAFwAcABBvABAfgB_gmAAtAFigIMCAAQARhHIFIoZTAP&rs=AOn4CLCGRy0ZhyvnMQzEzyf30ODlJ_hPvg,Sergio Oliveira,external-reference,embed_link_and_summarize_only
kLjbo62mjaA,https://www.youtube.com/watch?v=kLjbo62mjaA,Primera impresión Volvo S90,274.0,,videos,https://i.ytimg.com/vi/kLjbo62mjaA/hqdefault.jpg?sqp=-oaymwE2CNACELwBSFXyq4qpAygIARUAAIhCGAFwAcABBvABAfgB_gmAAtAFigIMCAAQARhlIGUoWjAP&rs=AOn4CLAGz4JFPsd_qmIJs-Jkl9PXM98F8g,Sergio Oliveira,external-reference,embed_link_and_summarize_only
7X9KLbLEy_o,https://www.youtube.com/watch?v=7X9KLbLEy_o,Volvo S90 se maneja solo,155.0,,videos,https://i.ytimg.com/vi/7X9KLbLEy_o/hqdefault.jpg?sqp=-oaymwE2CNACELwBSFXyq4qpAygIARUAAIhCGAFwAcABBvABAfgB_gmAAtAFigIMCAAQARhlIFQoTDAP&rs=AOn4CLA9fc8L5iSEKcSYjreVCx9R2SI8ow,Sergio Oliveira,external-reference,embed_link_and_summarize_only
qauye6X-_XA,https://www.youtube.com/watch?v=qauye6X-_XA,Nissan X-Trail  (Rogue) 2015,389.0,,videos,https://i.ytimg.com/vi/qauye6X-_XA/hqdefault.jpg?sqp=-oaymwE2CNACELwBSFXyq4qpAygIARUAAIhCGAFwAcABBvABAfgB_gmAAtAFigIMCAAQARhlIFwoQzAP&rs=AOn4CLBiiHGOkEwnLL2FAktrfORwTocTyQ,Sergio Oliveira,external-reference,embed_link_and_summarize_only
GuVX9zydjmQ,https://www.youtube.com/watch?v=GuVX9zydjmQ,Ford Edge Titanium 2016,605.0,,videos,https://i.ytimg.com/vi/GuVX9zydjmQ/hqdefault.jpg?sqp=-oaymwE2CNACELwBSFXyq4qpAygIARUAAIhCGAFwAcABBvABAfgB_gmAAtAFigIMCAAQARhyIFUoNzAP&rs=AOn4CLCjvR71kiYYCHpbuA8f8lWTjt28UQ,Sergio Oliveira,external-reference,embed_link_and_summarize_only
vpbvlPPAv6Y,https://www.youtube.com/watch?v=vpbvlPPAv6Y,Primera impresión Mazda CX-9 2017,530.0,,videos,https://i.ytimg.com/vi/vpbvlPPAv6Y/hqdefault.jpg?sqp=-oaymwE2CNACELwBSFXyq4qpAygIARUAAIhCGAFwAcABBvABAfgB_gmAAtAFigIMCAAQARhkIGQoZDAP&rs=AOn4CLDHPVGnYi5SnUmsKq9G7wAw-Q4obQ,Sergio Oliveira,external-reference,embed_link_and_summarize_only
O3RaFqtUZEU,https://www.youtube.com/watch?v=O3RaFqtUZEU,Audi R8,498.0,,videos,https://i.ytimg.com/vi/O3RaFqtUZEU/hqdefault.jpg?sqp=-oaymwEcCNACELwBSFXyq4qpAw4IARUAAIhCGAFwAcABBg==&rs=AOn4CLB7gffVmFyG6oeMsAcoA7KXtqY-Gw,Sergio Oliveira,external-reference,embed_link_and_summarize_only
bWEWNqte_OI,https://www.youtube.com/watch?v=bWEWNqte_OI,Alfa Romeo Giulieta Quadrifoglio Verde 2016,505.0,,videos,https://i.ytimg.com/vi/bWEWNqte_OI/hqdefault.jpg?sqp=-oaymwE2CNACELwBSFXyq4qpAygIARUAAIhCGAFwAcABBvABAfgB_gmAAtAFigIMCAAQARhaIFooWjAP&rs=AOn4CLBhshpMabCtuS9IC5NVWId53Nq0Xw,Sergio Oliveira,external-reference,embed_link_and_summarize_only
PKIq9Ge8oWY,https://www.youtube.com/watch?v=PKIq9Ge8oWY,Acura ILX 2016,492.0,,videos,https://i.ytimg.com/vi/PKIq9Ge8oWY/hqdefault.jpg?sqp=-oaymwE2CNACELwBSFXyq4qpAygIARUAAIhCGAFwAcABBvABAfgB_gmAAtAFigIMCAAQARhlIFooTTAP&rs=AOn4CLBS_4INBF3LXuZJ5FdKX2oaJXSqoA,Sergio Oliveira,external-reference,embed_link_and_summarize_only
Ox_W58Rh0P0,https://www.youtube.com/watch?v=Ox_W58Rh0P0,Beetle Dune 2'16,406.0,,videos,https://i.ytimg.com/vi/Ox_W58Rh0P0/hqdefault.jpg?sqp=-oaymwE2CNACELwBSFXyq4qpAygIARUAAIhCGAFwAcABBvABAfgB_gmAAtAFigIMCAAQARhlIFooTDAP&rs=AOn4CLD6WJ8V8yEE2GcBKA6CPN6Ae5cgcQ,Sergio Oliveira,external-reference,embed_link_and_summarize_only
rWmj5rZJcfM,https://www.youtube.com/watch?v=rWmj5rZJcfM,Audi R8 virtual cockpit,396.0,,videos,https://i.ytimg.com/vi/rWmj5rZJcfM/hqdefault.jpg?sqp=-oaymwE2CNACELwBSFXyq4qpAygIARUAAIhCGAFwAcABBvABAfgB_gmAAtAFigIMCAAQARhlIFkoUDAP&rs=AOn4CLCRy76J21rg2vRpc34IFjt1CoP02g,Sergio Oliveira,external-reference,embed_link_and_summarize_only
ZW_KmfTyWjo,https://www.youtube.com/watch?v=ZW_KmfTyWjo,Manejando el Audi R8 2017,767.0,,videos,https://i.ytimg.com/vi/ZW_KmfTyWjo/hqdefault.jpg?sqp=-oaymwE2CNACELwBSFXyq4qpAygIARUAAIhCGAFwAcABBvABAfgB_gmAAtAFigIMCAAQARhyID4oOTAP&rs=AOn4CLCw4sGaBW7ird9bGkrLkFuxyOMgJQ,Sergio Oliveira,external-reference,embed_link_and_summarize_only
Rdi0l5DIgfc,https://www.youtube.com/watch?v=Rdi0l5DIgfc,Mitsubishi Lancer GTS 2016,481.0,,videos,https://i.ytimg.com/vi/Rdi0l5DIgfc/hqdefault.jpg?sqp=-oaymwE2CNACELwBSFXyq4qpAygIARUAAIhCGAFwAcABBvABAfgB_gmAAtAFigIMCAAQARhgIGAoYDAP&rs=AOn4CLC5vG53aH21FvayKq2lx2OXdEGZcA,Sergio Oliveira,external-reference,embed_link_and_summarize_only
5OexzUS7bEo,https://www.youtube.com/watch?v=5OexzUS7bEo,Audi Q7 3.0T 2016,497.0,,videos,https://i.ytimg.com/vi/5OexzUS7bEo/hqdefault.jpg?sqp=-oaymwE2CNACELwBSFXyq4qpAygIARUAAIhCGAFwAcABBvABAfgB_gmAAtAFigIMCAAQARhlIF4oRjAP&rs=AOn4CLAYndYT2UHTbdILoRpT8OO9SPpO1A,Sergio Oliveira,external-reference,embed_link_and_summarize_only
X_cx5Gm6DC0,https://www.youtube.com/watch?v=X_cx5Gm6DC0,Dodge Charger R/T 2016,446.0,,videos,https://i.ytimg.com/vi/X_cx5Gm6DC0/hqdefault.jpg?sqp=-oaymwE2CNACELwBSFXyq4qpAygIARUAAIhCGAFwAcABBvABAfgB_gmAAtAFigIMCAAQARhlIF4oUzAP&rs=AOn4CLAulh3QxnTCS4rbmjTbZ_Rpa_w3eA,Sergio Oliveira,external-reference,embed_link_and_summarize_only
qlJC0b0jzaA,https://www.youtube.com/watch?v=qlJC0b0jzaA,Seat León FR Dynamic 2016,441.0,,videos,https://i.ytimg.com/vi/qlJC0b0jzaA/hqdefault.jpg?sqp=-oaymwE2CNACELwBSFXyq4qpAygIARUAAIhCGAFwAcABBvABAfgB_gmAAtAFigIMCAAQARhrIGsoazAP&rs=AOn4CLA-OSccPbu1wMZO0zZ-s1IYtN-JUQ,Sergio Oliveira,external-reference,embed_link_and_summarize_only
wpyQVKjrbXI,https://www.youtube.com/watch?v=wpyQVKjrbXI,Honda Accord V6 2016,505.0,,videos,https://i.ytimg.com/vi/wpyQVKjrbXI/hqdefault.jpg?sqp=-oaymwE2CNACELwBSFXyq4qpAygIARUAAIhCGAFwAcABBvABAfgB_gmAAtAFigIMCAAQARhlIFkoSjAP&rs=AOn4CLDIJdxDqjqQJJhUvGFeVMsBs9eqDw,Sergio Oliveira,external-reference,embed_link_and_summarize_only
9sjDUKxbOGU,https://www.youtube.com/watch?v=9sjDUKxbOGU,Kia Soul Ex 2016 Especificaciones mexicanas,633.0,,videos,https://i.ytimg.com/vi/9sjDUKxbOGU/hqdefault.jpg?sqp=-oaymwE2CNACELwBSFXyq4qpAygIARUAAIhCGAFwAcABBvABAfgB_gmAAtAFigIMCAAQARhlIGUoZTAP&rs=AOn4CLB-mxpaIzHQLZjWaycLQWtAIQmrbw,Sergio Oliveira,external-reference,embed_link_and_summarize_only
iAcr0Sa-uTs,https://www.youtube.com/watch?v=iAcr0Sa-uTs,Hyundai Santa Fe Sport 2017,559.0,,videos,https://i.ytimg.com/vi/iAcr0Sa-uTs/hqdefault.jpg?sqp=-oaymwE2CNACELwBSFXyq4qpAygIARUAAIhCGAFwAcABBvABAfgB_gmAAtAFigIMCAAQARhjIGMoYzAP&rs=AOn4CLBHumNqHPkSoyY5Q84FgesulUtFHg,Sergio Oliveira,external-reference,embed_link_and_summarize_only
kOqo5bu2mS4,https://www.youtube.com/watch?v=kOqo5bu2mS4,Dodge Challenger Scat Pack Shaker Hood 2015,501.0,,videos,https://i.ytimg.com/vi/kOqo5bu2mS4/hqdefault.jpg?sqp=-oaymwE2CNACELwBSFXyq4qpAygIARUAAIhCGAFwAcABBvABAfgB_gmAAtAFigIMCAAQARhlIFgoRzAP&rs=AOn4CLD3I7LCnxu6UhGP6BBkzqwNfhLpIg,Sergio Oliveira,external-reference,embed_link_and_summarize_only
vCJIm5hZfC0,https://www.youtube.com/watch?v=vCJIm5hZfC0,Acura RDX 2016,481.0,,videos,https://i.ytimg.com/vi/vCJIm5hZfC0/hqdefault.jpg?sqp=-oaymwE2CNACELwBSFXyq4qpAygIARUAAIhCGAFwAcABBvABAfgB_gmAAtAFigIMCAAQARhiIGIoYjAP&rs=AOn4CLAgF54FcYpwH2_rTL_LE0faf5U8ow,Sergio Oliveira,external-reference,embed_link_and_summarize_only
x-KKerdm0bU,https://www.youtube.com/watch?v=x-KKerdm0bU,Ford Ranger Diesel 3.2 Automática 2017,541.0,,videos,https://i.ytimg.com/vi/x-KKerdm0bU/hqdefault.jpg?sqp=-oaymwE2CNACELwBSFXyq4qpAygIARUAAIhCGAFwAcABBvABAfgB_gmAAtAFigIMCAAQARhlIFkoOzAP&rs=AOn4CLB42U62cAtszz_UiaJHuxzCb8QFoQ,Sergio Oliveira,external-reference,embed_link_and_summarize_only
0hdvSIQ4wR0,https://www.youtube.com/watch?v=0hdvSIQ4wR0,Honda Pilot 2016,535.0,,videos,https://i.ytimg.com/vi/0hdvSIQ4wR0/hqdefault.jpg?sqp=-oaymwE2CNACELwBSFXyq4qpAygIARUAAIhCGAFwAcABBvABAfgB_gmAAtAFigIMCAAQARhlIFooTzAP&rs=AOn4CLBGQ1PGIMHKKIlts_ZODLX58A508g,Sergio Oliveira,external-reference,embed_link_and_summarize_only
6uFANBOGICg,https://www.youtube.com/watch?v=6uFANBOGICg,Nissan Sentra 2017,552.0,,videos,https://i.ytimg.com/vi/6uFANBOGICg/hqdefault.jpg?sqp=-oaymwE2CNACELwBSFXyq4qpAygIARUAAIhCGAFwAcABBvABAfgB_gmAAtAFigIMCAAQARhlIFooTDAP&rs=AOn4CLAfBOtBgzPgq7HwfFJc4rYrWe7GGg,Sergio Oliveira,external-reference,embed_link_and_summarize_only
i59ImmM0r4Q,https://www.youtube.com/watch?v=i59ImmM0r4Q,Suzuki Vitara All Grip 2016,555.0,,videos,https://i.ytimg.com/vi/i59ImmM0r4Q/hqdefault.jpg?sqp=-oaymwEcCNACELwBSFXyq4qpAw4IARUAAIhCGAFwAcABBg==&rs=AOn4CLBTCuCQXZgJhewyi5nThFkMoAj_Jw,Sergio Oliveira,external-reference,embed_link_and_summarize_only
eypIWZKe5xU,https://www.youtube.com/watch?v=eypIWZKe5xU,Jaguar XE,635.0,,videos,https://i.ytimg.com/vi/eypIWZKe5xU/hqdefault.jpg?sqp=-oaymwE2CNACELwBSFXyq4qpAygIARUAAIhCGAFwAcABBvABAfgB_gmAAtAFigIMCAAQARhlIFYoVDAP&rs=AOn4CLAiP0c6kl_8aqSbJnFBRF_MOEfeyQ,Sergio Oliveira,external-reference,embed_link_and_summarize_only
_PxUOthdNwE,https://www.youtube.com/watch?v=_PxUOthdNwE,Jeep Wrangler 2016 75 years,499.0,,videos,https://i.ytimg.com/vi/_PxUOthdNwE/hqdefault.jpg?sqp=-oaymwE2CNACELwBSFXyq4qpAygIARUAAIhCGAFwAcABBvABAfgB_gmAAtAFigIMCAAQARhlIF0oVDAP&rs=AOn4CLBTUD1gIb0n3ZlAtW7w2u70mKaYFQ,Sergio Oliveira,external-reference,embed_link_and_summarize_only
0176g0FTISM,https://www.youtube.com/watch?v=0176g0FTISM,Kia Sportage 2.4 2016,471.0,,videos,https://i.ytimg.com/vi/0176g0FTISM/hqdefault.jpg?sqp=-oaymwE2CNACELwBSFXyq4qpAygIARUAAIhCGAFwAcABBvABAfgB_gmAAtAFigIMCAAQARhnIGcoZzAP&rs=AOn4CLDt1RYe5x1fXsfo3azWkBQeo-XsJQ,Sergio Oliveira,external-reference,embed_link_and_summarize_only
L64f1ozfgHA,https://www.youtube.com/watch?v=L64f1ozfgHA,Por dentro de la Kia Soul 2016,420.0,,videos,https://i.ytimg.com/vi/L64f1ozfgHA/hqdefault.jpg?sqp=-oaymwE2CNACELwBSFXyq4qpAygIARUAAIhCGAFwAcABBvABAfgB_gmAAtAFigIMCAAQARhlIEgoSzAP&rs=AOn4CLDlUeUG5b6bXrLdqKklrw4JkQN5GA,Sergio Oliveira,external-reference,embed_link_and_summarize_only
ykqEXD4x_iw,https://www.youtube.com/watch?v=ykqEXD4x_iw,Honda Civic Coupé 2016,585.0,,videos,https://i.ytimg.com/vi/ykqEXD4x_iw/hqdefault.jpg?sqp=-oaymwE2CNACELwBSFXyq4qpAygIARUAAIhCGAFwAcABBvABAfgB_gmAAtAFigIMCAAQARhlIFwoTTAP&rs=AOn4CLC5uChS2l1tO7x66CfAoz7PgyFYYg,Sergio Oliveira,external-reference,embed_link_and_summarize_only
JCvrdRVeiZw,https://www.youtube.com/watch?v=JCvrdRVeiZw,Jeep Renegade 2016,427.0,,videos,https://i.ytimg.com/vi/JCvrdRVeiZw/hqdefault.jpg?sqp=-oaymwE2CNACELwBSFXyq4qpAygIARUAAIhCGAFwAcABBvABAfgB_gmAAtAFigIMCAAQARhdIF0oXTAP&rs=AOn4CLAvKeCPOi05aKGcLd-vDCq1PYH0rg,Sergio Oliveira,external-reference,embed_link_and_summarize_only
TNb1fxguqT4,https://www.youtube.com/watch?v=TNb1fxguqT4,Fiat Mobi y Fiat Toro 206,460.0,,videos,https://i.ytimg.com/vi/TNb1fxguqT4/hqdefault.jpg?sqp=-oaymwE2CNACELwBSFXyq4qpAygIARUAAIhCGAFwAcABBvABAfgB_gmAAtAFigIMCAAQARh_IBMoHDAP&rs=AOn4CLAxBxqRUEzXL6Nfgn1dambHsjWzZg,Sergio Oliveira,external-reference,embed_link_and_summarize_only
cOD87F0pTFY,https://www.youtube.com/watch?v=cOD87F0pTFY,Chevrolet Malibu Premier 2016,539.0,,videos,https://i.ytimg.com/vi/cOD87F0pTFY/hqdefault.jpg?sqp=-oaymwE2CNACELwBSFXyq4qpAygIARUAAIhCGAFwAcABBvABAfgB_gmAAtAFigIMCAAQARhlIFsoTzAP&rs=AOn4CLDPUcJAbBlZnqK19mIyapAOqrsyPw,Sergio Oliveira,external-reference,embed_link_and_summarize_only
HJuODjVdvTg,https://www.youtube.com/watch?v=HJuODjVdvTg,Infiniti Q70 2016,540.0,,videos,https://i.ytimg.com/vi/HJuODjVdvTg/hqdefault.jpg?sqp=-oaymwE2CNACELwBSFXyq4qpAygIARUAAIhCGAFwAcABBvABAfgB_gmAAtAFigIMCAAQARhlIGIoSTAP&rs=AOn4CLBVL-hyqMI1yHv8pkl3TzMxkm0ivA,Sergio Oliveira,external-reference,embed_link_and_summarize_only
lZzaeSq62rg,https://www.youtube.com/watch?v=lZzaeSq62rg,Renault Sandero RS 2016,441.0,,videos,https://i.ytimg.com/vi/lZzaeSq62rg/hqdefault.jpg?sqp=-oaymwE2CNACELwBSFXyq4qpAygIARUAAIhCGAFwAcABBvABAfgB_gmAAtAFigIMCAAQARhlIF4oUzAP&rs=AOn4CLChV9_r2UZ46dRAsaccqgwgVWTsAw,Sergio Oliveira,external-reference,embed_link_and_summarize_only
zAat3hW_jvM,https://www.youtube.com/watch?v=zAat3hW_jvM,Audi Q3 1.4 S-Line 2016,486.0,,videos,https://i.ytimg.com/vi/zAat3hW_jvM/hqdefault.jpg?sqp=-oaymwE2CNACELwBSFXyq4qpAygIARUAAIhCGAFwAcABBvABAfgB_gmAAtAFigIMCAAQARhlIGAoVTAP&rs=AOn4CLBCylp9cEUzf4zFQliZ0j-0fQX8mQ,Sergio Oliveira,external-reference,embed_link_and_summarize_only
vjrnjaEsvmI,https://www.youtube.com/watch?v=vjrnjaEsvmI,Ferrari 488 GTB 2016,583.0,,videos,https://i.ytimg.com/vi/vjrnjaEsvmI/hqdefault.jpg?sqp=-oaymwE2CNACELwBSFXyq4qpAygIARUAAIhCGAFwAcABBvABAfgB_gmAAtAFigIMCAAQARhOIFMoZTAP&rs=AOn4CLBbdl_lUp7a8JKy-H4ZO6S93TdYrQ,Sergio Oliveira,external-reference,embed_link_and_summarize_only
e8-onFykC34,https://www.youtube.com/watch?v=e8-onFykC34,Cadillac CTS-V 2016,404.0,,videos,https://i.ytimg.com/vi/e8-onFykC34/hqdefault.jpg?sqp=-oaymwE2CNACELwBSFXyq4qpAygIARUAAIhCGAFwAcABBvABAfgB_gmAAtAFigIMCAAQARhlIF8oVTAP&rs=AOn4CLCrL6UZM4bQQasKL0HJaRs5w_5owg,Sergio Oliveira,external-reference,embed_link_and_summarize_only
hzBr7VAyfXQ,https://www.youtube.com/watch?v=hzBr7VAyfXQ,Ford Edge Sport 2016,414.0,,videos,https://i.ytimg.com/vi/hzBr7VAyfXQ/hqdefault.jpg?sqp=-oaymwE2CNACELwBSFXyq4qpAygIARUAAIhCGAFwAcABBvABAfgB_gmAAtAFigIMCAAQARhlIGAoVjAP&rs=AOn4CLDrvNMDCDqf9IjGbD5PSV0JH0NB1A,Sergio Oliveira,external-reference,embed_link_and_summarize_only
md6CHqoiKmM,https://www.youtube.com/watch?v=md6CHqoiKmM,Toyota Prius 2016,512.0,,videos,https://i.ytimg.com/vi/md6CHqoiKmM/hqdefault.jpg?sqp=-oaymwE2CNACELwBSFXyq4qpAygIARUAAIhCGAFwAcABBvABAfgB_gmAAtAFigIMCAAQARhlIGUoZTAP&rs=AOn4CLCFxjp4QfQ19YezHJ1GofRHBYuJlA,Sergio Oliveira,external-reference,embed_link_and_summarize_only
2IWbM0CPuD4,https://www.youtube.com/watch?v=2IWbM0CPuD4,Buick Envision 2016,523.0,,videos,https://i.ytimg.com/vi/2IWbM0CPuD4/hqdefault.jpg?sqp=-oaymwE2CNACELwBSFXyq4qpAygIARUAAIhCGAFwAcABBvABAfgB_gmAAtAFigIMCAAQARhlIGAoQjAP&rs=AOn4CLBzcFI5sPtXJFUIZziaovSosbBaXg,Sergio Oliveira,external-reference,embed_link_and_summarize_only
r3ZxjXVWpZc,https://www.youtube.com/watch?v=r3ZxjXVWpZc,Hyundai Elantra Limited Tech Navi 2017,483.0,,videos,https://i.ytimg.com/vi/r3ZxjXVWpZc/hqdefault.jpg?sqp=-oaymwE2CNACELwBSFXyq4qpAygIARUAAIhCGAFwAcABBvABAfgB_gmAAtAFigIMCAAQARhlIFUoRDAP&rs=AOn4CLD-a4A4m5YOighAK_8l-s2ZY3hMJw,Sergio Oliveira,external-reference,embed_link_and_summarize_only
rlAy9-WtyGA,https://www.youtube.com/watch?v=rlAy9-WtyGA,GMC Terrain Denali 2016,348.0,,videos,https://i.ytimg.com/vi/rlAy9-WtyGA/hqdefault.jpg?sqp=-oaymwE2CNACELwBSFXyq4qpAygIARUAAIhCGAFwAcABBvABAfgB1AaAAuADigIMCAAQARhlIFsoVDAP&rs=AOn4CLBuVjUsj9dyy9UoCNI-kx9bw5FJeA,Sergio Oliveira,external-reference,embed_link_and_summarize_only
DIoicLUP0OE,https://www.youtube.com/watch?v=DIoicLUP0OE,Ford Lobo King Ranch 2016,481.0,,videos,https://i.ytimg.com/vi/DIoicLUP0OE/hqdefault.jpg?sqp=-oaymwE2CNACELwBSFXyq4qpAygIARUAAIhCGAFwAcABBvABAfgB_gmAAtAFigIMCAAQARhCIGMoZTAP&rs=AOn4CLDg0DSU3tdZUVdJChaV-Q9aPMpw8g,Sergio Oliveira,external-reference,embed_link_and_summarize_only
zgjH9w1uQAE,https://www.youtube.com/watch?v=zgjH9w1uQAE,Kia Sorento V6 AWD 2016,331.0,,videos,https://i.ytimg.com/vi/zgjH9w1uQAE/hqdefault.jpg?sqp=-oaymwE2CNACELwBSFXyq4qpAygIARUAAIhCGAFwAcABBvABAfgB_gmAAtAFigIMCAAQARhjIGMoYzAP&rs=AOn4CLBIIr_qX8YgwY2BoSR-SH4rkinvRw,Sergio Oliveira,external-reference,embed_link_and_summarize_only
Q9u0THDAiLs,https://www.youtube.com/watch?v=Q9u0THDAiLs,Seat León Connect 2016,359.0,,videos,https://i.ytimg.com/vi/Q9u0THDAiLs/hqdefault.jpg?sqp=-oaymwE2CNACELwBSFXyq4qpAygIARUAAIhCGAFwAcABBvABAfgB_gmAAtAFigIMCAAQARhlIFwoTjAP&rs=AOn4CLBMFnYcJ-DybDIbIyRo_a4wTfwUrQ,Sergio Oliveira,external-reference,embed_link_and_summarize_only
CyRUm2T60EA,https://www.youtube.com/watch?v=CyRUm2T60EA,Apple Car Play en el VW Passat 2016,278.0,,videos,https://i.ytimg.com/vi/CyRUm2T60EA/hqdefault.jpg?sqp=-oaymwE2CNACELwBSFXyq4qpAygIARUAAIhCGAFwAcABBvABAfgB_gmAAtAFigIMCAAQARhlIGIoUTAP&rs=AOn4CLC3QgdNcz9OgMp-wdzqbCq7EsmITA,Sergio Oliveira,external-reference,embed_link_and_summarize_only
RxuM2FesumE,https://www.youtube.com/watch?v=RxuM2FesumE,El sonido del motor del Camaro SS 2016,27.0,,videos,https://i.ytimg.com/vi/RxuM2FesumE/hqdefault.jpg?sqp=-oaymwE2CNACELwBSFXyq4qpAygIARUAAIhCGAFwAcABBvABAfgB_gmAAtAFigIMCAAQARhlIGAoWjAP&rs=AOn4CLBFYZJ0iHV__P2FVITVNvLce8YSqw,Sergio Oliveira,external-reference,embed_link_and_summarize_only
fjeS0krWu2k,https://www.youtube.com/watch?v=fjeS0krWu2k,Peugeot Partner Tepee diesel 2015,340.0,,videos,https://i.ytimg.com/vi/fjeS0krWu2k/hqdefault.jpg?sqp=-oaymwE2CNACELwBSFXyq4qpAygIARUAAIhCGAFwAcABBvABAfgB_gmAAtAFigIMCAAQARhkIGQoZDAP&rs=AOn4CLDKEc1Fnu1-U1Sf-U4zZCErErxRgQ,Sergio Oliveira,external-reference,embed_link_and_summarize_only
IkN0nSmbrHA,https://www.youtube.com/watch?v=IkN0nSmbrHA,Chevrolet Camaro SS 2016,483.0,,videos,https://i.ytimg.com/vi/IkN0nSmbrHA/hqdefault.jpg?sqp=-oaymwE2CNACELwBSFXyq4qpAygIARUAAIhCGAFwAcABBvABAfgB_gmAAtAFigIMCAAQARhlIFQoRTAP&rs=AOn4CLDit_cY3-oiPz9v8k8WX7cCEc8wnQ,Sergio Oliveira,external-reference,embed_link_and_summarize_only
jU2PhKfFWf4,https://www.youtube.com/watch?v=jU2PhKfFWf4,Audi TTS 2016,462.0,,videos,https://i.ytimg.com/vi/jU2PhKfFWf4/hqdefault.jpg?sqp=-oaymwE2CNACELwBSFXyq4qpAygIARUAAIhCGAFwAcABBvABAfgB_gmAAtAFigIMCAAQARhlIFsoUjAP&rs=AOn4CLBbjyeOfv5Qt1YwmA-MbESgsFjAGg,Sergio Oliveira,external-reference,embed_link_and_summarize_only
L2joVjFLG5w,https://www.youtube.com/watch?v=L2joVjFLG5w,Kia Optima SLX Turbo 2016,506.0,,videos,https://i.ytimg.com/vi/L2joVjFLG5w/hqdefault.jpg?sqp=-oaymwE2CNACELwBSFXyq4qpAygIARUAAIhCGAFwAcABBvABAfgB_gmAAtAFigIMCAAQARhlIFkoTTAP&rs=AOn4CLCYFYIXQKTam6KMq8A_1g6zP7rWNA,Sergio Oliveira,external-reference,embed_link_and_summarize_only
TNdivGknPHY,https://www.youtube.com/watch?v=TNdivGknPHY,Volvo XC 90 Momentum 2016,524.0,,videos,https://i.ytimg.com/vi/TNdivGknPHY/hqdefault.jpg?sqp=-oaymwE2CNACELwBSFXyq4qpAygIARUAAIhCGAFwAcABBvABAfgB_gmAAtAFigIMCAAQARhlIFYoSTAP&rs=AOn4CLBcoeb42SQ6pzPK2JSBzXGYR6GQEw,Sergio Oliveira,external-reference,embed_link_and_summarize_only
LJbRadif4PU,https://www.youtube.com/watch?v=LJbRadif4PU,Fiat 500 X 2016 México,315.0,,videos,https://i.ytimg.com/vi/LJbRadif4PU/hqdefault.jpg?sqp=-oaymwE2CNACELwBSFXyq4qpAygIARUAAIhCGAFwAcABBvABAfgB_gmAAtAFigIMCAAQARhlIGUoZTAP&rs=AOn4CLCT63W_n5_02qslG2tIn4-xnfNfPA,Sergio Oliveira,external-reference,embed_link_and_summarize_only
FhIzM8T2810,https://www.youtube.com/watch?v=FhIzM8T2810,Chevrolet Spark LTZ 2016 Versión para México,362.0,,videos,https://i.ytimg.com/vi/FhIzM8T2810/hqdefault.jpg?sqp=-oaymwE2CNACELwBSFXyq4qpAygIARUAAIhCGAFwAcABBvABAfgB_gmAAtAFigIMCAAQARhlIEgoQzAP&rs=AOn4CLAb7k9-izeWUsZxrvASq-Rp9houBA,Sergio Oliveira,external-reference,embed_link_and_summarize_only
X5B4dXnEjjk,https://www.youtube.com/watch?v=X5B4dXnEjjk,Audi S6 2015,478.0,,videos,https://i.ytimg.com/vi/X5B4dXnEjjk/hqdefault.jpg?sqp=-oaymwE2CNACELwBSFXyq4qpAygIARUAAIhCGAFwAcABBvABAfgB_gmAAtAFigIMCAAQARhlIFooQDAP&rs=AOn4CLD44JKhfxv-60pFZIf40WvnRtnmww,Sergio Oliveira,external-reference,embed_link_and_summarize_only
3AhXEpsrceU,https://www.youtube.com/watch?v=3AhXEpsrceU,Audi A4 2.0 T Quattro,453.0,,videos,https://i.ytimg.com/vi/3AhXEpsrceU/hqdefault.jpg?sqp=-oaymwE2CNACELwBSFXyq4qpAygIARUAAIhCGAFwAcABBvABAfgB_gmAAtAFigIMCAAQARhlIFgoTjAP&rs=AOn4CLBxIdgOtbt3xY_pOXLft2hsHvgPGQ,Sergio Oliveira,external-reference,embed_link_and_summarize_only
qC7a5TdeZ6o,https://www.youtube.com/watch?v=qC7a5TdeZ6o,Chevrolet Colorado V6 4x4 2016,317.0,,videos,https://i.ytimg.com/vi/qC7a5TdeZ6o/hqdefault.jpg?sqp=-oaymwE2CNACELwBSFXyq4qpAygIARUAAIhCGAFwAcABBvABAfgB_gmAAtAFigIMCAAQARhyIF0oQjAP&rs=AOn4CLBg4HpUkOhP0VDf-4_N2wL89E5g0Q,Sergio Oliveira,external-reference,embed_link_and_summarize_only
n0Nkfg6RFfI,https://www.youtube.com/watch?v=n0Nkfg6RFfI,VW Up! 2016,485.0,,videos,https://i.ytimg.com/vi/n0Nkfg6RFfI/hqdefault.jpg?sqp=-oaymwE2CNACELwBSFXyq4qpAygIARUAAIhCGAFwAcABBvABAfgB_gmAAtAFigIMCAAQARhlIFgoRDAP&rs=AOn4CLCO0LkM50irKLzOh-1XNoygp4vXKw,Sergio Oliveira,external-reference,embed_link_and_summarize_only
VlR0JguKsL4,https://www.youtube.com/watch?v=VlR0JguKsL4,Mustang GT California Special 2016,361.0,,videos,https://i.ytimg.com/vi/VlR0JguKsL4/hqdefault.jpg?sqp=-oaymwE2CNACELwBSFXyq4qpAygIARUAAIhCGAFwAcABBvABAfgB_gmAAtAFigIMCAAQARhlIGMoTDAP&rs=AOn4CLACMc02KHKFTKjZepsYnN3ZsVsCjQ,Sergio Oliveira,external-reference,embed_link_and_summarize_only
SEMDZvnYyxc,https://www.youtube.com/watch?v=SEMDZvnYyxc,Cadillac ATS-V 2016,457.0,,videos,https://i.ytimg.com/vi/SEMDZvnYyxc/hqdefault.jpg?sqp=-oaymwE2CNACELwBSFXyq4qpAygIARUAAIhCGAFwAcABBvABAfgB_gmAAtAFigIMCAAQARhlIFooTjAP&rs=AOn4CLCDQjmKu3Tp7AC0rwCEmooJ1IxmeQ,Sergio Oliveira,external-reference,embed_link_and_summarize_only
XeyE8UCWMRY,https://www.youtube.com/watch?v=XeyE8UCWMRY,Toyota Tacoma TRD Sport 4x4 2016,373.0,,videos,https://i.ytimg.com/vi/XeyE8UCWMRY/hqdefault.jpg?sqp=-oaymwE2CNACELwBSFXyq4qpAygIARUAAIhCGAFwAcABBvABAfgB_gmAAtAFigIMCAAQARhlIFooTjAP&rs=AOn4CLC92wHA7cv2eIOxOW1F7ieWpnjxmw,Sergio Oliveira,external-reference,embed_link_and_summarize_only
G9z8CzSjfOs,https://www.youtube.com/watch?v=G9z8CzSjfOs,Civic turbo 2016,534.0,,videos,https://i.ytimg.com/vi/G9z8CzSjfOs/hqdefault.jpg?sqp=-oaymwE2CNACELwBSFXyq4qpAygIARUAAIhCGAFwAcABBvABAfgB_gmAAtAFigIMCAAQARhlIFAoOzAP&rs=AOn4CLBaU1H7WBFdk65n_EZ-LuGebE22Cw,Sergio Oliveira,external-reference,embed_link_and_summarize_only
YGGbVk0CbAw,https://www.youtube.com/watch?v=YGGbVk0CbAw,Chevrolet Equinox 2016,355.0,,videos,https://i.ytimg.com/vi/YGGbVk0CbAw/hqdefault.jpg?sqp=-oaymwE2CNACELwBSFXyq4qpAygIARUAAIhCGAFwAcABBvABAfgB_gmAAtAFigIMCAAQARhlIGUoUzAP&rs=AOn4CLAxCKNrdg-oqpuJw9_HZiuKvZSVFw,Sergio Oliveira,external-reference,embed_link_and_summarize_only
Gl50G2jopVY,https://www.youtube.com/watch?v=Gl50G2jopVY,Kia Rio hacthback 2016,459.0,,videos,https://i.ytimg.com/vi/Gl50G2jopVY/hqdefault.jpg?sqp=-oaymwE2CNACELwBSFXyq4qpAygIARUAAIhCGAFwAcABBvABAfgB_gmAAtAFigIMCAAQARhlIF0oWDAP&rs=AOn4CLDcTd8tmW67YspMHQxpCQWeMv9eEQ,Sergio Oliveira,external-reference,embed_link_and_summarize_only
m3YJ43R-LBs,https://www.youtube.com/watch?v=m3YJ43R-LBs,Seat León ST 2016,297.0,,videos,https://i.ytimg.com/vi/m3YJ43R-LBs/hqdefault.jpg?sqp=-oaymwE2CNACELwBSFXyq4qpAygIARUAAIhCGAFwAcABBvABAfgB_gmAAtAFigIMCAAQARhlIF4oVzAP&rs=AOn4CLC55hfTUdIPwCeXr4Q8nH_8WuE5QA,Sergio Oliveira,external-reference,embed_link_and_summarize_only
CAhB1uV_iow,https://www.youtube.com/watch?v=CAhB1uV_iow,VW Passat V6 2016,354.0,,videos,https://i.ytimg.com/vi/CAhB1uV_iow/hqdefault.jpg?sqp=-oaymwE2CNACELwBSFXyq4qpAygIARUAAIhCGAFwAcABBvABAfgB_gmAAtAFigIMCAAQARhlIFgoSzAP&rs=AOn4CLA_TP_Jo2eadDxpV8CFqr9Pib1L0A,Sergio Oliveira,external-reference,embed_link_and_summarize_only
13n8E_jvaeA,https://www.youtube.com/watch?v=13n8E_jvaeA,Honda Civic Turbo 2016 - motor,43.0,,videos,https://i.ytimg.com/vi/13n8E_jvaeA/hqdefault.jpg?sqp=-oaymwE2CNACELwBSFXyq4qpAygIARUAAIhCGAFwAcABBvABAfgB_gmAAtAFigIMCAAQARhgIGAoYDAP&rs=AOn4CLBApL2rWQGQLbhkPlwJQAmHIbIa7Q,Sergio Oliveira,external-reference,embed_link_and_summarize_only
mPTItbvXahg,https://www.youtube.com/watch?v=mPTItbvXahg,Honda Civic 2016 Car Play,87.0,,videos,https://i.ytimg.com/vi/mPTItbvXahg/hqdefault.jpg?sqp=-oaymwE2CNACELwBSFXyq4qpAygIARUAAIhCGAFwAcABBvABAfgB_gmAAtAFigIMCAAQARhyIEAoMzAP&rs=AOn4CLDvpaOEUGBdzSC_SdrzfIPGmeEDdg,Sergio Oliveira,external-reference,embed_link_and_summarize_only
P-bhU9PR-uY,https://www.youtube.com/watch?v=P-bhU9PR-uY,Lincoln MKX 2016,415.0,,videos,https://i.ytimg.com/vi/P-bhU9PR-uY/hqdefault.jpg?sqp=-oaymwE2CNACELwBSFXyq4qpAygIARUAAIhCGAFwAcABBvABAfgB_gmAAtAFigIMCAAQARhlIFwoVjAP&rs=AOn4CLBX9pn--ycHFy8FFBMt1klSpjjbkQ,Sergio Oliveira,external-reference,embed_link_and_summarize_only
9wlMHpk5RRc,https://www.youtube.com/watch?v=9wlMHpk5RRc,Mercedes-Benz C 250 2016,332.0,,videos,https://i.ytimg.com/vi/9wlMHpk5RRc/hqdefault.jpg?sqp=-oaymwE2CNACELwBSFXyq4qpAygIARUAAIhCGAFwAcABBvABAfgB_gmAAtAFigIMCAAQARgzIFgofzAP&rs=AOn4CLDcyTPbIY-Eh7E3ur8msiVB_V4n9Q,Sergio Oliveira,external-reference,embed_link_and_summarize_only
4MVK-4mEDNg,https://www.youtube.com/watch?v=4MVK-4mEDNg,VW Polo TSI 2016,366.0,,videos,https://i.ytimg.com/vi/4MVK-4mEDNg/hqdefault.jpg?sqp=-oaymwE2CNACELwBSFXyq4qpAygIARUAAIhCGAFwAcABBvABAfgB_gmAAtAFigIMCAAQARhlIFgoVTAP&rs=AOn4CLD5uAv06FsdE6pr4-1QdPMIcHHoqQ,Sergio Oliveira,external-reference,embed_link_and_summarize_only
eq2ySyjFCi8,https://www.youtube.com/watch?v=eq2ySyjFCi8,Toyota Yaris-R,377.0,,videos,https://i.ytimg.com/vi/eq2ySyjFCi8/hqdefault.jpg?sqp=-oaymwE2CNACELwBSFXyq4qpAygIARUAAIhCGAFwAcABBvABAfgB_gmAAtAFigIMCAAQARhlIFYoTDAP&rs=AOn4CLDjJVygl3xfdNJr06Sm-NoPfzD3gw,Sergio Oliveira,external-reference,embed_link_and_summarize_only
Ro_lvlf7-rw,https://www.youtube.com/watch?v=Ro_lvlf7-rw,Kia Forte 2016,306.0,,videos,https://i.ytimg.com/vi/Ro_lvlf7-rw/hqdefault.jpg?sqp=-oaymwE2CNACELwBSFXyq4qpAygIARUAAIhCGAFwAcABBvABAfgB_gmAAtAFigIMCAAQARhlIF4oVjAP&rs=AOn4CLC1tP3t4XNE-ZblSOI36xxKYM971g,Sergio Oliveira,external-reference,embed_link_and_summarize_only
rceaiBdSjfU,https://www.youtube.com/watch?v=rceaiBdSjfU,Chevrolet S-10 2016,314.0,,videos,https://i.ytimg.com/vi/rceaiBdSjfU/hqdefault.jpg?sqp=-oaymwE2CNACELwBSFXyq4qpAygIARUAAIhCGAFwAcABBvABAfgB_gmAAtAFigIMCAAQARhhIGEoYTAP&rs=AOn4CLBWIpvFS1Lp2eSXgklPhTbISmLoIw,Sergio Oliveira,external-reference,embed_link_and_summarize_only
m_nFUmV_D0g,https://www.youtube.com/watch?v=m_nFUmV_D0g,Mazda CX-3 2016,384.0,,videos,https://i.ytimg.com/vi/m_nFUmV_D0g/hqdefault.jpg?sqp=-oaymwE2CNACELwBSFXyq4qpAygIARUAAIhCGAFwAcABBvABAfgB_gmAAtAFigIMCAAQARhlIFgoQzAP&rs=AOn4CLBUoE9WBb4JagW64656MI2_kGnMkA,Sergio Oliveira,external-reference,embed_link_and_summarize_only
iMcdb96iBl4,https://www.youtube.com/watch?v=iMcdb96iBl4,Chevrolet Volt 2016,401.0,,videos,https://i.ytimg.com/vi/iMcdb96iBl4/hqdefault.jpg?sqp=-oaymwE2CNACELwBSFXyq4qpAygIARUAAIhCGAFwAcABBvABAfgB_gmAAtAFigIMCAAQARhlIFsoUTAP&rs=AOn4CLDdFSDC2P7iuClUeWIFNQn3kGmIOQ,Sergio Oliveira,external-reference,embed_link_and_summarize_only
f-P5tqsNtgM,https://www.youtube.com/watch?v=f-P5tqsNtgM,Hyundai Tucson Limited 2016,295.0,,videos,https://i.ytimg.com/vi/f-P5tqsNtgM/hqdefault.jpg?sqp=-oaymwE2CNACELwBSFXyq4qpAygIARUAAIhCGAFwAcABBvABAfgB_gmAAtAFigIMCAAQARhKIF0oZTAP&rs=AOn4CLDhYmg-90byJbf_ylcuUdAU_a76Jw,Sergio Oliveira,external-reference,embed_link_and_summarize_only
MTVVRt4g-rY,https://www.youtube.com/watch?v=MTVVRt4g-rY,BMW Serie 7 2016,474.0,,videos,https://i.ytimg.com/vi/MTVVRt4g-rY/hqdefault.jpg?sqp=-oaymwE2CNACELwBSFXyq4qpAygIARUAAIhCGAFwAcABBvABAfgB_gmAAtAFigIMCAAQARhlIFsoWDAP&rs=AOn4CLAAittozXLDEALoUGfjvRosBP__bA,Sergio Oliveira,external-reference,embed_link_and_summarize_only
b960P0_BaGI,https://www.youtube.com/watch?v=b960P0_BaGI,Peugeot 301 HDI,298.0,,videos,https://i.ytimg.com/vi/b960P0_BaGI/hqdefault.jpg?sqp=-oaymwE2CNACELwBSFXyq4qpAygIARUAAIhCGAFwAcABBvABAfgB_gmAAtAFigIMCAAQARhlIF0oVjAP&rs=AOn4CLBkOpkAeJ-W5fY6VNmww8v54-H3Vw,Sergio Oliveira,external-reference,embed_link_and_summarize_only
BSEyQwoVNbY,https://www.youtube.com/watch?v=BSEyQwoVNbY,Ram Laramie Limited 2016,261.0,,videos,https://i.ytimg.com/vi/BSEyQwoVNbY/hqdefault.jpg?sqp=-oaymwE2CNACELwBSFXyq4qpAygIARUAAIhCGAFwAcABBvABAfgB_gmAAtAFigIMCAAQARheIF4oXjAP&rs=AOn4CLB4LcqVcEcC_WiNfC0xhTSmtc2y-Q,Sergio Oliveira,external-reference,embed_link_and_summarize_only
3OWMljtLr04,https://www.youtube.com/watch?v=3OWMljtLr04,Ford Figo (Ka) 2016,399.0,,videos,https://i.ytimg.com/vi/3OWMljtLr04/hqdefault.jpg?sqp=-oaymwE2CNACELwBSFXyq4qpAygIARUAAIhCGAFwAcABBvABAfgB_gmAAtAFigIMCAAQARhlIF8oWjAP&rs=AOn4CLDQ7ljxiEEzC_M3kCx5eBWNenFEqg,Sergio Oliveira,external-reference,embed_link_and_summarize_only
NQUyAsCbhV8,https://www.youtube.com/watch?v=NQUyAsCbhV8,VW Crossfox 2016,351.0,,videos,https://i.ytimg.com/vi/NQUyAsCbhV8/hqdefault.jpg?sqp=-oaymwE2CNACELwBSFXyq4qpAygIARUAAIhCGAFwAcABBvABAfgB_gmAAtAFigIMCAAQARhlIFwoTDAP&rs=AOn4CLD3OoG9uWV49PUvimZ00l5EEorPYA,Sergio Oliveira,external-reference,embed_link_and_summarize_only
-GVfjO6jQus,https://www.youtube.com/watch?v=-GVfjO6jQus,Jeep Wrangler Rubicon 2015,468.0,,videos,https://i.ytimg.com/vi/-GVfjO6jQus/hqdefault.jpg?sqp=-oaymwE2CNACELwBSFXyq4qpAygIARUAAIhCGAFwAcABBvABAfgB_gmAAtAFigIMCAAQARhlIFUoRTAP&rs=AOn4CLBzZFDpZW0Ty20RdqHXT4Gm6jefhw,Sergio Oliveira,external-reference,embed_link_and_summarize_only
M8QYfok_EJc,https://www.youtube.com/watch?v=M8QYfok_EJc,Mitsubishi Outlander Limited 2016,394.0,,videos,https://i.ytimg.com/vi/M8QYfok_EJc/hqdefault.jpg?sqp=-oaymwE2CNACELwBSFXyq4qpAygIARUAAIhCGAFwAcABBvABAfgB_gmAAtAFigIMCAAQARhlIFgoUDAP&rs=AOn4CLC87U-l7V09qgUwBXCg1TjJfWEfLw,Sergio Oliveira,external-reference,embed_link_and_summarize_only
yJL9hj2NKc8,https://www.youtube.com/watch?v=yJL9hj2NKc8,Ford Lobo Platinum,403.0,,videos,https://i.ytimg.com/vi/yJL9hj2NKc8/hqdefault.jpg?sqp=-oaymwE2CNACELwBSFXyq4qpAygIARUAAIhCGAFwAcABBvABAfgB_gmAAtAFigIMCAAQARhlIFooUTAP&rs=AOn4CLCXGIfC-vQJlZHZgnzPN-MkLodFtg,Sergio Oliveira,external-reference,embed_link_and_summarize_only
kQ-iH6T3EIY,https://www.youtube.com/watch?v=kQ-iH6T3EIY,Infiniti Q70 3.7 2016,461.0,,videos,https://i.ytimg.com/vi/kQ-iH6T3EIY/hqdefault.jpg?sqp=-oaymwE2CNACELwBSFXyq4qpAygIARUAAIhCGAFwAcABBvABAfgB_gmAAtAFigIMCAAQARhlIF0oUjAP&rs=AOn4CLD4_AMUQ4mLXg-Wp9W9OMDPo4cggg,Sergio Oliveira,external-reference,embed_link_and_summarize_only
6vGJOVYZAXo,https://www.youtube.com/watch?v=6vGJOVYZAXo,Ford Fiesta ST 2015,310.0,,videos,https://i.ytimg.com/vi/6vGJOVYZAXo/hqdefault.jpg?sqp=-oaymwE2CNACELwBSFXyq4qpAygIARUAAIhCGAFwAcABBvABAfgB_gmAAtAFigIMCAAQARhlIFYoVDAP&rs=AOn4CLBpKYP-mtKBUC75c8ixQB_Nks76LQ,Sergio Oliveira,external-reference,embed_link_and_summarize_only
KvpaFVXme5g,https://www.youtube.com/watch?v=KvpaFVXme5g,22 de septiembre de 2015,420.0,,videos,https://i.ytimg.com/vi/KvpaFVXme5g/hqdefault.jpg?sqp=-oaymwE2CNACELwBSFXyq4qpAygIARUAAIhCGAFwAcABBvABAfgB_gmAAtAFigIMCAAQARhlIFwoSzAP&rs=AOn4CLBv-92yWxXhcVuvyA0otsfJW6xobA,Sergio Oliveira,external-reference,embed_link_and_summarize_only
PoZC83PdCLo,https://www.youtube.com/watch?v=PoZC83PdCLo,Chevrolet Camaro Green Flash 2015,325.0,,videos,https://i.ytimg.com/vi/PoZC83PdCLo/hqdefault.jpg?sqp=-oaymwE2CNACELwBSFXyq4qpAygIARUAAIhCGAFwAcABBvABAfgB_gmAAtAFigIMCAAQARhlIGUoZTAP&rs=AOn4CLBCJ-S42D8n8zDfb2K6Tt3MxHmueA,Sergio Oliveira,external-reference,embed_link_and_summarize_only
XqDDjC93tZI,https://www.youtube.com/watch?v=XqDDjC93tZI,Frankfurt 2015 Pabellón Mercedes-Benz,43.0,,videos,https://i.ytimg.com/vi/XqDDjC93tZI/hqdefault.jpg?sqp=-oaymwE2CNACELwBSFXyq4qpAygIARUAAIhCGAFwAcABBvABAfgB_gmAAtAFigIMCAAQARhlIFwoUzAP&rs=AOn4CLDhaPV81fEHGVaKRR8f9mjaXMpZkw,Sergio Oliveira,external-reference,embed_link_and_summarize_only
oVF751q4Xno,https://www.youtube.com/watch?v=oVF751q4Xno,Frankfurt 2015. Por dentro del Renault Talismán.,55.0,,videos,https://i.ytimg.com/vi/oVF751q4Xno/hqdefault.jpg?sqp=-oaymwE2CNACELwBSFXyq4qpAygIARUAAIhCGAFwAcABBvABAfgB_gmAAtAFigIMCAAQARhNIEMoZTAP&rs=AOn4CLCqfbgyIas5ETVmtTMTjQs8-waz5A,Sergio Oliveira,external-reference,embed_link_and_summarize_only
6rjGhYSxQMs,https://www.youtube.com/watch?v=6rjGhYSxQMs,Frankfurt 2015 VW Tiguan,55.0,,videos,https://i.ytimg.com/vi/6rjGhYSxQMs/hqdefault.jpg?sqp=-oaymwE2CNACELwBSFXyq4qpAygIARUAAIhCGAFwAcABBvABAfgB_gmAAtAFigIMCAAQARh_IBMoJTAP&rs=AOn4CLD2Bv28UZPJq_EszCLSFuL7ii3Hfg,Sergio Oliveira,external-reference,embed_link_and_summarize_only
TQ2F2_x34I4,https://www.youtube.com/watch?v=TQ2F2_x34I4,Mazda MX-5 2016,394.0,,videos,https://i.ytimg.com/vi/TQ2F2_x34I4/hqdefault.jpg?sqp=-oaymwE2CNACELwBSFXyq4qpAygIARUAAIhCGAFwAcABBvABAfgB_gmAAtAFigIMCAAQARhgIGAoYDAP&rs=AOn4CLBipSDp23_04L8oFh3xzEiweedkdg,Sergio Oliveira,external-reference,embed_link_and_summarize_only
VNdmtU9l2AQ,https://www.youtube.com/watch?v=VNdmtU9l2AQ,VW Touareg Hybrid 2015,268.0,,videos,https://i.ytimg.com/vi/VNdmtU9l2AQ/hqdefault.jpg?sqp=-oaymwE2CNACELwBSFXyq4qpAygIARUAAIhCGAFwAcABBvABAfgB_gmAAtAFigIMCAAQARheIF4oXjAP&rs=AOn4CLCCRUf3OWNFst8s1Y2z_YQr5-vODA,Sergio Oliveira,external-reference,embed_link_and_summarize_only
KWxcaLf22O8,https://www.youtube.com/watch?v=KWxcaLf22O8,Dodge Challenger Scat Pack Shaker 2016,295.0,,videos,https://i.ytimg.com/vi/KWxcaLf22O8/hqdefault.jpg?sqp=-oaymwE2CNACELwBSFXyq4qpAygIARUAAIhCGAFwAcABBvABAfgB_gmAAtAFigIMCAAQARhlIE8oRzAP&rs=AOn4CLDOoxN5QK7RqNaU7dlLPKyxf6iQ1w,Sergio Oliveira,external-reference,embed_link_and_summarize_only
FBA6DW6Y2vs,https://www.youtube.com/watch?v=FBA6DW6Y2vs,Subaru Outback Limited 2015,296.0,,videos,https://i.ytimg.com/vi/FBA6DW6Y2vs/hqdefault.jpg?sqp=-oaymwE2CNACELwBSFXyq4qpAygIARUAAIhCGAFwAcABBvABAfgB_gmAAtAFigIMCAAQARhlIGIoVzAP&rs=AOn4CLCs24OTONyzdrjPaxp5lRKJ5YgiFg,Sergio Oliveira,external-reference,embed_link_and_summarize_only
khr7Ddxe6_U,https://www.youtube.com/watch?v=khr7Ddxe6_U,Lincoln MKX 2016,374.0,,videos,https://i.ytimg.com/vi/khr7Ddxe6_U/hqdefault.jpg?sqp=-oaymwE2CNACELwBSFXyq4qpAygIARUAAIhCGAFwAcABBvABAfgB_gmAAtAFigIMCAAQARhlIFAoPjAP&rs=AOn4CLC9x1FypdGCLahpyuNWMYqgtXMUFw,Sergio Oliveira,external-reference,embed_link_and_summarize_only
vwxvsrQqSAI,https://www.youtube.com/watch?v=vwxvsrQqSAI,Por dentro del Ford Mustang EcoBoost 2015,330.0,,videos,https://i.ytimg.com/vi/vwxvsrQqSAI/hqdefault.jpg?sqp=-oaymwE2CNACELwBSFXyq4qpAygIARUAAIhCGAFwAcABBvABAfgB_gmAAtAFigIMCAAQARhlIFooSTAP&rs=AOn4CLCaNQsYmJFsybEfR36RIYDQ7ilMbg,Sergio Oliveira,external-reference,embed_link_and_summarize_only
srBCSSYU0ak,https://www.youtube.com/watch?v=srBCSSYU0ak,Mustang EcoBoost 2016,331.0,,videos,https://i.ytimg.com/vi/srBCSSYU0ak/hqdefault.jpg?sqp=-oaymwEcCNACELwBSFXyq4qpAw4IARUAAIhCGAFwAcABBg==&rs=AOn4CLCiEpogwkQRJ9NEy-TdGFLjs394jA,Sergio Oliveira,external-reference,embed_link_and_summarize_only
M4gWVfztsVg,https://www.youtube.com/watch?v=M4gWVfztsVg,BMW Serie 2 Active Tourer,436.0,,videos,https://i.ytimg.com/vi/M4gWVfztsVg/hqdefault.jpg?sqp=-oaymwE2CNACELwBSFXyq4qpAygIARUAAIhCGAFwAcABBvABAfgB_gmAAtAFigIMCAAQARhlIFgoTjAP&rs=AOn4CLDvTXB7hP2TKi6hx0Bk2rM7vmI9ww,Sergio Oliveira,external-reference,embed_link_and_summarize_only
rbE4pv6z0Rg,https://www.youtube.com/watch?v=rbE4pv6z0Rg,Volkswagen Vento 2016,334.0,,videos,https://i.ytimg.com/vi/rbE4pv6z0Rg/hqdefault.jpg?sqp=-oaymwE2CNACELwBSFXyq4qpAygIARUAAIhCGAFwAcABBvABAfgB_gmAAtAFigIMCAAQARhlIFsoTzAP&rs=AOn4CLBZTRG1Etu1x_RTp535qtOBtZ1HUw,Sergio Oliveira,external-reference,embed_link_and_summarize_only
d5EeRPUlQ6A,https://www.youtube.com/watch?v=d5EeRPUlQ6A,BMW M135 iA 2016,492.0,,videos,https://i.ytimg.com/vi/d5EeRPUlQ6A/hqdefault.jpg?sqp=-oaymwE2CNACELwBSFXyq4qpAygIARUAAIhCGAFwAcABBvABAfgB_gmAAtAFigIMCAAQARhMIF4oZTAP&rs=AOn4CLBVtHx-nxgyaBl1BN_K7SsWfQqqYw,Sergio Oliveira,external-reference,embed_link_and_summarize_only
kAPnjl51yIQ,https://www.youtube.com/watch?v=kAPnjl51yIQ,Nissan Maxima 2016,464.0,,videos,https://i.ytimg.com/vi/kAPnjl51yIQ/hqdefault.jpg?sqp=-oaymwE2CNACELwBSFXyq4qpAygIARUAAIhCGAFwAcABBvABAfgB_gmAAtAFigIMCAAQARhlIF0oTjAP&rs=AOn4CLDu0NZn6_mFaqo0AUY-PvFmdRftLg,Sergio Oliveira,external-reference,embed_link_and_summarize_only
GQgCPdc0Jlw,https://www.youtube.com/watch?v=GQgCPdc0Jlw,Por dentro del Renault Stepway Outdoor 2015,253.0,,videos,https://i.ytimg.com/vi/GQgCPdc0Jlw/hqdefault.jpg?sqp=-oaymwE2CNACELwBSFXyq4qpAygIARUAAIhCGAFwAcABBvABAfgB_gmAAtAFigIMCAAQARhOIE4oZTAP&rs=AOn4CLBIiSD19GX-i2oNQydz8Ymyrrt3Lw,Sergio Oliveira,external-reference,embed_link_and_summarize_only
YAes1AHqAm8,https://www.youtube.com/watch?v=YAes1AHqAm8,Por dentro del BMW M6 2015,416.0,,videos,https://i.ytimg.com/vi/YAes1AHqAm8/hqdefault.jpg?sqp=-oaymwE2CNACELwBSFXyq4qpAygIARUAAIhCGAFwAcABBvABAfgB_gmAAtAFigIMCAAQARhlIEooTzAP&rs=AOn4CLCMC34JE-AbFNo0G2vB6npaYCVscA,Sergio Oliveira,external-reference,embed_link_and_summarize_only
cu5hkYZYgQI,https://www.youtube.com/watch?v=cu5hkYZYgQI,Por dentro del Chrysler 300 C V6 2015,303.0,,videos,https://i.ytimg.com/vi/cu5hkYZYgQI/hqdefault.jpg?sqp=-oaymwE2CNACELwBSFXyq4qpAygIARUAAIhCGAFwAcABBvABAfgB_gmAAtAFigIMCAAQARhlIGIoVDAP&rs=AOn4CLCvquHg2cVQ6ETeP8nbf_YMccLUIA,Sergio Oliveira,external-reference,embed_link_and_summarize_only
7mWxlh1e8Hs,https://www.youtube.com/watch?v=7mWxlh1e8Hs,Mazda MX 5 2016,96.0,,videos,https://i.ytimg.com/vi/7mWxlh1e8Hs/hqdefault.jpg?sqp=-oaymwE2CNACELwBSFXyq4qpAygIARUAAIhCGAFwAcABBvABAfgB_gmAAtAFigIMCAAQARhWIGAoZTAP&rs=AOn4CLDLGnYahh0PQrA7SQpFyyrrh3FOoQ,Sergio Oliveira,external-reference,embed_link_and_summarize_only
IhKmSZ2t-dA,https://www.youtube.com/watch?v=IhKmSZ2t-dA,Por dentro dela Mitsubishi L200 Diesel 4x4 2016,276.0,,videos,https://i.ytimg.com/vi/IhKmSZ2t-dA/hqdefault.jpg?sqp=-oaymwE2CNACELwBSFXyq4qpAygIARUAAIhCGAFwAcABBvABAfgB_gmAAtAFigIMCAAQARhlIFYoSTAP&rs=AOn4CLAXQiZtaLDip_D9e5bm34e7OAd46w,Sergio Oliveira,external-reference,embed_link_and_summarize_only
mTdw3XTe3m0,https://www.youtube.com/watch?v=mTdw3XTe3m0,Por dentro del Toyota Corolla S Plus 2015 CVT,208.0,,videos,https://i.ytimg.com/vi/mTdw3XTe3m0/hqdefault.jpg?sqp=-oaymwE2CNACELwBSFXyq4qpAygIARUAAIhCGAFwAcABBvABAfgB_gmAAtAFigIMCAAQARhcIGUoTzAP&rs=AOn4CLBraX0irCnrlEDUmMXiR0aw3ALiBg,Sergio Oliveira,external-reference,embed_link_and_summarize_only
q7U1QD-ffkc,https://www.youtube.com/watch?v=q7U1QD-ffkc,Por dentro del Alfa Romeo 4C 2015,582.0,,videos,https://i.ytimg.com/vi/q7U1QD-ffkc/hqdefault.jpg?sqp=-oaymwE2CNACELwBSFXyq4qpAygIARUAAIhCGAFwAcABBvABAfgB_gmAAtAFigIMCAAQARhlIE4oQzAP&rs=AOn4CLAqY7_C8Kq-lVeUYQWEa4PosqocXQ,Sergio Oliveira,external-reference,embed_link_and_summarize_only
4mGjN0soPJQ,https://www.youtube.com/watch?v=4mGjN0soPJQ,Por dentro del Peugeot 308 2015,546.0,,videos,https://i.ytimg.com/vi/4mGjN0soPJQ/hqdefault.jpg?sqp=-oaymwE2CNACELwBSFXyq4qpAygIARUAAIhCGAFwAcABBvABAfgB_gmAAtAFigIMCAAQARhlIFMoSjAP&rs=AOn4CLBpUrQhmI5EMkIbpUpFZFJOdjAAOg,Sergio Oliveira,external-reference,embed_link_and_summarize_only
Ren0Oq1VsW4,https://www.youtube.com/watch?v=Ren0Oq1VsW4,Por dentro del Dodge Attitude 2015,399.0,,videos,https://i.ytimg.com/vi/Ren0Oq1VsW4/hqdefault.jpg?sqp=-oaymwE2CNACELwBSFXyq4qpAygIARUAAIhCGAFwAcABBvABAfgB_gmAAtAFigIMCAAQARhpIGkoaTAP&rs=AOn4CLC4nKA5UhpICG6EPE1eH419zLELew,Sergio Oliveira,external-reference,embed_link_and_summarize_only
esuLUUaN82A,https://www.youtube.com/watch?v=esuLUUaN82A,Por dentro del Toyota Camry 2015,355.0,,videos,https://i.ytimg.com/vi/esuLUUaN82A/hqdefault.jpg?sqp=-oaymwE2CNACELwBSFXyq4qpAygIARUAAIhCGAFwAcABBvABAfgB_gmAAtAFigIMCAAQARhlIFgoSDAP&rs=AOn4CLDgF0f0P5WdGlBEcrZSKNccNeG9Hg,Sergio Oliveira,external-reference,embed_link_and_summarize_only
McZlgyDQLKo,https://www.youtube.com/watch?v=McZlgyDQLKo,Por dentro del Dodge Chalenger Hellcat,412.0,,videos,https://i.ytimg.com/vi/McZlgyDQLKo/hqdefault.jpg?sqp=-oaymwE2CNACELwBSFXyq4qpAygIARUAAIhCGAFwAcABBvABAfgB_gmAAtAFigIMCAAQARg9IFMoZTAP&rs=AOn4CLApiuWQa_in2CxSNp3JcOw0RtmPng,Sergio Oliveira,external-reference,embed_link_and_summarize_only
n7DkJwWyFJo,https://www.youtube.com/watch?v=n7DkJwWyFJo,Por dentro del Fiat Uno Way,366.0,,videos,https://i.ytimg.com/vi/n7DkJwWyFJo/hqdefault.jpg?sqp=-oaymwEcCNACELwBSFXyq4qpAw4IARUAAIhCGAFwAcABBg==&rs=AOn4CLBryVBOXq23gnCuLqR30dmWyivs9A,Sergio Oliveira,external-reference,embed_link_and_summarize_only
Xws3TmrJtog,https://www.youtube.com/watch?v=Xws3TmrJtog,Por dentro del Mazda2 2015,270.0,,videos,https://i.ytimg.com/vi/Xws3TmrJtog/hqdefault.jpg?sqp=-oaymwE2CNACELwBSFXyq4qpAygIARUAAIhCGAFwAcABBvABAfgB_gmAAtAFigIMCAAQARhlIF4oVDAP&rs=AOn4CLBoGcZabAJAFc8nL0AfZsgCpXBilg,Sergio Oliveira,external-reference,embed_link_and_summarize_only
WwTKw6Xtwvo,https://www.youtube.com/watch?v=WwTKw6Xtwvo,Por dentro de la NP 300 Frontier 2015,530.0,,videos,https://i.ytimg.com/vi/WwTKw6Xtwvo/hqdefault.jpg?sqp=-oaymwE2CNACELwBSFXyq4qpAygIARUAAIhCGAFwAcABBvABAfgB_gmAAtAFigIMCAAQARhlIGUoZTAP&rs=AOn4CLBobzG_q_-2BwSiQfGF1aoEmddIrQ,Sergio Oliveira,external-reference,embed_link_and_summarize_only
bz2-fqQ9fh4,https://www.youtube.com/watch?v=bz2-fqQ9fh4,Por dentro de la Infiniti QX 80 2015,294.0,,videos,https://i.ytimg.com/vi/bz2-fqQ9fh4/hqdefault.jpg?sqp=-oaymwEcCNACELwBSFXyq4qpAw4IARUAAIhCGAFwAcABBg==&rs=AOn4CLBymFoo091GQv9dYKM1R6XqptgXzA,Sergio Oliveira,external-reference,embed_link_and_summarize_only
-wRx4p8tOqE,https://www.youtube.com/watch?v=-wRx4p8tOqE,Por dentro del Porsche 911 Targa,370.0,,videos,https://i.ytimg.com/vi/-wRx4p8tOqE/hqdefault.jpg?sqp=-oaymwE2CNACELwBSFXyq4qpAygIARUAAIhCGAFwAcABBvABAfgB_gmAAtAFigIMCAAQARhlIFMoTzAP&rs=AOn4CLAl0GW7xIRs5VUxFtbuw6ruz4KG7w,Sergio Oliveira,external-reference,embed_link_and_summarize_only
PYaORnkIgM4,https://www.youtube.com/watch?v=PYaORnkIgM4,Por dentro de la Ford Explorer 2016,469.0,,videos,https://i.ytimg.com/vi/PYaORnkIgM4/hqdefault.jpg?sqp=-oaymwE2CNACELwBSFXyq4qpAygIARUAAIhCGAFwAcABBvABAfgB_gmAAtAFigIMCAAQARhlIGAoVTAP&rs=AOn4CLAYgaX7FozL8SoXHIyPlfOtg7s34g,Sergio Oliveira,external-reference,embed_link_and_summarize_only
rKVHdlPkNQk,https://www.youtube.com/watch?v=rKVHdlPkNQk,Por dentro de la Toyota Highlander 2014,352.0,,videos,https://i.ytimg.com/vi/rKVHdlPkNQk/hqdefault.jpg?sqp=-oaymwE2CNACELwBSFXyq4qpAygIARUAAIhCGAFwAcABBvABAfgB_gmAAtAFigIMCAAQARhlIFgoSDAP&rs=AOn4CLD-9VePOMTPd3lBOyjeQK4MTz37gA,Sergio Oliveira,external-reference,embed_link_and_summarize_only
KZgqEyOJ2Vk,https://www.youtube.com/watch?v=KZgqEyOJ2Vk,Por dentro del Ford Mustang 50 aniversario,300.0,,videos,https://i.ytimg.com/vi/KZgqEyOJ2Vk/hqdefault.jpg?sqp=-oaymwE2CNACELwBSFXyq4qpAygIARUAAIhCGAFwAcABBvABAfgB_gmAAtAFigIMCAAQARhlIFcoTDAP&rs=AOn4CLAwnNk265WVhgdF_NpwJI0IFQghLw,Sergio Oliveira,external-reference,embed_link_and_summarize_only
4LYD4aUhvR8,https://www.youtube.com/watch?v=4LYD4aUhvR8,Por dentro de la Honda CR-V i-Style,421.0,,videos,https://i.ytimg.com/vi/4LYD4aUhvR8/hqdefault.jpg?sqp=-oaymwEcCNACELwBSFXyq4qpAw4IARUAAIhCGAFwAcABBg==&rs=AOn4CLAsDF0GVaKzAGzcXqn7bzX74NiXzw,Sergio Oliveira,external-reference,embed_link_and_summarize_only
Zi7Vkl678Fs,https://www.youtube.com/watch?v=Zi7Vkl678Fs,Por dentro del Audi A7 2015,107.0,,videos,https://i.ytimg.com/vi/Zi7Vkl678Fs/hqdefault.jpg?sqp=-oaymwEcCNACELwBSFXyq4qpAw4IARUAAIhCGAFwAcABBg==&rs=AOn4CLDfDdS0sPdlBEwd3k7LLmUabRAmBg,Sergio Oliveira,external-reference,embed_link_and_summarize_only
4usC__4cLXk,https://www.youtube.com/watch?v=4usC__4cLXk,Por dentro del Nissan 370 Z,238.0,,videos,https://i.ytimg.com/vi/4usC__4cLXk/hqdefault.jpg?sqp=-oaymwEcCNACELwBSFXyq4qpAw4IARUAAIhCGAFwAcABBg==&rs=AOn4CLCOXql7NPk2VLzqN2FwxKGuIgL_9g,Sergio Oliveira,external-reference,embed_link_and_summarize_only
7ysBkZMSLno,https://www.youtube.com/watch?v=7ysBkZMSLno,Por dentro de la Explorer Sport 2014,198.0,,videos,https://i.ytimg.com/vi/7ysBkZMSLno/hqdefault.jpg?sqp=-oaymwEcCNACELwBSFXyq4qpAw4IARUAAIhCGAFwAcABBg==&rs=AOn4CLCYLAzLGG5F6nPaisP0uc1wywWiWg,Sergio Oliveira,external-reference,embed_link_and_summarize_only
5etTjAm6uCw,https://www.youtube.com/watch?v=5etTjAm6uCw,Por dentro de Renault Koleos a 60 dias de convivencia,103.0,,videos,https://i.ytimg.com/vi/5etTjAm6uCw/hqdefault.jpg?sqp=-oaymwEcCNACELwBSFXyq4qpAw4IARUAAIhCGAFwAcABBg==&rs=AOn4CLBcyH97DLEASZCBpv3xweI-HET9RA,Sergio Oliveira,external-reference,embed_link_and_summarize_only
FctbODwcLXM,https://www.youtube.com/watch?v=FctbODwcLXM,Nissan NP 300 Frontier 2016,199.0,,videos,https://i.ytimg.com/vi/FctbODwcLXM/hqdefault.jpg?sqp=-oaymwEcCNACELwBSFXyq4qpAw4IARUAAIhCGAFwAcABBg==&rs=AOn4CLD8CoITlNTX1xhZnwam9NfdKJg3fg,Sergio Oliveira,external-reference,embed_link_and_summarize_only
Nx3vV7iEJWs,https://www.youtube.com/watch?v=Nx3vV7iEJWs,Por dentro del Dodge Vision 2015,293.0,,videos,https://i.ytimg.com/vi/Nx3vV7iEJWs/hqdefault.jpg?sqp=-oaymwE2CNACELwBSFXyq4qpAygIARUAAIhCGAFwAcABBvABAfgB_gmAAtAFigIMCAAQARhlIFgoTDAP&rs=AOn4CLBa0qJFe_oMvr-zvBJ1Enbfl1o0BA,Sergio Oliveira,external-reference,embed_link_and_summarize_only
YtnhSuWHs9I,https://www.youtube.com/watch?v=YtnhSuWHs9I,Por dentro de la Mitsubishi Montero Limited 2015,223.0,,videos,https://i.ytimg.com/vi/YtnhSuWHs9I/hqdefault.jpg?sqp=-oaymwEcCNACELwBSFXyq4qpAw4IARUAAIhCGAFwAcABBg==&rs=AOn4CLB7CSh-W6i5rqzuje5WmiuZpMDBmg,Sergio Oliveira,external-reference,embed_link_and_summarize_only
S3bXvjA8l58,https://www.youtube.com/watch?v=S3bXvjA8l58,Por dentro del Seat Ibiza 30 aniversario,296.0,,videos,https://i.ytimg.com/vi/S3bXvjA8l58/hqdefault.jpg?sqp=-oaymwE2CNACELwBSFXyq4qpAygIARUAAIhCGAFwAcABBvABAfgB_gmAAtAFigIMCAAQARhRIE4oZTAP&rs=AOn4CLAfYW7EXWbIrRVLLBAQvTkV0NYcLQ,Sergio Oliveira,external-reference,embed_link_and_summarize_only
bHygkf2GCJM,https://www.youtube.com/watch?v=bHygkf2GCJM,Por dentro del Kia 900,83.0,,videos,https://i.ytimg.com/vi/bHygkf2GCJM/hqdefault.jpg?sqp=-oaymwE2CNACELwBSFXyq4qpAygIARUAAIhCGAFwAcABBvABAfgB_gmAAtAFigIMCAAQARhMIEcoZTAP&rs=AOn4CLB6B6Be2jrQBD4boICRh2JCFqp1gQ,Sergio Oliveira,external-reference,embed_link_and_summarize_only
ycHITyqH1_8,https://www.youtube.com/watch?v=ycHITyqH1_8,Por dentro del Peugeot 3008 2013,391.0,,videos,https://i.ytimg.com/vi/ycHITyqH1_8/hqdefault.jpg?sqp=-oaymwEcCNACELwBSFXyq4qpAw4IARUAAIhCGAFwAcABBg==&rs=AOn4CLD9J-rmnuyMfP5QbsUeAPRuT3rU7Q,Sergio Oliveira,external-reference,embed_link_and_summarize_only
2YqYeQ6t2uo,https://www.youtube.com/watch?v=2YqYeQ6t2uo,Por dentro del Hyundai Veloster 2015,319.0,,videos,https://i.ytimg.com/vi/2YqYeQ6t2uo/hqdefault.jpg?sqp=-oaymwEcCNACELwBSFXyq4qpAw4IARUAAIhCGAFwAcABBg==&rs=AOn4CLBEKOxkeZtd4bC9X8OADZvNqPUYGA,Sergio Oliveira,external-reference,embed_link_and_summarize_only
PNrupkZ0ylI,https://www.youtube.com/watch?v=PNrupkZ0ylI,Por dentro de la Lincoln MKC 2015,190.0,,videos,https://i.ytimg.com/vi/PNrupkZ0ylI/hqdefault.jpg?sqp=-oaymwEcCNACELwBSFXyq4qpAw4IARUAAIhCGAFwAcABBg==&rs=AOn4CLBk4H1TJkB9dz3cuQtiSmQP3BNOPA,Sergio Oliveira,external-reference,embed_link_and_summarize_only
uNBhgHA4EDg,https://www.youtube.com/watch?v=uNBhgHA4EDg,Por dentro de la Chevrolet Trax Turbo,238.0,,videos,https://i.ytimg.com/vi/uNBhgHA4EDg/hqdefault.jpg?sqp=-oaymwEcCNACELwBSFXyq4qpAw4IARUAAIhCGAFwAcABBg==&rs=AOn4CLA_Ufp4b-CJdTJzIAo6F486d6uAaw,Sergio Oliveira,external-reference,embed_link_and_summarize_only
avBlN2fwIz0,https://www.youtube.com/watch?v=avBlN2fwIz0,Por dentro de la Renault Koleos,237.0,,videos,https://i.ytimg.com/vi/avBlN2fwIz0/hqdefault.jpg?sqp=-oaymwEcCNACELwBSFXyq4qpAw4IARUAAIhCGAFwAcABBg==&rs=AOn4CLCtIbyfJgr2s_xC0pkbEAyjspY8Rg,Sergio Oliveira,external-reference,embed_link_and_summarize_only
JE5U5DqlgRU,https://www.youtube.com/watch?v=JE5U5DqlgRU,Por dentro del BMW X4 2015,199.0,,videos,https://i.ytimg.com/vi/JE5U5DqlgRU/hqdefault.jpg?sqp=-oaymwEcCNACELwBSFXyq4qpAw4IARUAAIhCGAFwAcABBg==&rs=AOn4CLDXKQjHD-EpUfPNN9B7ZSBTH5qjxw,Sergio Oliveira,external-reference,embed_link_and_summarize_only
w6jrL_5aGoM,https://www.youtube.com/watch?v=w6jrL_5aGoM,Por dentro de la Ford Lobo 2015,256.0,,videos,https://i.ytimg.com/vi/w6jrL_5aGoM/hqdefault.jpg?sqp=-oaymwEcCNACELwBSFXyq4qpAw4IARUAAIhCGAFwAcABBg==&rs=AOn4CLAr_tBXudNfY2eRhWCxAU3iJlJrbQ,Sergio Oliveira,external-reference,embed_link_and_summarize_only
MHGmtTPfAUM,https://www.youtube.com/watch?v=MHGmtTPfAUM,Por dentro del Seat Toledo i-Tech 2015,177.0,,videos,https://i.ytimg.com/vi/MHGmtTPfAUM/hqdefault.jpg?sqp=-oaymwEcCNACELwBSFXyq4qpAw4IARUAAIhCGAFwAcABBg==&rs=AOn4CLAbWdpz0RWI6LCeYv_vDfhr6QtvHA,Sergio Oliveira,external-reference,embed_link_and_summarize_only
7PTrphR2k0Y,https://www.youtube.com/watch?v=7PTrphR2k0Y,Por dentro de la Mitsubishi Outlander 2015,141.0,,videos,https://i.ytimg.com/vi/7PTrphR2k0Y/hqdefault.jpg?sqp=-oaymwE2CNACELwBSFXyq4qpAygIARUAAIhCGAFwAcABBvABAfgB_gmAAtAFigIMCAAQARhlIF8oWTAP&rs=AOn4CLBPFCYUsjlUj381gjciWehziCiz-w,Sergio Oliveira,external-reference,embed_link_and_summarize_only
Q1ypOHh0wK4,https://www.youtube.com/watch?v=Q1ypOHh0wK4,Por dentro del Volkswagen Polo 2015,174.0,,videos,https://i.ytimg.com/vi/Q1ypOHh0wK4/hqdefault.jpg?sqp=-oaymwEcCNACELwBSFXyq4qpAw4IARUAAIhCGAFwAcABBg==&rs=AOn4CLArTZljJHSiydQnn1gAouF7F4rMlw,Sergio Oliveira,external-reference,embed_link_and_summarize_only
-ZTxOy8T4K0,https://www.youtube.com/watch?v=-ZTxOy8T4K0,Por dentro del Ford Focus ST 2015,366.0,,videos,https://i.ytimg.com/vi/-ZTxOy8T4K0/hqdefault.jpg?sqp=-oaymwE2CNACELwBSFXyq4qpAygIARUAAIhCGAFwAcABBvABAfgB_gmAAtAFigIMCAAQARhlIFEoQDAP&rs=AOn4CLBb_LnGyv2DkPO8cgY7gmuBEdtKRA,Sergio Oliveira,external-reference,embed_link_and_summarize_only
8eTqLgSfTGc,https://www.youtube.com/watch?v=8eTqLgSfTGc,Cargando el Nissan Leaf,208.0,,videos,https://i.ytimg.com/vi/8eTqLgSfTGc/hqdefault.jpg?sqp=-oaymwE2CNACELwBSFXyq4qpAygIARUAAIhCGAFwAcABBvABAfgB_gmAAtAFigIMCAAQARhlIFQoRjAP&rs=AOn4CLDsKLrkyO0wga5nu5rScKHencjVYA,Sergio Oliveira,external-reference,embed_link_and_summarize_only
LXfAUt_oRfs,https://www.youtube.com/watch?v=LXfAUt_oRfs,Por dentro del Volkswagen Jetta Sportline,187.0,,videos,https://i.ytimg.com/vi/LXfAUt_oRfs/hqdefault.jpg?sqp=-oaymwE2CNACELwBSFXyq4qpAygIARUAAIhCGAFwAcABBvABAfgB_gmAAtAFigIMCAAQARhlIFgoTjAP&rs=AOn4CLDxiacRpCFzRIBLyQlQsyd2kbjOxA,Sergio Oliveira,external-reference,embed_link_and_summarize_only
eizQuaIVxH8,https://www.youtube.com/watch?v=eizQuaIVxH8,Honda CR-V 2015,347.0,,videos,https://i.ytimg.com/vi/eizQuaIVxH8/hqdefault.jpg?sqp=-oaymwE2CNACELwBSFXyq4qpAygIARUAAIhCGAFwAcABBvABAfgB_gmAAtAFigIMCAAQARhhIGEoYTAP&rs=AOn4CLDyc8xkgaNpKNr8bcJXJhsgJS0ydQ,Sergio Oliveira,external-reference,embed_link_and_summarize_only
AIsErUZ4Nsk,https://www.youtube.com/watch?v=AIsErUZ4Nsk,Por dentro del Chevrolet Camaro Zl1 convertible,180.0,,videos,https://i.ytimg.com/vi/AIsErUZ4Nsk/hqdefault.jpg?sqp=-oaymwEcCNACELwBSFXyq4qpAw4IARUAAIhCGAFwAcABBg==&rs=AOn4CLBFTpHiwfmHwBSgnPKc5cbv9TaicA,Sergio Oliveira,external-reference,embed_link_and_summarize_only
FtCAKaBIcHk,https://www.youtube.com/watch?v=FtCAKaBIcHk,Por dentro del Hyundai Sonata 2015,197.0,,videos,https://i.ytimg.com/vi/FtCAKaBIcHk/hqdefault.jpg?sqp=-oaymwEcCNACELwBSFXyq4qpAw4IARUAAIhCGAFwAcABBg==&rs=AOn4CLDfX-vPUhu74xrJbnhHPxn5YTJEyA,Sergio Oliveira,external-reference,embed_link_and_summarize_only
RmTVNs1I4MI,https://www.youtube.com/watch?v=RmTVNs1I4MI,Por dentro de Mustang 2015,488.0,,videos,https://i.ytimg.com/vi/RmTVNs1I4MI/hqdefault.jpg?sqp=-oaymwE2CNACELwBSFXyq4qpAygIARUAAIhCGAFwAcABBvABAfgB_gmAAtAFigIMCAAQARhlIFkoRjAP&rs=AOn4CLB5H5JoEppgyTyNBc1PCvEZpbeQpg,Sergio Oliveira,external-reference,embed_link_and_summarize_only
OSLd9U_1UO8,https://www.youtube.com/watch?v=OSLd9U_1UO8,El sonido del Corvette Stingray 2015,28.0,,videos,https://i.ytimg.com/vi/OSLd9U_1UO8/hqdefault.jpg?sqp=-oaymwEcCNACELwBSFXyq4qpAw4IARUAAIhCGAFwAcABBg==&rs=AOn4CLDLWt-jX9AU_0coydbfLFNmuWPMLw,Sergio Oliveira,external-reference,embed_link_and_summarize_only
XE1_ZuIb_A8,https://www.youtube.com/watch?v=XE1_ZuIb_A8,Por dentro del Nissan Leaf 2015,230.0,,videos,https://i.ytimg.com/vi/XE1_ZuIb_A8/hqdefault.jpg?sqp=-oaymwEcCNACELwBSFXyq4qpAw4IARUAAIhCGAFwAcABBg==&rs=AOn4CLDCHJ0E89IY2Em3wApXQESvMB6mLw,Sergio Oliveira,external-reference,embed_link_and_summarize_only
3SvOTp8zKps,https://www.youtube.com/watch?v=3SvOTp8zKps,Por dentro de la Mazda CX 5 2.5 2016,220.0,,videos,https://i.ytimg.com/vi/3SvOTp8zKps/hqdefault.jpg?sqp=-oaymwE2CNACELwBSFXyq4qpAygIARUAAIhCGAFwAcABBvABAfgB_gmAAtAFigIMCAAQARhlIF4oVTAP&rs=AOn4CLBXBiXcqPmintHtydKCxrb14RN6Yg,Sergio Oliveira,external-reference,embed_link_and_summarize_only
WVPHXMEQUS0,https://www.youtube.com/watch?v=WVPHXMEQUS0,Golf GTI 2015,204.0,,videos,https://i.ytimg.com/vi/WVPHXMEQUS0/hqdefault.jpg?sqp=-oaymwEcCNACELwBSFXyq4qpAw4IARUAAIhCGAFwAcABBg==&rs=AOn4CLBVZhbwvpKYoQ653lhPF1P3GZtdrQ,Sergio Oliveira,external-reference,embed_link_and_summarize_only
f05LV7RGb9U,https://www.youtube.com/watch?v=f05LV7RGb9U,Por dentro del Nissan Versa 2015,188.0,,videos,https://i.ytimg.com/vi/f05LV7RGb9U/hqdefault.jpg?sqp=-oaymwE2CNACELwBSFXyq4qpAygIARUAAIhCGAFwAcABBvABAfgB_gmAAtAFigIMCAAQARhlIF8oVDAP&rs=AOn4CLCGTNQ40XAYEtrqRHHLBWzoXXWOQQ,Sergio Oliveira,external-reference,embed_link_and_summarize_only
1E9hTtMvumg,https://www.youtube.com/watch?v=1E9hTtMvumg,Por dentro del Dodge Viper 2015,212.0,,videos,https://i.ytimg.com/vi/1E9hTtMvumg/hqdefault.jpg?sqp=-oaymwEcCNACELwBSFXyq4qpAw4IARUAAIhCGAFwAcABBg==&rs=AOn4CLBpuLXNhGEIDyiAc_u5kDZuEtd-NQ,Sergio Oliveira,external-reference,embed_link_and_summarize_only
cocp7d99uhE,https://www.youtube.com/watch?v=cocp7d99uhE,Por dentro del Corvette Stingray 2'15,172.0,,videos,https://i.ytimg.com/vi/cocp7d99uhE/hqdefault.jpg?sqp=-oaymwEcCNACELwBSFXyq4qpAw4IARUAAIhCGAFwAcABBg==&rs=AOn4CLCSd7dj1PKcYkQXNRmqspvdECzmpw,Sergio Oliveira,external-reference,embed_link_and_summarize_only
sWriiz4cqoo,https://www.youtube.com/watch?v=sWriiz4cqoo,Por dentro de la Ford EcoSport Titanium,325.0,,videos,https://i.ytimg.com/vi/sWriiz4cqoo/hqdefault.jpg?sqp=-oaymwEcCNACELwBSFXyq4qpAw4IARUAAIhCGAFwAcABBg==&rs=AOn4CLASGAOAedpFyNSGJKUsynRnhgcgiA,Sergio Oliveira,external-reference,embed_link_and_summarize_only
TbClC_OgKVY,https://www.youtube.com/watch?v=TbClC_OgKVY,Por dentro de la Jeep Cherokee 2015,152.0,,videos,https://i.ytimg.com/vi/TbClC_OgKVY/hqdefault.jpg?sqp=-oaymwE2CNACELwBSFXyq4qpAygIARUAAIhCGAFwAcABBvABAfgB_gmAAtAFigIMCAAQARhDIFsocjAP&rs=AOn4CLBE0sOpc5BQSzgfBnNEV4vinSahQA,Sergio Oliveira,external-reference,embed_link_and_summarize_only
p8iZEXhXCzQ,https://www.youtube.com/watch?v=p8iZEXhXCzQ,Por dentro del BMW 220 2014,188.0,,videos,https://i.ytimg.com/vi/p8iZEXhXCzQ/hqdefault.jpg?sqp=-oaymwEcCNACELwBSFXyq4qpAw4IARUAAIhCGAFwAcABBg==&rs=AOn4CLDpfxlOsVxFTobybCWgLOhsMAc_aA,Sergio Oliveira,external-reference,embed_link_and_summarize_only
323oAWaqsBk,https://www.youtube.com/watch?v=323oAWaqsBk,Por dentro del Renault Logan 2015,96.0,,videos,https://i.ytimg.com/vi/323oAWaqsBk/hqdefault.jpg?sqp=-oaymwEcCNACELwBSFXyq4qpAw4IARUAAIhCGAFwAcABBg==&rs=AOn4CLBmAvy37CRERkwZvJmDAwfat1KMFw,Sergio Oliveira,external-reference,embed_link_and_summarize_only
hC50k6gzXI4,https://www.youtube.com/watch?v=hC50k6gzXI4,Por dentro de la Mercedes-Benz GLA 2015,214.0,,videos,https://i.ytimg.com/vi/hC50k6gzXI4/hqdefault.jpg?sqp=-oaymwEcCNACELwBSFXyq4qpAw4IARUAAIhCGAFwAcABBg==&rs=AOn4CLBOReX0hger6PMk1xNuf7dkgPHC2A,Sergio Oliveira,external-reference,embed_link_and_summarize_only
Uby-kufvAH8,https://www.youtube.com/watch?v=Uby-kufvAH8,Por dentro del Volkswagen Golf Highline 2015,203.0,,videos,https://i.ytimg.com/vi/Uby-kufvAH8/hqdefault.jpg?sqp=-oaymwE2CNACELwBSFXyq4qpAygIARUAAIhCGAFwAcABBvABAfgB_gmAAtAFigIMCAAQARhlIGMoSjAP&rs=AOn4CLDr5Agfpm1t-jMl0rbKitiIqkHZ7A,Sergio Oliveira,external-reference,embed_link_and_summarize_only
-drl8RPR0FQ,https://www.youtube.com/watch?v=-drl8RPR0FQ,Por dentro del Seat León Cupra 2015,167.0,,videos,https://i.ytimg.com/vi/-drl8RPR0FQ/hqdefault.jpg?sqp=-oaymwEcCNACELwBSFXyq4qpAw4IARUAAIhCGAFwAcABBg==&rs=AOn4CLDY7x7kUI9bKrhEv2lrGa64m8IxAA,Sergio Oliveira,external-reference,embed_link_and_summarize_only
q8RrGLjfh7E,https://www.youtube.com/watch?v=q8RrGLjfh7E,Por dentro del Hyundai Elantra Limited 2015,133.0,,videos,https://i.ytimg.com/vi/q8RrGLjfh7E/hqdefault.jpg?sqp=-oaymwE2CNACELwBSFXyq4qpAygIARUAAIhCGAFwAcABBvABAfgB_gmAAtAFigIMCAAQARhaIFooWjAP&rs=AOn4CLAG8Fb96PluS-O2sPFpNwnkTpdpDA,Sergio Oliveira,external-reference,embed_link_and_summarize_only
SWlUKYYmUwc,https://www.youtube.com/watch?v=SWlUKYYmUwc,Por dentro de la Nissan xTrail 2015,116.0,,videos,https://i.ytimg.com/vi/SWlUKYYmUwc/hqdefault.jpg?sqp=-oaymwEcCNACELwBSFXyq4qpAw4IARUAAIhCGAFwAcABBg==&rs=AOn4CLBqBL7vHmuWmsPX1CCLPSvL_RHIng,Sergio Oliveira,external-reference,embed_link_and_summarize_only
04bJNxccKBo,https://www.youtube.com/watch?v=04bJNxccKBo,Por dentro de la Porsche Macan Turbo 2015,188.0,,videos,https://i.ytimg.com/vi/04bJNxccKBo/hqdefault.jpg?sqp=-oaymwEcCNACELwBSFXyq4qpAw4IARUAAIhCGAFwAcABBg==&rs=AOn4CLBCGXJxgrvUxsFwnooaOMwyRz-rhg,Sergio Oliveira,external-reference,embed_link_and_summarize_only
UJM3wu-Fb-E,https://www.youtube.com/watch?v=UJM3wu-Fb-E,Por dentro del VW Jetta GLI 30 aniversario,96.0,,videos,https://i.ytimg.com/vi/UJM3wu-Fb-E/hqdefault.jpg?sqp=-oaymwEcCNACELwBSFXyq4qpAw4IARUAAIhCGAFwAcABBg==&rs=AOn4CLCxGcXRBdPGXz5HglCU3sBv_1mpdQ,Sergio Oliveira,external-reference,embed_link_and_summarize_only
DB3h0IYE9f0,https://www.youtube.com/watch?v=DB3h0IYE9f0,Por dentro del VW Vento gasolina automático,92.0,,videos,https://i.ytimg.com/vi/DB3h0IYE9f0/hqdefault.jpg?sqp=-oaymwE2CNACELwBSFXyq4qpAygIARUAAIhCGAFwAcABBvABAfgB_gmAAtAFigIMCAAQARhlIFkoQDAP&rs=AOn4CLBvRWbthFnDhcQ_cUcxopFVkbo4zg,Sergio Oliveira,external-reference,embed_link_and_summarize_only
y0w8PbA8qho,https://www.youtube.com/watch?v=y0w8PbA8qho,Por dentro del Honda Fit 2015,108.0,,videos,https://i.ytimg.com/vi/y0w8PbA8qho/hqdefault.jpg?sqp=-oaymwE2CNACELwBSFXyq4qpAygIARUAAIhCGAFwAcABBvABAfgB_gmAAtAFigIMCAAQARhTIFkoZTAP&rs=AOn4CLDvA-S5oxKplWsLwi2tSa0k7ysd_w,Sergio Oliveira,external-reference,embed_link_and_summarize_only
JUv-lSaRW38,https://www.youtube.com/watch?v=JUv-lSaRW38,Por dentro del Honda Fit 2014,81.0,,videos,https://i.ytimg.com/vi/JUv-lSaRW38/hqdefault.jpg?sqp=-oaymwEcCNACELwBSFXyq4qpAw4IARUAAIhCGAFwAcABBg==&rs=AOn4CLCH5cnGV0zFB6D83ZKquIjTCZ5YeQ,Sergio Oliveira,external-reference,embed_link_and_summarize_only
YZ6DVbE--k0,https://www.youtube.com/watch?v=YZ6DVbE--k0,Por dentro de Ram R/T Doble Cabina,95.0,,videos,https://i.ytimg.com/vi/YZ6DVbE--k0/hqdefault.jpg?sqp=-oaymwE2CNACELwBSFXyq4qpAygIARUAAIhCGAFwAcABBvABAfgB_gmAAtAFigIMCAAQARhlIFQoSDAP&rs=AOn4CLAacDjF0L_kR6jpt4p8LuW-Ks416Q,Sergio Oliveira,external-reference,embed_link_and_summarize_only
xFZwuOGSbU0,https://www.youtube.com/watch?v=xFZwuOGSbU0,Por dentro del Ford Mustang 1966,107.0,,videos,https://i.ytimg.com/vi/xFZwuOGSbU0/hqdefault.jpg?sqp=-oaymwEcCNACELwBSFXyq4qpAw4IARUAAIhCGAFwAcABBg==&rs=AOn4CLCf1HAq5fyuvELBMT5HDqFtSUcWoA,Sergio Oliveira,external-reference,embed_link_and_summarize_only
qXA4ftPNV9s,https://www.youtube.com/watch?v=qXA4ftPNV9s,Por dentro del Subaru WRX 2015,88.0,,videos,https://i.ytimg.com/vi/qXA4ftPNV9s/hqdefault.jpg?sqp=-oaymwEcCNACELwBSFXyq4qpAw4IARUAAIhCGAFwAcABBg==&rs=AOn4CLD1v6BbEAY2xzY8lYN3U-2-8YoyZw,Sergio Oliveira,external-reference,embed_link_and_summarize_only
4PJRG_bJ7TI,https://www.youtube.com/watch?v=4PJRG_bJ7TI,Por dentro del Mercedes-Benz G500,110.0,,videos,https://i.ytimg.com/vi/4PJRG_bJ7TI/hqdefault.jpg?sqp=-oaymwEcCNACELwBSFXyq4qpAw4IARUAAIhCGAFwAcABBg==&rs=AOn4CLDIWNfPILnRNw09Bpr9DqaIP6dOsg,Sergio Oliveira,external-reference,embed_link_and_summarize_only
25a8E1qHFRw,https://www.youtube.com/watch?v=25a8E1qHFRw,Acura TLX 2015,358.0,,videos,https://i.ytimg.com/vi/25a8E1qHFRw/hqdefault.jpg?sqp=-oaymwEcCNACELwBSFXyq4qpAw4IARUAAIhCGAFwAcABBg==&rs=AOn4CLBPwlZ9ys4tqLLdHp_BFTlM3CPRng,Sergio Oliveira,external-reference,embed_link_and_summarize_only
Di0EFrMV3bw,https://www.youtube.com/watch?v=Di0EFrMV3bw,Por dentro del Nissan Juke 2015,302.0,,videos,https://i.ytimg.com/vi/Di0EFrMV3bw/hqdefault.jpg?sqp=-oaymwE2CNACELwBSFXyq4qpAygIARUAAIhCGAFwAcABBvABAfgB_gmAAtAFigIMCAAQARhlIGUoZTAP&rs=AOn4CLC3q-H1u-v1qUPK8uCiJfnmIdrp-Q,Sergio Oliveira,external-reference,embed_link_and_summarize_only
hGjT-54EkA8,https://www.youtube.com/watch?v=hGjT-54EkA8,My cat is a thief (mi gato es un ladrón),46.0,,videos,https://i.ytimg.com/vi/hGjT-54EkA8/hqdefault.jpg?sqp=-oaymwEcCNACELwBSFXyq4qpAw4IARUAAIhCGAFwAcABBg==&rs=AOn4CLC0O5YZmVxnV48Unn09lTdu40XCIQ,Sergio Oliveira,external-reference,embed_link_and_summarize_only
EWpyJz0zKiU,https://www.youtube.com/watch?v=EWpyJz0zKiU,Slow truck.MOV,11.0,,videos,https://i.ytimg.com/vi/EWpyJz0zKiU/hqdefault.jpg?sqp=-oaymwE2CNACELwBSFXyq4qpAygIARUAAIhCGAFwAcABBvABAfgB_gmAAtAFigIMCAAQARhjIGUoSTAP&rs=AOn4CLC38Ojoc3OTfH1r1c4cRSTjE4jkkg,Sergio Oliveira,external-reference,embed_link_and_summarize_only
Wponj58PQ-g,https://www.youtube.com/watch?v=Wponj58PQ-g,Struder ST 2000 velocidad máxima con carga.MOV,23.0,,videos,https://i.ytimg.com/vi/Wponj58PQ-g/hqdefault.jpg?sqp=-oaymwE2CNACELwBSFXyq4qpAygIARUAAIhCGAFwAcABBvABAfgB_gmAAtAFigIMCAAQARhmIGYoZjAP&rs=AOn4CLDLtuq8NS2oNP9RVK1-3gHrIeup7g,Sergio Oliveira,external-reference,embed_link_and_summarize_only
i4lbFySVXV0,https://www.youtube.com/watch?v=i4lbFySVXV0,Struder Ameise ST 2000.MOV,16.0,,videos,https://i.ytimg.com/vi/i4lbFySVXV0/hqdefault.jpg?sqp=-oaymwEcCNACELwBSFXyq4qpAw4IARUAAIhCGAFwAcABBg==&rs=AOn4CLDAfTbW5397aktzHqKteAh_-GaakQ,Sergio Oliveira,external-reference,embed_link_and_summarize_only
WSYPMlO6gEg,https://www.youtube.com/watch?v=WSYPMlO6gEg,Camión Struder no logra subir.MOV,46.0,,videos,https://i.ytimg.com/vi/WSYPMlO6gEg/hqdefault.jpg?sqp=-oaymwEcCNACELwBSFXyq4qpAw4IARUAAIhCGAFwAcABBg==&rs=AOn4CLDYvPO0y7LEypyAXcXI9aTZsDvNlQ,Sergio Oliveira,external-reference,embed_link_and_summarize_only
z0Kp8UYEXxc,https://www.youtube.com/watch?v=z0Kp8UYEXxc,Renault Salón de Sao Paulo.MOV,46.0,,videos,https://i.ytimg.com/vi/z0Kp8UYEXxc/hqdefault.jpg?sqp=-oaymwE2CNACELwBSFXyq4qpAygIARUAAIhCGAFwAcABBvABAfgB_gmAAtAFigIMCAAQARg8IDAofzAP&rs=AOn4CLDnHnk4GuQef1z_MetDFT_y4eYGkw,Sergio Oliveira,external-reference,embed_link_and_summarize_only
O8HQm7dbmhU,https://www.youtube.com/watch?v=O8HQm7dbmhU,Revenge of the electric car clip1.mov,40.0,,videos,https://i.ytimg.com/vi/O8HQm7dbmhU/hqdefault.jpg?sqp=-oaymwEcCNACELwBSFXyq4qpAw4IARUAAIhCGAFwAcABBg==&rs=AOn4CLDg9KGGw1IWnIb-xbRULNMOvPB64g,Sergio Oliveira,external-reference,embed_link_and_summarize_only
aP36q_DmosE,https://www.youtube.com/shorts/aP36q_DmosE,3 meses después...,,,shorts,https://i.ytimg.com/vi/aP36q_DmosE/oar2.jpg?sqp=-oaymwEgCJUDEOAESFWQAgHyq4qpAw8IARUAAIhCcAHAAQbIAQE=&rs=AOn4CLDZqWKbl5h_hXDQgi7KJGpzTJjNPg&usqp=CCk,Sergio Oliveira,external-reference,embed_link_and_summarize_only
OY_NxSGTOA8,https://www.youtube.com/shorts/OY_NxSGTOA8,Kicks Mediano Plazo,,,shorts,https://i.ytimg.com/vi/OY_NxSGTOA8/oar2.jpg?sqp=-oaymwEgCJUDEOAESFWQAgHyq4qpAw8IARUAAIhCcAHAAQbIAQE=&rs=AOn4CLC-sTOR6_PCoqrusIaarcXcIbIzWA&usqp=CCk,Sergio Oliveira,external-reference,embed_link_and_summarize_only
W2mu5YxR7go,https://www.youtube.com/shorts/W2mu5YxR7go,#unGOALmexicano,,,shorts,https://i.ytimg.com/vi/W2mu5YxR7go/oar2.jpg?sqp=-oaymwEgCJUDEOAESFWQAgHyq4qpAw8IARUAAIhCcAHAAQbIAQE=&rs=AOn4CLCUEhnNNsyG8S0JZSsjEg9xefJDnw&usqp=CCk,Sergio Oliveira,external-reference,embed_link_and_summarize_only
a6ZX5rv1r_Q,https://www.youtube.com/shorts/a6ZX5rv1r_Q,MG FLOSOL,,,shorts,https://i.ytimg.com/vi/a6ZX5rv1r_Q/oar2.jpg?sqp=-oaymwEgCJUDEOAESFWQAgHyq4qpAw8IARUAAIhCcAHAAQbIAQE=&rs=AOn4CLAzJZ293T4r8LEF9lnqoMdw6QxurQ&usqp=CCk,Sergio Oliveira,external-reference,embed_link_and_summarize_only
B0R2lfnJLFw,https://www.youtube.com/shorts/B0R2lfnJLFw,Jetour Soueast FLOSOL,,,shorts,https://i.ytimg.com/vi/B0R2lfnJLFw/oar2.jpg?sqp=-oaymwEgCJUDEOAESFWQAgHyq4qpAw8IARUAAIhCcAHAAQbIAQE=&rs=AOn4CLBcKrEthaXAGE4qSg-zhf_PRf8nxA&usqp=CCk,Sergio Oliveira,external-reference,embed_link_and_summarize_only
7YgJZLFHb0k,https://www.youtube.com/shorts/7YgJZLFHb0k,Changan FLOSOL,,,shorts,https://i.ytimg.com/vi/7YgJZLFHb0k/oar2.jpg?sqp=-oaymwEgCJUDEOAESFWQAgHyq4qpAw8IARUAAIhCcAHAAQbIAQE=&rs=AOn4CLAqmzTeSSeZnjVXpRITdy9YEWcnRw&usqp=CCk,Sergio Oliveira,external-reference,embed_link_and_summarize_only
7WOMzDNYN3c,https://www.youtube.com/shorts/7WOMzDNYN3c,Chevrolet FLOSOL,,,shorts,https://i.ytimg.com/vi/7WOMzDNYN3c/oar2.jpg?sqp=-oaymwEgCJUDEOAESFWQAgHyq4qpAw8IARUAAIhCcAHAAQbIAQE=&rs=AOn4CLA8xJ0MeYOPP-7PejhBxqcSUdqD-g&usqp=CCk,Sergio Oliveira,external-reference,embed_link_and_summarize_only
WAVCPCENFEo,https://www.youtube.com/shorts/WAVCPCENFEo,Geely Hangzhou,,,shorts,https://i.ytimg.com/vi/WAVCPCENFEo/oar2.jpg?sqp=-oaymwEgCJUDEOAESFWQAgHyq4qpAw8IARUAAIhCcAHAAQbIAQE=&rs=AOn4CLCvkPFmaOm42Zj661_wJ1Bde6ukwQ&usqp=CCk,Sergio Oliveira,external-reference,embed_link_and_summarize_only
jEsLh1CJSbM,https://www.youtube.com/shorts/jEsLh1CJSbM,Infiniti QX60 2026,,,shorts,https://i.ytimg.com/vi/jEsLh1CJSbM/oar2.jpg?sqp=-oaymwEgCJUDEOAESFWQAgHyq4qpAw8IARUAAIhCcAHAAQbIAQE=&rs=AOn4CLAhJJIaxGooDwz8Ck2_8ZMgxuiLQA&usqp=CCk,Sergio Oliveira,external-reference,embed_link_and_summarize_only
WTwrf2FKRyY,https://www.youtube.com/shorts/WTwrf2FKRyY,Con esos precios...,,,shorts,https://i.ytimg.com/vi/WTwrf2FKRyY/oar2.jpg?sqp=-oaymwEgCJUDEOAESFWQAgHyq4qpAw8IARUAAIhCcAHAAQbIAQE=&rs=AOn4CLAJVAsaPwjzMNacEBYsskW1H0_LTg&usqp=CCk,Sergio Oliveira,external-reference,embed_link_and_summarize_only
mnFLxICCg4k,https://www.youtube.com/shorts/mnFLxICCg4k,Entre TODOS estos Chevrolet,,,shorts,https://i.ytimg.com/vi/mnFLxICCg4k/oar2.jpg?sqp=-oaymwEgCJUDEOAESFWQAgHyq4qpAw8IARUAAIhCcAHAAQbIAQE=&rs=AOn4CLB1M_w089NSxiBZn25foBrg_Ioa9A&usqp=CCk,Sergio Oliveira,external-reference,embed_link_and_summarize_only
hGCZCXqDPek,https://www.youtube.com/shorts/hGCZCXqDPek,Jetour-Soueast con grandes bonos!,,,shorts,https://i.ytimg.com/vi/hGCZCXqDPek/oar2.jpg?sqp=-oaymwEgCJUDEOAESFWQAgHyq4qpAw8IARUAAIhCcAHAAQbIAQE=&rs=AOn4CLA7k2Sjg7b2Xrw2LQMhe8rPS5tQIQ&usqp=CCk,Sergio Oliveira,external-reference,embed_link_and_summarize_only
iV4b8Wiw9Mw,https://www.youtube.com/shorts/iV4b8Wiw9Mw,Changan Honor,,,shorts,https://i.ytimg.com/vi/iV4b8Wiw9Mw/oar2.jpg?sqp=-oaymwEgCJUDEOAESFWQAgHyq4qpAw8IARUAAIhCcAHAAQbIAQE=&rs=AOn4CLDogtj0o8hQNRlNNkJqM3-8jcwTVA&usqp=CCk,Sergio Oliveira,external-reference,embed_link_and_summarize_only
V9HaQf5cwkk,https://www.youtube.com/shorts/V9HaQf5cwkk,19 de abril de 2026,,,shorts,https://i.ytimg.com/vi/V9HaQf5cwkk/oar2.jpg?sqp=-oaymwEgCJUDEOAESFWQAgHyq4qpAw8IARUAAIhCcAHAAQbIAQE=&rs=AOn4CLAl7B3vyxeiRHgrUBX1YghF7E4S2A&usqp=CCk,Sergio Oliveira,external-reference,embed_link_and_summarize_only
fDS2oNPH-aM,https://www.youtube.com/shorts/fDS2oNPH-aM,Stellar Autofest 2026,,,shorts,https://i.ytimg.com/vi/fDS2oNPH-aM/oar2.jpg?sqp=-oaymwEgCJUDEOAESFWQAgHyq4qpAw8IARUAAIhCcAHAAQbIAQE=&rs=AOn4CLDOsQYW1aNSXoU6FmV1hHhWtnP0WA&usqp=CCk,Sergio Oliveira,external-reference,embed_link_and_summarize_only
ffcBE0P8RqM,https://www.youtube.com/shorts/ffcBE0P8RqM,Hyundai SLP Lomas,,,shorts,https://i.ytimg.com/vi/ffcBE0P8RqM/oar2.jpg?sqp=-oaymwEgCJUDEOAESFWQAgHyq4qpAw8IARUAAIhCcAHAAQbIAQE=&rs=AOn4CLC426nhNoXXi9r03E1FjXaAQZSwdA&usqp=CCk,Sergio Oliveira,external-reference,embed_link_and_summarize_only
_epPISDxbzM,https://www.youtube.com/shorts/_epPISDxbzM,¿Sabes cuáles son los países que compran más coches mexicanos?,,,shorts,https://i.ytimg.com/vi/_epPISDxbzM/oar2.jpg?sqp=-oaymwEgCJUDEOAESFWQAgHyq4qpAw8IARUAAIhCcAHAAQbIAQE=&rs=AOn4CLACarmJaYyURLlKD3Q2gJK1dqPpFA&usqp=CCk,Sergio Oliveira,external-reference,embed_link_and_summarize_only
j_SKwfisRkc,https://www.youtube.com/shorts/j_SKwfisRkc,"Con o sin lluvias, las calles siguen iguales",,,shorts,https://i.ytimg.com/vi/j_SKwfisRkc/oar2.jpg?sqp=-oaymwEgCJUDEOAESFWQAgHyq4qpAw8IARUAAIhCcAHAAQbIAQE=&rs=AOn4CLDwe-JhOBTYRP0M6f8kGexd5nhtUg&usqp=CCk,Sergio Oliveira,external-reference,embed_link_and_summarize_only
3HXG7Ljyo9s,https://www.youtube.com/shorts/3HXG7Ljyo9s,20 Días Chevrolet,,,shorts,https://i.ytimg.com/vi/3HXG7Ljyo9s/oar2.jpg?sqp=-oaymwEgCJUDEOAESFWQAgHyq4qpAw8IARUAAIhCcAHAAQbIAQE=&rs=AOn4CLDxt9xyfOH4GnvSl0y9wWAhpDjdbg&usqp=CCk,Sergio Oliveira,external-reference,embed_link_and_summarize_only
kC_GJa45-H4,https://www.youtube.com/shorts/kC_GJa45-H4,Toyota RAV4 2026,,,shorts,https://i.ytimg.com/vi/kC_GJa45-H4/oar2.jpg?sqp=-oaymwEgCJUDEOAESFWQAgHyq4qpAw8IARUAAIhCcAHAAQbIAQE=&rs=AOn4CLCc1M1HXnm2U__hiLPCdaxT-C6Ayg&usqp=CCk,Sergio Oliveira,external-reference,embed_link_and_summarize_only
K391i6t4Is0,https://www.youtube.com/shorts/K391i6t4Is0,"Cuida la suspensión de tu vehículo, tu seguridad lo vale. Haz el cambio completo con BOGE y Autorep",,,shorts,https://i.ytimg.com/vi/K391i6t4Is0/oar2.jpg?sqp=-oaymwEgCJUDEOAESFWQAgHyq4qpAw8IARUAAIhCcAHAAQbIAQE=&rs=AOn4CLDUq1SeDOcbBrMch_n-R4zYaB8hRw&usqp=CCk,Sergio Oliveira,external-reference,embed_link_and_summarize_only
Jk4_fs4TjXY,https://www.youtube.com/shorts/Jk4_fs4TjXY,¿Tú pagarías 3 MDP por un Yaris GR?,,,shorts,https://i.ytimg.com/vi/Jk4_fs4TjXY/oar2.jpg?sqp=-oaymwEgCJgDEOQESFWQAgHyq4qpAw8IARUAAIhCcAHAAQbIAQE=&rs=AOn4CLDvQpZsQUpwhMP4L9nJq1h-MvR-nQ&usqp=CCk,Sergio Oliveira,external-reference,embed_link_and_summarize_only
gr-sctn4D0I,https://www.youtube.com/shorts/gr-sctn4D0I,¡No dejes pasar este 14 de febrero!,,,shorts,https://i.ytimg.com/vi/gr-sctn4D0I/oar2.jpg?sqp=-oaymwEgCJUDEOAESFWQAgHyq4qpAw8IARUAAIhCcAHAAQbIAQE=&rs=AOn4CLBoynH_0zYtMu7IWhWh2ZshbMLBHw&usqp=CCk,Sergio Oliveira,external-reference,embed_link_and_summarize_only
bEuw-yzCEY4,https://www.youtube.com/shorts/bEuw-yzCEY4,¡Ya tenemos precio del Geely EX2!,,,shorts,https://i.ytimg.com/vi/bEuw-yzCEY4/oar2.jpg?sqp=-oaymwEgCJUDEOAESFWQAgHyq4qpAw8IARUAAIhCcAHAAQbIAQE=&rs=AOn4CLCHieMOuYenRSa5c75FrY6jVoroGQ&usqp=CCk,Sergio Oliveira,external-reference,embed_link_and_summarize_only
vG04_ORKNYQ,https://www.youtube.com/shorts/vG04_ORKNYQ,Mercado Mexicano en 2026,,,shorts,https://i.ytimg.com/vi/vG04_ORKNYQ/oar2.jpg?sqp=-oaymwEgCJUDEOAESFWQAgHyq4qpAw8IARUAAIhCcAHAAQbIAQE=&rs=AOn4CLBqCH2lgFSaFqkXsUunqWtghbwSlQ&usqp=CCk,Sergio Oliveira,external-reference,embed_link_and_summarize_only
GV2_n_-8RYs,https://www.youtube.com/shorts/GV2_n_-8RYs,¿Se puede o no ir a carretera en un PHEV?,,,shorts,https://i.ytimg.com/vi/GV2_n_-8RYs/oar2.jpg?sqp=-oaymwEgCJUDEOAESFWQAgHyq4qpAw8IARUAAIhCcAHAAQbIAQE=&rs=AOn4CLAR568lrQVQEO2PRHLKbkCW0_emsg&usqp=CCk,Sergio Oliveira,external-reference,embed_link_and_summarize_only
ZG5dLzF-W0M,https://www.youtube.com/shorts/ZG5dLzF-W0M,¿Todavía no cambias tus amortiguadores?,,,shorts,https://i.ytimg.com/vi/ZG5dLzF-W0M/oar2.jpg?sqp=-oaymwEgCJUDEOAESFWQAgHyq4qpAw8IARUAAIhCcAHAAQbIAQE=&rs=AOn4CLA5ZOraEd2tD2lG8VO4Uom2Slo10Q&usqp=CCk,Sergio Oliveira,external-reference,embed_link_and_summarize_only
9LVx6P0UJ4U,https://www.youtube.com/shorts/9LVx6P0UJ4U,"Compra refacciones, amortiguadores y accesorios de manera segura",,,shorts,https://i.ytimg.com/vi/9LVx6P0UJ4U/oar2.jpg?sqp=-oaymwEgCJUDEOAESFWQAgHyq4qpAw8IARUAAIhCcAHAAQbIAQE=&rs=AOn4CLBG-vC88ooe5ZDf0z1Nin8fjKIAWA&usqp=CCk,Sergio Oliveira,external-reference,embed_link_and_summarize_only
4hfUoV5oOQA,https://www.youtube.com/shorts/4hfUoV5oOQA,¿Qué comprarías entre un Mazda3 o una CX-5?,,,shorts,https://i.ytimg.com/vi/4hfUoV5oOQA/oar2.jpg?sqp=-oaymwEgCJUDEOAESFWQAgHyq4qpAw8IARUAAIhCcAHAAQbIAQE=&rs=AOn4CLBFunWG-Gh0mDVuhjsd9DlY7-QFWg&usqp=CCk,Sergio Oliveira,external-reference,embed_link_and_summarize_only
vHK2sYP4_n0,https://www.youtube.com/shorts/vHK2sYP4_n0,Revisa y cambia tus amortiguadores después de las lluvias,,,shorts,https://i.ytimg.com/vi/vHK2sYP4_n0/oar2.jpg?sqp=-oaymwEgCJUDEOAESFWQAgHyq4qpAw8IARUAAIhCcAHAAQbIAQE=&rs=AOn4CLDzHh5QJ41rQwHbEQrhpaaQzrFPXQ&usqp=CCk,Sergio Oliveira,external-reference,embed_link_and_summarize_only
MK2-Mt9lHj8,https://www.youtube.com/shorts/MK2-Mt9lHj8,Chevrolet Tracker 2026,,,shorts,https://i.ytimg.com/vi/MK2-Mt9lHj8/oar2.jpg?sqp=-oaymwEgCJUDEOAESFWQAgHyq4qpAw8IARUAAIhCcAHAAQbIAQE=&rs=AOn4CLAS-EC1skwlaRG3gBLJHNuGWBISkg&usqp=CCk,Sergio Oliveira,external-reference,embed_link_and_summarize_only
G1T8ZyLeCK0,https://www.youtube.com/shorts/G1T8ZyLeCK0,BOGE Autorep,,,shorts,https://i.ytimg.com/vi/G1T8ZyLeCK0/oar2.jpg?sqp=-oaymwEgCJUDEOAESFWQAgHyq4qpAw8IARUAAIhCcAHAAQbIAQE=&rs=AOn4CLDWsKZPnbX2_4jnUcbllMeVPFYI5Q&usqp=CCk,Sergio Oliveira,external-reference,embed_link_and_summarize_only
FP-ff25OcGg,https://www.youtube.com/shorts/FP-ff25OcGg,Si vas a cambiar tus amortiguadores...,,,shorts,https://i.ytimg.com/vi/FP-ff25OcGg/oar2.jpg?sqp=-oaymwEgCJUDEOAESFWQAgHyq4qpAw8IARUAAIhCcAHAAQbIAQE=&rs=AOn4CLBqPBk2Kc1xQmiJ_Ybnfkx-TYhE6g&usqp=CCk,Sergio Oliveira,external-reference,embed_link_and_summarize_only
J4wftioK-lU,https://www.youtube.com/shorts/J4wftioK-lU,Ford Edge 2026,,,shorts,https://i.ytimg.com/vi/J4wftioK-lU/oar2.jpg?sqp=-oaymwEgCJUDEOAESFWQAgHyq4qpAw8IARUAAIhCcAHAAQbIAQE=&rs=AOn4CLAEZjaSlKycEQaWTX_KaQRSiZVVKw&usqp=CCk,Sergio Oliveira,external-reference,embed_link_and_summarize_only
6jMKpFzmSV8,https://www.youtube.com/shorts/6jMKpFzmSV8,Nissan Kait,,,shorts,https://i.ytimg.com/vi/6jMKpFzmSV8/oar2.jpg?sqp=-oaymwEgCJgDEOQESFWQAgHyq4qpAw8IARUAAIhCcAHAAQbIAQE=&rs=AOn4CLBapKYjaeKKI3kv5FSKY0HV6S1CQw&usqp=CCk,Sergio Oliveira,external-reference,embed_link_and_summarize_only
1EGTmq-wlq8,https://www.youtube.com/shorts/1EGTmq-wlq8,Chevrolet Captiva PHEV,,,shorts,https://i.ytimg.com/vi/1EGTmq-wlq8/oar2.jpg?sqp=-oaymwEgCJUDEOAESFWQAgHyq4qpAw8IARUAAIhCcAHAAQbIAQE=&rs=AOn4CLC3oWA-pjaBqzaYPyV1IdUh-Xyq_w&usqp=CCk,Sergio Oliveira,external-reference,embed_link_and_summarize_only
-l_XF0Gg45E,https://www.youtube.com/shorts/-l_XF0Gg45E,BYD U8,,,shorts,https://i.ytimg.com/vi/-l_XF0Gg45E/oar2.jpg?sqp=-oaymwEgCJUDEOAESFWQAgHyq4qpAw8IARUAAIhCcAHAAQbIAQE=&rs=AOn4CLD64V8-_MtoVlO5MZOb_FpjwfPilg&usqp=CCk,Sergio Oliveira,external-reference,embed_link_and_summarize_only
W4R1SZjL4fE,https://www.youtube.com/shorts/W4R1SZjL4fE,Volkswagen Taigun,,,shorts,https://i.ytimg.com/vi/W4R1SZjL4fE/oar2.jpg?sqp=-oaymwEgCJUDEOAESFWQAgHyq4qpAw8IARUAAIhCcAHAAQbIAQE=&rs=AOn4CLDJUap9LMKaELlZT3Y-ZO55n1zSfw&usqp=CCk,Sergio Oliveira,external-reference,embed_link_and_summarize_only
1MhCm4bFHTY,https://www.youtube.com/shorts/1MhCm4bFHTY,GAC Bugambilias Open House,,,shorts,https://i.ytimg.com/vi/1MhCm4bFHTY/oar2.jpg?sqp=-oaymwEgCJUDEOAESFWQAgHyq4qpAw8IARUAAIhCcAHAAQbIAQE=&rs=AOn4CLDKbQwcDEBp-SELSA-zkMTW6u7Gqw&usqp=CCk,Sergio Oliveira,external-reference,embed_link_and_summarize_only
dLc7o7oVTB4,https://www.youtube.com/shorts/dLc7o7oVTB4,Honda CR V Hybrid Consumo,,,shorts,https://i.ytimg.com/vi/dLc7o7oVTB4/oar2.jpg?sqp=-oaymwEgCJUDEOAESFWQAgHyq4qpAw8IARUAAIhCcAHAAQbIAQE=&rs=AOn4CLA1lVAcUBQyFBrAhDQ8D1wfIL7uGA&usqp=CCk,Sergio Oliveira,external-reference,embed_link_and_summarize_only
Gnu-23eNh_4,https://www.youtube.com/shorts/Gnu-23eNh_4,"Antes era urbana, ahora ya sale a carretera sin problemas",,,shorts,https://i.ytimg.com/vi/Gnu-23eNh_4/oar2.jpg?sqp=-oaymwEgCJUDEOAESFWQAgHyq4qpAw8IARUAAIhCcAHAAQbIAQE=&rs=AOn4CLB2sXHxNL6_QYiE_H7gmLqOjJg6Sw&usqp=CCk,Sergio Oliveira,external-reference,embed_link_and_summarize_only
M6wZO1ezEbM,https://www.youtube.com/shorts/M6wZO1ezEbM,Uno de los 5 híbridos más baratos del mercado mexicano,,,shorts,https://i.ytimg.com/vi/M6wZO1ezEbM/oar2.jpg?sqp=-oaymwEgCJUDEOAESFWQAgHyq4qpAw8IARUAAIhCcAHAAQbIAQE=&rs=AOn4CLDE1fn-SrxZSFihSBubzgoobHFQVw&usqp=CCk,Sergio Oliveira,external-reference,embed_link_and_summarize_only
tfVMprXPBzM,https://www.youtube.com/shorts/tfVMprXPBzM,Mazda BT-50,,,shorts,https://i.ytimg.com/vi/tfVMprXPBzM/oar2.jpg?sqp=-oaymwEgCJUDEOAESFWQAgHyq4qpAw8IARUAAIhCcAHAAQbIAQE=&rs=AOn4CLD_P-ro0Hisr-leXYabrcLmlX3pSg&usqp=CCk,Sergio Oliveira,external-reference,embed_link_and_summarize_only
ZHLP3jlbTIc,https://www.youtube.com/shorts/ZHLP3jlbTIc,16 de julio de 2025,,,shorts,https://i.ytimg.com/vi/ZHLP3jlbTIc/oar2.jpg?sqp=-oaymwEgCJUDEOAESFWQAgHyq4qpAw8IARUAAIhCcAHAAQbIAQE=&rs=AOn4CLC4-w0JCRnK1MetoOPxlgyBVC1zBA&usqp=CCk,Sergio Oliveira,external-reference,embed_link_and_summarize_only
3IR3xQvDpDw,https://www.youtube.com/shorts/3IR3xQvDpDw,¡Feliz día del padre! #mercedesbenz #diadelpadre #saudades #nostalgia,,,shorts,https://i.ytimg.com/vi/3IR3xQvDpDw/oar2.jpg?sqp=-oaymwEgCJUDEOAESFWQAgHyq4qpAw8IARUAAIhCcAHAAQbIAQE=&rs=AOn4CLBWO0AzH7dNre9mGYAv0PPCxyxRFw&usqp=CCk,Sergio Oliveira,external-reference,embed_link_and_summarize_only
sNhLIOpcv8s,https://www.youtube.com/shorts/sNhLIOpcv8s,"Primer contacto con Jeep Wrangler y JT 2024 en México, por fin llegará el 4xe, PHEV",,,shorts,https://i.ytimg.com/vi/sNhLIOpcv8s/oar2.jpg?sqp=-oaymwEgCJUDEOAESFWQAgHyq4qpAw8IARUAAIhCcAHAAQbIAQE=&rs=AOn4CLAQvnyMevg1LUQ9r6RzsjqYR9Gamg&usqp=CCk,Sergio Oliveira,external-reference,embed_link_and_summarize_only
JE8CkEYrKfE,https://www.youtube.com/shorts/JE8CkEYrKfE,Kia Telluride 2024,,,shorts,https://i.ytimg.com/vi/JE8CkEYrKfE/oar2.jpg?sqp=-oaymwEgCJUDEOAESFWQAgHyq4qpAw8IARUAAIhCcAHAAQbIAQE=&rs=AOn4CLCnnEWUVY4VZCOiepX-h2-xAwDUDg&usqp=CCk,Sergio Oliveira,external-reference,embed_link_and_summarize_only
c-yLDAPerWI,https://www.youtube.com/shorts/c-yLDAPerWI,MG4 EV,,,shorts,https://i.ytimg.com/vi/c-yLDAPerWI/oar2.jpg?sqp=-oaymwEgCJUDEOAESFWQAgHyq4qpAw8IARUAAIhCcAHAAQbIAQE=&rs=AOn4CLAQo9dbl0otdpCUuhJ4jcK7biU_xg&usqp=CCk,Sergio Oliveira,external-reference,embed_link_and_summarize_only
xGntZbQPDNc,https://www.youtube.com/shorts/xGntZbQPDNc,MG4 ya está en Mexico conoce detalles y precios 🤯 #MG100 #MGElectric #RecuperaTuTiempo #MG4Electric,,,shorts,https://i.ytimg.com/vi/xGntZbQPDNc/oar2.jpg?sqp=-oaymwEgCJUDEOAESFWQAgHyq4qpAw8IARUAAIhCcAHAAQbIAQE=&rs=AOn4CLBsYKiIxAleDGdVU0ji66NZwk0z5Q&usqp=CCk,Sergio Oliveira,external-reference,embed_link_and_summarize_only
0Ko9SXvab6A,https://www.youtube.com/shorts/0Ko9SXvab6A,Toyota GR Yaris Circuit Pack,,,shorts,https://i.ytimg.com/vi/0Ko9SXvab6A/oar2.jpg?sqp=-oaymwEgCJUDEOAESFWQAgHyq4qpAw8IARUAAIhCcAHAAQbIAQE=&rs=AOn4CLCsvpuTGpXku5CpZORfAgUM4HQeGw&usqp=CCk,Sergio Oliveira,external-reference,embed_link_and_summarize_only
WHesMR3zzTs,https://www.youtube.com/shorts/WHesMR3zzTs,Honda BR V 2024 ya tiene lo que le faltaba para ser la mejor,,,shorts,https://i.ytimg.com/vi/WHesMR3zzTs/oar2.jpg?sqp=-oaymwEgCJUDEOAESFWQAgHyq4qpAw8IARUAAIhCcAHAAQbIAQE=&rs=AOn4CLBG2_WEEyoWdTwkg3eg8kxsicnifg&usqp=CCk,Sergio Oliveira,external-reference,embed_link_and_summarize_only
Oq8VjpTEA5U,https://www.youtube.com/shorts/Oq8VjpTEA5U,¿Cuánto cuestan los amortiguadores de tu Jetta? #autos #coches #mantenimiento #refacciones #vw,,,shorts,https://i.ytimg.com/vi/Oq8VjpTEA5U/oar2.jpg?sqp=-oaymwEgCJUDEOAESFWQAgHyq4qpAw8IARUAAIhCcAHAAQbIAQE=&rs=AOn4CLDKAznq8RkKgEaH8eCGpGfjuMa0lw&usqp=CCk,Sergio Oliveira,external-reference,embed_link_and_summarize_only
gcryUqLCvn8,https://www.youtube.com/shorts/gcryUqLCvn8,Pon un Nivus en tu cochera. Aunque sea virtualmente. #SUV #vw #autos #coches #comercial,,,shorts,https://i.ytimg.com/vi/gcryUqLCvn8/oar2.jpg?sqp=-oaymwEgCJUDEOAESFWQAgHyq4qpAw8IARUAAIhCcAHAAQbIAQE=&rs=AOn4CLC0EDsLtfAn7HhibWtLEsMumxxZBA&usqp=CCk,Sergio Oliveira,external-reference,embed_link_and_summarize_only
F7PExqvtsnM,https://www.youtube.com/shorts/F7PExqvtsnM,5 cosas que no sabías del nuevo Nissan Z.,,,shorts,https://i.ytimg.com/vi/F7PExqvtsnM/oar2.jpg?sqp=-oaymwEdCNAFENAFSFWQAgHyq4qpAwwIARUAAIhCcAHAAQY=&rs=AOn4CLBHtCFbT39im5hNKgp3cJQJvo20xQ&usqp=CCk,Sergio Oliveira,external-reference,embed_link_and_summarize_only
_H7ixuO8-Nw,https://www.youtube.com/shorts/_H7ixuO8-Nw,"Porqué no me gusta el ""negro piano""",,,shorts,https://i.ytimg.com/vi/_H7ixuO8-Nw/oar2.jpg?sqp=-oaymwEgCJUDEOAESFWQAgHyq4qpAw8IARUAAIhCcAHAAQbIAQE=&rs=AOn4CLDGr9U1O4DZiKot4dnVb4gdgmDWJg&usqp=CCk,Sergio Oliveira,external-reference,embed_link_and_summarize_only
Ulwed0aEqMk,https://www.youtube.com/shorts/Ulwed0aEqMk,Nissan Pathfinder 2023. La mejor segunda fila de su categoría,,,shorts,https://i.ytimg.com/vi/Ulwed0aEqMk/oar2.jpg?sqp=-oaymwEdCNAFENAFSFWQAgHyq4qpAwwIARUAAIhCcAHAAQY=&rs=AOn4CLD0qpDozRGen21-9g1egHdMDotUIQ&usqp=CCk,Sergio Oliveira,external-reference,embed_link_and_summarize_only
1bs7sfma0Ds,https://www.youtube.com/shorts/1bs7sfma0Ds,Pathfinder. Ahora tiene caja de 9 velocidades y convertidor de par.,,,shorts,https://i.ytimg.com/vi/1bs7sfma0Ds/oar2.jpg?sqp=-oaymwEdCNAFENAFSFWQAgHyq4qpAwwIARUAAIhCcAHAAQY=&rs=AOn4CLA1pndeM7b4F-amH6DS3ARKgzNjqg&usqp=CCk,Sergio Oliveira,external-reference,embed_link_and_summarize_only
mZHm9GkLKwc,https://www.youtube.com/shorts/mZHm9GkLKwc,MG HS 2024. Tres versiones nuevas,,,shorts,https://i.ytimg.com/vi/mZHm9GkLKwc/oar2.jpg?sqp=-oaymwEdCNAFENAFSFWQAgHyq4qpAwwIARUAAIhCcAHAAQY=&rs=AOn4CLAidu3P28R9y14Sui6DT-BYCWz6hQ&usqp=CCk,Sergio Oliveira,external-reference,embed_link_and_summarize_only
FI3u0lmyHaA,https://www.youtube.com/shorts/FI3u0lmyHaA,Nissan XTrail. Un vehiculo bien pensado,,,shorts,https://i.ytimg.com/vi/FI3u0lmyHaA/oar2.jpg?sqp=-oaymwEgCJUDEOAESFWQAgHyq4qpAw8IARUAAIhCcAHAAQbIAQE=&rs=AOn4CLDQm6G7aU1HOnbfBNnvpZ_GFeAuGQ&usqp=CCk,Sergio Oliveira,external-reference,embed_link_and_summarize_only
JO2s7omLM2Y,https://www.youtube.com/shorts/JO2s7omLM2Y,Las mejores y peores SUV,,,shorts,https://i.ytimg.com/vi/JO2s7omLM2Y/oar2.jpg?sqp=-oaymwEgCJUDEOAESFWQAgHyq4qpAw8IARUAAIhCcAHAAQbIAQE=&rs=AOn4CLDwJoTcE31SQr0NO89v3cNvf1eI_Q&usqp=CCk,Sergio Oliveira,external-reference,embed_link_and_summarize_only
Kv8x_zm8Cdo,https://www.youtube.com/shorts/Kv8x_zm8Cdo,Nissan Sentra 2024,,,shorts,https://i.ytimg.com/vi/Kv8x_zm8Cdo/oar2.jpg?sqp=-oaymwEgCJUDEOAESFWQAgHyq4qpAw8IARUAAIhCcAHAAQbIAQE=&rs=AOn4CLDFMccvZxE-UcaIaxiivDdbVA0_MQ&usqp=CCk,Sergio Oliveira,external-reference,embed_link_and_summarize_only
Ee4vdVhQVM4,https://www.youtube.com/shorts/Ee4vdVhQVM4,Jetour llega a México,,,shorts,https://i.ytimg.com/vi/Ee4vdVhQVM4/oar2.jpg?sqp=-oaymwEgCJUDEOAESFWQAgHyq4qpAw8IARUAAIhCcAHAAQbIAQE=&rs=AOn4CLClHVSzpsNkhdWTdmR6foxxPx6LAw&usqp=CCk,Sergio Oliveira,external-reference,embed_link_and_summarize_only
K7WHXVe7A3U,https://www.youtube.com/shorts/K7WHXVe7A3U,Clase G pickup,,,shorts,https://i.ytimg.com/vi/K7WHXVe7A3U/oar2.jpg?sqp=-oaymwEgCJUDEOAESFWQAgHyq4qpAw8IARUAAIhCcAHAAQbIAQE=&rs=AOn4CLCMyHlkeNpWxjrTji5BLaPkxQhOsw&usqp=CCk,Sergio Oliveira,external-reference,embed_link_and_summarize_only
QQPT8FbWcPY,https://www.youtube.com/shorts/QQPT8FbWcPY,RAM 700 Longhorn,,,shorts,https://i.ytimg.com/vi/QQPT8FbWcPY/oar2.jpg?sqp=-oaymwEgCJUDEOAESFWQAgHyq4qpAw8IARUAAIhCcAHAAQbIAQE=&rs=AOn4CLCjnMKMbVoIId9OSxJSCWxJA-G_xw&usqp=CCk,Sergio Oliveira,external-reference,embed_link_and_summarize_only
lcW4UtUCtx8,https://www.youtube.com/shorts/lcW4UtUCtx8,Toyota Highlander HEV,,,shorts,https://i.ytimg.com/vi/lcW4UtUCtx8/oar2.jpg?sqp=-oaymwEgCJUDEOAESFWQAgHyq4qpAw8IARUAAIhCcAHAAQbIAQE=&rs=AOn4CLBDc0b3hHzkUx4elppeDDWxx3BgKA&usqp=CCk,Sergio Oliveira,external-reference,embed_link_and_summarize_only
7_QUpiUMEeg,https://www.youtube.com/shorts/7_QUpiUMEeg,Ram 1500 REV,,,shorts,https://i.ytimg.com/vi/7_QUpiUMEeg/oar2.jpg?sqp=-oaymwEgCJUDEOAESFWQAgHyq4qpAw8IARUAAIhCcAHAAQbIAQE=&rs=AOn4CLCRBHHLCJq3JYAtYz5Cq-xCw5jpKg&usqp=CCk,Sergio Oliveira,external-reference,embed_link_and_summarize_only
v74j4pRqK0M,https://www.youtube.com/shorts/v74j4pRqK0M,Volkswagen Teramont 2024,,,shorts,https://i.ytimg.com/vi/v74j4pRqK0M/oar2.jpg?sqp=-oaymwEgCJUDEOAESFWQAgHyq4qpAw8IARUAAIhCcAHAAQbIAQE=&rs=AOn4CLAyvJ3QG74osx4UckPKUuqEnc2lNg&usqp=CCk,Sergio Oliveira,external-reference,embed_link_and_summarize_only
GlTkvQH8pog,https://www.youtube.com/shorts/GlTkvQH8pog,Los coches más caros de la actualidad,,,shorts,https://i.ytimg.com/vi/GlTkvQH8pog/oar2.jpg?sqp=-oaymwEgCJUDEOAESFWQAgHyq4qpAw8IARUAAIhCcAHAAQbIAQE=&rs=AOn4CLCC1vj3OtOSYob_zTTiiL0D4Zwk2A&usqp=CCk,Sergio Oliveira,external-reference,embed_link_and_summarize_only
0dGE94qhS7k,https://www.youtube.com/shorts/0dGE94qhS7k,Lamborghini dice adiós a los V12,,,shorts,https://i.ytimg.com/vi/0dGE94qhS7k/oar2.jpg?sqp=-oaymwEgCJUDEOAESFWQAgHyq4qpAw8IARUAAIhCcAHAAQbIAQE=&rs=AOn4CLC9u2Y3TN8XtykqySHv0PHxCrRD4g&usqp=CCk,Sergio Oliveira,external-reference,embed_link_and_summarize_only
10DliUPLfGs,https://www.youtube.com/shorts/10DliUPLfGs,Ford Ranger Raptor,,,shorts,https://i.ytimg.com/vi/10DliUPLfGs/oar2.jpg?sqp=-oaymwEgCJUDEOAESFWQAgHyq4qpAw8IARUAAIhCcAHAAQbIAQE=&rs=AOn4CLDlzMalekEBbqcJROfaU9P-5bMa9Q&usqp=CCk,Sergio Oliveira,external-reference,embed_link_and_summarize_only
fztcuFyv6y4,https://www.youtube.com/shorts/fztcuFyv6y4,Mazda 2 by Auto Exe,,,shorts,https://i.ytimg.com/vi/fztcuFyv6y4/oar2.jpg?sqp=-oaymwEgCJUDEOAESFWQAgHyq4qpAw8IARUAAIhCcAHAAQbIAQE=&rs=AOn4CLCEL9hWQxcvSZQGC2hHNNt3eU3WjQ&usqp=CCk,Sergio Oliveira,external-reference,embed_link_and_summarize_only
i1WwV8W7P_M,https://www.youtube.com/shorts/i1WwV8W7P_M,Mercedes Benz SLR McLaren Stirling Moss,,,shorts,https://i.ytimg.com/vi/i1WwV8W7P_M/oar2.jpg?sqp=-oaymwEgCJUDEOAESFWQAgHyq4qpAw8IARUAAIhCcAHAAQbIAQE=&rs=AOn4CLC7jh5j8jihfi-GHL5nJ3b151qheg&usqp=CCk,Sergio Oliveira,external-reference,embed_link_and_summarize_only
19Y3DRwbtX0,https://www.youtube.com/shorts/19Y3DRwbtX0,Mazda 2 2024,,,shorts,https://i.ytimg.com/vi/19Y3DRwbtX0/oar2.jpg?sqp=-oaymwEgCJUDEOAESFWQAgHyq4qpAw8IARUAAIhCcAHAAQbIAQE=&rs=AOn4CLDqcfjOmfY8_gdjL3zrWxe57F0Jmg&usqp=CCk,Sergio Oliveira,external-reference,embed_link_and_summarize_only
pLcQSwMd6g4,https://www.youtube.com/shorts/pLcQSwMd6g4,Así sería la nueva Tacoma,,,shorts,https://i.ytimg.com/vi/pLcQSwMd6g4/oar2.jpg?sqp=-oaymwEgCJUDEOAESFWQAgHyq4qpAw8IARUAAIhCcAHAAQbIAQE=&rs=AOn4CLDqiiCgipxo5hYODhTPrazGGBFAXQ&usqp=CCk,Sergio Oliveira,external-reference,embed_link_and_summarize_only
ZyvD1T2ZOFU,https://www.youtube.com/shorts/ZyvD1T2ZOFU,Porsche Vision 357 Concept,,,shorts,https://i.ytimg.com/vi/ZyvD1T2ZOFU/oar2.jpg?sqp=-oaymwEgCJUDEOAESFWQAgHyq4qpAw8IARUAAIhCcAHAAQbIAQE=&rs=AOn4CLD4ZCQJTVtDP10kvo2BtJ9R3SGc4Q&usqp=CCk,Sergio Oliveira,external-reference,embed_link_and_summarize_only
kOnw3KM398M,https://www.youtube.com/shorts/kOnw3KM398M,BMW M3 CS,,,shorts,https://i.ytimg.com/vi/kOnw3KM398M/oar2.jpg?sqp=-oaymwEgCJUDEOAESFWQAgHyq4qpAw8IARUAAIhCcAHAAQbIAQE=&rs=AOn4CLCgtbBK60eiXy2LFOkPw7x-q3ewdQ&usqp=CCk,Sergio Oliveira,external-reference,embed_link_and_summarize_only
0K_pJFRp-Cs,https://www.youtube.com/shorts/0K_pJFRp-Cs,Lamborghini Countach,,,shorts,https://i.ytimg.com/vi/0K_pJFRp-Cs/oar2.jpg?sqp=-oaymwEgCJUDEOAESFWQAgHyq4qpAw8IARUAAIhCcAHAAQbIAQE=&rs=AOn4CLBWON_-gka4DPtD5eT2a_sYgI-Ryw&usqp=CCk,Sergio Oliveira,external-reference,embed_link_and_summarize_only
UeKNrfqm7mc,https://www.youtube.com/shorts/UeKNrfqm7mc,Nissan Kicks e-POWER. Ventajas vs PHEV,,,shorts,https://i.ytimg.com/vi/UeKNrfqm7mc/oar2.jpg?sqp=-oaymwEdCNAFENAFSFWQAgHyq4qpAwwIARUAAIhCcAHAAQY=&rs=AOn4CLDXJvCIrCka8OuBd_fJ0QQd1s5BaQ&usqp=CCk,Sergio Oliveira,external-reference,embed_link_and_summarize_only
taCpYebXjYs,https://www.youtube.com/shorts/taCpYebXjYs,MegaRexx MegaRaptor,,,shorts,https://i.ytimg.com/vi/taCpYebXjYs/oar2.jpg?sqp=-oaymwEgCJUDEOAESFWQAgHyq4qpAw8IARUAAIhCcAHAAQbIAQE=&rs=AOn4CLBcKwvZT0I_wG-bdJ4IleudHBQkpg&usqp=CCk,Sergio Oliveira,external-reference,embed_link_and_summarize_only
ZL-Z7kNWpxE,https://www.youtube.com/shorts/ZL-Z7kNWpxE,Aston Martin DBS 770 Ultimate,,,shorts,https://i.ytimg.com/vi/ZL-Z7kNWpxE/oar2.jpg?sqp=-oaymwEgCJUDEOAESFWQAgHyq4qpAw8IARUAAIhCcAHAAQbIAQE=&rs=AOn4CLCSO8P98aujs72wiOTAICfYBU3--w&usqp=CCk,Sergio Oliveira,external-reference,embed_link_and_summarize_only
VOauL7eS8hk,https://www.youtube.com/shorts/VOauL7eS8hk,Nissan Kicks e-POWER. Ventajas batería chica,,,shorts,https://i.ytimg.com/vi/VOauL7eS8hk/oar2.jpg?sqp=-oaymwEdCNAFENAFSFWQAgHyq4qpAwwIARUAAIhCcAHAAQY=&rs=AOn4CLD16hTzeMHqyEzwT0V9YuZyZjazOg&usqp=CCk,Sergio Oliveira,external-reference,embed_link_and_summarize_only
cz-oP0UXj9M,https://www.youtube.com/shorts/cz-oP0UXj9M,Nissan Versa 2023,,,shorts,https://i.ytimg.com/vi/cz-oP0UXj9M/oar2.jpg?sqp=-oaymwEgCJUDEOAESFWQAgHyq4qpAw8IARUAAIhCcAHAAQbIAQE=&rs=AOn4CLCtt8orjnSPgfi7hLUgZlZe0v3hZQ&usqp=CCk,Sergio Oliveira,external-reference,embed_link_and_summarize_only
NIloxdi3Lgg,https://www.youtube.com/shorts/NIloxdi3Lgg,Ford Lobo Raptor R,,,shorts,https://i.ytimg.com/vi/NIloxdi3Lgg/oar2.jpg?sqp=-oaymwEgCJUDEOAESFWQAgHyq4qpAw8IARUAAIhCcAHAAQbIAQE=&rs=AOn4CLD77dPxWYmulIOaT-BwR1Hk-n7SZQ&usqp=CCk,Sergio Oliveira,external-reference,embed_link_and_summarize_only
wPz-DaFq4Pg,https://www.youtube.com/shorts/wPz-DaFq4Pg,Chevrolet Corvette E Ray,,,shorts,https://i.ytimg.com/vi/wPz-DaFq4Pg/oar2.jpg?sqp=-oaymwEgCJUDEOAESFWQAgHyq4qpAw8IARUAAIhCcAHAAQbIAQE=&rs=AOn4CLC6gM1ABl1yvuJ38-Ek_Fwimx9FYw&usqp=CCk,Sergio Oliveira,external-reference,embed_link_and_summarize_only
IsnYaOZzye0,https://www.youtube.com/shorts/IsnYaOZzye0,Ferrari cumple 30 años en China,,,shorts,https://i.ytimg.com/vi/IsnYaOZzye0/oar2.jpg?sqp=-oaymwEgCJUDEOAESFWQAgHyq4qpAw8IARUAAIhCcAHAAQbIAQE=&rs=AOn4CLC_4Tjk3WvP6ENeW-zexw_4ylqJ6g&usqp=CCk,Sergio Oliveira,external-reference,embed_link_and_summarize_only
NnYXF4o-pf0,https://www.youtube.com/shorts/NnYXF4o-pf0,Renault Megane RS Ultime,,,shorts,https://i.ytimg.com/vi/NnYXF4o-pf0/oar2.jpg?sqp=-oaymwEgCJUDEOAESFWQAgHyq4qpAw8IARUAAIhCcAHAAQbIAQE=&rs=AOn4CLA5Qa6OgvZuELP9A2RJT4vsBIxKKQ&usqp=CCk,Sergio Oliveira,external-reference,embed_link_and_summarize_only
2yKhZztjYec,https://www.youtube.com/shorts/2yKhZztjYec,Carroll Shelby,,,shorts,https://i.ytimg.com/vi/2yKhZztjYec/oar2.jpg?sqp=-oaymwEgCJUDEOAESFWQAgHyq4qpAw8IARUAAIhCcAHAAQbIAQE=&rs=AOn4CLDACcuEirUyrYr8f61O9yA_qz1mrA&usqp=CCk,Sergio Oliveira,external-reference,embed_link_and_summarize_only
ClfVA0Ie91c,https://www.youtube.com/shorts/ClfVA0Ie91c,Suzuki Fronx,,,shorts,https://i.ytimg.com/vi/ClfVA0Ie91c/oar2.jpg?sqp=-oaymwEgCJUDEOAESFWQAgHyq4qpAw8IARUAAIhCcAHAAQbIAQE=&rs=AOn4CLAVjczSjnkVphCh1XZg8kjjelUrVg&usqp=CCk,Sergio Oliveira,external-reference,embed_link_and_summarize_only
tkQyrn0uaR8,https://www.youtube.com/shorts/tkQyrn0uaR8,Nissan GT R 2024,,,shorts,https://i.ytimg.com/vi/tkQyrn0uaR8/oar2.jpg?sqp=-oaymwEgCJUDEOAESFWQAgHyq4qpAw8IARUAAIhCcAHAAQbIAQE=&rs=AOn4CLDrnGHsyXxVt_NMnjyjm3f3nXeBjg&usqp=CCk,Sergio Oliveira,external-reference,embed_link_and_summarize_only
-x2Od7YP0KA,https://www.youtube.com/shorts/-x2Od7YP0KA,Suzuki Jimny ahora con 5 puertas,,,shorts,https://i.ytimg.com/vi/-x2Od7YP0KA/oar2.jpg?sqp=-oaymwEgCJUDEOAESFWQAgHyq4qpAw8IARUAAIhCcAHAAQbIAQE=&rs=AOn4CLCjtMUgBJFrLoTvD7Cu33bZEvPygQ&usqp=CCk,Sergio Oliveira,external-reference,embed_link_and_summarize_only
iH2uTYXCVGc,https://www.youtube.com/shorts/iH2uTYXCVGc,Mansory Urus,,,shorts,https://i.ytimg.com/vi/iH2uTYXCVGc/oar2.jpg?sqp=-oaymwEgCJUDEOAESFWQAgHyq4qpAw8IARUAAIhCcAHAAQbIAQE=&rs=AOn4CLBayuxnLKSkvJdC8PZl5KVw3rszwQ&usqp=CCk,Sergio Oliveira,external-reference,embed_link_and_summarize_only
8TAZ0U-TTUY,https://www.youtube.com/shorts/8TAZ0U-TTUY,Nissan Kicks e-POWERManejo divertido,,,shorts,https://i.ytimg.com/vi/8TAZ0U-TTUY/oar2.jpg?sqp=-oaymwEdCNAFENAFSFWQAgHyq4qpAwwIARUAAIhCcAHAAQY=&rs=AOn4CLByRMfy61KD8adiBHs0b1ApUaOaTg&usqp=CCk,Sergio Oliveira,external-reference,embed_link_and_summarize_only
GsDcZnmeqYg,https://www.youtube.com/shorts/GsDcZnmeqYg,Hyundai Grand i10 2024,,,shorts,https://i.ytimg.com/vi/GsDcZnmeqYg/oar2.jpg?sqp=-oaymwEgCJUDEOAESFWQAgHyq4qpAw8IARUAAIhCcAHAAQbIAQE=&rs=AOn4CLCRrkABQoEf0xa0pBpjy7gdSnwXfA&usqp=CCk,Sergio Oliveira,external-reference,embed_link_and_summarize_only
DhEQttYRK_E,https://www.youtube.com/shorts/DhEQttYRK_E,Lexus IS 2023,,,shorts,https://i.ytimg.com/vi/DhEQttYRK_E/oar2.jpg?sqp=-oaymwEgCJUDEOAESFWQAgHyq4qpAw8IARUAAIhCcAHAAQbIAQE=&rs=AOn4CLDsmKBFXHU-aKF1yfjwdTiVEytIHA&usqp=CCk,Sergio Oliveira,external-reference,embed_link_and_summarize_only
XKeA3hVXHsY,https://www.youtube.com/shorts/XKeA3hVXHsY,Nissan Kicks e-POWER. Espacio para las personas,,,shorts,https://i.ytimg.com/vi/XKeA3hVXHsY/oar2.jpg?sqp=-oaymwEdCNAFENAFSFWQAgHyq4qpAwwIARUAAIhCcAHAAQY=&rs=AOn4CLDyPGnkpWY_jxwG5WXxoLmWepLxpg&usqp=CCk,Sergio Oliveira,external-reference,embed_link_and_summarize_only
7JtgDToIqRU,https://www.youtube.com/shorts/7JtgDToIqRU,Hennessey F5 Revolution,,,shorts,https://i.ytimg.com/vi/7JtgDToIqRU/oar2.jpg?sqp=-oaymwEgCJUDEOAESFWQAgHyq4qpAw8IARUAAIhCcAHAAQbIAQE=&rs=AOn4CLDQoz0OKkg5ZgYViUS6D1M6tOhEdw&usqp=CCk,Sergio Oliveira,external-reference,embed_link_and_summarize_only
IRods8HyFiI,https://www.youtube.com/shorts/IRods8HyFiI,Toyota Hilux GR Sport,,,shorts,https://i.ytimg.com/vi/IRods8HyFiI/oar2.jpg?sqp=-oaymwEgCJUDEOAESFWQAgHyq4qpAw8IARUAAIhCcAHAAQbIAQE=&rs=AOn4CLBSKRI2zun-NVpzAsSlRwiKiubR0A&usqp=CCk,Sergio Oliveira,external-reference,embed_link_and_summarize_only
kY_7O6not7k,https://www.youtube.com/shorts/kY_7O6not7k,BYD YangWang 1,,,shorts,https://i.ytimg.com/vi/kY_7O6not7k/oar2.jpg?sqp=-oaymwEgCJUDEOAESFWQAgHyq4qpAw8IARUAAIhCcAHAAQbIAQE=&rs=AOn4CLCmGEzqVf5Kdzr1He586Agr4bFRBQ&usqp=CCk,Sergio Oliveira,external-reference,embed_link_and_summarize_only
nU84ksLBdbI,https://www.youtube.com/shorts/nU84ksLBdbI,El Dodge Challenger le dice bye-bye al Ford Mustang,,,shorts,https://i.ytimg.com/vi/nU84ksLBdbI/oar2.jpg?sqp=-oaymwEgCJUDEOAESFWQAgHyq4qpAw8IARUAAIhCcAHAAQbIAQE=&rs=AOn4CLDKLbn4WZ4yCuqw_Zc6SnJQKIpXjg&usqp=CCk,Sergio Oliveira,external-reference,embed_link_and_summarize_only
z434nE1Sq88,https://www.youtube.com/shorts/z434nE1Sq88,Ram 1500 Revolution BEV Concept,,,shorts,https://i.ytimg.com/vi/z434nE1Sq88/oar2.jpg?sqp=-oaymwEgCJUDEOAESFWQAgHyq4qpAw8IARUAAIhCcAHAAQbIAQE=&rs=AOn4CLAXR8QZrGgrBJeXyJ5Zm1xP61i0rA&usqp=CCk,Sergio Oliveira,external-reference,embed_link_and_summarize_only
8nZfEIn_hC4,https://www.youtube.com/shorts/8nZfEIn_hC4,e-STEP. Una clase de cómo manejar eléctricos.,,,shorts,https://i.ytimg.com/vi/8nZfEIn_hC4/oar2.jpg?sqp=-oaymwEgCJUDEOAESFWQAgHyq4qpAw8IARUAAIhCcAHAAQbIAQE=&rs=AOn4CLCAKI0Eb_qNA2Zp0TjWHZ63POF_gQ&usqp=CCk,Sergio Oliveira,external-reference,embed_link_and_summarize_only
rBk0KwAgWPE,https://www.youtube.com/shorts/rBk0KwAgWPE,The Cat that fetches,,,shorts,https://i.ytimg.com/vi/rBk0KwAgWPE/hq2.jpg?sqp=-oaymwEdCMwBEOgCSFXyq4qpAw8IARUAAIhCcAHAAQbQAQE=&rs=AOn4CLAC45QoDyVd9m1lP1GUhzbvsQgFrg,Sergio Oliveira,external-reference,embed_link_and_summarize_only
JQpqgG42eSY,https://www.youtube.com/watch?v=JQpqgG42eSY,LaCochera RADIO | EN VIVO | 23 Mayo,3558.0,,streams,https://i.ytimg.com/vi/JQpqgG42eSY/hqdefault.jpg?sqp=-oaymwE2CNACELwBSFXyq4qpAygIARUAAIhCGAFwAcABBvABAfgB_gmAAtAFigIMCAAQARhlIGUoZTAP&rs=AOn4CLBh03pllVlq9UbDwABR4XB1vYbZmA,Sergio Oliveira,external-reference,embed_link_and_summarize_only
Al5yK9V3CzI,https://www.youtube.com/watch?v=Al5yK9V3CzI,LaCochera RADIO | EN VIVO | 16 Mayo,3194.0,,streams,https://i.ytimg.com/vi/Al5yK9V3CzI/hqdefault.jpg?sqp=-oaymwE2CNACELwBSFXyq4qpAygIARUAAIhCGAFwAcABBvABAfgB_gmAAtAFigIMCAAQARhUIFcoZTAP&rs=AOn4CLBjLSMc0Be89BazCAZ14lJDyLpQ8A,Sergio Oliveira,external-reference,embed_link_and_summarize_only
zT6L1jCX5SE,https://www.youtube.com/watch?v=zT6L1jCX5SE,LaCochera RADIO | EN VIVO | 2 Mayo,3864.0,,streams,https://i.ytimg.com/vi/zT6L1jCX5SE/hqdefault.jpg?sqp=-oaymwE2CNACELwBSFXyq4qpAygIARUAAIhCGAFwAcABBvABAfgB_gmAAtAFigIMCAAQARhlIFUoVTAP&rs=AOn4CLBMLP4EvSIsRmC3Mc2U3R4haCZm6Q,Sergio Oliveira,external-reference,embed_link_and_summarize_only
JWJHHfIIIeM,https://www.youtube.com/watch?v=JWJHHfIIIeM,LaCochera RADIO | EN VIVO | 2 Mayo,3660.0,,streams,https://i.ytimg.com/vi/JWJHHfIIIeM/hqdefault.jpg?sqp=-oaymwE2CNACELwBSFXyq4qpAygIARUAAIhCGAFwAcABBvABAfgB_gmAAtAFigIMCAAQARhkIGQoZDAP&rs=AOn4CLCGzflQ3J7PP2HDBcs5W1W0SciduA,Sergio Oliveira,external-reference,embed_link_and_summarize_only
ROevFToRSe4,https://www.youtube.com/watch?v=ROevFToRSe4,LaCochera RADIO | EN VIVO | 18 Abril,15.0,,streams,https://i.ytimg.com/vi/ROevFToRSe4/hqdefault.jpg?sqp=-oaymwE2CNACELwBSFXyq4qpAygIARUAAIhCGAFwAcABBvABAfgB_gmAAtAFigIMCAAQARhkIGQoZDAP&rs=AOn4CLCIj2S3s7Mn7X2pYhSUJDT8JrMP9A,Sergio Oliveira,external-reference,embed_link_and_summarize_only
vgB8HEXomDU,https://www.youtube.com/watch?v=vgB8HEXomDU,LaCochera RADIO | EN VIVO | 18 Abril,17.0,,streams,https://i.ytimg.com/vi/vgB8HEXomDU/hqdefault.jpg?sqp=-oaymwE2CNACELwBSFXyq4qpAygIARUAAIhCGAFwAcABBvABAfgB_gmAAtAFigIMCAAQARhkIGQoZDAP&rs=AOn4CLAHkhLHqIFh2shARaE8-DI3j7VFsQ,Sergio Oliveira,external-reference,embed_link_and_summarize_only
j3lmVbkV6TM,https://www.youtube.com/watch?v=j3lmVbkV6TM,LaCochera RADIO | EN VIVO | 18 Abril,3726.0,,streams,https://i.ytimg.com/vi/j3lmVbkV6TM/hqdefault.jpg?sqp=-oaymwE2CNACELwBSFXyq4qpAygIARUAAIhCGAFwAcABBvABAfgB_gmAAtAFigIMCAAQARhlIGUoZTAP&rs=AOn4CLAxmTGlrpiVKeuOmjvoEZW0rb6HvA,Sergio Oliveira,external-reference,embed_link_and_summarize_only
7wAmywSQLCw,https://www.youtube.com/watch?v=7wAmywSQLCw,LaCochera RADIO | EN VIVO | 11 Abril,5.0,,streams,https://i.ytimg.com/vi/7wAmywSQLCw/hqdefault.jpg?sqp=-oaymwE2CNACELwBSFXyq4qpAygIARUAAIhCGAFwAcABBvABAfgB_gmAAtAFigIMCAAQARhkIGQoZDAP&rs=AOn4CLCDnjjxGYTEaIpd0EAvprXTfUH0lg,Sergio Oliveira,external-reference,embed_link_and_summarize_only
Z97jHqpHb-U,https://www.youtube.com/watch?v=Z97jHqpHb-U,LaCochera RADIO | EN VIVO | 11 Abril,2248.0,,streams,https://i.ytimg.com/vi/Z97jHqpHb-U/hqdefault.jpg?sqp=-oaymwE2CNACELwBSFXyq4qpAygIARUAAIhCGAFwAcABBvABAfgB_gmAAtAFigIMCAAQARhlIGUoZTAP&rs=AOn4CLDc1NcjtdhFNC2Rt0ps5vexu30lTA,Sergio Oliveira,external-reference,embed_link_and_summarize_only
OSfFmGQsLmA,https://www.youtube.com/watch?v=OSfFmGQsLmA,LaCochera RADIO | EN VIVO | 11 Abril,100.0,,streams,https://i.ytimg.com/vi/OSfFmGQsLmA/hqdefault.jpg?sqp=-oaymwE2CNACELwBSFXyq4qpAygIARUAAIhCGAFwAcABBvABAfgB_gmAAtAFigIMCAAQARhlIGUoZTAP&rs=AOn4CLDfdJPOSuMKrVJRFy-NvGfDEWrlpQ,Sergio Oliveira,external-reference,embed_link_and_summarize_only
a_3gB7SVJHE,https://www.youtube.com/watch?v=a_3gB7SVJHE,LaCochera RADIO | EN VIVO | 4 Abril,1771.0,,streams,https://i.ytimg.com/vi/a_3gB7SVJHE/hqdefault.jpg?sqp=-oaymwE2CNACELwBSFXyq4qpAygIARUAAIhCGAFwAcABBvABAfgB_gmAAtAFigIMCAAQARhlIF4oVTAP&rs=AOn4CLBu6F5wIWhLZoyKHEmSnb8Kq0_MOg,Sergio Oliveira,external-reference,embed_link_and_summarize_only
HctErndEhbo,https://www.youtube.com/watch?v=HctErndEhbo,LaCochera RADIO | EN VIVO | 28 Marzo,3484.0,,streams,https://i.ytimg.com/vi/HctErndEhbo/hqdefault.jpg?sqp=-oaymwE2CNACELwBSFXyq4qpAygIARUAAIhCGAFwAcABBvABAfgB_gmAAtAFigIMCAAQARhlIF8oVzAP&rs=AOn4CLBmPkAsEBWvxIeNeGx0PYaWnJFMYw,Sergio Oliveira,external-reference,embed_link_and_summarize_only
CAyTAI23kxs,https://www.youtube.com/watch?v=CAyTAI23kxs,LaCochera RADIO | EN VIVO | 21 Marzo,2331.0,,streams,https://i.ytimg.com/vi/CAyTAI23kxs/hqdefault.jpg?sqp=-oaymwE2CNACELwBSFXyq4qpAygIARUAAIhCGAFwAcABBvABAfgB_gmAAtAFigIMCAAQARhiIGIoYjAP&rs=AOn4CLBSCuMmSBs1z4mQKCw9siE4SCBjUw,Sergio Oliveira,external-reference,embed_link_and_summarize_only
Gb1-j8X_u7I,https://www.youtube.com/watch?v=Gb1-j8X_u7I,LaCochera RADIO | EN VIVO | 14 Marzo,3755.0,,streams,https://i.ytimg.com/vi/Gb1-j8X_u7I/hqdefault.jpg?sqp=-oaymwE2CNACELwBSFXyq4qpAygIARUAAIhCGAFwAcABBvABAfgB_gmAAtAFigIMCAAQARhyIEMoQzAP&rs=AOn4CLB7Mb4Zbk-NV2Bfdz0PCMtwdpp2nA,Sergio Oliveira,external-reference,embed_link_and_summarize_only
03q0KjXETmI,https://www.youtube.com/watch?v=03q0KjXETmI,Emisión en directo de Sergio Oliveira,10.0,,streams,https://i.ytimg.com/vi/03q0KjXETmI/hqdefault.jpg?sqp=-oaymwE2CNACELwBSFXyq4qpAygIARUAAIhCGAFwAcABBvABAfgB_gmAAtAFigIMCAAQARhkIGQoZDAP&rs=AOn4CLDvZR-DDCX_z1E6_e09e8wtK7xo0w,Sergio Oliveira,external-reference,embed_link_and_summarize_only
U0RVq3DHbLw,https://www.youtube.com/watch?v=U0RVq3DHbLw,Emisión en directo de Sergio Oliveira,2299.0,,streams,https://i.ytimg.com/vi/U0RVq3DHbLw/hqdefault.jpg?sqp=-oaymwE2CNACELwBSFXyq4qpAygIARUAAIhCGAFwAcABBvABAfgB_gmAAtAFigIMCAAQARhOIE4oZTAP&rs=AOn4CLC9s2XsE_W2wv_J76zRqsOKDANLxw,Sergio Oliveira,external-reference,embed_link_and_summarize_only
pVbR7ELN768,https://www.youtube.com/watch?v=pVbR7ELN768,"Precios, autos chinos y el mercado mexicano",4425.0,,streams,https://i.ytimg.com/vi/pVbR7ELN768/hqdefault.jpg?sqp=-oaymwE2CNACELwBSFXyq4qpAygIARUAAIhCGAFwAcABBvABAfgB_gmAAtAFigIMCAAQARhlIGUoZTAP&rs=AOn4CLCGazZeu0H5dYnzbVCywCR98T3nlQ,Sergio Oliveira,external-reference,embed_link_and_summarize_only
-vUnXZwL4AY,https://www.youtube.com/watch?v=-vUnXZwL4AY,Charla con el equipo de Autologia,3666.0,,streams,https://i.ytimg.com/vi/-vUnXZwL4AY/hqdefault.jpg?sqp=-oaymwEcCNACELwBSFXyq4qpAw4IARUAAIhCGAFwAcABBg==&rs=AOn4CLDEmg131FZfdf4rInfjaP8p5K1MOQ,Sergio Oliveira,external-reference,embed_link_and_summarize_only
F0R3ub0Zf3E,https://www.youtube.com/watch?v=F0R3ub0Zf3E,Charla Rubén Hoyo,3516.0,,streams,https://i.ytimg.com/vi/F0R3ub0Zf3E/hqdefault.jpg?sqp=-oaymwEcCNACELwBSFXyq4qpAw4IARUAAIhCGAFwAcABBg==&rs=AOn4CLDWNEdDFpwVPFypD7vVfAkpjNKu2A,Sergio Oliveira,external-reference,embed_link_and_summarize_only
d_F7zNZ6TT0,https://www.youtube.com/watch?v=d_F7zNZ6TT0,Pregunta lo que quieras,3440.0,,streams,https://i.ytimg.com/vi/d_F7zNZ6TT0/hqdefault.jpg?sqp=-oaymwEcCNACELwBSFXyq4qpAw4IARUAAIhCGAFwAcABBg==&rs=AOn4CLAxjRxUp_hwt1fYIesrs0IumZZNTg,Sergio Oliveira,external-reference,embed_link_and_summarize_only
t0Shcdi7JRw,https://www.youtube.com/watch?v=t0Shcdi7JRw,Emisión en directo de Sergio Oliveira,58.0,,streams,https://i.ytimg.com/vi/t0Shcdi7JRw/hqdefault.jpg?sqp=-oaymwEcCNACELwBSFXyq4qpAw4IARUAAIhCGAFwAcABBg==&rs=AOn4CLDlaSZOpigPCl74pgmtgNNLNfRQnw,Sergio Oliveira,external-reference,embed_link_and_summarize_only
kj2LrCEjpfY,https://www.youtube.com/watch?v=kj2LrCEjpfY,"Nos vemos al rato, en vivo",57.0,,streams,https://i.ytimg.com/vi/kj2LrCEjpfY/hqdefault.jpg?sqp=-oaymwEcCNACELwBSFXyq4qpAw4IARUAAIhCGAFwAcABBg==&rs=AOn4CLDkh_5SIF9nFKkoNXYS3JmpI4B2Tw,Sergio Oliveira,external-reference,embed_link_and_summarize_only
mD0cfkB8aRI,https://www.youtube.com/watch?v=mD0cfkB8aRI,¿Por qué Suzuki crece sin tener novedades?,2432.0,,streams,https://i.ytimg.com/vi/mD0cfkB8aRI/hqdefault.jpg?sqp=-oaymwEcCNACELwBSFXyq4qpAw4IARUAAIhCGAFwAcABBg==&rs=AOn4CLBhSSe2yue4f3eFn7rkfxAIxuFOjg,Sergio Oliveira,external-reference,embed_link_and_summarize_only
q4fI-Fl-x-A,https://www.youtube.com/watch?v=q4fI-Fl-x-A,En vivo desde una autobanh,800.0,,streams,https://i.ytimg.com/vi/q4fI-Fl-x-A/hqdefault.jpg?sqp=-oaymwEcCNACELwBSFXyq4qpAw4IARUAAIhCGAFwAcABBg==&rs=AOn4CLA7JzqeYnKpvB_V5nCyq_Octo1LlA,Sergio Oliveira,external-reference,embed_link_and_summarize_only
P6vyl4JivBA,https://www.youtube.com/watch?v=P6vyl4JivBA,Nuevo Mazda 3? En un ratito,36.0,,streams,https://i.ytimg.com/vi/P6vyl4JivBA/hqdefault.jpg?sqp=-oaymwEcCNACELwBSFXyq4qpAw4IARUAAIhCGAFwAcABBg==&rs=AOn4CLA1M761l1fTSM9SjfkbV-1wc8oD7Q,Sergio Oliveira,external-reference,embed_link_and_summarize_only
XmQN1qWuDoA,https://www.youtube.com/watch?v=XmQN1qWuDoA,Charla desde California,1886.0,,streams,https://i.ytimg.com/vi/XmQN1qWuDoA/hqdefault.jpg?sqp=-oaymwEcCNACELwBSFXyq4qpAw4IARUAAIhCGAFwAcABBg==&rs=AOn4CLCbaVT8T7P2me1kFjGkN_b0LiV2jw,Sergio Oliveira,external-reference,embed_link_and_summarize_only
XWLUhWetHy0,https://www.youtube.com/watch?v=XWLUhWetHy0,Mitsubishi L200 2020 desde Bangkok,840.0,,streams,https://i.ytimg.com/vi/XWLUhWetHy0/hqdefault.jpg?sqp=-oaymwEcCNACELwBSFXyq4qpAw4IARUAAIhCGAFwAcABBg==&rs=AOn4CLApD-po576vF7U1161bNgdOZoa6Fg,Sergio Oliveira,external-reference,embed_link_and_summarize_only
Ofe6nYRYCxo,https://www.youtube.com/watch?v=Ofe6nYRYCxo,Hellephant,411.0,,streams,https://i.ytimg.com/vi/Ofe6nYRYCxo/hqdefault.jpg?sqp=-oaymwEcCNACELwBSFXyq4qpAw4IARUAAIhCGAFwAcABBg==&rs=AOn4CLD-M0J3OyXlcRuWRx5NdNY2rqqQgg,Sergio Oliveira,external-reference,embed_link_and_summarize_only
e6dv4PyJkG0,https://www.youtube.com/watch?v=e6dv4PyJkG0,En vivo desde el salón de Detroit,2308.0,,streams,https://i.ytimg.com/vi/e6dv4PyJkG0/hqdefault.jpg?sqp=-oaymwEcCNACELwBSFXyq4qpAw4IARUAAIhCGAFwAcABBg==&rs=AOn4CLDYlJ0Sc-5MK4vH-NCz4VDzTpK0iw,Sergio Oliveira,external-reference,embed_link_and_summarize_only
io4RR8184ic,https://www.youtube.com/watch?v=io4RR8184ic,Charla en vivo,3932.0,,streams,https://i.ytimg.com/vi/io4RR8184ic/hqdefault.jpg?sqp=-oaymwEcCNACELwBSFXyq4qpAw4IARUAAIhCGAFwAcABBg==&rs=AOn4CLDWWoB9IDlhPuii9mWWu3R6eTCrpg,Sergio Oliveira,external-reference,embed_link_and_summarize_only
ehyB0fmDlzM,https://www.youtube.com/watch?v=ehyB0fmDlzM,Emisión en directo de Sergio Oliveira,3563.0,,streams,https://i.ytimg.com/vi/ehyB0fmDlzM/hqdefault.jpg?sqp=-oaymwEcCNACELwBSFXyq4qpAw4IARUAAIhCGAFwAcABBg==&rs=AOn4CLC3WCNAaagwyn915aIP38xIKZBR7g,Sergio Oliveira,external-reference,embed_link_and_summarize_only
SeDNZtruRxw,https://www.youtube.com/watch?v=SeDNZtruRxw,Emisión en directo de Sergio Oliveira,115.0,,streams,https://i.ytimg.com/vi/SeDNZtruRxw/hqdefault.jpg?sqp=-oaymwEcCNACELwBSFXyq4qpAw4IARUAAIhCGAFwAcABBg==&rs=AOn4CLDfBj0cL98NwznAHYzDmZKjUxuIlw,Sergio Oliveira,external-reference,embed_link_and_summarize_only
M7BIPgeqAlQ,https://www.youtube.com/watch?v=M7BIPgeqAlQ,Emisión en directo de Sergio Oliveira,2669.0,,streams,https://i.ytimg.com/vi/M7BIPgeqAlQ/hqdefault.jpg?sqp=-oaymwE2CNACELwBSFXyq4qpAygIARUAAIhCGAFwAcABBvABAfgB_gmAAtAFigIMCAAQARhPIFcoZTAP&rs=AOn4CLDXSSEBNj77ua4U2tu7RM5HJ5BP4w,Sergio Oliveira,external-reference,embed_link_and_summarize_only
0NXJNkf2ti8,https://www.youtube.com/watch?v=0NXJNkf2ti8,Emisión en directo de Sergio Oliveira,2125.0,,streams,https://i.ytimg.com/vi/0NXJNkf2ti8/hqdefault.jpg?sqp=-oaymwE2CNACELwBSFXyq4qpAygIARUAAIhCGAFwAcABBvABAfgB_gmAAtAFigIMCAAQARhCIFEocjAP&rs=AOn4CLC2TufrXIGjirDj8oJtLkoajnkZZg,Sergio Oliveira,external-reference,embed_link_and_summarize_only
4tZPFxPEJb0,https://www.youtube.com/watch?v=4tZPFxPEJb0,¿Soy un vendido?,2736.0,,streams,https://i.ytimg.com/vi/4tZPFxPEJb0/hqdefault.jpg?sqp=-oaymwEcCNACELwBSFXyq4qpAw4IARUAAIhCGAFwAcABBg==&rs=AOn4CLBAqWxzhfmxbbnQUmwvY4XRfT40Fg,Sergio Oliveira,external-reference,embed_link_and_summarize_only
FC4nHnK8-YQ,https://www.youtube.com/watch?v=FC4nHnK8-YQ,Chat con Sergio Oliveira EN VIVO,3485.0,,streams,https://i.ytimg.com/vi/FC4nHnK8-YQ/hqdefault.jpg?sqp=-oaymwEcCNACELwBSFXyq4qpAw4IARUAAIhCGAFwAcABBg==&rs=AOn4CLBimzAMeczr_CzKghzd7TCZxF66LA,Sergio Oliveira,external-reference,embed_link_and_summarize_only
hSyzyESzRT0,https://www.youtube.com/watch?v=hSyzyESzRT0,Lanzamiento Dodge Demon 2017,93.0,,streams,https://i.ytimg.com/vi/hSyzyESzRT0/hqdefault.jpg?sqp=-oaymwEcCNACELwBSFXyq4qpAw4IARUAAIhCGAFwAcABBg==&rs=AOn4CLDfrnFu5iF8U3-z_XosrvjDDWGVhw,Sergio Oliveira,external-reference,embed_link_and_summarize_only
UW0fQwdbqho,https://www.youtube.com/watch?v=UW0fQwdbqho,Gasolinas; Cuál usar y cómo ahorrar | Transmision en vivo,2569.0,,streams,https://i.ytimg.com/vi/UW0fQwdbqho/hqdefault.jpg?sqp=-oaymwEcCNACELwBSFXyq4qpAw4IARUAAIhCGAFwAcABBg==&rs=AOn4CLBEB9ffM8YZQCrnJC6-0unEFwbUlw,Sergio Oliveira,external-reference,embed_link_and_summarize_only
