id,url,title,duration,timestamp,tabs,thumbnail,source_name,usage_rights,reuse_policy
FZYwglyxQEA,https://www.youtube.com/watch?v=FZYwglyxQEA,OTRA VEZ TOYOTA...  ¿LO MISMO DE SIEMPRE?,816.0,,videos,https://i.ytimg.com/vi/FZYwglyxQEA/hqdefault.jpg?sqp=-oaymwEcCNACELwBSFXyq4qpAw4IARUAAIhCGAFwAcABBg==&rs=AOn4CLB1HZLalq9xSA0BATfqbAloriUeZg,El Dios de los Autos,external-reference,embed_link_and_summarize_only
WVh3vni2K50,https://www.youtube.com/watch?v=WVh3vni2K50,FORD Y GEELY !!! ALIANZA O RIESGO???,736.0,,videos,https://i.ytimg.com/vi/WVh3vni2K50/hqdefault.jpg?sqp=-oaymwEcCNACELwBSFXyq4qpAw4IARUAAIhCGAFwAcABBg==&rs=AOn4CLDwSR6WP9QHdTrkly-DN6hJ5iDdfg,El Dios de los Autos,external-reference,embed_link_and_summarize_only
4KIRCKegwAc,https://www.youtube.com/watch?v=4KIRCKegwAc,NUEVA MARCA DE TOYOTA DESTRUYE EL MERCADO!!!,535.0,,videos,https://i.ytimg.com/vi/4KIRCKegwAc/hqdefault.jpg?sqp=-oaymwEcCNACELwBSFXyq4qpAw4IARUAAIhCGAFwAcABBg==&rs=AOn4CLD8BZqHBb9ykM5xuNnrlKfwZwGKkA,El Dios de los Autos,external-reference,embed_link_and_summarize_only
kRY7p_Pm64A,https://www.youtube.com/watch?v=kRY7p_Pm64A,LOS AUTOS SE HAN VUELTO ABURRIDOS?????,787.0,,videos,https://i.ytimg.com/vi/kRY7p_Pm64A/hqdefault.jpg?sqp=-oaymwEcCNACELwBSFXyq4qpAw4IARUAAIhCGAFwAcABBg==&rs=AOn4CLD6r3H4kun3dbmgC3oPIFL0e7QCnw,El Dios de los Autos,external-reference,embed_link_and_summarize_only
_MDO0WiLxjg,https://www.youtube.com/watch?v=_MDO0WiLxjg,AUTOS CHINOS APLASTAN A TOYOTA! - ENORME NOTICIA!,489.0,,videos,https://i.ytimg.com/vi/_MDO0WiLxjg/hqdefault.jpg?sqp=-oaymwEcCNACELwBSFXyq4qpAw4IARUAAIhCGAFwAcABBg==&rs=AOn4CLDc8yFeLewpBt-a6AGgK20GOxE9WQ,El Dios de los Autos,external-reference,embed_link_and_summarize_only
9q2QA_tinEo,https://www.youtube.com/watch?v=9q2QA_tinEo,FORD TERRITORY HIBRIDA 2026 VS GEELY EX5 EM-I ¿CUAL ES MEJOR? | Versus de vehículos,970.0,,videos,https://i.ytimg.com/vi/9q2QA_tinEo/hqdefault.jpg?sqp=-oaymwEcCNACELwBSFXyq4qpAw4IARUAAIhCGAFwAcABBg==&rs=AOn4CLBgeNEXtXSnlRKbJeLhWjQ2GiGxPA,El Dios de los Autos,external-reference,embed_link_and_summarize_only
jfnqDfdMOLA,https://www.youtube.com/watch?v=jfnqDfdMOLA,EL SECRETO MEJOR GUARDADO DE ALEMANIA,435.0,,videos,https://i.ytimg.com/vi/jfnqDfdMOLA/hqdefault.jpg?sqp=-oaymwEcCNACELwBSFXyq4qpAw4IARUAAIhCGAFwAcABBg==&rs=AOn4CLBubX_7hA92Tl1G6aOjs4Cn2_YucQ,El Dios de los Autos,external-reference,embed_link_and_summarize_only
a52uVbmeDuU,https://www.youtube.com/watch?v=a52uVbmeDuU,¿NISSAN JUKE 2026 PONE DE RODILLAS A TOYOTA?,656.0,,videos,https://i.ytimg.com/vi/a52uVbmeDuU/hqdefault.jpg?sqp=-oaymwEcCNACELwBSFXyq4qpAw4IARUAAIhCGAFwAcABBg==&rs=AOn4CLBnf_g_mrFgKGcIECCMjJiV5VdoJQ,El Dios de los Autos,external-reference,embed_link_and_summarize_only
9g5cabaoSAI,https://www.youtube.com/watch?v=9g5cabaoSAI,TIENES UN AUTO A GAS???? pues CUIDADO con esto...,594.0,,videos,https://i.ytimg.com/vi/9g5cabaoSAI/hqdefault.jpg?sqp=-oaymwEcCNACELwBSFXyq4qpAw4IARUAAIhCGAFwAcABBg==&rs=AOn4CLB8KMGL7Nuf51a_An4zWlZPvc2ayw,El Dios de los Autos,external-reference,embed_link_and_summarize_only
kqOJExPj9BE,https://www.youtube.com/watch?v=kqOJExPj9BE,JEEP GRAND CHEROKEE VS DODGE DURANGO ¿CUAL ES MEJOR? | Versus de vehículos,914.0,,videos,https://i.ytimg.com/vi/kqOJExPj9BE/hqdefault.jpg?sqp=-oaymwEcCNACELwBSFXyq4qpAw4IARUAAIhCGAFwAcABBg==&rs=AOn4CLB4ZFHTY5mgDSb4SE6F_K26GgEW7g,El Dios de los Autos,external-reference,embed_link_and_summarize_only
3dah4rL4FIQ,https://www.youtube.com/watch?v=3dah4rL4FIQ,¿ES EL FIN DE VOLKSWAGEN EN 2026?,849.0,,videos,https://i.ytimg.com/vi/3dah4rL4FIQ/hqdefault.jpg?sqp=-oaymwEcCNACELwBSFXyq4qpAw4IARUAAIhCGAFwAcABBg==&rs=AOn4CLDC1G0kvTH38x9FGRFQl-uI3JNRUw,El Dios de los Autos,external-reference,embed_link_and_summarize_only
UIfWE9WTBg8,https://www.youtube.com/watch?v=UIfWE9WTBg8,PORSCHE MACAN VS  VOLKSWAGEN TOUAREG ¿CUAL ES MEJOR? | Versus de vehículos,1281.0,,videos,https://i.ytimg.com/vi/UIfWE9WTBg8/hqdefault.jpg?sqp=-oaymwEcCNACELwBSFXyq4qpAw4IARUAAIhCGAFwAcABBg==&rs=AOn4CLAeb5f4FZDFb8ENEVbIhKuo3P07-g,El Dios de los Autos,external-reference,embed_link_and_summarize_only
uKyND8gEa58,https://www.youtube.com/watch?v=uKyND8gEa58,GEELY OKAVANGO 2026 ACABA DE DESTROZARLOS A TODOS!,814.0,,videos,https://i.ytimg.com/vi/uKyND8gEa58/hqdefault.jpg?sqp=-oaymwEcCNACELwBSFXyq4qpAw4IARUAAIhCGAFwAcABBg==&rs=AOn4CLCDO4VUWsfPXTySI_57qEyN1BMHCA,El Dios de los Autos,external-reference,embed_link_and_summarize_only
Jdw6HUO1O5k,https://www.youtube.com/watch?v=Jdw6HUO1O5k,CONFIRMADO: CHEVROLET CAMARO HA REGRESADO,544.0,,videos,https://i.ytimg.com/vi/Jdw6HUO1O5k/hqdefault.jpg?sqp=-oaymwEcCNACELwBSFXyq4qpAw4IARUAAIhCGAFwAcABBg==&rs=AOn4CLDkLkQO3FidyMvwumv0njVZZmf8Ng,El Dios de los Autos,external-reference,embed_link_and_summarize_only
6NGleYbmmzU,https://www.youtube.com/watch?v=6NGleYbmmzU,MAQUINAS DE ÉLITE: BMW Z4,823.0,,videos,https://i.ytimg.com/vi/6NGleYbmmzU/hqdefault.jpg?sqp=-oaymwEcCNACELwBSFXyq4qpAw4IARUAAIhCGAFwAcABBg==&rs=AOn4CLDx-pJ8uhvuwjeioq3g9H1Pke0Wlw,El Dios de los Autos,external-reference,embed_link_and_summarize_only
_AEHw542TDg,https://www.youtube.com/watch?v=_AEHw542TDg,TOYOTA LAND CRUISER FJ: OPINION SINCERA,562.0,,videos,https://i.ytimg.com/vi/_AEHw542TDg/hqdefault.jpg?sqp=-oaymwEcCNACELwBSFXyq4qpAw4IARUAAIhCGAFwAcABBg==&rs=AOn4CLDq11mIt4ohZssu9M3Dc8JCdNy6BA,El Dios de los Autos,external-reference,embed_link_and_summarize_only
pO35qfJhkiA,https://www.youtube.com/watch?v=pO35qfJhkiA,HONDA: SU FINAL SE ACERCA? ,684.0,,videos,https://i.ytimg.com/vi/pO35qfJhkiA/hqdefault.jpg?sqp=-oaymwEcCNACELwBSFXyq4qpAw4IARUAAIhCGAFwAcABBg==&rs=AOn4CLAcXuhm2jRXdXSlziVk2MzSa066Iw,El Dios de los Autos,external-reference,embed_link_and_summarize_only
2P97n-Fr6l8,https://www.youtube.com/watch?v=2P97n-Fr6l8,LAMBORGHINI URUS - MAQUINAS DE ÉLITE ,550.0,,videos,https://i.ytimg.com/vi/2P97n-Fr6l8/hqdefault.jpg?sqp=-oaymwEcCNACELwBSFXyq4qpAw4IARUAAIhCGAFwAcABBg==&rs=AOn4CLDmfhsVqhwv-CyOFyLCBH1iwBrUsA,El Dios de los Autos,external-reference,embed_link_and_summarize_only
EQ7Z79gXlWI,https://www.youtube.com/watch?v=EQ7Z79gXlWI,SUBARU EVOLTIS/ASCENT -100 FORMAS DE HACER UN SUV,652.0,,videos,https://i.ytimg.com/vi/EQ7Z79gXlWI/hqdefault.jpg?sqp=-oaymwEcCNACELwBSFXyq4qpAw4IARUAAIhCGAFwAcABBg==&rs=AOn4CLBQ7MYuWAj8ksu1ez_6PXKmyzg6vg,El Dios de los Autos,external-reference,embed_link_and_summarize_only
WfPTcTEqndQ,https://www.youtube.com/watch?v=WfPTcTEqndQ,JAGUAR F-TYPE - MAQUINAS DE ELITE,457.0,,videos,https://i.ytimg.com/vi/WfPTcTEqndQ/hqdefault.jpg?sqp=-oaymwEcCNACELwBSFXyq4qpAw4IARUAAIhCGAFwAcABBg==&rs=AOn4CLCoC63IAQTb48puTY_KPncY8UcrKw,El Dios de los Autos,external-reference,embed_link_and_summarize_only
sP96L9RVSMc,https://www.youtube.com/watch?v=sP96L9RVSMc,GEELY GX3 PRO VS TOYOTA RAIZE ¿CUAL ES MEJOR? | Versus de vehículos,861.0,,videos,https://i.ytimg.com/vi/sP96L9RVSMc/hqdefault.jpg?sqp=-oaymwEcCNACELwBSFXyq4qpAw4IARUAAIhCGAFwAcABBg==&rs=AOn4CLASwXxKm6_ZBUoBd2b8q-1SyUPeAg,El Dios de los Autos,external-reference,embed_link_and_summarize_only
tc8jXq_syco,https://www.youtube.com/watch?v=tc8jXq_syco,POR FAVOR NUNCA COMPRES ESTAS LLANTAS,662.0,,videos,https://i.ytimg.com/vi/tc8jXq_syco/hqdefault.jpg?sqp=-oaymwEcCNACELwBSFXyq4qpAw4IARUAAIhCGAFwAcABBg==&rs=AOn4CLC5WVkXGRMCt7BxlOAxlkjAa6d0fw,El Dios de los Autos,external-reference,embed_link_and_summarize_only
Lo4yXQNbot8,https://www.youtube.com/watch?v=Lo4yXQNbot8,China acaba de GANAR con la BATERÍA que salvará el MUNDO,624.0,,videos,https://i.ytimg.com/vi/Lo4yXQNbot8/hqdefault.jpg?sqp=-oaymwEcCNACELwBSFXyq4qpAw4IARUAAIhCGAFwAcABBg==&rs=AOn4CLD4owE5LmDt_6775vmFGCR2eT9qJA,El Dios de los Autos,external-reference,embed_link_and_summarize_only
fhRw0TLlYnY,https://www.youtube.com/watch?v=fhRw0TLlYnY,El final de los autos a GAS.,408.0,,videos,https://i.ytimg.com/vi/fhRw0TLlYnY/hqdefault.jpg?sqp=-oaymwEcCNACELwBSFXyq4qpAw4IARUAAIhCGAFwAcABBg==&rs=AOn4CLBoxs555B0eCuOIdeqO3OH4JXKNCg,El Dios de los Autos,external-reference,embed_link_and_summarize_only
xj85FzKXVg8,https://www.youtube.com/watch?v=xj85FzKXVg8,SUBARU FORESTER 2018-2025 -100 FORMAS DE HACER UN SUV,754.0,,videos,https://i.ytimg.com/vi/xj85FzKXVg8/hqdefault.jpg?sqp=-oaymwEcCNACELwBSFXyq4qpAw4IARUAAIhCGAFwAcABBg==&rs=AOn4CLDaAslDjskFg6grpihK3kyb84S7EQ,El Dios de los Autos,external-reference,embed_link_and_summarize_only
hnlcB1zq_D8,https://www.youtube.com/watch?v=hnlcB1zq_D8,AUTOS MODERNO son BASURA por Cosas como Esta y FIANLMENTE LO ELIMINARÁN,451.0,,videos,https://i.ytimg.com/vi/hnlcB1zq_D8/hqdefault.jpg?sqp=-oaymwEcCNACELwBSFXyq4qpAw4IARUAAIhCGAFwAcABBg==&rs=AOn4CLB4vggPW9pUpMhwQb2NjetPUNDrAw,El Dios de los Autos,external-reference,embed_link_and_summarize_only
Fa1xCHIhIhU,https://www.youtube.com/watch?v=Fa1xCHIhIhU,TRUMP ACABA DE CAMBIAR EL FUTURO - ENORME NOTICIA,731.0,,videos,https://i.ytimg.com/vi/Fa1xCHIhIhU/hqdefault.jpg?sqp=-oaymwEcCNACELwBSFXyq4qpAw4IARUAAIhCGAFwAcABBg==&rs=AOn4CLAX2cG6rK_xK3tcKuiauWpoo2ga0A,El Dios de los Autos,external-reference,embed_link_and_summarize_only
r21xty4PDOU,https://www.youtube.com/watch?v=r21xty4PDOU,SE ACABÓ: HAVAL H9 DESTROZA LA INDUSTRIA AUTOMOTRIZ,543.0,,videos,https://i.ytimg.com/vi/r21xty4PDOU/hqdefault.jpg?sqp=-oaymwEcCNACELwBSFXyq4qpAw4IARUAAIhCGAFwAcABBg==&rs=AOn4CLCa3VB2ZyXmjlu86Zjb41GGPaSzYA,El Dios de los Autos,external-reference,embed_link_and_summarize_only
HOCX4iEH1_Y,https://www.youtube.com/watch?v=HOCX4iEH1_Y,NUEVA SUV TOYOTA ACABA DE CAMBIARLO TODO,935.0,,videos,https://i.ytimg.com/vi/HOCX4iEH1_Y/hqdefault.jpg?sqp=-oaymwEcCNACELwBSFXyq4qpAw4IARUAAIhCGAFwAcABBg==&rs=AOn4CLBPHKNdOtHDYV_7q1ufY4LZP8v1HA,El Dios de los Autos,external-reference,embed_link_and_summarize_only
VgBXZI6_a0E,https://www.youtube.com/watch?v=VgBXZI6_a0E,LES ADVERTI SOBRE ESTO Y NADIE QUISO ESCUCHAR,616.0,,videos,https://i.ytimg.com/vi/VgBXZI6_a0E/hqdefault.jpg?sqp=-oaymwEcCNACELwBSFXyq4qpAw4IARUAAIhCGAFwAcABBg==&rs=AOn4CLC-vF6pBuoKIFe4dZBjXvIYKPkhbA,El Dios de los Autos,external-reference,embed_link_and_summarize_only
6K962MX6bzg,https://www.youtube.com/watch?v=6K962MX6bzg,¡NISSAN GRAVITE 2026 HUMILLA a Toyota Avanza!,607.0,,videos,https://i.ytimg.com/vi/6K962MX6bzg/hqdefault.jpg?sqp=-oaymwEcCNACELwBSFXyq4qpAw4IARUAAIhCGAFwAcABBg==&rs=AOn4CLDx61-LhJI6RQCRLMkB5G9uMiQIRA,El Dios de los Autos,external-reference,embed_link_and_summarize_only
1kVjd_9NBeM,https://www.youtube.com/watch?v=1kVjd_9NBeM,¡CONFIRMADO!: CHEVROLET CRUZE 2026 APLASTA A TOYOTA COROLLA,572.0,,videos,https://i.ytimg.com/vi/1kVjd_9NBeM/hqdefault.jpg?sqp=-oaymwEcCNACELwBSFXyq4qpAw4IARUAAIhCGAFwAcABBg==&rs=AOn4CLDjEtCXygbJy5GWTbrZ9-lhdZp2nA,El Dios de los Autos,external-reference,embed_link_and_summarize_only
Yk9M60ErGZM,https://www.youtube.com/watch?v=Yk9M60ErGZM,FOTON TUNLAND V9 deja DIMINUTAS a todas las 4x4,739.0,,videos,https://i.ytimg.com/vi/Yk9M60ErGZM/hqdefault.jpg?sqp=-oaymwEcCNACELwBSFXyq4qpAw4IARUAAIhCGAFwAcABBg==&rs=AOn4CLDzadjyZX6VTLmcikkYsxtJRRpwtw,El Dios de los Autos,external-reference,embed_link_and_summarize_only
zAmhqsgZe5w,https://www.youtube.com/watch?v=zAmhqsgZe5w,¡SUZUKI HUMILLA A TOYOTA LAND CRUISER CON NUEVA GRAND ESCUDO 4X4!,515.0,,videos,https://i.ytimg.com/vi/zAmhqsgZe5w/hqdefault.jpg?sqp=-oaymwEcCNACELwBSFXyq4qpAw4IARUAAIhCGAFwAcABBg==&rs=AOn4CLANU9qlbLacTvwrI_Pn9TGUEtHgLg,El Dios de los Autos,external-reference,embed_link_and_summarize_only
DnAZi85hX50,https://www.youtube.com/watch?v=DnAZi85hX50,TODOS COMPRAN ESTOS AUTOS Y NI SABEN POR QUÉ,629.0,,videos,https://i.ytimg.com/vi/DnAZi85hX50/hqdefault.jpg?sqp=-oaymwEcCNACELwBSFXyq4qpAw4IARUAAIhCGAFwAcABBg==&rs=AOn4CLD6tlC_wfTNhUDqiRZczSf1p5tw-g,El Dios de los Autos,external-reference,embed_link_and_summarize_only
XeCLVRp3vKY,https://www.youtube.com/watch?v=XeCLVRp3vKY,¡LES ADVERTI! MARCAS CHINAS Y AMERICANAS AHORA SON UNA (TIEMBLA JAPÓN),629.0,,videos,https://i.ytimg.com/vi/XeCLVRp3vKY/hqdefault.jpg?sqp=-oaymwEcCNACELwBSFXyq4qpAw4IARUAAIhCGAFwAcABBg==&rs=AOn4CLCFh-ZYiYeoHR0mVJW9y5uqjUxs1Q,El Dios de los Autos,external-reference,embed_link_and_summarize_only
peGH9ui0LV4,https://www.youtube.com/watch?v=peGH9ui0LV4,NUEVO Motor Supercargado MITSUBISHI pone de rodillas a TOYOTA y HYUNDAI ,594.0,,videos,https://i.ytimg.com/vi/peGH9ui0LV4/hqdefault.jpg?sqp=-oaymwEcCNACELwBSFXyq4qpAw4IARUAAIhCGAFwAcABBg==&rs=AOn4CLA3bOaVvz8uprZtLaJ5CtwxEBwI5g,El Dios de los Autos,external-reference,embed_link_and_summarize_only
Wna_783Kkdc,https://www.youtube.com/watch?v=Wna_783Kkdc,"VUELVEN LAS LEYENDAS: Supra, GT-R, RX-7, Evo y WRX renacen en 2026",735.0,,videos,https://i.ytimg.com/vi/Wna_783Kkdc/hqdefault.jpg?sqp=-oaymwEcCNACELwBSFXyq4qpAw4IARUAAIhCGAFwAcABBg==&rs=AOn4CLC4NygTzJPv3AP_Kp0smDZVdZKHTw,El Dios de los Autos,external-reference,embed_link_and_summarize_only
O-EqMqt0XXY,https://www.youtube.com/watch?v=O-EqMqt0XXY,ESTAFA AUTOMOTRIZ: Turbo y Híbridos te están MINTIENDO | Aspirado vs Turbo vs Híbrido,592.0,,videos,https://i.ytimg.com/vi/O-EqMqt0XXY/hqdefault.jpg?sqp=-oaymwEcCNACELwBSFXyq4qpAw4IARUAAIhCGAFwAcABBg==&rs=AOn4CLD_KMwq42FMBm9T7GQzjVMP47BllA,El Dios de los Autos,external-reference,embed_link_and_summarize_only
BNmCIPjcv1s,https://www.youtube.com/watch?v=BNmCIPjcv1s,Autos IMPAGABLES en México y Colombia: ¿por qué Perú y Chile pagan menos?,754.0,,videos,https://i.ytimg.com/vi/BNmCIPjcv1s/hqdefault.jpg?sqp=-oaymwEcCNACELwBSFXyq4qpAw4IARUAAIhCGAFwAcABBg==&rs=AOn4CLC9aECu5qe9fpwmOGqIDWroKeu0zg,El Dios de los Autos,external-reference,embed_link_and_summarize_only
uPvrhx8YkmA,https://www.youtube.com/watch?v=uPvrhx8YkmA,SUZUKI XL7 ACABA DE PONER RODILLAS A TOYOTA,569.0,,videos,https://i.ytimg.com/vi/uPvrhx8YkmA/hqdefault.jpg?sqp=-oaymwEcCNACELwBSFXyq4qpAw4IARUAAIhCGAFwAcABBg==&rs=AOn4CLAHnYX8xkS7ldlehPJm6WyuXsbB-g,El Dios de los Autos,external-reference,embed_link_and_summarize_only
IQ-4Oar3fXU,https://www.youtube.com/watch?v=IQ-4Oar3fXU,¿QUIEN ERES Y QUE HICISTE CON RENAULT?,575.0,,videos,https://i.ytimg.com/vi/IQ-4Oar3fXU/hqdefault.jpg?sqp=-oaymwEcCNACELwBSFXyq4qpAw4IARUAAIhCGAFwAcABBg==&rs=AOn4CLByW3FxsxWBirB4Yvo_LAutVWHc4g,El Dios de los Autos,external-reference,embed_link_and_summarize_only
0d_f5vi0Mcg,https://www.youtube.com/watch?v=0d_f5vi0Mcg,KIA presenta Nuevo K4 SPORTWAGON Y VOY A COMPRAR UNO,689.0,,videos,https://i.ytimg.com/vi/0d_f5vi0Mcg/hqdefault.jpg?sqp=-oaymwEcCNACELwBSFXyq4qpAw4IARUAAIhCGAFwAcABBg==&rs=AOn4CLCSxc_4SNcEgdjY8iFHdinL6fKklA,El Dios de los Autos,external-reference,embed_link_and_summarize_only
FanrljOtoIM,https://www.youtube.com/watch?v=FanrljOtoIM,¡CUIDADO! Todos COMPRAN estos 10 Autos sin saber sus PROBLEMAS,548.0,,videos,https://i.ytimg.com/vi/FanrljOtoIM/hqdefault.jpg?sqp=-oaymwEcCNACELwBSFXyq4qpAw4IARUAAIhCGAFwAcABBg==&rs=AOn4CLDuvBHKFnjYXn_AG-i71Ev2O8XCMg,El Dios de los Autos,external-reference,embed_link_and_summarize_only
SYiYhtqrhfI,https://www.youtube.com/watch?v=SYiYhtqrhfI,"ES OFICIAL, MAZDA SE HA VUELTO LOCO",749.0,,videos,https://i.ytimg.com/vi/SYiYhtqrhfI/hqdefault.jpg?sqp=-oaymwEcCNACELwBSFXyq4qpAw4IARUAAIhCGAFwAcABBg==&rs=AOn4CLBOXJfTl_DAAf584WNpCcmvlIuhRQ,El Dios de los Autos,external-reference,embed_link_and_summarize_only
6s87lMSm_mo,https://www.youtube.com/watch?v=6s87lMSm_mo,TOYOTA COROLLA CROSS - 100 FORMAS DE HACER UNA SUV,623.0,,videos,https://i.ytimg.com/vi/6s87lMSm_mo/hqdefault.jpg?sqp=-oaymwEcCNACELwBSFXyq4qpAw4IARUAAIhCGAFwAcABBg==&rs=AOn4CLDazpM2zwZWHI3IUAI8nNc0MvLd1Q,El Dios de los Autos,external-reference,embed_link_and_summarize_only
_1xB2OZX8Aw,https://www.youtube.com/watch?v=_1xB2OZX8Aw,"""DESHACERME DE MI HONDA PILOT ES UNA PESADILLA""",1111.0,,videos,https://i.ytimg.com/vi/_1xB2OZX8Aw/hqdefault.jpg?sqp=-oaymwEcCNACELwBSFXyq4qpAw4IARUAAIhCGAFwAcABBg==&rs=AOn4CLB1MYXQTrtcVdfdEJH0e8HSIGB1Tw,El Dios de los Autos,external-reference,embed_link_and_summarize_only
2Xd7FBPLWAA,https://www.youtube.com/watch?v=2Xd7FBPLWAA,MEJORES Y PEORES MARCAS DE AUTOS EUROPEOS,944.0,,videos,https://i.ytimg.com/vi/2Xd7FBPLWAA/hqdefault.jpg?sqp=-oaymwEcCNACELwBSFXyq4qpAw4IARUAAIhCGAFwAcABBg==&rs=AOn4CLBAiLqGqDiUWIW5GvM5Dj3ZqHBmCw,El Dios de los Autos,external-reference,embed_link_and_summarize_only
wO6T4H2GPwY,https://www.youtube.com/watch?v=wO6T4H2GPwY,NUEVO Mitsubishi GALANT 2026 aplasta a TOYOTA Corolla,506.0,,videos,https://i.ytimg.com/vi/wO6T4H2GPwY/hqdefault.jpg?sqp=-oaymwEcCNACELwBSFXyq4qpAw4IARUAAIhCGAFwAcABBg==&rs=AOn4CLCG16RC-rhaJ1-V7CWjBgPighS_Rw,El Dios de los Autos,external-reference,embed_link_and_summarize_only
Zrryf5coVLE,https://www.youtube.com/watch?v=Zrryf5coVLE,NADIE DICE LA VERDAD SOBRE LA NUEVA CVT NISSAN ASI QUE YO LO HARÉ,579.0,,videos,https://i.ytimg.com/vi/Zrryf5coVLE/hqdefault.jpg?sqp=-oaymwEcCNACELwBSFXyq4qpAw4IARUAAIhCGAFwAcABBg==&rs=AOn4CLD-Tj_g7hDdLSBdBWpVQxuPTXT3ZA,El Dios de los Autos,external-reference,embed_link_and_summarize_only
kSQahtp-DEc,https://www.youtube.com/watch?v=kSQahtp-DEc,100 FORMAS DE HACER UN SUV - SUBARU XV 2012-2017,549.0,,videos,https://i.ytimg.com/vi/kSQahtp-DEc/hqdefault.jpg?sqp=-oaymwEcCNACELwBSFXyq4qpAw4IARUAAIhCGAFwAcABBg==&rs=AOn4CLAX57VWs8xXVsoMR1lq4n8xmVP02A,El Dios de los Autos,external-reference,embed_link_and_summarize_only
fHPpNQndwSw,https://www.youtube.com/watch?v=fHPpNQndwSw,TANK 300 FUE EL AUTO MÁS IMPORTANTE DE 2025,1035.0,,videos,https://i.ytimg.com/vi/fHPpNQndwSw/hqdefault.jpg?sqp=-oaymwEcCNACELwBSFXyq4qpAw4IARUAAIhCGAFwAcABBg==&rs=AOn4CLD_esag0BgyBBc00VqKaGMZXiJL6w,El Dios de los Autos,external-reference,embed_link_and_summarize_only
3fx--wl8Hss,https://www.youtube.com/watch?v=3fx--wl8Hss,"COMPRAR UN AUTO USADO LE ""ARRUINÓ LA VIDA""",817.0,,videos,https://i.ytimg.com/vi/3fx--wl8Hss/hqdefault.jpg?sqp=-oaymwEcCNACELwBSFXyq4qpAw4IARUAAIhCGAFwAcABBg==&rs=AOn4CLCOXy1-N-REetCPANarvm7Wdo5UAQ,El Dios de los Autos,external-reference,embed_link_and_summarize_only
Q8oFgc0-uAI,https://www.youtube.com/watch?v=Q8oFgc0-uAI,La era de las SUV ha terminado BIENVENIDA LA ERA DE LAS PICK UP,788.0,,videos,https://i.ytimg.com/vi/Q8oFgc0-uAI/hqdefault.jpg?sqp=-oaymwEcCNACELwBSFXyq4qpAw4IARUAAIhCGAFwAcABBg==&rs=AOn4CLD5qQh_s3SToVTnBT6JIh11kGxrLg,El Dios de los Autos,external-reference,embed_link_and_summarize_only
Mx9iVOZIyxw,https://www.youtube.com/watch?v=Mx9iVOZIyxw,AUTOMATICA CVT de HYUNDAI (IVT) LO CAMBIA TODO,503.0,,videos,https://i.ytimg.com/vi/Mx9iVOZIyxw/hqdefault.jpg?sqp=-oaymwEcCNACELwBSFXyq4qpAw4IARUAAIhCGAFwAcABBg==&rs=AOn4CLD1M0ecyCIat39tIZRGJ5Kvwy8VgA,El Dios de los Autos,external-reference,embed_link_and_summarize_only
XZFF-9tp1Gg,https://www.youtube.com/watch?v=XZFF-9tp1Gg,HONDA BR-V 2026 ES EL FIN DE TOYOTA RUSH Y AVANZA,650.0,,videos,https://i.ytimg.com/vi/XZFF-9tp1Gg/hqdefault.jpg?sqp=-oaymwEcCNACELwBSFXyq4qpAw4IARUAAIhCGAFwAcABBg==&rs=AOn4CLDJAxjqODtx3KjKP5hywDP0jltLDA,El Dios de los Autos,external-reference,embed_link_and_summarize_only
55QZxyZDQTA,https://www.youtube.com/watch?v=55QZxyZDQTA,Compra HONDA CIVIC 1991-2000 y NO Necesitaras OTRO AUTO por el RESTO DE TU VIDA,906.0,,videos,https://i.ytimg.com/vi/55QZxyZDQTA/hqdefault.jpg?sqp=-oaymwEcCNACELwBSFXyq4qpAw4IARUAAIhCGAFwAcABBg==&rs=AOn4CLAlmrVKa2nTyt9pOb3rE81WI7JNgw,El Dios de los Autos,external-reference,embed_link_and_summarize_only
oKHE7t_hGjs,https://www.youtube.com/watch?v=oKHE7t_hGjs,COMPRÉ UN VOLVO XC40 HIBRIDO ¿REALMENTE DESTROZA AL BMW X1?,564.0,,videos,https://i.ytimg.com/vi/oKHE7t_hGjs/hqdefault.jpg?sqp=-oaymwEcCNACELwBSFXyq4qpAw4IARUAAIhCGAFwAcABBg==&rs=AOn4CLDZr-bWl9gKJuVbY0dr0K97QijeAQ,El Dios de los Autos,external-reference,embed_link_and_summarize_only
K9Ua9DU0zdU,https://www.youtube.com/watch?v=K9Ua9DU0zdU,¿QUE IDIOTA COMPRA UN DFSK E5?,773.0,,videos,https://i.ytimg.com/vi/K9Ua9DU0zdU/hqdefault.jpg?sqp=-oaymwEcCNACELwBSFXyq4qpAw4IARUAAIhCGAFwAcABBg==&rs=AOn4CLD_58aKxAr7Wq6l39Wj31amqwSwxg,El Dios de los Autos,external-reference,embed_link_and_summarize_only
Iu6lYoD3tDM,https://www.youtube.com/watch?v=Iu6lYoD3tDM,"OLVIDA TOYOTA, HONDA es SUPERIOR y te EXPLICO POR QUÉ",722.0,,videos,https://i.ytimg.com/vi/Iu6lYoD3tDM/hqdefault.jpg?sqp=-oaymwEcCNACELwBSFXyq4qpAw4IARUAAIhCGAFwAcABBg==&rs=AOn4CLDlCG6TtaTqMw4hs_kV8TTdROru0w,El Dios de los Autos,external-reference,embed_link_and_summarize_only
trZcG_isMB8,https://www.youtube.com/watch?v=trZcG_isMB8,ENFRENTE MAZDA CX-30 CON HONDA HR-V ¿CUAL ES MEJOR?,460.0,,videos,https://i.ytimg.com/vi/trZcG_isMB8/hqdefault.jpg?sqp=-oaymwEcCNACELwBSFXyq4qpAw4IARUAAIhCGAFwAcABBg==&rs=AOn4CLAx84anltIPsY2kunITeWAWplcMAA,El Dios de los Autos,external-reference,embed_link_and_summarize_only
24-LIS0rIy8,https://www.youtube.com/watch?v=24-LIS0rIy8,NUEVO Mitsubishi LANCER EVOLUTION 2026 pone a TOYOTA y MAZDA de rodillas,806.0,,videos,https://i.ytimg.com/vi/24-LIS0rIy8/hqdefault.jpg?sqp=-oaymwEcCNACELwBSFXyq4qpAw4IARUAAIhCGAFwAcABBg==&rs=AOn4CLCT2OxvIjH1yQrNlGDcLzregXPFWQ,El Dios de los Autos,external-reference,embed_link_and_summarize_only
cvPCFR4Yjv4,https://www.youtube.com/watch?v=cvPCFR4Yjv4,¡JAGUAR DESPIDE A SU CEO Y GEELY QUIERE COMPRARLA!,897.0,,videos,https://i.ytimg.com/vi/cvPCFR4Yjv4/hqdefault.jpg?sqp=-oaymwEcCNACELwBSFXyq4qpAw4IARUAAIhCGAFwAcABBg==&rs=AOn4CLC2CDz6xw0JmVFuWl81YIjmaQ5heg,El Dios de los Autos,external-reference,embed_link_and_summarize_only
kNDvYbJrYT8,https://www.youtube.com/watch?v=kNDvYbJrYT8,VOLKSWAGEN T-CROSS ES EL AUTO MÁS RENDIDOR DE COMBUSTIBLE,713.0,,videos,https://i.ytimg.com/vi/kNDvYbJrYT8/hqdefault.jpg?sqp=-oaymwEcCNACELwBSFXyq4qpAw4IARUAAIhCGAFwAcABBg==&rs=AOn4CLATGG8vcIHb-yccCpe-dgbKpOcxFg,El Dios de los Autos,external-reference,embed_link_and_summarize_only
QxC7TpbfWCI,https://www.youtube.com/watch?v=QxC7TpbfWCI,¿PORQUE A NADIE LE GUSTA PEUGEOT?,802.0,,videos,https://i.ytimg.com/vi/QxC7TpbfWCI/hqdefault.jpg?sqp=-oaymwEcCNACELwBSFXyq4qpAw4IARUAAIhCGAFwAcABBg==&rs=AOn4CLDQdbvqV9VkYyzWNHItQGrsdCXfUw,El Dios de los Autos,external-reference,embed_link_and_summarize_only
xJKQKFfs9ew,https://www.youtube.com/watch?v=xJKQKFfs9ew,¿Compro un AUDI A1 o un TOYOTA COROLLA? AHORA CUESTAN IGUAL,555.0,,videos,https://i.ytimg.com/vi/xJKQKFfs9ew/hqdefault.jpg?sqp=-oaymwEcCNACELwBSFXyq4qpAw4IARUAAIhCGAFwAcABBg==&rs=AOn4CLBrRVz-ldmNWwKq-ryVgbl2fK8Esw,El Dios de los Autos,external-reference,embed_link_and_summarize_only
yD3DHqJ6wN0,https://www.youtube.com/watch?v=yD3DHqJ6wN0,"OLVIDA EL NISSAN GT-R, NUEVO TOYOTA GR GT ES MEJOR Y MÁS RAPIDO!",740.0,,videos,https://i.ytimg.com/vi/yD3DHqJ6wN0/hqdefault.jpg?sqp=-oaymwEcCNACELwBSFXyq4qpAw4IARUAAIhCGAFwAcABBg==&rs=AOn4CLAavdetfcT27635zbD4lcJ71Lh3bw,El Dios de los Autos,external-reference,embed_link_and_summarize_only
I5mhY5wDoIY,https://www.youtube.com/watch?v=I5mhY5wDoIY,MAZDA NO quiso prestarme un MAZDA 3 ASÍ QUE COMPRÉ UNO y Aquí MI OPINIÓN SINCERA,824.0,,videos,https://i.ytimg.com/vi/I5mhY5wDoIY/hqdefault.jpg?sqp=-oaymwEcCNACELwBSFXyq4qpAw4IARUAAIhCGAFwAcABBg==&rs=AOn4CLDRms8X5JJAr3zfCQY8tMF3YaGLsw,El Dios de los Autos,external-reference,embed_link_and_summarize_only
znWyHLO9L5Y,https://www.youtube.com/watch?v=znWyHLO9L5Y,CHANGAN LE DECLARA LA GUERRA A HYUNDAI!,606.0,,videos,https://i.ytimg.com/vi/znWyHLO9L5Y/hqdefault.jpg?sqp=-oaymwEcCNACELwBSFXyq4qpAw4IARUAAIhCGAFwAcABBg==&rs=AOn4CLCjLNmzWbeoceSKzkb8q3LWP0jX0g,El Dios de los Autos,external-reference,embed_link_and_summarize_only
IjlF393iE18,https://www.youtube.com/watch?v=IjlF393iE18,ASI ARRUINAN TU TOYOTA COROLLA AL DARLE MANTENIMIENTO,533.0,,videos,https://i.ytimg.com/vi/IjlF393iE18/hqdefault.jpg?sqp=-oaymwEcCNACELwBSFXyq4qpAw4IARUAAIhCGAFwAcABBg==&rs=AOn4CLBx2IBgSquIIgw_1pBmgYpMVDR6Uw,El Dios de los Autos,external-reference,embed_link_and_summarize_only
FtqbK8bvoIo,https://www.youtube.com/watch?v=FtqbK8bvoIo,¡CONFIRMADO! TOYOTA ACABA DE COMPRAR MAZDA!,948.0,,videos,https://i.ytimg.com/vi/FtqbK8bvoIo/hqdefault.jpg?sqp=-oaymwEcCNACELwBSFXyq4qpAw4IARUAAIhCGAFwAcABBg==&rs=AOn4CLBGihad8i3VlWrD162VkT-a-aZMVg,El Dios de los Autos,external-reference,embed_link_and_summarize_only
2rNvN-8SAlY,https://www.youtube.com/watch?v=2rNvN-8SAlY,¿TOYOTA y los chinos TIEMBLAN Ante HYUNDAI?,1092.0,,videos,https://i.ytimg.com/vi/2rNvN-8SAlY/hqdefault.jpg?sqp=-oaymwEcCNACELwBSFXyq4qpAw4IARUAAIhCGAFwAcABBg==&rs=AOn4CLB7wn40dK-vd4R8B5c0s5StAE3cWg,El Dios de los Autos,external-reference,embed_link_and_summarize_only
UpgIK6pNk8w,https://www.youtube.com/watch?v=UpgIK6pNk8w,¿QUE MOTOR GASTA MENOS COMBUSTIBLE?,491.0,,videos,https://i.ytimg.com/vi/UpgIK6pNk8w/hqdefault.jpg?sqp=-oaymwEcCNACELwBSFXyq4qpAw4IARUAAIhCGAFwAcABBg==&rs=AOn4CLDq_XRBZjaM3t5Y90HEV0FRQFO4oA,El Dios de los Autos,external-reference,embed_link_and_summarize_only
mfyayAsBsYE,https://www.youtube.com/watch?v=mfyayAsBsYE,LES ADVERTI SOBRE EL VOLKSWAGEN JETTA (AHORA SE ARREPENTIRÁN),541.0,,videos,https://i.ytimg.com/vi/mfyayAsBsYE/hqdefault.jpg?sqp=-oaymwEcCNACELwBSFXyq4qpAw4IARUAAIhCGAFwAcABBg==&rs=AOn4CLAmByQCc7OAIDyZ-ZBGFzPeQD0NhQ,El Dios de los Autos,external-reference,embed_link_and_summarize_only
7CGkdAtjlus,https://www.youtube.com/watch?v=7CGkdAtjlus,SUBARU XV/CROSSTREK Y OTROS PRIMER AUTO MUY BUENOS QUE PUEDES COMPRAR,938.0,,videos,https://i.ytimg.com/vi/7CGkdAtjlus/hqdefault.jpg?sqp=-oaymwEcCNACELwBSFXyq4qpAw4IARUAAIhCGAFwAcABBg==&rs=AOn4CLB1hBb-41fBb7rRR7kdR4F9yBK3aQ,El Dios de los Autos,external-reference,embed_link_and_summarize_only
aeryuUCxVqw,https://www.youtube.com/watch?v=aeryuUCxVqw,NADIE SABE QUE HONDA HR-V ES EXCELENTE Y PUEDES COMPRARLO MUY BARATO,746.0,,videos,https://i.ytimg.com/vi/aeryuUCxVqw/hqdefault.jpg?sqp=-oaymwEcCNACELwBSFXyq4qpAw4IARUAAIhCGAFwAcABBg==&rs=AOn4CLAtpjHRIyq0x-u2VFgo6MWo6C41NQ,El Dios de los Autos,external-reference,embed_link_and_summarize_only
B6oFniXap-U,https://www.youtube.com/watch?v=B6oFniXap-U,"OLVIDA LAS SUV, SUZUKI S-PRESSO ES MEJOR Y MAS BARATO",664.0,,videos,https://i.ytimg.com/vi/B6oFniXap-U/hqdefault.jpg?sqp=-oaymwEcCNACELwBSFXyq4qpAw4IARUAAIhCGAFwAcABBg==&rs=AOn4CLCOnM_OhsYIGmRoFwYK4sMt0QFXBw,El Dios de los Autos,external-reference,embed_link_and_summarize_only
gLc_fCuDJyQ,https://www.youtube.com/watch?v=gLc_fCuDJyQ,¿CAJA AUTOMATICA SECUENCIAL o CVT?,864.0,,videos,https://i.ytimg.com/vi/gLc_fCuDJyQ/hqdefault.jpg?sqp=-oaymwEcCNACELwBSFXyq4qpAw4IARUAAIhCGAFwAcABBg==&rs=AOn4CLB8pQ8ymWUmRm6z098awiQDT7v_gA,El Dios de los Autos,external-reference,embed_link_and_summarize_only
I7QwzwHoOeY,https://www.youtube.com/watch?v=I7QwzwHoOeY,¿Comprar AUTO NUEVO o USADO? ¿CUAL ES MEJOR?,766.0,,videos,https://i.ytimg.com/vi/I7QwzwHoOeY/hqdefault.jpg?sqp=-oaymwEcCNACELwBSFXyq4qpAw4IARUAAIhCGAFwAcABBg==&rs=AOn4CLAqUh0_PMc4K_AMEiQtFHTqt5nGUQ,El Dios de los Autos,external-reference,embed_link_and_summarize_only
kFcNV8iXLuo,https://www.youtube.com/watch?v=kFcNV8iXLuo,"BYD Acaba de poner DE RODILLAS a Toyota, Nissan y Mazda",559.0,,videos,https://i.ytimg.com/vi/kFcNV8iXLuo/hqdefault.jpg?sqp=-oaymwEcCNACELwBSFXyq4qpAw4IARUAAIhCGAFwAcABBg==&rs=AOn4CLCXFqsTxsM7Q347_jhkIeP0m98sww,El Dios de los Autos,external-reference,embed_link_and_summarize_only
iZad_nGP7mU,https://www.youtube.com/watch?v=iZad_nGP7mU,NUEVA Toyota Hilux 2026 ACABA de DESTRUIR la Industria AUTOMOTRIZ,716.0,,videos,https://i.ytimg.com/vi/iZad_nGP7mU/hqdefault.jpg?sqp=-oaymwEcCNACELwBSFXyq4qpAw4IARUAAIhCGAFwAcABBg==&rs=AOn4CLC6dXj1E3HcfvjpogxtXYTeAbC0zQ,El Dios de los Autos,external-reference,embed_link_and_summarize_only
gEEr98zQ92g,https://www.youtube.com/watch?v=gEEr98zQ92g,POR ESTE MOTIVO NUNCA COMPRARÍA UN JEEP,590.0,,videos,https://i.ytimg.com/vi/gEEr98zQ92g/hqdefault.jpg?sqp=-oaymwEcCNACELwBSFXyq4qpAw4IARUAAIhCGAFwAcABBg==&rs=AOn4CLDlqm_95ma0zA7BOQZnqS6VUr-RHg,El Dios de los Autos,external-reference,embed_link_and_summarize_only
3B6tdJdGNUo,https://www.youtube.com/watch?v=3B6tdJdGNUo,MARCA CHINA de autos ACABA DE SUPERAR a TOYOTA (Es hora de aceptarlo),714.0,,videos,https://i.ytimg.com/vi/3B6tdJdGNUo/hqdefault.jpg?sqp=-oaymwEcCNACELwBSFXyq4qpAw4IARUAAIhCGAFwAcABBg==&rs=AOn4CLDiy6kYgUkuGgUkwvVeQATBW29owQ,El Dios de los Autos,external-reference,embed_link_and_summarize_only
FYfuTvg39Yg,https://www.youtube.com/watch?v=FYfuTvg39Yg,NUEVO Toyota Corolla SE COME VIVO AL MAZDA 3,703.0,,videos,https://i.ytimg.com/vi/FYfuTvg39Yg/hqdefault.jpg?sqp=-oaymwEcCNACELwBSFXyq4qpAw4IARUAAIhCGAFwAcABBg==&rs=AOn4CLBCCeXMu4VNdx--XMnX0QxQdw1guA,El Dios de los Autos,external-reference,embed_link_and_summarize_only
xXj64fM5Zt4,https://www.youtube.com/watch?v=xXj64fM5Zt4,¿GAC GS3 ES EL PEOR AUTO CHINO? | QUE AUTO BARATO ME COMPRO 2025,698.0,,videos,https://i.ytimg.com/vi/xXj64fM5Zt4/hqdefault.jpg?sqp=-oaymwEcCNACELwBSFXyq4qpAw4IARUAAIhCGAFwAcABBg==&rs=AOn4CLAMiEOZxkFuxHuVM_z-gh7PrHBUbA,El Dios de los Autos,external-reference,embed_link_and_summarize_only
9raDPjSprBo,https://www.youtube.com/watch?v=9raDPjSprBo,NISSAN NO PUEDE MÁS Y ESTÁN REMATANDOLO TODO,517.0,,videos,https://i.ytimg.com/vi/9raDPjSprBo/hqdefault.jpg?sqp=-oaymwEcCNACELwBSFXyq4qpAw4IARUAAIhCGAFwAcABBg==&rs=AOn4CLALmmd-e_wk-e9cFl6hMEm-sW93rg,El Dios de los Autos,external-reference,embed_link_and_summarize_only
oYHYzcCRmYY,https://www.youtube.com/watch?v=oYHYzcCRmYY,POR ESTO NUEVO MOTOR BOXER SUBARU ES BRILLANTE,935.0,,videos,https://i.ytimg.com/vi/oYHYzcCRmYY/hqdefault.jpg?sqp=-oaymwEcCNACELwBSFXyq4qpAw4IARUAAIhCGAFwAcABBg==&rs=AOn4CLC475UQrgFc8z05Nbm2iTzgiLeSJw,El Dios de los Autos,external-reference,embed_link_and_summarize_only
_xIQQ7XSlhk,https://www.youtube.com/watch?v=_xIQQ7XSlhk,NUEVO TOYOTA CENTURY 2026 Acaba de DESTROZAR la Industria!,742.0,,videos,https://i.ytimg.com/vi/_xIQQ7XSlhk/hqdefault.jpg?sqp=-oaymwEcCNACELwBSFXyq4qpAw4IARUAAIhCGAFwAcABBg==&rs=AOn4CLDyZKibke_UJLgcZOg7_lI2oDXu2A,El Dios de los Autos,external-reference,embed_link_and_summarize_only
xpc7ACCdL6U,https://www.youtube.com/watch?v=xpc7ACCdL6U,"¿GEELY EMGRAND ES SUPERIOR A TOYOTA YARIS, NISSAN SENTRA Y MAZDA 2?",648.0,,videos,https://i.ytimg.com/vi/xpc7ACCdL6U/hqdefault.jpg?sqp=-oaymwEcCNACELwBSFXyq4qpAw4IARUAAIhCGAFwAcABBg==&rs=AOn4CLDgktjfiB8ccwEqSKuKvvV5Yb_o_Q,El Dios de los Autos,external-reference,embed_link_and_summarize_only
S4C5JBCqhj0,https://www.youtube.com/watch?v=S4C5JBCqhj0,ESTOY HARTO y Ya No Me QUEDARÉ CALLADO,564.0,,videos,https://i.ytimg.com/vi/S4C5JBCqhj0/hqdefault.jpg?sqp=-oaymwEcCNACELwBSFXyq4qpAw4IARUAAIhCGAFwAcABBg==&rs=AOn4CLDgpbKDo_d6tdtzxaopie07jAPiRg,El Dios de los Autos,external-reference,embed_link_and_summarize_only
BgACzhfDycQ,https://www.youtube.com/watch?v=BgACzhfDycQ,EL ANUNCIO QUE ACABA DE CAMBIARLO TODO,724.0,,videos,https://i.ytimg.com/vi/BgACzhfDycQ/hqdefault.jpg?sqp=-oaymwEcCNACELwBSFXyq4qpAw4IARUAAIhCGAFwAcABBg==&rs=AOn4CLD1FHwFhKKpOvB03KvBQoKqUXC27w,El Dios de los Autos,external-reference,embed_link_and_summarize_only
I6ruRkvgkUw,https://www.youtube.com/watch?v=I6ruRkvgkUw,MIS MARCAS FAVORITAS DE AUTOS CHINOS,1077.0,,videos,https://i.ytimg.com/vi/I6ruRkvgkUw/hqdefault.jpg?sqp=-oaymwEcCNACELwBSFXyq4qpAw4IARUAAIhCGAFwAcABBg==&rs=AOn4CLBlVhQ3IA0qxBQxQglXDzsuAMIKgg,El Dios de los Autos,external-reference,embed_link_and_summarize_only
iqwhfhTaHwE,https://www.youtube.com/watch?v=iqwhfhTaHwE,"NUEVO Toyota RAV4 2026 HUMILLA a Subaru, Honda y Mazda (Superior en TODO sentido)",876.0,,videos,https://i.ytimg.com/vi/iqwhfhTaHwE/hqdefault.jpg?sqp=-oaymwEcCNACELwBSFXyq4qpAw4IARUAAIhCGAFwAcABBg==&rs=AOn4CLAI347neO3w5_kFMkcH9FSMTDl9DA,El Dios de los Autos,external-reference,embed_link_and_summarize_only
4x3ZzifJ3Os,https://www.youtube.com/watch?v=4x3ZzifJ3Os,Y SE ACABO. HOY JAGUAR SE DESPIDE PARA SIEMPRE.,657.0,,videos,https://i.ytimg.com/vi/4x3ZzifJ3Os/hqdefault.jpg?sqp=-oaymwEcCNACELwBSFXyq4qpAw4IARUAAIhCGAFwAcABBg==&rs=AOn4CLAvEcK6zuyXy_L7zNJDf5pNFXRJmQ,El Dios de los Autos,external-reference,embed_link_and_summarize_only
I944R7n7dfI,https://www.youtube.com/watch?v=I944R7n7dfI,NUEVO Toyota Land Cruiser FJ SE COME VIVO A SUZUKI JIMNY (ADIOS SUZUKI ya nadie te COMPRARÁ),729.0,,videos,https://i.ytimg.com/vi/I944R7n7dfI/hqdefault.jpg?sqp=-oaymwEcCNACELwBSFXyq4qpAw4IARUAAIhCGAFwAcABBg==&rs=AOn4CLD7iYS_C-uKLTNH8OFCB9_PCU6w2Q,El Dios de los Autos,external-reference,embed_link_and_summarize_only
XjRAxnl8dCg,https://www.youtube.com/watch?v=XjRAxnl8dCg,NUEVA SUV TOYOTA RIDICULIZA A MARCAS DE LUJO,592.0,,videos,https://i.ytimg.com/vi/XjRAxnl8dCg/hqdefault.jpg?sqp=-oaymwEcCNACELwBSFXyq4qpAw4IARUAAIhCGAFwAcABBg==&rs=AOn4CLAgQXay2TNFVBmG64rhYNg7pmEAYg,El Dios de los Autos,external-reference,embed_link_and_summarize_only
x_Xcj90HTbQ,https://www.youtube.com/watch?v=x_Xcj90HTbQ,SUBARU LO HIZO DE NUEVO - NO ME LO CREO,727.0,,videos,https://i.ytimg.com/vi/x_Xcj90HTbQ/hqdefault.jpg?sqp=-oaymwEcCNACELwBSFXyq4qpAw4IARUAAIhCGAFwAcABBg==&rs=AOn4CLD_hFYz4AL9ifrcw8IJE17rE_bA0A,El Dios de los Autos,external-reference,embed_link_and_summarize_only
BkKrtQ412RE,https://www.youtube.com/watch?v=BkKrtQ412RE,NUEVA Toyota HILUX 2026 Acaba de DESTROZAR a TODA SU COMPETENCIA,803.0,,videos,https://i.ytimg.com/vi/BkKrtQ412RE/hqdefault.jpg?sqp=-oaymwEcCNACELwBSFXyq4qpAw4IARUAAIhCGAFwAcABBg==&rs=AOn4CLCrvHhLMiVeeOQjQrd3TSFQDq7bLA,El Dios de los Autos,external-reference,embed_link_and_summarize_only
VaOd-1R443Y,https://www.youtube.com/watch?v=VaOd-1R443Y,SUBARU NO VENDE BIEN Y NO DEBES COMPRAR UNO,697.0,,videos,https://i.ytimg.com/vi/VaOd-1R443Y/hqdefault.jpg?sqp=-oaymwEcCNACELwBSFXyq4qpAw4IARUAAIhCGAFwAcABBg==&rs=AOn4CLBmaibM_CuxRncbtJ3KFeHAhiNWpQ,El Dios de los Autos,external-reference,embed_link_and_summarize_only
0qWAuYfXKqc,https://www.youtube.com/watch?v=0qWAuYfXKqc,¡NUEVO TESLA BARATO DEJA EN SHOCK TODA LA INDUSTRIA AUTOMOTRIZ!,643.0,,videos,https://i.ytimg.com/vi/0qWAuYfXKqc/hqdefault.jpg?sqp=-oaymwEcCNACELwBSFXyq4qpAw4IARUAAIhCGAFwAcABBg==&rs=AOn4CLBdLNTwCCA-eYt_7qEM8cmULS_snA,El Dios de los Autos,external-reference,embed_link_and_summarize_only
Rgr_XfnnW20,https://www.youtube.com/watch?v=Rgr_XfnnW20,10 Autos que NO SE VENDEN BIEN y Comprarás a PRECIO DE REGALO,1070.0,,videos,https://i.ytimg.com/vi/Rgr_XfnnW20/hqdefault.jpg?sqp=-oaymwEcCNACELwBSFXyq4qpAw4IARUAAIhCGAFwAcABBg==&rs=AOn4CLCjrFLe06QxmBUsQ_YmagoFXicJEg,El Dios de los Autos,external-reference,embed_link_and_summarize_only
eaE5v9vHEgg,https://www.youtube.com/watch?v=eaE5v9vHEgg,ESTOS SON LOS MEJORES AUTOS PARA COMPRAR ESTE AÑO,1076.0,,videos,https://i.ytimg.com/vi/eaE5v9vHEgg/hqdefault.jpg?sqp=-oaymwEcCNACELwBSFXyq4qpAw4IARUAAIhCGAFwAcABBg==&rs=AOn4CLCOmTc8DLkXCvhm2E-QEShWlS72QA,El Dios de los Autos,external-reference,embed_link_and_summarize_only
LxmBiMTnFJo,https://www.youtube.com/watch?v=LxmBiMTnFJo,¡TOYOTA ACABA DE AMENAZAR A CHINA! (Esto es espectacular),735.0,,videos,https://i.ytimg.com/vi/LxmBiMTnFJo/hqdefault.jpg?sqp=-oaymwEcCNACELwBSFXyq4qpAw4IARUAAIhCGAFwAcABBg==&rs=AOn4CLAJjEixUnyWI6itsTlPn1F4ZaQuFw,El Dios de los Autos,external-reference,embed_link_and_summarize_only
8OQera1d_RY,https://www.youtube.com/watch?v=8OQera1d_RY,CONFIRMADO: NISSAN HA QUEBRADO OFICIALMENTE,637.0,,videos,https://i.ytimg.com/vi/8OQera1d_RY/hqdefault.jpg?sqp=-oaymwEcCNACELwBSFXyq4qpAw4IARUAAIhCGAFwAcABBg==&rs=AOn4CLDhbqRj_3FixmFUXdi5Dnpzw69B4Q,El Dios de los Autos,external-reference,embed_link_and_summarize_only
Gc3SW3lYdZA,https://www.youtube.com/watch?v=Gc3SW3lYdZA,¿NISSAN MARCH ES REALMENTE MEJOR QUE CUALQUIER TOYOTA? | QUE AUTO BARATO ME COMPRO 2025,690.0,,videos,https://i.ytimg.com/vi/Gc3SW3lYdZA/hqdefault.jpg?sqp=-oaymwEcCNACELwBSFXyq4qpAw4IARUAAIhCGAFwAcABBg==&rs=AOn4CLBY6ilf21IbQezBPmZK63avTZMbqA,El Dios de los Autos,external-reference,embed_link_and_summarize_only
OBWG1czqZl0,https://www.youtube.com/watch?v=OBWG1czqZl0,TOYOTA COROLLA VS MAZDA 3 ¿CUAL COMPRAR?,698.0,,videos,https://i.ytimg.com/vi/OBWG1czqZl0/hqdefault.jpg?sqp=-oaymwEcCNACELwBSFXyq4qpAw4IARUAAIhCGAFwAcABBg==&rs=AOn4CLBugI0XBNmJFn8TG4RTG1qFeuV0Ag,El Dios de los Autos,external-reference,embed_link_and_summarize_only
uOE-D93M3lA,https://www.youtube.com/watch?v=uOE-D93M3lA,NUNCA Compraría este Auto (SOLO IDIOTAS LO HACEN),731.0,,videos,https://i.ytimg.com/vi/uOE-D93M3lA/hqdefault.jpg?sqp=-oaymwEcCNACELwBSFXyq4qpAw4IARUAAIhCGAFwAcABBg==&rs=AOn4CLCw71LIr61rFNcCJ2TH6iGnFGgiEA,El Dios de los Autos,external-reference,embed_link_and_summarize_only
l8AJSfcSHGg,https://www.youtube.com/watch?v=l8AJSfcSHGg,¡DEJA DE COMPRAR TOYOTA YA! ESTO DURA EL DOBLE Y CUESTA LA MITAD,752.0,,videos,https://i.ytimg.com/vi/l8AJSfcSHGg/hqdefault.jpg?sqp=-oaymwEcCNACELwBSFXyq4qpAw4IARUAAIhCGAFwAcABBg==&rs=AOn4CLD0-bo5vr3nkQDU0bc6lYJvi-mKgQ,El Dios de los Autos,external-reference,embed_link_and_summarize_only
Y_Q-wiXz1h8,https://www.youtube.com/watch?v=Y_Q-wiXz1h8,¿TOYOTA SE ESTÁ DERRUMBANDO?,663.0,,videos,https://i.ytimg.com/vi/Y_Q-wiXz1h8/hqdefault.jpg?sqp=-oaymwEcCNACELwBSFXyq4qpAw4IARUAAIhCGAFwAcABBg==&rs=AOn4CLDBx3GIPGqN8b2sLKl6QLGiS6tjJQ,El Dios de los Autos,external-reference,embed_link_and_summarize_only
Bck5QnuSCiA,https://www.youtube.com/watch?v=Bck5QnuSCiA,TENGO TERRIBLES NOTICIAS,665.0,,videos,https://i.ytimg.com/vi/Bck5QnuSCiA/hqdefault.jpg?sqp=-oaymwEcCNACELwBSFXyq4qpAw4IARUAAIhCGAFwAcABBg==&rs=AOn4CLBp1yJfGVHLGJ_CnaSZ3oetWLqsdA,El Dios de los Autos,external-reference,embed_link_and_summarize_only
VJws6xJMH-M,https://www.youtube.com/watch?v=VJws6xJMH-M,NO PUEDO NI QUIERO CREER ESTO,892.0,,videos,https://i.ytimg.com/vi/VJws6xJMH-M/hqdefault.jpg?sqp=-oaymwEcCNACELwBSFXyq4qpAw4IARUAAIhCGAFwAcABBg==&rs=AOn4CLCmYmEgg_p1VGF2xZNSGbER0aB15w,El Dios de los Autos,external-reference,embed_link_and_summarize_only
DNI78Rwcvrg,https://www.youtube.com/watch?v=DNI78Rwcvrg,¡NUEVO Auto CHINO que TE HARÁ VER MILLONARIO llegó a AMÉRICA!,939.0,,videos,https://i.ytimg.com/vi/DNI78Rwcvrg/hqdefault.jpg?sqp=-oaymwEcCNACELwBSFXyq4qpAw4IARUAAIhCGAFwAcABBg==&rs=AOn4CLB5VkzCYgDla3nIIJ8j71Vv5cJvTA,El Dios de los Autos,external-reference,embed_link_and_summarize_only
UaTiWFWwdX8,https://www.youtube.com/watch?v=UaTiWFWwdX8,SOLO DEBERÍAS COMPRAR ESTAS 3 MARCAS DE COCHES,1365.0,,videos,https://i.ytimg.com/vi/UaTiWFWwdX8/hqdefault.jpg?sqp=-oaymwEcCNACELwBSFXyq4qpAw4IARUAAIhCGAFwAcABBg==&rs=AOn4CLCxESgLRJwh-0SUmD2xLrG-91kj4A,El Dios de los Autos,external-reference,embed_link_and_summarize_only
o7nlyeFXW-Q,https://www.youtube.com/watch?v=o7nlyeFXW-Q,¡MARCAS DE AUTOS CHINOS SE SABOTEAN ENTRE ELLAS! (CUIDADO SI VAS A COMPRAR),915.0,,videos,https://i.ytimg.com/vi/o7nlyeFXW-Q/hqdefault.jpg?sqp=-oaymwEcCNACELwBSFXyq4qpAw4IARUAAIhCGAFwAcABBg==&rs=AOn4CLDfRUBhQqov2S_OQZatY3gJN7SUUQ,El Dios de los Autos,external-reference,embed_link_and_summarize_only
eIbLdMlwZfI,https://www.youtube.com/watch?v=eIbLdMlwZfI,¿QUE IDIOTA COMPRA UN HAVAL H7 2026?,1116.0,,videos,https://i.ytimg.com/vi/eIbLdMlwZfI/hqdefault.jpg?sqp=-oaymwEcCNACELwBSFXyq4qpAw4IARUAAIhCGAFwAcABBg==&rs=AOn4CLAvVfAlQieFaM-QGxwVd5g9a6ftEA,El Dios de los Autos,external-reference,embed_link_and_summarize_only
_jfcv0UehwQ,https://www.youtube.com/watch?v=_jfcv0UehwQ,¿QUE IDIOTA COMPRA UN NISSAN SENTRA 2026?,809.0,,videos,https://i.ytimg.com/vi/_jfcv0UehwQ/hqdefault.jpg?sqp=-oaymwEcCNACELwBSFXyq4qpAw4IARUAAIhCGAFwAcABBg==&rs=AOn4CLBphD45w6Uz8hN_VE9tH49G4fzBPA,El Dios de los Autos,external-reference,embed_link_and_summarize_only
hgPKTamO5Vg,https://www.youtube.com/watch?v=hgPKTamO5Vg,¿AUTO ETERNO Y QUE NUNCA FALLE? OLVIDA TOYOTA Y COMPRA ESTE,994.0,,videos,https://i.ytimg.com/vi/hgPKTamO5Vg/hqdefault.jpg?sqp=-oaymwEcCNACELwBSFXyq4qpAw4IARUAAIhCGAFwAcABBg==&rs=AOn4CLDFXubH-7n8AsjjKUpO9Soy0dSojg,El Dios de los Autos,external-reference,embed_link_and_summarize_only
n76ZpySpUkQ,https://www.youtube.com/watch?v=n76ZpySpUkQ,¿QUE IDIOTA COMPRA UN SSANGYONG TORRES?,796.0,,videos,https://i.ytimg.com/vi/n76ZpySpUkQ/hqdefault.jpg?sqp=-oaymwEcCNACELwBSFXyq4qpAw4IARUAAIhCGAFwAcABBg==&rs=AOn4CLBGa1mq9JUIDZ-LftQtKoiG3N6_wA,El Dios de los Autos,external-reference,embed_link_and_summarize_only
eSaHnXIiSyw,https://www.youtube.com/watch?v=eSaHnXIiSyw,¿QUE TAN BASURA ES EL HYUNDAI GRAND i10? | QUE AUTO BARATO ME COMPRO 2025,707.0,,videos,https://i.ytimg.com/vi/eSaHnXIiSyw/hqdefault.jpg?sqp=-oaymwEcCNACELwBSFXyq4qpAw4IARUAAIhCGAFwAcABBg==&rs=AOn4CLCrtYES8yHokvFWpPvlcKIGD5D-hA,El Dios de los Autos,external-reference,embed_link_and_summarize_only
n358mc_Sa9g,https://www.youtube.com/watch?v=n358mc_Sa9g,4X4 AWD NO SIGNIFICA TODO TERRENO (y te explico POR QUÉ),630.0,,videos,https://i.ytimg.com/vi/n358mc_Sa9g/hqdefault.jpg?sqp=-oaymwEcCNACELwBSFXyq4qpAw4IARUAAIhCGAFwAcABBg==&rs=AOn4CLBRiK1FHs4Vh37K6tXpcljpnX0vAA,El Dios de los Autos,external-reference,embed_link_and_summarize_only
zYZ_K5hanEA,https://www.youtube.com/watch?v=zYZ_K5hanEA,¿QUE IDIOTA COMPRA UN SUZUKI SWIFT DZIRE?,681.0,,videos,https://i.ytimg.com/vi/zYZ_K5hanEA/hqdefault.jpg?sqp=-oaymwEcCNACELwBSFXyq4qpAw4IARUAAIhCGAFwAcABBg==&rs=AOn4CLCm0YLFneoixb8GAaF-4qfMDj0Npg,El Dios de los Autos,external-reference,embed_link_and_summarize_only
HNG5qoY1eVQ,https://www.youtube.com/watch?v=HNG5qoY1eVQ,Solo ESTUPIDOS Compran ESTE AUTO (Y YO SOY UNO),959.0,,videos,https://i.ytimg.com/vi/HNG5qoY1eVQ/hqdefault.jpg?sqp=-oaymwEcCNACELwBSFXyq4qpAw4IARUAAIhCGAFwAcABBg==&rs=AOn4CLB20Q1aAmMY9cuwcPustBpDj1E3xg,El Dios de los Autos,external-reference,embed_link_and_summarize_only
vLXQrqLrPSo,https://www.youtube.com/watch?v=vLXQrqLrPSo,EL MUNDIAL DE LOS MOTORES DE IBAI,1276.0,,videos,https://i.ytimg.com/vi/vLXQrqLrPSo/hqdefault.jpg?sqp=-oaymwEcCNACELwBSFXyq4qpAw4IARUAAIhCGAFwAcABBg==&rs=AOn4CLDmmCE3YEXBaZMhSVPMNlKaaWtQOQ,El Dios de los Autos,external-reference,embed_link_and_summarize_only
CpjiLQoG99Y,https://www.youtube.com/watch?v=CpjiLQoG99Y,TOYOTA ESTÁ HARTO DE LOS CHINOS - LA GUERRA COMENZÓ,924.0,,videos,https://i.ytimg.com/vi/CpjiLQoG99Y/hqdefault.jpg?sqp=-oaymwEcCNACELwBSFXyq4qpAw4IARUAAIhCGAFwAcABBg==&rs=AOn4CLA3A2GQszZtDg-SWm8hAZUPUBp2Ig,El Dios de los Autos,external-reference,embed_link_and_summarize_only
0LfG9W1Tnks,https://www.youtube.com/watch?v=0LfG9W1Tnks,EL TRISTE FINAL DEL NISSAN VERSA,1276.0,,videos,https://i.ytimg.com/vi/0LfG9W1Tnks/hqdefault.jpg?sqp=-oaymwEcCNACELwBSFXyq4qpAw4IARUAAIhCGAFwAcABBg==&rs=AOn4CLDEUHj7QR5ncjAZFOgjIX89ZYExsw,El Dios de los Autos,external-reference,embed_link_and_summarize_only
9ZuetCct12w,https://www.youtube.com/watch?v=9ZuetCct12w,"HYUNDAI acaba de SUPERAR a TOYOTA, Honda y Mazda",769.0,,videos,https://i.ytimg.com/vi/9ZuetCct12w/hqdefault.jpg?sqp=-oaymwEcCNACELwBSFXyq4qpAw4IARUAAIhCGAFwAcABBg==&rs=AOn4CLA_81ovrHSgQMqVV216HyvsiepbgQ,El Dios de los Autos,external-reference,embed_link_and_summarize_only
4gFd3j6sgso,https://www.youtube.com/watch?v=4gFd3j6sgso,¿QUE TAN MALO ES EL MG3? | QUE AUTO BARATO ME COMPRO 2025,543.0,,videos,https://i.ytimg.com/vi/4gFd3j6sgso/hqdefault.jpg?sqp=-oaymwEcCNACELwBSFXyq4qpAw4IARUAAIhCGAFwAcABBg==&rs=AOn4CLDr6BhfmZYw1FwCQAtRh9w30eUvrw,El Dios de los Autos,external-reference,embed_link_and_summarize_only
A1J2vEuKWzk,https://www.youtube.com/watch?v=A1J2vEuKWzk,ESTO SE ESTA DESCONTROLANDO,753.0,,videos,https://i.ytimg.com/vi/A1J2vEuKWzk/hqdefault.jpg?sqp=-oaymwEcCNACELwBSFXyq4qpAw4IARUAAIhCGAFwAcABBg==&rs=AOn4CLC56E3NvGu3z7Rbo3BQcRQZipUUKg,El Dios de los Autos,external-reference,embed_link_and_summarize_only
cMqPPXpEJCQ,https://www.youtube.com/watch?v=cMqPPXpEJCQ,¡AUTOS MODERNOS SON BASURA! (y te explico por qué),955.0,,videos,https://i.ytimg.com/vi/cMqPPXpEJCQ/hqdefault.jpg?sqp=-oaymwEcCNACELwBSFXyq4qpAw4IARUAAIhCGAFwAcABBg==&rs=AOn4CLCdn1E_7eVdGeUT7ySr8x1Ny6iSdg,El Dios de los Autos,external-reference,embed_link_and_summarize_only
YX30aQe7kUA,https://www.youtube.com/watch?v=YX30aQe7kUA,AUTOMATICO O MANUAL ¿CUAL ELEGIR EN MI AUTO?,716.0,,videos,https://i.ytimg.com/vi/YX30aQe7kUA/hqdefault.jpg?sqp=-oaymwEcCNACELwBSFXyq4qpAw4IARUAAIhCGAFwAcABBg==&rs=AOn4CLCG1SdHKSuV0f8m5zs6G6AL1uIVxg,El Dios de los Autos,external-reference,embed_link_and_summarize_only
6leoXMpsOjw,https://www.youtube.com/watch?v=6leoXMpsOjw,"CADILLAC ACABA DE APLASTAR A BMW, AUDI Y MERCEDES (Y NADIE LO HA NOTADO)",893.0,,videos,https://i.ytimg.com/vi/6leoXMpsOjw/hqdefault.jpg?sqp=-oaymwEcCNACELwBSFXyq4qpAw4IARUAAIhCGAFwAcABBg==&rs=AOn4CLC160oD-x9-Ys2Z5yX_wwVEQNmEgw,El Dios de los Autos,external-reference,embed_link_and_summarize_only
MYjSz42fQE4,https://www.youtube.com/watch?v=MYjSz42fQE4,SI VES ESTE EN TU MOTOR VENDE TU AUTO YA,577.0,,videos,https://i.ytimg.com/vi/MYjSz42fQE4/hqdefault.jpg?sqp=-oaymwEcCNACELwBSFXyq4qpAw4IARUAAIhCGAFwAcABBg==&rs=AOn4CLDstNxoLeRRcMheHWxFSyDNGoQZ4A,El Dios de los Autos,external-reference,embed_link_and_summarize_only
F05PHgjzyT0,https://www.youtube.com/watch?v=F05PHgjzyT0,¿QUE IDIOTA COMPRA UN NISSAN X-TRAIL E-Power?,984.0,,videos,https://i.ytimg.com/vi/F05PHgjzyT0/hqdefault.jpg?sqp=-oaymwEcCNACELwBSFXyq4qpAw4IARUAAIhCGAFwAcABBg==&rs=AOn4CLBOQioInQ_X7mBzioFwyye3Jcr3QQ,El Dios de los Autos,external-reference,embed_link_and_summarize_only
fh2dFupQThE,https://www.youtube.com/watch?v=fh2dFupQThE,FORD Y CHEVROLET AHORA SON UNO - ENORME NOTICIA,632.0,,videos,https://i.ytimg.com/vi/fh2dFupQThE/hqdefault.jpg?sqp=-oaymwEcCNACELwBSFXyq4qpAw4IARUAAIhCGAFwAcABBg==&rs=AOn4CLDVchZf9AFtYVkhL8_WHJtME6qGdg,El Dios de los Autos,external-reference,embed_link_and_summarize_only
JBnupRcbrUs,https://www.youtube.com/watch?v=JBnupRcbrUs,TOYOTA PUEDE DECIR ADIOS A LA INDUSTRIA AUTOMOTRIZ,753.0,,videos,https://i.ytimg.com/vi/JBnupRcbrUs/hqdefault.jpg?sqp=-oaymwEcCNACELwBSFXyq4qpAw4IARUAAIhCGAFwAcABBg==&rs=AOn4CLCyzQA-r72C5rH3RYUV0oBjWxMvGA,El Dios de los Autos,external-reference,embed_link_and_summarize_only
BQ-qtnjDm8w,https://www.youtube.com/watch?v=BQ-qtnjDm8w,¿QUE IDIOTA COMPRA UN VOLKSWAGEN TERA?,1099.0,,videos,https://i.ytimg.com/vi/BQ-qtnjDm8w/hqdefault.jpg?sqp=-oaymwEcCNACELwBSFXyq4qpAw4IARUAAIhCGAFwAcABBg==&rs=AOn4CLCtPziIDcaVXMo78p4HXAIs0Ol7fw,El Dios de los Autos,external-reference,embed_link_and_summarize_only
qtCyJa_FQ1c,https://www.youtube.com/watch?v=qtCyJa_FQ1c,¡COMPRÉ MI PRIMERA CAMIONETA 4X4!,866.0,,videos,https://i.ytimg.com/vi/qtCyJa_FQ1c/hqdefault.jpg?sqp=-oaymwEcCNACELwBSFXyq4qpAw4IARUAAIhCGAFwAcABBg==&rs=AOn4CLCWvoxebRzgcWkFnx9jDPzI0cI3wg,El Dios de los Autos,external-reference,embed_link_and_summarize_only
-spmaqDrjRc,https://www.youtube.com/watch?v=-spmaqDrjRc,MARCAS DE AUTO QUE SOLO IDIOTAS ESTÁN COMPRANDO,864.0,,videos,https://i.ytimg.com/vi/-spmaqDrjRc/hqdefault.jpg?sqp=-oaymwEcCNACELwBSFXyq4qpAw4IARUAAIhCGAFwAcABBg==&rs=AOn4CLDQh_Bfd-QtL5T3jVrYPW8MnaoAPw,El Dios de los Autos,external-reference,embed_link_and_summarize_only
sg8b4Li1sAo,https://www.youtube.com/watch?v=sg8b4Li1sAo,Quieren Demandarme por Hablar de Esto.,803.0,,videos,https://i.ytimg.com/vi/sg8b4Li1sAo/hqdefault.jpg?sqp=-oaymwEcCNACELwBSFXyq4qpAw4IARUAAIhCGAFwAcABBg==&rs=AOn4CLCRTSBJJum1F9YYjvCcj_CgmZ2EbQ,El Dios de los Autos,external-reference,embed_link_and_summarize_only
nCKR30YncdE,https://www.youtube.com/watch?v=nCKR30YncdE,¡NO CREÍ VIVIR PARA VER ESTO! - ADIOS NISSAN,877.0,,videos,https://i.ytimg.com/vi/nCKR30YncdE/hqdefault.jpg?sqp=-oaymwEcCNACELwBSFXyq4qpAw4IARUAAIhCGAFwAcABBg==&rs=AOn4CLBqiA1JgxtBZGapkwo4VbAyJfPdHw,El Dios de los Autos,external-reference,embed_link_and_summarize_only
dvgZ0bnaXrI,https://www.youtube.com/watch?v=dvgZ0bnaXrI,ESTE AUTO ME HIZO TRAGAR MIS PALABRAS,526.0,,videos,https://i.ytimg.com/vi/dvgZ0bnaXrI/hqdefault.jpg?sqp=-oaymwEcCNACELwBSFXyq4qpAw4IARUAAIhCGAFwAcABBg==&rs=AOn4CLBADRA7ttDxF6gx5l4wTZxKSwO-bQ,El Dios de los Autos,external-reference,embed_link_and_summarize_only
3r2XUbEJ4zQ,https://www.youtube.com/watch?v=3r2XUbEJ4zQ,"OLVIDA TOYOTA, Este Auto es MEJOR y 5 VECES MÁS BARATO",777.0,,videos,https://i.ytimg.com/vi/3r2XUbEJ4zQ/hqdefault.jpg?sqp=-oaymwEcCNACELwBSFXyq4qpAw4IARUAAIhCGAFwAcABBg==&rs=AOn4CLDiwnqgK7jp_SN9NI5anU4fby-Gqw,El Dios de los Autos,external-reference,embed_link_and_summarize_only
3me7DxLJG8Q,https://www.youtube.com/watch?v=3me7DxLJG8Q,MARCA DE AUTOS LEGENDARIA CERRARÁ PARA SIEMPRE,748.0,,videos,https://i.ytimg.com/vi/3me7DxLJG8Q/hqdefault.jpg?sqp=-oaymwEcCNACELwBSFXyq4qpAw4IARUAAIhCGAFwAcABBg==&rs=AOn4CLAEYejGIfTLwVgMHHvTrTQKTKmbqg,El Dios de los Autos,external-reference,embed_link_and_summarize_only
xKKLu53Otfo,https://www.youtube.com/watch?v=xKKLu53Otfo,FORD ESTÁ AL BORDE DE LA QUIEBRA - ENORME NOTICIA,835.0,,videos,https://i.ytimg.com/vi/xKKLu53Otfo/hqdefault.jpg?sqp=-oaymwEcCNACELwBSFXyq4qpAw4IARUAAIhCGAFwAcABBg==&rs=AOn4CLBwuytjtkPEMi4AeSegF94zyvlfEQ,El Dios de los Autos,external-reference,embed_link_and_summarize_only
IYybMJ1D6IE,https://www.youtube.com/watch?v=IYybMJ1D6IE,NUNCA COMPRES ESTE AUTO (A MENOS QUE TENGAS LO QUE HACE FALTA),806.0,,videos,https://i.ytimg.com/vi/IYybMJ1D6IE/hqdefault.jpg?sqp=-oaymwEcCNACELwBSFXyq4qpAw4IARUAAIhCGAFwAcABBg==&rs=AOn4CLAqKld589_OqVATWf1310ZycHjcpQ,El Dios de los Autos,external-reference,embed_link_and_summarize_only
b5EjTTSRtsU,https://www.youtube.com/watch?v=b5EjTTSRtsU,¿QUE IDIOTA COMPRA UN SUBARU FORESTER 2026?,985.0,,videos,https://i.ytimg.com/vi/b5EjTTSRtsU/hqdefault.jpg?sqp=-oaymwEcCNACELwBSFXyq4qpAw4IARUAAIhCGAFwAcABBg==&rs=AOn4CLBVe1gGEGNMc9KEYze3WcOk0zb9Zg,El Dios de los Autos,external-reference,embed_link_and_summarize_only
qkZUBsVfIz8,https://www.youtube.com/watch?v=qkZUBsVfIz8,POR ESTE MOTIVO NUNCA COMPRARÍA UN HONDA,675.0,,videos,https://i.ytimg.com/vi/qkZUBsVfIz8/hqdefault.jpg?sqp=-oaymwEcCNACELwBSFXyq4qpAw4IARUAAIhCGAFwAcABBg==&rs=AOn4CLClN4rOQQwz_dLGAX_-bHax52hHmA,El Dios de los Autos,external-reference,embed_link_and_summarize_only
QCWj13DB4PQ,https://www.youtube.com/watch?v=QCWj13DB4PQ,JAGUAR PROGRE ACABA DE QUEBRAR Y UN CHINO LO COMPRA - ENORME NOTICIA,1024.0,,videos,https://i.ytimg.com/vi/QCWj13DB4PQ/hqdefault.jpg?sqp=-oaymwEcCNACELwBSFXyq4qpAw4IARUAAIhCGAFwAcABBg==&rs=AOn4CLBxLIFUsWh3sqorZJoKCnvzjUdz0A,El Dios de los Autos,external-reference,embed_link_and_summarize_only
oRd5w1u6RiM,https://www.youtube.com/watch?v=oRd5w1u6RiM,¡FINALMENTE PASÓ!,1167.0,,videos,https://i.ytimg.com/vi/oRd5w1u6RiM/hqdefault.jpg?sqp=-oaymwEcCNACELwBSFXyq4qpAw4IARUAAIhCGAFwAcABBg==&rs=AOn4CLDstzonL894JkxXK44ah8qv_bDbHA,El Dios de los Autos,external-reference,embed_link_and_summarize_only
nNFzyBKTjfc,https://www.youtube.com/watch?v=nNFzyBKTjfc,¿QUE IDIOTA COMPRA UN JETOUR T1?,998.0,,videos,https://i.ytimg.com/vi/nNFzyBKTjfc/hqdefault.jpg?sqp=-oaymwEcCNACELwBSFXyq4qpAw4IARUAAIhCGAFwAcABBg==&rs=AOn4CLC1cZ9zRxThk4mxhstoTxqF1YAl-A,El Dios de los Autos,external-reference,embed_link_and_summarize_only
noGtW63VP4s,https://www.youtube.com/watch?v=noGtW63VP4s,¡NO TODO AUTO BARATO ES LENTO Y ABURRIDO! (Compra estos por muy poco),574.0,,videos,https://i.ytimg.com/vi/noGtW63VP4s/hqdefault.jpg?sqp=-oaymwEcCNACELwBSFXyq4qpAw4IARUAAIhCGAFwAcABBg==&rs=AOn4CLDh6RBCtGSg5y0O_NIbumhb-sEBLA,El Dios de los Autos,external-reference,embed_link_and_summarize_only
9STSFeJh10A,https://www.youtube.com/watch?v=9STSFeJh10A,NUEVO Motor TOYOTA DESTROZA la Industria Automotriz,658.0,,videos,https://i.ytimg.com/vi/9STSFeJh10A/hqdefault.jpg?sqp=-oaymwEcCNACELwBSFXyq4qpAw4IARUAAIhCGAFwAcABBg==&rs=AOn4CLDQtrmoJ4lZDRhGdq5Z5d5fP269rw,El Dios de los Autos,external-reference,embed_link_and_summarize_only
h-pacXfN2aU,https://www.youtube.com/watch?v=h-pacXfN2aU,HYUNDAI ACABA DE COMETER EL PEOR ERROR DE SU HISTORIA,493.0,,videos,https://i.ytimg.com/vi/h-pacXfN2aU/hqdefault.jpg?sqp=-oaymwEcCNACELwBSFXyq4qpAw4IARUAAIhCGAFwAcABBg==&rs=AOn4CLAOfCvssse4ZjQ2yYln6jM5R4zwag,El Dios de los Autos,external-reference,embed_link_and_summarize_only
8rRsSjBmFzI,https://www.youtube.com/watch?v=8rRsSjBmFzI,MG ACABA DE COMPRAR BMW (ESTO LO CAMBIA TODO),670.0,,videos,https://i.ytimg.com/vi/8rRsSjBmFzI/hqdefault.jpg?sqp=-oaymwEcCNACELwBSFXyq4qpAw4IARUAAIhCGAFwAcABBg==&rs=AOn4CLDja3a3Fd_lOqCI3H-UnuW1XYTNXw,El Dios de los Autos,external-reference,embed_link_and_summarize_only
NiXCVxSuCsA,https://www.youtube.com/watch?v=NiXCVxSuCsA,¿QUE TAN CARO ES MANTENER UN AUTO CARO? (MERCEDES usado vs CHINO NUEVO),1196.0,,videos,https://i.ytimg.com/vi/NiXCVxSuCsA/hqdefault.jpg?sqp=-oaymwEcCNACELwBSFXyq4qpAw4IARUAAIhCGAFwAcABBg==&rs=AOn4CLBn5YnPZMNAuXpyI2QoXXhV346o6g,El Dios de los Autos,external-reference,embed_link_and_summarize_only
4T8eyXO1KZ0,https://www.youtube.com/watch?v=4T8eyXO1KZ0,EXPERTO en autos Clasifica SIN PIEDAD Autos ECONOMICOS muy BUENOS Y MUY MALOS,1341.0,,videos,https://i.ytimg.com/vi/4T8eyXO1KZ0/hqdefault.jpg?sqp=-oaymwEcCNACELwBSFXyq4qpAw4IARUAAIhCGAFwAcABBg==&rs=AOn4CLDrMt1XDWhvHGxMDew4yAxndO9Z3Q,El Dios de los Autos,external-reference,embed_link_and_summarize_only
aR6SGrJHsvw,https://www.youtube.com/watch?v=aR6SGrJHsvw,3 CROSSOVER MUY BUENOS QUE NADIE COMPRA,882.0,,videos,https://i.ytimg.com/vi/aR6SGrJHsvw/hqdefault.jpg?sqp=-oaymwEcCNACELwBSFXyq4qpAw4IARUAAIhCGAFwAcABBg==&rs=AOn4CLDRlphC9hzv4-C6o6vh6we_3Dgydg,El Dios de los Autos,external-reference,embed_link_and_summarize_only
q2Po4V17J8Y,https://www.youtube.com/watch?v=q2Po4V17J8Y,POR ESTO HONDA CIVIC YA NO LE INTERESA A NADIE,755.0,,videos,https://i.ytimg.com/vi/q2Po4V17J8Y/hqdefault.jpg?sqp=-oaymwEcCNACELwBSFXyq4qpAw4IARUAAIhCGAFwAcABBg==&rs=AOn4CLDKh2j4g3ATRIn2LtkjaHR1h0PQQg,El Dios de los Autos,external-reference,embed_link_and_summarize_only
cG9rtWIA72g,https://www.youtube.com/watch?v=cG9rtWIA72g,ES OFICIAL: PONTIAC REGRESA EN 2026 - FORD MUSTANG Y DODGE CHALLENGER ESTÁN DESESPERADOS!,563.0,,videos,https://i.ytimg.com/vi/cG9rtWIA72g/hqdefault.jpg?sqp=-oaymwEcCNACELwBSFXyq4qpAw4IARUAAIhCGAFwAcABBg==&rs=AOn4CLAdCNeENZ-LaPzgFovpkndWcRX4zw,El Dios de los Autos,external-reference,embed_link_and_summarize_only
j_9wNDC4EvE,https://www.youtube.com/watch?v=j_9wNDC4EvE,9 AUTOS QUE NO TENDRÍA NI REGALADOS...,1282.0,,videos,https://i.ytimg.com/vi/j_9wNDC4EvE/hqdefault.jpg?sqp=-oaymwEcCNACELwBSFXyq4qpAw4IARUAAIhCGAFwAcABBg==&rs=AOn4CLBEMkm2JVteLavoVVjPmHEy5Yj-2Q,El Dios de los Autos,external-reference,embed_link_and_summarize_only
7cq1X2k8dkI,https://www.youtube.com/watch?v=7cq1X2k8dkI,TOYOTA Y NISSAN TIEMBLAN POR QUE NO TE DES CUENTA DE ESTO,643.0,,videos,https://i.ytimg.com/vi/7cq1X2k8dkI/hqdefault.jpg?sqp=-oaymwEcCNACELwBSFXyq4qpAw4IARUAAIhCGAFwAcABBg==&rs=AOn4CLC75xRVZptZGO8dvg7pfVlA0Jh_VA,El Dios de los Autos,external-reference,embed_link_and_summarize_only
OuOzWndY7BU,https://www.youtube.com/watch?v=OuOzWndY7BU,¿EN QUE MOMENTO SE J0D10 NISSAN?,595.0,,videos,https://i.ytimg.com/vi/OuOzWndY7BU/hqdefault.jpg?sqp=-oaymwEcCNACELwBSFXyq4qpAw4IARUAAIhCGAFwAcABBg==&rs=AOn4CLB24kPCOsExh1AZnEm_oXc50xhcjg,El Dios de los Autos,external-reference,embed_link_and_summarize_only
dF8IDuIPLlc,https://www.youtube.com/watch?v=dF8IDuIPLlc,¿QUE IDIOTA COMPRA UNA MAZDA CX-5 2026?,794.0,,videos,https://i.ytimg.com/vi/dF8IDuIPLlc/hqdefault.jpg?sqp=-oaymwEcCNACELwBSFXyq4qpAw4IARUAAIhCGAFwAcABBg==&rs=AOn4CLAY5Ajs018jvl7vLuNjCJ2UHYPJGg,El Dios de los Autos,external-reference,embed_link_and_summarize_only
tTWDY_d9-zM,https://www.youtube.com/watch?v=tTWDY_d9-zM,COMPRE EL AUTO CON EL QUE SOÑABA DESDE NIÑO,871.0,,videos,https://i.ytimg.com/vi/tTWDY_d9-zM/hqdefault.jpg?sqp=-oaymwEcCNACELwBSFXyq4qpAw4IARUAAIhCGAFwAcABBg==&rs=AOn4CLBJBHzBytLfwIIYCqPUT10YPE3oTw,El Dios de los Autos,external-reference,embed_link_and_summarize_only
msbX9IDBhU4,https://www.youtube.com/watch?v=msbX9IDBhU4,NUEVO DODGE HELLCAT pone de RODILLAS a LAMBORGHINI y Ferrari - ENORME NOTICIA,566.0,,videos,https://i.ytimg.com/vi/msbX9IDBhU4/hqdefault.jpg?sqp=-oaymwEcCNACELwBSFXyq4qpAw4IARUAAIhCGAFwAcABBg==&rs=AOn4CLCNXRhvPSUJpHTUfcLH3ruZSXz8tg,El Dios de los Autos,external-reference,embed_link_and_summarize_only
t-Ce6Vwpk_o,https://www.youtube.com/watch?v=t-Ce6Vwpk_o,¡AUTOS CHINOS ESTÁN ARRUINANDO A TODOS! - HYUNDAI ESTÁ DESESPERADO,553.0,,videos,https://i.ytimg.com/vi/t-Ce6Vwpk_o/hqdefault.jpg?sqp=-oaymwEcCNACELwBSFXyq4qpAw4IARUAAIhCGAFwAcABBg==&rs=AOn4CLAqBE5DBc6UED6OtWaZ_ejjqrsyCg,El Dios de los Autos,external-reference,embed_link_and_summarize_only
K-YeBl3t5Uw,https://www.youtube.com/watch?v=K-YeBl3t5Uw,TODOS ESTÁN COMPRANDO ESTE BMW BARATO (Y LES ADVERTÍ),827.0,,videos,https://i.ytimg.com/vi/K-YeBl3t5Uw/hqdefault.jpg?sqp=-oaymwEcCNACELwBSFXyq4qpAw4IARUAAIhCGAFwAcABBg==&rs=AOn4CLBb0lUHTimRsRCm9i-2g7mF06bbZg,El Dios de los Autos,external-reference,embed_link_and_summarize_only
7D2ODHi0wPA,https://www.youtube.com/watch?v=7D2ODHi0wPA,¡CUIDADO! NUEVA ESTAFA de Marcas de Autos y Aseguradoras (Caer es muy fácil),752.0,,videos,https://i.ytimg.com/vi/7D2ODHi0wPA/hqdefault.jpg?sqp=-oaymwEcCNACELwBSFXyq4qpAw4IARUAAIhCGAFwAcABBg==&rs=AOn4CLBdvT1VM0cbxjollwcq-6PUYKJzqg,El Dios de los Autos,external-reference,embed_link_and_summarize_only
5pXCar53kmw,https://www.youtube.com/watch?v=5pXCar53kmw,TOYOTA ACABA DE REGRESAR UNA LEYENDA,633.0,,videos,https://i.ytimg.com/vi/5pXCar53kmw/hqdefault.jpg?sqp=-oaymwEcCNACELwBSFXyq4qpAw4IARUAAIhCGAFwAcABBg==&rs=AOn4CLBFgbkYtnogjZtiFVriblSSNlvm2Q,El Dios de los Autos,external-reference,embed_link_and_summarize_only
pFauXSKF8ZA,https://www.youtube.com/watch?v=pFauXSKF8ZA,¿REALMENTE ESTAS LISTO PARA COMPRAR UN AUTO NUEVO?,706.0,,videos,https://i.ytimg.com/vi/pFauXSKF8ZA/hqdefault.jpg?sqp=-oaymwEcCNACELwBSFXyq4qpAw4IARUAAIhCGAFwAcABBg==&rs=AOn4CLD3ebOqc-sU8VgIiQlifGozzjKDxw,El Dios de los Autos,external-reference,embed_link_and_summarize_only
f1cTpBgIRV8,https://www.youtube.com/watch?v=f1cTpBgIRV8,POR ESTO AUTOS EUROPEOS SON TAN MALOS (PERO EN EUROPA SON MUY BUENOS),830.0,,videos,https://i.ytimg.com/vi/f1cTpBgIRV8/hqdefault.jpg?sqp=-oaymwEcCNACELwBSFXyq4qpAw4IARUAAIhCGAFwAcABBg==&rs=AOn4CLC2vQ9-mFvSUiOI7nq3ojow0pwBhQ,El Dios de los Autos,external-reference,embed_link_and_summarize_only
1EaE0nnu3gA,https://www.youtube.com/watch?v=1EaE0nnu3gA,¿PORQUE AHORA TODO TIENE TURBO?,687.0,,videos,https://i.ytimg.com/vi/1EaE0nnu3gA/hqdefault.jpg?sqp=-oaymwEcCNACELwBSFXyq4qpAw4IARUAAIhCGAFwAcABBg==&rs=AOn4CLBfK3-O8BjgwpV-NLlNzZ9lZXG5rw,El Dios de los Autos,external-reference,embed_link_and_summarize_only
riJt84jk56E,https://www.youtube.com/watch?v=riJt84jk56E,Los MEJORES Autos que NADIE QUIERE - COMPRA AHORA MISMO!,1079.0,,videos,https://i.ytimg.com/vi/riJt84jk56E/hqdefault.jpg?sqp=-oaymwEcCNACELwBSFXyq4qpAw4IARUAAIhCGAFwAcABBg==&rs=AOn4CLAwdRHahUcKRCWAK8Ni9XIdvxXrAw,El Dios de los Autos,external-reference,embed_link_and_summarize_only
zI61JsvH768,https://www.youtube.com/watch?v=zI61JsvH768,IDIOTAS ESTÁN COMPRANDO AUTOS VIAJEROS COMO LOCOS (No me sorprende),893.0,,videos,https://i.ytimg.com/vi/zI61JsvH768/hqdefault.jpg?sqp=-oaymwEcCNACELwBSFXyq4qpAw4IARUAAIhCGAFwAcABBg==&rs=AOn4CLBjj8TNhOGHpV-nCK65ZljbQV-cmg,El Dios de los Autos,external-reference,embed_link_and_summarize_only
6GpKw46plWo,https://www.youtube.com/watch?v=6GpKw46plWo,NO COMPRES TOYOTA COROLLA CROSS ni HONDA HR-V Antes De Ver Esto,1266.0,,videos,https://i.ytimg.com/vi/6GpKw46plWo/hqdefault.jpg?sqp=-oaymwEcCNACELwBSFXyq4qpAw4IARUAAIhCGAFwAcABBg==&rs=AOn4CLB9fEI4mW3IMtqrJz1Q9XRXlYZKlA,El Dios de los Autos,external-reference,embed_link_and_summarize_only
IVNVRKQ6D68,https://www.youtube.com/watch?v=IVNVRKQ6D68,"¡MG ACABA DE COMPRAR JEEP, ALFA ROMEO Y MASERATI!",736.0,,videos,https://i.ytimg.com/vi/IVNVRKQ6D68/hqdefault.jpg?sqp=-oaymwEcCNACELwBSFXyq4qpAw4IARUAAIhCGAFwAcABBg==&rs=AOn4CLAhFOp0S76qgUXuLlhLy4Bny7ZsSQ,El Dios de los Autos,external-reference,embed_link_and_summarize_only
QCJzr11n8xg,https://www.youtube.com/watch?v=QCJzr11n8xg,¿CONFIRMAN QUE NISSAN VA A QUEBRAR EN 2026? - ENORME NOTICIA,726.0,,videos,https://i.ytimg.com/vi/QCJzr11n8xg/hqdefault.jpg?sqp=-oaymwEcCNACELwBSFXyq4qpAw4IARUAAIhCGAFwAcABBg==&rs=AOn4CLAWu3jT8kmeLQ-NENNIy7hGXXT7EA,El Dios de los Autos,external-reference,embed_link_and_summarize_only
fLTWwU3gb1U,https://www.youtube.com/watch?v=fLTWwU3gb1U,Hilux es una Pick Up que YO NO COMPRARIA,786.0,,videos,https://i.ytimg.com/vi/fLTWwU3gb1U/hqdefault.jpg?sqp=-oaymwEcCNACELwBSFXyq4qpAw4IARUAAIhCGAFwAcABBg==&rs=AOn4CLB8_ZgcIk-N8c5QnnQI6G9pTxpVgw,El Dios de los Autos,external-reference,embed_link_and_summarize_only
xzb4lyukVms,https://www.youtube.com/watch?v=xzb4lyukVms,¿MAZDA ES MEJOR AUTO PREMIUM QUE BMW?,1058.0,,videos,https://i.ytimg.com/vi/xzb4lyukVms/hqdefault.jpg?sqp=-oaymwEcCNACELwBSFXyq4qpAw4IARUAAIhCGAFwAcABBg==&rs=AOn4CLClpovUiAE39xvaXDSBZCHEgLvv0w,El Dios de los Autos,external-reference,embed_link_and_summarize_only
grYixZQdLoQ,https://www.youtube.com/watch?v=grYixZQdLoQ,¡TOYOTA ACABA DE AMENAZAR A TESLA! (Esto es espectacular),1153.0,,videos,https://i.ytimg.com/vi/grYixZQdLoQ/hqdefault.jpg?sqp=-oaymwEcCNACELwBSFXyq4qpAw4IARUAAIhCGAFwAcABBg==&rs=AOn4CLA6PvvFeVMs8I3A3Z8wbVNGXdCWcQ,El Dios de los Autos,external-reference,embed_link_and_summarize_only
JrmsON37nJM,https://www.youtube.com/watch?v=JrmsON37nJM,¿TOYOTA acaba de crear LA MUERTE de ELECTRICOS?,610.0,,videos,https://i.ytimg.com/vi/JrmsON37nJM/hqdefault.jpg?sqp=-oaymwEcCNACELwBSFXyq4qpAw4IARUAAIhCGAFwAcABBg==&rs=AOn4CLD09w7_zYAn56xJ38B1UEqF16jnVQ,El Dios de los Autos,external-reference,embed_link_and_summarize_only
60moUh3exeY,https://www.youtube.com/watch?v=60moUh3exeY,¿NO TE ALCANZA PARA UN SUV? COMPRA ESTO,799.0,,videos,https://i.ytimg.com/vi/60moUh3exeY/hqdefault.jpg?sqp=-oaymwEcCNACELwBSFXyq4qpAw4IARUAAIhCGAFwAcABBg==&rs=AOn4CLD7yDSFjSWfEP_S5fGuksZ62dHVBg,El Dios de los Autos,external-reference,embed_link_and_summarize_only
YYPWJ1WVpDs,https://www.youtube.com/watch?v=YYPWJ1WVpDs,¡CHEVROLET SPARK ESTÁ DE REGRESO! ¿SIGUE SIENDO BASURA?,543.0,,videos,https://i.ytimg.com/vi/YYPWJ1WVpDs/hqdefault.jpg?sqp=-oaymwEcCNACELwBSFXyq4qpAw4IARUAAIhCGAFwAcABBg==&rs=AOn4CLBc8kWjaQcFurt1NVTQOCHMzOUneQ,El Dios de los Autos,external-reference,embed_link_and_summarize_only
ceS7gwhhNBU,https://www.youtube.com/watch?v=ceS7gwhhNBU,TOYOTA Acaba de DESTRUIRLO TODO en la Industria Automotriz,638.0,,videos,https://i.ytimg.com/vi/ceS7gwhhNBU/hqdefault.jpg?sqp=-oaymwEcCNACELwBSFXyq4qpAw4IARUAAIhCGAFwAcABBg==&rs=AOn4CLDV2dzLeTjWXrgb1mamJ5QhjYvM7w,El Dios de los Autos,external-reference,embed_link_and_summarize_only
eYm5otgR208,https://www.youtube.com/watch?v=eYm5otgR208,POR ESTE MOTIVO NUNCA COMPRARÍA UN NISSAN,786.0,,videos,https://i.ytimg.com/vi/eYm5otgR208/hqdefault.jpg?sqp=-oaymwEcCNACELwBSFXyq4qpAw4IARUAAIhCGAFwAcABBg==&rs=AOn4CLB7Dqb_6mnRn-MBEy0B6AbBls6wfQ,El Dios de los Autos,external-reference,embed_link_and_summarize_only
f-Jaoo3AriU,https://www.youtube.com/watch?v=f-Jaoo3AriU,POR DIOS NO COMPREN BASURA Y MEJOR COMPREN ESTE AUTO,817.0,,videos,https://i.ytimg.com/vi/f-Jaoo3AriU/hqdefault.jpg?sqp=-oaymwEcCNACELwBSFXyq4qpAw4IARUAAIhCGAFwAcABBg==&rs=AOn4CLBPDDNJaQBqFnTCR_svShOSn1UZiQ,El Dios de los Autos,external-reference,embed_link_and_summarize_only
Vtycw62FaTk,https://www.youtube.com/watch?v=Vtycw62FaTk,¿QUE IDIOTA COMPRA UN NISSAN MAGNITE?,682.0,,videos,https://i.ytimg.com/vi/Vtycw62FaTk/hqdefault.jpg?sqp=-oaymwEcCNACELwBSFXyq4qpAw4IARUAAIhCGAFwAcABBg==&rs=AOn4CLBQc6y1RgB16H1nykIAYmHDxvrKAg,El Dios de los Autos,external-reference,embed_link_and_summarize_only
kjb5QRw-Ens,https://www.youtube.com/watch?v=kjb5QRw-Ens,NI JUDAS SE ATREVIÓ A TANTO,859.0,,videos,https://i.ytimg.com/vi/kjb5QRw-Ens/hqdefault.jpg?sqp=-oaymwEcCNACELwBSFXyq4qpAw4IARUAAIhCGAFwAcABBg==&rs=AOn4CLDimSEOE9se5C0YLMWjdOb25bfrgA,El Dios de los Autos,external-reference,embed_link_and_summarize_only
muE4dWBZQJ4,https://www.youtube.com/watch?v=muE4dWBZQJ4,NADIE SABE QUE ESTE ES UN BUEN AUTO Y PUEDES COMPRARLO MUY BARATO,566.0,,videos,https://i.ytimg.com/vi/muE4dWBZQJ4/hqdefault.jpg?sqp=-oaymwEcCNACELwBSFXyq4qpAw4IARUAAIhCGAFwAcABBg==&rs=AOn4CLBymc-kkHI16sLh5MbIEHvkNYnK8Q,El Dios de los Autos,external-reference,embed_link_and_summarize_only
DKrwEKyuRPw,https://www.youtube.com/watch?v=DKrwEKyuRPw,No compre estos vehículos (problemas graves de transmisión automática),1017.0,,videos,https://i.ytimg.com/vi/DKrwEKyuRPw/hqdefault.jpg?sqp=-oaymwEcCNACELwBSFXyq4qpAw4IARUAAIhCGAFwAcABBg==&rs=AOn4CLAvFvcL4QxbQXl-U6n2Xesvk_VV2g,El Dios de los Autos,external-reference,embed_link_and_summarize_only
RP9UjkK6urQ,https://www.youtube.com/watch?v=RP9UjkK6urQ,MI NUEVA PICK UP PONE A TOYOTA DE RODILLAS,629.0,,videos,https://i.ytimg.com/vi/RP9UjkK6urQ/hqdefault.jpg?sqp=-oaymwEcCNACELwBSFXyq4qpAw4IARUAAIhCGAFwAcABBg==&rs=AOn4CLCNTQFU4bZm7dFTVC2naJ4taFzArg,El Dios de los Autos,external-reference,embed_link_and_summarize_only
dzCzbH5AEAA,https://www.youtube.com/watch?v=dzCzbH5AEAA,¿Importar autos de USA? ¿Vale la pena? (guía completa),900.0,,videos,https://i.ytimg.com/vi/dzCzbH5AEAA/hqdefault.jpg?sqp=-oaymwEcCNACELwBSFXyq4qpAw4IARUAAIhCGAFwAcABBg==&rs=AOn4CLCOvipbh8DBZJhZv80jGpAml3zngg,El Dios de los Autos,external-reference,embed_link_and_summarize_only
yLzFMACXGuo,https://www.youtube.com/watch?v=yLzFMACXGuo,DIME QUE MARCA DE AUTO TIENES Y TE DIRE QUIEN ERES,635.0,,videos,https://i.ytimg.com/vi/yLzFMACXGuo/hqdefault.jpg?sqp=-oaymwEcCNACELwBSFXyq4qpAw4IARUAAIhCGAFwAcABBg==&rs=AOn4CLBGJYPIUtv7m_iYmIx4BmhUSGyBbA,El Dios de los Autos,external-reference,embed_link_and_summarize_only
cEtXInBk-_8,https://www.youtube.com/watch?v=cEtXInBk-_8,NUEVO Motor Chevrolet LO CAMBIA TODO (Adiós Eléctricos),668.0,,videos,https://i.ytimg.com/vi/cEtXInBk-_8/hqdefault.jpg?sqp=-oaymwEcCNACELwBSFXyq4qpAw4IARUAAIhCGAFwAcABBg==&rs=AOn4CLDX6qZstwn3dju7h86RqzzrMiD79A,El Dios de los Autos,external-reference,embed_link_and_summarize_only
76cMfCHrTtI,https://www.youtube.com/watch?v=76cMfCHrTtI,LAS MEJORES SUV CHINAS DEL 2025 ( y tú no te das cuentas),1196.0,,videos,https://i.ytimg.com/vi/76cMfCHrTtI/hqdefault.jpg?sqp=-oaymwEcCNACELwBSFXyq4qpAw4IARUAAIhCGAFwAcABBg==&rs=AOn4CLBhu_OTsXyyDYXmLA17cSqVaX_5qA,El Dios de los Autos,external-reference,embed_link_and_summarize_only
jyU23eJSE3Q,https://www.youtube.com/watch?v=jyU23eJSE3Q,¡CUIDADO! Nueva ESTAFA en VENTA de Autos Arranca en LATINOAMÉRICA,755.0,,videos,https://i.ytimg.com/vi/jyU23eJSE3Q/hqdefault.jpg?sqp=-oaymwEcCNACELwBSFXyq4qpAw4IARUAAIhCGAFwAcABBg==&rs=AOn4CLDhqo4tM9zioJaWu7Al1XpYujLV-A,El Dios de los Autos,external-reference,embed_link_and_summarize_only
UJiFgM1YtFg,https://www.youtube.com/watch?v=UJiFgM1YtFg,POR ESTE MOTIVO NUNCA COMPRARÍA UN MAZDA,890.0,,videos,https://i.ytimg.com/vi/UJiFgM1YtFg/hqdefault.jpg?sqp=-oaymwEcCNACELwBSFXyq4qpAw4IARUAAIhCGAFwAcABBg==&rs=AOn4CLBnNBtnMrh1niO2ZZRQ68P0O07u9Q,El Dios de los Autos,external-reference,embed_link_and_summarize_only
Z8AsBE5RgVU,https://www.youtube.com/watch?v=Z8AsBE5RgVU,¡COMPRÉ el PEOR COCHE de mi vida HASTA HOY!,773.0,,videos,https://i.ytimg.com/vi/Z8AsBE5RgVU/hqdefault.jpg?sqp=-oaymwEcCNACELwBSFXyq4qpAw4IARUAAIhCGAFwAcABBg==&rs=AOn4CLBsg-laaT5qSMBL56BOkuvqLbkrRg,El Dios de los Autos,external-reference,embed_link_and_summarize_only
OgTms2ZiaC4,https://www.youtube.com/watch?v=OgTms2ZiaC4,Los AUTOS CHINOS Van a GOBERNAR el Mundo (y es TODO TU CULPA),1203.0,,videos,https://i.ytimg.com/vi/OgTms2ZiaC4/hqdefault.jpg?sqp=-oaymwEcCNACELwBSFXyq4qpAw4IARUAAIhCGAFwAcABBg==&rs=AOn4CLAh3jqFmuno0s3-fUYFLEtdOp3pjA,El Dios de los Autos,external-reference,embed_link_and_summarize_only
RzmQBjXZPN0,https://www.youtube.com/watch?v=RzmQBjXZPN0,LAS MEJORES SUV DEL 2025,730.0,,videos,https://i.ytimg.com/vi/RzmQBjXZPN0/hqdefault.jpg?sqp=-oaymwEcCNACELwBSFXyq4qpAw4IARUAAIhCGAFwAcABBg==&rs=AOn4CLAJZvOgopgVmun07V5yEafPf3POOA,El Dios de los Autos,external-reference,embed_link_and_summarize_only
kY6w5XZmgrE,https://www.youtube.com/watch?v=kY6w5XZmgrE,¡VENDE TU PICK UP ANTES QUE SEA DEMASIADO TARDE!,644.0,,videos,https://i.ytimg.com/vi/kY6w5XZmgrE/hqdefault.jpg?sqp=-oaymwEcCNACELwBSFXyq4qpAw4IARUAAIhCGAFwAcABBg==&rs=AOn4CLBvI5bpqDJiGqyWma7bXDgjD_BPSg,El Dios de los Autos,external-reference,embed_link_and_summarize_only
9KRBhZTNJ_k,https://www.youtube.com/watch?v=9KRBhZTNJ_k,"NADIE te dice La VERDAD sobre KIA, así que yo lo haré",652.0,,videos,https://i.ytimg.com/vi/9KRBhZTNJ_k/hqdefault.jpg?sqp=-oaymwEcCNACELwBSFXyq4qpAw4IARUAAIhCGAFwAcABBg==&rs=AOn4CLA1QIH_vg1vGN2wr1oNgA92w5QCrw,El Dios de los Autos,external-reference,embed_link_and_summarize_only
1F6KRlfGB8c,https://www.youtube.com/watch?v=1F6KRlfGB8c,EL AUTO PERFECTO EXISTE Y NADIE LO COMPRA,588.0,,videos,https://i.ytimg.com/vi/1F6KRlfGB8c/hqdefault.jpg?sqp=-oaymwEcCNACELwBSFXyq4qpAw4IARUAAIhCGAFwAcABBg==&rs=AOn4CLCOANNNBjjbAZfw0wMvE3p6D62j5g,El Dios de los Autos,external-reference,embed_link_and_summarize_only
4Mlt4wamD7E,https://www.youtube.com/watch?v=4Mlt4wamD7E,POR FAVOR NO COMPRES SUBARU (a menos que TENGA este MOTOR),902.0,,videos,https://i.ytimg.com/vi/4Mlt4wamD7E/hqdefault.jpg?sqp=-oaymwEcCNACELwBSFXyq4qpAw4IARUAAIhCGAFwAcABBg==&rs=AOn4CLAxJd3mDb1SbVrNMPtvJ8oEmV0rXg,El Dios de los Autos,external-reference,embed_link_and_summarize_only
ZbeK0-0BDrk,https://www.youtube.com/watch?v=ZbeK0-0BDrk,MEJORES AUTOS ECONÓMICOS CALIDAD PRECIO 2025,861.0,,videos,https://i.ytimg.com/vi/ZbeK0-0BDrk/hqdefault.jpg?sqp=-oaymwEcCNACELwBSFXyq4qpAw4IARUAAIhCGAFwAcABBg==&rs=AOn4CLDWINxRJCRa-KzlO3xFq1OB7VKoRA,El Dios de los Autos,external-reference,embed_link_and_summarize_only
GGxwixh2WRw,https://www.youtube.com/watch?v=GGxwixh2WRw,POR EL AMOR DE DIOS NO COMPREN ESTE AUTO,869.0,,videos,https://i.ytimg.com/vi/GGxwixh2WRw/hqdefault.jpg?sqp=-oaymwEcCNACELwBSFXyq4qpAw4IARUAAIhCGAFwAcABBg==&rs=AOn4CLCjWcOS0Ph2vj2DgYDMtiyQR0nrUg,El Dios de los Autos,external-reference,embed_link_and_summarize_only
-bDJaHekBR0,https://www.youtube.com/watch?v=-bDJaHekBR0,ME ESTAFARON CON UN AUTO (QUE NO TE PASE A TI),723.0,,videos,https://i.ytimg.com/vi/-bDJaHekBR0/hqdefault.jpg?sqp=-oaymwEcCNACELwBSFXyq4qpAw4IARUAAIhCGAFwAcABBg==&rs=AOn4CLAnQ7d4Dj25irM3j639UzBW-S6aUw,El Dios de los Autos,external-reference,embed_link_and_summarize_only
tMfYRCkE-ks,https://www.youtube.com/watch?v=tMfYRCkE-ks,"DEJA DE COMPRAR TOYOTA en 2025, ESTO DURA EL DOBLE Y CUESTA LA MITAD",1080.0,,videos,https://i.ytimg.com/vi/tMfYRCkE-ks/hqdefault.jpg?sqp=-oaymwEcCNACELwBSFXyq4qpAw4IARUAAIhCGAFwAcABBg==&rs=AOn4CLDkFt19IUYXbZqEkyAIEHsF4ZTI0w,El Dios de los Autos,external-reference,embed_link_and_summarize_only
efwOX3G8GIU,https://www.youtube.com/watch?v=efwOX3G8GIU,ESTOY HARTO DE ESTA PORQUERÍA,681.0,,videos,https://i.ytimg.com/vi/efwOX3G8GIU/hqdefault.jpg?sqp=-oaymwEcCNACELwBSFXyq4qpAw4IARUAAIhCGAFwAcABBg==&rs=AOn4CLA2IkoJWqsw3I7GITYxGeFyh8Ar9Q,El Dios de los Autos,external-reference,embed_link_and_summarize_only
paAQvYxjyn0,https://www.youtube.com/watch?v=paAQvYxjyn0,BYD ES LA MEJOR MARCA DEL MUNDO,1307.0,,videos,https://i.ytimg.com/vi/paAQvYxjyn0/hqdefault.jpg?sqp=-oaymwEcCNACELwBSFXyq4qpAw4IARUAAIhCGAFwAcABBg==&rs=AOn4CLBp1JWzWerjNq-6qB0vJGsRnm8hKg,El Dios de los Autos,external-reference,embed_link_and_summarize_only
Qp5cGlD0_W8,https://www.youtube.com/watch?v=Qp5cGlD0_W8,Por ESTO Solo COMPRO estás 4 Marcas de AUTO,960.0,,videos,https://i.ytimg.com/vi/Qp5cGlD0_W8/hqdefault.jpg?sqp=-oaymwEcCNACELwBSFXyq4qpAw4IARUAAIhCGAFwAcABBg==&rs=AOn4CLDBh8iQglGhpVQpC0A9gZqjONKH8g,El Dios de los Autos,external-reference,embed_link_and_summarize_only
6LZ6HH1k_F8,https://www.youtube.com/watch?v=6LZ6HH1k_F8,NO COMPRES ESTOS COCHES EN 2025 O TE ARREPENTIRÁS,1320.0,,videos,https://i.ytimg.com/vi/6LZ6HH1k_F8/hqdefault.jpg?sqp=-oaymwEcCNACELwBSFXyq4qpAw4IARUAAIhCGAFwAcABBg==&rs=AOn4CLCxMNQhqlOCLys4OQoLMrG_6cs5iw,El Dios de los Autos,external-reference,embed_link_and_summarize_only
4IweBLs3dj4,https://www.youtube.com/watch?v=4IweBLs3dj4,NUNCA LE COMPRES UN AUTO A ESTAS PERSONAS,1000.0,,videos,https://i.ytimg.com/vi/4IweBLs3dj4/hqdefault.jpg?sqp=-oaymwEcCNACELwBSFXyq4qpAw4IARUAAIhCGAFwAcABBg==&rs=AOn4CLDjcexfmiO4Ppn6xUmOkjdqxzNqcA,El Dios de los Autos,external-reference,embed_link_and_summarize_only
Idyc9OjDn_g,https://www.youtube.com/watch?v=Idyc9OjDn_g,Experto en Autos CLASIFICA SIN PIEDAD Marcas EUROPEAS,1811.0,,videos,https://i.ytimg.com/vi/Idyc9OjDn_g/hqdefault.jpg?sqp=-oaymwEcCNACELwBSFXyq4qpAw4IARUAAIhCGAFwAcABBg==&rs=AOn4CLDGPXm3EyC3_NzwPguS2CD5_cXKnA,El Dios de los Autos,external-reference,embed_link_and_summarize_only
B_WCdgu-AAY,https://www.youtube.com/watch?v=B_WCdgu-AAY,"OLVIDEN LOS COCHES CHINOS, COMPREN ESTO YA!",622.0,,videos,https://i.ytimg.com/vi/B_WCdgu-AAY/hqdefault.jpg?sqp=-oaymwEcCNACELwBSFXyq4qpAw4IARUAAIhCGAFwAcABBg==&rs=AOn4CLAateSa_3wB1TtKu0hqKxkwre8T1g,El Dios de los Autos,external-reference,embed_link_and_summarize_only
ROn5_AEJyXM,https://www.youtube.com/watch?v=ROn5_AEJyXM,NUNCA Compres este AUTO (Todos Quieren Uno Y SE ARREPIENTEN),891.0,,videos,https://i.ytimg.com/vi/ROn5_AEJyXM/hqdefault.jpg?sqp=-oaymwEcCNACELwBSFXyq4qpAw4IARUAAIhCGAFwAcABBg==&rs=AOn4CLDTJe731vYHtJ2YeU3d2lzdbohZiA,El Dios de los Autos,external-reference,embed_link_and_summarize_only
uPHwJQ9ZQz8,https://www.youtube.com/watch?v=uPHwJQ9ZQz8,CHINA SE ESTÁ DESCONTROLANDO Y ALGUIEN LO TIENE QUE DECIR,774.0,,videos,https://i.ytimg.com/vi/uPHwJQ9ZQz8/hqdefault.jpg?sqp=-oaymwEcCNACELwBSFXyq4qpAw4IARUAAIhCGAFwAcABBg==&rs=AOn4CLBC24bzHdPHkk77Zfvl16ESqbBsrg,El Dios de los Autos,external-reference,embed_link_and_summarize_only
C0G0H_c_o48,https://www.youtube.com/watch?v=C0G0H_c_o48,¡Ford está FURIOSO! Responde TOYOTA y Suzuki!!,765.0,,videos,https://i.ytimg.com/vi/C0G0H_c_o48/hqdefault.jpg?sqp=-oaymwEcCNACELwBSFXyq4qpAw4IARUAAIhCGAFwAcABBg==&rs=AOn4CLB7pune4WXZd-GZHgPbxsTsNqdMNQ,El Dios de los Autos,external-reference,embed_link_and_summarize_only
kKgGMj0zuQU,https://www.youtube.com/watch?v=kKgGMj0zuQU,"¡AHORA SI! MINI PICK UP DE 20,000 DÓLARES ROMPE EL MERCADO",363.0,,videos,https://i.ytimg.com/vi/kKgGMj0zuQU/hqdefault.jpg?sqp=-oaymwEcCNACELwBSFXyq4qpAw4IARUAAIhCGAFwAcABBg==&rs=AOn4CLC8-J2XpbRxjP-Fb5jOrqShp11ceg,El Dios de los Autos,external-reference,embed_link_and_summarize_only
QgFgayZH6N0,https://www.youtube.com/watch?v=QgFgayZH6N0,7 COSAS QUE NO SABES DEL NISSAN VERSA,643.0,,videos,https://i.ytimg.com/vi/QgFgayZH6N0/hqdefault.jpg?sqp=-oaymwEcCNACELwBSFXyq4qpAw4IARUAAIhCGAFwAcABBg==&rs=AOn4CLAlwsxmr8YjDcyTwHv717un8GOpDA,El Dios de los Autos,external-reference,embed_link_and_summarize_only
iMl5bvwL7E0,https://www.youtube.com/watch?v=iMl5bvwL7E0,USAR ESTAS MARCAS ACEITE DESTRUIRÁ TU MOTOR - Terrible noticia,1010.0,,videos,https://i.ytimg.com/vi/iMl5bvwL7E0/hqdefault.jpg?sqp=-oaymwEcCNACELwBSFXyq4qpAw4IARUAAIhCGAFwAcABBg==&rs=AOn4CLBlvqWwbaX_Isz3-h-3nKa0erP4PA,El Dios de los Autos,external-reference,embed_link_and_summarize_only
kGaw2T1NnhI,https://www.youtube.com/watch?v=kGaw2T1NnhI,NUEVO Auto de LUJO BARATO me ha enamorado,695.0,,videos,https://i.ytimg.com/vi/kGaw2T1NnhI/hqdefault.jpg?sqp=-oaymwEcCNACELwBSFXyq4qpAw4IARUAAIhCGAFwAcABBg==&rs=AOn4CLBq74qvmsNj10SkkFYB3SHt1EjwBA,El Dios de los Autos,external-reference,embed_link_and_summarize_only
0IW8LqlEc1c,https://www.youtube.com/watch?v=0IW8LqlEc1c,¿QUE IDIOTA COMPRA UN JETOUR TRAVELLER?,946.0,,videos,https://i.ytimg.com/vi/0IW8LqlEc1c/hqdefault.jpg?sqp=-oaymwEcCNACELwBSFXyq4qpAw4IARUAAIhCGAFwAcABBg==&rs=AOn4CLCZD7uJWdfBPXqlQGfzhb9Znl2yog,El Dios de los Autos,external-reference,embed_link_and_summarize_only
GMJtBCpY1uY,https://www.youtube.com/watch?v=GMJtBCpY1uY,IDIOTAS están comprando este auto y se arrepienten al instante,733.0,,videos,https://i.ytimg.com/vi/GMJtBCpY1uY/hqdefault.jpg?sqp=-oaymwEcCNACELwBSFXyq4qpAw4IARUAAIhCGAFwAcABBg==&rs=AOn4CLDiLjjUR6yT5pvGf79LipFMcEKpkw,El Dios de los Autos,external-reference,embed_link_and_summarize_only
e7vzYacKJuU,https://www.youtube.com/watch?v=e7vzYacKJuU,AUTOS MODERNOS SON UNA PORQUERÍA (Pero te explico por qué),700.0,,videos,https://i.ytimg.com/vi/e7vzYacKJuU/hqdefault.jpg?sqp=-oaymwEcCNACELwBSFXyq4qpAw4IARUAAIhCGAFwAcABBg==&rs=AOn4CLB_fsEmFAXA7Gn-GNTA9DQtnoHPvg,El Dios de los Autos,external-reference,embed_link_and_summarize_only
v8hdjFnC4Lo,https://www.youtube.com/watch?v=v8hdjFnC4Lo,¿Porque Estas CAJAS AUTOMÁTICAS son TAN MALAS? /¿CVT o AUTOMÁTICO?,873.0,,videos,https://i.ytimg.com/vi/v8hdjFnC4Lo/hqdefault.jpg?sqp=-oaymwEcCNACELwBSFXyq4qpAw4IARUAAIhCGAFwAcABBg==&rs=AOn4CLCnXXda1ouoW4Hn7YUNH0I4pQA6AQ,El Dios de los Autos,external-reference,embed_link_and_summarize_only
F6ALe-gZAjg,https://www.youtube.com/watch?v=F6ALe-gZAjg,COCHES MODERNO son BASURA por Cosas como Esta,942.0,,videos,https://i.ytimg.com/vi/F6ALe-gZAjg/hqdefault.jpg?sqp=-oaymwEcCNACELwBSFXyq4qpAw4IARUAAIhCGAFwAcABBg==&rs=AOn4CLDrztE6-hJi7wtucDe6SEBkMKKj_Q,El Dios de los Autos,external-reference,embed_link_and_summarize_only
EejqeUbsh_A,https://www.youtube.com/watch?v=EejqeUbsh_A,CHINA ESTA ACABADA Y ARRASTRA TODA LA INDUSTRIA AUTOMOTRIZ (CUIDADO),692.0,,videos,https://i.ytimg.com/vi/EejqeUbsh_A/hqdefault.jpg?sqp=-oaymwEcCNACELwBSFXyq4qpAw4IARUAAIhCGAFwAcABBg==&rs=AOn4CLAfTxDQiXj0FRdnAj6VP_YA5TzsEw,El Dios de los Autos,external-reference,embed_link_and_summarize_only
nZcVoNTiGPA,https://www.youtube.com/watch?v=nZcVoNTiGPA,"PRECIOS de AUTOMÓVILES Bajan 40%, Compra estos YA",888.0,,videos,https://i.ytimg.com/vi/nZcVoNTiGPA/hqdefault.jpg?sqp=-oaymwEcCNACELwBSFXyq4qpAw4IARUAAIhCGAFwAcABBg==&rs=AOn4CLBylnyssR8VOmeQYqvQPsx2EW928w,El Dios de los Autos,external-reference,embed_link_and_summarize_only
m10uM3sY6Pg,https://www.youtube.com/watch?v=m10uM3sY6Pg,CONCESIONARIOS SUBARU SE VOLVIERON CODICIOSOS (Ahora lo pagarán caro),656.0,,videos,https://i.ytimg.com/vi/m10uM3sY6Pg/hqdefault.jpg?sqp=-oaymwEcCNACELwBSFXyq4qpAw4IARUAAIhCGAFwAcABBg==&rs=AOn4CLDGGshdI6vRRFZW2SI5qpLCtmnjTw,El Dios de los Autos,external-reference,embed_link_and_summarize_only
g80Q9GOsd2Y,https://www.youtube.com/watch?v=g80Q9GOsd2Y,DEJEN DE COMPRAR ESTE AUTO YA,783.0,,videos,https://i.ytimg.com/vi/g80Q9GOsd2Y/hqdefault.jpg?sqp=-oaymwEcCNACELwBSFXyq4qpAw4IARUAAIhCGAFwAcABBg==&rs=AOn4CLCVzBkk6VaJ7T8RkJufJ7tM2C0y3w,El Dios de los Autos,external-reference,embed_link_and_summarize_only
LVSi918dLyI,https://www.youtube.com/watch?v=LVSi918dLyI,7 COSAS QUE NO SABES DEL FORD MUSTANG,718.0,,videos,https://i.ytimg.com/vi/LVSi918dLyI/hqdefault.jpg?sqp=-oaymwEcCNACELwBSFXyq4qpAw4IARUAAIhCGAFwAcABBg==&rs=AOn4CLDgR8lL4I3Xzp_EsN94u6WzFYsX0w,El Dios de los Autos,external-reference,embed_link_and_summarize_only
Zkfj_gRElgk,https://www.youtube.com/watch?v=Zkfj_gRElgk,NUEVA PICK UP KIA TASMAN 2025 PONE A TOYOTA DE RODILLAS,547.0,,videos,https://i.ytimg.com/vi/Zkfj_gRElgk/hqdefault.jpg?sqp=-oaymwEcCNACELwBSFXyq4qpAw4IARUAAIhCGAFwAcABBg==&rs=AOn4CLAeXXL146KNAUcSgHkuViiw9Qqdgw,El Dios de los Autos,external-reference,embed_link_and_summarize_only
blU_HE7xp-0,https://www.youtube.com/watch?v=blU_HE7xp-0,YA FUE SUFICIENTE - ESTOY HARTO DE BMW,713.0,,videos,https://i.ytimg.com/vi/blU_HE7xp-0/hqdefault.jpg?sqp=-oaymwEcCNACELwBSFXyq4qpAw4IARUAAIhCGAFwAcABBg==&rs=AOn4CLD4-vRaldZjQPN7WJlhx2UKhTOBaw,El Dios de los Autos,external-reference,embed_link_and_summarize_only
RkWiDEP-ZYU,https://www.youtube.com/watch?v=RkWiDEP-ZYU,HYUNDAI HA CREADO EL AUTO PERFECTO Y PUNTO,795.0,,videos,https://i.ytimg.com/vi/RkWiDEP-ZYU/hqdefault.jpg?sqp=-oaymwEcCNACELwBSFXyq4qpAw4IARUAAIhCGAFwAcABBg==&rs=AOn4CLDcfs-IQMK43CdtzjYT-wL6DH9OHw,El Dios de los Autos,external-reference,embed_link_and_summarize_only
_v9enaHBHeY,https://www.youtube.com/watch?v=_v9enaHBHeY,¿QUE IDIOTA COMPRA UN AUTO CON TURBO?,832.0,,videos,https://i.ytimg.com/vi/_v9enaHBHeY/hqdefault.jpg?sqp=-oaymwEcCNACELwBSFXyq4qpAw4IARUAAIhCGAFwAcABBg==&rs=AOn4CLBK9Q59ME6YolB7bJrBW4KrFjcCFA,El Dios de los Autos,external-reference,embed_link_and_summarize_only
wgUT5_yIaes,https://www.youtube.com/watch?v=wgUT5_yIaes,ODIO CHEVROLET Y CREO QUE TU TAMBIEN,770.0,,videos,https://i.ytimg.com/vi/wgUT5_yIaes/hqdefault.jpg?sqp=-oaymwEcCNACELwBSFXyq4qpAw4IARUAAIhCGAFwAcABBg==&rs=AOn4CLBpe4cuoNAd3jmBZVRlG9e1X6TxYA,El Dios de los Autos,external-reference,embed_link_and_summarize_only
rqq_dLxuVuk,https://www.youtube.com/watch?v=rqq_dLxuVuk,¿Porque los AUTOS Modernos Son TAN HORRIBLES?,577.0,,videos,https://i.ytimg.com/vi/rqq_dLxuVuk/hqdefault.jpg?sqp=-oaymwEcCNACELwBSFXyq4qpAw4IARUAAIhCGAFwAcABBg==&rs=AOn4CLCfUw29t7UFah54xu165f5NtIvSBg,El Dios de los Autos,external-reference,embed_link_and_summarize_only
K4sLRU5MRGo,https://www.youtube.com/watch?v=K4sLRU5MRGo,¿COMPRARÁS una CAMIONETA? ESPERA! Primero ESCUCHA ESTO,899.0,,videos,https://i.ytimg.com/vi/K4sLRU5MRGo/hqdefault.jpg?sqp=-oaymwEcCNACELwBSFXyq4qpAw4IARUAAIhCGAFwAcABBg==&rs=AOn4CLDsKBBdbP9vba8tauPbyRoW4UmdtQ,El Dios de los Autos,external-reference,embed_link_and_summarize_only
qPEb7tC3W5s,https://www.youtube.com/watch?v=qPEb7tC3W5s,TESLA ACABA DE DEJAR DE HACER COCHES - ENORME NOTICIA,919.0,,videos,https://i.ytimg.com/vi/qPEb7tC3W5s/hqdefault.jpg?sqp=-oaymwEcCNACELwBSFXyq4qpAw4IARUAAIhCGAFwAcABBg==&rs=AOn4CLDj4hrK36aquET9pmhjwzAd-fLrBQ,El Dios de los Autos,external-reference,embed_link_and_summarize_only
nkyB2AJVt_8,https://www.youtube.com/watch?v=nkyB2AJVt_8,Les ADVERTI Sobre Este COCHE Pero NADIE ESCUCHÓ,742.0,,videos,https://i.ytimg.com/vi/nkyB2AJVt_8/hqdefault.jpg?sqp=-oaymwEcCNACELwBSFXyq4qpAw4IARUAAIhCGAFwAcABBg==&rs=AOn4CLDedKHLkSC5d13oN8KT4ZzqnAarcA,El Dios de los Autos,external-reference,embed_link_and_summarize_only
cHtp7XIrHLU,https://www.youtube.com/watch?v=cHtp7XIrHLU,ESTE ES EL FINAL DEL CAMINO PARA MI (GRACIAS),821.0,,videos,https://i.ytimg.com/vi/cHtp7XIrHLU/hqdefault.jpg?sqp=-oaymwEcCNACELwBSFXyq4qpAw4IARUAAIhCGAFwAcABBg==&rs=AOn4CLBCcXdFjtE1FHYyrQ67NaDEqKOk5Q,El Dios de los Autos,external-reference,embed_link_and_summarize_only
Bq1boKgEe2s,https://www.youtube.com/watch?v=Bq1boKgEe2s,QUE IDIOTA COMPRA UNA SUZUKI GRAND VITARA,642.0,,videos,https://i.ytimg.com/vi/Bq1boKgEe2s/hqdefault.jpg?sqp=-oaymwEcCNACELwBSFXyq4qpAw4IARUAAIhCGAFwAcABBg==&rs=AOn4CLCxB8MUHF3DyzHd_TOLPEDdb3_gYg,El Dios de los Autos,external-reference,embed_link_and_summarize_only
DlNO84J8tow,https://www.youtube.com/watch?v=DlNO84J8tow,HYUNDAI Y KIA CERRARAN EN AMERICA,791.0,,videos,https://i.ytimg.com/vi/DlNO84J8tow/hqdefault.jpg?sqp=-oaymwEcCNACELwBSFXyq4qpAw4IARUAAIhCGAFwAcABBg==&rs=AOn4CLAaPM0L1uBIA3y9h7Kl3uj1KpSIjw,El Dios de los Autos,external-reference,embed_link_and_summarize_only
uCxtN6IiWD8,https://www.youtube.com/watch?v=uCxtN6IiWD8,Experto en Autos CLASIFICA SIN PIEDAD Marcas JAPONESAS,1588.0,,videos,https://i.ytimg.com/vi/uCxtN6IiWD8/hqdefault.jpg?sqp=-oaymwEcCNACELwBSFXyq4qpAw4IARUAAIhCGAFwAcABBg==&rs=AOn4CLAz1J3LT09WtL5QG-Y5CTy1r06lPQ,El Dios de los Autos,external-reference,embed_link_and_summarize_only
4q8jV3Eq3eQ,https://www.youtube.com/watch?v=4q8jV3Eq3eQ,7 COSAS QUE NO SABES DEL TOYOTA RAV4,496.0,,videos,https://i.ytimg.com/vi/4q8jV3Eq3eQ/hqdefault.jpg?sqp=-oaymwEcCNACELwBSFXyq4qpAw4IARUAAIhCGAFwAcABBg==&rs=AOn4CLAyfAAzvPlqWlNwg1vQVYz2Jbofog,El Dios de los Autos,external-reference,embed_link_and_summarize_only
m4ahm7P8Wik,https://www.youtube.com/watch?v=m4ahm7P8Wik,¿QUE IDIOTA COMPRA UN HYUNDAI TUCSON?,779.0,,videos,https://i.ytimg.com/vi/m4ahm7P8Wik/hqdefault.jpg?sqp=-oaymwEcCNACELwBSFXyq4qpAw4IARUAAIhCGAFwAcABBg==&rs=AOn4CLAKv2NnzXiJjEuZd2poK1IBvPlhrw,El Dios de los Autos,external-reference,embed_link_and_summarize_only
wkvcmiyW5DA,https://www.youtube.com/watch?v=wkvcmiyW5DA,¡¿COMO HONDA ESTÁ COMPRANDO TOYOTA?!,689.0,,videos,https://i.ytimg.com/vi/wkvcmiyW5DA/hqdefault.jpg?sqp=-oaymwEcCNACELwBSFXyq4qpAw4IARUAAIhCGAFwAcABBg==&rs=AOn4CLDyULoSILYvB_Jw7F8lV628g2wdpA,El Dios de los Autos,external-reference,embed_link_and_summarize_only
ZL7GFpym_d8,https://www.youtube.com/watch?v=ZL7GFpym_d8,ESTO ES ESTUPIDO Y ALGUIEN LO TIENE QUE DECIR,666.0,,videos,https://i.ytimg.com/vi/ZL7GFpym_d8/hqdefault.jpg?sqp=-oaymwEcCNACELwBSFXyq4qpAw4IARUAAIhCGAFwAcABBg==&rs=AOn4CLBBwWeex-FzDW_9mHK9i1QPlYhzOg,El Dios de los Autos,external-reference,embed_link_and_summarize_only
OdjjI7WHQpg,https://www.youtube.com/watch?v=OdjjI7WHQpg,¿YA ES SEGURO COMPRAR UN AUTO CHINO O SIGUEN SIENDO BASURA?,963.0,,videos,https://i.ytimg.com/vi/OdjjI7WHQpg/hqdefault.jpg?sqp=-oaymwEcCNACELwBSFXyq4qpAw4IARUAAIhCGAFwAcABBg==&rs=AOn4CLC23ep3WLmHoNlfbM2NjiqTzzuSMA,El Dios de los Autos,external-reference,embed_link_and_summarize_only
0D3YXPZIrDc,https://www.youtube.com/watch?v=0D3YXPZIrDc,7 COSAS QUE NO SABES DEL MAZDA 3,821.0,,videos,https://i.ytimg.com/vi/0D3YXPZIrDc/hqdefault.jpg?sqp=-oaymwEcCNACELwBSFXyq4qpAw4IARUAAIhCGAFwAcABBg==&rs=AOn4CLA_ciic46C0MuEkMPu6nO0N_0T3bA,El Dios de los Autos,external-reference,embed_link_and_summarize_only
7WR_I8zhUqk,https://www.youtube.com/watch?v=7WR_I8zhUqk,CONFIRMADO: UN GIGANTE HA NACIDO - ENORME NOTICIA,761.0,,videos,https://i.ytimg.com/vi/7WR_I8zhUqk/hqdefault.jpg?sqp=-oaymwEcCNACELwBSFXyq4qpAw4IARUAAIhCGAFwAcABBg==&rs=AOn4CLDm3eCF6XG1wtRIlmF4g7YY8iJEig,El Dios de los Autos,external-reference,embed_link_and_summarize_only
qG98Th4nygU,https://www.youtube.com/watch?v=qG98Th4nygU,NISSAN Y MITSUBISHI SON COMPRADOS POR MARCA CHINA - ENORME NOTICIA,766.0,,videos,https://i.ytimg.com/vi/qG98Th4nygU/hqdefault.jpg?sqp=-oaymwEcCNACELwBSFXyq4qpAw4IARUAAIhCGAFwAcABBg==&rs=AOn4CLBqLOCeZ29KWYSlNuNw-TRS9HrpJA,El Dios de los Autos,external-reference,embed_link_and_summarize_only
hU1mhNSVQ4M,https://www.youtube.com/watch?v=hU1mhNSVQ4M,MARCA CHINA NO quiso prestarme este auto ASÍ QUE COMPRÉ UNO y Aquí MI OPINIÓN SINCERA,1217.0,,videos,https://i.ytimg.com/vi/hU1mhNSVQ4M/hqdefault.jpg?sqp=-oaymwEcCNACELwBSFXyq4qpAw4IARUAAIhCGAFwAcABBg==&rs=AOn4CLCZpHR30cuECJWF35uWIQZSrYa5Kw,El Dios de los Autos,external-reference,embed_link_and_summarize_only
oWtrV8YFs0s,https://www.youtube.com/watch?v=oWtrV8YFs0s,BUSCANDO AUTOS EN FACEBOOK,1255.0,,videos,https://i.ytimg.com/vi/oWtrV8YFs0s/hqdefault.jpg?sqp=-oaymwEcCNACELwBSFXyq4qpAw4IARUAAIhCGAFwAcABBg==&rs=AOn4CLA2qJSryFaCgaexlKAXX_ojo4gA_w,El Dios de los Autos,external-reference,embed_link_and_summarize_only
LPigGTHeyF4,https://www.youtube.com/watch?v=LPigGTHeyF4,DEJEN DE COMPRAR TOYOTA HILUX Y COMPREN ESTO YA,708.0,,videos,https://i.ytimg.com/vi/LPigGTHeyF4/hqdefault.jpg?sqp=-oaymwEcCNACELwBSFXyq4qpAw4IARUAAIhCGAFwAcABBg==&rs=AOn4CLCdJdvMwn_pyeYnJSItTsIieY0Uwg,El Dios de los Autos,external-reference,embed_link_and_summarize_only
No1_W5GppLE,https://www.youtube.com/watch?v=No1_W5GppLE,DIME CUANTO GANAS Y TE DIRÉ QUE AUTO COMPRAR,756.0,,videos,https://i.ytimg.com/vi/No1_W5GppLE/hqdefault.jpg?sqp=-oaymwEcCNACELwBSFXyq4qpAw4IARUAAIhCGAFwAcABBg==&rs=AOn4CLCItZWxE8tx81HWBO8rzu0fJtHarQ,El Dios de los Autos,external-reference,embed_link_and_summarize_only
rsNMOHazLCg,https://www.youtube.com/watch?v=rsNMOHazLCg,NUEVO TOYOTA de 18.000 dólares deja en SHOCK la Industria Automotriz,515.0,,videos,https://i.ytimg.com/vi/rsNMOHazLCg/hqdefault.jpg?sqp=-oaymwEcCNACELwBSFXyq4qpAw4IARUAAIhCGAFwAcABBg==&rs=AOn4CLCh4KDi2NdAQMGpc4QoG3O2pJXYVw,El Dios de los Autos,external-reference,embed_link_and_summarize_only
YSBpwoBLpao,https://www.youtube.com/watch?v=YSBpwoBLpao,¿QUE IDIOTA COMPRA UN SUBARU CROSSTREK?,790.0,,videos,https://i.ytimg.com/vi/YSBpwoBLpao/hqdefault.jpg?sqp=-oaymwEcCNACELwBSFXyq4qpAw4IARUAAIhCGAFwAcABBg==&rs=AOn4CLCJ57sh0ZxFEwxrbb74IdWpyrOb9A,El Dios de los Autos,external-reference,embed_link_and_summarize_only
kcr3MsWKuzg,https://www.youtube.com/watch?v=kcr3MsWKuzg,¡Adiós litio! ¡NUEVA batería QUANTICA lo cambia todo!,848.0,,videos,https://i.ytimg.com/vi/kcr3MsWKuzg/hqdefault.jpg?sqp=-oaymwEcCNACELwBSFXyq4qpAw4IARUAAIhCGAFwAcABBg==&rs=AOn4CLAZVaOgu_SwYa0HSsAKjOWIRNHZ4A,El Dios de los Autos,external-reference,embed_link_and_summarize_only
amIeNDWa5sM,https://www.youtube.com/watch?v=amIeNDWa5sM,TESLA NO QUIERE QUE VEAS ESTE VIDEO,616.0,,videos,https://i.ytimg.com/vi/amIeNDWa5sM/hqdefault.jpg?sqp=-oaymwEcCNACELwBSFXyq4qpAw4IARUAAIhCGAFwAcABBg==&rs=AOn4CLAYH0aIAqcJKLRk88EdXvc2YBBcTg,El Dios de los Autos,external-reference,embed_link_and_summarize_only
CdVDhh5NcdU,https://www.youtube.com/watch?v=CdVDhh5NcdU,CAMIONETAS BARATAS MÁS RÁPIDAS DEL 2025,709.0,,videos,https://i.ytimg.com/vi/CdVDhh5NcdU/hqdefault.jpg?sqp=-oaymwEcCNACELwBSFXyq4qpAw4IARUAAIhCGAFwAcABBg==&rs=AOn4CLBSXRWmxI6hO4KGL38so1f58sfPjw,El Dios de los Autos,external-reference,embed_link_and_summarize_only
v9jkt4lsPT8,https://www.youtube.com/watch?v=v9jkt4lsPT8,¿QUE IDIOTA COMPRA UN NISSAN KICKS 2025?,759.0,,videos,https://i.ytimg.com/vi/v9jkt4lsPT8/hqdefault.jpg?sqp=-oaymwEcCNACELwBSFXyq4qpAw4IARUAAIhCGAFwAcABBg==&rs=AOn4CLD1nlg91DgpU0XERV_kZEC04AODlw,El Dios de los Autos,external-reference,embed_link_and_summarize_only
OpTBBPwM_rE,https://www.youtube.com/watch?v=OpTBBPwM_rE,¡CONFIRMADO! ¡TOYOTA LO HIZO DE NUEVO!,608.0,,videos,https://i.ytimg.com/vi/OpTBBPwM_rE/hqdefault.jpg?sqp=-oaymwEcCNACELwBSFXyq4qpAw4IARUAAIhCGAFwAcABBg==&rs=AOn4CLAeqtd4q8BQWmwI4R4RZTSvnk0mdA,El Dios de los Autos,external-reference,embed_link_and_summarize_only
Y3LSg-fEb6k,https://www.youtube.com/watch?v=Y3LSg-fEb6k,COCHES BARATOS MÁS RAPIDOS DEL 2025,720.0,,videos,https://i.ytimg.com/vi/Y3LSg-fEb6k/hqdefault.jpg?sqp=-oaymwEcCNACELwBSFXyq4qpAw4IARUAAIhCGAFwAcABBg==&rs=AOn4CLCbD0SNmpPOC5Qhrsxj6chJwUK8kw,El Dios de los Autos,external-reference,embed_link_and_summarize_only
i-b4lZ5KHDA,https://www.youtube.com/watch?v=i-b4lZ5KHDA,COMPRA ESTE AUTO YA MISMO y Obtendrás un PRECIO DE REGALO (Pero debe ser este AHORA),707.0,,videos,https://i.ytimg.com/vi/i-b4lZ5KHDA/hqdefault.jpg?sqp=-oaymwEcCNACELwBSFXyq4qpAw4IARUAAIhCGAFwAcABBg==&rs=AOn4CLAlOC5OJMRunYnDRU7gcHUGQr1mKw,El Dios de los Autos,external-reference,embed_link_and_summarize_only
OPvL--79v_4,https://www.youtube.com/watch?v=OPvL--79v_4,MAZDA ACABA DE REGRESAR UNA LEYENDA,732.0,,videos,https://i.ytimg.com/vi/OPvL--79v_4/hqdefault.jpg?sqp=-oaymwEcCNACELwBSFXyq4qpAw4IARUAAIhCGAFwAcABBg==&rs=AOn4CLBHbYrGqfYFSVisDqTxJbZQbePDEw,El Dios de los Autos,external-reference,embed_link_and_summarize_only
CXA-cbOhCjw,https://www.youtube.com/watch?v=CXA-cbOhCjw,LES ADVERTÍ SOBRE ESTE AUTO Y NO QUIEREN ESCUCHARME,715.0,,videos,https://i.ytimg.com/vi/CXA-cbOhCjw/hqdefault.jpg?sqp=-oaymwEcCNACELwBSFXyq4qpAw4IARUAAIhCGAFwAcABBg==&rs=AOn4CLDR49MImzTHFkKXZv_Y3kjg2ee13g,El Dios de los Autos,external-reference,embed_link_and_summarize_only
0azt9eZBs8Y,https://www.youtube.com/watch?v=0azt9eZBs8Y,"TOYOTA: ""Nuestro NUEVO Motor DESTROZA a los ELECTRICOS!""",689.0,,videos,https://i.ytimg.com/vi/0azt9eZBs8Y/hqdefault.jpg?sqp=-oaymwEcCNACELwBSFXyq4qpAw4IARUAAIhCGAFwAcABBg==&rs=AOn4CLDmB5cz8E85NVv2gymN5DGLi1ohDA,El Dios de los Autos,external-reference,embed_link_and_summarize_only
YsGrggRW6EA,https://www.youtube.com/watch?v=YsGrggRW6EA,"¿Solo $1,000 PARA COMPRA COCHE? - Compra Este Antes que Suba de PRECIO",655.0,,videos,https://i.ytimg.com/vi/YsGrggRW6EA/hqdefault.jpg?sqp=-oaymwEcCNACELwBSFXyq4qpAw4IARUAAIhCGAFwAcABBg==&rs=AOn4CLD6a9ks8kiWv56DPDtlYlIX2NbMEg,El Dios de los Autos,external-reference,embed_link_and_summarize_only
VVqqVCIcNKQ,https://www.youtube.com/watch?v=VVqqVCIcNKQ,DEJEN DE COMPRAR TOYOTA Y COMPREN ESTO YA,686.0,,videos,https://i.ytimg.com/vi/VVqqVCIcNKQ/hqdefault.jpg?sqp=-oaymwEcCNACELwBSFXyq4qpAw4IARUAAIhCGAFwAcABBg==&rs=AOn4CLC76tU_hQWkJ9jmy6LR7oy-LEU_4g,El Dios de los Autos,external-reference,embed_link_and_summarize_only
wINO237oc48,https://www.youtube.com/watch?v=wINO237oc48,"¡AHORA SI! TOYOTA NUEVO DE $18,000 DÓLARES ROMPE EL MERCADO CON 40 KM/L (150 km/gl)",864.0,,videos,https://i.ytimg.com/vi/wINO237oc48/hqdefault.jpg?sqp=-oaymwEcCNACELwBSFXyq4qpAw4IARUAAIhCGAFwAcABBg==&rs=AOn4CLDqsmH5S_DnrhBzx3LlwBAly-ccAw,El Dios de los Autos,external-reference,embed_link_and_summarize_only
4HfZc_KobmQ,https://www.youtube.com/watch?v=4HfZc_KobmQ,7 AUTOS BARATOS QUE TE HARÁN VER MILLONARIO,1214.0,,videos,https://i.ytimg.com/vi/4HfZc_KobmQ/hqdefault.jpg?sqp=-oaymwEcCNACELwBSFXyq4qpAw4IARUAAIhCGAFwAcABBg==&rs=AOn4CLDsoKL0FZH6h5qyvFYM_n7QCVHg6A,El Dios de los Autos,external-reference,embed_link_and_summarize_only
dLyBE3Wyurs,https://www.youtube.com/watch?v=dLyBE3Wyurs,Experto en Autos CLASIFICA SIN PIEDAD Marcas SEMI PREMIUM,1137.0,,videos,https://i.ytimg.com/vi/dLyBE3Wyurs/hqdefault.jpg?sqp=-oaymwEcCNACELwBSFXyq4qpAw4IARUAAIhCGAFwAcABBg==&rs=AOn4CLDX7WiTh6HktZsRbHKy6D8UBTAhcg,El Dios de los Autos,external-reference,embed_link_and_summarize_only
yKt7gHLeJZM,https://www.youtube.com/watch?v=yKt7gHLeJZM,NUNCA Compres este AUTO USADO (Todos lo Hacen Y SE ARREPIENTEN),824.0,,videos,https://i.ytimg.com/vi/yKt7gHLeJZM/hqdefault.jpg?sqp=-oaymwEcCNACELwBSFXyq4qpAw4IARUAAIhCGAFwAcABBg==&rs=AOn4CLDWWqKvu6l3Ou7mbdGtfTlj3ni0dg,El Dios de los Autos,external-reference,embed_link_and_summarize_only
r0jofFjQJiw,https://www.youtube.com/watch?v=r0jofFjQJiw,ESTA ES LA MARCA DE AUTOS QUE QUIEBRA POR NUEVOS ARANCELES DE TRUMP,844.0,,videos,https://i.ytimg.com/vi/r0jofFjQJiw/hqdefault.jpg?sqp=-oaymwEcCNACELwBSFXyq4qpAw4IARUAAIhCGAFwAcABBg==&rs=AOn4CLDGYVZYMaGZnBKyR-DRrV5rK-BBeg,El Dios de los Autos,external-reference,embed_link_and_summarize_only
rP99fmd0BUs,https://www.youtube.com/watch?v=rP99fmd0BUs,GEELY ES LA MEJOR MARCA DEL MUNDO,924.0,,videos,https://i.ytimg.com/vi/rP99fmd0BUs/hqdefault.jpg?sqp=-oaymwEcCNACELwBSFXyq4qpAw4IARUAAIhCGAFwAcABBg==&rs=AOn4CLD8rC_lTTlHSxtumw7p65UCOZuk5Q,El Dios de los Autos,external-reference,embed_link_and_summarize_only
y8GXoE_mnuA,https://www.youtube.com/watch?v=y8GXoE_mnuA,¿QUE IDIOTA COMPRA UN MAZDA CX-3?,638.0,,videos,https://i.ytimg.com/vi/y8GXoE_mnuA/hqdefault.jpg?sqp=-oaymwEcCNACELwBSFXyq4qpAw4IARUAAIhCGAFwAcABBg==&rs=AOn4CLC-0jh0rztO0RDvUy2NpeaqPnvYtQ,El Dios de los Autos,external-reference,embed_link_and_summarize_only
NbkJZeqgQ9U,https://www.youtube.com/watch?v=NbkJZeqgQ9U,ANUNCIO de MITSUBISHI Deja EN SHOCK la INDUSTRIA AUTOMOTRIZ,1023.0,,videos,https://i.ytimg.com/vi/NbkJZeqgQ9U/hqdefault.jpg?sqp=-oaymwEcCNACELwBSFXyq4qpAw4IARUAAIhCGAFwAcABBg==&rs=AOn4CLBcO-wmiQFjoOvfrpoDe96PR1uVnQ,El Dios de los Autos,external-reference,embed_link_and_summarize_only
BxTbKkqWb5w,https://www.youtube.com/watch?v=BxTbKkqWb5w,¡PRECIOS de AUTOS USADOS se DESPLOMAN! (COMPRA AHORA),567.0,,videos,https://i.ytimg.com/vi/BxTbKkqWb5w/hqdefault.jpg?sqp=-oaymwEcCNACELwBSFXyq4qpAw4IARUAAIhCGAFwAcABBg==&rs=AOn4CLAQ-BNeXG_mWW16Hgiv_jJQck5P1Q,El Dios de los Autos,external-reference,embed_link_and_summarize_only
DouJZFumn4c,https://www.youtube.com/watch?v=DouJZFumn4c,OLVIDA AL NISSAN GT-R COMPRA ESTO POR LA DECIMA PARTE (YO YA LO COMPRÉ),733.0,,videos,https://i.ytimg.com/vi/DouJZFumn4c/hqdefault.jpg?sqp=-oaymwEcCNACELwBSFXyq4qpAw4IARUAAIhCGAFwAcABBg==&rs=AOn4CLB76wJ4G-faolYosceh_8z_Z8KNcQ,El Dios de los Autos,external-reference,embed_link_and_summarize_only
3o5ecX5W2EQ,https://www.youtube.com/watch?v=3o5ecX5W2EQ,¡COMENZO! MARCA DE AUTOS SE VA DE AMERICA ahora que TRUMP es PRESIDENTE,787.0,,videos,https://i.ytimg.com/vi/3o5ecX5W2EQ/hqdefault.jpg?sqp=-oaymwEcCNACELwBSFXyq4qpAw4IARUAAIhCGAFwAcABBg==&rs=AOn4CLAqZ-f0EDry0JzrgXujCEg3YR39Jg,El Dios de los Autos,external-reference,embed_link_and_summarize_only
rhf96B7efZU,https://www.youtube.com/watch?v=rhf96B7efZU,DODGE VA A QUEBRAR EN 2025 - ENORME NOTICIA,722.0,,videos,https://i.ytimg.com/vi/rhf96B7efZU/hqdefault.jpg?sqp=-oaymwEcCNACELwBSFXyq4qpAw4IARUAAIhCGAFwAcABBg==&rs=AOn4CLAnslbJY6qrbQPIdJ_8jjq0ro1zhQ,El Dios de los Autos,external-reference,embed_link_and_summarize_only
ahbzg8o_wi0,https://www.youtube.com/watch?v=ahbzg8o_wi0,¡TOYOTA HILUX 2025 ACABA DE DEJAR A TODOS EN SHOCK! (Esto es increíble),566.0,,videos,https://i.ytimg.com/vi/ahbzg8o_wi0/hqdefault.jpg?sqp=-oaymwEcCNACELwBSFXyq4qpAw4IARUAAIhCGAFwAcABBg==&rs=AOn4CLDXPNuBjF1cG_Px-qNCGZVXZVdq_w,El Dios de los Autos,external-reference,embed_link_and_summarize_only
72yId4RJlOE,https://www.youtube.com/watch?v=72yId4RJlOE,3 AUTOS CHINOS CON EXCELENTE VALOR DE REVENTA (COMPRA YA ANTES QUE SUBAN DE PRECIO),980.0,,videos,https://i.ytimg.com/vi/72yId4RJlOE/hqdefault.jpg?sqp=-oaymwEcCNACELwBSFXyq4qpAw4IARUAAIhCGAFwAcABBg==&rs=AOn4CLA1jni0ilcLej9rVpY_nDkL9gphIw,El Dios de los Autos,external-reference,embed_link_and_summarize_only
unF3aRzxi7A,https://www.youtube.com/watch?v=unF3aRzxi7A,¿QUE IDIOTA COMPRA UN SUZUKI FRONX?,809.0,,videos,https://i.ytimg.com/vi/unF3aRzxi7A/hqdefault.jpg?sqp=-oaymwEcCNACELwBSFXyq4qpAw4IARUAAIhCGAFwAcABBg==&rs=AOn4CLCAFw-jiIy7PbDWC_rPoaOtBl14gQ,El Dios de los Autos,external-reference,embed_link_and_summarize_only
FOr5KNPRxd4,https://www.youtube.com/watch?v=FOr5KNPRxd4,DONALD TRUMP y TESLA Acaban de QUITARNOS TODO y NADIE SE DA CUENTA,838.0,,videos,https://i.ytimg.com/vi/FOr5KNPRxd4/hqdefault.jpg?sqp=-oaymwEcCNACELwBSFXyq4qpAw4IARUAAIhCGAFwAcABBg==&rs=AOn4CLACzWMy8xGHXnLzEmipkVjCL7xSWA,El Dios de los Autos,external-reference,embed_link_and_summarize_only
Pyw6G4ulaUo,https://www.youtube.com/watch?v=Pyw6G4ulaUo,"¡CUIDADO! NUEVO Auto CHINO de $12,000 YA ESTA DANDO PROBLEMAS",902.0,,videos,https://i.ytimg.com/vi/Pyw6G4ulaUo/hqdefault.jpg?sqp=-oaymwEcCNACELwBSFXyq4qpAw4IARUAAIhCGAFwAcABBg==&rs=AOn4CLChQAKJobXkcDNTfU8iPZPJHoPmWQ,El Dios de los Autos,external-reference,embed_link_and_summarize_only
aH0JuOzzUhA,https://www.youtube.com/watch?v=aH0JuOzzUhA,¡Nuevo MOTOR Honda Más PODEROSO Jamás CONSTRUIDO!,1067.0,,videos,https://i.ytimg.com/vi/aH0JuOzzUhA/hqdefault.jpg?sqp=-oaymwEcCNACELwBSFXyq4qpAw4IARUAAIhCGAFwAcABBg==&rs=AOn4CLD-dSRIsN5CCmQclO52yJdZHHIMOg,El Dios de los Autos,external-reference,embed_link_and_summarize_only
_BPQMIXwygg,https://www.youtube.com/watch?v=_BPQMIXwygg,Haz Esto y Tu Coche DURARÁ PARA SIEMPRE,1082.0,,videos,https://i.ytimg.com/vi/_BPQMIXwygg/hqdefault.jpg?sqp=-oaymwEcCNACELwBSFXyq4qpAw4IARUAAIhCGAFwAcABBg==&rs=AOn4CLAOIZac2GaK03RjR7SJ95KoMzliKg,El Dios de los Autos,external-reference,embed_link_and_summarize_only
G55hZPKV2GE,https://www.youtube.com/watch?v=G55hZPKV2GE,"NISSAN y HONDA Presentan PICK UP de $15,000 (TOYOTA y FORD Entran en PANICO)",988.0,,videos,https://i.ytimg.com/vi/G55hZPKV2GE/hqdefault.jpg?sqp=-oaymwEcCNACELwBSFXyq4qpAw4IARUAAIhCGAFwAcABBg==&rs=AOn4CLBhchyypuRetTd_sCc85gAKqF2Itw,El Dios de los Autos,external-reference,embed_link_and_summarize_only
gzoCnIDF3ss,https://www.youtube.com/watch?v=gzoCnIDF3ss,5 MARCAS DE AUTOS que solo un IDIOTA Compraría,591.0,,videos,https://i.ytimg.com/vi/gzoCnIDF3ss/hqdefault.jpg?sqp=-oaymwEcCNACELwBSFXyq4qpAw4IARUAAIhCGAFwAcABBg==&rs=AOn4CLDzSvXL2NKztCeVmk_kqbT5Ly4kiA,El Dios de los Autos,external-reference,embed_link_and_summarize_only
hA6g2eOcTOI,https://www.youtube.com/watch?v=hA6g2eOcTOI,Experto en Autos CLASIFICA SIN PIEDAD Marcas PREMIUM,1773.0,,videos,https://i.ytimg.com/vi/hA6g2eOcTOI/hqdefault.jpg?sqp=-oaymwEcCNACELwBSFXyq4qpAw4IARUAAIhCGAFwAcABBg==&rs=AOn4CLCX1wSvblig_80xq80redHMzVlMvg,El Dios de los Autos,external-reference,embed_link_and_summarize_only
ouej3i3lDLA,https://www.youtube.com/watch?v=ouej3i3lDLA,"NADIE te dice La VERDAD sobre TOYOTA, así que yo lo haré",993.0,,videos,https://i.ytimg.com/vi/ouej3i3lDLA/hqdefault.jpg?sqp=-oaymwEcCNACELwBSFXyq4qpAw4IARUAAIhCGAFwAcABBg==&rs=AOn4CLDCA2c_t3sIVzkqvGYdyTyLEmbDBg,El Dios de los Autos,external-reference,embed_link_and_summarize_only
eNEmzGTxxVE,https://www.youtube.com/watch?v=eNEmzGTxxVE,LOS PEORES AUTOS DE 2024,916.0,,videos,https://i.ytimg.com/vi/eNEmzGTxxVE/hqdefault.jpg?sqp=-oaymwEcCNACELwBSFXyq4qpAw4IARUAAIhCGAFwAcABBg==&rs=AOn4CLC1TFwoMQptZx9fICFXh7AY4irGQg,El Dios de los Autos,external-reference,embed_link_and_summarize_only
rlh5ydwt7MA,https://www.youtube.com/watch?v=rlh5ydwt7MA,HAZ ESTO Y TU MOTOR DURARÁ PARA SIEMPRE,929.0,,videos,https://i.ytimg.com/vi/rlh5ydwt7MA/hqdefault.jpg?sqp=-oaymwEcCNACELwBSFXyq4qpAw4IARUAAIhCGAFwAcABBg==&rs=AOn4CLCMdApqK54MRW24GBPfu1xpuz9aSA,El Dios de los Autos,external-reference,embed_link_and_summarize_only
sAn5N8UlQLI,https://www.youtube.com/watch?v=sAn5N8UlQLI,LOS MEJORES AUTOS DE 2024,679.0,,videos,https://i.ytimg.com/vi/sAn5N8UlQLI/hqdefault.jpg?sqp=-oaymwEcCNACELwBSFXyq4qpAw4IARUAAIhCGAFwAcABBg==&rs=AOn4CLAXGn0izg9CEec6GdwKLrWkxWGUtQ,El Dios de los Autos,external-reference,embed_link_and_summarize_only
4I8YgGUCEA4,https://www.youtube.com/watch?v=4I8YgGUCEA4,EL MEJOR AUTO PREMIUM SI TIENES POCO DINERO (COMPRÉ UNO Y TU TAMBIEN DEBERÍAS),707.0,,videos,https://i.ytimg.com/vi/4I8YgGUCEA4/hqdefault.jpg?sqp=-oaymwEcCNACELwBSFXyq4qpAw4IARUAAIhCGAFwAcABBg==&rs=AOn4CLDKNtmcbcCjCAgV2TvdjO6gji8R6g,El Dios de los Autos,external-reference,embed_link_and_summarize_only
ozfRldd0pZI,https://www.youtube.com/watch?v=ozfRldd0pZI,"¡TOYOTA ACABA DE COMPRAR NISSAN, HONDA Y MITSUBISHI!",769.0,,videos,https://i.ytimg.com/vi/ozfRldd0pZI/hqdefault.jpg?sqp=-oaymwEcCNACELwBSFXyq4qpAw4IARUAAIhCGAFwAcABBg==&rs=AOn4CLAxjRZC82E5-CuEuAQyh7NIRK7nAA,El Dios de los Autos,external-reference,embed_link_and_summarize_only
AXmCvLDXYJc,https://www.youtube.com/watch?v=AXmCvLDXYJc,SI VAS A COMPRAR UN AUTO HAZLO AHORA! (O TE ARREPENTIRÁS COMO YO),702.0,,videos,https://i.ytimg.com/vi/AXmCvLDXYJc/hqdefault.jpg?sqp=-oaymwEcCNACELwBSFXyq4qpAw4IARUAAIhCGAFwAcABBg==&rs=AOn4CLDXNiVKeH0i0v7GKh9aEQNa-BZzDQ,El Dios de los Autos,external-reference,embed_link_and_summarize_only
qBpU5Glgi58,https://www.youtube.com/watch?v=qBpU5Glgi58,"¡AHORA SI! TOYOTA FJ CRUISER ROMPE EL MERCADO CON 4X4 DE 20,000 DÓLARES",888.0,,videos,https://i.ytimg.com/vi/qBpU5Glgi58/hqdefault.jpg?sqp=-oaymwEcCNACELwBSFXyq4qpAw4IARUAAIhCGAFwAcABBg==&rs=AOn4CLC2j_BJzE6nwce_FdFbislVDB_jjA,El Dios de los Autos,external-reference,embed_link_and_summarize_only
A3eXnDf_8E4,https://www.youtube.com/watch?v=A3eXnDf_8E4,¡MEXICO PATEA A COCHES CHINOS Y CAMBIA LA HISTORIA! - ENORME NOTICIA,1038.0,,videos,https://i.ytimg.com/vi/A3eXnDf_8E4/hqdefault.jpg?sqp=-oaymwEcCNACELwBSFXyq4qpAw4IARUAAIhCGAFwAcABBg==&rs=AOn4CLDMklHp-TejTyFTkMaxPO81OyqhFg,El Dios de los Autos,external-reference,embed_link_and_summarize_only
C4hcwLwTNhs,https://www.youtube.com/watch?v=C4hcwLwTNhs,NISSAN Y HONDA AHORA SON UNO - ENORME NOTICIA,669.0,,videos,https://i.ytimg.com/vi/C4hcwLwTNhs/hqdefault.jpg?sqp=-oaymwEcCNACELwBSFXyq4qpAw4IARUAAIhCGAFwAcABBg==&rs=AOn4CLDWTjHDP7efmBGgT-58-NxhZaHH5A,El Dios de los Autos,external-reference,embed_link_and_summarize_only
tViMwKrZ-_o,https://www.youtube.com/watch?v=tViMwKrZ-_o,10 SECRETOS QUE NO SABES DEL TOYOTA SUPRA,640.0,,videos,https://i.ytimg.com/vi/tViMwKrZ-_o/hqdefault.jpg?sqp=-oaymwEcCNACELwBSFXyq4qpAw4IARUAAIhCGAFwAcABBg==&rs=AOn4CLB7x9tc0egY6Pzx6anft2ISwoixUg,El Dios de los Autos,external-reference,embed_link_and_summarize_only
XGdFVvP1NPA,https://www.youtube.com/watch?v=XGdFVvP1NPA,"""DEJEN DE COMPRAR TOYOTA PORQUE SON HECHAS EN MEXICO""",687.0,,videos,https://i.ytimg.com/vi/XGdFVvP1NPA/hqdefault.jpg?sqp=-oaymwEcCNACELwBSFXyq4qpAw4IARUAAIhCGAFwAcABBg==&rs=AOn4CLCui3vgPyfCE9EtqMk8HLqU7eJ3dg,El Dios de los Autos,external-reference,embed_link_and_summarize_only
IoEq0pXSQbM,https://www.youtube.com/watch?v=IoEq0pXSQbM,EL MEJOR AUTO PREMIUM CALIDAD PRECIO (YA LO COMPRÉ Y ME ARREPIENTO DE HABER ESPERADO TANTO),778.0,,videos,https://i.ytimg.com/vi/IoEq0pXSQbM/hqdefault.jpg?sqp=-oaymwEcCNACELwBSFXyq4qpAw4IARUAAIhCGAFwAcABBg==&rs=AOn4CLAdSpGRrbQNRlyPi2793oHvdiFuIw,El Dios de los Autos,external-reference,embed_link_and_summarize_only
H579zizMogM,https://www.youtube.com/watch?v=H579zizMogM,¿EXISTEN AUTOS ECONOMICOS PERO VELOCES?,915.0,,videos,https://i.ytimg.com/vi/H579zizMogM/hqdefault.jpg?sqp=-oaymwEcCNACELwBSFXyq4qpAw4IARUAAIhCGAFwAcABBg==&rs=AOn4CLA2CmZdEKD8H5lqj9ApBVhUOVVcvQ,El Dios de los Autos,external-reference,embed_link_and_summarize_only
aIuCthC4JM8,https://www.youtube.com/watch?v=aIuCthC4JM8,¡TU AUTO FAVORITO ESTÁ POR DESAPARECER!,820.0,,videos,https://i.ytimg.com/vi/aIuCthC4JM8/hqdefault.jpg?sqp=-oaymwEcCNACELwBSFXyq4qpAw4IARUAAIhCGAFwAcABBg==&rs=AOn4CLB0CsCM1BwMFjsdyk_ilOu-xM51GA,El Dios de los Autos,external-reference,embed_link_and_summarize_only
kgtW5sEtPqk,https://www.youtube.com/watch?v=kgtW5sEtPqk,Nuevo JAGUAR No lleva ni 1 mes y Ya NADIE LO QUIERE!,611.0,,videos,https://i.ytimg.com/vi/kgtW5sEtPqk/hqdefault.jpg?sqp=-oaymwEcCNACELwBSFXyq4qpAw4IARUAAIhCGAFwAcABBg==&rs=AOn4CLDqgLpERTII3FMaB0xpvcg3quQ1rw,El Dios de los Autos,external-reference,embed_link_and_summarize_only
NCdULLCQ6tc,https://www.youtube.com/watch?v=NCdULLCQ6tc,7 Peores Motores de 2024 (No Compres Estos Autos),824.0,,videos,https://i.ytimg.com/vi/NCdULLCQ6tc/hqdefault.jpg?sqp=-oaymwEcCNACELwBSFXyq4qpAw4IARUAAIhCGAFwAcABBg==&rs=AOn4CLA73RyhCreFxulNoSwdOcyX1u1TUA,El Dios de los Autos,external-reference,embed_link_and_summarize_only
0zwGldCxvRY,https://www.youtube.com/watch?v=0zwGldCxvRY,¿POR QUÉ LOS AUTOS CHINOS ESTÁN GANANDO?,918.0,,videos,https://i.ytimg.com/vi/0zwGldCxvRY/hqdefault.jpg?sqp=-oaymwEcCNACELwBSFXyq4qpAw4IARUAAIhCGAFwAcABBg==&rs=AOn4CLDnucYvU4PxaPX9k8_N7AqrjkzPPg,El Dios de los Autos,external-reference,embed_link_and_summarize_only
6TT4l6Ri-V0,https://www.youtube.com/watch?v=6TT4l6Ri-V0,NISSAN ESTÁ MURIENDO. HAY SOLUCIÓN.,774.0,,videos,https://i.ytimg.com/vi/6TT4l6Ri-V0/hqdefault.jpg?sqp=-oaymwEcCNACELwBSFXyq4qpAw4IARUAAIhCGAFwAcABBg==&rs=AOn4CLAnZjTdnT7hNbeFfXc2MsAVi1g1kw,El Dios de los Autos,external-reference,embed_link_and_summarize_only
cwF_b05sl7Y,https://www.youtube.com/watch?v=cwF_b05sl7Y,NO COMPRES NINGUN KIA SIN ANTES HACER ESTO,668.0,,videos,https://i.ytimg.com/vi/cwF_b05sl7Y/hqdefault.jpg?sqp=-oaymwEcCNACELwBSFXyq4qpAw4IARUAAIhCGAFwAcABBg==&rs=AOn4CLAWqx-kVuGgmq-z6ouu9zT7x_s1Vw,El Dios de los Autos,external-reference,embed_link_and_summarize_only
ARioYIOceVI,https://www.youtube.com/watch?v=ARioYIOceVI,NO COMPRES COCHE NUEVO EN ESTE LUGAR O TE ARREPENTIRÁS,687.0,,videos,https://i.ytimg.com/vi/ARioYIOceVI/hqdefault.jpg?sqp=-oaymwEcCNACELwBSFXyq4qpAw4IARUAAIhCGAFwAcABBg==&rs=AOn4CLC0Vw_Nu8PjAo3-YQuPtlH7RlbONw,El Dios de los Autos,external-reference,embed_link_and_summarize_only
tV0W2aAQi54,https://www.youtube.com/watch?v=tV0W2aAQi54,¡10 AUTOS ETERNOS QUE DURAN PARA SIEMPRE!,809.0,,videos,https://i.ytimg.com/vi/tV0W2aAQi54/hqdefault.jpg?sqp=-oaymwEcCNACELwBSFXyq4qpAw4IARUAAIhCGAFwAcABBg==&rs=AOn4CLB44C5U508ZV64jR97tufw_wu8l4Q,El Dios de los Autos,external-reference,embed_link_and_summarize_only
iIndpvVEBgU,https://www.youtube.com/watch?v=iIndpvVEBgU,TOYOTA COROLLA VS NISSAN SENTRA ¿CUAL ES MEJOR?,804.0,,videos,https://i.ytimg.com/vi/iIndpvVEBgU/hqdefault.jpg?sqp=-oaymwEcCNACELwBSFXyq4qpAw4IARUAAIhCGAFwAcABBg==&rs=AOn4CLDNoWoh3yAC7dUjEoFHzXkzRRKNbQ,El Dios de los Autos,external-reference,embed_link_and_summarize_only
F74By2B9PqM,https://www.youtube.com/watch?v=F74By2B9PqM,ESTE AUTO CHINO ME HA SORPRENDIDO,712.0,,videos,https://i.ytimg.com/vi/F74By2B9PqM/hqdefault.jpg?sqp=-oaymwEcCNACELwBSFXyq4qpAw4IARUAAIhCGAFwAcABBg==&rs=AOn4CLD38ayPQubJ8OCqrxn0MzhKOWoEWg,El Dios de los Autos,external-reference,embed_link_and_summarize_only
cFSbZelFyck,https://www.youtube.com/watch?v=cFSbZelFyck,"""NO MÁS CONCESIONARIOS Venderemos Directo al Cliente""",771.0,,videos,https://i.ytimg.com/vi/cFSbZelFyck/hqdefault.jpg?sqp=-oaymwEcCNACELwBSFXyq4qpAw4IARUAAIhCGAFwAcABBg==&rs=AOn4CLAfIRuIJQy_sV0AC-7FOblXJhVtMg,El Dios de los Autos,external-reference,embed_link_and_summarize_only
uxW9LZ9yuuw,https://www.youtube.com/watch?v=uxW9LZ9yuuw,"NO COMPRE TOYOTA, HONDA O MAZDA NUEVOS EN ESTE MOMENTO",933.0,,videos,https://i.ytimg.com/vi/uxW9LZ9yuuw/hqdefault.jpg?sqp=-oaymwEcCNACELwBSFXyq4qpAw4IARUAAIhCGAFwAcABBg==&rs=AOn4CLBGR4B_YGO31BiumEd93DewMQkvzw,El Dios de los Autos,external-reference,embed_link_and_summarize_only
mi4JykrijQA,https://www.youtube.com/watch?v=mi4JykrijQA,JAGUAR QUIEBRA Y SE TRANSFORMA EN ESTO (ESTOY FURIOSO),837.0,,videos,https://i.ytimg.com/vi/mi4JykrijQA/hqdefault.jpg?sqp=-oaymwEcCNACELwBSFXyq4qpAw4IARUAAIhCGAFwAcABBg==&rs=AOn4CLBS3dXvjb8zg83sbD2RFw_MUWsHcQ,El Dios de los Autos,external-reference,embed_link_and_summarize_only
hOlDRFdcKbk,https://www.youtube.com/watch?v=hOlDRFdcKbk,3 MEJORES SUV QUE TIENES QUE COMPRAR YA! (ANTES QUE SUBAN DE PRECIO),572.0,,videos,https://i.ytimg.com/vi/hOlDRFdcKbk/hqdefault.jpg?sqp=-oaymwEcCNACELwBSFXyq4qpAw4IARUAAIhCGAFwAcABBg==&rs=AOn4CLCsMTun0DiBN1rdGbDxpMkmz0pu4g,El Dios de los Autos,external-reference,embed_link_and_summarize_only
jjg8BdJ7u9k,https://www.youtube.com/watch?v=jjg8BdJ7u9k,¿EN QUE MOMENTO SE J0D10 HONDA?,888.0,,videos,https://i.ytimg.com/vi/jjg8BdJ7u9k/hqdefault.jpg?sqp=-oaymwEcCNACELwBSFXyq4qpAw4IARUAAIhCGAFwAcABBg==&rs=AOn4CLBzgKwbmGvbK0nR6Gc465lov9Eq2w,El Dios de los Autos,external-reference,embed_link_and_summarize_only
mE-saPtQuLg,https://www.youtube.com/watch?v=mE-saPtQuLg,HONDA ES LA MEJOR MARCA DEL MUNDO,1745.0,,videos,https://i.ytimg.com/vi/mE-saPtQuLg/hqdefault.jpg?sqp=-oaymwEcCNACELwBSFXyq4qpAw4IARUAAIhCGAFwAcABBg==&rs=AOn4CLBSIo8dpjU-7Ff3_saJcOa-KGjjvg,El Dios de los Autos,external-reference,embed_link_and_summarize_only
GCCJEi_1LFg,https://www.youtube.com/watch?v=GCCJEi_1LFg,POR ESTO LOS AUTOS EUROPEOS SIEMPRE SE ROMPEN,667.0,,videos,https://i.ytimg.com/vi/GCCJEi_1LFg/hqdefault.jpg?sqp=-oaymwEcCNACELwBSFXyq4qpAw4IARUAAIhCGAFwAcABBg==&rs=AOn4CLDXzmC-r8LmONYSOgdDmcRXPK-tRQ,El Dios de los Autos,external-reference,embed_link_and_summarize_only
CkvgzUQ9WqE,https://www.youtube.com/watch?v=CkvgzUQ9WqE,"OLVIDEN LOS COCHES HIBRIDOS Y ELECTRICOS, COMPREN ESTO YA!",839.0,,videos,https://i.ytimg.com/vi/CkvgzUQ9WqE/hqdefault.jpg?sqp=-oaymwEcCNACELwBSFXyq4qpAw4IARUAAIhCGAFwAcABBg==&rs=AOn4CLAUamhkSLYMnBgab-POThutbxoweA,El Dios de los Autos,external-reference,embed_link_and_summarize_only
KzBN1ufcsV0,https://www.youtube.com/watch?v=KzBN1ufcsV0,DEJA DE COMPRAR AUTOS HECHOS EN ESTE PAÍS O TE ARREPENTIRÁS,664.0,,videos,https://i.ytimg.com/vi/KzBN1ufcsV0/hqdefault.jpg?sqp=-oaymwEcCNACELwBSFXyq4qpAw4IARUAAIhCGAFwAcABBg==&rs=AOn4CLB6JgNCi_SsGl11o9vh8FMbZVZoww,El Dios de los Autos,external-reference,embed_link_and_summarize_only
rgDD0cePJMM,https://www.youtube.com/watch?v=rgDD0cePJMM,"CHEVROLET, ""NO es Justo! China DESTRUYE La INDUSTRIA de los ELECTRICOS!""",818.0,,videos,https://i.ytimg.com/vi/rgDD0cePJMM/hqdefault.jpg?sqp=-oaymwEcCNACELwBSFXyq4qpAw4IARUAAIhCGAFwAcABBg==&rs=AOn4CLC3wC2fbBWEXonBuYbmlxpIHHMh6w,El Dios de los Autos,external-reference,embed_link_and_summarize_only
s4Ah9p-vxrI,https://www.youtube.com/watch?v=s4Ah9p-vxrI,SI COMPRAS ESTE AUTO TE ARREPENTIRAS - LES ADVERTÍ,957.0,,videos,https://i.ytimg.com/vi/s4Ah9p-vxrI/hqdefault.jpg?sqp=-oaymwEcCNACELwBSFXyq4qpAw4IARUAAIhCGAFwAcABBg==&rs=AOn4CLCCya70PuXwVmpiMnpPkM4AjJGoVA,El Dios de los Autos,external-reference,embed_link_and_summarize_only
zOqaWntTCAE,https://www.youtube.com/watch?v=zOqaWntTCAE,"ÚLTIMO MINUTO: ESTOS SON LOS NUEVOS SUPRA, CELICA Y MR2!",1024.0,,videos,https://i.ytimg.com/vi/zOqaWntTCAE/hqdefault.jpg?sqp=-oaymwEcCNACELwBSFXyq4qpAw4IARUAAIhCGAFwAcABBg==&rs=AOn4CLBIiY3PXh_OkaE9tThVB_XULuXLIg,El Dios de los Autos,external-reference,embed_link_and_summarize_only
XhQC0Rr5gWc,https://www.youtube.com/watch?v=XhQC0Rr5gWc,"LO SIENTO, PERO TENGO QUE HABLAR DE ESTO",668.0,,videos,https://i.ytimg.com/vi/XhQC0Rr5gWc/hqdefault.jpg?sqp=-oaymwEcCNACELwBSFXyq4qpAw4IARUAAIhCGAFwAcABBg==&rs=AOn4CLAvq6DiaomnuuJxaf-gAPiSl3EesQ,El Dios de los Autos,external-reference,embed_link_and_summarize_only
XIInKaVpt88,https://www.youtube.com/watch?v=XIInKaVpt88,7 COSAS QUE NO SABES DEL NISSAN TSURU / SENTRA CLASICO,650.0,,videos,https://i.ytimg.com/vi/XIInKaVpt88/hqdefault.jpg?sqp=-oaymwEcCNACELwBSFXyq4qpAw4IARUAAIhCGAFwAcABBg==&rs=AOn4CLDjGFrfQ_rxuYEr6BAUDA--pMMAnw,El Dios de los Autos,external-reference,embed_link_and_summarize_only
gFd7GTuAVsU,https://www.youtube.com/watch?v=gFd7GTuAVsU,EL COLAPSO DEL MERCADO AUTOMOTRIZ HA LLEGADO,668.0,,videos,https://i.ytimg.com/vi/gFd7GTuAVsU/hqdefault.jpg?sqp=-oaymwEcCNACELwBSFXyq4qpAw4IARUAAIhCGAFwAcABBg==&rs=AOn4CLDwLAdvZjeqXUtXmEb8TvjGejC_sw,El Dios de los Autos,external-reference,embed_link_and_summarize_only
jdVjOuLiGbw,https://www.youtube.com/watch?v=jdVjOuLiGbw,TOYOTA ACABA DE CAMBIAR EL MUNDO Y TE EXPLICO POR QUÉ,718.0,,videos,https://i.ytimg.com/vi/jdVjOuLiGbw/hqdefault.jpg?sqp=-oaymwEcCNACELwBSFXyq4qpAw4IARUAAIhCGAFwAcABBg==&rs=AOn4CLB5OudpbnrUHTAoIr8NQ-6XGpfkKg,El Dios de los Autos,external-reference,embed_link_and_summarize_only
xniVV50eXJQ,https://www.youtube.com/watch?v=xniVV50eXJQ,TOYOTA YARIS VS NISSAN VERSA ¿CUAL ES MEJOR?,755.0,,videos,https://i.ytimg.com/vi/xniVV50eXJQ/hqdefault.jpg?sqp=-oaymwEcCNACELwBSFXyq4qpAw4IARUAAIhCGAFwAcABBg==&rs=AOn4CLA0HTFUqpBIgzBStB8h-wFPtvGlJg,El Dios de los Autos,external-reference,embed_link_and_summarize_only
bl2pWNxJkpI,https://www.youtube.com/watch?v=bl2pWNxJkpI,"NUEVO ""TESLA"" CHEVROLET Acaba de DESTROZAR la Industria Automotriz!",833.0,,videos,https://i.ytimg.com/vi/bl2pWNxJkpI/hqdefault.jpg?sqp=-oaymwEcCNACELwBSFXyq4qpAw4IARUAAIhCGAFwAcABBg==&rs=AOn4CLDMQ7bi1CZbPaTer7kxbGEX-AzI_A,El Dios de los Autos,external-reference,embed_link_and_summarize_only
UcpeLGChJ-E,https://www.youtube.com/watch?v=UcpeLGChJ-E,ESTO SE ESTÁ DESCONTROLANDO,889.0,,videos,https://i.ytimg.com/vi/UcpeLGChJ-E/hqdefault.jpg?sqp=-oaymwEcCNACELwBSFXyq4qpAw4IARUAAIhCGAFwAcABBg==&rs=AOn4CLAXzs09mBl2pJoy0Jng3zG2AVLZqg,El Dios de los Autos,external-reference,embed_link_and_summarize_only
EK8Tt8Oopyw,https://www.youtube.com/watch?v=EK8Tt8Oopyw,NUNCA PENSÉ VER A MAZDA QUEBRAR,742.0,,videos,https://i.ytimg.com/vi/EK8Tt8Oopyw/hqdefault.jpg?sqp=-oaymwEcCNACELwBSFXyq4qpAw4IARUAAIhCGAFwAcABBg==&rs=AOn4CLAefAJuVszrbMbYE80VufhzevyiMg,El Dios de los Autos,external-reference,embed_link_and_summarize_only
0WZQXkURbWQ,https://www.youtube.com/watch?v=0WZQXkURbWQ,EL AUTO PERFECTO NO EXISTIA... HASTA AHORA,1258.0,,videos,https://i.ytimg.com/vi/0WZQXkURbWQ/hqdefault.jpg?sqp=-oaymwEcCNACELwBSFXyq4qpAw4IARUAAIhCGAFwAcABBg==&rs=AOn4CLCRotS42MWqOB_ZaWsn5USP4zUAEA,El Dios de los Autos,external-reference,embed_link_and_summarize_only
wdGG5SwtzHY,https://www.youtube.com/watch?v=wdGG5SwtzHY,NUNCA Compres este AUTO DE SEGUNDA (Todos Quieren Uno Y SE ARREPIENTEN),902.0,,videos,https://i.ytimg.com/vi/wdGG5SwtzHY/hqdefault.jpg?sqp=-oaymwEcCNACELwBSFXyq4qpAw4IARUAAIhCGAFwAcABBg==&rs=AOn4CLBHV22owU5qMkTXFUN1JdhyUQwc_w,El Dios de los Autos,external-reference,embed_link_and_summarize_only
79w5lgb1M4k,https://www.youtube.com/watch?v=79w5lgb1M4k,¿QUE IDIOTA COMPRA UN GEELY EMGRAND?,716.0,,videos,https://i.ytimg.com/vi/79w5lgb1M4k/hqdefault.jpg?sqp=-oaymwEcCNACELwBSFXyq4qpAw4IARUAAIhCGAFwAcABBg==&rs=AOn4CLApPBlduXnY4sE_nF0wCGYryMoUCA,El Dios de los Autos,external-reference,embed_link_and_summarize_only
ymarY8fV74s,https://www.youtube.com/watch?v=ymarY8fV74s,3 Autos BARATOS que NADIE COMPRA (Pero son Muy Buenos),565.0,,videos,https://i.ytimg.com/vi/ymarY8fV74s/hqdefault.jpg?sqp=-oaymwEcCNACELwBSFXyq4qpAw4IARUAAIhCGAFwAcABBg==&rs=AOn4CLD4dQKDUJ-jVQY2-rg-dW-S817fdA,El Dios de los Autos,external-reference,embed_link_and_summarize_only
uSvRlzYg8x8,https://www.youtube.com/watch?v=uSvRlzYg8x8,NUEVA PICK UP CATERPILLAR PONE A TOYOTA DE RODILLAS,948.0,,videos,https://i.ytimg.com/vi/uSvRlzYg8x8/hqdefault.jpg?sqp=-oaymwEcCNACELwBSFXyq4qpAw4IARUAAIhCGAFwAcABBg==&rs=AOn4CLD0SjJTpVao_ahQTcxHONXVtxr7BQ,El Dios de los Autos,external-reference,embed_link_and_summarize_only
iL491o7l9So,https://www.youtube.com/watch?v=iL491o7l9So,"NUEVO Tesla CHINO de $10,000 DESTROZA la Industria de los ELÉCTRICOS",596.0,,videos,https://i.ytimg.com/vi/iL491o7l9So/hqdefault.jpg?sqp=-oaymwEcCNACELwBSFXyq4qpAw4IARUAAIhCGAFwAcABBg==&rs=AOn4CLBjG5F_50FGzPJsz0t6uA2tNoU2MQ,El Dios de los Autos,external-reference,embed_link_and_summarize_only
28vNs4xIkjM,https://www.youtube.com/watch?v=28vNs4xIkjM,GOBIERNO Acaba de Prohibir que Uses TÚ Propio COCHE (Es Definitivo),605.0,,videos,https://i.ytimg.com/vi/28vNs4xIkjM/hqdefault.jpg?sqp=-oaymwEcCNACELwBSFXyq4qpAw4IARUAAIhCGAFwAcABBg==&rs=AOn4CLCpEzTQkyfVtgNJZEhsGt8rpWa5JA,El Dios de los Autos,external-reference,embed_link_and_summarize_only
J6Jvp8K5a7k,https://www.youtube.com/watch?v=J6Jvp8K5a7k,MARCA CHINA NO quiso prestarme este auto ASÍ QUE COMPRÉ UNO y Aquí MI OPINIÓN SINCERA,554.0,,videos,https://i.ytimg.com/vi/J6Jvp8K5a7k/hqdefault.jpg?sqp=-oaymwEcCNACELwBSFXyq4qpAw4IARUAAIhCGAFwAcABBg==&rs=AOn4CLBpj71ZIUnPPAaPW4ynFEhAx2szoQ,El Dios de los Autos,external-reference,embed_link_and_summarize_only
Fte6pOWHEfk,https://www.youtube.com/watch?v=Fte6pOWHEfk,HYUNDAI Y CHEVROLET AHORA SON UNO - ENORME NOTICIA,675.0,,videos,https://i.ytimg.com/vi/Fte6pOWHEfk/hqdefault.jpg?sqp=-oaymwEcCNACELwBSFXyq4qpAw4IARUAAIhCGAFwAcABBg==&rs=AOn4CLCI_kOT8YKrMXrKLWkh4ccrFLQsKQ,El Dios de los Autos,external-reference,embed_link_and_summarize_only
3-9NYVfb4dg,https://www.youtube.com/watch?v=3-9NYVfb4dg,SUBARU CROSSTREK VS HONDA HR-V ¿CUÁL COMPRAR?,642.0,,videos,https://i.ytimg.com/vi/3-9NYVfb4dg/hqdefault.jpg?sqp=-oaymwEcCNACELwBSFXyq4qpAw4IARUAAIhCGAFwAcABBg==&rs=AOn4CLDyURZApa57wB98rT2GJQ0TGCs95Q,El Dios de los Autos,external-reference,embed_link_and_summarize_only
7rWRcgmrLY4,https://www.youtube.com/watch?v=7rWRcgmrLY4,¿QUÉ IDIOTA COMPRA UN TOYOTA HILUX STOUT 2024?,684.0,,videos,https://i.ytimg.com/vi/7rWRcgmrLY4/hqdefault.jpg?sqp=-oaymwEcCNACELwBSFXyq4qpAw4IARUAAIhCGAFwAcABBg==&rs=AOn4CLC3BW6Sp1MAcnOCz5B1VprfTbjFGA,El Dios de los Autos,external-reference,embed_link_and_summarize_only
tZHSUBWcIQo,https://www.youtube.com/watch?v=tZHSUBWcIQo,NISSAN LO HIZO DE NUEVO,788.0,,videos,https://i.ytimg.com/vi/tZHSUBWcIQo/hqdefault.jpg?sqp=-oaymwEcCNACELwBSFXyq4qpAw4IARUAAIhCGAFwAcABBg==&rs=AOn4CLDaWf4fjxqfUEWFrU0XRSaORqJTyg,El Dios de los Autos,external-reference,embed_link_and_summarize_only
RoSDa8JG_ow,https://www.youtube.com/watch?v=RoSDa8JG_ow,DEJA DE COMPRAR ESTOS AUTOS YA (Si lo Haces Te Arrepentirás),656.0,,videos,https://i.ytimg.com/vi/RoSDa8JG_ow/hqdefault.jpg?sqp=-oaymwEcCNACELwBSFXyq4qpAw4IARUAAIhCGAFwAcABBg==&rs=AOn4CLADEBB2alvkPnpYWz7UOKNvc87yRw,El Dios de los Autos,external-reference,embed_link_and_summarize_only
1L2YoisXJnI,https://www.youtube.com/watch?v=1L2YoisXJnI,CHINA ESTA ACABADA Y ARRASTRA TODA LA INDUSTRIA AUTOMOTRIZ (CUIDADO),682.0,,videos,https://i.ytimg.com/vi/1L2YoisXJnI/hqdefault.jpg?sqp=-oaymwEcCNACELwBSFXyq4qpAw4IARUAAIhCGAFwAcABBg==&rs=AOn4CLATUVwnSGEQ9ULPJ84HNQ6sbTnEjQ,El Dios de los Autos,external-reference,embed_link_and_summarize_only
lVk3UgCTG50,https://www.youtube.com/watch?v=lVk3UgCTG50,MEJORES AUTOS PREMIUM CALIDAD PRECIO 2024,744.0,,videos,https://i.ytimg.com/vi/lVk3UgCTG50/hqdefault.jpg?sqp=-oaymwEcCNACELwBSFXyq4qpAw4IARUAAIhCGAFwAcABBg==&rs=AOn4CLC02qtkIG8g0vol0cbisuutCxI8gQ,El Dios de los Autos,external-reference,embed_link_and_summarize_only
GykhyQpHChM,https://www.youtube.com/watch?v=GykhyQpHChM,"Prepárese, PRECIOS de AUTOMOVILES bajarán 50%",1010.0,,videos,https://i.ytimg.com/vi/GykhyQpHChM/hqdefault.jpg?sqp=-oaymwEcCNACELwBSFXyq4qpAw4IARUAAIhCGAFwAcABBg==&rs=AOn4CLDW20wvbKFyCpOMQzy-pMD3hu5aVQ,El Dios de los Autos,external-reference,embed_link_and_summarize_only
s28DNfI0zCg,https://www.youtube.com/watch?v=s28DNfI0zCg,¿QUÉ IDIOTA COMPRA UN DODGE ATTITUDE 2025?,799.0,,videos,https://i.ytimg.com/vi/s28DNfI0zCg/hqdefault.jpg?sqp=-oaymwEcCNACELwBSFXyq4qpAw4IARUAAIhCGAFwAcABBg==&rs=AOn4CLDBp3cn1uRMhKJlDSj7HUx6teg0iQ,El Dios de los Autos,external-reference,embed_link_and_summarize_only
rKlLqcaDvsM,https://www.youtube.com/watch?v=rKlLqcaDvsM,FORD Y CHEVROLET ESTÁN ACABADOS - ESTO ES INCREÍBLE,652.0,,videos,https://i.ytimg.com/vi/rKlLqcaDvsM/hqdefault.jpg?sqp=-oaymwEcCNACELwBSFXyq4qpAw4IARUAAIhCGAFwAcABBg==&rs=AOn4CLDILlKAF7P-hVK0n1LlacbL94MrXg,El Dios de los Autos,external-reference,embed_link_and_summarize_only
woOTx0hEHyI,https://www.youtube.com/watch?v=woOTx0hEHyI,MAZDA 3 VS SUBARU IMPREZA ¿CUAL COMPRAR?,779.0,,videos,https://i.ytimg.com/vi/woOTx0hEHyI/hqdefault.jpg?sqp=-oaymwEcCNACELwBSFXyq4qpAw4IARUAAIhCGAFwAcABBg==&rs=AOn4CLAi3viIjyyOr4ELlmsWSmDRihmCEA,El Dios de los Autos,external-reference,embed_link_and_summarize_only
eWB6SRj5zSU,https://www.youtube.com/watch?v=eWB6SRj5zSU,"SI SOLO TIENES $7,000 COMPRA ESTE AUTO",632.0,,videos,https://i.ytimg.com/vi/eWB6SRj5zSU/hqdefault.jpg?sqp=-oaymwEcCNACELwBSFXyq4qpAw4IARUAAIhCGAFwAcABBg==&rs=AOn4CLB9SDisfSvV827uBAF9F2kCxPEW4w,El Dios de los Autos,external-reference,embed_link_and_summarize_only
AoxkE_bINEQ,https://www.youtube.com/watch?v=AoxkE_bINEQ,MARCA DE AUTOS ESTA A PUNTO DE QUEBRAR (NO COMPRAR),741.0,,videos,https://i.ytimg.com/vi/AoxkE_bINEQ/hqdefault.jpg?sqp=-oaymwEcCNACELwBSFXyq4qpAw4IARUAAIhCGAFwAcABBg==&rs=AOn4CLBaME421gSBR9K_4n2amGYy3pI3vg,El Dios de los Autos,external-reference,embed_link_and_summarize_only
zxgVfqz4PP4,https://www.youtube.com/watch?v=zxgVfqz4PP4,3 MARCAS DE AUTO QUE NUNCA DEBES COMPRAR,765.0,,videos,https://i.ytimg.com/vi/zxgVfqz4PP4/hqdefault.jpg?sqp=-oaymwEcCNACELwBSFXyq4qpAw4IARUAAIhCGAFwAcABBg==&rs=AOn4CLCfZlYxLvRLfAu6JbZUU1VEMARGrg,El Dios de los Autos,external-reference,embed_link_and_summarize_only
YV8kv41wO2E,https://www.youtube.com/watch?v=YV8kv41wO2E,HAZ ESTO Y TU MOTOR DURARÁ PARA SIEMPRE,911.0,,videos,https://i.ytimg.com/vi/YV8kv41wO2E/hqdefault.jpg?sqp=-oaymwEcCNACELwBSFXyq4qpAw4IARUAAIhCGAFwAcABBg==&rs=AOn4CLC6YlxehghdeYW51AVdLZ2TkGNhLQ,El Dios de los Autos,external-reference,embed_link_and_summarize_only
9kI4DOaNIa8,https://www.youtube.com/watch?v=9kI4DOaNIa8,¿QUE IDIOTA COMPRA UNA MITSUBISHI L200?,636.0,,videos,https://i.ytimg.com/vi/9kI4DOaNIa8/hqdefault.jpg?sqp=-oaymwEcCNACELwBSFXyq4qpAw4IARUAAIhCGAFwAcABBg==&rs=AOn4CLBDNZLk3WPca6TLV5QHFl8P50AM8w,El Dios de los Autos,external-reference,embed_link_and_summarize_only
85bPZpgnjZ4,https://www.youtube.com/watch?v=85bPZpgnjZ4,CHINA ACABA DE COMPRAR ESTA MARCA AMERICANA - ENORME NOTICIA,1089.0,,videos,https://i.ytimg.com/vi/85bPZpgnjZ4/hqdefault.jpg?sqp=-oaymwEcCNACELwBSFXyq4qpAw4IARUAAIhCGAFwAcABBg==&rs=AOn4CLBapHlcz833J3YPpb7mFqTeCTnpfQ,El Dios de los Autos,external-reference,embed_link_and_summarize_only
mjHKrrddf54,https://www.youtube.com/watch?v=mjHKrrddf54,NUNCA COMPRES EL ACEITE QUE ELLOS VENDEN,762.0,,videos,https://i.ytimg.com/vi/mjHKrrddf54/hqdefault.jpg?sqp=-oaymwEcCNACELwBSFXyq4qpAw4IARUAAIhCGAFwAcABBg==&rs=AOn4CLATWnRifwFQJ57tHt9TNJB4x6MheQ,El Dios de los Autos,external-reference,embed_link_and_summarize_only
npwCvwgKpAc,https://www.youtube.com/watch?v=npwCvwgKpAc,TOYOTA RAV4 VS MAZDA CX5 ¿CUAL COMPRAR?,869.0,,videos,https://i.ytimg.com/vi/npwCvwgKpAc/hqdefault.jpg?sqp=-oaymwEcCNACELwBSFXyq4qpAw4IARUAAIhCGAFwAcABBg==&rs=AOn4CLB13PkI0IRX64sCbsk4hloQE1Amow,El Dios de los Autos,external-reference,embed_link_and_summarize_only
yE_UiOubsZk,https://www.youtube.com/watch?v=yE_UiOubsZk,NO PENSÉ QUE VIVIRÍA PARA VER ESTE DÍA LLEGAR,665.0,,videos,https://i.ytimg.com/vi/yE_UiOubsZk/hqdefault.jpg?sqp=-oaymwEcCNACELwBSFXyq4qpAw4IARUAAIhCGAFwAcABBg==&rs=AOn4CLC_dlvqSdQWZrWmMZr8QJSIufdsLw,El Dios de los Autos,external-reference,embed_link_and_summarize_only
vOkH9u-DkPk,https://www.youtube.com/watch?v=vOkH9u-DkPk,Pick up KIA TASMAN 2025 Destroza a Toyota HILUX!,719.0,,videos,https://i.ytimg.com/vi/vOkH9u-DkPk/hqdefault.jpg?sqp=-oaymwEcCNACELwBSFXyq4qpAw4IARUAAIhCGAFwAcABBg==&rs=AOn4CLChYWGEn9EZEXM4DxdXaXbCc4AvDw,El Dios de los Autos,external-reference,embed_link_and_summarize_only
g8lbhzj4GUA,https://www.youtube.com/watch?v=g8lbhzj4GUA,¿QUE IDIOTA COMPRA UN MITSUBISHI OUTLANDER SPORT 2025?,724.0,,videos,https://i.ytimg.com/vi/g8lbhzj4GUA/hqdefault.jpg?sqp=-oaymwEcCNACELwBSFXyq4qpAw4IARUAAIhCGAFwAcABBg==&rs=AOn4CLBCNfrcQ5rEMT1cA1hidxs1kf09iw,El Dios de los Autos,external-reference,embed_link_and_summarize_only
9OFNLulFlfg,https://www.youtube.com/watch?v=9OFNLulFlfg,AL FIN ME COMPRÉ UN CAMARO V8,1092.0,,videos,https://i.ytimg.com/vi/9OFNLulFlfg/hqdefault.jpg?sqp=-oaymwEcCNACELwBSFXyq4qpAw4IARUAAIhCGAFwAcABBg==&rs=AOn4CLBZD2taxqXg2nKf1SpFyO3yKT9w8Q,El Dios de los Autos,external-reference,embed_link_and_summarize_only
2PHfjlUMlEI,https://www.youtube.com/watch?v=2PHfjlUMlEI,ESTA SUV CHINA ME HA SORPRENDIDO,783.0,,videos,https://i.ytimg.com/vi/2PHfjlUMlEI/hqdefault.jpg?sqp=-oaymwEcCNACELwBSFXyq4qpAw4IARUAAIhCGAFwAcABBg==&rs=AOn4CLCOGL9s3TDYjTd3DBSUEcF6Zt6RPA,El Dios de los Autos,external-reference,embed_link_and_summarize_only
H4PLASBc3Jo,https://www.youtube.com/watch?v=H4PLASBc3Jo,CHINA ACABA DE HACER ILEGAL LA GASOLINA (SEGUIMOS NOSOTROS),800.0,,videos,https://i.ytimg.com/vi/H4PLASBc3Jo/hqdefault.jpg?sqp=-oaymwEcCNACELwBSFXyq4qpAw4IARUAAIhCGAFwAcABBg==&rs=AOn4CLAcCSLP5WbWg7xwCC2KYQKif8jAGg,El Dios de los Autos,external-reference,embed_link_and_summarize_only
ZBTzTfcFqNk,https://www.youtube.com/watch?v=ZBTzTfcFqNk,¿QUE IDIOTA COMPRA UN VOLKSWAGEN JETTA 2025?,780.0,,videos,https://i.ytimg.com/vi/ZBTzTfcFqNk/hqdefault.jpg?sqp=-oaymwEcCNACELwBSFXyq4qpAw4IARUAAIhCGAFwAcABBg==&rs=AOn4CLDn8rXJ3pDRE0gfVMejo5qeo_-xgg,El Dios de los Autos,external-reference,embed_link_and_summarize_only
_MKTWAbe6ds,https://www.youtube.com/watch?v=_MKTWAbe6ds,FORD Y CHEVROLET ESTÁN AL BORDE DE LA QUIEBRA - ENORME NOTICIA,676.0,,videos,https://i.ytimg.com/vi/_MKTWAbe6ds/hqdefault.jpg?sqp=-oaymwEcCNACELwBSFXyq4qpAw4IARUAAIhCGAFwAcABBg==&rs=AOn4CLBnMVnHgznqAdbuqqG1zKP6mlWHmg,El Dios de los Autos,external-reference,embed_link_and_summarize_only
ohm7KYzV_hE,https://www.youtube.com/watch?v=ohm7KYzV_hE,UN MONSTRUO HA NACIDO,606.0,,videos,https://i.ytimg.com/vi/ohm7KYzV_hE/hqdefault.jpg?sqp=-oaymwEcCNACELwBSFXyq4qpAw4IARUAAIhCGAFwAcABBg==&rs=AOn4CLARL83yRFlfWRr5hYI5wAD3HCpx3g,El Dios de los Autos,external-reference,embed_link_and_summarize_only
fJ7TR2JtV6U,https://www.youtube.com/watch?v=fJ7TR2JtV6U,Haz Esto y Tu Auto DURARÁ PARA SIEMPRE,1072.0,,videos,https://i.ytimg.com/vi/fJ7TR2JtV6U/hqdefault.jpg?sqp=-oaymwEcCNACELwBSFXyq4qpAw4IARUAAIhCGAFwAcABBg==&rs=AOn4CLDmCj-K_TIRNHRYTTaA00oPgGQ4ZQ,El Dios de los Autos,external-reference,embed_link_and_summarize_only
enLqqPzt5ig,https://www.youtube.com/watch?v=enLqqPzt5ig,"¡NUEVO Lamborghini Temerario BARATO deja obsoletos a FERRARI, PORSCHE y MCLAREN!",727.0,,videos,https://i.ytimg.com/vi/enLqqPzt5ig/hqdefault.jpg?sqp=-oaymwEcCNACELwBSFXyq4qpAw4IARUAAIhCGAFwAcABBg==&rs=AOn4CLARXp4LEFSoqVIvtOpq4UI3ekUuOQ,El Dios de los Autos,external-reference,embed_link_and_summarize_only
8i87MsafxK8,https://www.youtube.com/watch?v=8i87MsafxK8,Quieren Demandarme por Hablar de Esto.,693.0,,videos,https://i.ytimg.com/vi/8i87MsafxK8/hqdefault.jpg?sqp=-oaymwEcCNACELwBSFXyq4qpAw4IARUAAIhCGAFwAcABBg==&rs=AOn4CLAnZKPMS0TWwPPy0mxB6-3NX8mAtg,El Dios de los Autos,external-reference,embed_link_and_summarize_only
QCI4P53ixqo,https://www.youtube.com/watch?v=QCI4P53ixqo,CUPRA Destroza a TODOS con el FORMENTOR,738.0,,videos,https://i.ytimg.com/vi/QCI4P53ixqo/hqdefault.jpg?sqp=-oaymwEcCNACELwBSFXyq4qpAw4IARUAAIhCGAFwAcABBg==&rs=AOn4CLAXGqAPlGMggUxEktkuEYVtzY-KUg,El Dios de los Autos,external-reference,embed_link_and_summarize_only
5iY0ImLxXM0,https://www.youtube.com/watch?v=5iY0ImLxXM0,POR ESTO NUEVO CORVETTE ZR1 ES EL NUEVO GT-R,825.0,,videos,https://i.ytimg.com/vi/5iY0ImLxXM0/hqdefault.jpg?sqp=-oaymwEcCNACELwBSFXyq4qpAw4IARUAAIhCGAFwAcABBg==&rs=AOn4CLDYO8d9iND9-VzmUgGnEwQB1yZ5fQ,El Dios de los Autos,external-reference,embed_link_and_summarize_only
EB70DxZTRyE,https://www.youtube.com/watch?v=EB70DxZTRyE,¿Qué DIABLOS es un HONDA ODISSEY y Porque DEADPOOL lo ODIA?,764.0,,videos,https://i.ytimg.com/vi/EB70DxZTRyE/hqdefault.jpg?sqp=-oaymwEcCNACELwBSFXyq4qpAw4IARUAAIhCGAFwAcABBg==&rs=AOn4CLDpC4HZyZAW67Ib8kQh5IDxA8ELqA,El Dios de los Autos,external-reference,embed_link_and_summarize_only
0MNuyM0C5_w,https://www.youtube.com/watch?v=0MNuyM0C5_w,IDIOTAS ESTÁN COMPRANDO ESTE HYUNDAI (No me sorprende),1089.0,,videos,https://i.ytimg.com/vi/0MNuyM0C5_w/hqdefault.jpg?sqp=-oaymwEcCNACELwBSFXyq4qpAw4IARUAAIhCGAFwAcABBg==&rs=AOn4CLCtriY3avLFyhlAfFKQoDE_ko_UCQ,El Dios de los Autos,external-reference,embed_link_and_summarize_only
q-er_EAtaiM,https://www.youtube.com/watch?v=q-er_EAtaiM,¡COMPRÉ el MEJOR COCHE de mi Vida HASTA HOY!,722.0,,videos,https://i.ytimg.com/vi/q-er_EAtaiM/hqdefault.jpg?sqp=-oaymwEcCNACELwBSFXyq4qpAw4IARUAAIhCGAFwAcABBg==&rs=AOn4CLCt_IjhQVHGu4dEovFV6z_9lPxOxg,El Dios de los Autos,external-reference,embed_link_and_summarize_only
1nkHTEbQSYk,https://www.youtube.com/watch?v=1nkHTEbQSYk,LA PEOR MARCA DE AUTOS que solo un IDIOTA Compraría,1072.0,,videos,https://i.ytimg.com/vi/1nkHTEbQSYk/hqdefault.jpg?sqp=-oaymwEcCNACELwBSFXyq4qpAw4IARUAAIhCGAFwAcABBg==&rs=AOn4CLC6pymdf-X0joEzRpRbef_tswFL-g,El Dios de los Autos,external-reference,embed_link_and_summarize_only
_PNpIBJFpPk,https://www.youtube.com/watch?v=_PNpIBJFpPk,EL OSCURO SECRETO DEL NUEVO DODGE ATTITUDE 2025,815.0,,videos,https://i.ytimg.com/vi/_PNpIBJFpPk/hqdefault.jpg?sqp=-oaymwEcCNACELwBSFXyq4qpAw4IARUAAIhCGAFwAcABBg==&rs=AOn4CLDZgSG4Xolk8R6fdclYHGkhsaUtyg,El Dios de los Autos,external-reference,embed_link_and_summarize_only
gHj5C3PhfEg,https://www.youtube.com/watch?v=gHj5C3PhfEg,COMPRAR este auto te DEJARÁ POBRE,832.0,,videos,https://i.ytimg.com/vi/gHj5C3PhfEg/hqdefault.jpg?sqp=-oaymwEcCNACELwBSFXyq4qpAw4IARUAAIhCGAFwAcABBg==&rs=AOn4CLC_UCL8M2pPr_aevcEV8RKH0fAG1Q,El Dios de los Autos,external-reference,embed_link_and_summarize_only
MYsE17NNqAU,https://www.youtube.com/watch?v=MYsE17NNqAU,LA VERDAD DEL KIA K4 2025,800.0,,videos,https://i.ytimg.com/vi/MYsE17NNqAU/hqdefault.jpg?sqp=-oaymwEcCNACELwBSFXyq4qpAw4IARUAAIhCGAFwAcABBg==&rs=AOn4CLCmFJ9RdNmDSytSXAmbErCYr0109w,El Dios de los Autos,external-reference,embed_link_and_summarize_only
K4zflM33K04,https://www.youtube.com/watch?v=K4zflM33K04,NO CREÍ VIVIR PARA VER ESTO JAMÁS,733.0,,videos,https://i.ytimg.com/vi/K4zflM33K04/hqdefault.jpg?sqp=-oaymwEcCNACELwBSFXyq4qpAw4IARUAAIhCGAFwAcABBg==&rs=AOn4CLDFNLSIBsv2_ur1wVE7eJsZ4Al4Ow,El Dios de los Autos,external-reference,embed_link_and_summarize_only
s_8yB5KcqO0,https://www.youtube.com/watch?v=s_8yB5KcqO0,DODGE HA MUERTO! - El último adiós,1044.0,,videos,https://i.ytimg.com/vi/s_8yB5KcqO0/hqdefault.jpg?sqp=-oaymwEcCNACELwBSFXyq4qpAw4IARUAAIhCGAFwAcABBg==&rs=AOn4CLA_O8viZBB6WjY3MAcCK8LHY909vw,El Dios de los Autos,external-reference,embed_link_and_summarize_only
R61WkQwbEPA,https://www.youtube.com/watch?v=R61WkQwbEPA,¿QUE IDIOTA COMPRA UN NISSAN X - TRAIL?,975.0,,videos,https://i.ytimg.com/vi/R61WkQwbEPA/hqdefault.jpg?sqp=-oaymwEcCNACELwBSFXyq4qpAw4IARUAAIhCGAFwAcABBg==&rs=AOn4CLAE4FwZzIrpPzuXeRUQnQ27Fp8DIg,El Dios de los Autos,external-reference,embed_link_and_summarize_only
UcKi9zxJBPQ,https://www.youtube.com/watch?v=UcKi9zxJBPQ,PAGAR MÁS por 4x4 AWD en tú Camioneta Es estúpido,550.0,,videos,https://i.ytimg.com/vi/UcKi9zxJBPQ/hqdefault.jpg?sqp=-oaymwEcCNACELwBSFXyq4qpAw4IARUAAIhCGAFwAcABBg==&rs=AOn4CLAgbeuo-QIm8wR5DZVwp58pbgq9xQ,El Dios de los Autos,external-reference,embed_link_and_summarize_only
jHJk9kgH220,https://www.youtube.com/watch?v=jHJk9kgH220,CONCESIONARIOS se Volvieron CODICIOSOS | AHORA SE ARRUINARON,797.0,,videos,https://i.ytimg.com/vi/jHJk9kgH220/hqdefault.jpg?sqp=-oaymwEcCNACELwBSFXyq4qpAw4IARUAAIhCGAFwAcABBg==&rs=AOn4CLAv1j9t1A8ub2YYUCDLPpXo9dyWrQ,El Dios de los Autos,external-reference,embed_link_and_summarize_only
aDRVyeaVYVg,https://www.youtube.com/watch?v=aDRVyeaVYVg,USAR ESTE ACEITE DESTRUIRÁ TU MOTOR - Terrible noticia,801.0,,videos,https://i.ytimg.com/vi/aDRVyeaVYVg/hqdefault.jpg?sqp=-oaymwEcCNACELwBSFXyq4qpAw4IARUAAIhCGAFwAcABBg==&rs=AOn4CLCGkgU2g2yBUwnw01VbfUplly6z0w,El Dios de los Autos,external-reference,embed_link_and_summarize_only
65d6VrTzvz0,https://www.youtube.com/watch?v=65d6VrTzvz0,¡CONFIRMADO! ¡TOYOTA LO HIZO DE NUEVO!,679.0,,videos,https://i.ytimg.com/vi/65d6VrTzvz0/hqdefault.jpg?sqp=-oaymwEcCNACELwBSFXyq4qpAw4IARUAAIhCGAFwAcABBg==&rs=AOn4CLBQ0vLc8ctAYXw0xqUHR3_1F0iVqw,El Dios de los Autos,external-reference,embed_link_and_summarize_only
UQOJQNBC9tE,https://www.youtube.com/watch?v=UQOJQNBC9tE,TERRIBLES NOTICIAS,558.0,,videos,https://i.ytimg.com/vi/UQOJQNBC9tE/hqdefault.jpg?sqp=-oaymwEcCNACELwBSFXyq4qpAw4IARUAAIhCGAFwAcABBg==&rs=AOn4CLAwAiEhevgZVkh-FxLwN4ZBt85waQ,El Dios de los Autos,external-reference,embed_link_and_summarize_only
t8UbWTPohgg,https://www.youtube.com/watch?v=t8UbWTPohgg,TOYOTA CELICA Y MR2 2025,845.0,,videos,https://i.ytimg.com/vi/t8UbWTPohgg/hqdefault.jpg?sqp=-oaymwEcCNACELwBSFXyq4qpAw4IARUAAIhCGAFwAcABBg==&rs=AOn4CLDdXuspLydlnj4hDJYfO2ScYBUomQ,El Dios de los Autos,external-reference,embed_link_and_summarize_only
zWNx2wT2dNk,https://www.youtube.com/watch?v=zWNx2wT2dNk,NO PENSÉ QUE VIVIRÍA PARA VER ESTE DÍA LLEGAR,792.0,,videos,https://i.ytimg.com/vi/zWNx2wT2dNk/hqdefault.jpg?sqp=-oaymwEcCNACELwBSFXyq4qpAw4IARUAAIhCGAFwAcABBg==&rs=AOn4CLBV7_4su-oNVTg__3vTTH9X1ap__w,El Dios de los Autos,external-reference,embed_link_and_summarize_only
-12zylRflbk,https://www.youtube.com/watch?v=-12zylRflbk,5 MEJORES AUTOS VIEJOS BARATOS para Comprar YA! (Compra ahora antes que suban de precio),853.0,,videos,https://i.ytimg.com/vi/-12zylRflbk/hqdefault.jpg?sqp=-oaymwEcCNACELwBSFXyq4qpAw4IARUAAIhCGAFwAcABBg==&rs=AOn4CLBEVKZvJE9QzpLEHoShg_h0aRsujw,El Dios de los Autos,external-reference,embed_link_and_summarize_only
Eg-ZLiDDYpw,https://www.youtube.com/watch?v=Eg-ZLiDDYpw,¿QUE IDIOTA COMPRA UN MAZDA CX5?,585.0,,videos,https://i.ytimg.com/vi/Eg-ZLiDDYpw/hqdefault.jpg?sqp=-oaymwEcCNACELwBSFXyq4qpAw4IARUAAIhCGAFwAcABBg==&rs=AOn4CLBQEgaTxlR4nH5kIHjhpA8ACOtcTQ,El Dios de los Autos,external-reference,embed_link_and_summarize_only
SzM0VFMAHuc,https://www.youtube.com/watch?v=SzM0VFMAHuc,¡NUEVO Honda DESTROZA la Industria Automotriz!,575.0,,videos,https://i.ytimg.com/vi/SzM0VFMAHuc/hqdefault.jpg?sqp=-oaymwEcCNACELwBSFXyq4qpAw4IARUAAIhCGAFwAcABBg==&rs=AOn4CLASrPLQ6bhw0hZeEcwg0w8c303eLg,El Dios de los Autos,external-reference,embed_link_and_summarize_only
xEJlfbtRw8E,https://www.youtube.com/watch?v=xEJlfbtRw8E,NOS ESTÁN INUNDANDO de autos Nuevos y PRECIOS CAEN Todos los Días,620.0,,videos,https://i.ytimg.com/vi/xEJlfbtRw8E/hqdefault.jpg?sqp=-oaymwEcCNACELwBSFXyq4qpAw4IARUAAIhCGAFwAcABBg==&rs=AOn4CLDGwtYU94_tHuimJNNGugxBU1Bvug,El Dios de los Autos,external-reference,embed_link_and_summarize_only
HNKJPeF0ZlI,https://www.youtube.com/watch?v=HNKJPeF0ZlI,MITSUBISHI ES LA MEJOR MARCA DEL MUNDO,1147.0,,videos,https://i.ytimg.com/vi/HNKJPeF0ZlI/hqdefault.jpg?sqp=-oaymwEcCNACELwBSFXyq4qpAw4IARUAAIhCGAFwAcABBg==&rs=AOn4CLAL7ssk5c3jTMEk0toIFe7P63Jpgg,El Dios de los Autos,external-reference,embed_link_and_summarize_only
7qNLIxyVmcU,https://www.youtube.com/watch?v=7qNLIxyVmcU,CONCESIONARIOS se Volvieron CODICIOSOS | AHORA SE ARRUINARON,1004.0,,videos,https://i.ytimg.com/vi/7qNLIxyVmcU/hqdefault.jpg?sqp=-oaymwEcCNACELwBSFXyq4qpAw4IARUAAIhCGAFwAcABBg==&rs=AOn4CLB7G0VFnilpyluy0d9GNu9DKwZx2A,El Dios de los Autos,external-reference,embed_link_and_summarize_only
-UjWeb0hdBE,https://www.youtube.com/watch?v=-UjWeb0hdBE,¿POR QUÉ NO COMPRAR UN AUTO CON TURBO?,908.0,,videos,https://i.ytimg.com/vi/-UjWeb0hdBE/hqdefault.jpg?sqp=-oaymwEcCNACELwBSFXyq4qpAw4IARUAAIhCGAFwAcABBg==&rs=AOn4CLC8SobN3qLFh0LlhmqcmTbWY4GIWw,El Dios de los Autos,external-reference,embed_link_and_summarize_only
WaaquIX2dlU,https://www.youtube.com/watch?v=WaaquIX2dlU,POR ESTO ME RÍO DE LOS COCHES ELÉCTRICOS,595.0,,videos,https://i.ytimg.com/vi/WaaquIX2dlU/hqdefault.jpg?sqp=-oaymwEcCNACELwBSFXyq4qpAw4IARUAAIhCGAFwAcABBg==&rs=AOn4CLDisCIORABzagqZUVrDcop7Byr6Sw,El Dios de los Autos,external-reference,embed_link_and_summarize_only
dJWU99y71FU,https://www.youtube.com/watch?v=dJWU99y71FU,HYUNDAI Y KIA CERRARAN EN AMERICA,647.0,,videos,https://i.ytimg.com/vi/dJWU99y71FU/hqdefault.jpg?sqp=-oaymwEcCNACELwBSFXyq4qpAw4IARUAAIhCGAFwAcABBg==&rs=AOn4CLDPwSP8O_uvKU_uMoER90diwUFf6g,El Dios de los Autos,external-reference,embed_link_and_summarize_only
vCqvVLAltlc,https://www.youtube.com/watch?v=vCqvVLAltlc,¿QUE IDIOTA COMPRA UN TOYOTA LAND CRUSIER PRADO 2024?,737.0,,videos,https://i.ytimg.com/vi/vCqvVLAltlc/hqdefault.jpg?sqp=-oaymwEcCNACELwBSFXyq4qpAw4IARUAAIhCGAFwAcABBg==&rs=AOn4CLADiHPhLsrb0KZnoLHoDRgiJLYJCA,El Dios de los Autos,external-reference,embed_link_and_summarize_only
zDOpeA8KHqI,https://www.youtube.com/watch?v=zDOpeA8KHqI,JETOUR ES LA MEJOR MARCA DEL MUNDO,1563.0,,videos,https://i.ytimg.com/vi/zDOpeA8KHqI/hqdefault.jpg?sqp=-oaymwEcCNACELwBSFXyq4qpAw4IARUAAIhCGAFwAcABBg==&rs=AOn4CLCS-p09XyxRcjeZrn2FnAvCxLI5Kg,El Dios de los Autos,external-reference,embed_link_and_summarize_only
1zVVLpIBwyI,https://www.youtube.com/watch?v=1zVVLpIBwyI,3 COSAS QUE NUNCA DEBES HACER A TU MOTOR,905.0,,videos,https://i.ytimg.com/vi/1zVVLpIBwyI/hqdefault.jpg?sqp=-oaymwEcCNACELwBSFXyq4qpAw4IARUAAIhCGAFwAcABBg==&rs=AOn4CLA-ZZgmNRLa-8uFZ25YFoFQW8R9FQ,El Dios de los Autos,external-reference,embed_link_and_summarize_only
-LhFPleB_xc,https://www.youtube.com/watch?v=-LhFPleB_xc,TENGO QUE HACER ESTE VIDEO,793.0,,videos,https://i.ytimg.com/vi/-LhFPleB_xc/hqdefault.jpg?sqp=-oaymwEcCNACELwBSFXyq4qpAw4IARUAAIhCGAFwAcABBg==&rs=AOn4CLDAEsdMx7UptP46lgpuf7XbFfCYeA,El Dios de los Autos,external-reference,embed_link_and_summarize_only
7gwm6nb3HPs,https://www.youtube.com/watch?v=7gwm6nb3HPs,5 MEJORES SUV OFFROAD 4x4 2024,735.0,,videos,https://i.ytimg.com/vi/7gwm6nb3HPs/hqdefault.jpg?sqp=-oaymwEcCNACELwBSFXyq4qpAw4IARUAAIhCGAFwAcABBg==&rs=AOn4CLAxElnHBeoRTFKjYz00gU0q-iwzbA,El Dios de los Autos,external-reference,embed_link_and_summarize_only
xL5J9W-3YoU,https://www.youtube.com/watch?v=xL5J9W-3YoU,¿QUE IDIOTA COMPRA UN SUZUKI SWIFT 2025?,722.0,,videos,https://i.ytimg.com/vi/xL5J9W-3YoU/hqdefault.jpg?sqp=-oaymwEcCNACELwBSFXyq4qpAw4IARUAAIhCGAFwAcABBg==&rs=AOn4CLAp5vCWrPKVm-NN3EZalGBJTFRZcA,El Dios de los Autos,external-reference,embed_link_and_summarize_only
fKkTnleJTns,https://www.youtube.com/watch?v=fKkTnleJTns,NADIE dice la VERDAD de los TURBOS (Así que yo lo haré),524.0,,videos,https://i.ytimg.com/vi/fKkTnleJTns/hqdefault.jpg?sqp=-oaymwEcCNACELwBSFXyq4qpAw4IARUAAIhCGAFwAcABBg==&rs=AOn4CLAg9u-_4rtcGzxkATxip_MOQJ5Pow,El Dios de los Autos,external-reference,embed_link_and_summarize_only
gCs0Iz-qrig,https://www.youtube.com/watch?v=gCs0Iz-qrig,"¿TU PRIMER AUTO SERA UNA SUV? ESPERA, PRIMERO ESCUCHA ESTO",689.0,,videos,https://i.ytimg.com/vi/gCs0Iz-qrig/hqdefault.jpg?sqp=-oaymwEcCNACELwBSFXyq4qpAw4IARUAAIhCGAFwAcABBg==&rs=AOn4CLCxRRjCUxgYvCtr8kPyLhGpHLwSXQ,El Dios de los Autos,external-reference,embed_link_and_summarize_only
no5ejSbw8Kk,https://www.youtube.com/watch?v=no5ejSbw8Kk,NUEVA PICK UP DODGE Hace TEMBLAR a TOYOTA HILUX,447.0,,videos,https://i.ytimg.com/vi/no5ejSbw8Kk/hqdefault.jpg?sqp=-oaymwEcCNACELwBSFXyq4qpAw4IARUAAIhCGAFwAcABBg==&rs=AOn4CLAy6dRrxJeZOcEPRf8ULwRKUTsZcA,El Dios de los Autos,external-reference,embed_link_and_summarize_only
20788ruQRWo,https://www.youtube.com/watch?v=20788ruQRWo,AUTOPARTES CHINAS VS ORIGINALES (RESULTADOS IMPACTANTES),565.0,,videos,https://i.ytimg.com/vi/20788ruQRWo/hqdefault.jpg?sqp=-oaymwEcCNACELwBSFXyq4qpAw4IARUAAIhCGAFwAcABBg==&rs=AOn4CLBXHBxPlfSQ7GGK5vcNz9ArryXdyA,El Dios de los Autos,external-reference,embed_link_and_summarize_only
OdA4dAb-KGg,https://www.youtube.com/watch?v=OdA4dAb-KGg,MARCA DE AUTOS VA A QUEBRAR EN 2025 - ENORME NOTICIA,862.0,,videos,https://i.ytimg.com/vi/OdA4dAb-KGg/hqdefault.jpg?sqp=-oaymwEcCNACELwBSFXyq4qpAw4IARUAAIhCGAFwAcABBg==&rs=AOn4CLD0eGRYVIrWdqjrBf6JlehrVJKF_g,El Dios de los Autos,external-reference,embed_link_and_summarize_only
41AOteDcm08,https://www.youtube.com/watch?v=41AOteDcm08,3 AUTOS QUE YO COMPRARÍA (SI TUVIERA EL DINERO),685.0,,videos,https://i.ytimg.com/vi/41AOteDcm08/hqdefault.jpg?sqp=-oaymwEcCNACELwBSFXyq4qpAw4IARUAAIhCGAFwAcABBg==&rs=AOn4CLBHj7SL_HaSMWpdDpf5CphFwEb-qw,El Dios de los Autos,external-reference,embed_link_and_summarize_only
ydQBDT4r6-g,https://www.youtube.com/watch?v=ydQBDT4r6-g,"AUTOS NUEVOS SE ESTÁN ACABANDO, COMPRA AHORA O TE ARREPENTIRAS",766.0,,videos,https://i.ytimg.com/vi/ydQBDT4r6-g/hqdefault.jpg?sqp=-oaymwEcCNACELwBSFXyq4qpAw4IARUAAIhCGAFwAcABBg==&rs=AOn4CLCzQL3xOPa-tswawIIfkoLov8ovUw,El Dios de los Autos,external-reference,embed_link_and_summarize_only
hdfhyvC-FJA,https://www.youtube.com/watch?v=hdfhyvC-FJA,NUEVAS Pick up TOYOTA Tienen PROBLEMAS TERRIBLES de MOTOR (NO LAS COMPRES),536.0,,videos,https://i.ytimg.com/vi/hdfhyvC-FJA/hqdefault.jpg?sqp=-oaymwEcCNACELwBSFXyq4qpAw4IARUAAIhCGAFwAcABBg==&rs=AOn4CLDJParw4lqfEG2JqMI7mznI68rujg,El Dios de los Autos,external-reference,embed_link_and_summarize_only
ariet1ofsco,https://www.youtube.com/watch?v=ariet1ofsco,¿QUE IDIOTA COMPRA UNA CHANGAN UNI-T?,752.0,,videos,https://i.ytimg.com/vi/ariet1ofsco/hqdefault.jpg?sqp=-oaymwEcCNACELwBSFXyq4qpAw4IARUAAIhCGAFwAcABBg==&rs=AOn4CLDGVoZnjBtCtAwxYTMuDrCDNxEs_w,El Dios de los Autos,external-reference,embed_link_and_summarize_only
wIlXr6L3swo,https://www.youtube.com/watch?v=wIlXr6L3swo,¿PORQUE A LOS HOMBRES NOS ENCANTAN LAS PICK UP?,726.0,,videos,https://i.ytimg.com/vi/wIlXr6L3swo/hqdefault.jpg?sqp=-oaymwEcCNACELwBSFXyq4qpAw4IARUAAIhCGAFwAcABBg==&rs=AOn4CLAFy8HHbwFryj97bQ1DXFyjc90F6g,El Dios de los Autos,external-reference,embed_link_and_summarize_only
q9abtdgrxUU,https://www.youtube.com/watch?v=q9abtdgrxUU,MEJORES PRIMER AUTO CALIDAD PRECIO 2024,908.0,,videos,https://i.ytimg.com/vi/q9abtdgrxUU/hqdefault.jpg?sqp=-oaymwEcCNACELwBSFXyq4qpAw4IARUAAIhCGAFwAcABBg==&rs=AOn4CLAolEPS50-0iW87jtUzn0Ta9DQYaQ,El Dios de los Autos,external-reference,embed_link_and_summarize_only
-yvmz1826xI,https://www.youtube.com/watch?v=-yvmz1826xI,HAVAL / GREAT WALL ES LA MEJOR MARCA DEL MUNDO,1057.0,,videos,https://i.ytimg.com/vi/-yvmz1826xI/hqdefault.jpg?sqp=-oaymwEcCNACELwBSFXyq4qpAw4IARUAAIhCGAFwAcABBg==&rs=AOn4CLAZsHWUg6jQ5I8JdTj-wGwKeTtGow,El Dios de los Autos,external-reference,embed_link_and_summarize_only
3GomOmpFPKw,https://www.youtube.com/watch?v=3GomOmpFPKw,ESTOY HARTO Y YA NO ME QUEDARÉ CALLADO,833.0,,videos,https://i.ytimg.com/vi/3GomOmpFPKw/hqdefault.jpg?sqp=-oaymwEcCNACELwBSFXyq4qpAw4IARUAAIhCGAFwAcABBg==&rs=AOn4CLBe_z3hB10nV5y0ZKkNMqdAAvrqsw,El Dios de los Autos,external-reference,embed_link_and_summarize_only
N4kw03LblIA,https://www.youtube.com/watch?v=N4kw03LblIA,MG 3 2024 ES EL MEJOR AUTO CHINO HASTA HOY ¿O ES BASURA?,846.0,,videos,https://i.ytimg.com/vi/N4kw03LblIA/hqdefault.jpg?sqp=-oaymwEcCNACELwBSFXyq4qpAw4IARUAAIhCGAFwAcABBg==&rs=AOn4CLA0Pcs_a7SOmBKgU_s0LkP9y8HQUg,El Dios de los Autos,external-reference,embed_link_and_summarize_only
jSXqle54prc,https://www.youtube.com/watch?v=jSXqle54prc,3 Vehículos que DURARÁN PARA SIEMPRE (No Puedes Destruirlos),691.0,,videos,https://i.ytimg.com/vi/jSXqle54prc/hqdefault.jpg?sqp=-oaymwEcCNACELwBSFXyq4qpAw4IARUAAIhCGAFwAcABBg==&rs=AOn4CLBa8i90tJOMI37II6-xwGLkM8VwJQ,El Dios de los Autos,external-reference,embed_link_and_summarize_only
0faF0NTSg_Q,https://www.youtube.com/watch?v=0faF0NTSg_Q,8 AUTOS LEGENDARIOS QUE YA NADIE RECUERDA,774.0,,videos,https://i.ytimg.com/vi/0faF0NTSg_Q/hqdefault.jpg?sqp=-oaymwEcCNACELwBSFXyq4qpAw4IARUAAIhCGAFwAcABBg==&rs=AOn4CLD8Vpfl_7pmYMWxpR4MbJXuhlPVxA,El Dios de los Autos,external-reference,embed_link_and_summarize_only
ApCKPOiuQwc,https://www.youtube.com/watch?v=ApCKPOiuQwc,"Prepárese, PRECIOS de AUTOMOVILES bajarán un 50%",814.0,,videos,https://i.ytimg.com/vi/ApCKPOiuQwc/hqdefault.jpg?sqp=-oaymwEcCNACELwBSFXyq4qpAw4IARUAAIhCGAFwAcABBg==&rs=AOn4CLCklBjc5t_LVxUadPKXk6TqlIE8fA,El Dios de los Autos,external-reference,embed_link_and_summarize_only
yYiZbWY0nVU,https://www.youtube.com/watch?v=yYiZbWY0nVU,¿QUE TAN PREMIUM ES UN AUTO PREMIUM?,788.0,,videos,https://i.ytimg.com/vi/yYiZbWY0nVU/hqdefault.jpg?sqp=-oaymwEcCNACELwBSFXyq4qpAw4IARUAAIhCGAFwAcABBg==&rs=AOn4CLD43r0h6pyUjBh1DoR7idAc6rF1sg,El Dios de los Autos,external-reference,embed_link_and_summarize_only
UCorcT-Bvpg,https://www.youtube.com/watch?v=UCorcT-Bvpg,¿QUE IDIOTA COMPRA UN TOYOTA COROLLA CROSS?,662.0,,videos,https://i.ytimg.com/vi/UCorcT-Bvpg/hqdefault.jpg?sqp=-oaymwEcCNACELwBSFXyq4qpAw4IARUAAIhCGAFwAcABBg==&rs=AOn4CLDWm8p_HmobOCrCI9YB5Jo5i_wyqw,El Dios de los Autos,external-reference,embed_link_and_summarize_only
cxANyLorWbM,https://www.youtube.com/watch?v=cxANyLorWbM,"NUEVA Pick Up TOYOTA de $15,000 tiene a Ford y Chevrolet Embarrando los pantalones",941.0,,videos,https://i.ytimg.com/vi/cxANyLorWbM/hqdefault.jpg?sqp=-oaymwEcCNACELwBSFXyq4qpAw4IARUAAIhCGAFwAcABBg==&rs=AOn4CLCMRlhY3Agk88jQ8m_wAW3wcPiyvg,El Dios de los Autos,external-reference,embed_link_and_summarize_only
a1CM6tmDnMI,https://www.youtube.com/watch?v=a1CM6tmDnMI,PONTIAC REGRESA EN 2025 - FORD MUSTANG Y DODGE CHALLENGER ESTÁN DESESPERADOS!,829.0,,videos,https://i.ytimg.com/vi/a1CM6tmDnMI/hqdefault.jpg?sqp=-oaymwEcCNACELwBSFXyq4qpAw4IARUAAIhCGAFwAcABBg==&rs=AOn4CLDXZnqnB-Z-crwuW-xtegpuTP2u-w,El Dios de los Autos,external-reference,embed_link_and_summarize_only
jBg01sc0E5I,https://www.youtube.com/watch?v=jBg01sc0E5I,"5 FUTUROS AUTOS CLÁSICOS - ¡CÓMPRALOS HOY, GANA MUCHO VENDIÉNDOLOS MAÑANA!",868.0,,videos,https://i.ytimg.com/vi/jBg01sc0E5I/hqdefault.jpg?sqp=-oaymwEcCNACELwBSFXyq4qpAw4IARUAAIhCGAFwAcABBg==&rs=AOn4CLDNHRlCd-N9Ph-KOoqEjMmmlSUHtA,El Dios de los Autos,external-reference,embed_link_and_summarize_only
jNYCHMlVs-A,https://www.youtube.com/watch?v=jNYCHMlVs-A,SUBARU ES LA MEJOR MARCA DEL MUNDO,1555.0,,videos,https://i.ytimg.com/vi/jNYCHMlVs-A/hqdefault.jpg?sqp=-oaymwEcCNACELwBSFXyq4qpAw4IARUAAIhCGAFwAcABBg==&rs=AOn4CLCLHQvJWW5kQLEHfGinCpnsPgynag,El Dios de los Autos,external-reference,embed_link_and_summarize_only
ieJb6k4L1ZU,https://www.youtube.com/watch?v=ieJb6k4L1ZU,¡TOYOTA ACABA DE AMENAZAR A MAZDA! (Esto es espectacular),501.0,,videos,https://i.ytimg.com/vi/ieJb6k4L1ZU/hqdefault.jpg?sqp=-oaymwEcCNACELwBSFXyq4qpAw4IARUAAIhCGAFwAcABBg==&rs=AOn4CLCjKtlI4P6Tf2Gnbvff7BvBI6QzYA,El Dios de los Autos,external-reference,embed_link_and_summarize_only
7Kx-Bf0DcIk,https://www.youtube.com/watch?v=7Kx-Bf0DcIk,DEJEN DE COMPRAR TOYOTA HILUX Y COMPREN ESTO YA,520.0,,videos,https://i.ytimg.com/vi/7Kx-Bf0DcIk/hqdefault.jpg?sqp=-oaymwEcCNACELwBSFXyq4qpAw4IARUAAIhCGAFwAcABBg==&rs=AOn4CLDls9aWzRLWEF-bWCdkYGK4Le47rg,El Dios de los Autos,external-reference,embed_link_and_summarize_only
e1sWEf5kM3Y,https://www.youtube.com/watch?v=e1sWEf5kM3Y,¿QUE IDIOTA COMPRA UN KIA SONET?,731.0,,videos,https://i.ytimg.com/vi/e1sWEf5kM3Y/hqdefault.jpg?sqp=-oaymwEcCNACELwBSFXyq4qpAw4IARUAAIhCGAFwAcABBg==&rs=AOn4CLBKzL9EulOGcDlIlTue6ExfHh2AKg,El Dios de los Autos,external-reference,embed_link_and_summarize_only
aMiocTATH3Y,https://www.youtube.com/watch?v=aMiocTATH3Y,5 AUTOS QUE AMAS PERO SON UNA M...,732.0,,videos,https://i.ytimg.com/vi/aMiocTATH3Y/hqdefault.jpg?sqp=-oaymwEcCNACELwBSFXyq4qpAw4IARUAAIhCGAFwAcABBg==&rs=AOn4CLBlwsirulz4v1wSukqTE0ecNL74Pw,El Dios de los Autos,external-reference,embed_link_and_summarize_only
JiJUHF6OPHw,https://www.youtube.com/watch?v=JiJUHF6OPHw,NISSAN ES LA MEJOR MARCA DEL MUNDO,1719.0,,videos,https://i.ytimg.com/vi/JiJUHF6OPHw/hqdefault.jpg?sqp=-oaymwEcCNACELwBSFXyq4qpAw4IARUAAIhCGAFwAcABBg==&rs=AOn4CLBDcJ7_QEh8Vs0MKTmjEoqO18HGpw,El Dios de los Autos,external-reference,embed_link_and_summarize_only
b1l6Q2wTRgw,https://www.youtube.com/watch?v=b1l6Q2wTRgw,"¿QUIERES COMPRAR UN COCHE? CUIDADO, SOLO IDIOTAS LO HACEN",424.0,,videos,https://i.ytimg.com/vi/b1l6Q2wTRgw/hqdefault.jpg?sqp=-oaymwEcCNACELwBSFXyq4qpAw4IARUAAIhCGAFwAcABBg==&rs=AOn4CLANO254wKnqzKhI5yQWLAAfaK-DTQ,El Dios de los Autos,external-reference,embed_link_and_summarize_only
v4llS41MbYs,https://www.youtube.com/watch?v=v4llS41MbYs,HAZ ESTO Y TU AUTO AUTOMÁTICO DURARA PARA SIEMPRE,1119.0,,videos,https://i.ytimg.com/vi/v4llS41MbYs/hqdefault.jpg?sqp=-oaymwEcCNACELwBSFXyq4qpAw4IARUAAIhCGAFwAcABBg==&rs=AOn4CLAKHC-zKDjwcPERZ0C7pHC6I5Vr_g,El Dios de los Autos,external-reference,embed_link_and_summarize_only
YurYxqS-TQI,https://www.youtube.com/watch?v=YurYxqS-TQI,¿PORQUE LAS CAJAS AUTOMÁTICAS SON TAN MALAS?,807.0,,videos,https://i.ytimg.com/vi/YurYxqS-TQI/hqdefault.jpg?sqp=-oaymwEcCNACELwBSFXyq4qpAw4IARUAAIhCGAFwAcABBg==&rs=AOn4CLA8C2Z2ZDg0bGBXmi3z0_bX6-q14g,El Dios de los Autos,external-reference,embed_link_and_summarize_only
NZIBqJiebFs,https://www.youtube.com/watch?v=NZIBqJiebFs,CHINA está HUMILLANDO al Mercado Premium y ESTO LO DEMUSTRA,741.0,,videos,https://i.ytimg.com/vi/NZIBqJiebFs/hqdefault.jpg?sqp=-oaymwEcCNACELwBSFXyq4qpAw4IARUAAIhCGAFwAcABBg==&rs=AOn4CLAN9DFUTue_0kPksixlrdwc9X0JTA,El Dios de los Autos,external-reference,embed_link_and_summarize_only
5dhNtcyJH24,https://www.youtube.com/watch?v=5dhNtcyJH24,¿Realmente quieres un coche eléctrico? Pues a ellos no les importa.,817.0,,videos,https://i.ytimg.com/vi/5dhNtcyJH24/hqdefault.jpg?sqp=-oaymwEcCNACELwBSFXyq4qpAw4IARUAAIhCGAFwAcABBg==&rs=AOn4CLA1ksA9skQA2dcykNjFR-awgaarEQ,El Dios de los Autos,external-reference,embed_link_and_summarize_only
Nepy-lobxk8,https://www.youtube.com/watch?v=Nepy-lobxk8,"¡AHORA SI! TOYOTA MINI LAND CRUISER ROMPE EL MERCADO CON 4X4 DE 20,000 DÓLARES",675.0,,videos,https://i.ytimg.com/vi/Nepy-lobxk8/hqdefault.jpg?sqp=-oaymwEcCNACELwBSFXyq4qpAw4IARUAAIhCGAFwAcABBg==&rs=AOn4CLBJtYjhTf0kW4qlAyjMAioXNZQM3g,El Dios de los Autos,external-reference,embed_link_and_summarize_only
-R_2D2YTGho,https://www.youtube.com/watch?v=-R_2D2YTGho,5 ERRORES DE PRINCIPIANTE AL COMPRAR TU PRIMER AUTO,947.0,,videos,https://i.ytimg.com/vi/-R_2D2YTGho/hqdefault.jpg?sqp=-oaymwEcCNACELwBSFXyq4qpAw4IARUAAIhCGAFwAcABBg==&rs=AOn4CLD9sSbUBBgIe5ROYUlpVuKm7nym_Q,El Dios de los Autos,external-reference,embed_link_and_summarize_only
8cy1-XRkX4k,https://www.youtube.com/watch?v=8cy1-XRkX4k,¡NUEVA Pick up Kia deja obsoleta a Toyota HILUX!,883.0,,videos,https://i.ytimg.com/vi/8cy1-XRkX4k/hqdefault.jpg?sqp=-oaymwEcCNACELwBSFXyq4qpAw4IARUAAIhCGAFwAcABBg==&rs=AOn4CLANbvRIomaJV49AvHddqA3NseWnKw,El Dios de los Autos,external-reference,embed_link_and_summarize_only
Woy2pDsQOe0,https://www.youtube.com/watch?v=Woy2pDsQOe0,BAJÉ LA SUSPENSIÓN DE MI AUTO ¿QUE TAN MALO ES?,998.0,,videos,https://i.ytimg.com/vi/Woy2pDsQOe0/hqdefault.jpg?sqp=-oaymwEcCNACELwBSFXyq4qpAw4IARUAAIhCGAFwAcABBg==&rs=AOn4CLA4zID49Qi6GSgxFr-CalD6_Iw47A,El Dios de los Autos,external-reference,embed_link_and_summarize_only
OZ4ruNq99zA,https://www.youtube.com/watch?v=OZ4ruNq99zA,Nuevo XIOMI No lleva ni 1 mes y Ya NADIE LO QUIERE!,1034.0,,videos,https://i.ytimg.com/vi/OZ4ruNq99zA/hqdefault.jpg?sqp=-oaymwEcCNACELwBSFXyq4qpAw4IARUAAIhCGAFwAcABBg==&rs=AOn4CLCU4ZlGP1VQsetpWve7JtbJgp2b-Q,El Dios de los Autos,external-reference,embed_link_and_summarize_only
vgLrSOXXcm8,https://www.youtube.com/watch?v=vgLrSOXXcm8,NO COMPRES COCHE MANUAL EN 2024 O TE ARREPENTIRÁS,664.0,,videos,https://i.ytimg.com/vi/vgLrSOXXcm8/hqdefault.jpg?sqp=-oaymwEcCNACELwBSFXyq4qpAw4IARUAAIhCGAFwAcABBg==&rs=AOn4CLBBSYqe9WZBGeBgnFRqNqhVNSZV8w,El Dios de los Autos,external-reference,embed_link_and_summarize_only
j-bRvxxzOPo,https://www.youtube.com/watch?v=j-bRvxxzOPo,Estoy sentado en el mejor auto jamás fabricado (y voy a comprar uno),793.0,,videos,https://i.ytimg.com/vi/j-bRvxxzOPo/hqdefault.jpg?sqp=-oaymwEcCNACELwBSFXyq4qpAw4IARUAAIhCGAFwAcABBg==&rs=AOn4CLCzknx4ZkBA239132ZFKmTxiHQCjA,El Dios de los Autos,external-reference,embed_link_and_summarize_only
0y5SuWkFMEE,https://www.youtube.com/watch?v=0y5SuWkFMEE,7 AUTOS QUE CREES QUE SON MALOS PERO DEBERÍAS COMPRAR,801.0,,videos,https://i.ytimg.com/vi/0y5SuWkFMEE/hqdefault.jpg?sqp=-oaymwEcCNACELwBSFXyq4qpAw4IARUAAIhCGAFwAcABBg==&rs=AOn4CLCiUY890KSLAzW3Vu_MTcnPNClutg,El Dios de los Autos,external-reference,embed_link_and_summarize_only
eSDfs7CisFA,https://www.youtube.com/watch?v=eSDfs7CisFA,KIA K4 2025 pone de rodillas al TOYOTA COROLLA,971.0,,videos,https://i.ytimg.com/vi/eSDfs7CisFA/hqdefault.jpg?sqp=-oaymwEcCNACELwBSFXyq4qpAw4IARUAAIhCGAFwAcABBg==&rs=AOn4CLD1g0RHbKVjtympKanUqo68JU_QCw,El Dios de los Autos,external-reference,embed_link_and_summarize_only
9DCEWiqEPyw,https://www.youtube.com/watch?v=9DCEWiqEPyw,TOYOTA 4RUNNER 2025 ES EL 4X4 BARATO QUE TODOS COMPRAREMOS,679.0,,videos,https://i.ytimg.com/vi/9DCEWiqEPyw/hqdefault.jpg?sqp=-oaymwE2CNACELwBSFXyq4qpAygIARUAAIhCGAFwAcABBvABAfgB_gmAAtAFigIMCAAQARhUIF0oZTAP&rs=AOn4CLCth3jbDf9ESnWAFX-giNiMT2JZfQ,El Dios de los Autos,external-reference,embed_link_and_summarize_only
P2HkLqqwEXs,https://www.youtube.com/watch?v=P2HkLqqwEXs,3 AUTOS NUEVOS QUE TIENES QUE COMPRAR YA,867.0,,videos,https://i.ytimg.com/vi/P2HkLqqwEXs/hqdefault.jpg?sqp=-oaymwE2CNACELwBSFXyq4qpAygIARUAAIhCGAFwAcABBvABAfgB_gmAAtAFigIMCAAQARhZIF8oZTAP&rs=AOn4CLARdyS--yZQFuVd1nGUH1ITwUdkpw,El Dios de los Autos,external-reference,embed_link_and_summarize_only
NyxKBJvmrx0,https://www.youtube.com/watch?v=NyxKBJvmrx0,Estoy cansado de esta basura - Ya no quiero comprar coches,527.0,,videos,https://i.ytimg.com/vi/NyxKBJvmrx0/hqdefault.jpg?sqp=-oaymwE2CNACELwBSFXyq4qpAygIARUAAIhCGAFwAcABBvABAfgB_gmAAtAFigIMCAAQARhQIGMoZTAP&rs=AOn4CLDhWA2SCNl4UkPvxgFypM4Ra2t8Qg,El Dios de los Autos,external-reference,embed_link_and_summarize_only
YAm9jePStQw,https://www.youtube.com/watch?v=YAm9jePStQw,Como el CHINO BYD ha DESTROZADO y humillado a TESLA,988.0,,videos,https://i.ytimg.com/vi/YAm9jePStQw/hqdefault.jpg?sqp=-oaymwEcCNACELwBSFXyq4qpAw4IARUAAIhCGAFwAcABBg==&rs=AOn4CLB63yGavgDfqxj7ioh1kJYG4awlJA,El Dios de los Autos,external-reference,embed_link_and_summarize_only
zSMgIMcg13U,https://www.youtube.com/watch?v=zSMgIMcg13U,DEJEN DE COMPRAR TOYOTA Y COMPREN ESTO YA,720.0,,videos,https://i.ytimg.com/vi/zSMgIMcg13U/hqdefault.jpg?sqp=-oaymwE2CNACELwBSFXyq4qpAygIARUAAIhCGAFwAcABBvABAfgB_gmAAtAFigIMCAAQARhmIGYoZjAP&rs=AOn4CLA1Pp7q4H4I8JESYnvZRi8cFzLLQw,El Dios de los Autos,external-reference,embed_link_and_summarize_only
D7pTHdltHl8,https://www.youtube.com/watch?v=D7pTHdltHl8,"Toyota no hace lo que le ordenan (Peligrosamente ""Diferentes"")",750.0,,videos,https://i.ytimg.com/vi/D7pTHdltHl8/hqdefault.jpg?sqp=-oaymwEcCNACELwBSFXyq4qpAw4IARUAAIhCGAFwAcABBg==&rs=AOn4CLAghIhrVnIENMiPKC4FimfW90HAHQ,El Dios de los Autos,external-reference,embed_link_and_summarize_only
jtzXLtoqZqg,https://www.youtube.com/watch?v=jtzXLtoqZqg,"Ford no puede vender autos, por eso los tira a la basura",714.0,,videos,https://i.ytimg.com/vi/jtzXLtoqZqg/hqdefault.jpg?sqp=-oaymwE2CNACELwBSFXyq4qpAygIARUAAIhCGAFwAcABBvABAfgB_gmAAtAFigIMCAAQARhlIGUoOzAP&rs=AOn4CLCrBp9UqrC4Z6a84o4XcP4hKgHo8Q,El Dios de los Autos,external-reference,embed_link_and_summarize_only
sXjKN00XPGI,https://www.youtube.com/watch?v=sXjKN00XPGI,10 SUV BARATAS QUE TE HARÁN VER MILLONARIO,999.0,,videos,https://i.ytimg.com/vi/sXjKN00XPGI/hqdefault.jpg?sqp=-oaymwEcCNACELwBSFXyq4qpAw4IARUAAIhCGAFwAcABBg==&rs=AOn4CLBwQyvlv2cHao-x_u2fPO1UCSBYuQ,El Dios de los Autos,external-reference,embed_link_and_summarize_only
Gcsr_78opl0,https://www.youtube.com/watch?v=Gcsr_78opl0,La aterradora verdad sobre Max Verstappen - NADIE se da cuenta,908.0,,videos,https://i.ytimg.com/vi/Gcsr_78opl0/hqdefault.jpg?sqp=-oaymwE2CNACELwBSFXyq4qpAygIARUAAIhCGAFwAcABBvABAfgB_gmAAtAFigIMCAAQARhDIFoocjAP&rs=AOn4CLAQL54RMpMulFgd-ZmZS4UHmsPZsQ,El Dios de los Autos,external-reference,embed_link_and_summarize_only
nPnbHrwYV8E,https://www.youtube.com/watch?v=nPnbHrwYV8E,Honda acaba de DESPEDIR a los concesionarios (COMPRA AHORA MISMO),1061.0,,videos,https://i.ytimg.com/vi/nPnbHrwYV8E/hqdefault.jpg?sqp=-oaymwE2CNACELwBSFXyq4qpAygIARUAAIhCGAFwAcABBvABAfgB1AaAAuADigIMCAAQARhlIFAoQDAP&rs=AOn4CLCBuYOgkW-V0oHORruPCAx-l5C_ZQ,El Dios de los Autos,external-reference,embed_link_and_summarize_only
D1c16hMnbZs,https://www.youtube.com/watch?v=D1c16hMnbZs,CONFIRMADO: EL MÁS GRANDE MONSTRUO HA NACIDO - ENORME NOTICIA,839.0,,videos,https://i.ytimg.com/vi/D1c16hMnbZs/hqdefault.jpg?sqp=-oaymwEcCNACELwBSFXyq4qpAw4IARUAAIhCGAFwAcABBg==&rs=AOn4CLDO8Np14Pkt9wJxz2AfD1vMRZ5bsg,El Dios de los Autos,external-reference,embed_link_and_summarize_only
iLedhftHKrw,https://www.youtube.com/watch?v=iLedhftHKrw,Este nuevo motor acaba de exterminar el futuro de los coches eléctricos,801.0,,videos,https://i.ytimg.com/vi/iLedhftHKrw/hqdefault.jpg?sqp=-oaymwE2CNACELwBSFXyq4qpAygIARUAAIhCGAFwAcABBvABAfgB_gmAAtAFigIMCAAQARg3IGUoQTAP&rs=AOn4CLB-3LeWyhCGtJ6iisndCJxH38TXDA,El Dios de los Autos,external-reference,embed_link_and_summarize_only
KI5QgjIwb7M,https://www.youtube.com/watch?v=KI5QgjIwb7M,Los PEORES PICK UP que sólo Gente Estúpida COMPRA,821.0,,videos,https://i.ytimg.com/vi/KI5QgjIwb7M/hqdefault.jpg?sqp=-oaymwE2CNACELwBSFXyq4qpAygIARUAAIhCGAFwAcABBvABAfgB_gmAAtAFigIMCAAQARhlIEsoPTAP&rs=AOn4CLCW8sMf0aNXyKczJ9lZirf2SGJYHQ,El Dios de los Autos,external-reference,embed_link_and_summarize_only
nxNxlKr3suE,https://www.youtube.com/watch?v=nxNxlKr3suE,NUNCA LE COMPRES UN AUTO A ESTAS PERSONAS,811.0,,videos,https://i.ytimg.com/vi/nxNxlKr3suE/hqdefault.jpg?sqp=-oaymwEcCNACELwBSFXyq4qpAw4IARUAAIhCGAFwAcABBg==&rs=AOn4CLDjLiBxO6sVl16ylLaA9cXlpuHPSg,El Dios de los Autos,external-reference,embed_link_and_summarize_only
pMOufnnp4BM,https://www.youtube.com/watch?v=pMOufnnp4BM,Cybertruck de Tesla es el vehículo más mortífero jamás fabricado,687.0,,videos,https://i.ytimg.com/vi/pMOufnnp4BM/hqdefault.jpg?sqp=-oaymwEcCNACELwBSFXyq4qpAw4IARUAAIhCGAFwAcABBg==&rs=AOn4CLAy0vbQOTAfEHni-uu1Hym7DkOWrA,El Dios de los Autos,external-reference,embed_link_and_summarize_only
mVZmlatDANE,https://www.youtube.com/watch?v=mVZmlatDANE,MARCA DE AUTOS VA A QUEBRAR (NO COMPRAR),531.0,,videos,https://i.ytimg.com/vi/mVZmlatDANE/hqdefault.jpg?sqp=-oaymwEcCNACELwBSFXyq4qpAw4IARUAAIhCGAFwAcABBg==&rs=AOn4CLDWSbEVO2UfpVTLMRGAdSzS3azo2A,El Dios de los Autos,external-reference,embed_link_and_summarize_only
46z1OHfJr9Y,https://www.youtube.com/watch?v=46z1OHfJr9Y,ESTE TOYOTA NO ES ABURRIDO Y AÚN NO ME LO CREO!,931.0,,videos,https://i.ytimg.com/vi/46z1OHfJr9Y/hqdefault.jpg?sqp=-oaymwEcCNACELwBSFXyq4qpAw4IARUAAIhCGAFwAcABBg==&rs=AOn4CLAxV4kiM07jjVeQ9d96NEHyf9Plaw,El Dios de los Autos,external-reference,embed_link_and_summarize_only
WBjBQcdCWTo,https://www.youtube.com/watch?v=WBjBQcdCWTo,NUEVO DODGE CHARGER 2025 Extermina a FORD MUSTANG,1239.0,,videos,https://i.ytimg.com/vi/WBjBQcdCWTo/hqdefault.jpg?sqp=-oaymwEcCNACELwBSFXyq4qpAw4IARUAAIhCGAFwAcABBg==&rs=AOn4CLCTeerQwBRGbG_cwB31P5zRebZiHg,El Dios de los Autos,external-reference,embed_link_and_summarize_only
mwcCfENrBsU,https://www.youtube.com/watch?v=mwcCfENrBsU,10 AUTOS BARATOS QUE TE HARÁN VER MILLONARIO,753.0,,videos,https://i.ytimg.com/vi/mwcCfENrBsU/hqdefault.jpg?sqp=-oaymwEcCNACELwBSFXyq4qpAw4IARUAAIhCGAFwAcABBg==&rs=AOn4CLAwa4aKhVTcWZpkXV1pOPNyyNtr8A,El Dios de los Autos,external-reference,embed_link_and_summarize_only
s-yOsLYuFfo,https://www.youtube.com/watch?v=s-yOsLYuFfo,"NO LES TENGO MIEDO, AQUÍ LA VERDAD",616.0,,videos,https://i.ytimg.com/vi/s-yOsLYuFfo/hqdefault.jpg?sqp=-oaymwE2CNACELwBSFXyq4qpAygIARUAAIhCGAFwAcABBvABAfgB_gmAAtAFigIMCAAQARhTIGEoZTAP&rs=AOn4CLCQrJws7m_S9qJkDyG8fAn325Glkw,El Dios de los Autos,external-reference,embed_link_and_summarize_only
jQjTF3fnspU,https://www.youtube.com/watch?v=jQjTF3fnspU,OLVIDA ESTE NISSAN VIEJO Y COMPRA ESTO POR LA MITAD,754.0,,videos,https://i.ytimg.com/vi/jQjTF3fnspU/hqdefault.jpg?sqp=-oaymwEcCNACELwBSFXyq4qpAw4IARUAAIhCGAFwAcABBg==&rs=AOn4CLCHkJ7g7QcVllf45F2wbJHndCxGHg,El Dios de los Autos,external-reference,embed_link_and_summarize_only
azVTAKkd-YI,https://www.youtube.com/watch?v=azVTAKkd-YI,¡5 autos que NO SIRVEN porque tienen transmisiones MUY Malas!,894.0,,videos,https://i.ytimg.com/vi/azVTAKkd-YI/hqdefault.jpg?sqp=-oaymwEcCNACELwBSFXyq4qpAw4IARUAAIhCGAFwAcABBg==&rs=AOn4CLDyR6CMOWLzIWlQ9vv2uXH_YnnkyA,El Dios de los Autos,external-reference,embed_link_and_summarize_only
Rklc9nQWENQ,https://www.youtube.com/watch?v=Rklc9nQWENQ,Dejen de COMPRAR TOYOTA y COMPREN esto YA!,1064.0,,videos,https://i.ytimg.com/vi/Rklc9nQWENQ/hqdefault.jpg?sqp=-oaymwEcCNACELwBSFXyq4qpAw4IARUAAIhCGAFwAcABBg==&rs=AOn4CLBBuMVnL_cBseyYhaIcU6b0NVyGlw,El Dios de los Autos,external-reference,embed_link_and_summarize_only
NXBCuFkMMPs,https://www.youtube.com/watch?v=NXBCuFkMMPs,"NADIE te dice La VERDAD sobre SUBARU, así que yo lo haré",616.0,,videos,https://i.ytimg.com/vi/NXBCuFkMMPs/hqdefault.jpg?sqp=-oaymwE2CNACELwBSFXyq4qpAygIARUAAIhCGAFwAcABBvABAfgB_gmAAtAFigIMCAAQARhXIGAoZTAP&rs=AOn4CLACeanwNDXYpjwloLXWB6X9KacpyA,El Dios de los Autos,external-reference,embed_link_and_summarize_only
eADL5MJZJN0,https://www.youtube.com/watch?v=eADL5MJZJN0,RENAULT 5 2024 ME EXCITA Y TE EXPLICO POR QUÉ,852.0,,videos,https://i.ytimg.com/vi/eADL5MJZJN0/hqdefault.jpg?sqp=-oaymwEcCNACELwBSFXyq4qpAw4IARUAAIhCGAFwAcABBg==&rs=AOn4CLBtYVKawXhpbUNR3qPy1Fq0ZnEpQw,El Dios de los Autos,external-reference,embed_link_and_summarize_only
WDshXBiFsKQ,https://www.youtube.com/watch?v=WDshXBiFsKQ,"NUEVO Toyota pone de RODILLAS a MAZDA, Honda y Subaru",762.0,,videos,https://i.ytimg.com/vi/WDshXBiFsKQ/hqdefault.jpg?sqp=-oaymwEcCNACELwBSFXyq4qpAw4IARUAAIhCGAFwAcABBg==&rs=AOn4CLDB4UzdM77JFhEwtOB2d1B8OT1dYA,El Dios de los Autos,external-reference,embed_link_and_summarize_only
lHCvN2X2x6k,https://www.youtube.com/watch?v=lHCvN2X2x6k,MAZDA con Motor Rotativo presenta un NUEVO RX-7!,900.0,,videos,https://i.ytimg.com/vi/lHCvN2X2x6k/hqdefault.jpg?sqp=-oaymwEcCNACELwBSFXyq4qpAw4IARUAAIhCGAFwAcABBg==&rs=AOn4CLCKCPpQZ5szHljwLL4FtiEVnMyrQQ,El Dios de los Autos,external-reference,embed_link_and_summarize_only
QT75eZWtrPM,https://www.youtube.com/watch?v=QT75eZWtrPM,Los MEJORES Autos Rápidos por MENOS DE $10K!,1117.0,,videos,https://i.ytimg.com/vi/QT75eZWtrPM/hqdefault.jpg?sqp=-oaymwE2CNACELwBSFXyq4qpAygIARUAAIhCGAFwAcABBvABAfgB_gmAAtAFigIMCAAQARhlIGUoZTAP&rs=AOn4CLCTOCblJ3VmlxuCl9LONxOwMt7ACw,El Dios de los Autos,external-reference,embed_link_and_summarize_only
2mVoKA9j8x0,https://www.youtube.com/watch?v=2mVoKA9j8x0,FORD ACABA DE ABANDONAR LA PRODUCCIÓN DE AUTOMOVILES - ¡ENORME NOTICIA!,552.0,,videos,https://i.ytimg.com/vi/2mVoKA9j8x0/hqdefault.jpg?sqp=-oaymwE2CNACELwBSFXyq4qpAygIARUAAIhCGAFwAcABBvABAfgB_gmAAtAFigIMCAAQARhaIFooWjAP&rs=AOn4CLApYeSz84c7pjozAvDQdiGmUpWRow,El Dios de los Autos,external-reference,embed_link_and_summarize_only
Yh8MF4v8wUk,https://www.youtube.com/watch?v=Yh8MF4v8wUk,MOTRUBATE con la FORD F-150,853.0,,videos,https://i.ytimg.com/vi/Yh8MF4v8wUk/hqdefault.jpg?sqp=-oaymwEcCNACELwBSFXyq4qpAw4IARUAAIhCGAFwAcABBg==&rs=AOn4CLCFyI4Bk6NmkNuFe717jwkf_ZHQDw,El Dios de los Autos,external-reference,embed_link_and_summarize_only
hFggJpIadkE,https://www.youtube.com/watch?v=hFggJpIadkE,NUEVA Marca de Coches de TOYOTA deja EN SHOCK a TODA la Industria Automotriz,774.0,,videos,https://i.ytimg.com/vi/hFggJpIadkE/hqdefault.jpg?sqp=-oaymwE2CNACELwBSFXyq4qpAygIARUAAIhCGAFwAcABBvABAfgB_gmAAtAFigIMCAAQARhlIGUoZTAP&rs=AOn4CLDhz_zpRCRCeXEA-wu4UtttryM10g,El Dios de los Autos,external-reference,embed_link_and_summarize_only
KpIjn34nvmM,https://www.youtube.com/watch?v=KpIjn34nvmM,NUEVO Suzuki Jimny 5 Puertas es ESTUPIDO y me MOLESTA MUCHÍSIMO,539.0,,videos,https://i.ytimg.com/vi/KpIjn34nvmM/hqdefault.jpg?sqp=-oaymwEcCNACELwBSFXyq4qpAw4IARUAAIhCGAFwAcABBg==&rs=AOn4CLCvCPwwClObPM9GTyy9Q_3fzBcXEw,El Dios de los Autos,external-reference,embed_link_and_summarize_only
q0QTcQ94DPU,https://www.youtube.com/watch?v=q0QTcQ94DPU,7 cosas que NUNCA debes hacer en un Auto MANUAL,820.0,,videos,https://i.ytimg.com/vi/q0QTcQ94DPU/hqdefault.jpg?sqp=-oaymwE2CNACELwBSFXyq4qpAygIARUAAIhCGAFwAcABBvABAfgB_gmAAtAFigIMCAAQARhjIGUoDzAP&rs=AOn4CLBj8CBWjdKPzkqsk4uuNlpse5S_UA,El Dios de los Autos,external-reference,embed_link_and_summarize_only
Q8zLajONzys,https://www.youtube.com/watch?v=Q8zLajONzys,¡Este motor de agua DESTRUIRÁ toda la industria automotriz!,825.0,,videos,https://i.ytimg.com/vi/Q8zLajONzys/hqdefault.jpg?sqp=-oaymwE2CNACELwBSFXyq4qpAygIARUAAIhCGAFwAcABBvABAfgB_gmAAtAFigIMCAAQARhlIGUoZTAP&rs=AOn4CLCe_WEvqoUpf4dkZW0ue5aHiWTVnA,El Dios de los Autos,external-reference,embed_link_and_summarize_only
pcWchFclDL0,https://www.youtube.com/watch?v=pcWchFclDL0,MI PRIMERA VEZ CON UN SKYLINE GT-R - EVENTO CANONICO,1158.0,,videos,https://i.ytimg.com/vi/pcWchFclDL0/hqdefault.jpg?sqp=-oaymwEcCNACELwBSFXyq4qpAw4IARUAAIhCGAFwAcABBg==&rs=AOn4CLBWcKs4RmDZ3oZErKUM-o_rP_TxLQ,El Dios de los Autos,external-reference,embed_link_and_summarize_only
cPH7f4q5re4,https://www.youtube.com/watch?v=cPH7f4q5re4,"TOYOTA: ""Nuestro NUEVO Motor DESTROZA a los ELECTRICOS!""",976.0,,videos,https://i.ytimg.com/vi/cPH7f4q5re4/hqdefault.jpg?sqp=-oaymwEcCNACELwBSFXyq4qpAw4IARUAAIhCGAFwAcABBg==&rs=AOn4CLC7x6HWOO9jdRe79J6Visk3tvpYZQ,El Dios de los Autos,external-reference,embed_link_and_summarize_only
4qAxbrTrdRU,https://www.youtube.com/watch?v=4qAxbrTrdRU,EL TERRIBLE DEFECTO DE LOS AUTOS TURBO,385.0,,videos,https://i.ytimg.com/vi/4qAxbrTrdRU/hqdefault.jpg?sqp=-oaymwE2CNACELwBSFXyq4qpAygIARUAAIhCGAFwAcABBvABAfgB_gmAAtAFigIMCAAQARhWIGUoZDAP&rs=AOn4CLBAg9mY_rhvtjnXH5KARVXihJeN1w,El Dios de los Autos,external-reference,embed_link_and_summarize_only
pidQD5HEO4s,https://www.youtube.com/watch?v=pidQD5HEO4s,"TODOS están ""TUNEANDO"" sus Coches así (Porque son ESTUPIDOS)",698.0,,videos,https://i.ytimg.com/vi/pidQD5HEO4s/hqdefault.jpg?sqp=-oaymwEcCNACELwBSFXyq4qpAw4IARUAAIhCGAFwAcABBg==&rs=AOn4CLDl7sGdu6vnf-tANIP0QsCug6KGHg,El Dios de los Autos,external-reference,embed_link_and_summarize_only
NJgA6yeM20A,https://www.youtube.com/watch?v=NJgA6yeM20A,YA FUE SUFICIENTE - ESTOY HARTO DE MG,757.0,,videos,https://i.ytimg.com/vi/NJgA6yeM20A/hqdefault.jpg?sqp=-oaymwEcCNACELwBSFXyq4qpAw4IARUAAIhCGAFwAcABBg==&rs=AOn4CLDPfYAOVLFoG_eUYvrrrrvHQaMazw,El Dios de los Autos,external-reference,embed_link_and_summarize_only
WQV3fMRGn-8,https://www.youtube.com/watch?v=WQV3fMRGn-8,Las PEORES PICK UP para COMPRAR HOY,976.0,,videos,https://i.ytimg.com/vi/WQV3fMRGn-8/hqdefault.jpg?sqp=-oaymwEcCNACELwBSFXyq4qpAw4IARUAAIhCGAFwAcABBg==&rs=AOn4CLD3XPi7MGbND_pTWwv8uutSMibHzg,El Dios de los Autos,external-reference,embed_link_and_summarize_only
NVXCiJS8dZA,https://www.youtube.com/watch?v=NVXCiJS8dZA,¡AUTOS RÁPIDOS Y DIVERTIDOS! - Que NO Cuestan una Fortuna,724.0,,videos,https://i.ytimg.com/vi/NVXCiJS8dZA/hqdefault.jpg?sqp=-oaymwEcCNACELwBSFXyq4qpAw4IARUAAIhCGAFwAcABBg==&rs=AOn4CLD4M4RwV-sVJuQY1W7DbSEU-TxaYg,El Dios de los Autos,external-reference,embed_link_and_summarize_only
CwWaDWx8_8Y,https://www.youtube.com/watch?v=CwWaDWx8_8Y,NUEVA Camioneta BARATA DESTROZA a Toyota RAV4,1002.0,,videos,https://i.ytimg.com/vi/CwWaDWx8_8Y/hqdefault.jpg?sqp=-oaymwEcCNACELwBSFXyq4qpAw4IARUAAIhCGAFwAcABBg==&rs=AOn4CLA0FBpc3J5JagR7NqyP3d-hkZnWOA,El Dios de los Autos,external-reference,embed_link_and_summarize_only
Vnmy3IysFC4,https://www.youtube.com/watch?v=Vnmy3IysFC4,"NUNCA cambies el ESCAPE de tu AUTO (Pero si lo haces, que sea este)",989.0,,videos,https://i.ytimg.com/vi/Vnmy3IysFC4/hqdefault.jpg?sqp=-oaymwEcCNACELwBSFXyq4qpAw4IARUAAIhCGAFwAcABBg==&rs=AOn4CLBiU1WUJjoPrVN5sFsHFSoaWupfHw,El Dios de los Autos,external-reference,embed_link_and_summarize_only
24dsN7bXfR8,https://www.youtube.com/watch?v=24dsN7bXfR8,HONDA ESTÁ MUY MAL Y NO HACEN NADA,752.0,,videos,https://i.ytimg.com/vi/24dsN7bXfR8/hqdefault.jpg?sqp=-oaymwEcCNACELwBSFXyq4qpAw4IARUAAIhCGAFwAcABBg==&rs=AOn4CLCzA2cif5gqBrCyOe9oHnZf3rkRoA,El Dios de los Autos,external-reference,embed_link_and_summarize_only
kMm3EWfFt04,https://www.youtube.com/watch?v=kMm3EWfFt04,"¡NUEVA Mazda de $25,000 deja obsoletos a Toyota y Honda!",1110.0,,videos,https://i.ytimg.com/vi/kMm3EWfFt04/hqdefault.jpg?sqp=-oaymwEcCNACELwBSFXyq4qpAw4IARUAAIhCGAFwAcABBg==&rs=AOn4CLDCuv-JkD2gzE2GVAMsqtAUejBfHQ,El Dios de los Autos,external-reference,embed_link_and_summarize_only
jBxkl-uNQrs,https://www.youtube.com/watch?v=jBxkl-uNQrs,MOTURBATE CON EL MAZDA RX7,705.0,,videos,https://i.ytimg.com/vi/jBxkl-uNQrs/hqdefault.jpg?sqp=-oaymwEcCNACELwBSFXyq4qpAw4IARUAAIhCGAFwAcABBg==&rs=AOn4CLBNW6JVa0Ee7qNWE6-MbAENvYtdkA,El Dios de los Autos,external-reference,embed_link_and_summarize_only
PJ-UNdc7R3c,https://www.youtube.com/watch?v=PJ-UNdc7R3c,COMPRA estos Autos PREMIUM Usados YA! (Antes que suban de precio),769.0,,videos,https://i.ytimg.com/vi/PJ-UNdc7R3c/hqdefault.jpg?sqp=-oaymwE2CNACELwBSFXyq4qpAygIARUAAIhCGAFwAcABBvABAfgB_gmAAtAFigIMCAAQARhCIFwocjAP&rs=AOn4CLD3nwM9F75oIM1J303aAZfhS-4_3A,El Dios de los Autos,external-reference,embed_link_and_summarize_only
A28TZ2ijrMw,https://www.youtube.com/watch?v=A28TZ2ijrMw,No importa lo que digan ESTE ES EL MEJOR AUTO DEL MUNDO y Acabo de COMPRAR UNO,858.0,,videos,https://i.ytimg.com/vi/A28TZ2ijrMw/hqdefault.jpg?sqp=-oaymwEcCNACELwBSFXyq4qpAw4IARUAAIhCGAFwAcABBg==&rs=AOn4CLACpAnTbuy2gRdZy7d87Mh8R4cIcw,El Dios de los Autos,external-reference,embed_link_and_summarize_only
fjKL_3n5BWo,https://www.youtube.com/watch?v=fjKL_3n5BWo,LA PRUEBA DE QUE AUTOS ELECTRICOS SON UNA ESTAFA,816.0,,videos,https://i.ytimg.com/vi/fjKL_3n5BWo/hqdefault.jpg?sqp=-oaymwE2CNACELwBSFXyq4qpAygIARUAAIhCGAFwAcABBvABAfgB_gmAAtAFigIMCAAQARgjIGUoZTAP&rs=AOn4CLD03dWeJLAb3SVSxWatG0sI_bIiPQ,El Dios de los Autos,external-reference,embed_link_and_summarize_only
KV4a1NylCxI,https://www.youtube.com/watch?v=KV4a1NylCxI,Anuncio de TOYOTA deja en SHOCK la Industria Automotriz!,805.0,,videos,https://i.ytimg.com/vi/KV4a1NylCxI/hqdefault.jpg?sqp=-oaymwE2CNACELwBSFXyq4qpAygIARUAAIhCGAFwAcABBvABAfgB_gmAAtAFigIMCAAQARhyIDsoRzAP&rs=AOn4CLAdDX-exOqV_IvdME6sPWbPRe6K8A,El Dios de los Autos,external-reference,embed_link_and_summarize_only
2i5yNxmj-GQ,https://www.youtube.com/watch?v=2i5yNxmj-GQ,SUBARU Destroza a TODOS con estos 5 Nuevos Modelos,903.0,,videos,https://i.ytimg.com/vi/2i5yNxmj-GQ/hqdefault.jpg?sqp=-oaymwE2CNACELwBSFXyq4qpAygIARUAAIhCGAFwAcABBvABAfgB_gmAAtAFigIMCAAQARg9IEYofzAP&rs=AOn4CLB-cDa0FZENU0_TPRjYIvC01ICX3w,El Dios de los Autos,external-reference,embed_link_and_summarize_only
os_yT0FkhBo,https://www.youtube.com/watch?v=os_yT0FkhBo,LES ADVERTÍ SOBRE ESTE AUTO Y NADIE ESCUCHÓ,831.0,,videos,https://i.ytimg.com/vi/os_yT0FkhBo/hqdefault.jpg?sqp=-oaymwE2CNACELwBSFXyq4qpAygIARUAAIhCGAFwAcABBvABAfgB_gmAAtAFigIMCAAQARhNIEAocjAP&rs=AOn4CLD46SrZ0IDqPvwLHBGA_bSurbOAfA,El Dios de los Autos,external-reference,embed_link_and_summarize_only
hmLtC1CmfVo,https://www.youtube.com/watch?v=hmLtC1CmfVo,LOS 10 PEORES AUTOS DE 2023,1210.0,,videos,https://i.ytimg.com/vi/hmLtC1CmfVo/hqdefault.jpg?sqp=-oaymwEcCNACELwBSFXyq4qpAw4IARUAAIhCGAFwAcABBg==&rs=AOn4CLAaDMkhR7yiveKbiYlsi95RF1R5jg,El Dios de los Autos,external-reference,embed_link_and_summarize_only
TBKv5xGgu8E,https://www.youtube.com/watch?v=TBKv5xGgu8E,LOS 10 MEJORES AUTOS DE 2023,1131.0,,videos,https://i.ytimg.com/vi/TBKv5xGgu8E/hqdefault.jpg?sqp=-oaymwEcCNACELwBSFXyq4qpAw4IARUAAIhCGAFwAcABBg==&rs=AOn4CLBxsSeHz9WaZBZlVrCx1s0EvnCkzw,El Dios de los Autos,external-reference,embed_link_and_summarize_only
F6ZvhzXNp4k,https://www.youtube.com/watch?v=F6ZvhzXNp4k,NUEVA Transmisión Automática TOYOTA DESTROZA la Industria Automotriz,747.0,,videos,https://i.ytimg.com/vi/F6ZvhzXNp4k/hqdefault.jpg?sqp=-oaymwE2CNACELwBSFXyq4qpAygIARUAAIhCGAFwAcABBvABAfgB_gmAAtAFigIMCAAQARhjIGMoYzAP&rs=AOn4CLAYxVw9__7Wj4RtErC65st-KTWIUw,El Dios de los Autos,external-reference,embed_link_and_summarize_only
N-QJQgKwAE0,https://www.youtube.com/watch?v=N-QJQgKwAE0,10 MEJORES  SUVs Rápidas que debes COMPRAR YA!,1166.0,,videos,https://i.ytimg.com/vi/N-QJQgKwAE0/hqdefault.jpg?sqp=-oaymwEcCNACELwBSFXyq4qpAw4IARUAAIhCGAFwAcABBg==&rs=AOn4CLDfAkuq1qtrKAswX27Lh7NB3QQ_-g,El Dios de los Autos,external-reference,embed_link_and_summarize_only
m1a4S4i_RSg,https://www.youtube.com/watch?v=m1a4S4i_RSg,NADIE te dice la VERDAD de la FORD MAVERICK así que YO LO HARÉ,635.0,,videos,https://i.ytimg.com/vi/m1a4S4i_RSg/hqdefault.jpg?sqp=-oaymwEcCNACELwBSFXyq4qpAw4IARUAAIhCGAFwAcABBg==&rs=AOn4CLB_rvzA7VPr9zAtKEwnM_5TNSRFOw,El Dios de los Autos,external-reference,embed_link_and_summarize_only
rRDMEyWe3jc,https://www.youtube.com/watch?v=rRDMEyWe3jc,DEJEN DE COMPRAR NISSAN Y COMPREN ESTO YA,880.0,,videos,https://i.ytimg.com/vi/rRDMEyWe3jc/hqdefault.jpg?sqp=-oaymwE2CNACELwBSFXyq4qpAygIARUAAIhCGAFwAcABBvABAfgB_gmAAtAFigIMCAAQARg_IFYocjAP&rs=AOn4CLAHxsCJ7_Dq6L4SVayUiywpZatiiA,El Dios de los Autos,external-reference,embed_link_and_summarize_only
p6a5aJAtOmU,https://www.youtube.com/watch?v=p6a5aJAtOmU,TOYOTA hace los Mejores autos Y NADIE puede con ellos,800.0,,videos,https://i.ytimg.com/vi/p6a5aJAtOmU/hqdefault.jpg?sqp=-oaymwE2CNACELwBSFXyq4qpAygIARUAAIhCGAFwAcABBvABAfgB1AaAAuADigIMCAAQARgtIFEocjAP&rs=AOn4CLAMWYNT0bky8DV3I-6rc6BLhzDKiA,El Dios de los Autos,external-reference,embed_link_and_summarize_only
HHPbURPrq_s,https://www.youtube.com/watch?v=HHPbURPrq_s,Los MEJORES Autos que NADIE QUIERE - COMPRA AHORA MISMO!,1114.0,,videos,https://i.ytimg.com/vi/HHPbURPrq_s/hqdefault.jpg?sqp=-oaymwEcCNACELwBSFXyq4qpAw4IARUAAIhCGAFwAcABBg==&rs=AOn4CLDlUWczxXbIVgPZ311Rxcj9uZFN1g,El Dios de los Autos,external-reference,embed_link_and_summarize_only
J5egUQEMYtk,https://www.youtube.com/watch?v=J5egUQEMYtk,MOTURBATE con el NISSAN 370Z,853.0,,videos,https://i.ytimg.com/vi/J5egUQEMYtk/hqdefault.jpg?sqp=-oaymwEcCNACELwBSFXyq4qpAw4IARUAAIhCGAFwAcABBg==&rs=AOn4CLCCMCycZ6tRg2CIF97b7SqM3Z_d1w,El Dios de los Autos,external-reference,embed_link_and_summarize_only
Ys1PeTrgKdw,https://www.youtube.com/watch?v=Ys1PeTrgKdw,"NUNCA cambies la RADIO de tu AUTO (Pero si lo haces, que sea esta)",1406.0,,videos,https://i.ytimg.com/vi/Ys1PeTrgKdw/hqdefault.jpg?sqp=-oaymwEcCNACELwBSFXyq4qpAw4IARUAAIhCGAFwAcABBg==&rs=AOn4CLCTsv-PXjoXnn0vMR0MNgvii_QboA,El Dios de los Autos,external-reference,embed_link_and_summarize_only
tq5lI2t_gBw,https://www.youtube.com/watch?v=tq5lI2t_gBw,¡MI PRIMER CAMION! ¿Cuanto cuesta y cuanto se gana al mes?,902.0,,videos,https://i.ytimg.com/vi/tq5lI2t_gBw/hqdefault.jpg?sqp=-oaymwEcCNACELwBSFXyq4qpAw4IARUAAIhCGAFwAcABBg==&rs=AOn4CLBNXGc1JxStllWfvCzkLFmCLbhwLw,El Dios de los Autos,external-reference,embed_link_and_summarize_only
PVtyZtvswt8,https://www.youtube.com/watch?v=PVtyZtvswt8,¡LES PRESENTO MI NUEVO COCHE!,987.0,,videos,https://i.ytimg.com/vi/PVtyZtvswt8/hqdefault.jpg?sqp=-oaymwEcCNACELwBSFXyq4qpAw4IARUAAIhCGAFwAcABBg==&rs=AOn4CLAbX_kyDsjXOBxPV3_II6YXnnJFzQ,El Dios de los Autos,external-reference,embed_link_and_summarize_only
VzH3_MddgwU,https://www.youtube.com/watch?v=VzH3_MddgwU,TOYOTA LE TIENE PANICO A LOS CHINOS,782.0,,videos,https://i.ytimg.com/vi/VzH3_MddgwU/hqdefault.jpg?sqp=-oaymwEcCNACELwBSFXyq4qpAw4IARUAAIhCGAFwAcABBg==&rs=AOn4CLBVlcvwy06QSWh2E0vMFEFnaLrwdg,El Dios de los Autos,external-reference,embed_link_and_summarize_only
UfwI5rPb2UI,https://www.youtube.com/watch?v=UfwI5rPb2UI,ES EL MEJOR DÍA DE MI VIDA.,922.0,,videos,https://i.ytimg.com/vi/UfwI5rPb2UI/hqdefault.jpg?sqp=-oaymwE2CNACELwBSFXyq4qpAygIARUAAIhCGAFwAcABBvABAfgB_gmAAtAFigIMCAAQARhlIFkoUDAP&rs=AOn4CLBGlMtvS-d5e3a1GuIH_9KFFRJl2Q,El Dios de los Autos,external-reference,embed_link_and_summarize_only
pOOoM1thdDM,https://www.youtube.com/watch?v=pOOoM1thdDM,Los 8 Autos Más PELIGROSOS,791.0,,videos,https://i.ytimg.com/vi/pOOoM1thdDM/hqdefault.jpg?sqp=-oaymwEcCNACELwBSFXyq4qpAw4IARUAAIhCGAFwAcABBg==&rs=AOn4CLALhiN5Ivmu_uFzsn5D9e1Y4A-KlA,El Dios de los Autos,external-reference,embed_link_and_summarize_only
3eJ0VrfvOLQ,https://www.youtube.com/watch?v=3eJ0VrfvOLQ,¡CHEVROLET ESTÁ ACABADO! - ENORME NOTICIA,587.0,,videos,https://i.ytimg.com/vi/3eJ0VrfvOLQ/hqdefault.jpg?sqp=-oaymwE2CNACELwBSFXyq4qpAygIARUAAIhCGAFwAcABBvABAfgB_gmAAtAFigIMCAAQARhRIFooZTAP&rs=AOn4CLAVJxcU4-EL85eJlpJ_hjd5bQUb3A,El Dios de los Autos,external-reference,embed_link_and_summarize_only
staVEMBUpEU,https://www.youtube.com/watch?v=staVEMBUpEU,Los Mejores PRIMER AUTO USADO Y DEPORTIVO,838.0,,videos,https://i.ytimg.com/vi/staVEMBUpEU/hqdefault.jpg?sqp=-oaymwEcCNACELwBSFXyq4qpAw4IARUAAIhCGAFwAcABBg==&rs=AOn4CLB-eJbLxa2AWXh0ZJtGm--4_Zp79A,El Dios de los Autos,external-reference,embed_link_and_summarize_only
GPm6ODarLUA,https://www.youtube.com/watch?v=GPm6ODarLUA,¿Por qué el Mejor SUPRA tiene un MOTOR TAN PEQUEÑO? (Mejor que el MK4 2JZ),795.0,,videos,https://i.ytimg.com/vi/GPm6ODarLUA/hqdefault.jpg?sqp=-oaymwE2CNACELwBSFXyq4qpAygIARUAAIhCGAFwAcABBvABAfgB_gmAAtAFigIMCAAQARhgIGAoYDAP&rs=AOn4CLDXHFhwL6LSKwC3m99gV9zlLb8UFw,El Dios de los Autos,external-reference,embed_link_and_summarize_only
xfu6PXt0x-U,https://www.youtube.com/watch?v=xfu6PXt0x-U,5 cosas que NUNCA debes hacer cuando conduces rápido,569.0,,videos,https://i.ytimg.com/vi/xfu6PXt0x-U/hqdefault.jpg?sqp=-oaymwEcCNACELwBSFXyq4qpAw4IARUAAIhCGAFwAcABBg==&rs=AOn4CLBxnXcKsI7hLw5ml-tMZEbtta1TlQ,El Dios de los Autos,external-reference,embed_link_and_summarize_only
YwgrhfgNvio,https://www.youtube.com/watch?v=YwgrhfgNvio,"MAZDA, YA NO TE CREO.",1121.0,,videos,https://i.ytimg.com/vi/YwgrhfgNvio/hqdefault.jpg?sqp=-oaymwEcCNACELwBSFXyq4qpAw4IARUAAIhCGAFwAcABBg==&rs=AOn4CLB7CGsJCjyFtBqqDdfJ6puikFVc4g,El Dios de los Autos,external-reference,embed_link_and_summarize_only
15jfhsN7IYA,https://www.youtube.com/watch?v=15jfhsN7IYA,"NADIE COBRA POR DECIR ESTO DE TESLA CYBERTRUCK 2024, ASÍ QUE YO LO DIRÉ",853.0,,videos,https://i.ytimg.com/vi/15jfhsN7IYA/hqdefault.jpg?sqp=-oaymwEcCNACELwBSFXyq4qpAw4IARUAAIhCGAFwAcABBg==&rs=AOn4CLCNWctE8zakB0Ks8UgTVU-hNCIeSw,El Dios de los Autos,external-reference,embed_link_and_summarize_only
MWXqfYSai4A,https://www.youtube.com/watch?v=MWXqfYSai4A,COMPRÉ este MCLAREN para un cliente Y CASI ME CUESTA LA VIDA!,1080.0,,videos,https://i.ytimg.com/vi/MWXqfYSai4A/hqdefault.jpg?sqp=-oaymwEcCNACELwBSFXyq4qpAw4IARUAAIhCGAFwAcABBg==&rs=AOn4CLCOGWI7GgS-T73KjK8ezLj_Iwq-Gg,El Dios de los Autos,external-reference,embed_link_and_summarize_only
1uEFPVfhXWA,https://www.youtube.com/watch?v=1uEFPVfhXWA,NO COMPRES TOYOTA COROLLA CROSS ni HONDA ZR-V o Mazda CX30 antes de Ver Esto,1122.0,,videos,https://i.ytimg.com/vi/1uEFPVfhXWA/hqdefault.jpg?sqp=-oaymwE2CNACELwBSFXyq4qpAygIARUAAIhCGAFwAcABBvABAfgB_gmAAtAFigIMCAAQARhsIGwobDAP&rs=AOn4CLB9-QhZ5jW9_SEVXCf64OmmT2WnoQ,El Dios de los Autos,external-reference,embed_link_and_summarize_only
cVilmqRuXbU,https://www.youtube.com/watch?v=cVilmqRuXbU,"7 mejores autos para ""TUNEAR"" gastando MUY POCO dinero",721.0,,videos,https://i.ytimg.com/vi/cVilmqRuXbU/hqdefault.jpg?sqp=-oaymwEcCNACELwBSFXyq4qpAw4IARUAAIhCGAFwAcABBg==&rs=AOn4CLB_y4zbsVeXgm0ws47XzZkFVSSAXg,El Dios de los Autos,external-reference,embed_link_and_summarize_only
fTsbmldxntc,https://www.youtube.com/watch?v=fTsbmldxntc,MOTURBATE con el SUBARU WRX,878.0,,videos,https://i.ytimg.com/vi/fTsbmldxntc/hqdefault.jpg?sqp=-oaymwEcCNACELwBSFXyq4qpAw4IARUAAIhCGAFwAcABBg==&rs=AOn4CLAC9bMiDZvOqCTejh3pvynBllwemA,El Dios de los Autos,external-reference,embed_link_and_summarize_only
-YkqtB2XkTM,https://www.youtube.com/watch?v=-YkqtB2XkTM,NO MÁS CAJAS MANUALES EN 2024,583.0,,videos,https://i.ytimg.com/vi/-YkqtB2XkTM/hqdefault.jpg?sqp=-oaymwE2CNACELwBSFXyq4qpAygIARUAAIhCGAFwAcABBvABAfgB_gmAAtAFigIMCAAQARhNIF4oZTAP&rs=AOn4CLD32bpB0PIBlqEZfH_SvkFYKPpEaw,El Dios de los Autos,external-reference,embed_link_and_summarize_only
fk_e5VCbj-Q,https://www.youtube.com/watch?v=fk_e5VCbj-Q,¡NUEVA SUV Fiat Barata deja obsoletos a Toyota y Nissan!,905.0,,videos,https://i.ytimg.com/vi/fk_e5VCbj-Q/hqdefault.jpg?sqp=-oaymwE2CNACELwBSFXyq4qpAygIARUAAIhCGAFwAcABBvABAfgB_gmAAtAFigIMCAAQARhlIFIoTTAP&rs=AOn4CLCiq37_D0PwOQ9qUkpHIEPu172Drg,El Dios de los Autos,external-reference,embed_link_and_summarize_only
E20C9zki5v8,https://www.youtube.com/watch?v=E20C9zki5v8,Los MEJORES Autos RÁPIDOS pero MUY BARATOS,776.0,,videos,https://i.ytimg.com/vi/E20C9zki5v8/hqdefault.jpg?sqp=-oaymwEcCNACELwBSFXyq4qpAw4IARUAAIhCGAFwAcABBg==&rs=AOn4CLCWDw9EbxDUP024JAWyI4CHchA1TA,El Dios de los Autos,external-reference,embed_link_and_summarize_only
Wiqiej6c3bA,https://www.youtube.com/watch?v=Wiqiej6c3bA,9 AUTOS ABURRIDOS que de hecho son MUY DIVERTIDOS,885.0,,videos,https://i.ytimg.com/vi/Wiqiej6c3bA/hqdefault.jpg?sqp=-oaymwEcCNACELwBSFXyq4qpAw4IARUAAIhCGAFwAcABBg==&rs=AOn4CLD22NHUnTRhRAYtsI6nITlZ-KH8kQ,El Dios de los Autos,external-reference,embed_link_and_summarize_only
ycByYn6NmFo,https://www.youtube.com/watch?v=ycByYn6NmFo,"DEJA DE COMPRAR TOYOTA, ESTO DURA EL DOBLE Y CUESTA LA MITAD",783.0,,videos,https://i.ytimg.com/vi/ycByYn6NmFo/hqdefault.jpg?sqp=-oaymwE2CNACELwBSFXyq4qpAygIARUAAIhCGAFwAcABBvABAfgB_gmAAtAFigIMCAAQARh_IDcoRDAP&rs=AOn4CLDam2Rwl--pyw2vaxceQuJqL7veGw,El Dios de los Autos,external-reference,embed_link_and_summarize_only
5MYM2S4to9A,https://www.youtube.com/watch?v=5MYM2S4to9A,MG RX5: ALGUIEN LO TIENE QUE DECIR.,798.0,,videos,https://i.ytimg.com/vi/5MYM2S4to9A/hqdefault.jpg?sqp=-oaymwEcCNACELwBSFXyq4qpAw4IARUAAIhCGAFwAcABBg==&rs=AOn4CLDuhw7ft3EOscudQvaofgbyeGE1DA,El Dios de los Autos,external-reference,embed_link_and_summarize_only
NvHGYaNEQw8,https://www.youtube.com/watch?v=NvHGYaNEQw8,Haz Esto y Tu Auto DURARÁ PARA SIEMPRE,848.0,,videos,https://i.ytimg.com/vi/NvHGYaNEQw8/hqdefault.jpg?sqp=-oaymwE2CNACELwBSFXyq4qpAygIARUAAIhCGAFwAcABBvABAfgB_gmAAtAFigIMCAAQARh_IDYoQzAP&rs=AOn4CLBzDB5RAMTcbYQ5PquTWGLpLRWxMg,El Dios de los Autos,external-reference,embed_link_and_summarize_only
6w5zqHjF5_M,https://www.youtube.com/watch?v=6w5zqHjF5_M,¡NUEVO Toyota Corolla PICK UP BARATA deja Obsoletos a NISSAN y HYUNDAI!,727.0,,videos,https://i.ytimg.com/vi/6w5zqHjF5_M/hqdefault.jpg?sqp=-oaymwE2CNACELwBSFXyq4qpAygIARUAAIhCGAFwAcABBvABAfgB_gmAAtAFigIMCAAQARhlIF8oUjAP&rs=AOn4CLDr_Ua_sup6DUDGTd8IIT48EcnlaA,El Dios de los Autos,external-reference,embed_link_and_summarize_only
k77LXpim2LQ,https://www.youtube.com/watch?v=k77LXpim2LQ,¡PONTIAC fue Espectacular! (NO MERECÍA morir así),1340.0,,videos,https://i.ytimg.com/vi/k77LXpim2LQ/hqdefault.jpg?sqp=-oaymwE2CNACELwBSFXyq4qpAygIARUAAIhCGAFwAcABBvABAfgB_gmAAtAFigIMCAAQARgpIEMofzAP&rs=AOn4CLD-YgJ1GAKouWPsZU39k8lTNnbIog,El Dios de los Autos,external-reference,embed_link_and_summarize_only
PE-i_l_7mpg,https://www.youtube.com/watch?v=PE-i_l_7mpg,TOYOTA CELICA ESTÁ DE REGRESO,1237.0,,videos,https://i.ytimg.com/vi/PE-i_l_7mpg/hqdefault.jpg?sqp=-oaymwEcCNACELwBSFXyq4qpAw4IARUAAIhCGAFwAcABBg==&rs=AOn4CLC4mRA-6M8Ih8m2p9PZdLtbxG1omQ,El Dios de los Autos,external-reference,embed_link_and_summarize_only
ND9v_Rfw3tc,https://www.youtube.com/watch?v=ND9v_Rfw3tc,"Basura EUROPEA CASI ARRUINA México, USA, Perú, Chile (y TODO Latinoamérica)",593.0,,videos,https://i.ytimg.com/vi/ND9v_Rfw3tc/hqdefault.jpg?sqp=-oaymwEcCNACELwBSFXyq4qpAw4IARUAAIhCGAFwAcABBg==&rs=AOn4CLBlCqYpTWY5oVHe_vM8aTeKk3mQZQ,El Dios de los Autos,external-reference,embed_link_and_summarize_only
WlPVVvqCdYc,https://www.youtube.com/watch?v=WlPVVvqCdYc,Las MEJORES (y peores) PICK UP para COMPRAR HOY,1132.0,,videos,https://i.ytimg.com/vi/WlPVVvqCdYc/hqdefault.jpg?sqp=-oaymwEcCNACELwBSFXyq4qpAw4IARUAAIhCGAFwAcABBg==&rs=AOn4CLAhb0LBMRODR3ixMJ-3DyJfWJCdzA,El Dios de los Autos,external-reference,embed_link_and_summarize_only
vT0l0oSM5vU,https://www.youtube.com/watch?v=vT0l0oSM5vU,"MOTURBATE con el VOLKSWAGEN BEETLE - ESCARABAJO, VOCHO",847.0,,videos,https://i.ytimg.com/vi/vT0l0oSM5vU/hqdefault.jpg?sqp=-oaymwEcCNACELwBSFXyq4qpAw4IARUAAIhCGAFwAcABBg==&rs=AOn4CLBXJmuBNdj-GwJFwPcwqU5CD4EmsQ,El Dios de los Autos,external-reference,embed_link_and_summarize_only
0qfSqe3wHAg,https://www.youtube.com/watch?v=0qfSqe3wHAg,Fernando Alonso es EL MEJOR Piloto de F1 en este Momento?,887.0,,videos,https://i.ytimg.com/vi/0qfSqe3wHAg/hqdefault.jpg?sqp=-oaymwEcCNACELwBSFXyq4qpAw4IARUAAIhCGAFwAcABBg==&rs=AOn4CLDbzv91MO-_2JNdsBquCFt9x7hSvw,El Dios de los Autos,external-reference,embed_link_and_summarize_only
nj4urXb6dUU,https://www.youtube.com/watch?v=nj4urXb6dUU,¿NISSAN ESTÁ DE REGRESO O SOLO ES UN SUEÑO? - NUEVO NISSAN SENTRA DET,739.0,,videos,https://i.ytimg.com/vi/nj4urXb6dUU/hqdefault.jpg?sqp=-oaymwEcCNACELwBSFXyq4qpAw4IARUAAIhCGAFwAcABBg==&rs=AOn4CLB-aZrG3prxeyYrOh7VlDipjdKMHA,El Dios de los Autos,external-reference,embed_link_and_summarize_only
XBIFetXtTaQ,https://www.youtube.com/watch?v=XBIFetXtTaQ,10 Autos que ODIAS (Pero son GENIALES),1007.0,,videos,https://i.ytimg.com/vi/XBIFetXtTaQ/hqdefault.jpg?sqp=-oaymwEcCNACELwBSFXyq4qpAw4IARUAAIhCGAFwAcABBg==&rs=AOn4CLAG9kG2t8weuPnqO37SVMo1vRiFHw,El Dios de los Autos,external-reference,embed_link_and_summarize_only
cQ20xOK02d4,https://www.youtube.com/watch?v=cQ20xOK02d4,TOYOTA Tacoma X RUNNER 2024 Ridiculiza a Ford Raptor (la Mejor Pick Up?),712.0,,videos,https://i.ytimg.com/vi/cQ20xOK02d4/hqdefault.jpg?sqp=-oaymwEcCNACELwBSFXyq4qpAw4IARUAAIhCGAFwAcABBg==&rs=AOn4CLAU-AxB0nctSq_4n37i5u-G0BBBjA,El Dios de los Autos,external-reference,embed_link_and_summarize_only
4RUNWKXeFNk,https://www.youtube.com/watch?v=4RUNWKXeFNk,¿PORQUE LA GASOLINA SUBE PERO NUNCA BAJA?,553.0,,videos,https://i.ytimg.com/vi/4RUNWKXeFNk/hqdefault.jpg?sqp=-oaymwEcCNACELwBSFXyq4qpAw4IARUAAIhCGAFwAcABBg==&rs=AOn4CLB8-c_PeG1jcROiUymFGgnVSDxg8A,El Dios de los Autos,external-reference,embed_link_and_summarize_only
29xsXTk5lOY,https://www.youtube.com/watch?v=29xsXTk5lOY,¡NUEVO NISSAN GT-R R36 ACABA DE CAMBIAR EL FUTURO!,939.0,,videos,https://i.ytimg.com/vi/29xsXTk5lOY/hqdefault.jpg?sqp=-oaymwEcCNACELwBSFXyq4qpAw4IARUAAIhCGAFwAcABBg==&rs=AOn4CLCI3fElcgnBmjEIpYCLdwR4MdRkEg,El Dios de los Autos,external-reference,embed_link_and_summarize_only
vIucT0OHSZc,https://www.youtube.com/watch?v=vIucT0OHSZc,¡MAZDA MX-5 Y RX-7 AHORA SON UNO! - Enorme Noticia,937.0,,videos,https://i.ytimg.com/vi/vIucT0OHSZc/hqdefault.jpg?sqp=-oaymwEcCNACELwBSFXyq4qpAw4IARUAAIhCGAFwAcABBg==&rs=AOn4CLACKRrgyF6WDbk-0oJizIJbPFtg4w,El Dios de los Autos,external-reference,embed_link_and_summarize_only
RbkpIC8qnQI,https://www.youtube.com/watch?v=RbkpIC8qnQI,¡NUEVO Honda PRELUDE 2024 DESTROZA la Industria Automotriz!,909.0,,videos,https://i.ytimg.com/vi/RbkpIC8qnQI/hqdefault.jpg?sqp=-oaymwEcCNACELwBSFXyq4qpAw4IARUAAIhCGAFwAcABBg==&rs=AOn4CLCc1eqdmTFv6j8sTvekHGY-SuQUTA,El Dios de los Autos,external-reference,embed_link_and_summarize_only
RuAy1djoPD4,https://www.youtube.com/watch?v=RuAy1djoPD4,¿Por qué los AUTOS MODERNOS son TAN DIFICILES de REPARAR?,1056.0,,videos,https://i.ytimg.com/vi/RuAy1djoPD4/hqdefault.jpg?sqp=-oaymwEcCNACELwBSFXyq4qpAw4IARUAAIhCGAFwAcABBg==&rs=AOn4CLA4jepwDFXamz4Ny5ZveEbb8rnvZA,El Dios de los Autos,external-reference,embed_link_and_summarize_only
Wl0VLMvZ9WQ,https://www.youtube.com/watch?v=Wl0VLMvZ9WQ,¿Quién HACE Las MEJORES TRANSMISIONES? (y cuales son las peores),955.0,,videos,https://i.ytimg.com/vi/Wl0VLMvZ9WQ/hqdefault.jpg?sqp=-oaymwE2CNACELwBSFXyq4qpAygIARUAAIhCGAFwAcABBvABAfgB_gmAAtAFigIMCAAQARhlIFsoUDAP&rs=AOn4CLCXF5h3LZMczSqjsW9TmMhzNDU4Eg,El Dios de los Autos,external-reference,embed_link_and_summarize_only
YHMrIBhtdkk,https://www.youtube.com/watch?v=YHMrIBhtdkk,MOTURBATE con el HONDA CIVIC,1029.0,,videos,https://i.ytimg.com/vi/YHMrIBhtdkk/hqdefault.jpg?sqp=-oaymwEcCNACELwBSFXyq4qpAw4IARUAAIhCGAFwAcABBg==&rs=AOn4CLD8TJZv6VBbD2LBQQ9feIRLebYoqQ,El Dios de los Autos,external-reference,embed_link_and_summarize_only
k7LXWOKJzYw,https://www.youtube.com/watch?v=k7LXWOKJzYw,10 Autos que NO SE VENDEN BIEN y Obtendrás a PRECIO DE REGALO,882.0,,videos,https://i.ytimg.com/vi/k7LXWOKJzYw/hqdefault.jpg?sqp=-oaymwEcCNACELwBSFXyq4qpAw4IARUAAIhCGAFwAcABBg==&rs=AOn4CLBPJ4j1ioD6Y_roNNgKxmr-RZTHVA,El Dios de los Autos,external-reference,embed_link_and_summarize_only
DFmz-KDDw4g,https://www.youtube.com/watch?v=DFmz-KDDw4g,TOYOTA ESTÁ OFICIALMENTE MUERTO,605.0,,videos,https://i.ytimg.com/vi/DFmz-KDDw4g/hqdefault.jpg?sqp=-oaymwE2CNACELwBSFXyq4qpAygIARUAAIhCGAFwAcABBvABAfgB_gmAAtAFigIMCAAQARhyIDkoQDAP&rs=AOn4CLAo1fy2OZo_ApJvCRabLBkF9CBs3g,El Dios de los Autos,external-reference,embed_link_and_summarize_only
FQDCuJ8cN3s,https://www.youtube.com/watch?v=FQDCuJ8cN3s,¡5 autos que DURAN PARA SIEMPRE porque tienen el motor MÁS Confiable!,926.0,,videos,https://i.ytimg.com/vi/FQDCuJ8cN3s/hqdefault.jpg?sqp=-oaymwE2CNACELwBSFXyq4qpAygIARUAAIhCGAFwAcABBvABAfgB_gmAAtAFigIMCAAQARhPIFwoZTAP&rs=AOn4CLDQmlMDn545br9KzX7qMvLhdbQxyw,El Dios de los Autos,external-reference,embed_link_and_summarize_only
is3vjsnaYD8,https://www.youtube.com/watch?v=is3vjsnaYD8,¿COMO Funciona el ALTERNADOR del AUTO? | Explicación a prueba de Idiotas,889.0,,videos,https://i.ytimg.com/vi/is3vjsnaYD8/hqdefault.jpg?sqp=-oaymwE2CNACELwBSFXyq4qpAygIARUAAIhCGAFwAcABBvABAfgB_gmAAtAFigIMCAAQARgyIE8ocjAP&rs=AOn4CLAw3FzFToGkvGbJq0JpytiWIzlvCg,El Dios de los Autos,external-reference,embed_link_and_summarize_only
8fhb_IbTOC8,https://www.youtube.com/watch?v=8fhb_IbTOC8,TOYOTA NO quiso prestarme un YARIS 2024 ASÍ QUE COMPRÉ UNO y Aquí MI OPINIÓN SINCERA,929.0,,videos,https://i.ytimg.com/vi/8fhb_IbTOC8/hqdefault.jpg?sqp=-oaymwEcCNACELwBSFXyq4qpAw4IARUAAIhCGAFwAcABBg==&rs=AOn4CLDumrN0-9LzJW_l3PY9CVjd9uMmIQ,El Dios de los Autos,external-reference,embed_link_and_summarize_only
bWoaQTuqTW0,https://www.youtube.com/watch?v=bWoaQTuqTW0,¡Nuevo Coche CHINO Acaba de APLASTAR el MERCADO Automotriz! - Toyota y Hyundai TIEMBLAN,793.0,,videos,https://i.ytimg.com/vi/bWoaQTuqTW0/hqdefault.jpg?sqp=-oaymwEcCNACELwBSFXyq4qpAw4IARUAAIhCGAFwAcABBg==&rs=AOn4CLB8MkPPynUR19HOlVfL1sMQU1S7OA,El Dios de los Autos,external-reference,embed_link_and_summarize_only
9LUNYx8gJH8,https://www.youtube.com/watch?v=9LUNYx8gJH8,NISSAN ¡NUEVO Coche AMENAZA a TODOS!,751.0,,videos,https://i.ytimg.com/vi/9LUNYx8gJH8/hqdefault.jpg?sqp=-oaymwE2CNACELwBSFXyq4qpAygIARUAAIhCGAFwAcABBvABAfgB_gmAAtAFigIMCAAQARhyIDYoQjAP&rs=AOn4CLDdGfkShwgokiRWcJAqOvtxA1z4rw,El Dios de los Autos,external-reference,embed_link_and_summarize_only
BjAIb-FCxrU,https://www.youtube.com/watch?v=BjAIb-FCxrU,MAZDA Acaba de SALVAR los MOTORES a COMBUSTION,869.0,,videos,https://i.ytimg.com/vi/BjAIb-FCxrU/hqdefault.jpg?sqp=-oaymwEcCNACELwBSFXyq4qpAw4IARUAAIhCGAFwAcABBg==&rs=AOn4CLACKjemlSM1JyEG3nGzNOkDkDuxNg,El Dios de los Autos,external-reference,embed_link_and_summarize_only
oTc5Ay_7MUA,https://www.youtube.com/watch?v=oTc5Ay_7MUA,¡DEJEN DE COMPRAR YA ESTE PESIMO AUTO!,780.0,,videos,https://i.ytimg.com/vi/oTc5Ay_7MUA/hqdefault.jpg?sqp=-oaymwE2CNACELwBSFXyq4qpAygIARUAAIhCGAFwAcABBvABAfgB_gmAAtAFigIMCAAQARhlIGQoWzAP&rs=AOn4CLD2NjfE8nu35vu8NgiI3jSWEGqU_w,El Dios de los Autos,external-reference,embed_link_and_summarize_only
LUuVzLHF4co,https://www.youtube.com/watch?v=LUuVzLHF4co,NO COMPRES TOYOTA RAV-4 ni HONDA CR-V antes de Ver Esto,944.0,,videos,https://i.ytimg.com/vi/LUuVzLHF4co/hqdefault.jpg?sqp=-oaymwE2CNACELwBSFXyq4qpAygIARUAAIhCGAFwAcABBvABAfgB_gmAAtAFigIMCAAQARhEIFooZTAP&rs=AOn4CLCNvbKRJ1QVlPwx5nykhpJwrjAPrw,El Dios de los Autos,external-reference,embed_link_and_summarize_only
MUrTwrGcmOk,https://www.youtube.com/watch?v=MUrTwrGcmOk,ESTE ES EL FINAL DEL CAMINO PARA MI (GRACIAS),534.0,,videos,https://i.ytimg.com/vi/MUrTwrGcmOk/hqdefault.jpg?sqp=-oaymwEcCNACELwBSFXyq4qpAw4IARUAAIhCGAFwAcABBg==&rs=AOn4CLA42rSxP0mFb1m-Lxyd_V0pRrxF1g,El Dios de los Autos,external-reference,embed_link_and_summarize_only
hqsVHkRdSP4,https://www.youtube.com/watch?v=hqsVHkRdSP4,"Chevrolet ¡NUEVA Pick Up de $17,000 TIENE a Toyota y Ford de RODILLAS!",1121.0,,videos,https://i.ytimg.com/vi/hqsVHkRdSP4/hqdefault.jpg?sqp=-oaymwE2CNACELwBSFXyq4qpAygIARUAAIhCGAFwAcABBvABAfgB_gmAAtAFigIMCAAQARhSIF0oZTAP&rs=AOn4CLA9XoBrUPVOcl2bBx2OBqAbYYGJ5A,El Dios de los Autos,external-reference,embed_link_and_summarize_only
HdKftGjQGhw,https://www.youtube.com/watch?v=HdKftGjQGhw,China SORPRENDE AL MUNDO con nuevo motor eléctrico de plasma,783.0,,videos,https://i.ytimg.com/vi/HdKftGjQGhw/hqdefault.jpg?sqp=-oaymwE2CNACELwBSFXyq4qpAygIARUAAIhCGAFwAcABBvABAfgB_gmAAtAFigIMCAAQARg9IFMoZTAP&rs=AOn4CLCpsuiVrA_nvvNN6BwWDMf4Ap97sA,El Dios de los Autos,external-reference,embed_link_and_summarize_only
hJsbg02oonU,https://www.youtube.com/watch?v=hJsbg02oonU,"TOYOTA, ""AL DIABLOS los Eléctricos y la Gasolina, NUEVO MOTOR No usa NINGUNO de los Dos""",799.0,,videos,https://i.ytimg.com/vi/hJsbg02oonU/hqdefault.jpg?sqp=-oaymwE2CNACELwBSFXyq4qpAygIARUAAIhCGAFwAcABBvABAfgB_gmAAtAFigIMCAAQARhlIGUoZTAP&rs=AOn4CLA19XjyxhmH0B9Po7-28yQjUQKdpQ,El Dios de los Autos,external-reference,embed_link_and_summarize_only
JDG0BttVgAA,https://www.youtube.com/watch?v=JDG0BttVgAA,"¡NUEVA Pick up Ford de $24,000 deja obsoletos a Toyota y Mitsubishi!",610.0,,videos,https://i.ytimg.com/vi/JDG0BttVgAA/hqdefault.jpg?sqp=-oaymwE2CNACELwBSFXyq4qpAygIARUAAIhCGAFwAcABBvABAfgB_gmAAtAFigIMCAAQARhiIGIoYjAP&rs=AOn4CLA854DxhCYc2Nnfnmjzt1x28_iveQ,El Dios de los Autos,external-reference,embed_link_and_summarize_only
YDPf5UaB1ag,https://www.youtube.com/watch?v=YDPf5UaB1ag,NUEVO Motor Mazda DESTROZA Futuro de los ELECTRICOS,681.0,,videos,https://i.ytimg.com/vi/YDPf5UaB1ag/hqdefault.jpg?sqp=-oaymwE2CNACELwBSFXyq4qpAygIARUAAIhCGAFwAcABBvABAfgB_gmAAtAFigIMCAAQARhlIGAoVjAP&rs=AOn4CLCYLWE5sfbyGfXUum7YRpVlr14X_A,El Dios de los Autos,external-reference,embed_link_and_summarize_only
7xyk1Tj69xU,https://www.youtube.com/watch?v=7xyk1Tj69xU,"¡NUEVO Deportivo CHINO BARATO deja obsoletos a TOYOTA, MAZDA y HONDA!",884.0,,videos,https://i.ytimg.com/vi/7xyk1Tj69xU/hqdefault.jpg?sqp=-oaymwE2CNACELwBSFXyq4qpAygIARUAAIhCGAFwAcABBvABAfgB_gmAAtAFigIMCAAQARhDIGUoUTAP&rs=AOn4CLCVE922bkZPwJq8hDtsV8ieCOgCKg,El Dios de los Autos,external-reference,embed_link_and_summarize_only
ZBDSMYw6rbY,https://www.youtube.com/watch?v=ZBDSMYw6rbY,MAYOR CAÍDA del MERCADO de AUTOS Ha Comenzado (PRECIOS SUBEN EN 85% y NADE COMPRA),669.0,,videos,https://i.ytimg.com/vi/ZBDSMYw6rbY/hqdefault.jpg?sqp=-oaymwE2CNACELwBSFXyq4qpAygIARUAAIhCGAFwAcABBvABAfgB_gmAAtAFigIMCAAQARhlIFkoUDAP&rs=AOn4CLDh0D0z6-siJheuP7WEXIvzeiXo2A,El Dios de los Autos,external-reference,embed_link_and_summarize_only
UWxzplAzXRI,https://www.youtube.com/watch?v=UWxzplAzXRI,JEEP ESTÁ HARTO - ENORME NOTICIA,736.0,,videos,https://i.ytimg.com/vi/UWxzplAzXRI/hqdefault.jpg?sqp=-oaymwE2CNACELwBSFXyq4qpAygIARUAAIhCGAFwAcABBvABAfgB_gmAAtAFigIMCAAQARhMIF4oZTAP&rs=AOn4CLBaDWchA6qoppSeyYQ1JGuMuO6mew,El Dios de los Autos,external-reference,embed_link_and_summarize_only
RiaQiX2Jn6U,https://www.youtube.com/watch?v=RiaQiX2Jn6U,¡NUNCA COMPRES ESTE SEGURO DE AUTO!,583.0,,videos,https://i.ytimg.com/vi/RiaQiX2Jn6U/hqdefault.jpg?sqp=-oaymwEcCNACELwBSFXyq4qpAw4IARUAAIhCGAFwAcABBg==&rs=AOn4CLAjKxc9b0oOn0G5lmLkrd20ZLvtMQ,El Dios de los Autos,external-reference,embed_link_and_summarize_only
cXi1ImAUvVg,https://www.youtube.com/watch?v=cXi1ImAUvVg,¡COMPRÉ el MEJOR COCHE de mi Vida HASTA HOY!,822.0,,videos,https://i.ytimg.com/vi/cXi1ImAUvVg/hqdefault.jpg?sqp=-oaymwEcCNACELwBSFXyq4qpAw4IARUAAIhCGAFwAcABBg==&rs=AOn4CLCl6njcYdFajr4M0N0Jy-CNYtr2dQ,El Dios de los Autos,external-reference,embed_link_and_summarize_only
kIcTXV9WJ2E,https://www.youtube.com/watch?v=kIcTXV9WJ2E,EVITE ESTOS TOYOTA A TODA COSTA,1165.0,,videos,https://i.ytimg.com/vi/kIcTXV9WJ2E/hqdefault.jpg?sqp=-oaymwEcCNACELwBSFXyq4qpAw4IARUAAIhCGAFwAcABBg==&rs=AOn4CLCniCEwOJK1UYx_ZC04x-FkLtZ5HA,El Dios de los Autos,external-reference,embed_link_and_summarize_only
N6-a8mgilNY,https://www.youtube.com/watch?v=N6-a8mgilNY,¡PRECIOS de AUTOS USADOS se DESPLOMAN! (COMPRA AHORA),862.0,,videos,https://i.ytimg.com/vi/N6-a8mgilNY/hqdefault.jpg?sqp=-oaymwE2CNACELwBSFXyq4qpAygIARUAAIhCGAFwAcABBvABAfgB_gmAAtAFigIMCAAQARh_IDcoSDAP&rs=AOn4CLBPKk2sY7LYqVSgMEjV3Bs5AHzbGg,El Dios de los Autos,external-reference,embed_link_and_summarize_only
gQWVehFaeV8,https://www.youtube.com/watch?v=gQWVehFaeV8,"CEO de FORD dice: ""NOS VAMOS DE AMÉRICA"" - ENORME NOTICIA",910.0,,videos,https://i.ytimg.com/vi/gQWVehFaeV8/hqdefault.jpg?sqp=-oaymwEcCNACELwBSFXyq4qpAw4IARUAAIhCGAFwAcABBg==&rs=AOn4CLA04ZqXKR5L6kYrlcueH4CAjJgEag,El Dios de los Autos,external-reference,embed_link_and_summarize_only
AotfCbKKr8c,https://www.youtube.com/watch?v=AotfCbKKr8c,TOYOTA ¡NUEVO Coche DESTROZA a TODOS! - HYUNDAI está TEMBLANDO,882.0,,videos,https://i.ytimg.com/vi/AotfCbKKr8c/hqdefault.jpg?sqp=-oaymwE2CNACELwBSFXyq4qpAygIARUAAIhCGAFwAcABBvABAfgB_gmAAtAFigIMCAAQARhlIEwoQTAP&rs=AOn4CLBHUVSpxcVvFsevfj4fTI1JVaWqRQ,El Dios de los Autos,external-reference,embed_link_and_summarize_only
DddP_bB2dyg,https://www.youtube.com/watch?v=DddP_bB2dyg,Presione SIEMPRE este Botón Antes de CONDUCIR su AUTO,745.0,,videos,https://i.ytimg.com/vi/DddP_bB2dyg/hqdefault.jpg?sqp=-oaymwE2CNACELwBSFXyq4qpAygIARUAAIhCGAFwAcABBvABAfgB_gmAAtAFigIMCAAQARhUIF0oZTAP&rs=AOn4CLCnr6YMWrhVLElrqxCqRwFs4OHXWg,El Dios de los Autos,external-reference,embed_link_and_summarize_only
ny24KMv09gk,https://www.youtube.com/watch?v=ny24KMv09gk,"¡NUEVA Pick up Subaru de $23,000 deja obsoletos a Ford y Toyota!",865.0,,videos,https://i.ytimg.com/vi/ny24KMv09gk/hqdefault.jpg?sqp=-oaymwEcCNACELwBSFXyq4qpAw4IARUAAIhCGAFwAcABBg==&rs=AOn4CLDpDZP-r1IkoHwb0nR1L48YkZmSBQ,El Dios de los Autos,external-reference,embed_link_and_summarize_only
Bv_66czkxeA,https://www.youtube.com/watch?v=Bv_66czkxeA,"LO ARRUINÉ, No Tengo Dinero y Ahora Este es MI AUTO",716.0,,videos,https://i.ytimg.com/vi/Bv_66czkxeA/hqdefault.jpg?sqp=-oaymwEcCNACELwBSFXyq4qpAw4IARUAAIhCGAFwAcABBg==&rs=AOn4CLAJkCOfwO_1sv4Ob7mRvhOAfYpx6w,El Dios de los Autos,external-reference,embed_link_and_summarize_only
O0gn85pkb4M,https://www.youtube.com/watch?v=O0gn85pkb4M,¡TOYOTA NOQUEA La Industria AUTOMOTRIZ con NUEVO MOTOR!,838.0,,videos,https://i.ytimg.com/vi/O0gn85pkb4M/hqdefault.jpg?sqp=-oaymwE2CNACELwBSFXyq4qpAygIARUAAIhCGAFwAcABBvABAfgB_gmAAtAFigIMCAAQARhHIEcoWTAP&rs=AOn4CLDerTiFIOUO-IwIDyQl9f0PjXpr_A,El Dios de los Autos,external-reference,embed_link_and_summarize_only
FOMCXO0w2ig,https://www.youtube.com/watch?v=FOMCXO0w2ig,CONCESIONARIOS se Volvieron CODICIOSOS | AHORA SE ARRUINARON,696.0,,videos,https://i.ytimg.com/vi/FOMCXO0w2ig/hqdefault.jpg?sqp=-oaymwE2CNACELwBSFXyq4qpAygIARUAAIhCGAFwAcABBvABAfgB_gmAAtAFigIMCAAQARh_IDkoTDAP&rs=AOn4CLBYwi89R4SJUmZzcq2CFlCOllquhg,El Dios de los Autos,external-reference,embed_link_and_summarize_only
yElrUdBwVMQ,https://www.youtube.com/watch?v=yElrUdBwVMQ,FORD LO HIZO DE NUEVO - ENORME NOTICIA,726.0,,videos,https://i.ytimg.com/vi/yElrUdBwVMQ/hqdefault.jpg?sqp=-oaymwE2CNACELwBSFXyq4qpAygIARUAAIhCGAFwAcABBvABAfgB_gmAAtAFigIMCAAQARhlIE4oRTAP&rs=AOn4CLD0vaCihAvLZThzbcJNFE8zyMMLEw,El Dios de los Autos,external-reference,embed_link_and_summarize_only
Dz5HatiVdss,https://www.youtube.com/watch?v=Dz5HatiVdss,¡El Fin del Litio! Elon Musk Reveló NUEVA tecnología de Baterías que cambiará toda la Industria.,851.0,,videos,https://i.ytimg.com/vi/Dz5HatiVdss/hqdefault.jpg?sqp=-oaymwEcCNACELwBSFXyq4qpAw4IARUAAIhCGAFwAcABBg==&rs=AOn4CLDihiyeK9vMWnk4YD8iXp2jdxKdug,El Dios de los Autos,external-reference,embed_link_and_summarize_only
icFvee0nvgY,https://www.youtube.com/watch?v=icFvee0nvgY,Me van a SILENCIAR por DECIR LA VERDAD (No les tengo Miedo),632.0,,videos,https://i.ytimg.com/vi/icFvee0nvgY/hqdefault.jpg?sqp=-oaymwEcCNACELwBSFXyq4qpAw4IARUAAIhCGAFwAcABBg==&rs=AOn4CLBXkyVWQqjC-0anyh5s6CvQlznFeA,El Dios de los Autos,external-reference,embed_link_and_summarize_only
-D_2OkXc6mY,https://www.youtube.com/watch?v=-D_2OkXc6mY,¡NUEVA Pick up Kia Barata deja obsoletos a Ford y Toyota!,815.0,,videos,https://i.ytimg.com/vi/-D_2OkXc6mY/hqdefault.jpg?sqp=-oaymwE2CNACELwBSFXyq4qpAygIARUAAIhCGAFwAcABBvABAfgB_gmAAtAFigIMCAAQARhcIFwoXDAP&rs=AOn4CLAV5QAGwmnhWmqvQhnIC6SW4jbOxQ,El Dios de los Autos,external-reference,embed_link_and_summarize_only
HgnKhNzBm6I,https://www.youtube.com/watch?v=HgnKhNzBm6I,"SUBARU Lanza DESTRUCTOR de $20,000 Contra TOYOTA COROLLA CROSS",756.0,,videos,https://i.ytimg.com/vi/HgnKhNzBm6I/hqdefault.jpg?sqp=-oaymwEcCNACELwBSFXyq4qpAw4IARUAAIhCGAFwAcABBg==&rs=AOn4CLBukgFYOBntSUoZ9xQfwAlswGC1Ig,El Dios de los Autos,external-reference,embed_link_and_summarize_only
L0un1IjCYyQ,https://www.youtube.com/watch?v=L0un1IjCYyQ,¡NUEVO Auto Volador TOYOTA FINALMENTE llega al Mercado!,764.0,,videos,https://i.ytimg.com/vi/L0un1IjCYyQ/hqdefault.jpg?sqp=-oaymwE2CNACELwBSFXyq4qpAygIARUAAIhCGAFwAcABBvABAfgB_gmAAtAFigIMCAAQARhlIGMoDzAP&rs=AOn4CLBM7Dy4-IMVu52PiYQGh_Vxt6MfNA,El Dios de los Autos,external-reference,embed_link_and_summarize_only
8sOrTZL4wRw,https://www.youtube.com/watch?v=8sOrTZL4wRw,¡NUEVO Ford MUSTANG 2025 DESTROZA la Industria Automotriz!,676.0,,videos,https://i.ytimg.com/vi/8sOrTZL4wRw/hqdefault.jpg?sqp=-oaymwEcCNACELwBSFXyq4qpAw4IARUAAIhCGAFwAcABBg==&rs=AOn4CLA0UrVvZL9TWomrbY27ct7H8S0Trw,El Dios de los Autos,external-reference,embed_link_and_summarize_only
Znq2uVE_kCA,https://www.youtube.com/watch?v=Znq2uVE_kCA,"HONDA: ""PERDEMOS CLIENTES DIARAMENTE Y NO SABEMOS POR QUÉ""",796.0,,videos,https://i.ytimg.com/vi/Znq2uVE_kCA/hqdefault.jpg?sqp=-oaymwEcCNACELwBSFXyq4qpAw4IARUAAIhCGAFwAcABBg==&rs=AOn4CLBbOj-3__mu7T1qmoOpl-WhfH8HbA,El Dios de los Autos,external-reference,embed_link_and_summarize_only
yBoCm-9mLbU,https://www.youtube.com/watch?v=yBoCm-9mLbU,CHINA Acaba de DEJAR de Enviar MATERIAS PRIMAS a ESTADOS UNIDOS y Cerrará la INDUSTRIA AUTOMOTRIZ,515.0,,videos,https://i.ytimg.com/vi/yBoCm-9mLbU/hqdefault.jpg?sqp=-oaymwE2CNACELwBSFXyq4qpAygIARUAAIhCGAFwAcABBvABAfgB_gmAAtAFigIMCAAQARh_IDkoSTAP&rs=AOn4CLAGKx-9UNnjGW6kPAMqFWD2YtShpg,El Dios de los Autos,external-reference,embed_link_and_summarize_only
-8do7MgiInQ,https://www.youtube.com/watch?v=-8do7MgiInQ,¿España vive en 2050? Motor revolucionario INNengine de 1 tiempo analizado,927.0,,videos,https://i.ytimg.com/vi/-8do7MgiInQ/hqdefault.jpg?sqp=-oaymwE2CNACELwBSFXyq4qpAygIARUAAIhCGAFwAcABBvABAfgB_gmAAtAFigIMCAAQARh_IFUoFzAP&rs=AOn4CLC2wPNMXIaAWTTjbHCwzBkHQTtyoA,El Dios de los Autos,external-reference,embed_link_and_summarize_only
rnDlkOOIB6o,https://www.youtube.com/watch?v=rnDlkOOIB6o,NUEVO Superauto MUY BARATO es UNA LOCURA - ENORME NOTICIA,663.0,,videos,https://i.ytimg.com/vi/rnDlkOOIB6o/hqdefault.jpg?sqp=-oaymwEcCNACELwBSFXyq4qpAw4IARUAAIhCGAFwAcABBg==&rs=AOn4CLDW5_oQXPa64TNsoZx_9k8Pr4or2Q,El Dios de los Autos,external-reference,embed_link_and_summarize_only
ix1UVWJGOqE,https://www.youtube.com/watch?v=ix1UVWJGOqE,¿Por que DEBERÍAS IR a un CAR MEET?,734.0,,videos,https://i.ytimg.com/vi/ix1UVWJGOqE/hqdefault.jpg?sqp=-oaymwE2CNACELwBSFXyq4qpAygIARUAAIhCGAFwAcABBvABAfgB_gmAAtAFigIMCAAQARhlIFooTDAP&rs=AOn4CLAgGzN7ZurJo37aQNxnbYyMC6s9Hw,El Dios de los Autos,external-reference,embed_link_and_summarize_only
e1CjyLfBDtE,https://www.youtube.com/watch?v=e1CjyLfBDtE,"KIA Lanza DESTRUCTOR de $9,000 Contra TOYOTA COROLLA",702.0,,videos,https://i.ytimg.com/vi/e1CjyLfBDtE/hqdefault.jpg?sqp=-oaymwE2CNACELwBSFXyq4qpAygIARUAAIhCGAFwAcABBvABAfgB_gmAAtAFigIMCAAQARhlIFQoRjAP&rs=AOn4CLCEWx5nrgwXQLQvbQGcwj6D2lm4Rw,El Dios de los Autos,external-reference,embed_link_and_summarize_only
f7nXiQI-VOs,https://www.youtube.com/watch?v=f7nXiQI-VOs,¿Por qué CHVROLET está matando al CAMARO después de 57 años?,1126.0,,videos,https://i.ytimg.com/vi/f7nXiQI-VOs/hqdefault.jpg?sqp=-oaymwEcCNACELwBSFXyq4qpAw4IARUAAIhCGAFwAcABBg==&rs=AOn4CLBugvqWtxXH-4INkz8cg0F3sYDXfA,El Dios de los Autos,external-reference,embed_link_and_summarize_only
rmKPNgKpHKw,https://www.youtube.com/watch?v=rmKPNgKpHKw,TESLA AHORA ES DUEÑO DE FORD Y CHEVROLET,723.0,,videos,https://i.ytimg.com/vi/rmKPNgKpHKw/hqdefault.jpg?sqp=-oaymwE2CNACELwBSFXyq4qpAygIARUAAIhCGAFwAcABBvABAfgB_gmAAtAFigIMCAAQARh_IDkoRzAP&rs=AOn4CLANsCB0JjMtG6wOrVRGqPS04UIY9Q,El Dios de los Autos,external-reference,embed_link_and_summarize_only
0iNQoscFzYE,https://www.youtube.com/watch?v=0iNQoscFzYE,NUNCA Compres este AUTO DE SEGUNDA (Todos Quieren Uno Y SE ARREPIENTEN),962.0,,videos,https://i.ytimg.com/vi/0iNQoscFzYE/hqdefault.jpg?sqp=-oaymwE2CNACELwBSFXyq4qpAygIARUAAIhCGAFwAcABBvABAfgB_gmAAtAFigIMCAAQARhlIGAoUTAP&rs=AOn4CLAEuU9BFPDpcSexKzlX7H21UfJKlA,El Dios de los Autos,external-reference,embed_link_and_summarize_only
LUOXppFTwLY,https://www.youtube.com/watch?v=LUOXppFTwLY,NUEVO Motor Pequeño DESTROZA Futuro de los ELECTRICOS,720.0,,videos,https://i.ytimg.com/vi/LUOXppFTwLY/hqdefault.jpg?sqp=-oaymwE2CNACELwBSFXyq4qpAygIARUAAIhCGAFwAcABBvABAfgB_gmAAtAFigIMCAAQARhlIGUoZTAP&rs=AOn4CLBhYZ8k8EWwUWA61xMn67IJ_qdAiA,El Dios de los Autos,external-reference,embed_link_and_summarize_only
zgpPZb9KPKo,https://www.youtube.com/watch?v=zgpPZb9KPKo,TOYOTA HILUX TIEMBLA ANTE PICK UP ELECTRICA,824.0,,videos,https://i.ytimg.com/vi/zgpPZb9KPKo/hqdefault.jpg?sqp=-oaymwEcCNACELwBSFXyq4qpAw4IARUAAIhCGAFwAcABBg==&rs=AOn4CLBV5Dh7OLOtSmmaex0_kPa7P4L5DA,El Dios de los Autos,external-reference,embed_link_and_summarize_only
tRHxIQ6dniw,https://www.youtube.com/watch?v=tRHxIQ6dniw,¡NUEVA Toyota LAND CRUISER Económica NO Sirve PARA NADA!,1038.0,,videos,https://i.ytimg.com/vi/tRHxIQ6dniw/hqdefault.jpg?sqp=-oaymwE2CNACELwBSFXyq4qpAygIARUAAIhCGAFwAcABBvABAfgB_gmAAtAFigIMCAAQARhYIGUoOzAP&rs=AOn4CLCPA10QaA_REz8dPUnwNgdxn_pJrw,El Dios de los Autos,external-reference,embed_link_and_summarize_only
He0SllmJ3h4,https://www.youtube.com/watch?v=He0SllmJ3h4,TOYOTA Y MAZDA AHORA SON UNO - ENORME NOTICIA,747.0,,videos,https://i.ytimg.com/vi/He0SllmJ3h4/hqdefault.jpg?sqp=-oaymwE2CNACELwBSFXyq4qpAygIARUAAIhCGAFwAcABBvABAfgB_gmAAtAFigIMCAAQARhlIF0oUjAP&rs=AOn4CLBXJMIxfnDtwcXGfD-_md5PDt0d0Q,El Dios de los Autos,external-reference,embed_link_and_summarize_only
DbTuAo-POOw,https://www.youtube.com/watch?v=DbTuAo-POOw,"FORD, Dodge y Otros Americanos YA NO se Venden EN JAPÓN! - ENORME NOTICIA",1127.0,,videos,https://i.ytimg.com/vi/DbTuAo-POOw/hqdefault.jpg?sqp=-oaymwEcCNACELwBSFXyq4qpAw4IARUAAIhCGAFwAcABBg==&rs=AOn4CLCIzeHvxiIRx9aSS7eTdu7NJXsl3w,El Dios de los Autos,external-reference,embed_link_and_summarize_only
i9xJW1oXyOo,https://www.youtube.com/watch?v=i9xJW1oXyOo,"SI NO COMPRAS ESTE COCHE AHORA MISMO, ERES ESTUPIDO",639.0,,videos,https://i.ytimg.com/vi/i9xJW1oXyOo/hqdefault.jpg?sqp=-oaymwE2CNACELwBSFXyq4qpAygIARUAAIhCGAFwAcABBvABAfgB_gmAAtAFigIMCAAQARhyIDkoRzAP&rs=AOn4CLClsj7aqtefk-hxQVRftfqnDC7K5w,El Dios de los Autos,external-reference,embed_link_and_summarize_only
4YrSesGpucQ,https://www.youtube.com/watch?v=4YrSesGpucQ,Les ADVERTI Sobre Este COCHE pero NADIE ESCUCHÓ,845.0,,videos,https://i.ytimg.com/vi/4YrSesGpucQ/hqdefault.jpg?sqp=-oaymwEcCNACELwBSFXyq4qpAw4IARUAAIhCGAFwAcABBg==&rs=AOn4CLCUCHY2-C-pyZutRfZQdtpIWYxLkA,El Dios de los Autos,external-reference,embed_link_and_summarize_only
qcPyX4wDtR0,https://www.youtube.com/watch?v=qcPyX4wDtR0,"¡NUEVA Pick up Mazda de $20,000 deja obsoletos a Ford y Toyota!",884.0,,videos,https://i.ytimg.com/vi/qcPyX4wDtR0/hqdefault.jpg?sqp=-oaymwEcCNACELwBSFXyq4qpAw4IARUAAIhCGAFwAcABBg==&rs=AOn4CLC55tQw7f98JbklojwuKFgCN74s3Q,El Dios de los Autos,external-reference,embed_link_and_summarize_only
bZPxuZWpz2c,https://www.youtube.com/watch?v=bZPxuZWpz2c,"TOYOTA, ""NO MÁS CONCESIONARIOS Venderemos Directo al Cliente""",854.0,,videos,https://i.ytimg.com/vi/bZPxuZWpz2c/hqdefault.jpg?sqp=-oaymwE2CNACELwBSFXyq4qpAygIARUAAIhCGAFwAcABBvABAfgB_gmAAtAFigIMCAAQARhlIGUoZTAP&rs=AOn4CLCdkMpl6r4M_QuCbV4RPv67ZLVW8Q,El Dios de los Autos,external-reference,embed_link_and_summarize_only
bhFsk0h9wGc,https://www.youtube.com/watch?v=bhFsk0h9wGc,YA NADIE quiere estos AUTOS - TERRIBLE NOTICIA,787.0,,videos,https://i.ytimg.com/vi/bhFsk0h9wGc/hqdefault.jpg?sqp=-oaymwE2CNACELwBSFXyq4qpAygIARUAAIhCGAFwAcABBvABAfgB_gmAAtAFigIMCAAQARhlIGAoUTAP&rs=AOn4CLBc6rjD-q_ELDT2EBnJP-N_Z83Czg,El Dios de los Autos,external-reference,embed_link_and_summarize_only
X5HP1BbiaIM,https://www.youtube.com/watch?v=X5HP1BbiaIM,ANUNCIO de MITSUBISHI Deja EN SHOCK la INDUSTRIA AUTOMOTRIZ,702.0,,videos,https://i.ytimg.com/vi/X5HP1BbiaIM/hqdefault.jpg?sqp=-oaymwE2CNACELwBSFXyq4qpAygIARUAAIhCGAFwAcABBvABAfgB_gmAAtAFigIMCAAQARhyIEAoTjAP&rs=AOn4CLBTZIdxihSQ9fAo-FX9XpKB-voUBA,El Dios de los Autos,external-reference,embed_link_and_summarize_only
E7lEEBA6lbw,https://www.youtube.com/watch?v=E7lEEBA6lbw,ESTAS LLANTAS DURARÁN PARA SIEMPRE,933.0,,videos,https://i.ytimg.com/vi/E7lEEBA6lbw/hqdefault.jpg?sqp=-oaymwE2CNACELwBSFXyq4qpAygIARUAAIhCGAFwAcABBvABAfgB_gmAAtAFigIMCAAQARgmIGUoMjAP&rs=AOn4CLAgQ1xrGDZ7fomV6ZZ-DKuY1m7YLw,El Dios de los Autos,external-reference,embed_link_and_summarize_only
EUuG0ftMdeA,https://www.youtube.com/watch?v=EUuG0ftMdeA,SOLO DEBERÍAS COMPRAR ESTAS 3 MARCAS DE COCHES,1084.0,,videos,https://i.ytimg.com/vi/EUuG0ftMdeA/hqdefault.jpg?sqp=-oaymwE2CNACELwBSFXyq4qpAygIARUAAIhCGAFwAcABBvABAfgB_gmAAtAFigIMCAAQARhlIFAoRjAP&rs=AOn4CLAuKsDeJLGuNqG93HgTWEfdK_90lw,El Dios de los Autos,external-reference,embed_link_and_summarize_only
7G4QW5-dX0A,https://www.youtube.com/watch?v=7G4QW5-dX0A,¡NUEVO Honda Acaba de DEJAR a TODOS en SHOCK! (ESTA DE VUELTA),942.0,,videos,https://i.ytimg.com/vi/7G4QW5-dX0A/hqdefault.jpg?sqp=-oaymwE2CNACELwBSFXyq4qpAygIARUAAIhCGAFwAcABBvABAfgB_gmAAtAFigIMCAAQARhSIF0oZTAP&rs=AOn4CLDvWIy_uZuP0Pf3n0LOBhYCBXZLBA,El Dios de los Autos,external-reference,embed_link_and_summarize_only
CrpbQ9jlnOc,https://www.youtube.com/watch?v=CrpbQ9jlnOc,"NUEVO Auto CHINO de $10,000 DESTROZA la Industria de los ELECTRICOS",960.0,,videos,https://i.ytimg.com/vi/CrpbQ9jlnOc/hqdefault.jpg?sqp=-oaymwE2CNACELwBSFXyq4qpAygIARUAAIhCGAFwAcABBvABAfgB_gmAAtAFigIMCAAQARhaIGUoDzAP&rs=AOn4CLBJasMDc_fNXhoWgMGbc-keCJrdFA,El Dios de los Autos,external-reference,embed_link_and_summarize_only
9h-W0GxVHoM,https://www.youtube.com/watch?v=9h-W0GxVHoM,ACABO DE COMPRAR UN BMW M3 E92 (Y TU TAMBIEN DEBERÍAS),779.0,,videos,https://i.ytimg.com/vi/9h-W0GxVHoM/hqdefault.jpg?sqp=-oaymwE2CNACELwBSFXyq4qpAygIARUAAIhCGAFwAcABBvABAfgB_gmAAtAFigIMCAAQARhmIGYoZjAP&rs=AOn4CLDQ3Cl5cxRAmoaYX9il-uRgLjggYA,El Dios de los Autos,external-reference,embed_link_and_summarize_only
Kfudcx_lBWY,https://www.youtube.com/watch?v=Kfudcx_lBWY,ESTO ES BASURA Y ESTOY HARTO,755.0,,videos,https://i.ytimg.com/vi/Kfudcx_lBWY/hqdefault.jpg?sqp=-oaymwEcCNACELwBSFXyq4qpAw4IARUAAIhCGAFwAcABBg==&rs=AOn4CLATju42qf3bPHuuLD7PE5M3zDtc8Q,El Dios de los Autos,external-reference,embed_link_and_summarize_only
4d0YackMjMs,https://www.youtube.com/watch?v=4d0YackMjMs,MAZDA LO HIZO DE NUEVO - ENORME NOTICIA,995.0,,videos,https://i.ytimg.com/vi/4d0YackMjMs/hqdefault.jpg?sqp=-oaymwE2CNACELwBSFXyq4qpAygIARUAAIhCGAFwAcABBvABAfgB_gmAAtAFigIMCAAQARhlIFcoRzAP&rs=AOn4CLDFcFIBLuxmmMajQlPNCtXsa9Mxkw,El Dios de los Autos,external-reference,embed_link_and_summarize_only
vF82jepdFp0,https://www.youtube.com/watch?v=vF82jepdFp0,"CHEVROLET, ""NOS METIMOS EN UN TERRIBLE PROBLEMA"" - VAN A QUEBRAR",532.0,,videos,https://i.ytimg.com/vi/vF82jepdFp0/hqdefault.jpg?sqp=-oaymwEcCNACELwBSFXyq4qpAw4IARUAAIhCGAFwAcABBg==&rs=AOn4CLCdWbuB35ecgGMDYTjwg-6o5qEabg,El Dios de los Autos,external-reference,embed_link_and_summarize_only
HAZVJIZqNaU,https://www.youtube.com/watch?v=HAZVJIZqNaU,NUEVO Motor a GASOLINA Mercedes ACABA de CAMBIAR el Futuro,692.0,,videos,https://i.ytimg.com/vi/HAZVJIZqNaU/hqdefault.jpg?sqp=-oaymwEcCNACELwBSFXyq4qpAw4IARUAAIhCGAFwAcABBg==&rs=AOn4CLBPNbkzIpc4R4eL4sCEqOYFYhg4Sw,El Dios de los Autos,external-reference,embed_link_and_summarize_only
JFvCC35qnqg,https://www.youtube.com/watch?v=JFvCC35qnqg,CERRARÁN MI CANAL POR EXPONER ESTO,741.0,,videos,https://i.ytimg.com/vi/JFvCC35qnqg/hqdefault.jpg?sqp=-oaymwE2CNACELwBSFXyq4qpAygIARUAAIhCGAFwAcABBvABAfgB_gmAAtAFigIMCAAQARhPIFooZTAP&rs=AOn4CLDBLRTbbW19wn83pxxKLATOtnAshQ,El Dios de los Autos,external-reference,embed_link_and_summarize_only
5PS5LiBQ2C0,https://www.youtube.com/watch?v=5PS5LiBQ2C0,Batería NUCLEAR cambia la industria de Coches eléctricos PARA SIEMPRE en 2023,532.0,,videos,https://i.ytimg.com/vi/5PS5LiBQ2C0/hqdefault.jpg?sqp=-oaymwE2CNACELwBSFXyq4qpAygIARUAAIhCGAFwAcABBvABAfgB_gmAAtAFigIMCAAQARhlIEsoQjAP&rs=AOn4CLD_9wHE2MtlJ0O47BcxiSe4Z02u_w,El Dios de los Autos,external-reference,embed_link_and_summarize_only
-UK0pkajRPY,https://www.youtube.com/watch?v=-UK0pkajRPY,MAYOR CAÍDA del MERCADO de COCHES Ha Comenzado (PRECIOS CAEN EN 88%),844.0,,videos,https://i.ytimg.com/vi/-UK0pkajRPY/hqdefault.jpg?sqp=-oaymwEcCNACELwBSFXyq4qpAw4IARUAAIhCGAFwAcABBg==&rs=AOn4CLAc5ZQ2c7GO8JTnrun__KEb4O75ng,El Dios de los Autos,external-reference,embed_link_and_summarize_only
epyAhB6Phd0,https://www.youtube.com/watch?v=epyAhB6Phd0,CHINA está DESECHANDO MILLONES de Autos ELECTRICOS (¡SE ESTÁN PUDRIENDO!),756.0,,videos,https://i.ytimg.com/vi/epyAhB6Phd0/hqdefault.jpg?sqp=-oaymwEcCNACELwBSFXyq4qpAw4IARUAAIhCGAFwAcABBg==&rs=AOn4CLApHMAgTiCzMqrJt1jQbdUmMX9Cpw,El Dios de los Autos,external-reference,embed_link_and_summarize_only
PSTapO0ahjA,https://www.youtube.com/watch?v=PSTapO0ahjA,TOYOTA NO TIENE AUTOS NI SUV para VENDER - CRISIS de Inventario Toyota,887.0,,videos,https://i.ytimg.com/vi/PSTapO0ahjA/hqdefault.jpg?sqp=-oaymwE2CNACELwBSFXyq4qpAygIARUAAIhCGAFwAcABBvABAfgB_gmAAtAFigIMCAAQARhlIEwoPzAP&rs=AOn4CLA4VDlVnXlole2b5alDpFodHnFEKA,El Dios de los Autos,external-reference,embed_link_and_summarize_only
lZPZywfBu-E,https://www.youtube.com/watch?v=lZPZywfBu-E,NUEVO ceo Toyota ACABA de REVIVIR una LEYENDA (Esto es Increíble),954.0,,videos,https://i.ytimg.com/vi/lZPZywfBu-E/hqdefault.jpg?sqp=-oaymwE2CNACELwBSFXyq4qpAygIARUAAIhCGAFwAcABBvABAfgB_gmAAtAFigIMCAAQARhlIGUoZTAP&rs=AOn4CLDAo54gDvc7S3UhKiKZMPehDk7PvA,El Dios de los Autos,external-reference,embed_link_and_summarize_only
18DxPScaG5A,https://www.youtube.com/watch?v=18DxPScaG5A,Estoy SENTADO en el DEPORTIVO MÁS BARATO (VOY A COMPRAR UNO),771.0,,videos,https://i.ytimg.com/vi/18DxPScaG5A/hqdefault.jpg?sqp=-oaymwEcCNACELwBSFXyq4qpAw4IARUAAIhCGAFwAcABBg==&rs=AOn4CLD9RoIxPbLQpmzjinYkQBTYGPJb5Q,El Dios de los Autos,external-reference,embed_link_and_summarize_only
EUkMxwA0LPg,https://www.youtube.com/watch?v=EUkMxwA0LPg,ME ESTAFARON OTRA VEZ (Soy un desastre...),704.0,,videos,https://i.ytimg.com/vi/EUkMxwA0LPg/hqdefault.jpg?sqp=-oaymwEcCNACELwBSFXyq4qpAw4IARUAAIhCGAFwAcABBg==&rs=AOn4CLAHkFiWkdO5WJufzbmwWe5P8nlwKg,El Dios de los Autos,external-reference,embed_link_and_summarize_only
NyK69bLoRnk,https://www.youtube.com/watch?v=NyK69bLoRnk,POR DIOS NO COMPREN ESTE AUTO,733.0,,videos,https://i.ytimg.com/vi/NyK69bLoRnk/hqdefault.jpg?sqp=-oaymwE2CNACELwBSFXyq4qpAygIARUAAIhCGAFwAcABBvABAfgB_gmAAtAFigIMCAAQARhyIDcoRDAP&rs=AOn4CLANrSaLBthqczdujQ34j9MEAjLMwg,El Dios de los Autos,external-reference,embed_link_and_summarize_only
EVzdvm8JvVI,https://www.youtube.com/watch?v=EVzdvm8JvVI,MARCA DE AUTOS VA A QUEBRAR EN 2024 - ENORME NOTICIA,737.0,,videos,https://i.ytimg.com/vi/EVzdvm8JvVI/hqdefault.jpg?sqp=-oaymwE2CNACELwBSFXyq4qpAygIARUAAIhCGAFwAcABBvABAfgB_gmAAtAFigIMCAAQARh_IDQoQTAP&rs=AOn4CLDFKIJ_fbUgC7VBs7VY_wcu-TPw4g,El Dios de los Autos,external-reference,embed_link_and_summarize_only
vPddmcfqSrs,https://www.youtube.com/watch?v=vPddmcfqSrs,NUEVO Motor 4 Cilindros DESTROZA Futuro de los ELECTRICOS,764.0,,videos,https://i.ytimg.com/vi/vPddmcfqSrs/hqdefault.jpg?sqp=-oaymwE2CNACELwBSFXyq4qpAygIARUAAIhCGAFwAcABBvABAfgB_gmAAtAFigIMCAAQARg6IGIoZTAP&rs=AOn4CLDr5_9maGmK-6s7Y61cmfX1Ch7FNQ,El Dios de los Autos,external-reference,embed_link_and_summarize_only
jYjWe2wR0Yg,https://www.youtube.com/watch?v=jYjWe2wR0Yg,"Toyota ¡NUEVA Pick Up de $20,000 TIENE a Ford y Chevrolet de RODILLAS!",596.0,,videos,https://i.ytimg.com/vi/jYjWe2wR0Yg/hqdefault.jpg?sqp=-oaymwE2CNACELwBSFXyq4qpAygIARUAAIhCGAFwAcABBvABAfgB_gmAAtAFigIMCAAQARh_IDsoSTAP&rs=AOn4CLB76V2Brz_RGrGrtmfp-r_EGVgJeA,El Dios de los Autos,external-reference,embed_link_and_summarize_only
F2Mvrx0Jv_w,https://www.youtube.com/watch?v=F2Mvrx0Jv_w,"CEO de FORD dice: ""NO MÁS RADIOS EN NUESTROS AUTOS""",486.0,,videos,https://i.ytimg.com/vi/F2Mvrx0Jv_w/hqdefault.jpg?sqp=-oaymwE2CNACELwBSFXyq4qpAygIARUAAIhCGAFwAcABBvABAfgB_gmAAtAFigIMCAAQARh_IDQoSDAP&rs=AOn4CLCNJ1OSDVQFFQ64-c6gupZ6e05orA,El Dios de los Autos,external-reference,embed_link_and_summarize_only
FL-vOa4Al9s,https://www.youtube.com/watch?v=FL-vOa4Al9s,DODGE Acaba de SALVAR los MOTORES a COMBUSTION,714.0,,videos,https://i.ytimg.com/vi/FL-vOa4Al9s/hqdefault.jpg?sqp=-oaymwE2CNACELwBSFXyq4qpAygIARUAAIhCGAFwAcABBvABAfgB_gmAAtAFigIMCAAQARhjIGMoYzAP&rs=AOn4CLD82E19vDvwW4Wl_AMqV2pMdm-IKw,El Dios de los Autos,external-reference,embed_link_and_summarize_only
D12gSKo_Qtg,https://www.youtube.com/watch?v=D12gSKo_Qtg,Los AUTOS CHINOS Van a GOBERNAR el Mundo (Esto es Increíble),777.0,,videos,https://i.ytimg.com/vi/D12gSKo_Qtg/hqdefault.jpg?sqp=-oaymwE2CNACELwBSFXyq4qpAygIARUAAIhCGAFwAcABBvABAfgB_gmAAtAFigIMCAAQARgvIGUoTzAP&rs=AOn4CLDrNg5ykqfBmEFm76lhfGf8rZbzVw,El Dios de los Autos,external-reference,embed_link_and_summarize_only
qDLJdhKp3wU,https://www.youtube.com/watch?v=qDLJdhKp3wU,FORD Al Fin ADMITE que Está en GRANDES PROBLEMAS - ENORME NOTICIA,761.0,,videos,https://i.ytimg.com/vi/qDLJdhKp3wU/hqdefault.jpg?sqp=-oaymwE2CNACELwBSFXyq4qpAygIARUAAIhCGAFwAcABBvABAfgB_gmAAtAFigIMCAAQARhOIFsoZTAP&rs=AOn4CLBY6d8IdOb0EuvtSe1g-z2LBWCgPg,El Dios de los Autos,external-reference,embed_link_and_summarize_only
tKTH3Yd3YGU,https://www.youtube.com/watch?v=tKTH3Yd3YGU,ME EQUIVOQUÉ Y LO SIENTO MUCHÍSIMO,571.0,,videos,https://i.ytimg.com/vi/tKTH3Yd3YGU/hqdefault.jpg?sqp=-oaymwEcCNACELwBSFXyq4qpAw4IARUAAIhCGAFwAcABBg==&rs=AOn4CLBUlIXsRaH6YAJlZjdtXTPvHelUPw,El Dios de los Autos,external-reference,embed_link_and_summarize_only
sp731XZTxvk,https://www.youtube.com/watch?v=sp731XZTxvk,ELON MUSK DESTROZA Industria AUTOMOTRIZ con NUEVO AUTO ?,535.0,,videos,https://i.ytimg.com/vi/sp731XZTxvk/hqdefault.jpg?sqp=-oaymwE2CNACELwBSFXyq4qpAygIARUAAIhCGAFwAcABBvABAfgB_gmAAtAFigIMCAAQARh_IDkoSTAP&rs=AOn4CLCewe-oyrp7RzshYdqScl2DOyGe-Q,El Dios de los Autos,external-reference,embed_link_and_summarize_only
IxQNGO8WSBc,https://www.youtube.com/watch?v=IxQNGO8WSBc,¡HONDA ACABA DE DEJAR A TODOS EN SHOCK! (Esto es increíble),683.0,,videos,https://i.ytimg.com/vi/IxQNGO8WSBc/hqdefault.jpg?sqp=-oaymwE2CNACELwBSFXyq4qpAygIARUAAIhCGAFwAcABBvABAfgB_gmAAtAFigIMCAAQARhZIF8oZTAP&rs=AOn4CLDCivx4TQleqJ3QKPmIGFQ_hjZAbw,El Dios de los Autos,external-reference,embed_link_and_summarize_only
0IyqXXXEFcI,https://www.youtube.com/watch?v=0IyqXXXEFcI,"NUEVO Auto Eléctrico de SOLO $10,000 DESTROZA la Industria Automotriz",749.0,,videos,https://i.ytimg.com/vi/0IyqXXXEFcI/hqdefault.jpg?sqp=-oaymwE2CNACELwBSFXyq4qpAygIARUAAIhCGAFwAcABBvABAfgB_gmAAtAFigIMCAAQARhyIFMoQjAP&rs=AOn4CLDCle2p9RYHQp5bjYfNiGoT0oLLGw,El Dios de los Autos,external-reference,embed_link_and_summarize_only
xMXq4mt7tVs,https://www.youtube.com/watch?v=xMXq4mt7tVs,MAZDA NO VENDE BIEN Y NO DEBES COMPRAR UNO,748.0,,videos,https://i.ytimg.com/vi/xMXq4mt7tVs/hqdefault.jpg?sqp=-oaymwE2CNACELwBSFXyq4qpAygIARUAAIhCGAFwAcABBvABAfgB1AaAAuADigIMCAAQARhlIF0oUDAP&rs=AOn4CLBaBbyzK41fD-mEyTm11v_JlQaY2A,El Dios de los Autos,external-reference,embed_link_and_summarize_only
0fwYKfovCNM,https://www.youtube.com/watch?v=0fwYKfovCNM,Batería CHINA de Sal cambia la industria de Coches eléctricos PARA SIEMPRE en 2023,815.0,,videos,https://i.ytimg.com/vi/0fwYKfovCNM/hqdefault.jpg?sqp=-oaymwE2CNACELwBSFXyq4qpAygIARUAAIhCGAFwAcABBvABAfgB_gmAAtAFigIMCAAQARhGIFMocjAP&rs=AOn4CLDpkJZMelRZreDnHrNp0EvgncmU0g,El Dios de los Autos,external-reference,embed_link_and_summarize_only
WA3-IyAsFg4,https://www.youtube.com/watch?v=WA3-IyAsFg4,NO COMPRES RINES GRANDES A TU AUTO (Me costó $2500 en reparaciones),537.0,,videos,https://i.ytimg.com/vi/WA3-IyAsFg4/hqdefault.jpg?sqp=-oaymwE2CNACELwBSFXyq4qpAygIARUAAIhCGAFwAcABBvABAfgB_gmAAtAFigIMCAAQARh_IDgoRTAP&rs=AOn4CLDDXZtQ_VxYZLegVIXmKL_kc7pkeQ,El Dios de los Autos,external-reference,embed_link_and_summarize_only
RUG6YOzTdRU,https://www.youtube.com/watch?v=RUG6YOzTdRU,"TOYOTA, ""Nuestro Motor DESTROZA la Industria de los ELECTRICOS!""",826.0,,videos,https://i.ytimg.com/vi/RUG6YOzTdRU/hqdefault.jpg?sqp=-oaymwEcCNACELwBSFXyq4qpAw4IARUAAIhCGAFwAcABBg==&rs=AOn4CLB3wb4jTKSYo8AeDz1f2UDQwGedKg,El Dios de los Autos,external-reference,embed_link_and_summarize_only
BRIqp7ZooME,https://www.youtube.com/watch?v=BRIqp7ZooME,ADIOS A LA GARANTÍA DE TU AUTO - TERRIBLE NOTICIA,913.0,,videos,https://i.ytimg.com/vi/BRIqp7ZooME/hqdefault.jpg?sqp=-oaymwE2CNACELwBSFXyq4qpAygIARUAAIhCGAFwAcABBvABAfgB_gmAAtAFigIMCAAQARhyIDYoRDAP&rs=AOn4CLAYeNRF322zJNcbDlmkC2_QcfmLCw,El Dios de los Autos,external-reference,embed_link_and_summarize_only
Ah3V2D9tU4k,https://www.youtube.com/watch?v=Ah3V2D9tU4k,ME AMENAZARON Y YA DESCUBRÍ AL COBARDE,648.0,,videos,https://i.ytimg.com/vi/Ah3V2D9tU4k/hqdefault.jpg?sqp=-oaymwEcCNACELwBSFXyq4qpAw4IARUAAIhCGAFwAcABBg==&rs=AOn4CLBhhavAzO4X2UzgVD9qX_Kv3s6U3A,El Dios de los Autos,external-reference,embed_link_and_summarize_only
LBATtxaht7Y,https://www.youtube.com/watch?v=LBATtxaht7Y,¿Qué PASÓ con la CALIDAD de COCHES EUROPEOS?,803.0,,videos,https://i.ytimg.com/vi/LBATtxaht7Y/hqdefault.jpg?sqp=-oaymwE2CNACELwBSFXyq4qpAygIARUAAIhCGAFwAcABBvABAfgB_gmAAtAFigIMCAAQARhJIFQoZTAP&rs=AOn4CLCTziZ-xJ7yUgrl2Xk4UsZW_sE63Q,El Dios de los Autos,external-reference,embed_link_and_summarize_only
iFdsjmv8rXk,https://www.youtube.com/watch?v=iFdsjmv8rXk,¡JOE BIDEN ACABA DE ARRUINAR LA INDUSTRIA AUTOMOTRIZ!,746.0,,videos,https://i.ytimg.com/vi/iFdsjmv8rXk/hqdefault.jpg?sqp=-oaymwEcCNACELwBSFXyq4qpAw4IARUAAIhCGAFwAcABBg==&rs=AOn4CLDEpAmJUZWtfQW7xtty9GgcBJy8Dg,El Dios de los Autos,external-reference,embed_link_and_summarize_only
2oxFu--Nlq4,https://www.youtube.com/watch?v=2oxFu--Nlq4,"Toyota ¡NUEVA Pick Up de $20,000 DESTROZA a Ford Maverick!",548.0,,videos,https://i.ytimg.com/vi/2oxFu--Nlq4/hqdefault.jpg?sqp=-oaymwEcCNACELwBSFXyq4qpAw4IARUAAIhCGAFwAcABBg==&rs=AOn4CLDe4YMhJrEiLp5ejDmAhwDWSv9XWA,El Dios de los Autos,external-reference,embed_link_and_summarize_only
HX8dhwoxeoY,https://www.youtube.com/watch?v=HX8dhwoxeoY,Solo ESTUPIDOS Comprarían COCHE AQUÍ Luego de Ver ESTO,447.0,,videos,https://i.ytimg.com/vi/HX8dhwoxeoY/hqdefault.jpg?sqp=-oaymwE2CNACELwBSFXyq4qpAygIARUAAIhCGAFwAcABBvABAfgB_gmAAtAFigIMCAAQARhyIE4oNjAP&rs=AOn4CLDTMP1gLjuIMPKlNVlNUwZ0e1TBiA,El Dios de los Autos,external-reference,embed_link_and_summarize_only
FXYukjoMN4A,https://www.youtube.com/watch?v=FXYukjoMN4A,TOYOTA Y BYD AHORA SON UNO - ENORME NOTICIA,736.0,,videos,https://i.ytimg.com/vi/FXYukjoMN4A/hqdefault.jpg?sqp=-oaymwEcCNACELwBSFXyq4qpAw4IARUAAIhCGAFwAcABBg==&rs=AOn4CLDFUo-3QR-CauzYe1d3GE87B8GDPQ,El Dios de los Autos,external-reference,embed_link_and_summarize_only
b4xkbhO62JU,https://www.youtube.com/watch?v=b4xkbhO62JU,¡TOYOTA ACABA DE AMENAZAR A MAZDA! (Esto es espectacular),654.0,,videos,https://i.ytimg.com/vi/b4xkbhO62JU/hqdefault.jpg?sqp=-oaymwE2CNACELwBSFXyq4qpAygIARUAAIhCGAFwAcABBvABAfgB_gmAAtAFigIMCAAQARhbIEooZTAP&rs=AOn4CLAtYoAX8bopisEXlWcz2Pk6PvSnmQ,El Dios de los Autos,external-reference,embed_link_and_summarize_only
KxMtw4DUlCU,https://www.youtube.com/watch?v=KxMtw4DUlCU,"CEO de CHEVROLET dice: ""TENEMOS QUE CERRAR YA"" - ENORME NOTICIA",749.0,,videos,https://i.ytimg.com/vi/KxMtw4DUlCU/hqdefault.jpg?sqp=-oaymwE2CNACELwBSFXyq4qpAygIARUAAIhCGAFwAcABBvABAfgB_gmAAtAFigIMCAAQARh_IDYoPjAP&rs=AOn4CLC_nSu3n6t44zpuvpridSvVSZOqBw,El Dios de los Autos,external-reference,embed_link_and_summarize_only
jEDaQQE1Crk,https://www.youtube.com/watch?v=jEDaQQE1Crk,VAN A QUEBRAR Y ME ALEGRA.,717.0,,videos,https://i.ytimg.com/vi/jEDaQQE1Crk/hqdefault.jpg?sqp=-oaymwEcCNACELwBSFXyq4qpAw4IARUAAIhCGAFwAcABBg==&rs=AOn4CLD_ZutFI3A7cGKnzv3JmnX0EEoeXg,El Dios de los Autos,external-reference,embed_link_and_summarize_only
oDXr1SoDi9s,https://www.youtube.com/watch?v=oDXr1SoDi9s,DEJEN DE COMPRAR TOYOTA Y COMPREN ESTO YA,675.0,,videos,https://i.ytimg.com/vi/oDXr1SoDi9s/hqdefault.jpg?sqp=-oaymwEcCNACELwBSFXyq4qpAw4IARUAAIhCGAFwAcABBg==&rs=AOn4CLCdqhP7VEPvSRkkH73-dd5CG0Nfiw,El Dios de los Autos,external-reference,embed_link_and_summarize_only
1dlNxxeEx1c,https://www.youtube.com/watch?v=1dlNxxeEx1c,Les ADVERTI Sobre Este COCHE pero NADIE ESCUCHÓ,741.0,,videos,https://i.ytimg.com/vi/1dlNxxeEx1c/hqdefault.jpg?sqp=-oaymwEcCNACELwBSFXyq4qpAw4IARUAAIhCGAFwAcABBg==&rs=AOn4CLDZi8g9SmFqE1w0ALrWhcWZ0nSQ7w,El Dios de los Autos,external-reference,embed_link_and_summarize_only
-BQeba7gxOw,https://www.youtube.com/watch?v=-BQeba7gxOw,"ADIOS MITSUBISHI, TE VOY A EXTRAÑAR",975.0,,videos,https://i.ytimg.com/vi/-BQeba7gxOw/hqdefault.jpg?sqp=-oaymwE2CNACELwBSFXyq4qpAygIARUAAIhCGAFwAcABBvABAfgB_gmAAtAFigIMCAAQARh_IDQoSjAP&rs=AOn4CLDwGbP21iZ-1rS7YYV_Ko-rHCshTA,El Dios de los Autos,external-reference,embed_link_and_summarize_only
k3W2RgK9z4s,https://www.youtube.com/watch?v=k3W2RgK9z4s,TOYOTA ANUNCIA DEJARÁ DE HACER AUTOS - ENORME NOTICIA,668.0,,videos,https://i.ytimg.com/vi/k3W2RgK9z4s/hqdefault.jpg?sqp=-oaymwEcCNACELwBSFXyq4qpAw4IARUAAIhCGAFwAcABBg==&rs=AOn4CLDg8D5Eu4JDo3cgFosoa_uaaUiVRA,El Dios de los Autos,external-reference,embed_link_and_summarize_only
TR2kTdXttFE,https://www.youtube.com/watch?v=TR2kTdXttFE,POR FAVOR NO COMPRES SUBARU (a menos que TENGA este MOTOR),578.0,,videos,https://i.ytimg.com/vi/TR2kTdXttFE/hqdefault.jpg?sqp=-oaymwEcCNACELwBSFXyq4qpAw4IARUAAIhCGAFwAcABBg==&rs=AOn4CLAtZReEkmxCkI7OiPBMLKLSjJ9DFQ,El Dios de los Autos,external-reference,embed_link_and_summarize_only
0Sp5mtVbkx8,https://www.youtube.com/watch?v=0Sp5mtVbkx8,AHORRA 50% Comprando un AUTO con este TRUCO,715.0,,videos,https://i.ytimg.com/vi/0Sp5mtVbkx8/hqdefault.jpg?sqp=-oaymwEcCNACELwBSFXyq4qpAw4IARUAAIhCGAFwAcABBg==&rs=AOn4CLDwyFCMiS9mDmEsMS_kGq5s46TAmA,El Dios de los Autos,external-reference,embed_link_and_summarize_only
SxO_ZXdeThY,https://www.youtube.com/watch?v=SxO_ZXdeThY,MI RESPUESTA A MARCA QUE QUIERE CENSURARME,624.0,,videos,https://i.ytimg.com/vi/SxO_ZXdeThY/hqdefault.jpg?sqp=-oaymwEcCNACELwBSFXyq4qpAw4IARUAAIhCGAFwAcABBg==&rs=AOn4CLAtKB7y3Afo7AgMyQRlZOesq9S7iw,El Dios de los Autos,external-reference,embed_link_and_summarize_only
WUOeUnRu8ZI,https://www.youtube.com/watch?v=WUOeUnRu8ZI,HACER esto DESTRUIRÁ el MOTOR de Tu AUTO,609.0,,videos,https://i.ytimg.com/vi/WUOeUnRu8ZI/hqdefault.jpg?sqp=-oaymwE2CNACELwBSFXyq4qpAygIARUAAIhCGAFwAcABBvABAfgB_gmAAtAFigIMCAAQARhHIFsoZTAP&rs=AOn4CLCDoPSrbegDoOgBEGC6shxtLpt-UQ,El Dios de los Autos,external-reference,embed_link_and_summarize_only
VUWm2yVMfIA,https://www.youtube.com/watch?v=VUWm2yVMfIA,POR EL AMOR DE DIOS NO COMPREN ESTE AUTO,703.0,,videos,https://i.ytimg.com/vi/VUWm2yVMfIA/hqdefault.jpg?sqp=-oaymwE2CNACELwBSFXyq4qpAygIARUAAIhCGAFwAcABBvABAfgB_gmAAtAFigIMCAAQARhyIFEoQjAP&rs=AOn4CLD9kTTrVwcUTOs4EUu76Dd-eaARbg,El Dios de los Autos,external-reference,embed_link_and_summarize_only
YnawU4ttDqM,https://www.youtube.com/watch?v=YnawU4ttDqM,CHEVROLET ANUNCIA DEJARÁ DE HACER AUTOS - ENORME NOTICIA,672.0,,videos,https://i.ytimg.com/vi/YnawU4ttDqM/hqdefault.jpg?sqp=-oaymwE2CNACELwBSFXyq4qpAygIARUAAIhCGAFwAcABBvABAfgB_gmAAtAFigIMCAAQARhyIDcoSjAP&rs=AOn4CLBwl1gzDi1wN7c8CQ4h0jXbITr-_Q,El Dios de los Autos,external-reference,embed_link_and_summarize_only
-lIEKMWfpbQ,https://www.youtube.com/watch?v=-lIEKMWfpbQ,"CEO de HONDA dice: ""PERDEMOS CLIENTES DIARAMENTE Y NO SABEMOS QUE HACER""",889.0,,videos,https://i.ytimg.com/vi/-lIEKMWfpbQ/hqdefault.jpg?sqp=-oaymwE2CNACELwBSFXyq4qpAygIARUAAIhCGAFwAcABBvABAfgB_gmAAtAFigIMCAAQARgTIFoofzAP&rs=AOn4CLCy9LDRzLh6GJ93tClAChl_F6YNnA,El Dios de los Autos,external-reference,embed_link_and_summarize_only
o2DEdBEbFrQ,https://www.youtube.com/watch?v=o2DEdBEbFrQ,ESTOY HARTO y Ya No Me QUEDARÉ CALLADO,707.0,,videos,https://i.ytimg.com/vi/o2DEdBEbFrQ/hqdefault.jpg?sqp=-oaymwEcCNACELwBSFXyq4qpAw4IARUAAIhCGAFwAcABBg==&rs=AOn4CLBKqNG6q44lBjBl_8oq2a7cn1W9qw,El Dios de los Autos,external-reference,embed_link_and_summarize_only
DSpZ54QUlN8,https://www.youtube.com/watch?v=DSpZ54QUlN8,TOYOTA ¡NUEVO Coche AMENAZA a TODOS!,833.0,,videos,https://i.ytimg.com/vi/DSpZ54QUlN8/hqdefault.jpg?sqp=-oaymwE2CNACELwBSFXyq4qpAygIARUAAIhCGAFwAcABBvABAfgB_gmAAtAFigIMCAAQARhlIGUoZTAP&rs=AOn4CLDtY-mh5TNnOiXX0J_j0Ws06ACb6Q,El Dios de los Autos,external-reference,embed_link_and_summarize_only
3hf3JLEbHIE,https://www.youtube.com/watch?v=3hf3JLEbHIE,Por ESTO Solo COMPRO estás 4 Marcas de AUTO,814.0,,videos,https://i.ytimg.com/vi/3hf3JLEbHIE/hqdefault.jpg?sqp=-oaymwEcCNACELwBSFXyq4qpAw4IARUAAIhCGAFwAcABBg==&rs=AOn4CLC1-HUt9z-TNxluagBC5StSg32ClA,El Dios de los Autos,external-reference,embed_link_and_summarize_only
kEcObTYEGkk,https://www.youtube.com/watch?v=kEcObTYEGkk,"BYD Lanza DESTRUCTOR de $9,000 Contra TOYOTA COROLLA",705.0,,videos,https://i.ytimg.com/vi/kEcObTYEGkk/hqdefault.jpg?sqp=-oaymwEcCNACELwBSFXyq4qpAw4IARUAAIhCGAFwAcABBg==&rs=AOn4CLA7hEtgknVYfLplby11738H-wYW4g,El Dios de los Autos,external-reference,embed_link_and_summarize_only
KBnQHXkWnF0,https://www.youtube.com/watch?v=KBnQHXkWnF0,¡COMPRÉ el MEJOR COCHE de mi Vida HASTA HOY!,878.0,,videos,https://i.ytimg.com/vi/KBnQHXkWnF0/hqdefault.jpg?sqp=-oaymwEcCNACELwBSFXyq4qpAw4IARUAAIhCGAFwAcABBg==&rs=AOn4CLDqz0ELcBMSS4J2cso6_uonx7ricg,El Dios de los Autos,external-reference,embed_link_and_summarize_only
r37q5meDq5o,https://www.youtube.com/watch?v=r37q5meDq5o,"ESTE AUTO ES BASURA, NO LO COMPREN",609.0,,videos,https://i.ytimg.com/vi/r37q5meDq5o/hqdefault.jpg?sqp=-oaymwEcCNACELwBSFXyq4qpAw4IARUAAIhCGAFwAcABBg==&rs=AOn4CLBeFK_OHVnxZP9MhCu59ppzky1_aA,El Dios de los Autos,external-reference,embed_link_and_summarize_only
0j9DrKfpKtY,https://www.youtube.com/watch?v=0j9DrKfpKtY,Estoy SENTADO en el MEJOR NISSAN Jamás CONSTRUIDO,1158.0,,videos,https://i.ytimg.com/vi/0j9DrKfpKtY/hqdefault.jpg?sqp=-oaymwEcCNACELwBSFXyq4qpAw4IARUAAIhCGAFwAcABBg==&rs=AOn4CLBmskukVLcbrii36q1hQyXSvdA4_A,El Dios de los Autos,external-reference,embed_link_and_summarize_only
r1T92Kl2bMs,https://www.youtube.com/watch?v=r1T92Kl2bMs,NUEVO Auto de SOLO $1000 DESTROZA la Industria Automotriz,481.0,,videos,https://i.ytimg.com/vi/r1T92Kl2bMs/hqdefault.jpg?sqp=-oaymwE2CNACELwBSFXyq4qpAygIARUAAIhCGAFwAcABBvABAfgB_gmAAtAFigIMCAAQARhyIFcoOzAP&rs=AOn4CLAgURBWnmVGzLpcAZrGG4mI2VzclQ,El Dios de los Autos,external-reference,embed_link_and_summarize_only
dFo872pCn3w,https://www.youtube.com/watch?v=dFo872pCn3w,GOBIERNO Acaba de Hacer ILEGAL Usar TÚ Propio COCHE (Ahora Pedirás Permiso),518.0,,videos,https://i.ytimg.com/vi/dFo872pCn3w/hqdefault.jpg?sqp=-oaymwEcCNACELwBSFXyq4qpAw4IARUAAIhCGAFwAcABBg==&rs=AOn4CLAYUvwQmmeovygvh7pEFpjlvpSPnQ,El Dios de los Autos,external-reference,embed_link_and_summarize_only
dnXgiQ9yYM4,https://www.youtube.com/watch?v=dnXgiQ9yYM4,100+ MARCAS de AUTOS CHINOS en el MERCADO!-TERRIBLES CONSECUENCIAS,549.0,,videos,https://i.ytimg.com/vi/dnXgiQ9yYM4/hqdefault.jpg?sqp=-oaymwE2CNACELwBSFXyq4qpAygIARUAAIhCGAFwAcABBvABAfgB_gmAAtAFigIMCAAQARhlIGUoZTAP&rs=AOn4CLDS_meKa8NnQyBOk5Ki-GWHZgAIxA,El Dios de los Autos,external-reference,embed_link_and_summarize_only
tYUfSbuovhI,https://www.youtube.com/watch?v=tYUfSbuovhI,"Día TRISTE para VW, Acaban de DEJAR de HACER COCHES",583.0,,videos,https://i.ytimg.com/vi/tYUfSbuovhI/hqdefault.jpg?sqp=-oaymwE2CNACELwBSFXyq4qpAygIARUAAIhCGAFwAcABBvABAfgB_gmAAtAFigIMCAAQARhlIF8oVTAP&rs=AOn4CLDjjyI0ALQVNQde6SpbA7GenWgQiw,El Dios de los Autos,external-reference,embed_link_and_summarize_only
SAlApC7_s1A,https://www.youtube.com/watch?v=SAlApC7_s1A,"CEO de SUBARU Acaba de RENUNCIAR y dice: ""NO QUIERO SER PARTE DE ESTO""",953.0,,videos,https://i.ytimg.com/vi/SAlApC7_s1A/hqdefault.jpg?sqp=-oaymwEcCNACELwBSFXyq4qpAw4IARUAAIhCGAFwAcABBg==&rs=AOn4CLDZqv7JRGnZeOALUnTTgtVEyeXfRg,El Dios de los Autos,external-reference,embed_link_and_summarize_only
cEEE6bp25X4,https://www.youtube.com/watch?v=cEEE6bp25X4,PRECIOS DE AUTOS ACABAN DE BAJAR - Enorme Noticia,641.0,,videos,https://i.ytimg.com/vi/cEEE6bp25X4/hqdefault.jpg?sqp=-oaymwE2CNACELwBSFXyq4qpAygIARUAAIhCGAFwAcABBvABAfgB_gmAAtAFigIMCAAQARg0IGUoTDAP&rs=AOn4CLBi2BaxPSm-dyK7mwRJ-wSeYFPQOw,El Dios de los Autos,external-reference,embed_link_and_summarize_only
CZs3GhqeSVo,https://www.youtube.com/watch?v=CZs3GhqeSVo,VAN A QUEBRAR Y ME ALEGRA.,398.0,,videos,https://i.ytimg.com/vi/CZs3GhqeSVo/hqdefault.jpg?sqp=-oaymwEcCNACELwBSFXyq4qpAw4IARUAAIhCGAFwAcABBg==&rs=AOn4CLCa4Py59gIbh8yIXTAE_H3wA3BP_w,El Dios de los Autos,external-reference,embed_link_and_summarize_only
lm8Ful2sK8o,https://www.youtube.com/watch?v=lm8Ful2sK8o,¡NISSAN ACABA DE AMENAZAR A TESLA! (Esto es espectacular),820.0,,videos,https://i.ytimg.com/vi/lm8Ful2sK8o/hqdefault.jpg?sqp=-oaymwE2CNACELwBSFXyq4qpAygIARUAAIhCGAFwAcABBvABAfgB_gmAAtAFigIMCAAQARhlIFkoTDAP&rs=AOn4CLBOoBsPSz_RmD0zWsF6f_Le-5MV-A,El Dios de los Autos,external-reference,embed_link_and_summarize_only
T4qCJzofGgk,https://www.youtube.com/watch?v=T4qCJzofGgk,ANUNCIO de CHEVROLET Deja EN SHOCK la INDUSTRIA AUTOMOTRIZ,629.0,,videos,https://i.ytimg.com/vi/T4qCJzofGgk/hqdefault.jpg?sqp=-oaymwE2CNACELwBSFXyq4qpAygIARUAAIhCGAFwAcABBvABAfgB_gmAAtAFigIMCAAQARh_IDUoRjAP&rs=AOn4CLB_2PuxxMJG6lh-YLHcM_v4khfr0A,El Dios de los Autos,external-reference,embed_link_and_summarize_only
l_6lHt2ozas,https://www.youtube.com/watch?v=l_6lHt2ozas,TOYOTA FINALMENTE ADMITE LA VERDAD SOBRE TESLA,794.0,,videos,https://i.ytimg.com/vi/l_6lHt2ozas/hqdefault.jpg?sqp=-oaymwE2CNACELwBSFXyq4qpAygIARUAAIhCGAFwAcABBvABAfgB_gmAAtAFigIMCAAQARhlIGUoZTAP&rs=AOn4CLAu_u-rWJohhnjZ6FJ4upt3nZLzHw,El Dios de los Autos,external-reference,embed_link_and_summarize_only
VvH3KkOlO5I,https://www.youtube.com/watch?v=VvH3KkOlO5I,"MAZDA, ¡NUEVO Motor Pone a TEMBLAR A TODOS !",601.0,,videos,https://i.ytimg.com/vi/VvH3KkOlO5I/hqdefault.jpg?sqp=-oaymwE2CNACELwBSFXyq4qpAygIARUAAIhCGAFwAcABBvABAfgB_gmAAtAFigIMCAAQARhyIFAoQDAP&rs=AOn4CLCMXPVD9_qgB1I7MISEpAsmLbMYdg,El Dios de los Autos,external-reference,embed_link_and_summarize_only
Vi1iPs1dS2s,https://www.youtube.com/watch?v=Vi1iPs1dS2s,MITSUBISHI LO HIZO - NO ME LO CREO,612.0,,videos,https://i.ytimg.com/vi/Vi1iPs1dS2s/hqdefault.jpg?sqp=-oaymwEcCNACELwBSFXyq4qpAw4IARUAAIhCGAFwAcABBg==&rs=AOn4CLDwG-gHwUcGunQseLNDKN6jmjvu5Q,El Dios de los Autos,external-reference,embed_link_and_summarize_only
_2POWKu3fTs,https://www.youtube.com/watch?v=_2POWKu3fTs,Nissan ACABA De REEMPLAZAR GT-R Con Esto,704.0,,videos,https://i.ytimg.com/vi/_2POWKu3fTs/hqdefault.jpg?sqp=-oaymwEcCNACELwBSFXyq4qpAw4IARUAAIhCGAFwAcABBg==&rs=AOn4CLAtKYQ-wn_x_1FQsjuWdMFZfsUXFw,El Dios de los Autos,external-reference,embed_link_and_summarize_only
u7aC6M_HuMA,https://www.youtube.com/watch?v=u7aC6M_HuMA,¡NUEVO Toyota CELICA 2025 DESTROZA la Industria Automotriz!,537.0,,videos,https://i.ytimg.com/vi/u7aC6M_HuMA/hqdefault.jpg?sqp=-oaymwEcCNACELwBSFXyq4qpAw4IARUAAIhCGAFwAcABBg==&rs=AOn4CLCzFUis-yDxVLM1tmvS5duRpDXMEw,El Dios de los Autos,external-reference,embed_link_and_summarize_only
5snedcH8M68,https://www.youtube.com/watch?v=5snedcH8M68,NO CREERÁS la ESTAFA que Acabo de Descubrir,606.0,,videos,https://i.ytimg.com/vi/5snedcH8M68/hqdefault.jpg?sqp=-oaymwE2CNACELwBSFXyq4qpAygIARUAAIhCGAFwAcABBvABAfgB_gmAAtAFigIMCAAQARh_IDgoRzAP&rs=AOn4CLD6ki9n8S25oBa-NLop5ifsU40oMQ,El Dios de los Autos,external-reference,embed_link_and_summarize_only
I-jmoSIMLus,https://www.youtube.com/watch?v=I-jmoSIMLus,El ANUNCIO que ACABA DE CAMBIARLO TODO - INCREÍBLE NOTICIA,831.0,,videos,https://i.ytimg.com/vi/I-jmoSIMLus/hqdefault.jpg?sqp=-oaymwE2CNACELwBSFXyq4qpAygIARUAAIhCGAFwAcABBvABAfgB_gmAAtAFigIMCAAQARg8IFsoZTAP&rs=AOn4CLCBl4rNaninpVuqEwy5xTkUaB8WRg,El Dios de los Autos,external-reference,embed_link_and_summarize_only
NJxqmtGZE-8,https://www.youtube.com/watch?v=NJxqmtGZE-8,CONCESIONARIOS se Volvieron CODICIOSOS | AHORA SE ARRUINARON,934.0,,videos,https://i.ytimg.com/vi/NJxqmtGZE-8/hqdefault.jpg?sqp=-oaymwE2CNACELwBSFXyq4qpAygIARUAAIhCGAFwAcABBvABAfgB_gmAAtAFigIMCAAQARhRIGAoZTAP&rs=AOn4CLAsiRc8oXzKoONSN42P3xMU9E1HrA,El Dios de los Autos,external-reference,embed_link_and_summarize_only
VEbozbz-JPk,https://www.youtube.com/watch?v=VEbozbz-JPk,NISSAN LO HIZO DE NUEVO - ENORME NOTICIA,665.0,,videos,https://i.ytimg.com/vi/VEbozbz-JPk/hqdefault.jpg?sqp=-oaymwEcCNACELwBSFXyq4qpAw4IARUAAIhCGAFwAcABBg==&rs=AOn4CLCnU2x0ONlR3pMwM3tFBXOKFAdr6g,El Dios de los Autos,external-reference,embed_link_and_summarize_only
xiFy63SLpdQ,https://www.youtube.com/watch?v=xiFy63SLpdQ,TOYOTA ACABA DE DESTROZAR LA INDUSTRIA - ADIOS MAZDA,858.0,,videos,https://i.ytimg.com/vi/xiFy63SLpdQ/hqdefault.jpg?sqp=-oaymwE2CNACELwBSFXyq4qpAygIARUAAIhCGAFwAcABBvABAfgB_gmAAtAFigIMCAAQARh_IBUoLDAP&rs=AOn4CLAHoeIsvisCn9bcyleEk3lVTUdPWQ,El Dios de los Autos,external-reference,embed_link_and_summarize_only
45hiG7BI9zI,https://www.youtube.com/watch?v=45hiG7BI9zI,Solo ESTUPIDOS Compran COCHE AQUÍ Luego de Ver ESTO,522.0,,videos,https://i.ytimg.com/vi/45hiG7BI9zI/hqdefault.jpg?sqp=-oaymwE2CNACELwBSFXyq4qpAygIARUAAIhCGAFwAcABBvABAfgB_gmAAtAFigIMCAAQARhlIGUoZTAP&rs=AOn4CLDqGZU2BV7KSEIZoZA4s-fIB6hKPQ,El Dios de los Autos,external-reference,embed_link_and_summarize_only
G-SQpcqfVSM,https://www.youtube.com/watch?v=G-SQpcqfVSM,"NISSAN, ""Nuestro Motor DESTRUYE La INDUSTRIA de los ELECTRICOS!""",519.0,,videos,https://i.ytimg.com/vi/G-SQpcqfVSM/hqdefault.jpg?sqp=-oaymwE2CNACELwBSFXyq4qpAygIARUAAIhCGAFwAcABBvABAfgB_gmAAtAFigIMCAAQARhlIFIoRTAP&rs=AOn4CLDj2AYZfpn1_qDeFZuSM-JxqTNJsw,El Dios de los Autos,external-reference,embed_link_and_summarize_only
kpEYz3wNAak,https://www.youtube.com/watch?v=kpEYz3wNAak,MAZDA ESTÁ HARTO - ENORME NOTICIA,571.0,,videos,https://i.ytimg.com/vi/kpEYz3wNAak/hqdefault.jpg?sqp=-oaymwE2CNACELwBSFXyq4qpAygIARUAAIhCGAFwAcABBvABAfgB_gmAAtAFigIMCAAQARh_IDooRzAP&rs=AOn4CLDlEbWSL7tmCjq3CPbHqLtNV9O0Lw,El Dios de los Autos,external-reference,embed_link_and_summarize_only
UutSP91gPLA,https://www.youtube.com/watch?v=UutSP91gPLA,SUBARU LO HIZO DE NUEVO - NO ME LO CREO,874.0,,videos,https://i.ytimg.com/vi/UutSP91gPLA/hqdefault.jpg?sqp=-oaymwEcCNACELwBSFXyq4qpAw4IARUAAIhCGAFwAcABBg==&rs=AOn4CLB43ovYui3JMf6VA9PVkJS2Fid7VA,El Dios de los Autos,external-reference,embed_link_and_summarize_only
hxLqkuIsNvg,https://www.youtube.com/watch?v=hxLqkuIsNvg,Honda ¡Nuevo MOTOR Más PODEROSO Jamás CONSTRUIDO!,987.0,,videos,https://i.ytimg.com/vi/hxLqkuIsNvg/hqdefault.jpg?sqp=-oaymwE2CNACELwBSFXyq4qpAygIARUAAIhCGAFwAcABBvABAfgB_gmAAtAFigIMCAAQARghIC0ofzAP&rs=AOn4CLArMZh-UYg79M0Q6S8aVzvhy2lmFw,El Dios de los Autos,external-reference,embed_link_and_summarize_only
8FJ6l5CzZJQ,https://www.youtube.com/watch?v=8FJ6l5CzZJQ,COMPRARÉ UN MONSTRUO POR MI CUMPLEAÑOS,942.0,,videos,https://i.ytimg.com/vi/8FJ6l5CzZJQ/hqdefault.jpg?sqp=-oaymwE2CNACELwBSFXyq4qpAygIARUAAIhCGAFwAcABBvABAfgB_gmAAtAFigIMCAAQARh_IDQoQDAP&rs=AOn4CLC5uYLl4GOwUGuBBqxuMjb8gU-NeQ,El Dios de los Autos,external-reference,embed_link_and_summarize_only
Vmr-fWlct3Y,https://www.youtube.com/watch?v=Vmr-fWlct3Y,PRECIOS DE AUTOS ACABAN DE BAJAR MUCHÍSIMO ¿QUE ESTÁ PASANDO?,497.0,,videos,https://i.ytimg.com/vi/Vmr-fWlct3Y/hqdefault.jpg?sqp=-oaymwE2CNACELwBSFXyq4qpAygIARUAAIhCGAFwAcABBvABAfgB_gmAAtAFigIMCAAQARhlIGUoZTAP&rs=AOn4CLD2pHj-tTF9Nv_tHkmkjePxvpCA3w,El Dios de los Autos,external-reference,embed_link_and_summarize_only
kyW-8eWK1g8,https://www.youtube.com/watch?v=kyW-8eWK1g8,TOYOTA HILUX TIEMBLA ANTE PICK UP DODGE,962.0,,videos,https://i.ytimg.com/vi/kyW-8eWK1g8/hqdefault.jpg?sqp=-oaymwEcCNACELwBSFXyq4qpAw4IARUAAIhCGAFwAcABBg==&rs=AOn4CLA3QVM5DFV4-i6OoiORQjtjO5w8Tw,El Dios de los Autos,external-reference,embed_link_and_summarize_only
0_KEoTPDzWU,https://www.youtube.com/watch?v=0_KEoTPDzWU,"""Es estúpido PAGAR MÁS por 4x4 AWD en tú Camioneta""",526.0,,videos,https://i.ytimg.com/vi/0_KEoTPDzWU/hqdefault.jpg?sqp=-oaymwEcCNACELwBSFXyq4qpAw4IARUAAIhCGAFwAcABBg==&rs=AOn4CLA23iI283RBCsHKsROO6eqMOxGLUA,El Dios de los Autos,external-reference,embed_link_and_summarize_only
1IABOrZNH90,https://www.youtube.com/watch?v=1IABOrZNH90,NADIE Quiere Decir Esto de Coches Chinos (YO NO LES TENGO MIEDO),731.0,,videos,https://i.ytimg.com/vi/1IABOrZNH90/hqdefault.jpg?sqp=-oaymwE2CNACELwBSFXyq4qpAygIARUAAIhCGAFwAcABBvABAfgB_gmAAtAFigIMCAAQARhlIFkoTTAP&rs=AOn4CLAqMxVqAU6XtHhSukfEAT8wg8NqlQ,El Dios de los Autos,external-reference,embed_link_and_summarize_only
uCOR_wAgOAs,https://www.youtube.com/watch?v=uCOR_wAgOAs,"¿Solo $1,000 PARA COMPRA UN COCHE? - Compra Este Antes que Suba de PRECIO",636.0,,videos,https://i.ytimg.com/vi/uCOR_wAgOAs/hqdefault.jpg?sqp=-oaymwE2CNACELwBSFXyq4qpAygIARUAAIhCGAFwAcABBvABAfgB_gmAAtAFigIMCAAQARhSIF4oZTAP&rs=AOn4CLAa0Qs5lVroVDhJ5K_y2oE_77tJyg,El Dios de los Autos,external-reference,embed_link_and_summarize_only
2MhUuA9zNwA,https://www.youtube.com/watch?v=2MhUuA9zNwA,¡TOYOTA ACABA DE DEJAR A TODOS EN SHOCK! (Esto es increíble),630.0,,videos,https://i.ytimg.com/vi/2MhUuA9zNwA/hqdefault.jpg?sqp=-oaymwE2CNACELwBSFXyq4qpAygIARUAAIhCGAFwAcABBvABAfgB_gmAAtAFigIMCAAQARhyIFAoRTAP&rs=AOn4CLCNPt0W_CFTNIE9GwkIKuMxIo5F0g,El Dios de los Autos,external-reference,embed_link_and_summarize_only
wPDa3rge0Fc,https://www.youtube.com/watch?v=wPDa3rge0Fc,"CHINA es Dueña de TODAS las MARCAS DE COCHES AMERICANAS - NADIE DICE NADA, PERO YO LO HARÉ",1022.0,,videos,https://i.ytimg.com/vi/wPDa3rge0Fc/hqdefault.jpg?sqp=-oaymwE2CNACELwBSFXyq4qpAygIARUAAIhCGAFwAcABBvABAfgB_gmAAtAFigIMCAAQARhcIFwoXDAP&rs=AOn4CLBv8XlQQq13zHHVlB1MtoLRpfWL0Q,El Dios de los Autos,external-reference,embed_link_and_summarize_only
C108Z4W5NhU,https://www.youtube.com/watch?v=C108Z4W5NhU,LES HE MENTIDO Y ME SIENTO TERRIBLE,595.0,,videos,https://i.ytimg.com/vi/C108Z4W5NhU/hqdefault.jpg?sqp=-oaymwEcCNACELwBSFXyq4qpAw4IARUAAIhCGAFwAcABBg==&rs=AOn4CLD0xYyr2Hl5Zeh9LOwJdD7KZxNpVA,El Dios de los Autos,external-reference,embed_link_and_summarize_only
leIiBiym-Jg,https://www.youtube.com/watch?v=leIiBiym-Jg,"HONDA, ""GOBIERNO Nos Fuerza a la BANCARROTA"" - Olvida el CIVIC",586.0,,videos,https://i.ytimg.com/vi/leIiBiym-Jg/hqdefault.jpg?sqp=-oaymwEcCNACELwBSFXyq4qpAw4IARUAAIhCGAFwAcABBg==&rs=AOn4CLAfT5Hmcal0wa4QTqqjE2CQPMCERQ,El Dios de los Autos,external-reference,embed_link_and_summarize_only
aRKRA55xqKU,https://www.youtube.com/watch?v=aRKRA55xqKU,"TOYOTA, ""CONDENADOS y Nadie Quiere Verlo. RENUNCIO."" - Enorme Noticia",823.0,,videos,https://i.ytimg.com/vi/aRKRA55xqKU/hqdefault.jpg?sqp=-oaymwE2CNACELwBSFXyq4qpAygIARUAAIhCGAFwAcABBvABAfgB_gmAAtAFigIMCAAQARhqIGooajAP&rs=AOn4CLDqxFR3-TsLcRxWzUImZ4w4f7XLdw,El Dios de los Autos,external-reference,embed_link_and_summarize_only
FtcrzSwEFIk,https://www.youtube.com/watch?v=FtcrzSwEFIk,IDIOTAS están Haciendo Esto con ACEITE (Tengo Miedo),641.0,,videos,https://i.ytimg.com/vi/FtcrzSwEFIk/hqdefault.jpg?sqp=-oaymwE2CNACELwBSFXyq4qpAygIARUAAIhCGAFwAcABBvABAfgB_gmAAtAFigIMCAAQARhWIGEoZTAP&rs=AOn4CLDRftfCIq4YJ56Ffp9udmWRKDWrjA,El Dios de los Autos,external-reference,embed_link_and_summarize_only
Xd-ZA-lAsFU,https://www.youtube.com/watch?v=Xd-ZA-lAsFU,No CREERÁS la ESTAFA que Acabo de Descubrir,974.0,,videos,https://i.ytimg.com/vi/Xd-ZA-lAsFU/hqdefault.jpg?sqp=-oaymwE2CNACELwBSFXyq4qpAygIARUAAIhCGAFwAcABBvABAfgB_gmAAtAFigIMCAAQARhyIFMoRDAP&rs=AOn4CLB8bfjY8BRjT8TtROmFDPRQXEZ3EQ,El Dios de los Autos,external-reference,embed_link_and_summarize_only
y9FAsxbbSx4,https://www.youtube.com/watch?v=y9FAsxbbSx4,"Elon Musk, ¡NUEVO Motor REVOLUCIONA la INDUSTRIA!",725.0,,videos,https://i.ytimg.com/vi/y9FAsxbbSx4/hqdefault.jpg?sqp=-oaymwE2CNACELwBSFXyq4qpAygIARUAAIhCGAFwAcABBvABAfgB_gmAAtAFigIMCAAQARhmIGYoZjAP&rs=AOn4CLBM0yJiCkVge80FK-VgUJH2C8J8Hw,El Dios de los Autos,external-reference,embed_link_and_summarize_only
wNTkc8H1jhc,https://www.youtube.com/watch?v=wNTkc8H1jhc,"MAZDA, ""Olviden Coches ELÉCTRICOS y CAMBIEMOS Por Esto YA!""",766.0,,videos,https://i.ytimg.com/vi/wNTkc8H1jhc/hqdefault.jpg?sqp=-oaymwEcCNACELwBSFXyq4qpAw4IARUAAIhCGAFwAcABBg==&rs=AOn4CLCDxyl5xHf0_AjBA_p_Bsz3Bxsw0Q,El Dios de los Autos,external-reference,embed_link_and_summarize_only
VgQ18ntjJTk,https://www.youtube.com/watch?v=VgQ18ntjJTk,¡Europa ACABA de MATAR el Futuro de ELÉCTRICOS!,586.0,,videos,https://i.ytimg.com/vi/VgQ18ntjJTk/hqdefault.jpg?sqp=-oaymwE2CNACELwBSFXyq4qpAygIARUAAIhCGAFwAcABBvABAfgB_gmAAtAFigIMCAAQARh_IDsoTTAP&rs=AOn4CLAWRILJHgveTpbKhxjJk8mXToqx_A,El Dios de los Autos,external-reference,embed_link_and_summarize_only
3YSam-vdI8c,https://www.youtube.com/watch?v=3YSam-vdI8c,NO SE COMO SALÍ DE ESTA (Imágenes Sensibles),863.0,,videos,https://i.ytimg.com/vi/3YSam-vdI8c/hqdefault.jpg?sqp=-oaymwE2CNACELwBSFXyq4qpAygIARUAAIhCGAFwAcABBvABAfgB_gmAAtAFigIMCAAQARh_IDQoQTAP&rs=AOn4CLAIuYxsD6xd979reWDBbxW9OJT1aQ,El Dios de los Autos,external-reference,embed_link_and_summarize_only
8ZbPOSG1WbI,https://www.youtube.com/watch?v=8ZbPOSG1WbI,"SI SOLO TIENES $5,000 COMPRA ESTE AUTO YA",944.0,,videos,https://i.ytimg.com/vi/8ZbPOSG1WbI/hqdefault.jpg?sqp=-oaymwE2CNACELwBSFXyq4qpAygIARUAAIhCGAFwAcABBvABAfgB_gmAAtAFigIMCAAQARhlIEwoQzAP&rs=AOn4CLDLr58v02zB1e12oKii7qW7Xbp9Tw,El Dios de los Autos,external-reference,embed_link_and_summarize_only
gJXN4dIlDgg,https://www.youtube.com/watch?v=gJXN4dIlDgg,MEXICO ACABA DE CAMBIAR EL FUTURO - ENORME NOTICIA,869.0,,videos,https://i.ytimg.com/vi/gJXN4dIlDgg/hqdefault.jpg?sqp=-oaymwEcCNACELwBSFXyq4qpAw4IARUAAIhCGAFwAcABBg==&rs=AOn4CLCaiJfu5MiIjskNMSoAwyyu7wqm0A,El Dios de los Autos,external-reference,embed_link_and_summarize_only
YAfPG7DecK8,https://www.youtube.com/watch?v=YAfPG7DecK8,TOYOTA ACABA DE PERDERLO TODO - NADA SERÁ IGUAL,688.0,,videos,https://i.ytimg.com/vi/YAfPG7DecK8/hqdefault.jpg?sqp=-oaymwE2CNACELwBSFXyq4qpAygIARUAAIhCGAFwAcABBvABAfgB_gmAAtAFigIMCAAQARhyIEwoQTAP&rs=AOn4CLDOoSKko0iiS6vMRwN48gASi7YANQ,El Dios de los Autos,external-reference,embed_link_and_summarize_only
BvqlswWe3ug,https://www.youtube.com/watch?v=BvqlswWe3ug,CUIDADO. TODOS están usando Esto MUY MAL (Romperás tu Motor),780.0,,videos,https://i.ytimg.com/vi/BvqlswWe3ug/hqdefault.jpg?sqp=-oaymwEcCNACELwBSFXyq4qpAw4IARUAAIhCGAFwAcABBg==&rs=AOn4CLAPBpVpZX0GNxY2Ln_AocFZvTmy7g,El Dios de los Autos,external-reference,embed_link_and_summarize_only
qApZngYdTfI,https://www.youtube.com/watch?v=qApZngYdTfI,Anuncio de FORD Deja en Shock Toda la industria automotriz,800.0,,videos,https://i.ytimg.com/vi/qApZngYdTfI/hqdefault.jpg?sqp=-oaymwEcCNACELwBSFXyq4qpAw4IARUAAIhCGAFwAcABBg==&rs=AOn4CLBiX2OiQRioJZTV6CS0uuMM2CT0YA,El Dios de los Autos,external-reference,embed_link_and_summarize_only
SBbTrfb-_y0,https://www.youtube.com/watch?v=SBbTrfb-_y0,¡MONUMENTAL! TOYOTA RAV 4 TIEMBLA ANTE SUV CHINA,774.0,,videos,https://i.ytimg.com/vi/SBbTrfb-_y0/hqdefault.jpg?sqp=-oaymwEcCNACELwBSFXyq4qpAw4IARUAAIhCGAFwAcABBg==&rs=AOn4CLBhlojuxCTv_tFWPb9HcyhSnYVpaw,El Dios de los Autos,external-reference,embed_link_and_summarize_only
2q1bxB_R50A,https://www.youtube.com/watch?v=2q1bxB_R50A,NISSAN ESTÁ HARTO - ESTO ES INCREÍBLE,730.0,,videos,https://i.ytimg.com/vi/2q1bxB_R50A/hqdefault.jpg?sqp=-oaymwE2CNACELwBSFXyq4qpAygIARUAAIhCGAFwAcABBvABAfgB_gmAAtAFigIMCAAQARgtIGUoXTAP&rs=AOn4CLBhkrAeByxeKlH6U3gACNCT7lCXgg,El Dios de los Autos,external-reference,embed_link_and_summarize_only
utKOBCHAGME,https://www.youtube.com/watch?v=utKOBCHAGME,CHEVROLET ACABA DE DEJAR DE HACER COCHES - ENORME NOTICIA,569.0,,videos,https://i.ytimg.com/vi/utKOBCHAGME/hqdefault.jpg?sqp=-oaymwE2CNACELwBSFXyq4qpAygIARUAAIhCGAFwAcABBvABAfgB_gmAAtAFigIMCAAQARhyIDcoSDAP&rs=AOn4CLDyLMfMSTluNtszGxXkC3H3V7-Lkg,El Dios de los Autos,external-reference,embed_link_and_summarize_only
WjLK20-tJLg,https://www.youtube.com/watch?v=WjLK20-tJLg,¿ELON MUSK Responsable del TERREMOTO en Turquía? - ENORME NOTICIA,869.0,,videos,https://i.ytimg.com/vi/WjLK20-tJLg/hqdefault.jpg?sqp=-oaymwEcCNACELwBSFXyq4qpAw4IARUAAIhCGAFwAcABBg==&rs=AOn4CLAmfRjm1FvuWlLDYqhLld6v7Eu0SQ,El Dios de los Autos,external-reference,embed_link_and_summarize_only
LI5ZjHQvaVM,https://www.youtube.com/watch?v=LI5ZjHQvaVM,HONDA ESTÁ ACABADO - ENORME NOTICIA,976.0,,videos,https://i.ytimg.com/vi/LI5ZjHQvaVM/hqdefault.jpg?sqp=-oaymwE2CNACELwBSFXyq4qpAygIARUAAIhCGAFwAcABBvABAfgB_gmAAtAFigIMCAAQARhlIGUoZTAP&rs=AOn4CLBhxn0broaV08PSl_WLEtdyPY67tg,El Dios de los Autos,external-reference,embed_link_and_summarize_only
p9ANDglN3N0,https://www.youtube.com/watch?v=p9ANDglN3N0,IDIOTAS ESTÁN COMPRANDO ESTE SUZUKI (No me sorprende),707.0,,videos,https://i.ytimg.com/vi/p9ANDglN3N0/hqdefault.jpg?sqp=-oaymwEcCNACELwBSFXyq4qpAw4IARUAAIhCGAFwAcABBg==&rs=AOn4CLDRSumEc9mJN-xu9NEqqsh0OUWc3A,El Dios de los Autos,external-reference,embed_link_and_summarize_only
tutAPU-aHSQ,https://www.youtube.com/watch?v=tutAPU-aHSQ,"¿Por qué NO HAY MUJERES en Industria AUTOMOTRIZ? (Sin Basura, SOLO LA VERDAD)",791.0,,videos,https://i.ytimg.com/vi/tutAPU-aHSQ/hqdefault.jpg?sqp=-oaymwE2CNACELwBSFXyq4qpAygIARUAAIhCGAFwAcABBvABAfgB_gmAAtAFigIMCAAQARh_ICIoOjAP&rs=AOn4CLCdKI2iK2Q3e4qtwMrVo_NmdMUNLA,El Dios de los Autos,external-reference,embed_link_and_summarize_only
4gf70Hvr4nY,https://www.youtube.com/watch?v=4gf70Hvr4nY,"NADIE QUIERE HABLAR DE ESTO, ASÍ QUE YO LO HARÉ",1000.0,,videos,https://i.ytimg.com/vi/4gf70Hvr4nY/hqdefault.jpg?sqp=-oaymwE2CNACELwBSFXyq4qpAygIARUAAIhCGAFwAcABBvABAfgB_gmAAtAFigIMCAAQARhlIE8oTDAP&rs=AOn4CLABPhSlFCvWikMtpX3Yi0es7hR3_Q,El Dios de los Autos,external-reference,embed_link_and_summarize_only
D4lWZ-BB-4Q,https://www.youtube.com/watch?v=D4lWZ-BB-4Q,COMPRÉ EL COCHE MÁS MARI#A DEL UNIVERSO,858.0,,videos,https://i.ytimg.com/vi/D4lWZ-BB-4Q/hqdefault.jpg?sqp=-oaymwEcCNACELwBSFXyq4qpAw4IARUAAIhCGAFwAcABBg==&rs=AOn4CLBoKEJQ087mIvsgHlUQnrjWYo0O_g,El Dios de los Autos,external-reference,embed_link_and_summarize_only
yJ7u8Em8Y9c,https://www.youtube.com/watch?v=yJ7u8Em8Y9c,HYUNDAI Y KIA CERRARÁN EN AMÉRICA,727.0,,videos,https://i.ytimg.com/vi/yJ7u8Em8Y9c/hqdefault.jpg?sqp=-oaymwE2CNACELwBSFXyq4qpAygIARUAAIhCGAFwAcABBvABAfgB_gmAAtAFigIMCAAQARg7IGUoNzAP&rs=AOn4CLCtL-wNB8Qe2mTPqdHfc81ChCr7Pg,El Dios de los Autos,external-reference,embed_link_and_summarize_only
Onj3cZ5ob8g,https://www.youtube.com/watch?v=Onj3cZ5ob8g,LO IMPENSABLE ACABA DE OCURRIR,1230.0,,videos,https://i.ytimg.com/vi/Onj3cZ5ob8g/hqdefault.jpg?sqp=-oaymwE2CNACELwBSFXyq4qpAygIARUAAIhCGAFwAcABBvABAfgB_gmAAtAFigIMCAAQARgTICsofzAP&rs=AOn4CLAFs1uNCRlQY55QrxsZf5Zc3FO7Fw,El Dios de los Autos,external-reference,embed_link_and_summarize_only
KCNIUl_X_Mg,https://www.youtube.com/watch?v=KCNIUl_X_Mg,¡TOYOTA ACABA DE DEJAR A TODOS EN SHOCK! (Esto es increíble),755.0,,videos,https://i.ytimg.com/vi/KCNIUl_X_Mg/hqdefault.jpg?sqp=-oaymwE2CNACELwBSFXyq4qpAygIARUAAIhCGAFwAcABBvABAfgB_gmAAtAFigIMCAAQARhbIGUoZTAP&rs=AOn4CLAMav1inKMdqt0Qmy73G5oQV21atQ,El Dios de los Autos,external-reference,embed_link_and_summarize_only
Xuih2zHohMo,https://www.youtube.com/watch?v=Xuih2zHohMo,TOYOTA SE CANSÓ Y SE ACABÓ - ENORME NOTICIA,838.0,,videos,https://i.ytimg.com/vi/Xuih2zHohMo/hqdefault.jpg?sqp=-oaymwE2CNACELwBSFXyq4qpAygIARUAAIhCGAFwAcABBvABAfgB_gmAAtAFigIMCAAQARh_IDsoSTAP&rs=AOn4CLAfp4Akn0yKlHGI61WsqS3on7cJwQ,El Dios de los Autos,external-reference,embed_link_and_summarize_only
uFOEIxeeq8Q,https://www.youtube.com/watch?v=uFOEIxeeq8Q,POR ESTO NUEVO SUPERCARGADOR CENTRIFUGO ES BRILLANTE,846.0,,videos,https://i.ytimg.com/vi/uFOEIxeeq8Q/hqdefault.jpg?sqp=-oaymwE2CNACELwBSFXyq4qpAygIARUAAIhCGAFwAcABBvABAfgB_gmAAtAFigIMCAAQARhaIGUoZTAP&rs=AOn4CLBXp9RBhBsfRjb8niVvQUAO4KQM3g,El Dios de los Autos,external-reference,embed_link_and_summarize_only
UTYMqT_e_Vk,https://www.youtube.com/watch?v=UTYMqT_e_Vk,Esta NUEVA Función del Coche MATARÁ A MILLONES,582.0,,videos,https://i.ytimg.com/vi/UTYMqT_e_Vk/hqdefault.jpg?sqp=-oaymwE2CNACELwBSFXyq4qpAygIARUAAIhCGAFwAcABBvABAfgB_gmAAtAFigIMCAAQARhVIGQoZTAP&rs=AOn4CLCFiFwR6zUeZgoGFgsqhAoBvkmu3A,El Dios de los Autos,external-reference,embed_link_and_summarize_only
-_lFB-xszLc,https://www.youtube.com/watch?v=-_lFB-xszLc,"Llama a la POLICIA AHORA, Si Tu Coche TIENE ESTO",741.0,,videos,https://i.ytimg.com/vi/-_lFB-xszLc/hqdefault.jpg?sqp=-oaymwEcCNACELwBSFXyq4qpAw4IARUAAIhCGAFwAcABBg==&rs=AOn4CLCs-DuTOtjxLzGUNN6AiLLAeFvoeg,El Dios de los Autos,external-reference,embed_link_and_summarize_only
nnBNyRYAllo,https://www.youtube.com/watch?v=nnBNyRYAllo,EL ANUNCIO que ACABA de CAMBIARLO TODO (Terrible Noticia),858.0,,videos,https://i.ytimg.com/vi/nnBNyRYAllo/hqdefault.jpg?sqp=-oaymwEcCNACELwBSFXyq4qpAw4IARUAAIhCGAFwAcABBg==&rs=AOn4CLBmtzB8rGTccxMf-zVOGkm-Gy5vtw,El Dios de los Autos,external-reference,embed_link_and_summarize_only
o2UmdfetYvQ,https://www.youtube.com/watch?v=o2UmdfetYvQ,NO ES JUSTO lo que Industria Automotriz ACABA de APROBAR (ENORME NOTICIA),641.0,,videos,https://i.ytimg.com/vi/o2UmdfetYvQ/hqdefault.jpg?sqp=-oaymwEcCNACELwBSFXyq4qpAw4IARUAAIhCGAFwAcABBg==&rs=AOn4CLAj0A7yUbF-vKhmM_9JWQQTV8e_zQ,El Dios de los Autos,external-reference,embed_link_and_summarize_only
yv9hE1Vo10A,https://www.youtube.com/watch?v=yv9hE1Vo10A,Les ADVERTI Sobre Este COCHE Pero NADIE ESCUCHÓ,695.0,,videos,https://i.ytimg.com/vi/yv9hE1Vo10A/hqdefault.jpg?sqp=-oaymwE2CNACELwBSFXyq4qpAygIARUAAIhCGAFwAcABBvABAfgB_gmAAtAFigIMCAAQARh_IDcoRDAP&rs=AOn4CLAFXs08muYkjWhOQe5DWX_GTzI_pA,El Dios de los Autos,external-reference,embed_link_and_summarize_only
m-saaXF1a_A,https://www.youtube.com/watch?v=m-saaXF1a_A,El GOBIERNO Acaba de Hacer ILEGALES TODOS Estos COCHES,878.0,,videos,https://i.ytimg.com/vi/m-saaXF1a_A/hqdefault.jpg?sqp=-oaymwE2CNACELwBSFXyq4qpAygIARUAAIhCGAFwAcABBvABAfgB_gmAAtAFigIMCAAQARgWID0ofzAP&rs=AOn4CLBPH2aMAt3c6l_usm4fOL8hXESWLg,El Dios de los Autos,external-reference,embed_link_and_summarize_only
ZYDZXpRXZyg,https://www.youtube.com/watch?v=ZYDZXpRXZyg,ESTOY HARTO Y YA NO ME QUEDARÉ CALLADO,931.0,,videos,https://i.ytimg.com/vi/ZYDZXpRXZyg/hqdefault.jpg?sqp=-oaymwEcCNACELwBSFXyq4qpAw4IARUAAIhCGAFwAcABBg==&rs=AOn4CLCDFnHAxBgdkbthCsPZamcPtB_FrQ,El Dios de los Autos,external-reference,embed_link_and_summarize_only
PPKclOdyM_A,https://www.youtube.com/watch?v=PPKclOdyM_A,Acabo de COMPRAR mi COCHE SOÑADO (Pero algo está MUY MAL) - Mi Nuevo Camaro ZL1,575.0,,videos,https://i.ytimg.com/vi/PPKclOdyM_A/hqdefault.jpg?sqp=-oaymwEcCNACELwBSFXyq4qpAw4IARUAAIhCGAFwAcABBg==&rs=AOn4CLAKm-lYYvqQ7R9ukydaiHidC4YMyg,El Dios de los Autos,external-reference,embed_link_and_summarize_only
tJN_oGqXOO8,https://www.youtube.com/watch?v=tJN_oGqXOO8,Por esto NUEVO Hyundai Se AGOTÓ a Horas de su Lanzamiento,980.0,,videos,https://i.ytimg.com/vi/tJN_oGqXOO8/hqdefault.jpg?sqp=-oaymwEcCNACELwBSFXyq4qpAw4IARUAAIhCGAFwAcABBg==&rs=AOn4CLBp16TPQ6hB_bJg57dTyRHZR-y9fQ,El Dios de los Autos,external-reference,embed_link_and_summarize_only
FtVvmNbTBb0,https://www.youtube.com/watch?v=FtVvmNbTBb0,¡Adiós litio! ¡NUEVA batería de iones de sodio 4.0 lo cambia todo en 2023!,689.0,,videos,https://i.ytimg.com/vi/FtVvmNbTBb0/hqdefault.jpg?sqp=-oaymwEcCNACELwBSFXyq4qpAw4IARUAAIhCGAFwAcABBg==&rs=AOn4CLAhM42r7jxshoM5LbRQvxmW4PQ3oQ,El Dios de los Autos,external-reference,embed_link_and_summarize_only
nMEWlvTQDvo,https://www.youtube.com/watch?v=nMEWlvTQDvo,¡COMPRÉ EL MEJOR COCHE DE MI VIDA HASTA HOY!,622.0,,videos,https://i.ytimg.com/vi/nMEWlvTQDvo/hqdefault.jpg?sqp=-oaymwEcCNACELwBSFXyq4qpAw4IARUAAIhCGAFwAcABBg==&rs=AOn4CLA0iExCSmcCTNcjRL37ufMeBe5kFw,El Dios de los Autos,external-reference,embed_link_and_summarize_only
4qr6_7SZ7Q4,https://www.youtube.com/watch?v=4qr6_7SZ7Q4,¿Qué DIABLOS es un TWINGO y Porque SHAKIRA lo ODIA?,631.0,,videos,https://i.ytimg.com/vi/4qr6_7SZ7Q4/hqdefault.jpg?sqp=-oaymwEcCNACELwBSFXyq4qpAw4IARUAAIhCGAFwAcABBg==&rs=AOn4CLBe4EJtZ2FiRPHMs2-PprqHX5NDHw,El Dios de los Autos,external-reference,embed_link_and_summarize_only
R55k-zUaAj0,https://www.youtube.com/watch?v=R55k-zUaAj0,TESLA ACABA DE DEJAR DE HACER COCHES - ENORME NOTICIA,570.0,,videos,https://i.ytimg.com/vi/R55k-zUaAj0/hqdefault.jpg?sqp=-oaymwE2CNACELwBSFXyq4qpAygIARUAAIhCGAFwAcABBvABAfgB_gmAAtAFigIMCAAQARhyIFQoMzAP&rs=AOn4CLC29eulawxFHpDf1rZESlL_4JqlzQ,El Dios de los Autos,external-reference,embed_link_and_summarize_only
j5b5GNsIgCw,https://www.youtube.com/watch?v=j5b5GNsIgCw,COMPRÉ Coche DESTRUIDO y RESTAURÉ en SOLO 15 Días ¿MALA IDEA?,968.0,,videos,https://i.ytimg.com/vi/j5b5GNsIgCw/hqdefault.jpg?sqp=-oaymwEcCNACELwBSFXyq4qpAw4IARUAAIhCGAFwAcABBg==&rs=AOn4CLCYLjdCvwGxAt5DnduTdvdqjY9zqg,El Dios de los Autos,external-reference,embed_link_and_summarize_only
JGANoVxUCGo,https://www.youtube.com/watch?v=JGANoVxUCGo,ME ACABAN DE AMENAZAR Y TENGO MIEDO,847.0,,videos,https://i.ytimg.com/vi/JGANoVxUCGo/hqdefault.jpg?sqp=-oaymwEcCNACELwBSFXyq4qpAw4IARUAAIhCGAFwAcABBg==&rs=AOn4CLBnZ8Lq3ojgmL3Y_WemWg4hbFObPQ,El Dios de los Autos,external-reference,embed_link_and_summarize_only
lYOuZ6K71K8,https://www.youtube.com/watch?v=lYOuZ6K71K8,"TOYOTA, ""Nuestro Motor CAMBIA el FUTURO"" (Esto es increíble)",840.0,,videos,https://i.ytimg.com/vi/lYOuZ6K71K8/hqdefault.jpg?sqp=-oaymwEcCNACELwBSFXyq4qpAw4IARUAAIhCGAFwAcABBg==&rs=AOn4CLAocPkMnIU0lkKzkczce0qn-l0NOQ,El Dios de los Autos,external-reference,embed_link_and_summarize_only
szVKI9k4Dp4,https://www.youtube.com/watch?v=szVKI9k4Dp4,"Ha Sido un Viaje Increíble, Gracias",395.0,,videos,https://i.ytimg.com/vi/szVKI9k4Dp4/hqdefault.jpg?sqp=-oaymwEcCNACELwBSFXyq4qpAw4IARUAAIhCGAFwAcABBg==&rs=AOn4CLBCDDuKUZEjgMRuqUzN3C-lLIRZXw,El Dios de los Autos,external-reference,embed_link_and_summarize_only
dE1mF9NSHh0,https://www.youtube.com/watch?v=dE1mF9NSHh0,MILLONES de COCHES FRAUDULENTOS Acaban de Llegar a AMÉRICA (Probablemente Usted YA COMPRÓ Uno),640.0,,videos,https://i.ytimg.com/vi/dE1mF9NSHh0/hqdefault.jpg?sqp=-oaymwE2CNACELwBSFXyq4qpAygIARUAAIhCGAFwAcABBvABAfgB_gmAAtAFigIMCAAQARh_IEcoKzAP&rs=AOn4CLA2RALWeOnLx9fioxx495XOhGfFVg,El Dios de los Autos,external-reference,embed_link_and_summarize_only
eonPxGTYcB8,https://www.youtube.com/watch?v=eonPxGTYcB8,"TOYOTA, ""Nuestro Motor DESTRUYE La INDUSTRIA de los ELECTRICOS!""",860.0,,videos,https://i.ytimg.com/vi/eonPxGTYcB8/hqdefault.jpg?sqp=-oaymwE2CNACELwBSFXyq4qpAygIARUAAIhCGAFwAcABBvABAfgB_gmAAtAFigIMCAAQARhLIE8oZTAP&rs=AOn4CLBlc2oUJGlDwqUHLotZTQ0cjBbH2g,El Dios de los Autos,external-reference,embed_link_and_summarize_only
p6IW7oDyH6A,https://www.youtube.com/watch?v=p6IW7oDyH6A,Autos Muy CAROS que FINALMENTE puedes comprar BARATOS,477.0,,videos,https://i.ytimg.com/vi/p6IW7oDyH6A/hqdefault.jpg?sqp=-oaymwE2CNACELwBSFXyq4qpAygIARUAAIhCGAFwAcABBvABAfgB_gmAAtAFigIMCAAQARhlIEsoQDAP&rs=AOn4CLDyq8BcxHQL8l3yecH4rORioFSK3Q,El Dios de los Autos,external-reference,embed_link_and_summarize_only
hjgbpBJj4gg,https://www.youtube.com/watch?v=hjgbpBJj4gg,VAN A QUEBRAR Y ME ALEGRA.,526.0,,videos,https://i.ytimg.com/vi/hjgbpBJj4gg/hqdefault.jpg?sqp=-oaymwEcCNACELwBSFXyq4qpAw4IARUAAIhCGAFwAcABBg==&rs=AOn4CLDl55EDny7dMmK478UO3q_BFKsmSQ,El Dios de los Autos,external-reference,embed_link_and_summarize_only
VIT9XC_0hCg,https://www.youtube.com/watch?v=VIT9XC_0hCg,JOE BIDEN CERRARÁ TESLA (ELON MUSK RESPONDE),986.0,,videos,https://i.ytimg.com/vi/VIT9XC_0hCg/hqdefault.jpg?sqp=-oaymwE2CNACELwBSFXyq4qpAygIARUAAIhCGAFwAcABBvABAfgB_gmAAtAFigIMCAAQARhlIGUoZTAP&rs=AOn4CLALS_EbaSLQLZ3V_Z5_8o44_IHuIw,El Dios de los Autos,external-reference,embed_link_and_summarize_only
zHQSXMsW8hw,https://www.youtube.com/watch?v=zHQSXMsW8hw,Toyota ACABA De REEMPLAZAR HILUX Con Esto,640.0,,videos,https://i.ytimg.com/vi/zHQSXMsW8hw/hqdefault.jpg?sqp=-oaymwE2CNACELwBSFXyq4qpAygIARUAAIhCGAFwAcABBvABAfgB_gmAAtAFigIMCAAQARggIGUoGjAP&rs=AOn4CLAPefmp3LtYkrUDtoNv9WUK0Me26g,El Dios de los Autos,external-reference,embed_link_and_summarize_only
4chRjKkv_EM,https://www.youtube.com/watch?v=4chRjKkv_EM,Si Solo TIENES $3500 COMPRA Esto YA (Antes Que NO Quede Ninguno),695.0,,videos,https://i.ytimg.com/vi/4chRjKkv_EM/hqdefault.jpg?sqp=-oaymwE2CNACELwBSFXyq4qpAygIARUAAIhCGAFwAcABBvABAfgB_gmAAtAFigIMCAAQARhyIEcoOjAP&rs=AOn4CLBhy6u_MGY1QCFxlmivqget6RcWcQ,El Dios de los Autos,external-reference,embed_link_and_summarize_only
XvKh6dvzUuw,https://www.youtube.com/watch?v=XvKh6dvzUuw,HYUNDAI ESTÁ ACABADO - ENORME NOTICIA,1042.0,,videos,https://i.ytimg.com/vi/XvKh6dvzUuw/hqdefault.jpg?sqp=-oaymwE2CNACELwBSFXyq4qpAygIARUAAIhCGAFwAcABBvABAfgB_gmAAtAFigIMCAAQARhlIEgoQzAP&rs=AOn4CLBSHpYEngFBZPZwDX6e7uE-zb8MTg,El Dios de los Autos,external-reference,embed_link_and_summarize_only
b2KIwb2pHrA,https://www.youtube.com/watch?v=b2KIwb2pHrA,YA ESTÁ PASANDO Y NO ES BROMA...,526.0,,videos,https://i.ytimg.com/vi/b2KIwb2pHrA/hqdefault.jpg?sqp=-oaymwE2CNACELwBSFXyq4qpAygIARUAAIhCGAFwAcABBvABAfgB_gmAAtAFigIMCAAQARhlIGQoVDAP&rs=AOn4CLB7vlK8xHzlfut0If4AjjWxbnCRuw,El Dios de los Autos,external-reference,embed_link_and_summarize_only
YcOgfRUUUbU,https://www.youtube.com/watch?v=YcOgfRUUUbU,LIONEL MESSI TIENE UN GARAJE SECRETO MILLONARIO,799.0,,videos,https://i.ytimg.com/vi/YcOgfRUUUbU/hqdefault.jpg?sqp=-oaymwE2CNACELwBSFXyq4qpAygIARUAAIhCGAFwAcABBvABAfgB_gmAAtAFigIMCAAQARheIGUoWzAP&rs=AOn4CLDh2WzgpMTCaeEC06qJ9yfS9X6NJg,El Dios de los Autos,external-reference,embed_link_and_summarize_only
kUOLexYf-Ns,https://www.youtube.com/watch?v=kUOLexYf-Ns,TOYOTA ACABA DE DESTROZAR LA INDUSTRIA - ADIOS TESLA,960.0,,videos,https://i.ytimg.com/vi/kUOLexYf-Ns/hqdefault.jpg?sqp=-oaymwE2CNACELwBSFXyq4qpAygIARUAAIhCGAFwAcABBvABAfgB_gmAAtAFigIMCAAQARhlIGUoZTAP&rs=AOn4CLAXCcrQvqIyXm9d8yfQOh3n8kSvtg,El Dios de los Autos,external-reference,embed_link_and_summarize_only
PGx8o__gkbo,https://www.youtube.com/watch?v=PGx8o__gkbo,¿ME ESTAFARON OTRA VEZ? (Soy Un Desastre...),522.0,,videos,https://i.ytimg.com/vi/PGx8o__gkbo/hqdefault.jpg?sqp=-oaymwEcCNACELwBSFXyq4qpAw4IARUAAIhCGAFwAcABBg==&rs=AOn4CLDOHJzSZx8pMFG6J7GIev-Jm_S2_Q,El Dios de los Autos,external-reference,embed_link_and_summarize_only
0dEeOYV0fE4,https://www.youtube.com/watch?v=0dEeOYV0fE4,"HA SIDO UN PLACER, GRACIAS.",545.0,,videos,https://i.ytimg.com/vi/0dEeOYV0fE4/hqdefault.jpg?sqp=-oaymwEcCNACELwBSFXyq4qpAw4IARUAAIhCGAFwAcABBg==&rs=AOn4CLAF9dc3KsOaoZ5V-Ofkk82aWT1TYw,El Dios de los Autos,external-reference,embed_link_and_summarize_only
gnK76E5RUuo,https://www.youtube.com/watch?v=gnK76E5RUuo,Solo ESTUPIDOS Comprarían COCHE AQUÍ Luego de Ver ESTO,699.0,,videos,https://i.ytimg.com/vi/gnK76E5RUuo/hqdefault.jpg?sqp=-oaymwE2CNACELwBSFXyq4qpAygIARUAAIhCGAFwAcABBvABAfgB_gmAAtAFigIMCAAQARhyIEwoQDAP&rs=AOn4CLDJDYxhx8GcuwI_u4r6cNB7qcPowQ,El Dios de los Autos,external-reference,embed_link_and_summarize_only
edGRkzuFwxw,https://www.youtube.com/watch?v=edGRkzuFwxw,Mazda ¡Nuevo MOTOR Más PODEROSO Jamás CONSTRUIDO!,623.0,,videos,https://i.ytimg.com/vi/edGRkzuFwxw/hqdefault.jpg?sqp=-oaymwE2CNACELwBSFXyq4qpAygIARUAAIhCGAFwAcABBvABAfgB_gmAAtAFigIMCAAQARh_IB4oKTAP&rs=AOn4CLANWESpTsTDF5-TK0CG7Kk6P66EYw,El Dios de los Autos,external-reference,embed_link_and_summarize_only
vuVa0zwonT0,https://www.youtube.com/watch?v=vuVa0zwonT0,¡CHINA ACABA DE DESTRUIR LA INDUSTRIA AUTOMOTRIZ!,864.0,,videos,https://i.ytimg.com/vi/vuVa0zwonT0/hqdefault.jpg?sqp=-oaymwE2CNACELwBSFXyq4qpAygIARUAAIhCGAFwAcABBvABAfgB_gmAAtAFigIMCAAQARhaIGUoZTAP&rs=AOn4CLAeDGpxpXe6pt1qkWfqRgpLoSaLoA,El Dios de los Autos,external-reference,embed_link_and_summarize_only
xS2tmRTJCU0,https://www.youtube.com/watch?v=xS2tmRTJCU0,"NO Compres Tu Coche EN ESTE MOMENTO, te explico por qué",737.0,,videos,https://i.ytimg.com/vi/xS2tmRTJCU0/hqdefault.jpg?sqp=-oaymwE2CNACELwBSFXyq4qpAygIARUAAIhCGAFwAcABBvABAfgB_gmAAtAFigIMCAAQARhlIFgoSjAP&rs=AOn4CLAPaBBF4LYrcYKiFcwnI75ifCNvZQ,El Dios de los Autos,external-reference,embed_link_and_summarize_only
1Fngq2A1wkY,https://www.youtube.com/watch?v=1Fngq2A1wkY,¿POR QUÉ NO DEBES COMPRAR RINES GRANDES A TU COCHE?,1003.0,,videos,https://i.ytimg.com/vi/1Fngq2A1wkY/hqdefault.jpg?sqp=-oaymwE2CNACELwBSFXyq4qpAygIARUAAIhCGAFwAcABBvABAfgB_gmAAtAFigIMCAAQARhlIFMoTjAP&rs=AOn4CLDyT6GBrckql3X65_7h84DWASZkyQ,El Dios de los Autos,external-reference,embed_link_and_summarize_only
QwaZmdXfKkw,https://www.youtube.com/watch?v=QwaZmdXfKkw,TOYOTA ¡NUEVO COCHE AMENAZA A TODOS!,738.0,,videos,https://i.ytimg.com/vi/QwaZmdXfKkw/hqdefault.jpg?sqp=-oaymwE2CNACELwBSFXyq4qpAygIARUAAIhCGAFwAcABBvABAfgB_gmAAtAFigIMCAAQARhyIFIoQTAP&rs=AOn4CLBQ3rvg9kK5CN8wGa3alfldLBGH2A,El Dios de los Autos,external-reference,embed_link_and_summarize_only
XZvwaIrqMWM,https://www.youtube.com/watch?v=XZvwaIrqMWM,¡MONUMENTAL! TOYOTA HILUX TIEMBLA ANTE PICK UP CHEVROLET,1041.0,,videos,https://i.ytimg.com/vi/XZvwaIrqMWM/hqdefault.jpg?sqp=-oaymwE2CNACELwBSFXyq4qpAygIARUAAIhCGAFwAcABBvABAfgB_gmAAtAFigIMCAAQARhjIGMoYzAP&rs=AOn4CLCaRqcAtlXvLCUVg_imdziojFsIUw,El Dios de los Autos,external-reference,embed_link_and_summarize_only
Nhc1NrmUM84,https://www.youtube.com/watch?v=Nhc1NrmUM84,ACABO DE COMPRAR MI AUTO FAVORITO,1063.0,,videos,https://i.ytimg.com/vi/Nhc1NrmUM84/hqdefault.jpg?sqp=-oaymwE2CNACELwBSFXyq4qpAygIARUAAIhCGAFwAcABBvABAfgB_gmAAtAFigIMCAAQARg9IFQoZTAP&rs=AOn4CLB_ipheaISweGmXmmhvlH3h_A9Pdg,El Dios de los Autos,external-reference,embed_link_and_summarize_only
ajJNS2MEX18,https://www.youtube.com/watch?v=ajJNS2MEX18,POR ESTO NUEVO MOTOR BOXER SUBARU ES BRILLANTE,919.0,,videos,https://i.ytimg.com/vi/ajJNS2MEX18/hqdefault.jpg?sqp=-oaymwE2CNACELwBSFXyq4qpAygIARUAAIhCGAFwAcABBvABAfgB_gmAAtAFigIMCAAQARhlIFcoSjAP&rs=AOn4CLBlhDzuRJuMQ4GWFtF6xyr67Ptgpw,El Dios de los Autos,external-reference,embed_link_and_summarize_only
QmrGfaO5rPs,https://www.youtube.com/watch?v=QmrGfaO5rPs,ESTO ESTÁ DESTRUYENDO AMÉRICA Y YA NO ME QUEDARÉ CALLADO,760.0,,videos,https://i.ytimg.com/vi/QmrGfaO5rPs/hqdefault.jpg?sqp=-oaymwEcCNACELwBSFXyq4qpAw4IARUAAIhCGAFwAcABBg==&rs=AOn4CLCxF1PA2BEk973mvI7PKCDdiJaijA,El Dios de los Autos,external-reference,embed_link_and_summarize_only
V1qwuGthgZQ,https://www.youtube.com/watch?v=V1qwuGthgZQ,SI NO COMPRAS ESTAS LLANTAS ERES ESTUPIDO,962.0,,videos,https://i.ytimg.com/vi/V1qwuGthgZQ/hqdefault.jpg?sqp=-oaymwE2CNACELwBSFXyq4qpAygIARUAAIhCGAFwAcABBvABAfgB_gmAAtAFigIMCAAQARhmIGYoZjAP&rs=AOn4CLDogazGxTTyp0F2kNBa_MKRp6-VtQ,El Dios de los Autos,external-reference,embed_link_and_summarize_only
JItpwtt8ehU,https://www.youtube.com/watch?v=JItpwtt8ehU,NO COMPRES TOYOTA RAV-4 ni HONDA CR-V Antes De Ver Esto,959.0,,videos,https://i.ytimg.com/vi/JItpwtt8ehU/hqdefault.jpg?sqp=-oaymwE2CNACELwBSFXyq4qpAygIARUAAIhCGAFwAcABBvABAfgB_gmAAtAFigIMCAAQARhlIGUoZTAP&rs=AOn4CLDpzdQOutyyH_qgjzH3jcaPt1TJPw,El Dios de los Autos,external-reference,embed_link_and_summarize_only
EIJricbGmxA,https://www.youtube.com/watch?v=EIJricbGmxA,EL ANUNCIO QUE ACABA DE CAMBIARLO TODO,562.0,,videos,https://i.ytimg.com/vi/EIJricbGmxA/hqdefault.jpg?sqp=-oaymwE2CNACELwBSFXyq4qpAygIARUAAIhCGAFwAcABBvABAfgB_gmAAtAFigIMCAAQARhyIEgoOzAP&rs=AOn4CLCROGCPzUtfSyk01wH2VlG3p2n7Lg,El Dios de los Autos,external-reference,embed_link_and_summarize_only
7ZCFlrPxSi8,https://www.youtube.com/watch?v=7ZCFlrPxSi8,¡CUIDADO! INTENTARÁN CALLARME POR DECIR VERDAD,686.0,,videos,https://i.ytimg.com/vi/7ZCFlrPxSi8/hqdefault.jpg?sqp=-oaymwE2CNACELwBSFXyq4qpAygIARUAAIhCGAFwAcABBvABAfgB_gmAAtAFigIMCAAQARhOIF0oZTAP&rs=AOn4CLBI5MA0U9LLcMl70V_5d-cGhrLFjg,El Dios de los Autos,external-reference,embed_link_and_summarize_only
d8n-R5H2TSA,https://www.youtube.com/watch?v=d8n-R5H2TSA,¡NISSAN ACABA DE DEJAR A TODOS EN SHOCK! (Esto es increíble),668.0,,videos,https://i.ytimg.com/vi/d8n-R5H2TSA/hqdefault.jpg?sqp=-oaymwE2CNACELwBSFXyq4qpAygIARUAAIhCGAFwAcABBvABAfgB_gmAAtAFigIMCAAQARhsIGwobDAP&rs=AOn4CLAqJVFWEt471EZrzb3HOnDywO5o0Q,El Dios de los Autos,external-reference,embed_link_and_summarize_only
nSuCKxQkUYg,https://www.youtube.com/watch?v=nSuCKxQkUYg,EL COLAPSO DEL MERCADO AUTOMOTRIZ HA LLEGADO,793.0,,videos,https://i.ytimg.com/vi/nSuCKxQkUYg/hqdefault.jpg?sqp=-oaymwEcCNACELwBSFXyq4qpAw4IARUAAIhCGAFwAcABBg==&rs=AOn4CLDAPm6nM5ihwcv4AZovPAl0WXfdIA,El Dios de los Autos,external-reference,embed_link_and_summarize_only
wZwr35DUqyU,https://www.youtube.com/watch?v=wZwr35DUqyU,ESTUDIO DEMUESTRA QUE COCHES ELECTRICOS SON BASURA,826.0,,videos,https://i.ytimg.com/vi/wZwr35DUqyU/hqdefault.jpg?sqp=-oaymwE2CNACELwBSFXyq4qpAygIARUAAIhCGAFwAcABBvABAfgB_gmAAtAFigIMCAAQARhVIFwoZTAP&rs=AOn4CLD8f4xZNyp3rINpojyKAEwHd2CF4A,El Dios de los Autos,external-reference,embed_link_and_summarize_only
qtiH3dF-oXY,https://www.youtube.com/watch?v=qtiH3dF-oXY,"SI SOLO TIENES $4,000 COMPRA ESTE AUTO",925.0,,videos,https://i.ytimg.com/vi/qtiH3dF-oXY/hqdefault.jpg?sqp=-oaymwE2CNACELwBSFXyq4qpAygIARUAAIhCGAFwAcABBvABAfgB_gmAAtAFigIMCAAQARhpIGkoaTAP&rs=AOn4CLBAlKtgxoI4rRWmChXXq2RvI6Vh2w,El Dios de los Autos,external-reference,embed_link_and_summarize_only
CIj4EWnfn44,https://www.youtube.com/watch?v=CIj4EWnfn44,NUEVO MOTOR ACABA DE CAMBIAR LA INDUSTRIA AUTOMOTRIZ,794.0,,videos,https://i.ytimg.com/vi/CIj4EWnfn44/hqdefault.jpg?sqp=-oaymwEcCNACELwBSFXyq4qpAw4IARUAAIhCGAFwAcABBg==&rs=AOn4CLCK7jb1XTYLTAGxPGxVoWxYZ7OevQ,El Dios de los Autos,external-reference,embed_link_and_summarize_only
GQETEH_HHvc,https://www.youtube.com/watch?v=GQETEH_HHvc,PERDIMOS,854.0,,videos,https://i.ytimg.com/vi/GQETEH_HHvc/hqdefault.jpg?sqp=-oaymwEcCNACELwBSFXyq4qpAw4IARUAAIhCGAFwAcABBg==&rs=AOn4CLCZ4E-xYeHaiI_vzMBDaB5T9LrF_g,El Dios de los Autos,external-reference,embed_link_and_summarize_only
eHdxtUCipb4,https://www.youtube.com/watch?v=eHdxtUCipb4,TOYOTA ESTÁ HARTO - ENORME NOTICIA,683.0,,videos,https://i.ytimg.com/vi/eHdxtUCipb4/hqdefault.jpg?sqp=-oaymwE2CNACELwBSFXyq4qpAygIARUAAIhCGAFwAcABBvABAfgB_gmAAtAFigIMCAAQARhUIFsoZTAP&rs=AOn4CLAWW9uiHEtRzf968bZjTJv-4OxJhg,El Dios de los Autos,external-reference,embed_link_and_summarize_only
L0oq_PoUV2c,https://www.youtube.com/watch?v=L0oq_PoUV2c,LA GRAN RECESIÓN YA ESTÁ AQUÍ (PREPÁRATE),612.0,,videos,https://i.ytimg.com/vi/L0oq_PoUV2c/hqdefault.jpg?sqp=-oaymwE2CNACELwBSFXyq4qpAygIARUAAIhCGAFwAcABBvABAfgB_gmAAtAFigIMCAAQARhlIF4oSjAP&rs=AOn4CLCjb6LHCpQJtV6yw3P1dnuh0lWSqw,El Dios de los Autos,external-reference,embed_link_and_summarize_only
fV8QhysKF-Y,https://www.youtube.com/watch?v=fV8QhysKF-Y,IDIOTAS ESTÁN COMPRANDO ESTE TOYOTA (No me sorprende),646.0,,videos,https://i.ytimg.com/vi/fV8QhysKF-Y/hqdefault.jpg?sqp=-oaymwEcCNACELwBSFXyq4qpAw4IARUAAIhCGAFwAcABBg==&rs=AOn4CLCxOQ_5iuH5KJHqUN2m9dvEFZC3dw,El Dios de los Autos,external-reference,embed_link_and_summarize_only
2ylfSfVDAnk,https://www.youtube.com/watch?v=2ylfSfVDAnk,PREPARENCE PARA LA GUERRA NUCLEAR,1044.0,,videos,https://i.ytimg.com/vi/2ylfSfVDAnk/hqdefault.jpg?sqp=-oaymwE2CNACELwBSFXyq4qpAygIARUAAIhCGAFwAcABBvABAfgB_gmAAtAFigIMCAAQARhlIFUoUDAP&rs=AOn4CLBOhwS2EHNHU4DT0Zko_AxsLede5w,El Dios de los Autos,external-reference,embed_link_and_summarize_only
0zNLfTm7EHg,https://www.youtube.com/watch?v=0zNLfTm7EHg,ANUNCIO DE FORD DEJA EN SHOCK LA INDUSTRIA AUTOMOTRIZ,517.0,,videos,https://i.ytimg.com/vi/0zNLfTm7EHg/hqdefault.jpg?sqp=-oaymwE2CNACELwBSFXyq4qpAygIARUAAIhCGAFwAcABBvABAfgB_gmAAtAFigIMCAAQARh_IBMoMDAP&rs=AOn4CLBUqjSVZQJi--wV60CslY8mwpUbfw,El Dios de los Autos,external-reference,embed_link_and_summarize_only
v9RWMb2jEV8,https://www.youtube.com/watch?v=v9RWMb2jEV8,¡DODGE ACABA DE PONER A TEMBLAR A FORD!,832.0,,videos,https://i.ytimg.com/vi/v9RWMb2jEV8/hqdefault.jpg?sqp=-oaymwEcCNACELwBSFXyq4qpAw4IARUAAIhCGAFwAcABBg==&rs=AOn4CLCufbdy0x-WHF50GPKZ917KSPJE9A,El Dios de los Autos,external-reference,embed_link_and_summarize_only
KfZ8aOdIuns,https://www.youtube.com/watch?v=KfZ8aOdIuns,¿LUISITO COMUNICA ESTAFA CON VOLKSWAGEN?,1106.0,,videos,https://i.ytimg.com/vi/KfZ8aOdIuns/hqdefault.jpg?sqp=-oaymwEcCNACELwBSFXyq4qpAw4IARUAAIhCGAFwAcABBg==&rs=AOn4CLCoUfY2zHQZB-vs_HHrFSxnDUpoeQ,El Dios de los Autos,external-reference,embed_link_and_summarize_only
_CVGd_Z8Luo,https://www.youtube.com/watch?v=_CVGd_Z8Luo,PREPARENSE PARA LA GUERRA,775.0,,videos,https://i.ytimg.com/vi/_CVGd_Z8Luo/hqdefault.jpg?sqp=-oaymwEcCNACELwBSFXyq4qpAw4IARUAAIhCGAFwAcABBg==&rs=AOn4CLD4a2I7sPNes5f7QVybAQfKW9lfQw,El Dios de los Autos,external-reference,embed_link_and_summarize_only
Orgj3Mueu6I,https://www.youtube.com/watch?v=Orgj3Mueu6I,¡ES HORA! LEYENDA VUELVE EN EL MEJOR MOMENTO POSIBLE,784.0,,videos,https://i.ytimg.com/vi/Orgj3Mueu6I/hqdefault.jpg?sqp=-oaymwEcCNACELwBSFXyq4qpAw4IARUAAIhCGAFwAcABBg==&rs=AOn4CLAh7Toa7jBD_rb-yup-gcK-78xVPA,El Dios de los Autos,external-reference,embed_link_and_summarize_only
hQoTwKbOIuA,https://www.youtube.com/watch?v=hQoTwKbOIuA,¿QUE IDIOTA COMPRA UN NISSAN VERSA?,391.0,,videos,https://i.ytimg.com/vi/hQoTwKbOIuA/hqdefault.jpg?sqp=-oaymwEcCNACELwBSFXyq4qpAw4IARUAAIhCGAFwAcABBg==&rs=AOn4CLAtWlxSAqEZlqhKE0pNWvpK4sS8RA,El Dios de los Autos,external-reference,embed_link_and_summarize_only
ZFtnf_Yy25k,https://www.youtube.com/watch?v=ZFtnf_Yy25k,¿QUE TAN PORQUERÍA ES HONDA WR-V (BR-V)? | Que Camioneta Barata Me Compro,398.0,,videos,https://i.ytimg.com/vi/ZFtnf_Yy25k/hqdefault.jpg?sqp=-oaymwEcCNACELwBSFXyq4qpAw4IARUAAIhCGAFwAcABBg==&rs=AOn4CLC-0CCZ41a4HBwyH1sITfxw_DRAfQ,El Dios de los Autos,external-reference,embed_link_and_summarize_only
IXj0sMU9asE,https://www.youtube.com/watch?v=IXj0sMU9asE,IMAGINA MITSUBISHI SIN SER UNA M1ERD@...,533.0,,videos,https://i.ytimg.com/vi/IXj0sMU9asE/hqdefault.jpg?sqp=-oaymwEcCNACELwBSFXyq4qpAw4IARUAAIhCGAFwAcABBg==&rs=AOn4CLAEla5-0LER99i_ISwnmCEuJ-MGDQ,El Dios de los Autos,external-reference,embed_link_and_summarize_only
3E2Bp7YnHKM,https://www.youtube.com/watch?v=3E2Bp7YnHKM,PROBABLEMENTE ME CANCELEN POR ESTO,671.0,,videos,https://i.ytimg.com/vi/3E2Bp7YnHKM/hqdefault.jpg?sqp=-oaymwEcCNACELwBSFXyq4qpAw4IARUAAIhCGAFwAcABBg==&rs=AOn4CLBlrbDaL5uvw7-cIeqsctqG46MYUg,El Dios de los Autos,external-reference,embed_link_and_summarize_only
BbgXjyoecH0,https://www.youtube.com/watch?v=BbgXjyoecH0,¡LO LOGRARÓN! ESTA BESTIA TIENE 2000 HP,559.0,,videos,https://i.ytimg.com/vi/BbgXjyoecH0/hqdefault.jpg?sqp=-oaymwEcCNACELwBSFXyq4qpAw4IARUAAIhCGAFwAcABBg==&rs=AOn4CLB-RVjkgF3WVkZs0mYjsDn1ZyC3OQ,El Dios de los Autos,external-reference,embed_link_and_summarize_only
S994nZAPKtM,https://www.youtube.com/watch?v=S994nZAPKtM,COMPRANDO un KIA a la AMIGA de MI ESPOSA (Termina MUY Mal),649.0,,videos,https://i.ytimg.com/vi/S994nZAPKtM/hqdefault.jpg?sqp=-oaymwEcCNACELwBSFXyq4qpAw4IARUAAIhCGAFwAcABBg==&rs=AOn4CLDz1FJ8RGOO_iO5rUjpBDBM8pnIDQ,El Dios de los Autos,external-reference,embed_link_and_summarize_only
XoXJ7e7IQlM,https://www.youtube.com/watch?v=XoXJ7e7IQlM,TODOS QUIEREN UNO ¿PERO ESTÁ TAN BUENO?,904.0,,videos,https://i.ytimg.com/vi/XoXJ7e7IQlM/hqdefault.jpg?sqp=-oaymwEcCNACELwBSFXyq4qpAw4IARUAAIhCGAFwAcABBg==&rs=AOn4CLC9oWPwT2L2pkzKJiaCVfBfoV26Gw,El Dios de los Autos,external-reference,embed_link_and_summarize_only
lLHznTx2W7s,https://www.youtube.com/watch?v=lLHznTx2W7s,NUNCA Compraría este Coche (EMPEORA AÑO A AÑO),678.0,,videos,https://i.ytimg.com/vi/lLHznTx2W7s/hqdefault.jpg?sqp=-oaymwEcCNACELwBSFXyq4qpAw4IARUAAIhCGAFwAcABBg==&rs=AOn4CLAHZsiUEZMtZroVpsFD7tRJCypqZw,El Dios de los Autos,external-reference,embed_link_and_summarize_only
PTVwDKv661U,https://www.youtube.com/watch?v=PTVwDKv661U,"Toyota ¡NUEVA Pick Up de $20,000 DESTRUYE a Ford Maverick!",593.0,,videos,https://i.ytimg.com/vi/PTVwDKv661U/hqdefault.jpg?sqp=-oaymwE2CNACELwBSFXyq4qpAygIARUAAIhCGAFwAcABBvABAfgB_gmAAtAFigIMCAAQARhlIGUoZTAP&rs=AOn4CLAnMLyyjhAatt1kI71ARbdsoSe7iA,El Dios de los Autos,external-reference,embed_link_and_summarize_only
xrjgUXGsEK8,https://www.youtube.com/watch?v=xrjgUXGsEK8,HONDA ES LA MEJOR MARCA DEL MUNDO,1095.0,,videos,https://i.ytimg.com/vi/xrjgUXGsEK8/hqdefault.jpg?sqp=-oaymwEcCNACELwBSFXyq4qpAw4IARUAAIhCGAFwAcABBg==&rs=AOn4CLB4hiu8SwKcArzxHDMMsU54NWdRaQ,El Dios de los Autos,external-reference,embed_link_and_summarize_only
9or5tkhRo8g,https://www.youtube.com/watch?v=9or5tkhRo8g,UN SALUDO TIERNO Y LLENO DE AMOR A BMW,652.0,,videos,https://i.ytimg.com/vi/9or5tkhRo8g/hqdefault.jpg?sqp=-oaymwEcCNACELwBSFXyq4qpAw4IARUAAIhCGAFwAcABBg==&rs=AOn4CLApjgjTUlz0Gc6Z_y-iENU76n8Hrg,El Dios de los Autos,external-reference,embed_link_and_summarize_only
gdVlfGkJcqs,https://www.youtube.com/watch?v=gdVlfGkJcqs,¡AL FIN! ME COMPRE UN HONDA Y LO AMO,416.0,,videos,https://i.ytimg.com/vi/gdVlfGkJcqs/hqdefault.jpg?sqp=-oaymwEcCNACELwBSFXyq4qpAw4IARUAAIhCGAFwAcABBg==&rs=AOn4CLAHC3SVXEvdmj-nSjd8sVP0eLiFVg,El Dios de los Autos,external-reference,embed_link_and_summarize_only
-ARtq5WM-QQ,https://www.youtube.com/watch?v=-ARtq5WM-QQ,¿BERTH-OH NO SABE NADA DE COCHES? (Cruda verdad),641.0,,videos,https://i.ytimg.com/vi/-ARtq5WM-QQ/hqdefault.jpg?sqp=-oaymwEcCNACELwBSFXyq4qpAw4IARUAAIhCGAFwAcABBg==&rs=AOn4CLB7P2fvWMjaSyJaPAZYaqpWwYu7OA,El Dios de los Autos,external-reference,embed_link_and_summarize_only
OznL0Nt2BRI,https://www.youtube.com/watch?v=OznL0Nt2BRI,¡TOYOTA ACABA DE AMENAZAR A TESLA! (Esto es espectacular),729.0,,videos,https://i.ytimg.com/vi/OznL0Nt2BRI/hqdefault.jpg?sqp=-oaymwE2CNACELwBSFXyq4qpAygIARUAAIhCGAFwAcABBvABAfgB_gmAAtAFigIMCAAQARhUIE8oZTAP&rs=AOn4CLDyl58bavKxFPcQBMpPTql235AI6Q,El Dios de los Autos,external-reference,embed_link_and_summarize_only
7hs2na1ZKAs,https://www.youtube.com/watch?v=7hs2na1ZKAs,¿QUE TAN PORQUERÍA ES DFSK GLORY 500? | Que Camioneta Barata Me Compro,497.0,,videos,https://i.ytimg.com/vi/7hs2na1ZKAs/hqdefault.jpg?sqp=-oaymwEcCNACELwBSFXyq4qpAw4IARUAAIhCGAFwAcABBg==&rs=AOn4CLB_Eo1LKjwl4ZCOAXNBxFOQ4Zenvg,El Dios de los Autos,external-reference,embed_link_and_summarize_only
_Z5QswDjjRU,https://www.youtube.com/watch?v=_Z5QswDjjRU,¿QUE IDIOTA COMPRA UN HYUNDAI ELANTRA?,616.0,,videos,https://i.ytimg.com/vi/_Z5QswDjjRU/hqdefault.jpg?sqp=-oaymwEcCNACELwBSFXyq4qpAw4IARUAAIhCGAFwAcABBg==&rs=AOn4CLDbJ0tYt9v-rOE5-TBy563XiO0lXw,El Dios de los Autos,external-reference,embed_link_and_summarize_only
mRI4_XJYqjc,https://www.youtube.com/watch?v=mRI4_XJYqjc,FORD ACABA DE ROBARLE A NISSAN DESCARADAMENTE,460.0,,videos,https://i.ytimg.com/vi/mRI4_XJYqjc/hqdefault.jpg?sqp=-oaymwEcCNACELwBSFXyq4qpAw4IARUAAIhCGAFwAcABBg==&rs=AOn4CLBCzDZrLyjKMulDmUzOsfsjP2HDTg,El Dios de los Autos,external-reference,embed_link_and_summarize_only
TDVU0YHQlYA,https://www.youtube.com/watch?v=TDVU0YHQlYA,¡Nueva PAGANI UTOPÍA! El Hypercar MANUAL V12 que Solo un IDIOTA COMPRARÍA,1017.0,,videos,https://i.ytimg.com/vi/TDVU0YHQlYA/hqdefault.jpg?sqp=-oaymwEcCNACELwBSFXyq4qpAw4IARUAAIhCGAFwAcABBg==&rs=AOn4CLBBcbo8osWAVsCVH_h1PktA9Xihpg,El Dios de los Autos,external-reference,embed_link_and_summarize_only
NXVgHbzLwSI,https://www.youtube.com/watch?v=NXVgHbzLwSI,FORD QUIERE CERRAR TODOS SUS CONCESIONARIOS,711.0,,videos,https://i.ytimg.com/vi/NXVgHbzLwSI/hqdefault.jpg?sqp=-oaymwE2CNACELwBSFXyq4qpAygIARUAAIhCGAFwAcABBvABAfgB_gmAAtAFigIMCAAQARhyID4oWzAP&rs=AOn4CLAdXZXPPmSCSCD-y_bpMhVtwNSkFw,El Dios de los Autos,external-reference,embed_link_and_summarize_only
gCNyWJgEp1M,https://www.youtube.com/watch?v=gCNyWJgEp1M,¿QUE HUBIERA PASADO SI PONTIAC NO QUEBRABA?,451.0,,videos,https://i.ytimg.com/vi/gCNyWJgEp1M/hqdefault.jpg?sqp=-oaymwEcCNACELwBSFXyq4qpAw4IARUAAIhCGAFwAcABBg==&rs=AOn4CLDDWz5yFx3QO9MpeWEu4UizoMB_AQ,El Dios de los Autos,external-reference,embed_link_and_summarize_only
f4L0sKzGUPw,https://www.youtube.com/watch?v=f4L0sKzGUPw,5 Mejores AUTOS Para EMPRENDEDORES,332.0,,videos,https://i.ytimg.com/vi/f4L0sKzGUPw/hqdefault.jpg?sqp=-oaymwEcCNACELwBSFXyq4qpAw4IARUAAIhCGAFwAcABBg==&rs=AOn4CLDYPlr_mS0MZNzdZmgYTfcnwLJwiQ,El Dios de los Autos,external-reference,embed_link_and_summarize_only
mn1KQVfzsWc,https://www.youtube.com/watch?v=mn1KQVfzsWc,¿A QUIEN SE LE OCURRIO ESTA K-GADA?,616.0,,videos,https://i.ytimg.com/vi/mn1KQVfzsWc/hqdefault.jpg?sqp=-oaymwEcCNACELwBSFXyq4qpAw4IARUAAIhCGAFwAcABBg==&rs=AOn4CLCzd8QxdwRbZS4H3w4GDV9abWCFUw,El Dios de los Autos,external-reference,embed_link_and_summarize_only
L7GQkg_JT8E,https://www.youtube.com/watch?v=L7GQkg_JT8E,NOS VAMOS A IR AL C@R@J0 Y ES TU CULPA,409.0,,videos,https://i.ytimg.com/vi/L7GQkg_JT8E/hqdefault.jpg?sqp=-oaymwEcCNACELwBSFXyq4qpAw4IARUAAIhCGAFwAcABBg==&rs=AOn4CLAsSUaEPRXF_RaId2xRcEolkohR-A,El Dios de los Autos,external-reference,embed_link_and_summarize_only
CEmVfBeihvE,https://www.youtube.com/watch?v=CEmVfBeihvE,EL GARAJE SECRETO DE BRENDAN FRASER,414.0,,videos,https://i.ytimg.com/vi/CEmVfBeihvE/hqdefault.jpg?sqp=-oaymwEcCNACELwBSFXyq4qpAw4IARUAAIhCGAFwAcABBg==&rs=AOn4CLCAsawyWYH3p-aiZ391asel9b5-1g,El Dios de los Autos,external-reference,embed_link_and_summarize_only
UAm9jKeCgY8,https://www.youtube.com/watch?v=UAm9jKeCgY8,NO... ¡ME NIEGO A CREER ESTA M13RD@!,795.0,,videos,https://i.ytimg.com/vi/UAm9jKeCgY8/hqdefault.jpg?sqp=-oaymwEcCNACELwBSFXyq4qpAw4IARUAAIhCGAFwAcABBg==&rs=AOn4CLBN1t4l9njEINEQH_IyH3YhuqSZ0A,El Dios de los Autos,external-reference,embed_link_and_summarize_only
M29ZEj3TzGk,https://www.youtube.com/watch?v=M29ZEj3TzGk,¿QUE TAN PORQUERÍA ES EL CHEVROLET GROOVE? | Que Camioneta Barata Me Compro,485.0,,videos,https://i.ytimg.com/vi/M29ZEj3TzGk/hqdefault.jpg?sqp=-oaymwEcCNACELwBSFXyq4qpAw4IARUAAIhCGAFwAcABBg==&rs=AOn4CLBS8Cc-T7WyQOWHVaN4Jp-a5bGWMA,El Dios de los Autos,external-reference,embed_link_and_summarize_only
fw0E4TULzQc,https://www.youtube.com/watch?v=fw0E4TULzQc,¡PORQUE NADIE DICE ESTO DEL NUEVO MUSTANG!,1512.0,,videos,https://i.ytimg.com/vi/fw0E4TULzQc/hqdefault.jpg?sqp=-oaymwEcCNACELwBSFXyq4qpAw4IARUAAIhCGAFwAcABBg==&rs=AOn4CLDnpDzrfW3VVUi8-9Uh7c1lOEflgQ,El Dios de los Autos,external-reference,embed_link_and_summarize_only
9Lls91SqVkk,https://www.youtube.com/watch?v=9Lls91SqVkk,5 AUTOS PARA C0GR EN LA UNIVERSIDAD,503.0,,videos,https://i.ytimg.com/vi/9Lls91SqVkk/hqdefault.jpg?sqp=-oaymwEcCNACELwBSFXyq4qpAw4IARUAAIhCGAFwAcABBg==&rs=AOn4CLAKyXoOwa0mT706NYr28a_gRKzayA,El Dios de los Autos,external-reference,embed_link_and_summarize_only
t6NiGC5oqDE,https://www.youtube.com/watch?v=t6NiGC5oqDE,MOTURBATE CON EL TOYOTA SUPRA 2022,557.0,,videos,https://i.ytimg.com/vi/t6NiGC5oqDE/hqdefault.jpg?sqp=-oaymwEcCNACELwBSFXyq4qpAw4IARUAAIhCGAFwAcABBg==&rs=AOn4CLCS2f4nuV2wVYOa8AKgR8A4RBI3Mg,El Dios de los Autos,external-reference,embed_link_and_summarize_only
tqo3VbV3uzc,https://www.youtube.com/watch?v=tqo3VbV3uzc,¿QUE IDIOTA COMPRA UN KIA RIO?,590.0,,videos,https://i.ytimg.com/vi/tqo3VbV3uzc/hqdefault.jpg?sqp=-oaymwEcCNACELwBSFXyq4qpAw4IARUAAIhCGAFwAcABBg==&rs=AOn4CLCL5_ruMHq2XDk4VoQMZb7vmDQJOA,El Dios de los Autos,external-reference,embed_link_and_summarize_only
eaQuqEPwLns,https://www.youtube.com/watch?v=eaQuqEPwLns,ESTA CAMIONETA TE ENCATA Y ES UNA M13RD@,585.0,,videos,https://i.ytimg.com/vi/eaQuqEPwLns/hqdefault.jpg?sqp=-oaymwEcCNACELwBSFXyq4qpAw4IARUAAIhCGAFwAcABBg==&rs=AOn4CLAWrx6ffYQlPmfwkcVSC5lIU49qNg,El Dios de los Autos,external-reference,embed_link_and_summarize_only
sD2FPLFMCcs,https://www.youtube.com/watch?v=sD2FPLFMCcs,"ELON MUSK ESTÁ EQUIVOCADO, autos de hidrógeno son el futuro, NO los eléctricos de TESLA",682.0,,videos,https://i.ytimg.com/vi/sD2FPLFMCcs/hqdefault.jpg?sqp=-oaymwEcCNACELwBSFXyq4qpAw4IARUAAIhCGAFwAcABBg==&rs=AOn4CLC5oi8kpvKQ3wGtEOeO4npCaFyb6Q,El Dios de los Autos,external-reference,embed_link_and_summarize_only
eQoPewWC8gU,https://www.youtube.com/watch?v=eQoPewWC8gU,TENGO TERRIBLES NOTICIAS,620.0,,videos,https://i.ytimg.com/vi/eQoPewWC8gU/hqdefault.jpg?sqp=-oaymwEcCNACELwBSFXyq4qpAw4IARUAAIhCGAFwAcABBg==&rs=AOn4CLDWfOxHy-Q_N1FYnrEqZIcvCYeQCQ,El Dios de los Autos,external-reference,embed_link_and_summarize_only
fFuGbbDD64w,https://www.youtube.com/watch?v=fFuGbbDD64w,¡USA Y JOE BIDEN PROHIBIRÁN VENTA DE AUTOS USADOS!,872.0,,videos,https://i.ytimg.com/vi/fFuGbbDD64w/hqdefault.jpg?sqp=-oaymwEcCNACELwBSFXyq4qpAw4IARUAAIhCGAFwAcABBg==&rs=AOn4CLD5oZSiPSpS5OtWSQtfUqP6rsn7xg,El Dios de los Autos,external-reference,embed_link_and_summarize_only
-u0IRfI8ok0,https://www.youtube.com/watch?v=-u0IRfI8ok0,COMPRAR ESTE AUTO ES EL PEOR ERROR POSIBLE,775.0,,videos,https://i.ytimg.com/vi/-u0IRfI8ok0/hqdefault.jpg?sqp=-oaymwEcCNACELwBSFXyq4qpAw4IARUAAIhCGAFwAcABBg==&rs=AOn4CLCrEKltm9oAjpWB8zdiRMC1T6zvTw,El Dios de los Autos,external-reference,embed_link_and_summarize_only
7eKKtmxAT3Y,https://www.youtube.com/watch?v=7eKKtmxAT3Y,¡FINALMENTE PASÓ!,411.0,,videos,https://i.ytimg.com/vi/7eKKtmxAT3Y/hqdefault.jpg?sqp=-oaymwEcCNACELwBSFXyq4qpAw4IARUAAIhCGAFwAcABBg==&rs=AOn4CLDpzxM7KDR2ef6yAO9vR_TqAMaONQ,El Dios de los Autos,external-reference,embed_link_and_summarize_only
JQtsGMnxZRI,https://www.youtube.com/watch?v=JQtsGMnxZRI,ES OFICIAL Y ES COMPLETA M1E#D@,673.0,,videos,https://i.ytimg.com/vi/JQtsGMnxZRI/hqdefault.jpg?sqp=-oaymwEcCNACELwBSFXyq4qpAw4IARUAAIhCGAFwAcABBg==&rs=AOn4CLDzRxUDNL1xFGmPwmCE-T05WR8U-Q,El Dios de los Autos,external-reference,embed_link_and_summarize_only
qQLJMq3Zoa8,https://www.youtube.com/watch?v=qQLJMq3Zoa8,¡CHINA ESTÁ PERDIENDOLO TODO!,458.0,,videos,https://i.ytimg.com/vi/qQLJMq3Zoa8/hqdefault.jpg?sqp=-oaymwE2CNACELwBSFXyq4qpAygIARUAAIhCGAFwAcABBvABAfgB_gmAAtAFigIMCAAQARhlIF0oUjAP&rs=AOn4CLDh6XSuzP-Kn_9IHNI7YLbSWyVLxw,El Dios de los Autos,external-reference,embed_link_and_summarize_only
u6X4fuAikLU,https://www.youtube.com/watch?v=u6X4fuAikLU,"YA TUVE SUFICIENTE, AQUÍ LA VERDAD SOBRE TESLA",717.0,,videos,https://i.ytimg.com/vi/u6X4fuAikLU/hqdefault.jpg?sqp=-oaymwE2CNACELwBSFXyq4qpAygIARUAAIhCGAFwAcABBvABAfgB_gmAAtAFigIMCAAQARh_IFooLzAP&rs=AOn4CLCf2pX6txhF-XUz1pIOTCdNSPEYmA,El Dios de los Autos,external-reference,embed_link_and_summarize_only
pgpacQ9xeFY,https://www.youtube.com/watch?v=pgpacQ9xeFY,MORIRÉ ANTES DE COMPRAR ESTE BMW,662.0,,videos,https://i.ytimg.com/vi/pgpacQ9xeFY/hqdefault.jpg?sqp=-oaymwEcCNACELwBSFXyq4qpAw4IARUAAIhCGAFwAcABBg==&rs=AOn4CLASsTRYDfACyCck-nyO1lCSa9IK5w,El Dios de los Autos,external-reference,embed_link_and_summarize_only
VyAeEKPTFdM,https://www.youtube.com/watch?v=VyAeEKPTFdM,UN DÍA TRISTE PARA TENER UN TOYOTA,817.0,,videos,https://i.ytimg.com/vi/VyAeEKPTFdM/hqdefault.jpg?sqp=-oaymwEcCNACELwBSFXyq4qpAw4IARUAAIhCGAFwAcABBg==&rs=AOn4CLB7pXWQJhHmVzyTaQEYba1jbFO0mw,El Dios de los Autos,external-reference,embed_link_and_summarize_only
-ODD0HXk8ls,https://www.youtube.com/watch?v=-ODD0HXk8ls,¿HE AQUÍ POR QUÉ LOS DODGE SON BASURA?,681.0,,videos,https://i.ytimg.com/vi/-ODD0HXk8ls/hqdefault.jpg?sqp=-oaymwEcCNACELwBSFXyq4qpAw4IARUAAIhCGAFwAcABBg==&rs=AOn4CLCpkXBj8sAOLLBh-e6t3-VeQOSfew,El Dios de los Autos,external-reference,embed_link_and_summarize_only
hgzEhwXWF9M,https://www.youtube.com/watch?v=hgzEhwXWF9M,¡NUEVO TESLA DEJA EN SHOCK TODA LA INDUSTRIA AUTOMOTRIZ!,743.0,,videos,https://i.ytimg.com/vi/hgzEhwXWF9M/hqdefault.jpg?sqp=-oaymwE2CNACELwBSFXyq4qpAygIARUAAIhCGAFwAcABBvABAfgB_gmAAtAFigIMCAAQARhlIFMoSjAP&rs=AOn4CLBbJefw_t8GTka36htxoP7P14fyhg,El Dios de los Autos,external-reference,embed_link_and_summarize_only
5fQsXrZf8LQ,https://www.youtube.com/watch?v=5fQsXrZf8LQ,¡TOYOTA SORPRENDE AL ANUNCIAR SU BANCA ROTA!,524.0,,videos,https://i.ytimg.com/vi/5fQsXrZf8LQ/hqdefault.jpg?sqp=-oaymwEcCNACELwBSFXyq4qpAw4IARUAAIhCGAFwAcABBg==&rs=AOn4CLAFWRyHge1X-AfTiJACFkdO4duX3w,El Dios de los Autos,external-reference,embed_link_and_summarize_only
niZKmPxtLnY,https://www.youtube.com/watch?v=niZKmPxtLnY,DODGE NOS HA ABANDONADO...,944.0,,videos,https://i.ytimg.com/vi/niZKmPxtLnY/hqdefault.jpg?sqp=-oaymwEcCNACELwBSFXyq4qpAw4IARUAAIhCGAFwAcABBg==&rs=AOn4CLD008Gc3NPMBwj7l_csLQmcSl4BPA,El Dios de los Autos,external-reference,embed_link_and_summarize_only
ecQ0paWohec,https://www.youtube.com/watch?v=ecQ0paWohec,¡ME MUDÉ OTRA VEZ! Este es mi NUEVO HOGAR,515.0,,videos,https://i.ytimg.com/vi/ecQ0paWohec/hqdefault.jpg?sqp=-oaymwEcCNACELwBSFXyq4qpAw4IARUAAIhCGAFwAcABBg==&rs=AOn4CLCJ4jzq-DeaTbRdGsUsd8qVZ06uAg,El Dios de los Autos,external-reference,embed_link_and_summarize_only
vGBxDKfksLQ,https://www.youtube.com/watch?v=vGBxDKfksLQ,LOS AUTOS YA NO ME HACEN FELIZ.,637.0,,videos,https://i.ytimg.com/vi/vGBxDKfksLQ/hqdefault.jpg?sqp=-oaymwEcCNACELwBSFXyq4qpAw4IARUAAIhCGAFwAcABBg==&rs=AOn4CLDQke0rZdyTqB_nco5krmNLKwzYPw,El Dios de los Autos,external-reference,embed_link_and_summarize_only
ojzxC8P9hlY,https://www.youtube.com/watch?v=ojzxC8P9hlY,¡FINALMENTE llegó un kit de conversión a eléctrico barato!,866.0,,videos,https://i.ytimg.com/vi/ojzxC8P9hlY/hqdefault.jpg?sqp=-oaymwE2CNACELwBSFXyq4qpAygIARUAAIhCGAFwAcABBvABAfgB_gmAAtAFigIMCAAQARgaIEkofzAP&rs=AOn4CLDsLV2wtODRD22kMhQ6w5XjQ1ldEQ,El Dios de los Autos,external-reference,embed_link_and_summarize_only
s2sN3g7AvIc,https://www.youtube.com/watch?v=s2sN3g7AvIc,NADIE TE DICE LA VERDAD ASÍ QUE YO LO HARÉ,819.0,,videos,https://i.ytimg.com/vi/s2sN3g7AvIc/hqdefault.jpg?sqp=-oaymwEcCNACELwBSFXyq4qpAw4IARUAAIhCGAFwAcABBg==&rs=AOn4CLBulTPq-zQdmPnpYwLNmznyTTN9ag,El Dios de los Autos,external-reference,embed_link_and_summarize_only
5zJZiVMVZyE,https://www.youtube.com/watch?v=5zJZiVMVZyE,¿COMO ELIGE SUS AUTOS CAMPEÓN MUNDIAL DE F1?,620.0,,videos,https://i.ytimg.com/vi/5zJZiVMVZyE/hqdefault.jpg?sqp=-oaymwEcCNACELwBSFXyq4qpAw4IARUAAIhCGAFwAcABBg==&rs=AOn4CLApAbjCezhppoKjuaNFvvA1GcPT1w,El Dios de los Autos,external-reference,embed_link_and_summarize_only
S2vfOgF_jFU,https://www.youtube.com/watch?v=S2vfOgF_jFU,"TOYOTA HILUX ES LA ""PEOR PICK UP"" y te explico por qué",786.0,,videos,https://i.ytimg.com/vi/S2vfOgF_jFU/hqdefault.jpg?sqp=-oaymwEcCNACELwBSFXyq4qpAw4IARUAAIhCGAFwAcABBg==&rs=AOn4CLCV1yqKECQgw41NOdBlZyCxpMgF1w,El Dios de los Autos,external-reference,embed_link_and_summarize_only
zNU4poXQdis,https://www.youtube.com/watch?v=zNU4poXQdis,HONDA CR-V TYPE R 2023 HUMILLA A MAZDA Y TOYOTA,794.0,,videos,https://i.ytimg.com/vi/zNU4poXQdis/hqdefault.jpg?sqp=-oaymwEcCNACELwBSFXyq4qpAw4IARUAAIhCGAFwAcABBg==&rs=AOn4CLAcJRpdLw3xV7W1gpRMub2IZ43ZrQ,El Dios de los Autos,external-reference,embed_link_and_summarize_only
Ev-6_UYpQcw,https://www.youtube.com/watch?v=Ev-6_UYpQcw,¡NUNCA COMPRES ESTOS AUTOS!,714.0,,videos,https://i.ytimg.com/vi/Ev-6_UYpQcw/hqdefault.jpg?sqp=-oaymwE2CNACELwBSFXyq4qpAygIARUAAIhCGAFwAcABBvABAfgB_gmAAtAFigIMCAAQARhlIGEoWzAP&rs=AOn4CLCHBEe_TjL8r_gDtvw__QOrWBsajw,El Dios de los Autos,external-reference,embed_link_and_summarize_only
XRFMQbQsviI,https://www.youtube.com/watch?v=XRFMQbQsviI,MAZDA ES UN MARI#A Y TE EXPLICO POR QUÉ,769.0,,videos,https://i.ytimg.com/vi/XRFMQbQsviI/hqdefault.jpg?sqp=-oaymwEcCNACELwBSFXyq4qpAw4IARUAAIhCGAFwAcABBg==&rs=AOn4CLCuaWcJGYT_eDfWl2AgjuAWRelUGQ,El Dios de los Autos,external-reference,embed_link_and_summarize_only
OCYoo3O-Z98,https://www.youtube.com/watch?v=OCYoo3O-Z98,ESTO COSTARÁ EL AUTO DE MIS SUEÑOS,916.0,,videos,https://i.ytimg.com/vi/OCYoo3O-Z98/hqdefault.jpg?sqp=-oaymwEcCNACELwBSFXyq4qpAw4IARUAAIhCGAFwAcABBg==&rs=AOn4CLBv4f9KhssLA0UE9Npzez4o03V6LQ,El Dios de los Autos,external-reference,embed_link_and_summarize_only
t7Zm9dxg9w4,https://www.youtube.com/watch?v=t7Zm9dxg9w4,TENGO UN PROBLEMA GRAVE QUE NECESITO ABORDAR,588.0,,videos,https://i.ytimg.com/vi/t7Zm9dxg9w4/hqdefault.jpg?sqp=-oaymwEcCNACELwBSFXyq4qpAw4IARUAAIhCGAFwAcABBg==&rs=AOn4CLAJGXuxO5VriimOideaZ0KMfpmGAg,El Dios de los Autos,external-reference,embed_link_and_summarize_only
PKFmYchYVH4,https://www.youtube.com/watch?v=PKFmYchYVH4,¿ELON MUSK ATERRORIZA Con BATERIA DE DIAMANTE?,670.0,,videos,https://i.ytimg.com/vi/PKFmYchYVH4/hqdefault.jpg?sqp=-oaymwEcCNACELwBSFXyq4qpAw4IARUAAIhCGAFwAcABBg==&rs=AOn4CLAQ57g3R5_-YPK-tmhhOTcFjd--XQ,El Dios de los Autos,external-reference,embed_link_and_summarize_only
4jsuTsHGAT8,https://www.youtube.com/watch?v=4jsuTsHGAT8,¡NO PUEDO MÁS! ¿HYUNDAI ES MI MARCA FAVORITA?,763.0,,videos,https://i.ytimg.com/vi/4jsuTsHGAT8/hqdefault.jpg?sqp=-oaymwEcCNACELwBSFXyq4qpAw4IARUAAIhCGAFwAcABBg==&rs=AOn4CLATCLj7tIcZCC1sqmiE69yjG5Q6Gw,El Dios de los Autos,external-reference,embed_link_and_summarize_only
ryWCeJRo5pQ,https://www.youtube.com/watch?v=ryWCeJRo5pQ,¡¿HONDA ME HA DEMANDADO?!,712.0,,videos,https://i.ytimg.com/vi/ryWCeJRo5pQ/hqdefault.jpg?sqp=-oaymwEcCNACELwBSFXyq4qpAw4IARUAAIhCGAFwAcABBg==&rs=AOn4CLCjV1MmkDohhfxTPCp8qdfogxu0xg,El Dios de los Autos,external-reference,embed_link_and_summarize_only
CwEt0Ej1xfE,https://www.youtube.com/watch?v=CwEt0Ej1xfE,"Todo lo que Has Escuchado Sobre Autos Eléctricos es Mentira, Aquí Está la Verdad",729.0,,videos,https://i.ytimg.com/vi/CwEt0Ej1xfE/hqdefault.jpg?sqp=-oaymwEcCNACELwBSFXyq4qpAw4IARUAAIhCGAFwAcABBg==&rs=AOn4CLDFLVaAKDkjYJJXkmgdE6cKsMQtHA,El Dios de los Autos,external-reference,embed_link_and_summarize_only
zMPTnkK8a0Y,https://www.youtube.com/watch?v=zMPTnkK8a0Y,5 AUTOS QUE SALVARON A SUS MARCAS DE LA QUIEBRA,626.0,,videos,https://i.ytimg.com/vi/zMPTnkK8a0Y/hqdefault.jpg?sqp=-oaymwEcCNACELwBSFXyq4qpAw4IARUAAIhCGAFwAcABBg==&rs=AOn4CLCSz2NAtMVwEKx1z6j4IFEd8FiRPQ,El Dios de los Autos,external-reference,embed_link_and_summarize_only
WiZDyn2D6Wg,https://www.youtube.com/watch?v=WiZDyn2D6Wg,¡ESTE AUTO ACABA DE CREAR NUEVO FUTURO!,625.0,,videos,https://i.ytimg.com/vi/WiZDyn2D6Wg/hqdefault.jpg?sqp=-oaymwEcCNACELwBSFXyq4qpAw4IARUAAIhCGAFwAcABBg==&rs=AOn4CLAq7Rbnw-O3vQMtMI4fT23IlRR5tg,El Dios de los Autos,external-reference,embed_link_and_summarize_only
MF_-KkQKJ-s,https://www.youtube.com/watch?v=MF_-KkQKJ-s,EL SECRETO QUE NISSAN NO QUIERE QUE SEPAS,737.0,,videos,https://i.ytimg.com/vi/MF_-KkQKJ-s/hqdefault.jpg?sqp=-oaymwE2CNACELwBSFXyq4qpAygIARUAAIhCGAFwAcABBvABAfgB_gmAAtAFigIMCAAQARhlIGEoWzAP&rs=AOn4CLA-TW7AixcDPNodrm7dvANn42THLA,El Dios de los Autos,external-reference,embed_link_and_summarize_only
OE2DFxxMw3A,https://www.youtube.com/watch?v=OE2DFxxMw3A,¿Por qué CHEVROLET NO QUIERE Luchar Con FORD?,913.0,,videos,https://i.ytimg.com/vi/OE2DFxxMw3A/hqdefault.jpg?sqp=-oaymwE2CNACELwBSFXyq4qpAygIARUAAIhCGAFwAcABBvABAfgB_gmAAtAFigIMCAAQARhXIFkoZTAP&rs=AOn4CLCXsNSD6ffBV1hUpPMBRrvwlWIreA,El Dios de los Autos,external-reference,embed_link_and_summarize_only
z0Swp5-NgzI,https://www.youtube.com/watch?v=z0Swp5-NgzI,¡HYUNDAI ESCUCHAME! EXIJO UNO DE ESTOS.,1022.0,,videos,https://i.ytimg.com/vi/z0Swp5-NgzI/hqdefault.jpg?sqp=-oaymwEcCNACELwBSFXyq4qpAw4IARUAAIhCGAFwAcABBg==&rs=AOn4CLACBrAfCQ8h7jebQvOIBBV4chnqng,El Dios de los Autos,external-reference,embed_link_and_summarize_only
5HXWU_AQS0o,https://www.youtube.com/watch?v=5HXWU_AQS0o,NADIE dice esto del TYPE R 2023 Así que YO LO HARE,729.0,,videos,https://i.ytimg.com/vi/5HXWU_AQS0o/hqdefault.jpg?sqp=-oaymwEcCNACELwBSFXyq4qpAw4IARUAAIhCGAFwAcABBg==&rs=AOn4CLDzCLhRX9nt485jiiKTpiSA8GlQOQ,El Dios de los Autos,external-reference,embed_link_and_summarize_only
k0tH9vD7Si0,https://www.youtube.com/watch?v=k0tH9vD7Si0,¡DE REGRESO A CASA!,988.0,,videos,https://i.ytimg.com/vi/k0tH9vD7Si0/hqdefault.jpg?sqp=-oaymwEcCNACELwBSFXyq4qpAw4IARUAAIhCGAFwAcABBg==&rs=AOn4CLDX0LNDaab3qc2-kAMeMKGMoSviTg,El Dios de los Autos,external-reference,embed_link_and_summarize_only
cXMo0i8UlyA,https://www.youtube.com/watch?v=cXMo0i8UlyA,¿QUE IDIOTA COMPRA UN MAZDA 3?,703.0,,videos,https://i.ytimg.com/vi/cXMo0i8UlyA/hqdefault.jpg?sqp=-oaymwEcCNACELwBSFXyq4qpAw4IARUAAIhCGAFwAcABBg==&rs=AOn4CLCUxk5UC2OnJsxL7ci-UicXKHreNw,El Dios de los Autos,external-reference,embed_link_and_summarize_only
A7iGl5RR-oo,https://www.youtube.com/watch?v=A7iGl5RR-oo,¡AMO ESTE AUTO! Pero NUNCA podré tenerlo...,457.0,,videos,https://i.ytimg.com/vi/A7iGl5RR-oo/hqdefault.jpg?sqp=-oaymwEcCNACELwBSFXyq4qpAw4IARUAAIhCGAFwAcABBg==&rs=AOn4CLC_FnPmNrXWOwposPLquUIjBZaaVQ,El Dios de los Autos,external-reference,embed_link_and_summarize_only
5Ztw3JigstU,https://www.youtube.com/watch?v=5Ztw3JigstU,6 SECRETOS QUE MECANICOS NO QUIEREN QUE SEPAS,495.0,,videos,https://i.ytimg.com/vi/5Ztw3JigstU/hqdefault.jpg?sqp=-oaymwE2CNACELwBSFXyq4qpAygIARUAAIhCGAFwAcABBvABAfgB_gmAAtAFigIMCAAQARhZIFkoWTAP&rs=AOn4CLCzflQ-dt2m0c54ZIl1ZbfNjTlPiQ,El Dios de los Autos,external-reference,embed_link_and_summarize_only
Ybj5DBXL_F0,https://www.youtube.com/watch?v=Ybj5DBXL_F0,¿QUE IDIOTA COMPRA UN TOYOTA COROLLA?,718.0,,videos,https://i.ytimg.com/vi/Ybj5DBXL_F0/hqdefault.jpg?sqp=-oaymwEcCNACELwBSFXyq4qpAw4IARUAAIhCGAFwAcABBg==&rs=AOn4CLCj2dymZEpmONhlBucbL5cveQEGDQ,El Dios de los Autos,external-reference,embed_link_and_summarize_only
nElvQHwJexQ,https://www.youtube.com/watch?v=nElvQHwJexQ,¿CAMBIAR EL TUBO DE ESCAPE VALE LA PENA?,573.0,,videos,https://i.ytimg.com/vi/nElvQHwJexQ/hqdefault.jpg?sqp=-oaymwEcCNACELwBSFXyq4qpAw4IARUAAIhCGAFwAcABBg==&rs=AOn4CLCvmuLf-kFQdVd56yg9MoTzu7GbwQ,El Dios de los Autos,external-reference,embed_link_and_summarize_only
Eh9KGIFKCzE,https://www.youtube.com/watch?v=Eh9KGIFKCzE,PREGUNTA PARA MACHOS: ¿MUSTANG O CHALLENGER?,646.0,,videos,https://i.ytimg.com/vi/Eh9KGIFKCzE/hqdefault.jpg?sqp=-oaymwEcCNACELwBSFXyq4qpAw4IARUAAIhCGAFwAcABBg==&rs=AOn4CLAN8IITm7RPXMcMh_jxIkPGw8TImQ,El Dios de los Autos,external-reference,embed_link_and_summarize_only
9bBsD61axE0,https://www.youtube.com/watch?v=9bBsD61axE0,5 EXOTICOS BARATOS que CUALQUIERA Puede COMPRAR,911.0,,videos,https://i.ytimg.com/vi/9bBsD61axE0/hqdefault.jpg?sqp=-oaymwE2CNACELwBSFXyq4qpAygIARUAAIhCGAFwAcABBvABAfgB_gmAAtAFigIMCAAQARhlIFQoTDAP&rs=AOn4CLCkGZBwALl6uEMEv4GWMkdBrmipRw,El Dios de los Autos,external-reference,embed_link_and_summarize_only
J20VlBSJQK4,https://www.youtube.com/watch?v=J20VlBSJQK4,5 MOTIVOS por los que RAPIDOS Y FURIOSOS es Basura,501.0,,videos,https://i.ytimg.com/vi/J20VlBSJQK4/hqdefault.jpg?sqp=-oaymwEcCNACELwBSFXyq4qpAw4IARUAAIhCGAFwAcABBg==&rs=AOn4CLD7F5b8Rni7PlrFjXdQYCBAVGcpjg,El Dios de los Autos,external-reference,embed_link_and_summarize_only
z7FgeTpQkR0,https://www.youtube.com/watch?v=z7FgeTpQkR0,ERES ESTUPIDO SI NO VENDES TU AUTO YA,890.0,,videos,https://i.ytimg.com/vi/z7FgeTpQkR0/hqdefault.jpg?sqp=-oaymwE2CNACELwBSFXyq4qpAygIARUAAIhCGAFwAcABBvABAfgB_gmAAtAFigIMCAAQARh_ICMoOTAP&rs=AOn4CLCTcuchgqDdDtZ5HSBuL3aC_A8CUg,El Dios de los Autos,external-reference,embed_link_and_summarize_only
ySTTXNih6J0,https://www.youtube.com/watch?v=ySTTXNih6J0,¿QUE P#T@S M@DR3S SIGNIFICA ESTO?,789.0,,videos,https://i.ytimg.com/vi/ySTTXNih6J0/hqdefault.jpg?sqp=-oaymwEcCNACELwBSFXyq4qpAw4IARUAAIhCGAFwAcABBg==&rs=AOn4CLCq5Jjv4uusSyntKC1x4-0-0LKAHg,El Dios de los Autos,external-reference,embed_link_and_summarize_only
6yKYpHqPCKY,https://www.youtube.com/watch?v=6yKYpHqPCKY,¡CONFIRMADO! ¡TOYOTA LO HIZO DE NUEVO!,1032.0,,videos,https://i.ytimg.com/vi/6yKYpHqPCKY/hqdefault.jpg?sqp=-oaymwEcCNACELwBSFXyq4qpAw4IARUAAIhCGAFwAcABBg==&rs=AOn4CLAjRoF9e084clf2BZiOmec7SHXDcw,El Dios de los Autos,external-reference,embed_link_and_summarize_only
pvs2W9RAnTI,https://www.youtube.com/watch?v=pvs2W9RAnTI,COMPRÉ EL PEOR AUTO POSIBLE...,768.0,,videos,https://i.ytimg.com/vi/pvs2W9RAnTI/hqdefault.jpg?sqp=-oaymwEcCNACELwBSFXyq4qpAw4IARUAAIhCGAFwAcABBg==&rs=AOn4CLCwAnpoSDU1npoGfO6vkiZQxA1wIw,El Dios de los Autos,external-reference,embed_link_and_summarize_only
nni0CgFxFts,https://www.youtube.com/watch?v=nni0CgFxFts,¿Porque Dodge TIENE QUE Matar Hellcat YA?,671.0,,videos,https://i.ytimg.com/vi/nni0CgFxFts/hqdefault.jpg?sqp=-oaymwEcCNACELwBSFXyq4qpAw4IARUAAIhCGAFwAcABBg==&rs=AOn4CLC0mtQ7F_q6X0_HocPHuaxDRpP2RA,El Dios de los Autos,external-reference,embed_link_and_summarize_only
ZkOIg2st39Y,https://www.youtube.com/watch?v=ZkOIg2st39Y,EL AUTO ESTUPIDO QUE TODOS QUIEREN,739.0,,videos,https://i.ytimg.com/vi/ZkOIg2st39Y/hqdefault.jpg?sqp=-oaymwEcCNACELwBSFXyq4qpAw4IARUAAIhCGAFwAcABBg==&rs=AOn4CLDTADlowkHN8h1FJUI-Cl-lpw7mhQ,El Dios de los Autos,external-reference,embed_link_and_summarize_only
2KEA0nKM9AU,https://www.youtube.com/watch?v=2KEA0nKM9AU,¡COMPRARÉ el Nuevo MG DEPORTIVO! ¡SOLO 15K DÓLARES!,559.0,,videos,https://i.ytimg.com/vi/2KEA0nKM9AU/hqdefault.jpg?sqp=-oaymwE2CNACELwBSFXyq4qpAygIARUAAIhCGAFwAcABBvABAfgB_gmAAtAFigIMCAAQARh_IDMoOTAP&rs=AOn4CLDJrSQh78EyjqkRBayAA_Wa9M7-MA,El Dios de los Autos,external-reference,embed_link_and_summarize_only
gShe9__F-lQ,https://www.youtube.com/watch?v=gShe9__F-lQ,HYUNDAI LE CERRÓ EL PICO A HAN,666.0,,videos,https://i.ytimg.com/vi/gShe9__F-lQ/hqdefault.jpg?sqp=-oaymwEcCNACELwBSFXyq4qpAw4IARUAAIhCGAFwAcABBg==&rs=AOn4CLCdsf-lZUotxCeRtPayyUj8GmCfMw,El Dios de los Autos,external-reference,embed_link_and_summarize_only
Ldp8J2yx3LY,https://www.youtube.com/watch?v=Ldp8J2yx3LY,5 Mejores Accesorios Para Autos Que Debes Tener En 2022,571.0,,videos,https://i.ytimg.com/vi/Ldp8J2yx3LY/hqdefault.jpg?sqp=-oaymwE2CNACELwBSFXyq4qpAygIARUAAIhCGAFwAcABBvABAfgB_gmAAtAFigIMCAAQARhlIGUoZTAP&rs=AOn4CLAHk2fFziGAvm3E_cNmY3kdMtNsdw,El Dios de los Autos,external-reference,embed_link_and_summarize_only
k65Ab-4gbhw,https://www.youtube.com/watch?v=k65Ab-4gbhw,COMO SOBREVIVIR A LA CRISIS DEL COMBUSTIBLE,1123.0,,videos,https://i.ytimg.com/vi/k65Ab-4gbhw/hqdefault.jpg?sqp=-oaymwEcCNACELwBSFXyq4qpAw4IARUAAIhCGAFwAcABBg==&rs=AOn4CLAPKaUc4-f7-WuxSViIgU2z3J_aFQ,El Dios de los Autos,external-reference,embed_link_and_summarize_only
lKaRMrwIO2I,https://www.youtube.com/watch?v=lKaRMrwIO2I,¡SUCEDIO! TURBINA DE TESLA ANUNCIA ENERGIA ILIMITADA,915.0,,videos,https://i.ytimg.com/vi/lKaRMrwIO2I/hqdefault.jpg?sqp=-oaymwE2CNACELwBSFXyq4qpAygIARUAAIhCGAFwAcABBvABAfgB_gmAAtAFigIMCAAQARhlIE4oPjAP&rs=AOn4CLC5_SRQG_wvbrGdb7QoKJTP525UJw,El Dios de los Autos,external-reference,embed_link_and_summarize_only
IHojhHmvE5M,https://www.youtube.com/watch?v=IHojhHmvE5M,CUIDADO: HONDA SE HA VUELTO LOCO,425.0,,videos,https://i.ytimg.com/vi/IHojhHmvE5M/hqdefault.jpg?sqp=-oaymwEcCNACELwBSFXyq4qpAw4IARUAAIhCGAFwAcABBg==&rs=AOn4CLBG2atz84H9zfG41S-NFbC7FdD_wA,El Dios de los Autos,external-reference,embed_link_and_summarize_only
-hSFe_12F2k,https://www.youtube.com/watch?v=-hSFe_12F2k,5 AUTOS BARATOS PARA LLEVARLAS A LA CAMA,568.0,,videos,https://i.ytimg.com/vi/-hSFe_12F2k/hqdefault.jpg?sqp=-oaymwEcCNACELwBSFXyq4qpAw4IARUAAIhCGAFwAcABBg==&rs=AOn4CLBn3wj1RXPcSMZTJeYtbWU2LneAZA,El Dios de los Autos,external-reference,embed_link_and_summarize_only
QsztTLv67aE,https://www.youtube.com/watch?v=QsztTLv67aE,¡OLVIDA el MUSTANG! Nissan Z NISMO 2023 lo DESTROZA,632.0,,videos,https://i.ytimg.com/vi/QsztTLv67aE/hqdefault.jpg?sqp=-oaymwEcCNACELwBSFXyq4qpAw4IARUAAIhCGAFwAcABBg==&rs=AOn4CLCtlUR1_pz9tPu7OXglpUAx2Hg3xQ,El Dios de los Autos,external-reference,embed_link_and_summarize_only
15oEGVwU5Nc,https://www.youtube.com/watch?v=15oEGVwU5Nc,¡BIENVENIDO NISSAN GT-R... EV?!!,775.0,,videos,https://i.ytimg.com/vi/15oEGVwU5Nc/hqdefault.jpg?sqp=-oaymwEcCNACELwBSFXyq4qpAw4IARUAAIhCGAFwAcABBg==&rs=AOn4CLC57IJU7v4pjJSbhQH7ZDpSqFSHXQ,El Dios de los Autos,external-reference,embed_link_and_summarize_only
8C0YZ5e1eZ8,https://www.youtube.com/watch?v=8C0YZ5e1eZ8,HONDA HR-V 2023: LA VERDAD EN TU CARA,721.0,,videos,https://i.ytimg.com/vi/8C0YZ5e1eZ8/hqdefault.jpg?sqp=-oaymwEcCNACELwBSFXyq4qpAw4IARUAAIhCGAFwAcABBg==&rs=AOn4CLAuKbOLyrgx7hCdnbWkm5UuycbVhA,El Dios de los Autos,external-reference,embed_link_and_summarize_only
GYaVyLQwNe4,https://www.youtube.com/watch?v=GYaVyLQwNe4,¿Porque RED BULL Tiene EQUIPO de FÓRMULA 1?,877.0,,videos,https://i.ytimg.com/vi/GYaVyLQwNe4/hqdefault.jpg?sqp=-oaymwE2CNACELwBSFXyq4qpAygIARUAAIhCGAFwAcABBvABAfgB_gmAAtAFigIMCAAQARhCIGUoYjAP&rs=AOn4CLBd-kzXP41jlNmZwp5HAUAaIEErUg,El Dios de los Autos,external-reference,embed_link_and_summarize_only
SmVTiwpUhN4,https://www.youtube.com/watch?v=SmVTiwpUhN4,7 MOTORES Revolucionarios que CAMBIAN el Futuro AHORA,591.0,,videos,https://i.ytimg.com/vi/SmVTiwpUhN4/hqdefault.jpg?sqp=-oaymwEcCNACELwBSFXyq4qpAw4IARUAAIhCGAFwAcABBg==&rs=AOn4CLAiDoyd4fE6wcBdERCHjAKMpT7PKg,El Dios de los Autos,external-reference,embed_link_and_summarize_only
zqcJNW-n07g,https://www.youtube.com/watch?v=zqcJNW-n07g,¡NUEVOS TOYOTA CELICA Y MAZDA RX-7 2024!,1195.0,,videos,https://i.ytimg.com/vi/zqcJNW-n07g/hqdefault.jpg?sqp=-oaymwEcCNACELwBSFXyq4qpAw4IARUAAIhCGAFwAcABBg==&rs=AOn4CLC7s3hKUPan9US6MfBetGN--9wtsg,El Dios de los Autos,external-reference,embed_link_and_summarize_only
TzxupP7NZ8M,https://www.youtube.com/watch?v=TzxupP7NZ8M,Avances REVOLUCIONARIOS Remecen INDUSTRIA AUTOMOTRIZ,803.0,,videos,https://i.ytimg.com/vi/TzxupP7NZ8M/hqdefault.jpg?sqp=-oaymwE2CNACELwBSFXyq4qpAygIARUAAIhCGAFwAcABBvABAfgB_gmAAtAFigIMCAAQARhlIFIoPzAP&rs=AOn4CLDY8BcP2FHtTmi9_JoNtcftbLNGvw,El Dios de los Autos,external-reference,embed_link_and_summarize_only
KNrsmAV_sAo,https://www.youtube.com/watch?v=KNrsmAV_sAo,LA CRUDA VERDAD DEL KIA RIO BASICO (El más vendido),1144.0,,videos,https://i.ytimg.com/vi/KNrsmAV_sAo/hqdefault.jpg?sqp=-oaymwEcCNACELwBSFXyq4qpAw4IARUAAIhCGAFwAcABBg==&rs=AOn4CLBjcmOq3jHU0uJmBtZ1I1Rr-K7NgQ,El Dios de los Autos,external-reference,embed_link_and_summarize_only
IEiIzHak4S0,https://www.youtube.com/watch?v=IEiIzHak4S0,5 Deportivos CALIDAD PRECIO que CUALQUIER Puede COMPRAR,610.0,,videos,https://i.ytimg.com/vi/IEiIzHak4S0/hqdefault.jpg?sqp=-oaymwEcCNACELwBSFXyq4qpAw4IARUAAIhCGAFwAcABBg==&rs=AOn4CLCVq6u6hkxSD8HqBPxykLrzIywacg,El Dios de los Autos,external-reference,embed_link_and_summarize_only
zFME9kpPRKE,https://www.youtube.com/watch?v=zFME9kpPRKE,¡Llegó la Bomba CHINA para el Proyecto BMW! ¿LO BARATO SALE CARO?,1035.0,,videos,https://i.ytimg.com/vi/zFME9kpPRKE/hqdefault.jpg?sqp=-oaymwEcCNACELwBSFXyq4qpAw4IARUAAIhCGAFwAcABBg==&rs=AOn4CLDo8UoQMur9U_J9jGAz476ZOV3eIw,El Dios de los Autos,external-reference,embed_link_and_summarize_only
kwYEO_UM9Zk,https://www.youtube.com/watch?v=kwYEO_UM9Zk,5 coches Exóticos que Solo SON BODYKITS!,1015.0,,videos,https://i.ytimg.com/vi/kwYEO_UM9Zk/hqdefault.jpg?sqp=-oaymwE2CNACELwBSFXyq4qpAygIARUAAIhCGAFwAcABBvABAfgB_gmAAtAFigIMCAAQARhUIGEoZTAP&rs=AOn4CLBU_BGTwhchbyMg7ee0_3ldxW_IUA,El Dios de los Autos,external-reference,embed_link_and_summarize_only
9Cu_yTmIY_4,https://www.youtube.com/watch?v=9Cu_yTmIY_4,5 Peores PICK UP que Solo Estúpidos Compran,1137.0,,videos,https://i.ytimg.com/vi/9Cu_yTmIY_4/hqdefault.jpg?sqp=-oaymwEcCNACELwBSFXyq4qpAw4IARUAAIhCGAFwAcABBg==&rs=AOn4CLAZEeILRVHe3lJwwIW5GdfsFRUSfw,El Dios de los Autos,external-reference,embed_link_and_summarize_only
PJs75S3wSlk,https://www.youtube.com/watch?v=PJs75S3wSlk,5 Deportivos MUY BARATOS de los que NADIE HABLA,790.0,,videos,https://i.ytimg.com/vi/PJs75S3wSlk/hqdefault.jpg?sqp=-oaymwEcCNACELwBSFXyq4qpAw4IARUAAIhCGAFwAcABBg==&rs=AOn4CLCBGbhLazpkhbQAePJytEJasGBkKA,El Dios de los Autos,external-reference,embed_link_and_summarize_only
-JPkfBVojM4,https://www.youtube.com/watch?v=-JPkfBVojM4,¡Verdadero PLAN De ELON MUSK Sale a La LUZ!,1202.0,,videos,https://i.ytimg.com/vi/-JPkfBVojM4/hqdefault.jpg?sqp=-oaymwEcCNACELwBSFXyq4qpAw4IARUAAIhCGAFwAcABBg==&rs=AOn4CLANelHHbJQpOGfci9A5o2m4Nm_p_g,El Dios de los Autos,external-reference,embed_link_and_summarize_only
mDQpWbitU6g,https://www.youtube.com/watch?v=mDQpWbitU6g,ESTAMOS DESTRUYENDO LA CULTURA AUTOMOTRIZ,1110.0,,videos,https://i.ytimg.com/vi/mDQpWbitU6g/hqdefault.jpg?sqp=-oaymwEcCNACELwBSFXyq4qpAw4IARUAAIhCGAFwAcABBg==&rs=AOn4CLDx9v7N0Y2SHVl8PXS9-W71MCPipw,El Dios de los Autos,external-reference,embed_link_and_summarize_only
8MRskgeCp_o,https://www.youtube.com/watch?v=8MRskgeCp_o,AUDI A6 3.OT Demuestra que sedanes no están Muertos,1265.0,,videos,https://i.ytimg.com/vi/8MRskgeCp_o/hqdefault.jpg?sqp=-oaymwEcCNACELwBSFXyq4qpAw4IARUAAIhCGAFwAcABBg==&rs=AOn4CLDrXmsDW3WfqtQyy9DCc23fm2fePg,El Dios de los Autos,external-reference,embed_link_and_summarize_only
BcxIsqZQIoE,https://www.youtube.com/watch?v=BcxIsqZQIoE,¿Debería Tener MIEDO de Comprarme ESTE AUTO?,390.0,,videos,https://i.ytimg.com/vi/BcxIsqZQIoE/hqdefault.jpg?sqp=-oaymwE2CNACELwBSFXyq4qpAygIARUAAIhCGAFwAcABBvABAfgB_gmAAtAFigIMCAAQARhlIE8oQjAP&rs=AOn4CLDSQDyOJSNQRqPlmqy6oX3xPg6QXA,El Dios de los Autos,external-reference,embed_link_and_summarize_only
5CBrGeEheZA,https://www.youtube.com/watch?v=5CBrGeEheZA,El Supercoche ACCESIBLE que Ferrari NO QUIERE en el Mercado,545.0,,videos,https://i.ytimg.com/vi/5CBrGeEheZA/hqdefault.jpg?sqp=-oaymwE2CNACELwBSFXyq4qpAygIARUAAIhCGAFwAcABBvABAfgB_gmAAtAFigIMCAAQARhlIGUoZTAP&rs=AOn4CLACKkBp1k_-tiWsfJUQq0oIH2xI7w,El Dios de los Autos,external-reference,embed_link_and_summarize_only
NlgTCRnEq54,https://www.youtube.com/watch?v=NlgTCRnEq54,EL MEJOR TUNER DE JAPON FUE ARRESTADO,1758.0,,videos,https://i.ytimg.com/vi/NlgTCRnEq54/hqdefault.jpg?sqp=-oaymwE2CNACELwBSFXyq4qpAygIARUAAIhCGAFwAcABBvABAfgB_gmAAtAFigIMCAAQARhlIFAoRTAP&rs=AOn4CLAYIMoW1o7sR0x9v7fgyPF3rczNpg,El Dios de los Autos,external-reference,embed_link_and_summarize_only
NnktUH2BZv4,https://www.youtube.com/watch?v=NnktUH2BZv4,¿Por qué GASOLINA está Tan CARA? (No Es la Guerra),1852.0,,videos,https://i.ytimg.com/vi/NnktUH2BZv4/hqdefault.jpg?sqp=-oaymwE2CNACELwBSFXyq4qpAygIARUAAIhCGAFwAcABBvABAfgB_gmAAtAFigIMCAAQARhlIFcoSTAP&rs=AOn4CLBp_UsOYFX1v2JoraX-JcpLm4rAkg,El Dios de los Autos,external-reference,embed_link_and_summarize_only
cFbVV8nbFfw,https://www.youtube.com/watch?v=cFbVV8nbFfw,Compré BMW de $12K Solo Para Destruirlo,852.0,,videos,https://i.ytimg.com/vi/cFbVV8nbFfw/hqdefault.jpg?sqp=-oaymwEcCNACELwBSFXyq4qpAw4IARUAAIhCGAFwAcABBg==&rs=AOn4CLCgG4CtKUYXEFzyG2aQxnVKpX9o7A,El Dios de los Autos,external-reference,embed_link_and_summarize_only
wj8hSqN4rXk,https://www.youtube.com/watch?v=wj8hSqN4rXk,¿Por qué las Cajas Manuales Se Están EXTINGUIENDO?,652.0,,videos,https://i.ytimg.com/vi/wj8hSqN4rXk/hqdefault.jpg?sqp=-oaymwE2CNACELwBSFXyq4qpAygIARUAAIhCGAFwAcABBvABAfgB_gmAAtAFigIMCAAQARhVIGIoZTAP&rs=AOn4CLDqHwvzBdxHyGZuNFSwtgjLiBDXqQ,El Dios de los Autos,external-reference,embed_link_and_summarize_only
2AKhqxNfS8Y,https://www.youtube.com/watch?v=2AKhqxNfS8Y,MINI COUNTRYMAN S nos enseña porque Automático es mejor que Manual,1512.0,,videos,https://i.ytimg.com/vi/2AKhqxNfS8Y/hqdefault.jpg?sqp=-oaymwEcCNACELwBSFXyq4qpAw4IARUAAIhCGAFwAcABBg==&rs=AOn4CLBB5b7FaCO9N1PXTeyolAvIud-Dag,El Dios de los Autos,external-reference,embed_link_and_summarize_only
LREvQ3a7g5o,https://www.youtube.com/watch?v=LREvQ3a7g5o,¿Porque los AUTOS Se Han Vuelto TAN FEOS?,913.0,,videos,https://i.ytimg.com/vi/LREvQ3a7g5o/hqdefault.jpg?sqp=-oaymwEcCNACELwBSFXyq4qpAw4IARUAAIhCGAFwAcABBg==&rs=AOn4CLAilGLMup0IwC5KJBYZAONC7EfuIA,El Dios de los Autos,external-reference,embed_link_and_summarize_only
DV3JUCJGYvY,https://www.youtube.com/watch?v=DV3JUCJGYvY,¡El Cybertruck 2022 ESTÁ FINALMENTE aquí!,933.0,,videos,https://i.ytimg.com/vi/DV3JUCJGYvY/hqdefault.jpg?sqp=-oaymwEcCNACELwBSFXyq4qpAw4IARUAAIhCGAFwAcABBg==&rs=AOn4CLDuwwlmuc8fhRkKnm2NmnJdkUScCQ,El Dios de los Autos,external-reference,embed_link_and_summarize_only
OB4oLj-2bp8,https://www.youtube.com/watch?v=OB4oLj-2bp8,¡OCURRIÓ! ¡Elon Musk FINALMENTE revela nueva Gigapress!,1069.0,,videos,https://i.ytimg.com/vi/OB4oLj-2bp8/hqdefault.jpg?sqp=-oaymwE2CNACELwBSFXyq4qpAygIARUAAIhCGAFwAcABBvABAfgB_gmAAtAFigIMCAAQARhlIGUoZTAP&rs=AOn4CLCs1FtOradwALeYxuaHnSmz2IkRHA,El Dios de los Autos,external-reference,embed_link_and_summarize_only
-IdguMeWwa0,https://www.youtube.com/watch?v=-IdguMeWwa0,Neumático de perfil bajo y ancho + neumático alto y delgado: efectos en el rendimiento,614.0,,videos,https://i.ytimg.com/vi/-IdguMeWwa0/hqdefault.jpg?sqp=-oaymwE2CNACELwBSFXyq4qpAygIARUAAIhCGAFwAcABBvABAfgB1AaAAuADigIMCAAQARhlIGUoZTAP&rs=AOn4CLAILpBGvlAl8BpfqHY6MAMI-whccQ,El Dios de los Autos,external-reference,embed_link_and_summarize_only
atjw27ZVoOA,https://www.youtube.com/watch?v=atjw27ZVoOA,Están REGALANDO autos Deportivos por GASOLINA CARA,480.0,,videos,https://i.ytimg.com/vi/atjw27ZVoOA/hqdefault.jpg?sqp=-oaymwE2CNACELwBSFXyq4qpAygIARUAAIhCGAFwAcABBvABAfgB_gmAAtAFigIMCAAQARgYIEEofzAP&rs=AOn4CLAD9FQhCgdzJoURVERZ1S0VTZi4eA,El Dios de los Autos,external-reference,embed_link_and_summarize_only
Zcvv2Un8_oM,https://www.youtube.com/watch?v=Zcvv2Un8_oM,SOLO UN IDIOTA NO COMPRARÍA ESTE AUTO DE LUJO YA!,648.0,,videos,https://i.ytimg.com/vi/Zcvv2Un8_oM/hqdefault.jpg?sqp=-oaymwE2CNACELwBSFXyq4qpAygIARUAAIhCGAFwAcABBvABAfgB_gmAAtAFigIMCAAQARhlIGUoZTAP&rs=AOn4CLDoh0dQB7ZSID9rOkksKtwV4-xrVQ,El Dios de los Autos,external-reference,embed_link_and_summarize_only
2rLbdC1EocA,https://www.youtube.com/watch?v=2rLbdC1EocA,China acaba de crear la BATERÍA que cambiará el MUNDO,870.0,,videos,https://i.ytimg.com/vi/2rLbdC1EocA/hqdefault.jpg?sqp=-oaymwE2CNACELwBSFXyq4qpAygIARUAAIhCGAFwAcABBvABAfgB_gmAAtAFigIMCAAQARhmIGYoZjAP&rs=AOn4CLANeHDHupDlWJBsZNqiQ9B33WAWeg,El Dios de los Autos,external-reference,embed_link_and_summarize_only
qvNK2S_-1GI,https://www.youtube.com/watch?v=qvNK2S_-1GI,¿Porque ROLLS ROYCE es TAN CARO?,940.0,,videos,https://i.ytimg.com/vi/qvNK2S_-1GI/hqdefault.jpg?sqp=-oaymwE2CNACELwBSFXyq4qpAygIARUAAIhCGAFwAcABBvABAfgB_gmAAtAFigIMCAAQARhlIFwoVTAP&rs=AOn4CLCtVnrBGMtD1uovkKuAoDyK1Paexg,El Dios de los Autos,external-reference,embed_link_and_summarize_only
ndefKCoTh18,https://www.youtube.com/watch?v=ndefKCoTh18,La Verdad sobre el HIDROGENO,1216.0,,videos,https://i.ytimg.com/vi/ndefKCoTh18/hqdefault.jpg?sqp=-oaymwEcCNACELwBSFXyq4qpAw4IARUAAIhCGAFwAcABBg==&rs=AOn4CLAfnz8WwkagWAsU8I3Xnhy5YPgNew,El Dios de los Autos,external-reference,embed_link_and_summarize_only
ncgsBLLSrmo,https://www.youtube.com/watch?v=ncgsBLLSrmo,TESLA SEMI: He aquí por qué solo los idiotas lo odian,1110.0,,videos,https://i.ytimg.com/vi/ncgsBLLSrmo/hqdefault.jpg?sqp=-oaymwEcCNACELwBSFXyq4qpAw4IARUAAIhCGAFwAcABBg==&rs=AOn4CLAipvzaGGugLpByjdO-xTH5JvJh2A,El Dios de los Autos,external-reference,embed_link_and_summarize_only
75KqxcEElHU,https://www.youtube.com/watch?v=75KqxcEElHU,¿HONDA CITY 2022 es el MEJOR AUTO BARATO?,649.0,,videos,https://i.ytimg.com/vi/75KqxcEElHU/hqdefault.jpg?sqp=-oaymwE2CNACELwBSFXyq4qpAygIARUAAIhCGAFwAcABBvABAfgB_gmAAtAFigIMCAAQARh_IBMoIjAP&rs=AOn4CLCJxRAiLikgrDG5JSC7MtdcVc3JBQ,El Dios de los Autos,external-reference,embed_link_and_summarize_only
t5W9AnCVe8U,https://www.youtube.com/watch?v=t5W9AnCVe8U,Nuevo Nissan GT-R R36: Lo que REALMENTE necesitas SABER!,959.0,,videos,https://i.ytimg.com/vi/t5W9AnCVe8U/hqdefault.jpg?sqp=-oaymwEcCNACELwBSFXyq4qpAw4IARUAAIhCGAFwAcABBg==&rs=AOn4CLBSS9wvfN5q0kt4pGGbLi7d9JGWtw,El Dios de los Autos,external-reference,embed_link_and_summarize_only
Mhi5F4iFmso,https://www.youtube.com/watch?v=Mhi5F4iFmso,NUEVO Toyota Bz4X GOLPEA DIRECTO a Elon Musk,1045.0,,videos,https://i.ytimg.com/vi/Mhi5F4iFmso/hqdefault.jpg?sqp=-oaymwE2CNACELwBSFXyq4qpAygIARUAAIhCGAFwAcABBvABAfgB_gmAAtAFigIMCAAQARhyIFUoKzAP&rs=AOn4CLC098nEuFVSP2uzH7HQ3p-5lwSLZw,El Dios de los Autos,external-reference,embed_link_and_summarize_only
Yw3JeIcBYl4,https://www.youtube.com/watch?v=Yw3JeIcBYl4,ELON MUSK DESTROZA La Industria AUTOMOTRIZ con NUEVO AUTO,1032.0,,videos,https://i.ytimg.com/vi/Yw3JeIcBYl4/hqdefault.jpg?sqp=-oaymwEcCNACELwBSFXyq4qpAw4IARUAAIhCGAFwAcABBg==&rs=AOn4CLDf_HzRl32qtj6FDXfdG6dE-pSN9A,El Dios de los Autos,external-reference,embed_link_and_summarize_only
KwLrzxovgQI,https://www.youtube.com/watch?v=KwLrzxovgQI,¡TU AUTO FAVORITO ESTÁ POR BAJAR MUCHO DE PRECIO!,965.0,,videos,https://i.ytimg.com/vi/KwLrzxovgQI/hqdefault.jpg?sqp=-oaymwE2CNACELwBSFXyq4qpAygIARUAAIhCGAFwAcABBvABAfgB_gmAAtAFigIMCAAQARh_IBMoKjAP&rs=AOn4CLC3dqFenqHzFMsjZ18jcYg3Pd2wyQ,El Dios de los Autos,external-reference,embed_link_and_summarize_only
5OEfBf51BrM,https://www.youtube.com/watch?v=5OEfBf51BrM,TOYOTA NOQUEA La Industria AUTOMOTRIZ con NUEVO MOTOR,964.0,,videos,https://i.ytimg.com/vi/5OEfBf51BrM/hqdefault.jpg?sqp=-oaymwE2CNACELwBSFXyq4qpAygIARUAAIhCGAFwAcABBvABAfgB_gmAAtAFigIMCAAQARgmIGQocjAP&rs=AOn4CLAmVuDn6N04yjdS113NEBx_bXZ17A,El Dios de los Autos,external-reference,embed_link_and_summarize_only
mb6TkdoGSFw,https://www.youtube.com/watch?v=mb6TkdoGSFw,CHEVROLET ES LA MEJOR MARCA DEL MUNDO,972.0,,videos,https://i.ytimg.com/vi/mb6TkdoGSFw/hqdefault.jpg?sqp=-oaymwEcCNACELwBSFXyq4qpAw4IARUAAIhCGAFwAcABBg==&rs=AOn4CLCiQNb7d47AA0loCI-VRI7mLBS3lA,El Dios de los Autos,external-reference,embed_link_and_summarize_only
oUs3_AxjlFg,https://www.youtube.com/watch?v=oUs3_AxjlFg,EL VERDADERO MOTIVO DE LA COMPRA DE TWITTER,964.0,,videos,https://i.ytimg.com/vi/oUs3_AxjlFg/hqdefault.jpg?sqp=-oaymwEcCNACELwBSFXyq4qpAw4IARUAAIhCGAFwAcABBg==&rs=AOn4CLDSJFzV6Dk2TbjBTO0i5UZlMLXe0Q,El Dios de los Autos,external-reference,embed_link_and_summarize_only
Vx2uO7UpEKo,https://www.youtube.com/watch?v=Vx2uO7UpEKo,6 MODIFICACIONES BASICAS PARA CONVERTIR TU CAMIONETA EN UN 4X4,696.0,,videos,https://i.ytimg.com/vi/Vx2uO7UpEKo/hqdefault.jpg?sqp=-oaymwEcCNACELwBSFXyq4qpAw4IARUAAIhCGAFwAcABBg==&rs=AOn4CLB2q5UGIaDviTxbNDIqn-sLwEFGgw,El Dios de los Autos,external-reference,embed_link_and_summarize_only
HgH7n-dtLvg,https://www.youtube.com/watch?v=HgH7n-dtLvg,FUEGO POR EL ESCAPE ¿COMO SE HACE?,684.0,,videos,https://i.ytimg.com/vi/HgH7n-dtLvg/hqdefault.jpg?sqp=-oaymwEcCNACELwBSFXyq4qpAw4IARUAAIhCGAFwAcABBg==&rs=AOn4CLCXxJdAlFmF6OkUskEyq-PYPvs2hg,El Dios de los Autos,external-reference,embed_link_and_summarize_only
2CSwCdehQHk,https://www.youtube.com/watch?v=2CSwCdehQHk,HAZ ESTO Y TU MOTOR DIESEL DURARA PARA SIEMPRE,636.0,,videos,https://i.ytimg.com/vi/2CSwCdehQHk/hqdefault.jpg?sqp=-oaymwEcCNACELwBSFXyq4qpAw4IARUAAIhCGAFwAcABBg==&rs=AOn4CLDkcGcdBrnaKWnvHtxIMxzWFjRvtA,El Dios de los Autos,external-reference,embed_link_and_summarize_only
4PccLvsHKjo,https://www.youtube.com/watch?v=4PccLvsHKjo,MG GT 2022: LA VERDAD EN TU CARA,729.0,,videos,https://i.ytimg.com/vi/4PccLvsHKjo/hqdefault.jpg?sqp=-oaymwEcCNACELwBSFXyq4qpAw4IARUAAIhCGAFwAcABBg==&rs=AOn4CLC4H1-d72Tb93_Hi479_tB59sXndQ,El Dios de los Autos,external-reference,embed_link_and_summarize_only
i9hA5V6pEyQ,https://www.youtube.com/watch?v=i9hA5V6pEyQ,JAMÁS PENSÉ QUE ESTE DÍA LLEGARÍA,608.0,,videos,https://i.ytimg.com/vi/i9hA5V6pEyQ/hqdefault.jpg?sqp=-oaymwEcCNACELwBSFXyq4qpAw4IARUAAIhCGAFwAcABBg==&rs=AOn4CLD2NRXMkyvyLmGdS-kpsZwFjVxX9Q,El Dios de los Autos,external-reference,embed_link_and_summarize_only
HbOaRVowbxA,https://www.youtube.com/watch?v=HbOaRVowbxA,5 Modificaciones que NO SIRVEN PARA NADA 2022,409.0,,videos,https://i.ytimg.com/vi/HbOaRVowbxA/hqdefault.jpg?sqp=-oaymwEcCNACELwBSFXyq4qpAw4IARUAAIhCGAFwAcABBg==&rs=AOn4CLCR8B0D1SK1Iy10BEavXnbIJmdThA,El Dios de los Autos,external-reference,embed_link_and_summarize_only
lq1Q-gk6tbY,https://www.youtube.com/watch?v=lq1Q-gk6tbY,TOYOTA Cambia TODO con NUEVA CAJA MANUAL,573.0,,videos,https://i.ytimg.com/vi/lq1Q-gk6tbY/hqdefault.jpg?sqp=-oaymwEcCNACELwBSFXyq4qpAw4IARUAAIhCGAFwAcABBg==&rs=AOn4CLC4U2WrxQNO1dawlUwPTQVBxCip0w,El Dios de los Autos,external-reference,embed_link_and_summarize_only
DzGY5-RPqYM,https://www.youtube.com/watch?v=DzGY5-RPqYM,DESTROZANDO DEPORTIVOS DESPUES DEL TUNING,631.0,,videos,https://i.ytimg.com/vi/DzGY5-RPqYM/hqdefault.jpg?sqp=-oaymwEcCNACELwBSFXyq4qpAw4IARUAAIhCGAFwAcABBg==&rs=AOn4CLDN5YX3Jz32bxyRCbMnHyqAQkeomw,El Dios de los Autos,external-reference,embed_link_and_summarize_only
9TuEYOCJGJE,https://www.youtube.com/watch?v=9TuEYOCJGJE,DOWNPIPE a MI AUTO NO SALIO como ESPERABAMOS (ft. TUNER GARAGE),918.0,,videos,https://i.ytimg.com/vi/9TuEYOCJGJE/hqdefault.jpg?sqp=-oaymwEcCNACELwBSFXyq4qpAw4IARUAAIhCGAFwAcABBg==&rs=AOn4CLDAJrO7F65UHiWFEgBBDp1MhruKdg,El Dios de los Autos,external-reference,embed_link_and_summarize_only
lyi93Wz1Spo,https://www.youtube.com/watch?v=lyi93Wz1Spo,GRACIAS POR TODOS ESTOS AÑOS,627.0,,videos,https://i.ytimg.com/vi/lyi93Wz1Spo/hqdefault.jpg?sqp=-oaymwEcCNACELwBSFXyq4qpAw4IARUAAIhCGAFwAcABBg==&rs=AOn4CLCziCFpz4cyf60B2EkNIpasg1UEvQ,El Dios de los Autos,external-reference,embed_link_and_summarize_only
MJtOd4mEHT4,https://www.youtube.com/watch?v=MJtOd4mEHT4,LA VERDAD EN TU CARA: VOLKSWAGEN NIVUS,658.0,,videos,https://i.ytimg.com/vi/MJtOd4mEHT4/hqdefault.jpg?sqp=-oaymwEcCNACELwBSFXyq4qpAw4IARUAAIhCGAFwAcABBg==&rs=AOn4CLB0gpTcPbSlHJQ5Ck-ZbHVJPWWpmw,El Dios de los Autos,external-reference,embed_link_and_summarize_only
8oQ9yO2qFAI,https://www.youtube.com/watch?v=8oQ9yO2qFAI,HONDA NUNCA ENFRENTARÁ A TOYOTA,830.0,,videos,https://i.ytimg.com/vi/8oQ9yO2qFAI/hqdefault.jpg?sqp=-oaymwEcCNACELwBSFXyq4qpAw4IARUAAIhCGAFwAcABBg==&rs=AOn4CLDQhQe_UGD6yyLyHhe06h1uc_CiBQ,El Dios de los Autos,external-reference,embed_link_and_summarize_only
hFky-xKYvL8,https://www.youtube.com/watch?v=hFky-xKYvL8,5 IDIOTECES QUE NO DEBES COMPRAR A TU PRIMER AUTO 2022,434.0,,videos,https://i.ytimg.com/vi/hFky-xKYvL8/hqdefault.jpg?sqp=-oaymwEcCNACELwBSFXyq4qpAw4IARUAAIhCGAFwAcABBg==&rs=AOn4CLCpyw2jkZ5CpUjE_Q6r7SfnVmzGyw,El Dios de los Autos,external-reference,embed_link_and_summarize_only
BsyL5fYZE5o,https://www.youtube.com/watch?v=BsyL5fYZE5o,LA MEJOR HORA PARA ABASTECER GASOLINA,660.0,,videos,https://i.ytimg.com/vi/BsyL5fYZE5o/hqdefault.jpg?sqp=-oaymwEcCNACELwBSFXyq4qpAw4IARUAAIhCGAFwAcABBg==&rs=AOn4CLCoh1OPu1O3FyILA12qH8H64lvgNw,El Dios de los Autos,external-reference,embed_link_and_summarize_only
5zg5lUPb3Wo,https://www.youtube.com/watch?v=5zg5lUPb3Wo,¡ME DAN TREMENDA SORPRESA EN PANAMÁ!,594.0,,videos,https://i.ytimg.com/vi/5zg5lUPb3Wo/hqdefault.jpg?sqp=-oaymwEcCNACELwBSFXyq4qpAw4IARUAAIhCGAFwAcABBg==&rs=AOn4CLDh4rkWyPhxmlPQVYuSj0eyOUPY0w,El Dios de los Autos,external-reference,embed_link_and_summarize_only
bSqOHwsmxd8,https://www.youtube.com/watch?v=bSqOHwsmxd8,"ENFRENTÉ al Toyota GR COROLLA con HONDA Civic Type R, Hyundai Elantra N, Subaru WRX y muchos otros",879.0,,videos,https://i.ytimg.com/vi/bSqOHwsmxd8/hqdefault.jpg?sqp=-oaymwEcCNACELwBSFXyq4qpAw4IARUAAIhCGAFwAcABBg==&rs=AOn4CLD4mQT1EFBPxmletEjgKZqCfIJNfg,El Dios de los Autos,external-reference,embed_link_and_summarize_only
hPQkcP8DBHA,https://www.youtube.com/watch?v=hPQkcP8DBHA,¿Porque TANTA CH#PAD@ DE P1J@ al Toyota COROLLA GR 2022?,956.0,,videos,https://i.ytimg.com/vi/hPQkcP8DBHA/hqdefault.jpg?sqp=-oaymwEcCNACELwBSFXyq4qpAw4IARUAAIhCGAFwAcABBg==&rs=AOn4CLBARQ4wI6n0XogyGnH4xOwrB8Z2RQ,El Dios de los Autos,external-reference,embed_link_and_summarize_only
p9qpy1lXRzI,https://www.youtube.com/watch?v=p9qpy1lXRzI,¡AQUÍ ESTÁ EL TUNING PARA MI BMW! 🤩,645.0,,videos,https://i.ytimg.com/vi/p9qpy1lXRzI/hqdefault.jpg?sqp=-oaymwEcCNACELwBSFXyq4qpAw4IARUAAIhCGAFwAcABBg==&rs=AOn4CLCDoDIOJwHQ6WuXUFR4F26_2OK49A,El Dios de los Autos,external-reference,embed_link_and_summarize_only
-mHIeqIHuE8,https://www.youtube.com/watch?v=-mHIeqIHuE8,LA VERDAD EN TU CARA: TOYOTA RAIZE,544.0,,videos,https://i.ytimg.com/vi/-mHIeqIHuE8/hqdefault.jpg?sqp=-oaymwEcCNACELwBSFXyq4qpAw4IARUAAIhCGAFwAcABBg==&rs=AOn4CLBbp1OS9eKTlKPUNb4jbUJrtPkPtA,El Dios de los Autos,external-reference,embed_link_and_summarize_only
wl0g2gIPDwA,https://www.youtube.com/watch?v=wl0g2gIPDwA,5 Autos lentos que parecen rápidos 2022,383.0,,videos,https://i.ytimg.com/vi/wl0g2gIPDwA/hqdefault.jpg?sqp=-oaymwEcCNACELwBSFXyq4qpAw4IARUAAIhCGAFwAcABBg==&rs=AOn4CLAe0-BlYNEEjQLSAhslc_1UQQAKZg,El Dios de los Autos,external-reference,embed_link_and_summarize_only
Dl_Chq6sV_8,https://www.youtube.com/watch?v=Dl_Chq6sV_8,¡DESTROZAMOS 3 SUBARUS CON UN SUZUKI SWIFT!,782.0,,videos,https://i.ytimg.com/vi/Dl_Chq6sV_8/hqdefault.jpg?sqp=-oaymwEcCNACELwBSFXyq4qpAw4IARUAAIhCGAFwAcABBg==&rs=AOn4CLD9qVVxnqlcxhBlUrthrIOstroC5A,El Dios de los Autos,external-reference,embed_link_and_summarize_only
BmVVGEahnMw,https://www.youtube.com/watch?v=BmVVGEahnMw,ESTE MOTOR DODGE ACABA DE CAMBIAR EL FUTURO,793.0,,videos,https://i.ytimg.com/vi/BmVVGEahnMw/hqdefault.jpg?sqp=-oaymwEcCNACELwBSFXyq4qpAw4IARUAAIhCGAFwAcABBg==&rs=AOn4CLACAGoKl2Z2ksZ3cat25Tn9T_Ih4g,El Dios de los Autos,external-reference,embed_link_and_summarize_only
c1KuixOWAPY,https://www.youtube.com/watch?v=c1KuixOWAPY,TODO A REVISAR AL COMPRAR COCHE NUEVO O USADO EN 2022,1157.0,,videos,https://i.ytimg.com/vi/c1KuixOWAPY/hqdefault.jpg?sqp=-oaymwEcCNACELwBSFXyq4qpAw4IARUAAIhCGAFwAcABBg==&rs=AOn4CLDjbpb5h44hCSb3Rrxl71z4f2koEQ,El Dios de los Autos,external-reference,embed_link_and_summarize_only
-49cg3qbWBk,https://www.youtube.com/watch?v=-49cg3qbWBk,Este es MI ÚLTIMO AUTO A GASOLINA y te explico por qué,1341.0,,videos,https://i.ytimg.com/vi/-49cg3qbWBk/hqdefault.jpg?sqp=-oaymwEcCNACELwBSFXyq4qpAw4IARUAAIhCGAFwAcABBg==&rs=AOn4CLC3ZOysmz1MD_wYl8OH-df87NXc2A,El Dios de los Autos,external-reference,embed_link_and_summarize_only
dvqIy41q4Wg,https://www.youtube.com/watch?v=dvqIy41q4Wg,LO QUE REALMENTE PIENSO DE SALOMUNDO,671.0,,videos,https://i.ytimg.com/vi/dvqIy41q4Wg/hqdefault.jpg?sqp=-oaymwEcCNACELwBSFXyq4qpAw4IARUAAIhCGAFwAcABBg==&rs=AOn4CLCrGAIzwrg31KMqZT_msa3fviQtNA,El Dios de los Autos,external-reference,embed_link_and_summarize_only
AHKWOf5LKKI,https://www.youtube.com/watch?v=AHKWOf5LKKI,¿ACABAN DE CREAR LA CAMIONETA PERFECTA?,1043.0,,videos,https://i.ytimg.com/vi/AHKWOf5LKKI/hqdefault.jpg?sqp=-oaymwEcCNACELwBSFXyq4qpAw4IARUAAIhCGAFwAcABBg==&rs=AOn4CLBcfMilQJiBVPLlBqvHSLyEDuzMiQ,El Dios de los Autos,external-reference,embed_link_and_summarize_only
ZUseThQ1yk4,https://www.youtube.com/watch?v=ZUseThQ1yk4,COMPRAR ESTE TOYOTA ES LA PEOR IDEA,754.0,,videos,https://i.ytimg.com/vi/ZUseThQ1yk4/hqdefault.jpg?sqp=-oaymwEcCNACELwBSFXyq4qpAw4IARUAAIhCGAFwAcABBg==&rs=AOn4CLBwbAoKirxO4Jynd07UVpxvlLnlzg,El Dios de los Autos,external-reference,embed_link_and_summarize_only
gDsDXHsgYx4,https://www.youtube.com/watch?v=gDsDXHsgYx4,¡ESTO PUEDE TERMINAR MAL!,731.0,,videos,https://i.ytimg.com/vi/gDsDXHsgYx4/hqdefault.jpg?sqp=-oaymwEcCNACELwBSFXyq4qpAw4IARUAAIhCGAFwAcABBg==&rs=AOn4CLCbILAW0ZTioeqY6eOKJ0bo24Ezaw,El Dios de los Autos,external-reference,embed_link_and_summarize_only
nBx0TqgHOQE,https://www.youtube.com/watch?v=nBx0TqgHOQE,¿QUE ESTÁ PASANDO? FERRARI PODRÍA DESAPARECER,857.0,,videos,https://i.ytimg.com/vi/nBx0TqgHOQE/hqdefault.jpg?sqp=-oaymwEcCNACELwBSFXyq4qpAw4IARUAAIhCGAFwAcABBg==&rs=AOn4CLCF64tsDN-n0a7v_p2vW7gIuPyy8g,El Dios de los Autos,external-reference,embed_link_and_summarize_only
mCtvXvan89Q,https://www.youtube.com/watch?v=mCtvXvan89Q,MI NUEVO COCHE EXOTICO BARATO Y FAVORITO,731.0,,videos,https://i.ytimg.com/vi/mCtvXvan89Q/hqdefault.jpg?sqp=-oaymwEcCNACELwBSFXyq4qpAw4IARUAAIhCGAFwAcABBg==&rs=AOn4CLAv5pyfSyvGcSjzzsKcF0afkF7JVQ,El Dios de los Autos,external-reference,embed_link_and_summarize_only
f8zn-8kmgQA,https://www.youtube.com/watch?v=f8zn-8kmgQA,POR ESTO ME RÍO DE LOS COCHES ELECTRICOS,687.0,,videos,https://i.ytimg.com/vi/f8zn-8kmgQA/hqdefault.jpg?sqp=-oaymwEcCNACELwBSFXyq4qpAw4IARUAAIhCGAFwAcABBg==&rs=AOn4CLB1exHG0il33pdruFaqa3H6thzhSA,El Dios de los Autos,external-reference,embed_link_and_summarize_only
Tx1Uo4YQjUY,https://www.youtube.com/watch?v=Tx1Uo4YQjUY,NECESITO SU AYUDA CON URGENCIA,1019.0,,videos,https://i.ytimg.com/vi/Tx1Uo4YQjUY/hqdefault.jpg?sqp=-oaymwEcCNACELwBSFXyq4qpAw4IARUAAIhCGAFwAcABBg==&rs=AOn4CLBT-bfGG8U9zY351Uz7cztRr3JJeg,El Dios de los Autos,external-reference,embed_link_and_summarize_only
9R-2O_wE15I,https://www.youtube.com/watch?v=9R-2O_wE15I,ASÍ BAJARÁN PRECIO COCHES USADOS PRONTO,781.0,,videos,https://i.ytimg.com/vi/9R-2O_wE15I/hqdefault.jpg?sqp=-oaymwEcCNACELwBSFXyq4qpAw4IARUAAIhCGAFwAcABBg==&rs=AOn4CLBMsKubTXy8lxcrIiQjeLdMqJRpfQ,El Dios de los Autos,external-reference,embed_link_and_summarize_only
2J_-oJiVYyw,https://www.youtube.com/watch?v=2J_-oJiVYyw,ACABAN DE DESTRUIR UNA LEYENDA...,752.0,,videos,https://i.ytimg.com/vi/2J_-oJiVYyw/hqdefault.jpg?sqp=-oaymwEcCNACELwBSFXyq4qpAw4IARUAAIhCGAFwAcABBg==&rs=AOn4CLDM6J1IOHojdQumJvDudFuO82ArUg,El Dios de los Autos,external-reference,embed_link_and_summarize_only
xly2t6AMrBI,https://www.youtube.com/watch?v=xly2t6AMrBI,¿QUE MOTOR GASTA MENOS COMBUSTIBLE?,571.0,,videos,https://i.ytimg.com/vi/xly2t6AMrBI/hqdefault.jpg?sqp=-oaymwEcCNACELwBSFXyq4qpAw4IARUAAIhCGAFwAcABBg==&rs=AOn4CLDoQmSucAU3wwpTSSOwW8f9xc1ivA,El Dios de los Autos,external-reference,embed_link_and_summarize_only
WNg2kA-caik,https://www.youtube.com/watch?v=WNg2kA-caik,BAJA DE PRECIO CUALQUIER COCHE DE AGENCIA CON ESTE TRUCO,831.0,,videos,https://i.ytimg.com/vi/WNg2kA-caik/hqdefault.jpg?sqp=-oaymwEcCNACELwBSFXyq4qpAw4IARUAAIhCGAFwAcABBg==&rs=AOn4CLBsaGUaQAdyk36DMLBB_fAin1ChQQ,El Dios de los Autos,external-reference,embed_link_and_summarize_only
SIbKokON7hw,https://www.youtube.com/watch?v=SIbKokON7hw,¡LLEVAMOS LA X5 AL DYNO Y ESTO PASÓ! (ft. Tuner Garage),910.0,,videos,https://i.ytimg.com/vi/SIbKokON7hw/hqdefault.jpg?sqp=-oaymwEcCNACELwBSFXyq4qpAw4IARUAAIhCGAFwAcABBg==&rs=AOn4CLBVJcC_mvpoWAQT9pABvVOc3ab9yQ,El Dios de los Autos,external-reference,embed_link_and_summarize_only
zGlKT-ueWOg,https://www.youtube.com/watch?v=zGlKT-ueWOg,PICK UPs Extremas NO EXISTEN y te explico por qué,579.0,,videos,https://i.ytimg.com/vi/zGlKT-ueWOg/hqdefault.jpg?sqp=-oaymwEcCNACELwBSFXyq4qpAw4IARUAAIhCGAFwAcABBg==&rs=AOn4CLASOEWt3XQBH7Cr0Z4OAl2okkuPyw,El Dios de los Autos,external-reference,embed_link_and_summarize_only
8879xCEU01w,https://www.youtube.com/watch?v=8879xCEU01w,¡NO! AHORA SI ARRUINE MI X5,674.0,,videos,https://i.ytimg.com/vi/8879xCEU01w/hqdefault.jpg?sqp=-oaymwEcCNACELwBSFXyq4qpAw4IARUAAIhCGAFwAcABBg==&rs=AOn4CLBWQnHOsYLKLd9VGZD2RGSKrqaQtQ,El Dios de los Autos,external-reference,embed_link_and_summarize_only
0KtthiQAONc,https://www.youtube.com/watch?v=0KtthiQAONc,¡AL FIN! TOYOTA CONFIRMA REGRESO DE LEYENDA,891.0,,videos,https://i.ytimg.com/vi/0KtthiQAONc/hqdefault.jpg?sqp=-oaymwEcCNACELwBSFXyq4qpAw4IARUAAIhCGAFwAcABBg==&rs=AOn4CLAMp1NvDBNLE0Rblf32ner2dTWlJw,El Dios de los Autos,external-reference,embed_link_and_summarize_only
PKzFlogno0M,https://www.youtube.com/watch?v=PKzFlogno0M,"PONIENDO EN SU LUGAR ""INFLUENCERS"" IDIOTAS",588.0,,videos,https://i.ytimg.com/vi/PKzFlogno0M/hqdefault.jpg?sqp=-oaymwEcCNACELwBSFXyq4qpAw4IARUAAIhCGAFwAcABBg==&rs=AOn4CLBuAu9ikiq4wonrMisNPKyO_g3aJQ,El Dios de los Autos,external-reference,embed_link_and_summarize_only
uXrpAhtfGeA,https://www.youtube.com/watch?v=uXrpAhtfGeA,EL VERDADERO MOTIVO DE LA GUERRA POR UCRANIA,803.0,,videos,https://i.ytimg.com/vi/uXrpAhtfGeA/hqdefault.jpg?sqp=-oaymwEcCNACELwBSFXyq4qpAw4IARUAAIhCGAFwAcABBg==&rs=AOn4CLB-5RO2QGV389Yk6RvOkwgTF0Y0pg,El Dios de los Autos,external-reference,embed_link_and_summarize_only
fEJOSLsdE5Y,https://www.youtube.com/watch?v=fEJOSLsdE5Y,LO SIENTO MUCHO POR HYUNDAI.,699.0,,videos,https://i.ytimg.com/vi/fEJOSLsdE5Y/hqdefault.jpg?sqp=-oaymwEcCNACELwBSFXyq4qpAw4IARUAAIhCGAFwAcABBg==&rs=AOn4CLCzRYECWN3K_Gaj-5KBetRiSm5-0A,El Dios de los Autos,external-reference,embed_link_and_summarize_only
16Ah8v2LJXI,https://www.youtube.com/watch?v=16Ah8v2LJXI,ACABO DE CHOCAR MI X5...,900.0,,videos,https://i.ytimg.com/vi/16Ah8v2LJXI/hqdefault.jpg?sqp=-oaymwEcCNACELwBSFXyq4qpAw4IARUAAIhCGAFwAcABBg==&rs=AOn4CLAValNVABMn_8FePagaJUzYYtz8aw,El Dios de los Autos,external-reference,embed_link_and_summarize_only
9nbfoMMBkcY,https://www.youtube.com/watch?v=9nbfoMMBkcY,EX DUEÑO DE AGENCIA EXPLICA COMO PEDIR COCHE DIRECTO DE FABRICA,782.0,,videos,https://i.ytimg.com/vi/9nbfoMMBkcY/hqdefault.jpg?sqp=-oaymwEcCNACELwBSFXyq4qpAw4IARUAAIhCGAFwAcABBg==&rs=AOn4CLDIwpA8tBdBWZqkd2ilE881Ab6a9g,El Dios de los Autos,external-reference,embed_link_and_summarize_only
UwEyeUqT4qU,https://www.youtube.com/watch?v=UwEyeUqT4qU,¿QUE PASÓ CON MI X5? LA VERDAD,1458.0,,videos,https://i.ytimg.com/vi/UwEyeUqT4qU/hqdefault.jpg?sqp=-oaymwEcCNACELwBSFXyq4qpAw4IARUAAIhCGAFwAcABBg==&rs=AOn4CLD-pkQVLDqoX4ofShIlRyasNb7XJA,El Dios de los Autos,external-reference,embed_link_and_summarize_only
gW5fcSjLXRg,https://www.youtube.com/watch?v=gW5fcSjLXRg,ESTA PICK UP ES MI NUEVA FAVORITA,719.0,,videos,https://i.ytimg.com/vi/gW5fcSjLXRg/hqdefault.jpg?sqp=-oaymwEcCNACELwBSFXyq4qpAw4IARUAAIhCGAFwAcABBg==&rs=AOn4CLA_LYondSGtLxDGdMshzaLGI8xNwA,El Dios de los Autos,external-reference,embed_link_and_summarize_only
-NLbWjGrVgk,https://www.youtube.com/watch?v=-NLbWjGrVgk,¿PARECE QUE ME ESTAFARON?,556.0,,videos,https://i.ytimg.com/vi/-NLbWjGrVgk/hqdefault.jpg?sqp=-oaymwEcCNACELwBSFXyq4qpAw4IARUAAIhCGAFwAcABBg==&rs=AOn4CLAwSZYPgxcEx1hKrlqaOSFHHUYiSQ,El Dios de los Autos,external-reference,embed_link_and_summarize_only
K-nk-AgRLGs,https://www.youtube.com/watch?v=K-nk-AgRLGs,COMPRARÉ ESTA CAMIONETA Y TE EXPLICO POR QUÉ,640.0,,videos,https://i.ytimg.com/vi/K-nk-AgRLGs/hqdefault.jpg?sqp=-oaymwEcCNACELwBSFXyq4qpAw4IARUAAIhCGAFwAcABBg==&rs=AOn4CLAgbziXpCZfMrsmdtg5nIoHFeAxlA,El Dios de los Autos,external-reference,embed_link_and_summarize_only
LzMUjdg3crE,https://www.youtube.com/watch?v=LzMUjdg3crE,¿TOYOTA acaba de crear LA MUERTE de ELECTRICOS?,1025.0,,videos,https://i.ytimg.com/vi/LzMUjdg3crE/hqdefault.jpg?sqp=-oaymwEcCNACELwBSFXyq4qpAw4IARUAAIhCGAFwAcABBg==&rs=AOn4CLCiJM0OfFATHKnDKmvGrmh6hHuJyw,El Dios de los Autos,external-reference,embed_link_and_summarize_only
hMzzCiI4puk,https://www.youtube.com/watch?v=hMzzCiI4puk,¡PRIMERAS MODIFICACIONES PARA LA X5!,1003.0,,videos,https://i.ytimg.com/vi/hMzzCiI4puk/hqdefault.jpg?sqp=-oaymwEcCNACELwBSFXyq4qpAw4IARUAAIhCGAFwAcABBg==&rs=AOn4CLBav3UPbrMs7R5cF3j3IOsChlPaVg,El Dios de los Autos,external-reference,embed_link_and_summarize_only
G5u5dxLvTfU,https://www.youtube.com/watch?v=G5u5dxLvTfU,¡BASTA! ¿PORQUE TODOS SIGUEN COMPRANDO ESTE CIVIC?,764.0,,videos,https://i.ytimg.com/vi/G5u5dxLvTfU/hqdefault.jpg?sqp=-oaymwEcCNACELwBSFXyq4qpAw4IARUAAIhCGAFwAcABBg==&rs=AOn4CLAI0brWw5PSyVz_ODNuRc7m_3mZOQ,El Dios de los Autos,external-reference,embed_link_and_summarize_only
QgS2TloHeII,https://www.youtube.com/watch?v=QgS2TloHeII,ESTO ES ESTUPIDO Y ALGUIEN LO TIENE QUE DECIR,807.0,,videos,https://i.ytimg.com/vi/QgS2TloHeII/hqdefault.jpg?sqp=-oaymwEcCNACELwBSFXyq4qpAw4IARUAAIhCGAFwAcABBg==&rs=AOn4CLBdHaHOEfu2lups9wogjOVClHu5ng,El Dios de los Autos,external-reference,embed_link_and_summarize_only
9wzM6GRggPs,https://www.youtube.com/watch?v=9wzM6GRggPs,LLEVANDO LA X5 AL LIMITE A VER SI JALA,943.0,,videos,https://i.ytimg.com/vi/9wzM6GRggPs/hqdefault.jpg?sqp=-oaymwEcCNACELwBSFXyq4qpAw4IARUAAIhCGAFwAcABBg==&rs=AOn4CLC7sEKGoIQdMJ88uxP_B6nwWpGjbg,El Dios de los Autos,external-reference,embed_link_and_summarize_only
1V4iERwSvaw,https://www.youtube.com/watch?v=1V4iERwSvaw,¡LES PRESENTO MI NUEVO COCHE!,907.0,,videos,https://i.ytimg.com/vi/1V4iERwSvaw/hqdefault.jpg?sqp=-oaymwEcCNACELwBSFXyq4qpAw4IARUAAIhCGAFwAcABBg==&rs=AOn4CLBOD8hRzDIxmbULkdr7iOkQbdeXZA,El Dios de los Autos,external-reference,embed_link_and_summarize_only
RU5keu8G3DA,https://www.youtube.com/watch?v=RU5keu8G3DA,NUNCA IMAGINE ESTO PERO ES EXTRAORDINARIO,774.0,,videos,https://i.ytimg.com/vi/RU5keu8G3DA/hqdefault.jpg?sqp=-oaymwEcCNACELwBSFXyq4qpAw4IARUAAIhCGAFwAcABBg==&rs=AOn4CLBmYAmadyIPskKrQqPkjiIObNXwbA,El Dios de los Autos,external-reference,embed_link_and_summarize_only
F-hj8dpMKUU,https://www.youtube.com/watch?v=F-hj8dpMKUU,¡TOYOTA COMPRARÁ HONDA!,861.0,,videos,https://i.ytimg.com/vi/F-hj8dpMKUU/hqdefault.jpg?sqp=-oaymwEcCNACELwBSFXyq4qpAw4IARUAAIhCGAFwAcABBg==&rs=AOn4CLBh58bQDNOv_6Mg3KBP_-DKUMuo2A,El Dios de los Autos,external-reference,embed_link_and_summarize_only
HS1b_xLP-3o,https://www.youtube.com/watch?v=HS1b_xLP-3o,¡NO PUEDO CREER QUE AL FIN INVENTARON ESTO!,710.0,,videos,https://i.ytimg.com/vi/HS1b_xLP-3o/hqdefault.jpg?sqp=-oaymwEcCNACELwBSFXyq4qpAw4IARUAAIhCGAFwAcABBg==&rs=AOn4CLAhJuIYm7wwou2n0PQFmlPr5V7law,El Dios de los Autos,external-reference,embed_link_and_summarize_only
QRPq6t5zbig,https://www.youtube.com/watch?v=QRPq6t5zbig,¿MANUEL RIVERA 11 ES UN PAYASO?,1134.0,,videos,https://i.ytimg.com/vi/QRPq6t5zbig/hqdefault.jpg?sqp=-oaymwEcCNACELwBSFXyq4qpAw4IARUAAIhCGAFwAcABBg==&rs=AOn4CLBg5_1SejK9KbN0zqcCULCFh0kAoA,El Dios de los Autos,external-reference,embed_link_and_summarize_only
Y0lzEQAAICw,https://www.youtube.com/watch?v=Y0lzEQAAICw,COMPRARÉ ESTE COCHE POR PERDER APUESTA,803.0,,videos,https://i.ytimg.com/vi/Y0lzEQAAICw/hqdefault.jpg?sqp=-oaymwEcCNACELwBSFXyq4qpAw4IARUAAIhCGAFwAcABBg==&rs=AOn4CLCLmPVq0IDoyBraxPQjnX1RcJpsWA,El Dios de los Autos,external-reference,embed_link_and_summarize_only
dx1M5ZE9AaM,https://www.youtube.com/watch?v=dx1M5ZE9AaM,MOTOR DE 28 KILOS LO CAMBIA TODO,710.0,,videos,https://i.ytimg.com/vi/dx1M5ZE9AaM/hqdefault.jpg?sqp=-oaymwEcCNACELwBSFXyq4qpAw4IARUAAIhCGAFwAcABBg==&rs=AOn4CLAeV6LL8QUFpm-fZgvoGsUpky6coQ,El Dios de los Autos,external-reference,embed_link_and_summarize_only
gyApQ_qZBxk,https://www.youtube.com/watch?v=gyApQ_qZBxk,CONFIRMADO: FORD MUSTANG 2023 ES EL ÚLTIMO,754.0,,videos,https://i.ytimg.com/vi/gyApQ_qZBxk/hqdefault.jpg?sqp=-oaymwEcCNACELwBSFXyq4qpAw4IARUAAIhCGAFwAcABBg==&rs=AOn4CLAVGG1HPLujzt019JJY6U_P-mq7XQ,El Dios de los Autos,external-reference,embed_link_and_summarize_only
vXiaIa-nqIg,https://www.youtube.com/watch?v=vXiaIa-nqIg,"""NO COMPRES AUTO EN 2022"" FALSO Y LES EXPLICO POR QUÉ",859.0,,videos,https://i.ytimg.com/vi/vXiaIa-nqIg/hqdefault.jpg?sqp=-oaymwEcCNACELwBSFXyq4qpAw4IARUAAIhCGAFwAcABBg==&rs=AOn4CLDMHyzOqrR1ddAYHvdIWPouaqMEEg,El Dios de los Autos,external-reference,embed_link_and_summarize_only
7zErKicUeyA,https://www.youtube.com/watch?v=7zErKicUeyA,LOS AUTOS QUE YO NUNCA COMPRARÍA,818.0,,videos,https://i.ytimg.com/vi/7zErKicUeyA/hqdefault.jpg?sqp=-oaymwEcCNACELwBSFXyq4qpAw4IARUAAIhCGAFwAcABBg==&rs=AOn4CLBs8xnkuzf1_xlVnazkxQKCpfsrLQ,El Dios de los Autos,external-reference,embed_link_and_summarize_only
sZMixiwZTcE,https://www.youtube.com/watch?v=sZMixiwZTcE,ESTA MARCA ME PROHIBIO PUBLICAR ESTO (PERO ME LA S#DA),988.0,,videos,https://i.ytimg.com/vi/sZMixiwZTcE/hqdefault.jpg?sqp=-oaymwEcCNACELwBSFXyq4qpAw4IARUAAIhCGAFwAcABBg==&rs=AOn4CLB84_kzZdmKOgTqSnZVQvf4Hp_0DA,El Dios de los Autos,external-reference,embed_link_and_summarize_only
prDMQ4Zw0oE,https://www.youtube.com/watch?v=prDMQ4Zw0oE,AMARÁS estos autos PERO POR FAVOR NO Los Compres,577.0,,videos,https://i.ytimg.com/vi/prDMQ4Zw0oE/hqdefault.jpg?sqp=-oaymwEcCNACELwBSFXyq4qpAw4IARUAAIhCGAFwAcABBg==&rs=AOn4CLAIilA6aKePrEwi6R64D5-v_UwPTg,El Dios de los Autos,external-reference,embed_link_and_summarize_only
PgXgTADYsEs,https://www.youtube.com/watch?v=PgXgTADYsEs,¿COCHES MODERNOS SON TODOS IGUALES? (no es tan simple),944.0,,videos,https://i.ytimg.com/vi/PgXgTADYsEs/hqdefault.jpg?sqp=-oaymwEcCNACELwBSFXyq4qpAw4IARUAAIhCGAFwAcABBg==&rs=AOn4CLDuNR2tNhJUCwDneLAaZjmFb2bBIw,El Dios de los Autos,external-reference,embed_link_and_summarize_only
YCBK4b-T6qA,https://www.youtube.com/watch?v=YCBK4b-T6qA,¡SELLARON FUTURO DE INDUSTRIA AUTOMOTRIZ!,991.0,,videos,https://i.ytimg.com/vi/YCBK4b-T6qA/hqdefault.jpg?sqp=-oaymwEcCNACELwBSFXyq4qpAw4IARUAAIhCGAFwAcABBg==&rs=AOn4CLDtlFF0hhnVyYu-KZnDSqjHgPvYRw,El Dios de los Autos,external-reference,embed_link_and_summarize_only
A-s4efE9QS8,https://www.youtube.com/watch?v=A-s4efE9QS8,ESTA CAMIONETA ES ESTUPIDA Y TE ENCANTA,892.0,,videos,https://i.ytimg.com/vi/A-s4efE9QS8/hqdefault.jpg?sqp=-oaymwEcCNACELwBSFXyq4qpAw4IARUAAIhCGAFwAcABBg==&rs=AOn4CLCM6pI46CKZ4rNCAHy0zWlpxAjQRA,El Dios de los Autos,external-reference,embed_link_and_summarize_only
2wGXebUIk8Q,https://www.youtube.com/watch?v=2wGXebUIk8Q,EL GARAJE SECRETO DE JASON STATHAM,842.0,,videos,https://i.ytimg.com/vi/2wGXebUIk8Q/hqdefault.jpg?sqp=-oaymwEcCNACELwBSFXyq4qpAw4IARUAAIhCGAFwAcABBg==&rs=AOn4CLCk67_QO3zIun1M6Hil-mA3GMwizA,El Dios de los Autos,external-reference,embed_link_and_summarize_only
F5o1VaB4x4A,https://www.youtube.com/watch?v=F5o1VaB4x4A,NADIE HACE ESTE VIDEO ASÍ QUE YO LO HARÉ,610.0,,videos,https://i.ytimg.com/vi/F5o1VaB4x4A/hqdefault.jpg?sqp=-oaymwEcCNACELwBSFXyq4qpAw4IARUAAIhCGAFwAcABBg==&rs=AOn4CLAiFRWr3FgtlTvLCpQlKsINzTnavQ,El Dios de los Autos,external-reference,embed_link_and_summarize_only
8HHqFCO1dmc,https://www.youtube.com/watch?v=8HHqFCO1dmc,FORD BRONCO RAPTOR 2022 APLASTA A JEEP WRANGLER,711.0,,videos,https://i.ytimg.com/vi/8HHqFCO1dmc/hqdefault.jpg?sqp=-oaymwEcCNACELwBSFXyq4qpAw4IARUAAIhCGAFwAcABBg==&rs=AOn4CLAg2yDE-Mw63ay5d4PSPg5TF3BcQg,El Dios de los Autos,external-reference,embed_link_and_summarize_only
bw8WerFiDAM,https://www.youtube.com/watch?v=bw8WerFiDAM,ESTOY HARTO de Estos ESTAFADORES de M13RD@,964.0,,videos,https://i.ytimg.com/vi/bw8WerFiDAM/hqdefault.jpg?sqp=-oaymwEcCNACELwBSFXyq4qpAw4IARUAAIhCGAFwAcABBg==&rs=AOn4CLDRtlMEFPKaTvZFkYQeRl7DkIDPlw,El Dios de los Autos,external-reference,embed_link_and_summarize_only
r9hIgWMPE9E,https://www.youtube.com/watch?v=r9hIgWMPE9E,¡TEN MIEDO DE NUEVA BASURA POLITICA DE INDUSTRÍA AUTOMOTRIZ!,717.0,,videos,https://i.ytimg.com/vi/r9hIgWMPE9E/hqdefault.jpg?sqp=-oaymwEcCNACELwBSFXyq4qpAw4IARUAAIhCGAFwAcABBg==&rs=AOn4CLCeCDLUrfjDvnRw6ljOSkNGA-FBsw,El Dios de los Autos,external-reference,embed_link_and_summarize_only
b08F3fA9ITg,https://www.youtube.com/watch?v=b08F3fA9ITg,ME ODIARÁN POR ESTO PERO IGUAL LO DIRÉ,701.0,,videos,https://i.ytimg.com/vi/b08F3fA9ITg/hqdefault.jpg?sqp=-oaymwEcCNACELwBSFXyq4qpAw4IARUAAIhCGAFwAcABBg==&rs=AOn4CLC18WUr2n6gU5flMVP1pn6L7EegDg,El Dios de los Autos,external-reference,embed_link_and_summarize_only
d2G5WOx6fqs,https://www.youtube.com/watch?v=d2G5WOx6fqs,¡ESE LOCO HIJO DEL DEMONIO LO LOGRÓ!,540.0,,videos,https://i.ytimg.com/vi/d2G5WOx6fqs/hqdefault.jpg?sqp=-oaymwEcCNACELwBSFXyq4qpAw4IARUAAIhCGAFwAcABBg==&rs=AOn4CLCN-XAgH5kL8P44KydhxrgBs6qJDQ,El Dios de los Autos,external-reference,embed_link_and_summarize_only
kUdXknx8mwI,https://www.youtube.com/watch?v=kUdXknx8mwI,NO PUEDO CREER LO QUE ACABA DE PASAR,482.0,,videos,https://i.ytimg.com/vi/kUdXknx8mwI/hqdefault.jpg?sqp=-oaymwEcCNACELwBSFXyq4qpAw4IARUAAIhCGAFwAcABBg==&rs=AOn4CLBI5fKZ-RL4-BgDrmdPu2la-YbLHQ,El Dios de los Autos,external-reference,embed_link_and_summarize_only
2zAth2sAYvA,https://www.youtube.com/watch?v=2zAth2sAYvA,FORD ES LA MEJOR MARCA DEL MUNDO,887.0,,videos,https://i.ytimg.com/vi/2zAth2sAYvA/hqdefault.jpg?sqp=-oaymwEcCNACELwBSFXyq4qpAw4IARUAAIhCGAFwAcABBg==&rs=AOn4CLDip-784d31ZuCy8Sw6tP_oV9kUrA,El Dios de los Autos,external-reference,embed_link_and_summarize_only
BpNCTJTXhyU,https://www.youtube.com/watch?v=BpNCTJTXhyU,TOYOTA ACABA DE ARMARSE HASTA LOS DIENTES,694.0,,videos,https://i.ytimg.com/vi/BpNCTJTXhyU/hqdefault.jpg?sqp=-oaymwEcCNACELwBSFXyq4qpAw4IARUAAIhCGAFwAcABBg==&rs=AOn4CLCJiSgtLIaEyB2t9Tuisd_sx6RNpg,El Dios de los Autos,external-reference,embed_link_and_summarize_only
gONOivpAxKQ,https://www.youtube.com/watch?v=gONOivpAxKQ,DESCUBRÍ Por qué AUTOS BARATOS SIEMPRE son FEOS,735.0,,videos,https://i.ytimg.com/vi/gONOivpAxKQ/hqdefault.jpg?sqp=-oaymwEcCNACELwBSFXyq4qpAw4IARUAAIhCGAFwAcABBg==&rs=AOn4CLDQ05QkIF3r1zFQ_mykyoaEyJyVDw,El Dios de los Autos,external-reference,embed_link_and_summarize_only
Kmxc9cKU5fQ,https://www.youtube.com/watch?v=Kmxc9cKU5fQ,ASÍ HAN DESTROZADO MI KIA SORENTO EN PERÚ,461.0,,videos,https://i.ytimg.com/vi/Kmxc9cKU5fQ/hqdefault.jpg?sqp=-oaymwEcCNACELwBSFXyq4qpAw4IARUAAIhCGAFwAcABBg==&rs=AOn4CLD4E99aVKgxvPquBFIeRjANnfW4hA,El Dios de los Autos,external-reference,embed_link_and_summarize_only
UuYRuRDCHuY,https://www.youtube.com/watch?v=UuYRuRDCHuY,TENGO C0V1D Y SOLO QUIERO PEDIRLES ALGO,418.0,,videos,https://i.ytimg.com/vi/UuYRuRDCHuY/hqdefault.jpg?sqp=-oaymwEcCNACELwBSFXyq4qpAw4IARUAAIhCGAFwAcABBg==&rs=AOn4CLCB4qOR7QZkNvyn3G42rWFYPB4CSg,El Dios de los Autos,external-reference,embed_link_and_summarize_only
ACIO2DcKbg4,https://www.youtube.com/watch?v=ACIO2DcKbg4,NADIE QUIERE HACER ESTE VIDEO ASÍ QUE YO LO HARÉ,737.0,,videos,https://i.ytimg.com/vi/ACIO2DcKbg4/hqdefault.jpg?sqp=-oaymwEcCNACELwBSFXyq4qpAw4IARUAAIhCGAFwAcABBg==&rs=AOn4CLBeAkaUiFzCftGmKg4yZ0sGfPVt_g,El Dios de los Autos,external-reference,embed_link_and_summarize_only
0WHlxjYEqhY,https://www.youtube.com/watch?v=0WHlxjYEqhY,TODOS AMAN ESTA PICK UP Y ESTÁN EQUIVOCADOS,424.0,,videos,https://i.ytimg.com/vi/0WHlxjYEqhY/hqdefault.jpg?sqp=-oaymwEcCNACELwBSFXyq4qpAw4IARUAAIhCGAFwAcABBg==&rs=AOn4CLBf_v2aJE9CPKfAQ2d7mgT-ebyLUw,El Dios de los Autos,external-reference,embed_link_and_summarize_only
aFiQmDEUivM,https://www.youtube.com/watch?v=aFiQmDEUivM,¿Me ENDEUDO Para COMPRAR ESTE AUDI R8?,950.0,,videos,https://i.ytimg.com/vi/aFiQmDEUivM/hqdefault.jpg?sqp=-oaymwEcCNACELwBSFXyq4qpAw4IARUAAIhCGAFwAcABBg==&rs=AOn4CLAXMETummA-mc3Zt4uPyMlojI5nKQ,El Dios de los Autos,external-reference,embed_link_and_summarize_only
fbJd8-I8h04,https://www.youtube.com/watch?v=fbJd8-I8h04,¡10 Autos MÁS ESPERADOS del 2022!,881.0,,videos,https://i.ytimg.com/vi/fbJd8-I8h04/hqdefault.jpg?sqp=-oaymwEcCNACELwBSFXyq4qpAw4IARUAAIhCGAFwAcABBg==&rs=AOn4CLD5TzAJIM8iak56tTwKjXxF2NvAXg,El Dios de los Autos,external-reference,embed_link_and_summarize_only
NfIBBZt1boI,https://www.youtube.com/watch?v=NfIBBZt1boI,¡AYUDA! NO PUEDO COMPRAR NINGÚN AUTO EN PANAMÁ,840.0,,videos,https://i.ytimg.com/vi/NfIBBZt1boI/hqdefault.jpg?sqp=-oaymwEcCNACELwBSFXyq4qpAw4IARUAAIhCGAFwAcABBg==&rs=AOn4CLATsPZ4t3i8gRg5520EY4iEmfqhnQ,El Dios de los Autos,external-reference,embed_link_and_summarize_only
ZlcEkxfcG0c,https://www.youtube.com/watch?v=ZlcEkxfcG0c,REWIND CANALES DE AUTOS 2021 - El Dios de los autos,653.0,,videos,https://i.ytimg.com/vi/ZlcEkxfcG0c/hqdefault.jpg?sqp=-oaymwEcCNACELwBSFXyq4qpAw4IARUAAIhCGAFwAcABBg==&rs=AOn4CLACebC7IxHt0Tii4W_YfOAHdgIJVg,El Dios de los Autos,external-reference,embed_link_and_summarize_only
_6afcSRLokQ,https://www.youtube.com/watch?v=_6afcSRLokQ,¡7 PEORES AUTOS DEL 2021!,997.0,,videos,https://i.ytimg.com/vi/_6afcSRLokQ/hqdefault.jpg?sqp=-oaymwEcCNACELwBSFXyq4qpAw4IARUAAIhCGAFwAcABBg==&rs=AOn4CLBPgx3TOQ_ktC9gkg18vyG3_ONgXQ,El Dios de los Autos,external-reference,embed_link_and_summarize_only
BKCVeUss5W8,https://www.youtube.com/watch?v=BKCVeUss5W8,¡7 MEJORES AUTOS DEL 2021!,867.0,,videos,https://i.ytimg.com/vi/BKCVeUss5W8/hqdefault.jpg?sqp=-oaymwEcCNACELwBSFXyq4qpAw4IARUAAIhCGAFwAcABBg==&rs=AOn4CLBptvIWlNAqktd7HDJaJLzqxzKYTw,El Dios de los Autos,external-reference,embed_link_and_summarize_only
qQJNVAIwmf0,https://www.youtube.com/watch?v=qQJNVAIwmf0,MEJORES CANALES DE AUTOS DEL 2021 - PREMIOS CREADORES DIOS DE LOS AUTOS,1108.0,,videos,https://i.ytimg.com/vi/qQJNVAIwmf0/hqdefault.jpg?sqp=-oaymwEcCNACELwBSFXyq4qpAw4IARUAAIhCGAFwAcABBg==&rs=AOn4CLBQyKw18BSxBhcZrBRtOMKBVuH0Wg,El Dios de los Autos,external-reference,embed_link_and_summarize_only
cW8GXcyzJlY,https://www.youtube.com/watch?v=cW8GXcyzJlY,NO PUEDO NI QUIERO CREER ESTO,678.0,,videos,https://i.ytimg.com/vi/cW8GXcyzJlY/hqdefault.jpg?sqp=-oaymwEcCNACELwBSFXyq4qpAw4IARUAAIhCGAFwAcABBg==&rs=AOn4CLDrnzIHlw2j6cc5aLbO0cYg7EJQBg,El Dios de los Autos,external-reference,embed_link_and_summarize_only
CAmxzRTvm_Y,https://www.youtube.com/watch?v=CAmxzRTvm_Y,¿QUE DEPORTIVO ME VOY A COMPRAR? (FT. TUNER GARAGE),943.0,,videos,https://i.ytimg.com/vi/CAmxzRTvm_Y/hqdefault.jpg?sqp=-oaymwEcCNACELwBSFXyq4qpAw4IARUAAIhCGAFwAcABBg==&rs=AOn4CLCSWvqQvs_S3xc6hIdhsVVOAJrFWQ,El Dios de los Autos,external-reference,embed_link_and_summarize_only
f6uGWXOa9hI,https://www.youtube.com/watch?v=f6uGWXOa9hI,LATINOS SIEMPRE Compran AUTOS MALOS,772.0,,videos,https://i.ytimg.com/vi/f6uGWXOa9hI/hqdefault.jpg?sqp=-oaymwEcCNACELwBSFXyq4qpAw4IARUAAIhCGAFwAcABBg==&rs=AOn4CLBltNdZF2ZkIs791PVbkBpaJBq2Aw,El Dios de los Autos,external-reference,embed_link_and_summarize_only
AIj7t-uFghc,https://www.youtube.com/watch?v=AIj7t-uFghc,HYUNDAI ACABA DE COMETER EL PEOR ERROR DE SU HISTORIA,811.0,,videos,https://i.ytimg.com/vi/AIj7t-uFghc/hqdefault.jpg?sqp=-oaymwEcCNACELwBSFXyq4qpAw4IARUAAIhCGAFwAcABBg==&rs=AOn4CLBmTW_D-XjYfgso6a4VRWs7SEJpvw,El Dios de los Autos,external-reference,embed_link_and_summarize_only
ltDrNZ_oSDs,https://www.youtube.com/watch?v=ltDrNZ_oSDs,OFICIAL: MUSTANG GT500 KR 2022 HUMILLA A TODOS,500.0,,videos,https://i.ytimg.com/vi/ltDrNZ_oSDs/hqdefault.jpg?sqp=-oaymwEcCNACELwBSFXyq4qpAw4IARUAAIhCGAFwAcABBg==&rs=AOn4CLBp3wuohhem90qqd3advZ-cwOQN1w,El Dios de los Autos,external-reference,embed_link_and_summarize_only
Lhbc2kgdsMI,https://www.youtube.com/watch?v=Lhbc2kgdsMI,5 PAISES MÁS BARATOS PARA COMPRAR UN AUTO NUEVO,362.0,,videos,https://i.ytimg.com/vi/Lhbc2kgdsMI/hqdefault.jpg?sqp=-oaymwEcCNACELwBSFXyq4qpAw4IARUAAIhCGAFwAcABBg==&rs=AOn4CLB8w7axQs7HXK9N36g0jCZy90iPMg,El Dios de los Autos,external-reference,embed_link_and_summarize_only
uAu6zVvztAI,https://www.youtube.com/watch?v=uAu6zVvztAI,ALGUIEN TIENE QUE PONER EN SU LUGAR A MITSUBISHI,596.0,,videos,https://i.ytimg.com/vi/uAu6zVvztAI/hqdefault.jpg?sqp=-oaymwEcCNACELwBSFXyq4qpAw4IARUAAIhCGAFwAcABBg==&rs=AOn4CLAQGTF0yTvusJIaz26Ur8I0Pi2ItA,El Dios de los Autos,external-reference,embed_link_and_summarize_only
YgW5aoSVvqk,https://www.youtube.com/watch?v=YgW5aoSVvqk,MI PRIMERA VEZ CON UN LAMBORGHINI HURACAN,961.0,,videos,https://i.ytimg.com/vi/YgW5aoSVvqk/hqdefault.jpg?sqp=-oaymwEcCNACELwBSFXyq4qpAw4IARUAAIhCGAFwAcABBg==&rs=AOn4CLCGs2pSHOBulBx09s6pL86EIPkBBQ,El Dios de los Autos,external-reference,embed_link_and_summarize_only
DYolK6ZEVDY,https://www.youtube.com/watch?v=DYolK6ZEVDY,NUNCA LE CREAS ESTO A UN VENDEDOR DE AUTOS,569.0,,videos,https://i.ytimg.com/vi/DYolK6ZEVDY/hqdefault.jpg?sqp=-oaymwEcCNACELwBSFXyq4qpAw4IARUAAIhCGAFwAcABBg==&rs=AOn4CLCwQTWQsOgTcQIdum1NbckmQBrhdQ,El Dios de los Autos,external-reference,embed_link_and_summarize_only
LG6Mh-io7M0,https://www.youtube.com/watch?v=LG6Mh-io7M0,¿TOYOTA SE ESTÁ DERRUMBANDO?,742.0,,videos,https://i.ytimg.com/vi/LG6Mh-io7M0/hqdefault.jpg?sqp=-oaymwEcCNACELwBSFXyq4qpAw4IARUAAIhCGAFwAcABBg==&rs=AOn4CLBNI67Skm6P0DypF5_4_ar2lZD0Og,El Dios de los Autos,external-reference,embed_link_and_summarize_only
DEUALEcwlJA,https://www.youtube.com/watch?v=DEUALEcwlJA,A ROMA GALLARDO LE HICIERON UN FAVOR Y TE EXPLICO POR QUÉ,673.0,,videos,https://i.ytimg.com/vi/DEUALEcwlJA/hqdefault.jpg?sqp=-oaymwEcCNACELwBSFXyq4qpAw4IARUAAIhCGAFwAcABBg==&rs=AOn4CLA7_2ScbAluKChS6t9QJVQ6fmwlPQ,El Dios de los Autos,external-reference,embed_link_and_summarize_only
hNUP5UJdRTE,https://www.youtube.com/watch?v=hNUP5UJdRTE,¡AL FIN! EL REGRESO QUE TODOS ESPERABAMOS,584.0,,videos,https://i.ytimg.com/vi/hNUP5UJdRTE/hqdefault.jpg?sqp=-oaymwEcCNACELwBSFXyq4qpAw4IARUAAIhCGAFwAcABBg==&rs=AOn4CLDrVaFWfulyDDr4bTvS5GA2pbgJ7A,El Dios de los Autos,external-reference,embed_link_and_summarize_only
1ful-UFrQ1s,https://www.youtube.com/watch?v=1ful-UFrQ1s,¿DEBERÍA COMPRAR ESTA FORD RAPTOR?,1163.0,,videos,https://i.ytimg.com/vi/1ful-UFrQ1s/hqdefault.jpg?sqp=-oaymwEcCNACELwBSFXyq4qpAw4IARUAAIhCGAFwAcABBg==&rs=AOn4CLDDIL6Xyxj3aF5fTD2NMQL3-deC_Q,El Dios de los Autos,external-reference,embed_link_and_summarize_only
4ZvCkatAK60,https://www.youtube.com/watch?v=4ZvCkatAK60,ACABAN DE MATAR EL FUTURO DE LOS AUTOS ELECTRICOS,446.0,,videos,https://i.ytimg.com/vi/4ZvCkatAK60/hqdefault.jpg?sqp=-oaymwEcCNACELwBSFXyq4qpAw4IARUAAIhCGAFwAcABBg==&rs=AOn4CLC6HaRUNnr0CUm_A9h3FOgdotvTrw,El Dios de los Autos,external-reference,embed_link_and_summarize_only
boVvajgVsEE,https://www.youtube.com/watch?v=boVvajgVsEE,ACABAN DE HACER LA PEOR JUGADA DE LA HISTORIA AUTOMOTRIZ,593.0,,videos,https://i.ytimg.com/vi/boVvajgVsEE/hqdefault.jpg?sqp=-oaymwEcCNACELwBSFXyq4qpAw4IARUAAIhCGAFwAcABBg==&rs=AOn4CLCAUmuDGjAmZi-7rVJ9hXhvOy5u6Q,El Dios de los Autos,external-reference,embed_link_and_summarize_only
H6_kes342Qk,https://www.youtube.com/watch?v=H6_kes342Qk,NO LES VA A GUSTAR PERO ES INEVITABLE,665.0,,videos,https://i.ytimg.com/vi/H6_kes342Qk/hqdefault.jpg?sqp=-oaymwEcCNACELwBSFXyq4qpAw4IARUAAIhCGAFwAcABBg==&rs=AOn4CLDD_011tTwMwLrr6KDfT5BNACucPA,El Dios de los Autos,external-reference,embed_link_and_summarize_only
9sFtpceKzGE,https://www.youtube.com/watch?v=9sFtpceKzGE,¡BIENVENIDOS A MI NUEVO HOGAR!,828.0,,videos,https://i.ytimg.com/vi/9sFtpceKzGE/hqdefault.jpg?sqp=-oaymwEcCNACELwBSFXyq4qpAw4IARUAAIhCGAFwAcABBg==&rs=AOn4CLDRjNCyPiYxf72hKAfcWdkiDUkfjw,El Dios de los Autos,external-reference,embed_link_and_summarize_only
WtrYCdHbUSs,https://www.youtube.com/watch?v=WtrYCdHbUSs,MAÑANA ME VOY DE PERÚ 🇵🇪❌,800.0,,videos,https://i.ytimg.com/vi/WtrYCdHbUSs/hqdefault.jpg?sqp=-oaymwEcCNACELwBSFXyq4qpAw4IARUAAIhCGAFwAcABBg==&rs=AOn4CLDpLG1ngz3NqSSE6bbkdbv3_rKV0A,El Dios de los Autos,external-reference,embed_link_and_summarize_only
AXxxmnOz0vU,https://www.youtube.com/watch?v=AXxxmnOz0vU,DODGE SE RETRACTA Y ESTA ES MI RESPUESTA,988.0,,videos,https://i.ytimg.com/vi/AXxxmnOz0vU/hqdefault.jpg?sqp=-oaymwEcCNACELwBSFXyq4qpAw4IARUAAIhCGAFwAcABBg==&rs=AOn4CLCMWLdzGrXmW1XLVPbYDCRz075qfw,El Dios de los Autos,external-reference,embed_link_and_summarize_only
PnA0wEc-nvs,https://www.youtube.com/watch?v=PnA0wEc-nvs,¡QUIERO UN CHEVROLET ONIX RS 2022!,523.0,,videos,https://i.ytimg.com/vi/PnA0wEc-nvs/hqdefault.jpg?sqp=-oaymwEcCNACELwBSFXyq4qpAw4IARUAAIhCGAFwAcABBg==&rs=AOn4CLAUyclQIxr3SR-0eyLkzCQDvMdXFQ,El Dios de los Autos,external-reference,embed_link_and_summarize_only
seGERVg_Tos,https://www.youtube.com/watch?v=seGERVg_Tos,¿EL AUTO PERFECTO EXISTE? AHORA SI,610.0,,videos,https://i.ytimg.com/vi/seGERVg_Tos/hqdefault.jpg?sqp=-oaymwEcCNACELwBSFXyq4qpAw4IARUAAIhCGAFwAcABBg==&rs=AOn4CLBkJVk-9Y_K3ZRHSm7XTSLgnbgt1g,El Dios de los Autos,external-reference,embed_link_and_summarize_only
tRBO6314anY,https://www.youtube.com/watch?v=tRBO6314anY,E FUELS CAMBIAN EL MUNDO Y ELECTRICOS TIEMBLAN,600.0,,videos,https://i.ytimg.com/vi/tRBO6314anY/hqdefault.jpg?sqp=-oaymwEcCNACELwBSFXyq4qpAw4IARUAAIhCGAFwAcABBg==&rs=AOn4CLD23mO222LIjKft78ITY43O7emA9A,El Dios de los Autos,external-reference,embed_link_and_summarize_only
HKAyUtunr8o,https://www.youtube.com/watch?v=HKAyUtunr8o,EL MEJOR DE RAPIDOS Y FURIOSOS y te explico por qué,1887.0,,videos,https://i.ytimg.com/vi/HKAyUtunr8o/hqdefault.jpg?sqp=-oaymwEcCNACELwBSFXyq4qpAw4IARUAAIhCGAFwAcABBg==&rs=AOn4CLDvh9hxkk3EoyyeMjjZa2ZVQpNTTg,El Dios de los Autos,external-reference,embed_link_and_summarize_only
qTF_cr4FCMs,https://www.youtube.com/watch?v=qTF_cr4FCMs,LA VERDAD EN TU CARA: MAZDA CX50,650.0,,videos,https://i.ytimg.com/vi/qTF_cr4FCMs/hqdefault.jpg?sqp=-oaymwEcCNACELwBSFXyq4qpAw4IARUAAIhCGAFwAcABBg==&rs=AOn4CLCCsoQxAKDfCHSSuDyU4dcqBwrQmQ,El Dios de los Autos,external-reference,embed_link_and_summarize_only
6a6JUmaa4OY,https://www.youtube.com/watch?v=6a6JUmaa4OY,TUVE QUE VENDER TODOS MIS AUTOS,958.0,,videos,https://i.ytimg.com/vi/6a6JUmaa4OY/hqdefault.jpg?sqp=-oaymwEcCNACELwBSFXyq4qpAw4IARUAAIhCGAFwAcABBg==&rs=AOn4CLCfUnSu6MyrEyO92lkK7-tv9AbnYA,El Dios de los Autos,external-reference,embed_link_and_summarize_only
DYaN6mC8D8U,https://www.youtube.com/watch?v=DYaN6mC8D8U,AL FIN AQUÍ ¡CUMPLIENDO MI SUEÑO!,936.0,,videos,https://i.ytimg.com/vi/DYaN6mC8D8U/hqdefault.jpg?sqp=-oaymwEcCNACELwBSFXyq4qpAw4IARUAAIhCGAFwAcABBg==&rs=AOn4CLDKAg8Zdw64sJnu0_qDTK_x2tGgfA,El Dios de los Autos,external-reference,embed_link_and_summarize_only
EPd43Z2P7sU,https://www.youtube.com/watch?v=EPd43Z2P7sU,NUNCA ESTUVE TAN TRISTE... ADIOS,1021.0,,videos,https://i.ytimg.com/vi/EPd43Z2P7sU/hqdefault.jpg?sqp=-oaymwEcCNACELwBSFXyq4qpAw4IARUAAIhCGAFwAcABBg==&rs=AOn4CLB_94Cd8Gps0TR359B-gwXrmoi_Og,El Dios de los Autos,external-reference,embed_link_and_summarize_only
eUiDc5z24Iw,https://www.youtube.com/watch?v=eUiDc5z24Iw,5 AUTOS INCREÍBLES QUE NADIE COMPRÓ,837.0,,videos,https://i.ytimg.com/vi/eUiDc5z24Iw/hqdefault.jpg?sqp=-oaymwEcCNACELwBSFXyq4qpAw4IARUAAIhCGAFwAcABBg==&rs=AOn4CLCgev-QUL9ZuxJclmiwH8u1Oqi3Ig,El Dios de los Autos,external-reference,embed_link_and_summarize_only
uq5zz0Iqd9s,https://www.youtube.com/watch?v=uq5zz0Iqd9s,FERRARI SEDAN ES EL MÁS BARATO (MUY BARATO),748.0,,videos,https://i.ytimg.com/vi/uq5zz0Iqd9s/hqdefault.jpg?sqp=-oaymwEcCNACELwBSFXyq4qpAw4IARUAAIhCGAFwAcABBg==&rs=AOn4CLC6ZPhGiUvhRvfnBGJh2Fc3EBwtIw,El Dios de los Autos,external-reference,embed_link_and_summarize_only
6fVO7zFK8hI,https://www.youtube.com/watch?v=6fVO7zFK8hI,¿PORQUE AUTOS PREMIUM JAPONESES NO PUEDEN CON ALEMANES?,570.0,,videos,https://i.ytimg.com/vi/6fVO7zFK8hI/hqdefault.jpg?sqp=-oaymwEcCNACELwBSFXyq4qpAw4IARUAAIhCGAFwAcABBg==&rs=AOn4CLALSB-35BAHQHeuduNZ5UMuzi7xrg,El Dios de los Autos,external-reference,embed_link_and_summarize_only
pZJwvB6ZhR0,https://www.youtube.com/watch?v=pZJwvB6ZhR0,¡VOLVIO LA LEYENDA! ACURA INTEGRA 2022,878.0,,videos,https://i.ytimg.com/vi/pZJwvB6ZhR0/hqdefault.jpg?sqp=-oaymwEcCNACELwBSFXyq4qpAw4IARUAAIhCGAFwAcABBg==&rs=AOn4CLDutAPYlsd0HZIb8Wi8xZbKhNMJxA,El Dios de los Autos,external-reference,embed_link_and_summarize_only
Gz6IwFd9b7E,https://www.youtube.com/watch?v=Gz6IwFd9b7E,5 AUTOS LEYENDA ARRUINADOS POR SUS MARCAS,801.0,,videos,https://i.ytimg.com/vi/Gz6IwFd9b7E/hqdefault.jpg?sqp=-oaymwEcCNACELwBSFXyq4qpAw4IARUAAIhCGAFwAcABBg==&rs=AOn4CLB_IodJH7BYBBFLuGOlpQyr-LBKgA,El Dios de los Autos,external-reference,embed_link_and_summarize_only
kxtaFMsuyhw,https://www.youtube.com/watch?v=kxtaFMsuyhw,LA VERDAD EN TU CARA: NISSAN TSURU SENTRA CLASICO B13,703.0,,videos,https://i.ytimg.com/vi/kxtaFMsuyhw/hqdefault.jpg?sqp=-oaymwEcCNACELwBSFXyq4qpAw4IARUAAIhCGAFwAcABBg==&rs=AOn4CLCvtG4lDY0lEB5lYRMqO71mMeIh_g,El Dios de los Autos,external-reference,embed_link_and_summarize_only
0C_uUYQ5f0I,https://www.youtube.com/watch?v=0C_uUYQ5f0I,DIABLOS... AHORA NO PODRÉ VIVIR SIN ESTO,699.0,,videos,https://i.ytimg.com/vi/0C_uUYQ5f0I/hqdefault.jpg?sqp=-oaymwEcCNACELwBSFXyq4qpAw4IARUAAIhCGAFwAcABBg==&rs=AOn4CLCtojTy9m4gSe9HZflNSSxFpS3LrA,El Dios de los Autos,external-reference,embed_link_and_summarize_only
4JG-dRLva84,https://www.youtube.com/watch?v=4JG-dRLva84,5 VERSIONES ABSURDAMENTE CARAS DE AUTOS NORMALES,711.0,,videos,https://i.ytimg.com/vi/4JG-dRLva84/hqdefault.jpg?sqp=-oaymwEcCNACELwBSFXyq4qpAw4IARUAAIhCGAFwAcABBg==&rs=AOn4CLCiAM_TPA8wXv-ozJvNr1gz-AjSoQ,El Dios de los Autos,external-reference,embed_link_and_summarize_only
r4jjLrlzhog,https://www.youtube.com/watch?v=r4jjLrlzhog,¿PORQUE LOS AUTOS DE SEGUNDA ESTÁN TAN CAROS?,864.0,,videos,https://i.ytimg.com/vi/r4jjLrlzhog/hqdefault.jpg?sqp=-oaymwEcCNACELwBSFXyq4qpAw4IARUAAIhCGAFwAcABBg==&rs=AOn4CLBFwiEyo82FpkwWOiWtCauiawNdug,El Dios de los Autos,external-reference,embed_link_and_summarize_only
eC_3MVFAPDg,https://www.youtube.com/watch?v=eC_3MVFAPDg,7 FORMAS MUY BARATAS PARA QUE TU AUTO SUENE MEJOR,718.0,,videos,https://i.ytimg.com/vi/eC_3MVFAPDg/hqdefault.jpg?sqp=-oaymwEcCNACELwBSFXyq4qpAw4IARUAAIhCGAFwAcABBg==&rs=AOn4CLAnsaNXqCVIP8rK0Htzl5JMwsLPBA,El Dios de los Autos,external-reference,embed_link_and_summarize_only
oQDnQjDUbTM,https://www.youtube.com/watch?v=oQDnQjDUbTM,MARCA DE AUTOS LEGENDARIA CERRARÁ PARA SIEMPRE,722.0,,videos,https://i.ytimg.com/vi/oQDnQjDUbTM/hqdefault.jpg?sqp=-oaymwEcCNACELwBSFXyq4qpAw4IARUAAIhCGAFwAcABBg==&rs=AOn4CLC_fsjlSfkIT2-damTSxaqdrktFpA,El Dios de los Autos,external-reference,embed_link_and_summarize_only
-kfyN_F9FVc,https://www.youtube.com/watch?v=-kfyN_F9FVc,ACABAN DE CREAR EL AUTO DE MIS SUEÑOS,1754.0,,videos,https://i.ytimg.com/vi/-kfyN_F9FVc/hqdefault.jpg?sqp=-oaymwEcCNACELwBSFXyq4qpAw4IARUAAIhCGAFwAcABBg==&rs=AOn4CLBr0kTzJCEluk023qZ7FmZyu_ATQA,El Dios de los Autos,external-reference,embed_link_and_summarize_only
plcx-n0rhzM,https://www.youtube.com/watch?v=plcx-n0rhzM,"HACIENDO ESTO TU MOTOR DURARÁ 650,000 KM",537.0,,videos,https://i.ytimg.com/vi/plcx-n0rhzM/hqdefault.jpg?sqp=-oaymwEcCNACELwBSFXyq4qpAw4IARUAAIhCGAFwAcABBg==&rs=AOn4CLDlT5tQt7svEKLuCiVIobVfDb7tOQ,El Dios de los Autos,external-reference,embed_link_and_summarize_only
uQmH612bUdU,https://www.youtube.com/watch?v=uQmH612bUdU,5 MEJORES AUTOS EUROPEOS POR MENOS DE 10K DOLARES,913.0,,videos,https://i.ytimg.com/vi/uQmH612bUdU/hqdefault.jpg?sqp=-oaymwEcCNACELwBSFXyq4qpAw4IARUAAIhCGAFwAcABBg==&rs=AOn4CLAQjoAotT_Nm8J8HDTl83uSlvrU7A,El Dios de los Autos,external-reference,embed_link_and_summarize_only
TVx_k7Q83sI,https://www.youtube.com/watch?v=TVx_k7Q83sI,MI RESPUESTA A ESE IMBC1L IGNORANTE,626.0,,videos,https://i.ytimg.com/vi/TVx_k7Q83sI/hqdefault.jpg?sqp=-oaymwEcCNACELwBSFXyq4qpAw4IARUAAIhCGAFwAcABBg==&rs=AOn4CLAPttB2ZFZbfDZIG8d_mO2XK5trkw,El Dios de los Autos,external-reference,embed_link_and_summarize_only
p6bkH_7f6oE,https://www.youtube.com/watch?v=p6bkH_7f6oE,ESTE NISSAN ERA BASURA HASTA QUE...,530.0,,videos,https://i.ytimg.com/vi/p6bkH_7f6oE/hqdefault.jpg?sqp=-oaymwEcCNACELwBSFXyq4qpAw4IARUAAIhCGAFwAcABBg==&rs=AOn4CLD0h0VbfMkwXDbv06SDRioE87M8Kw,El Dios de los Autos,external-reference,embed_link_and_summarize_only
QxRMkTDdde4,https://www.youtube.com/watch?v=QxRMkTDdde4,TODOS LOS AUTOS DE TRANSFORMERS 7 RISE OF THE BEASTS EXPLICADOS,695.0,,videos,https://i.ytimg.com/vi/QxRMkTDdde4/hqdefault.jpg?sqp=-oaymwEcCNACELwBSFXyq4qpAw4IARUAAIhCGAFwAcABBg==&rs=AOn4CLDgnkfDvBQD9AT2yuPweS77yj2vaw,El Dios de los Autos,external-reference,embed_link_and_summarize_only
AsAGkIfZrUk,https://www.youtube.com/watch?v=AsAGkIfZrUk,SIMPLEMENTE DODGE.,519.0,,videos,https://i.ytimg.com/vi/AsAGkIfZrUk/hqdefault.jpg?sqp=-oaymwEcCNACELwBSFXyq4qpAw4IARUAAIhCGAFwAcABBg==&rs=AOn4CLBAkqjAAN3xUhKeamFHkb_MitLbrA,El Dios de los Autos,external-reference,embed_link_and_summarize_only
mhwIjMubuYs,https://www.youtube.com/watch?v=mhwIjMubuYs,TUVE QUE VENDER MI BMW,443.0,,videos,https://i.ytimg.com/vi/mhwIjMubuYs/hqdefault.jpg?sqp=-oaymwEcCNACELwBSFXyq4qpAw4IARUAAIhCGAFwAcABBg==&rs=AOn4CLAY_-JHhiQTGwSNANWzbNxSlrh8Nw,El Dios de los Autos,external-reference,embed_link_and_summarize_only
cjml59fv1FA,https://www.youtube.com/watch?v=cjml59fv1FA,"LO SIENTO HONDA, ESTA NO TE LA PASO",709.0,,videos,https://i.ytimg.com/vi/cjml59fv1FA/hqdefault.jpg?sqp=-oaymwEcCNACELwBSFXyq4qpAw4IARUAAIhCGAFwAcABBg==&rs=AOn4CLDG0qn6BjdTeCoix2f8EvRp0b4c9g,El Dios de los Autos,external-reference,embed_link_and_summarize_only
awUxVqbyhCk,https://www.youtube.com/watch?v=awUxVqbyhCk,KIA ES LA MEJOR MARCA DEL MUNDO,1360.0,,videos,https://i.ytimg.com/vi/awUxVqbyhCk/hqdefault.jpg?sqp=-oaymwEcCNACELwBSFXyq4qpAw4IARUAAIhCGAFwAcABBg==&rs=AOn4CLDkHX6KtXBayPNpqjnR_SCBy7dXtg,El Dios de los Autos,external-reference,embed_link_and_summarize_only
30ZENIyMeNs,https://www.youtube.com/watch?v=30ZENIyMeNs,AHORA SERÉ HERMOSO,667.0,,videos,https://i.ytimg.com/vi/30ZENIyMeNs/hqdefault.jpg?sqp=-oaymwEcCNACELwBSFXyq4qpAw4IARUAAIhCGAFwAcABBg==&rs=AOn4CLA8irBSWNq8F5rUMkoxMS4MbMyLRg,El Dios de los Autos,external-reference,embed_link_and_summarize_only
a2N9vJYzFZc,https://www.youtube.com/watch?v=a2N9vJYzFZc,"TESLA MODEL 2: EL TERROR DE COROLLA, JETTA Y MAZDA 3",678.0,,videos,https://i.ytimg.com/vi/a2N9vJYzFZc/hqdefault.jpg?sqp=-oaymwEcCNACELwBSFXyq4qpAw4IARUAAIhCGAFwAcABBg==&rs=AOn4CLAQFJzv_hVvDOIw_40vjRqY4sXaIA,El Dios de los Autos,external-reference,embed_link_and_summarize_only
F_omc7RD4go,https://www.youtube.com/watch?v=F_omc7RD4go,5 SEDANES QUE TODOS QUISIMOS Y NUNCA TUVIMOS,575.0,,videos,https://i.ytimg.com/vi/F_omc7RD4go/hqdefault.jpg?sqp=-oaymwEcCNACELwBSFXyq4qpAw4IARUAAIhCGAFwAcABBg==&rs=AOn4CLCvkSu6XuiE9FT4CT3dQGewiK3gJg,El Dios de los Autos,external-reference,embed_link_and_summarize_only
G-h-HLHuN60,https://www.youtube.com/watch?v=G-h-HLHuN60,¿QUE TAN MALO ES COMPRAR UN AUTO PREMIUM ANTIGUO? (MI EXPERIENCIA),665.0,,videos,https://i.ytimg.com/vi/G-h-HLHuN60/hqdefault.jpg?sqp=-oaymwEcCNACELwBSFXyq4qpAw4IARUAAIhCGAFwAcABBg==&rs=AOn4CLDcdaSv9VCn_wS9uNuHVrQLTUZFSw,El Dios de los Autos,external-reference,embed_link_and_summarize_only
XjhWRCsT8j8,https://www.youtube.com/watch?v=XjhWRCsT8j8,¿PORQUE YA NO HAY AUTOS PARA CLASE MEDIA?,601.0,,videos,https://i.ytimg.com/vi/XjhWRCsT8j8/hqdefault.jpg?sqp=-oaymwEcCNACELwBSFXyq4qpAw4IARUAAIhCGAFwAcABBg==&rs=AOn4CLC5w7xYN6IRmOY3j4re1YcJg8fpqA,El Dios de los Autos,external-reference,embed_link_and_summarize_only
4POmVAKQzC0,https://www.youtube.com/watch?v=4POmVAKQzC0,LA PICK UP QUE YO COMPRARÍA HOY MISMO,1021.0,,videos,https://i.ytimg.com/vi/4POmVAKQzC0/hqdefault.jpg?sqp=-oaymwEcCNACELwBSFXyq4qpAw4IARUAAIhCGAFwAcABBg==&rs=AOn4CLDnNf3BaaaOPNRORlIVo4CA5GwhNg,El Dios de los Autos,external-reference,embed_link_and_summarize_only
zHLf3GiOqIU,https://www.youtube.com/watch?v=zHLf3GiOqIU,10 LEYENDAS QUE DEBEN VOLVER O SERÁ MUY TARDE,774.0,,videos,https://i.ytimg.com/vi/zHLf3GiOqIU/hqdefault.jpg?sqp=-oaymwEcCNACELwBSFXyq4qpAw4IARUAAIhCGAFwAcABBg==&rs=AOn4CLAyk-iT0jsoOPpQRF6VEwEaJYub-g,El Dios de los Autos,external-reference,embed_link_and_summarize_only
qnwabLHn9bA,https://www.youtube.com/watch?v=qnwabLHn9bA,CONFIRMADO: EL MÁS GRANDE MONSTRUO HA NACIDO,478.0,,videos,https://i.ytimg.com/vi/qnwabLHn9bA/hqdefault.jpg?sqp=-oaymwEcCNACELwBSFXyq4qpAw4IARUAAIhCGAFwAcABBg==&rs=AOn4CLDdxJoagC4ro_hUPCPGsqMXvza2eg,El Dios de los Autos,external-reference,embed_link_and_summarize_only
twgc-9_adRo,https://www.youtube.com/watch?v=twgc-9_adRo,"REACCIONANDO A ""EXPERTOS"" EN AUTOS / COCHES",559.0,,videos,https://i.ytimg.com/vi/twgc-9_adRo/hqdefault.jpg?sqp=-oaymwEcCNACELwBSFXyq4qpAw4IARUAAIhCGAFwAcABBg==&rs=AOn4CLBIpUdcFkSWyfuOiv_B_Sy1l4YcNA,El Dios de los Autos,external-reference,embed_link_and_summarize_only
fXqQwgea5Ng,https://www.youtube.com/watch?v=fXqQwgea5Ng,DEJÉMONOS DE HIPOCRESÍA (LE RESPONDO EN LA CARA),812.0,,videos,https://i.ytimg.com/vi/fXqQwgea5Ng/hqdefault.jpg?sqp=-oaymwEcCNACELwBSFXyq4qpAw4IARUAAIhCGAFwAcABBg==&rs=AOn4CLCGO-vGmZibmVIVdfMjiCpoavxsJA,El Dios de los Autos,external-reference,embed_link_and_summarize_only
qeUB1R_FDf8,https://www.youtube.com/watch?v=qeUB1R_FDf8,EL GARAJE SECRETO DE LA ROCA DWAYNE JOHNSON,504.0,,videos,https://i.ytimg.com/vi/qeUB1R_FDf8/hqdefault.jpg?sqp=-oaymwEcCNACELwBSFXyq4qpAw4IARUAAIhCGAFwAcABBg==&rs=AOn4CLBmBY8JOtCv9c1U9tjmfefeLKuC8A,El Dios de los Autos,external-reference,embed_link_and_summarize_only
y6vX5WFMaoQ,https://www.youtube.com/watch?v=y6vX5WFMaoQ,FORD Y DODGE SE UNEN PARA CREAR ESTO,422.0,,videos,https://i.ytimg.com/vi/y6vX5WFMaoQ/hqdefault.jpg?sqp=-oaymwEcCNACELwBSFXyq4qpAw4IARUAAIhCGAFwAcABBg==&rs=AOn4CLCaIb6N9VKRMTgiYgEHiOx3ZprgLQ,El Dios de los Autos,external-reference,embed_link_and_summarize_only
ZKS13IpoAHA,https://www.youtube.com/watch?v=ZKS13IpoAHA,TODO ESTÁ CONSUMADO.,549.0,,videos,https://i.ytimg.com/vi/ZKS13IpoAHA/hqdefault.jpg?sqp=-oaymwEcCNACELwBSFXyq4qpAw4IARUAAIhCGAFwAcABBg==&rs=AOn4CLC_FG7B2N8wLcBVfhugqVky6u9UNA,El Dios de los Autos,external-reference,embed_link_and_summarize_only
Ia0EDyaiKCY,https://www.youtube.com/watch?v=Ia0EDyaiKCY,¿COMPRÉ LA PEOR COSA PARA CAMIONETA QUE TODOS COMPRAN?,596.0,,videos,https://i.ytimg.com/vi/Ia0EDyaiKCY/hqdefault.jpg?sqp=-oaymwEcCNACELwBSFXyq4qpAw4IARUAAIhCGAFwAcABBg==&rs=AOn4CLAU-Y4GBiuKBv8g6AkJKlobPxk5Yg,El Dios de los Autos,external-reference,embed_link_and_summarize_only
qlIW3ShE69w,https://www.youtube.com/watch?v=qlIW3ShE69w,EL SECRETO DEL EXITO DE MAZDA,597.0,,videos,https://i.ytimg.com/vi/qlIW3ShE69w/hqdefault.jpg?sqp=-oaymwEcCNACELwBSFXyq4qpAw4IARUAAIhCGAFwAcABBg==&rs=AOn4CLDrayNdHSbqSiXmVKLvTbOVa3IoLQ,El Dios de los Autos,external-reference,embed_link_and_summarize_only
zSx6nm8VBis,https://www.youtube.com/watch?v=zSx6nm8VBis,¡PAUL WALKER ESTÁ VIVO!,858.0,,videos,https://i.ytimg.com/vi/zSx6nm8VBis/hqdefault.jpg?sqp=-oaymwEcCNACELwBSFXyq4qpAw4IARUAAIhCGAFwAcABBg==&rs=AOn4CLBBK-0-_cRiwzC5oVUe94LVcHBfpA,El Dios de los Autos,external-reference,embed_link_and_summarize_only
KKv90xDcFwk,https://www.youtube.com/watch?v=KKv90xDcFwk,MEJORES AUTOS DEPORTIVOS CALIDAD PRECIO 2021,582.0,,videos,https://i.ytimg.com/vi/KKv90xDcFwk/hqdefault.jpg?sqp=-oaymwEcCNACELwBSFXyq4qpAw4IARUAAIhCGAFwAcABBg==&rs=AOn4CLBfeSSQmG5JFetFFVEw6bu5-aNCYQ,El Dios de los Autos,external-reference,embed_link_and_summarize_only
frzf3-fX4kU,https://www.youtube.com/watch?v=frzf3-fX4kU,BERTH-OH Y FERCHO URQUIZA SON UNOS GENIOS,763.0,,videos,https://i.ytimg.com/vi/frzf3-fX4kU/hqdefault.jpg?sqp=-oaymwEcCNACELwBSFXyq4qpAw4IARUAAIhCGAFwAcABBg==&rs=AOn4CLB_Qrcn_xkaxJr-xjFg91HyT1Yz0g,El Dios de los Autos,external-reference,embed_link_and_summarize_only
jJ9jl2_Zxrk,https://www.youtube.com/watch?v=jJ9jl2_Zxrk,Todas Las Marcas De Coches Que Ya NO EXISTEN,1241.0,,videos,https://i.ytimg.com/vi/jJ9jl2_Zxrk/hqdefault.jpg?sqp=-oaymwEcCNACELwBSFXyq4qpAw4IARUAAIhCGAFwAcABBg==&rs=AOn4CLDKwmu6QsI7MCHgWDB9jqa8Trmy4Q,El Dios de los Autos,external-reference,embed_link_and_summarize_only
4l6TmP3sUBM,https://www.youtube.com/watch?v=4l6TmP3sUBM,¿PORQUE TODOS QUIEREN UNA TOYOTA TUNDRA 2022?,862.0,,videos,https://i.ytimg.com/vi/4l6TmP3sUBM/hqdefault.jpg?sqp=-oaymwEcCNACELwBSFXyq4qpAw4IARUAAIhCGAFwAcABBg==&rs=AOn4CLDSe3nVeZEytota9uWh_9ha7nbAlQ,El Dios de los Autos,external-reference,embed_link_and_summarize_only
nLkhawo795c,https://www.youtube.com/watch?v=nLkhawo795c,TOYOTA YA TIENE EL FUTURO EN SUS MANOS,561.0,,videos,https://i.ytimg.com/vi/nLkhawo795c/hqdefault.jpg?sqp=-oaymwEcCNACELwBSFXyq4qpAw4IARUAAIhCGAFwAcABBg==&rs=AOn4CLA9LtqzHkq-0fcKNl6otaTyF-q2Wg,El Dios de los Autos,external-reference,embed_link_and_summarize_only
bj9SjCJ-HR0,https://www.youtube.com/watch?v=bj9SjCJ-HR0,NUNCA DEBÍ RECOMENDAR ESTE AUTO,955.0,,videos,https://i.ytimg.com/vi/bj9SjCJ-HR0/hqdefault.jpg?sqp=-oaymwEcCNACELwBSFXyq4qpAw4IARUAAIhCGAFwAcABBg==&rs=AOn4CLA-87bvMiJb5cmQGmQCCtwMCBU5-w,El Dios de los Autos,external-reference,embed_link_and_summarize_only
L_Pux7L0xYY,https://www.youtube.com/watch?v=L_Pux7L0xYY,ESTO ES TERRIBLE Y NADIE SE DA CUENTA,554.0,,videos,https://i.ytimg.com/vi/L_Pux7L0xYY/hqdefault.jpg?sqp=-oaymwEcCNACELwBSFXyq4qpAw4IARUAAIhCGAFwAcABBg==&rs=AOn4CLCBGl5-knBfg-wDAHgkcSW7XgE6eQ,El Dios de los Autos,external-reference,embed_link_and_summarize_only
ZYyiR7JkXu0,https://www.youtube.com/watch?v=ZYyiR7JkXu0,¿PODRÉ ARMAR UN PROYECTO CON 800 DÓLARES?,706.0,,videos,https://i.ytimg.com/vi/ZYyiR7JkXu0/hqdefault.jpg?sqp=-oaymwEcCNACELwBSFXyq4qpAw4IARUAAIhCGAFwAcABBg==&rs=AOn4CLCXQ06PYxT83ZrgeMnMlf20f4hLyw,El Dios de los Autos,external-reference,embed_link_and_summarize_only
dfSgSF5fLow,https://www.youtube.com/watch?v=dfSgSF5fLow,UN DÍA TRISTE... PERO GLORIOSO,522.0,,videos,https://i.ytimg.com/vi/dfSgSF5fLow/hqdefault.jpg?sqp=-oaymwEcCNACELwBSFXyq4qpAw4IARUAAIhCGAFwAcABBg==&rs=AOn4CLCnENG9KR5PqCPYjc2hroMoQmGbhQ,El Dios de los Autos,external-reference,embed_link_and_summarize_only
d09gRiTUVrg,https://www.youtube.com/watch?v=d09gRiTUVrg,SOLO CONDUCTORES EXPERTOS CONOCEN ESTOS 4 SECRETOS,634.0,,videos,https://i.ytimg.com/vi/d09gRiTUVrg/hqdefault.jpg?sqp=-oaymwEcCNACELwBSFXyq4qpAw4IARUAAIhCGAFwAcABBg==&rs=AOn4CLDL-rBsq3EkvKp7HN_940t9SSE2dw,El Dios de los Autos,external-reference,embed_link_and_summarize_only
GZaHYXMfAMQ,https://www.youtube.com/watch?v=GZaHYXMfAMQ,4 FUTUROS CLÁSICOS QUE AÚN PUEDES PAGAR,537.0,,videos,https://i.ytimg.com/vi/GZaHYXMfAMQ/hqdefault.jpg?sqp=-oaymwEcCNACELwBSFXyq4qpAw4IARUAAIhCGAFwAcABBg==&rs=AOn4CLDGPltSmaqkltv4vL27OEuyF2wFiw,El Dios de los Autos,external-reference,embed_link_and_summarize_only
RitJ1D9wJjY,https://www.youtube.com/watch?v=RitJ1D9wJjY,¿SERÁ ESTA TU NUEVA PICK UP FAVORITA?,656.0,,videos,https://i.ytimg.com/vi/RitJ1D9wJjY/hqdefault.jpg?sqp=-oaymwEcCNACELwBSFXyq4qpAw4IARUAAIhCGAFwAcABBg==&rs=AOn4CLBGx8CJTE8gydqt0nADsvF_9m2EEg,El Dios de los Autos,external-reference,embed_link_and_summarize_only
UHiGKg2inMQ,https://www.youtube.com/watch?v=UHiGKg2inMQ,¿MANEJO UN AUTO DE P#T0S? ¿COMO SABERLO?,554.0,,videos,https://i.ytimg.com/vi/UHiGKg2inMQ/hqdefault.jpg?sqp=-oaymwEcCNACELwBSFXyq4qpAw4IARUAAIhCGAFwAcABBg==&rs=AOn4CLBOzPS52NsiBnq6DNiTnWO9pyFa5Q,El Dios de los Autos,external-reference,embed_link_and_summarize_only
aihZtxG4470,https://www.youtube.com/watch?v=aihZtxG4470,"SUBARU WRX 2022 ES ""DECEPCIONANTE""",1083.0,,videos,https://i.ytimg.com/vi/aihZtxG4470/hqdefault.jpg?sqp=-oaymwEcCNACELwBSFXyq4qpAw4IARUAAIhCGAFwAcABBg==&rs=AOn4CLA5yTWMOE_KiHw4vn334mLMj2V9kg,El Dios de los Autos,external-reference,embed_link_and_summarize_only
_Gzkihc1OTI,https://www.youtube.com/watch?v=_Gzkihc1OTI,VOY A ACLARAR ESTO POR ÚLTIMA VEZ,378.0,,videos,https://i.ytimg.com/vi/_Gzkihc1OTI/hqdefault.jpg?sqp=-oaymwEcCNACELwBSFXyq4qpAw4IARUAAIhCGAFwAcABBg==&rs=AOn4CLDdm_T6AYp1gkChvb24C0SeI2P5FA,El Dios de los Autos,external-reference,embed_link_and_summarize_only
26WA_SplPGU,https://www.youtube.com/watch?v=26WA_SplPGU,SI SIGUES AHORRANDO EN ESTO TE MATARÁS,521.0,,videos,https://i.ytimg.com/vi/26WA_SplPGU/hqdefault.jpg?sqp=-oaymwEcCNACELwBSFXyq4qpAw4IARUAAIhCGAFwAcABBg==&rs=AOn4CLDM__kmW8O1VoBx3qoOSue306Ogrw,El Dios de los Autos,external-reference,embed_link_and_summarize_only
NecDqbbKONc,https://www.youtube.com/watch?v=NecDqbbKONc,HYUNDAI ACABA DE DESTROZAR A TOYOTA,488.0,,videos,https://i.ytimg.com/vi/NecDqbbKONc/hqdefault.jpg?sqp=-oaymwEcCNACELwBSFXyq4qpAw4IARUAAIhCGAFwAcABBg==&rs=AOn4CLDzPzaeB7zb72hegGM4QoPxgKMWXw,El Dios de los Autos,external-reference,embed_link_and_summarize_only
nVrt-gTVnp0,https://www.youtube.com/watch?v=nVrt-gTVnp0,TIENES QUE CONDUCIR AQUÍ ANTES DE MORIR,776.0,,videos,https://i.ytimg.com/vi/nVrt-gTVnp0/hqdefault.jpg?sqp=-oaymwEcCNACELwBSFXyq4qpAw4IARUAAIhCGAFwAcABBg==&rs=AOn4CLBMRTE7U71_8rbTVzHFEsbpC9BPEQ,El Dios de los Autos,external-reference,embed_link_and_summarize_only
byVJmtRDW4s,https://www.youtube.com/watch?v=byVJmtRDW4s,QUIERO FIBRA DE CARBONO Y TE EXPLICO POR QUÉ,565.0,,videos,https://i.ytimg.com/vi/byVJmtRDW4s/hqdefault.jpg?sqp=-oaymwEcCNACELwBSFXyq4qpAw4IARUAAIhCGAFwAcABBg==&rs=AOn4CLC_yjA-wX2lE1_Ek4sjuFwiZEujow,El Dios de los Autos,external-reference,embed_link_and_summarize_only
mHgXsH2JN1s,https://www.youtube.com/watch?v=mHgXsH2JN1s,TODO sobre IMPORTAR UN AUTO de ESTADOS UNIDOS,649.0,,videos,https://i.ytimg.com/vi/mHgXsH2JN1s/hqdefault.jpg?sqp=-oaymwEcCNACELwBSFXyq4qpAw4IARUAAIhCGAFwAcABBg==&rs=AOn4CLDX_Y8u2PxLwPxrdY9w4CZdSfjjJA,El Dios de los Autos,external-reference,embed_link_and_summarize_only
M5GlyAtqf5k,https://www.youtube.com/watch?v=M5GlyAtqf5k,NISSAN ES LA MEJOR MARCA DEL MUNDO,1220.0,,videos,https://i.ytimg.com/vi/M5GlyAtqf5k/hqdefault.jpg?sqp=-oaymwEcCNACELwBSFXyq4qpAw4IARUAAIhCGAFwAcABBg==&rs=AOn4CLCqeNdHxDwGNsVg86ZqcrvUGfcrgQ,El Dios de los Autos,external-reference,embed_link_and_summarize_only
5q_N4dUOhjo,https://www.youtube.com/watch?v=5q_N4dUOhjo,FORD NOS LO HA QUITADO TODO,601.0,,videos,https://i.ytimg.com/vi/5q_N4dUOhjo/hqdefault.jpg?sqp=-oaymwEcCNACELwBSFXyq4qpAw4IARUAAIhCGAFwAcABBg==&rs=AOn4CLBVQP0nXOILolIk7ohGvYyHXME2iA,El Dios de los Autos,external-reference,embed_link_and_summarize_only
hdRdMn_7FnY,https://www.youtube.com/watch?v=hdRdMn_7FnY,POR ESTO CAMBIAR DE VOLANTE ES PELIGROSO.,749.0,,videos,https://i.ytimg.com/vi/hdRdMn_7FnY/hqdefault.jpg?sqp=-oaymwEcCNACELwBSFXyq4qpAw4IARUAAIhCGAFwAcABBg==&rs=AOn4CLDAwbagvuW50S_OLJ3MeZpZUt8Kcw,El Dios de los Autos,external-reference,embed_link_and_summarize_only
2kiyMcxF8wU,https://www.youtube.com/watch?v=2kiyMcxF8wU,El Auto LEGENDARIO que te apuesto NO CONOCES,691.0,,videos,https://i.ytimg.com/vi/2kiyMcxF8wU/hqdefault.jpg?sqp=-oaymwEcCNACELwBSFXyq4qpAw4IARUAAIhCGAFwAcABBg==&rs=AOn4CLBGuC-zhZ2e_8JLpdnXqzuaYhfSgA,El Dios de los Autos,external-reference,embed_link_and_summarize_only
g8USVB_ca1c,https://www.youtube.com/watch?v=g8USVB_ca1c,Autos MÁS VENDIDOS en CADA PAÍS de AMÉRICA,547.0,,videos,https://i.ytimg.com/vi/g8USVB_ca1c/hqdefault.jpg?sqp=-oaymwEcCNACELwBSFXyq4qpAw4IARUAAIhCGAFwAcABBg==&rs=AOn4CLBXMDj3HlL8fgo3Qq3FKr9riuj9CA,El Dios de los Autos,external-reference,embed_link_and_summarize_only
Fd0nm6KV5-M,https://www.youtube.com/watch?v=Fd0nm6KV5-M,COMPRÉ UNA JEEP CHEROKEE Y ME ESTAFARON,667.0,,videos,https://i.ytimg.com/vi/Fd0nm6KV5-M/hqdefault.jpg?sqp=-oaymwEcCNACELwBSFXyq4qpAw4IARUAAIhCGAFwAcABBg==&rs=AOn4CLBGkb7Ocys-KvzBUfklYNW3aLejoA,El Dios de los Autos,external-reference,embed_link_and_summarize_only
KPeAL8WDOxM,https://www.youtube.com/watch?v=KPeAL8WDOxM,MOTOR DE IMPRESORA 3D ME DEJÓ ESTUPIDO,629.0,,videos,https://i.ytimg.com/vi/KPeAL8WDOxM/hqdefault.jpg?sqp=-oaymwEcCNACELwBSFXyq4qpAw4IARUAAIhCGAFwAcABBg==&rs=AOn4CLCcAXVBr6kz6eM2Fz3ImNwuiY0nNQ,El Dios de los Autos,external-reference,embed_link_and_summarize_only
zIxx2FUSoaQ,https://www.youtube.com/watch?v=zIxx2FUSoaQ,¿NISSAN HA CREADO EL NUEVO MEJOR DEPORTIVO?,526.0,,videos,https://i.ytimg.com/vi/zIxx2FUSoaQ/hqdefault.jpg?sqp=-oaymwEcCNACELwBSFXyq4qpAw4IARUAAIhCGAFwAcABBg==&rs=AOn4CLBFlOfNTsOL4_Hy96J_RLznsmnnoQ,El Dios de los Autos,external-reference,embed_link_and_summarize_only
QeLqKoDWsGM,https://www.youtube.com/watch?v=QeLqKoDWsGM,¿SE SUPONE QUE NO NOS DEMOS CUENTA?,709.0,,videos,https://i.ytimg.com/vi/QeLqKoDWsGM/hqdefault.jpg?sqp=-oaymwEcCNACELwBSFXyq4qpAw4IARUAAIhCGAFwAcABBg==&rs=AOn4CLDO9AmL_NgbnAqdpiAGghZ1A5AJFA,El Dios de los Autos,external-reference,embed_link_and_summarize_only
br9ByQZ-Q2g,https://www.youtube.com/watch?v=br9ByQZ-Q2g,"REACCIONANDO AL ""BUGATTI"" CHINO DE 1400 HP",540.0,,videos,https://i.ytimg.com/vi/br9ByQZ-Q2g/hqdefault.jpg?sqp=-oaymwEcCNACELwBSFXyq4qpAw4IARUAAIhCGAFwAcABBg==&rs=AOn4CLAlCQX8CVWSZbEj8e8l073e2X8geQ,El Dios de los Autos,external-reference,embed_link_and_summarize_only
QMPtegWwWJ0,https://www.youtube.com/watch?v=QMPtegWwWJ0,BUSCANDO AUTOS EN FACEBOOK,1451.0,,videos,https://i.ytimg.com/vi/QMPtegWwWJ0/hqdefault.jpg?sqp=-oaymwEcCNACELwBSFXyq4qpAw4IARUAAIhCGAFwAcABBg==&rs=AOn4CLDqDDjru93BI3kmSNClanice94Jlg,El Dios de los Autos,external-reference,embed_link_and_summarize_only
1v2Me_PP-dM,https://www.youtube.com/watch?v=1v2Me_PP-dM,MIRA ESTE VIDEO SI QUIERES VIVIR,560.0,,videos,https://i.ytimg.com/vi/1v2Me_PP-dM/hqdefault.jpg?sqp=-oaymwEcCNACELwBSFXyq4qpAw4IARUAAIhCGAFwAcABBg==&rs=AOn4CLA_QAZhGNH5CQkAKYSCKGwpXQADZA,El Dios de los Autos,external-reference,embed_link_and_summarize_only
FhcjkXMb3XY,https://www.youtube.com/watch?v=FhcjkXMb3XY,ESTO ES UNA PORQUERÍA.,704.0,,videos,https://i.ytimg.com/vi/FhcjkXMb3XY/hqdefault.jpg?sqp=-oaymwEcCNACELwBSFXyq4qpAw4IARUAAIhCGAFwAcABBg==&rs=AOn4CLBUFwo-nAo9xHFFhHiqFbte2iQwEA,El Dios de los Autos,external-reference,embed_link_and_summarize_only
t69yykfwtmk,https://www.youtube.com/watch?v=t69yykfwtmk,NISSAN ACABA DE HUMILLAR AL TOYOTA SUPRA,1390.0,,videos,https://i.ytimg.com/vi/t69yykfwtmk/hqdefault.jpg?sqp=-oaymwEcCNACELwBSFXyq4qpAw4IARUAAIhCGAFwAcABBg==&rs=AOn4CLA1D11Y379HBGOMjp2m6QQa7VmRvw,El Dios de los Autos,external-reference,embed_link_and_summarize_only
Rud4VCy7_wY,https://www.youtube.com/watch?v=Rud4VCy7_wY,¡NO LO PUEDO CREER! ADIOS HONDA TYPE R,740.0,,videos,https://i.ytimg.com/vi/Rud4VCy7_wY/hqdefault.jpg?sqp=-oaymwEcCNACELwBSFXyq4qpAw4IARUAAIhCGAFwAcABBg==&rs=AOn4CLCtUUw23FDy_2IDd2h5f99W7r75rw,El Dios de los Autos,external-reference,embed_link_and_summarize_only
Zsrt4ebTHdw,https://www.youtube.com/watch?v=Zsrt4ebTHdw,MOTURBATE CON EL HONDA INTEGRA TYPE R,869.0,,videos,https://i.ytimg.com/vi/Zsrt4ebTHdw/hqdefault.jpg?sqp=-oaymwEcCNACELwBSFXyq4qpAw4IARUAAIhCGAFwAcABBg==&rs=AOn4CLBfYQEm_VQl8BGgwcgEDPHqe09bvg,El Dios de los Autos,external-reference,embed_link_and_summarize_only
ljewcORgpy4,https://www.youtube.com/watch?v=ljewcORgpy4,TE VOY A DAR UN CONSEJO,431.0,,videos,https://i.ytimg.com/vi/ljewcORgpy4/hqdefault.jpg?sqp=-oaymwEcCNACELwBSFXyq4qpAw4IARUAAIhCGAFwAcABBg==&rs=AOn4CLDHFA2w7N8Z_h4ZFGhyJltyWpwLZQ,El Dios de los Autos,external-reference,embed_link_and_summarize_only
d1XikGgXrv8,https://www.youtube.com/watch?v=d1XikGgXrv8,NO ESPERABA ESTO DE HONDA...,641.0,,videos,https://i.ytimg.com/vi/d1XikGgXrv8/hqdefault.jpg?sqp=-oaymwEcCNACELwBSFXyq4qpAw4IARUAAIhCGAFwAcABBg==&rs=AOn4CLA_zo4jYzGtUkFjSOt6VWqzz8EWFA,El Dios de los Autos,external-reference,embed_link_and_summarize_only
3egMNVoIh6w,https://www.youtube.com/watch?v=3egMNVoIh6w,DEVEL SIXTEEN ESTÁ DE VUELTA Y ES REAL.,470.0,,videos,https://i.ytimg.com/vi/3egMNVoIh6w/hqdefault.jpg?sqp=-oaymwEcCNACELwBSFXyq4qpAw4IARUAAIhCGAFwAcABBg==&rs=AOn4CLAyYCRhtC38GF3R7Qg0VUu0K-_Wyg,El Dios de los Autos,external-reference,embed_link_and_summarize_only
fq2mvgTyQNw,https://www.youtube.com/watch?v=fq2mvgTyQNw,LAMBORGHINI ACABA DE HACER LO IMPENSABLE,942.0,,videos,https://i.ytimg.com/vi/fq2mvgTyQNw/hqdefault.jpg?sqp=-oaymwEcCNACELwBSFXyq4qpAw4IARUAAIhCGAFwAcABBg==&rs=AOn4CLAtRlcR--lmtYfkMkHXqKjk0-2tig,El Dios de los Autos,external-reference,embed_link_and_summarize_only
D02OPUMcEvk,https://www.youtube.com/watch?v=D02OPUMcEvk,MAZDA RX-7 REVIVE LOS MOTORES ROTATIVOS,520.0,,videos,https://i.ytimg.com/vi/D02OPUMcEvk/hqdefault.jpg?sqp=-oaymwEcCNACELwBSFXyq4qpAw4IARUAAIhCGAFwAcABBg==&rs=AOn4CLCl6cLTTP9_FG9mK_J92-joOh1ogQ,El Dios de los Autos,external-reference,embed_link_and_summarize_only
kETKYBxPXmg,https://www.youtube.com/watch?v=kETKYBxPXmg,NO CREÍ VIVIR PARA VER ESTO JAMÁS,741.0,,videos,https://i.ytimg.com/vi/kETKYBxPXmg/hqdefault.jpg?sqp=-oaymwEcCNACELwBSFXyq4qpAw4IARUAAIhCGAFwAcABBg==&rs=AOn4CLAofNbqXCGSCAqvunLdQs4KYqlAkw,El Dios de los Autos,external-reference,embed_link_and_summarize_only
4JIn-kNAnqE,https://www.youtube.com/watch?v=4JIn-kNAnqE,LEXUS UC 2022 solo es UN TOYOTA CARO,578.0,,videos,https://i.ytimg.com/vi/4JIn-kNAnqE/hqdefault.jpg?sqp=-oaymwEcCNACELwBSFXyq4qpAw4IARUAAIhCGAFwAcABBg==&rs=AOn4CLAaAr6GjXWY_vAmrUxxQmOhTioJ1A,El Dios de los Autos,external-reference,embed_link_and_summarize_only
pi5YPyXHYC0,https://www.youtube.com/watch?v=pi5YPyXHYC0,¿Porque NO HAY AUTOMOVILISMO en OLIMPIADAS?,553.0,,videos,https://i.ytimg.com/vi/pi5YPyXHYC0/hqdefault.jpg?sqp=-oaymwEcCNACELwBSFXyq4qpAw4IARUAAIhCGAFwAcABBg==&rs=AOn4CLBEQySExQGMFNOpD25fQFeXc49XNQ,El Dios de los Autos,external-reference,embed_link_and_summarize_only
znRBWnv1leU,https://www.youtube.com/watch?v=znRBWnv1leU,SUBARU WRX 2022 NO es lo QUE CREES,672.0,,videos,https://i.ytimg.com/vi/znRBWnv1leU/hqdefault.jpg?sqp=-oaymwEcCNACELwBSFXyq4qpAw4IARUAAIhCGAFwAcABBg==&rs=AOn4CLBRHUYmQXbQFA3UkDKRHWmEUFa6-w,El Dios de los Autos,external-reference,embed_link_and_summarize_only
5ffykPCdfiQ,https://www.youtube.com/watch?v=5ffykPCdfiQ,5 MEJORES OPCIONES DE PRIMER AUTO USADO,860.0,,videos,https://i.ytimg.com/vi/5ffykPCdfiQ/hqdefault.jpg?sqp=-oaymwEcCNACELwBSFXyq4qpAw4IARUAAIhCGAFwAcABBg==&rs=AOn4CLDC-il8hldv-ZXybsOdmSqJOIDGtg,El Dios de los Autos,external-reference,embed_link_and_summarize_only
jRhVn9F4uDQ,https://www.youtube.com/watch?v=jRhVn9F4uDQ,HASTE RICO haciendo TUNING a TU AUTO,600.0,,videos,https://i.ytimg.com/vi/jRhVn9F4uDQ/hqdefault.jpg?sqp=-oaymwEcCNACELwBSFXyq4qpAw4IARUAAIhCGAFwAcABBg==&rs=AOn4CLCGGLed-xr_pHJ_95WXuskDCYqzwg,El Dios de los Autos,external-reference,embed_link_and_summarize_only
SI9MOkU1BUQ,https://www.youtube.com/watch?v=SI9MOkU1BUQ,TOYOTA HACE LO QUE LE VENGA EN GANA (Es intocable),571.0,,videos,https://i.ytimg.com/vi/SI9MOkU1BUQ/hqdefault.jpg?sqp=-oaymwEcCNACELwBSFXyq4qpAw4IARUAAIhCGAFwAcABBg==&rs=AOn4CLA4Mhq4sfX6YVkDlHaDmvzGrMppbw,El Dios de los Autos,external-reference,embed_link_and_summarize_only
pVpn9LBiR04,https://www.youtube.com/watch?v=pVpn9LBiR04,KIA pone al DESCUBIERTO una TRISTE VERDAD,835.0,,videos,https://i.ytimg.com/vi/pVpn9LBiR04/hqdefault.jpg?sqp=-oaymwEcCNACELwBSFXyq4qpAw4IARUAAIhCGAFwAcABBg==&rs=AOn4CLCTb9hlhfMXSD9lBQ991JBY-0IJBQ,El Dios de los Autos,external-reference,embed_link_and_summarize_only
ygpAl5JXquw,https://www.youtube.com/watch?v=ygpAl5JXquw,MAZDA ACABA DE REGRESAR UNA LEYENDA,582.0,,videos,https://i.ytimg.com/vi/ygpAl5JXquw/hqdefault.jpg?sqp=-oaymwEcCNACELwBSFXyq4qpAw4IARUAAIhCGAFwAcABBg==&rs=AOn4CLAvxWWu0tMav2G6-Io7Yv4XUXg4NA,El Dios de los Autos,external-reference,embed_link_and_summarize_only
6Ksl15iGltY,https://www.youtube.com/watch?v=6Ksl15iGltY,SOLO UN IDIOTA COMPRARÍA ESTE AUTO.,539.0,,videos,https://i.ytimg.com/vi/6Ksl15iGltY/hqdefault.jpg?sqp=-oaymwEcCNACELwBSFXyq4qpAw4IARUAAIhCGAFwAcABBg==&rs=AOn4CLCnYPTwqD07T-r5XaEpdiuAAPtE1A,El Dios de los Autos,external-reference,embed_link_and_summarize_only
ExcVmXe19hE,https://www.youtube.com/watch?v=ExcVmXe19hE,ENTENDIENDO el Arma SECRETA DE CHEVROLET,528.0,,videos,https://i.ytimg.com/vi/ExcVmXe19hE/hqdefault.jpg?sqp=-oaymwEcCNACELwBSFXyq4qpAw4IARUAAIhCGAFwAcABBg==&rs=AOn4CLBPsNMcyOBJmdDzTK9bpoJngU6BUA,El Dios de los Autos,external-reference,embed_link_and_summarize_only
IjS9z9-fMro,https://www.youtube.com/watch?v=IjS9z9-fMro,CHEVROLET Acaba de HUMILLARLOS a TODOS,786.0,,videos,https://i.ytimg.com/vi/IjS9z9-fMro/hqdefault.jpg?sqp=-oaymwEcCNACELwBSFXyq4qpAw4IARUAAIhCGAFwAcABBg==&rs=AOn4CLCcFJpyK34gRDYICA0VGu2qDp_00A,El Dios de los Autos,external-reference,embed_link_and_summarize_only
l7ykHD81lHA,https://www.youtube.com/watch?v=l7ykHD81lHA,EL FINAL HA LLEGADO,714.0,,videos,https://i.ytimg.com/vi/l7ykHD81lHA/hqdefault.jpg?sqp=-oaymwEcCNACELwBSFXyq4qpAw4IARUAAIhCGAFwAcABBg==&rs=AOn4CLDqrkTUQvX0P5WXkhcwllAH8LP_ZA,El Dios de los Autos,external-reference,embed_link_and_summarize_only
xWISj3P4Hn4,https://www.youtube.com/watch?v=xWISj3P4Hn4,"NUEVO ""CORVETTE"" DE DODGE ESTÁ LISTO",519.0,,videos,https://i.ytimg.com/vi/xWISj3P4Hn4/hqdefault.jpg?sqp=-oaymwEcCNACELwBSFXyq4qpAw4IARUAAIhCGAFwAcABBg==&rs=AOn4CLBoSgHrPFYHUGS7slQNEE5imPq5kg,El Dios de los Autos,external-reference,embed_link_and_summarize_only
zGZVCUjlaIk,https://www.youtube.com/watch?v=zGZVCUjlaIk,"HYUNDAI acaba de SUPERAR a TOYOTA, Honda y Mazda",1073.0,,videos,https://i.ytimg.com/vi/zGZVCUjlaIk/hqdefault.jpg?sqp=-oaymwEcCNACELwBSFXyq4qpAw4IARUAAIhCGAFwAcABBg==&rs=AOn4CLCdTA4gO3F2WjsgjIZSXWIWHrmPVQ,El Dios de los Autos,external-reference,embed_link_and_summarize_only
EGtnVtejo2o,https://www.youtube.com/watch?v=EGtnVtejo2o,COMPRÉ un RENAULT y lo DESTRUÍ al instante,783.0,,videos,https://i.ytimg.com/vi/EGtnVtejo2o/hqdefault.jpg?sqp=-oaymwEcCNACELwBSFXyq4qpAw4IARUAAIhCGAFwAcABBg==&rs=AOn4CLD5YflPSHGa_y0J9PtjbQvyiED11Q,El Dios de los Autos,external-reference,embed_link_and_summarize_only
7HD2nCs5v74,https://www.youtube.com/watch?v=7HD2nCs5v74,DODGE HELLCAT HA MUERTO PERO...,716.0,,videos,https://i.ytimg.com/vi/7HD2nCs5v74/hqdefault.jpg?sqp=-oaymwEcCNACELwBSFXyq4qpAw4IARUAAIhCGAFwAcABBg==&rs=AOn4CLADkN5Dc1nBG4pB32Gw_g1wttKTHA,El Dios de los Autos,external-reference,embed_link_and_summarize_only
UCgAf2qLus8,https://www.youtube.com/watch?v=UCgAf2qLus8,EL TUNING está MURIENDO y te explico por qué,516.0,,videos,https://i.ytimg.com/vi/UCgAf2qLus8/hqdefault.jpg?sqp=-oaymwEcCNACELwBSFXyq4qpAw4IARUAAIhCGAFwAcABBg==&rs=AOn4CLBMhSN7QwOdM3_jDkZVvUoRzUPwmw,El Dios de los Autos,external-reference,embed_link_and_summarize_only
S22JT08UEiM,https://www.youtube.com/watch?v=S22JT08UEiM,ME ENAMORÉ DEL HYUNDAI ELANTRA (NO ES BROMA),952.0,,videos,https://i.ytimg.com/vi/S22JT08UEiM/hqdefault.jpg?sqp=-oaymwEcCNACELwBSFXyq4qpAw4IARUAAIhCGAFwAcABBg==&rs=AOn4CLCYtgXKfr_1yGLnb2o-743SkC7sSg,El Dios de los Autos,external-reference,embed_link_and_summarize_only
_4z-Hpb-5S4,https://www.youtube.com/watch?v=_4z-Hpb-5S4,NUNCA COMPRES el auto de un FALSO RICO,571.0,,videos,https://i.ytimg.com/vi/_4z-Hpb-5S4/hqdefault.jpg?sqp=-oaymwEcCNACELwBSFXyq4qpAw4IARUAAIhCGAFwAcABBg==&rs=AOn4CLDE5lXImgZsyfaTmJuR-PrW5Ou-Gw,El Dios de los Autos,external-reference,embed_link_and_summarize_only
fRGhQMGqOvs,https://www.youtube.com/watch?v=fRGhQMGqOvs,¡DODGE NO HARÁ AUTOS ELECTRICOS!,604.0,,videos,https://i.ytimg.com/vi/fRGhQMGqOvs/hqdefault.jpg?sqp=-oaymwEcCNACELwBSFXyq4qpAw4IARUAAIhCGAFwAcABBg==&rs=AOn4CLCKNRD7tOvzk-6KFAUDBLqpQQRrPg,El Dios de los Autos,external-reference,embed_link_and_summarize_only
-IAwTZzbYgw,https://www.youtube.com/watch?v=-IAwTZzbYgw,SUZUKI ES LA MEJOR MARCA DEL MUNDO,1255.0,,videos,https://i.ytimg.com/vi/-IAwTZzbYgw/hqdefault.jpg?sqp=-oaymwEcCNACELwBSFXyq4qpAw4IARUAAIhCGAFwAcABBg==&rs=AOn4CLA4e03XpkMtEuRL1QkiVLLEuXv1rQ,El Dios de los Autos,external-reference,embed_link_and_summarize_only
o0eobWv2Vy4,https://www.youtube.com/watch?v=o0eobWv2Vy4,MEJORES SEDANES ECONÓMICOS CALIDAD PRECIO 2021,685.0,,videos,https://i.ytimg.com/vi/o0eobWv2Vy4/hqdefault.jpg?sqp=-oaymwEcCNACELwBSFXyq4qpAw4IARUAAIhCGAFwAcABBg==&rs=AOn4CLD535x01y9zAT_mVeklvBdWZzESPw,El Dios de los Autos,external-reference,embed_link_and_summarize_only
YMAAHfuM5r4,https://www.youtube.com/watch?v=YMAAHfuM5r4,LE REGALO A MI ESPOSA EL AUTO DE SUS SUEÑOS ¿PORSCHE CAYENNE?,570.0,,videos,https://i.ytimg.com/vi/YMAAHfuM5r4/hqdefault.jpg?sqp=-oaymwEcCNACELwBSFXyq4qpAw4IARUAAIhCGAFwAcABBg==&rs=AOn4CLDxlKgOaZ-D3ENtsah7d_Khq7XtTw,El Dios de los Autos,external-reference,embed_link_and_summarize_only
9GOP8wdU7Dg,https://www.youtube.com/watch?v=9GOP8wdU7Dg,ESTE NUEVO MOTOR ES UN ENGAÑO Y TE EXPLICO POR QUÉ,646.0,,videos,https://i.ytimg.com/vi/9GOP8wdU7Dg/hqdefault.jpg?sqp=-oaymwEcCNACELwBSFXyq4qpAw4IARUAAIhCGAFwAcABBg==&rs=AOn4CLAdGx-Yk8rTJgc4OW8isrhaUHP8yg,El Dios de los Autos,external-reference,embed_link_and_summarize_only
DS5SYO7KhV0,https://www.youtube.com/watch?v=DS5SYO7KhV0,¿MUSTANG es REALMENTE el MEJOR Deportivo?,788.0,,videos,https://i.ytimg.com/vi/DS5SYO7KhV0/hqdefault.jpg?sqp=-oaymwEcCNACELwBSFXyq4qpAw4IARUAAIhCGAFwAcABBg==&rs=AOn4CLDlaqZtSte4wd7PbBCL-W1TVSmtBA,El Dios de los Autos,external-reference,embed_link_and_summarize_only
B8ehUpmobQs,https://www.youtube.com/watch?v=B8ehUpmobQs,NUNCA LE COMPRES UN AUTO A ESTAS PERSONAS,747.0,,videos,https://i.ytimg.com/vi/B8ehUpmobQs/hqdefault.jpg?sqp=-oaymwEcCNACELwBSFXyq4qpAw4IARUAAIhCGAFwAcABBg==&rs=AOn4CLAnnMuVOTbEB8F4AZzFKGHyiq3Wbw,El Dios de los Autos,external-reference,embed_link_and_summarize_only
sr-8WPEvSaQ,https://www.youtube.com/watch?v=sr-8WPEvSaQ,ME ESTAFARON CON UN AUTO (QUE NO TE PASE A TI),494.0,,videos,https://i.ytimg.com/vi/sr-8WPEvSaQ/hqdefault.jpg?sqp=-oaymwEcCNACELwBSFXyq4qpAw4IARUAAIhCGAFwAcABBg==&rs=AOn4CLDUrAUQXWPULYDG8N5oRXFp_2BBxQ,El Dios de los Autos,external-reference,embed_link_and_summarize_only
6kDQdeYPsxQ,https://www.youtube.com/watch?v=6kDQdeYPsxQ,TOYOTA LAND CRUISER 2022 me ha DECEPCIONADO,754.0,,videos,https://i.ytimg.com/vi/6kDQdeYPsxQ/hqdefault.jpg?sqp=-oaymwEcCNACELwBSFXyq4qpAw4IARUAAIhCGAFwAcABBg==&rs=AOn4CLDCY3tDPodc31MuWU6SChMhTpTvJw,El Dios de los Autos,external-reference,embed_link_and_summarize_only
_SmEeye1S34,https://www.youtube.com/watch?v=_SmEeye1S34,MITSUBISHI nos FALTA EL RESPETO pero ESTO...,923.0,,videos,https://i.ytimg.com/vi/_SmEeye1S34/hqdefault.jpg?sqp=-oaymwEcCNACELwBSFXyq4qpAw4IARUAAIhCGAFwAcABBg==&rs=AOn4CLD6RyXLw4quftqqj6KoP1KnfWZPaQ,El Dios de los Autos,external-reference,embed_link_and_summarize_only
RRdzsI4r-D4,https://www.youtube.com/watch?v=RRdzsI4r-D4,¿QUIERES UN AUTO? DEBES HACERTE ESTA PREGUNTA,735.0,,videos,https://i.ytimg.com/vi/RRdzsI4r-D4/hqdefault.jpg?sqp=-oaymwEcCNACELwBSFXyq4qpAw4IARUAAIhCGAFwAcABBg==&rs=AOn4CLBJN0xN0Cb2R5KwP1HsSK7qFpTNNg,El Dios de los Autos,external-reference,embed_link_and_summarize_only
iXunpjkFU54,https://www.youtube.com/watch?v=iXunpjkFU54,CONVERTÍ BMW 420i en M4 con MUY POCO DINERO,756.0,,videos,https://i.ytimg.com/vi/iXunpjkFU54/hqdefault.jpg?sqp=-oaymwEcCNACELwBSFXyq4qpAw4IARUAAIhCGAFwAcABBg==&rs=AOn4CLDu5pwkNUUFqs96MtYIwC2DtgTVKw,El Dios de los Autos,external-reference,embed_link_and_summarize_only
1T4OZF4wRoo,https://www.youtube.com/watch?v=1T4OZF4wRoo,TUVE QUE VENDER MI CAMARO,589.0,,videos,https://i.ytimg.com/vi/1T4OZF4wRoo/hqdefault.jpg?sqp=-oaymwEcCNACELwBSFXyq4qpAw4IARUAAIhCGAFwAcABBg==&rs=AOn4CLBwcSKMKFgMfyuI4eCZxBmg51YbPg,El Dios de los Autos,external-reference,embed_link_and_summarize_only
HLrDf1aH9BM,https://www.youtube.com/watch?v=HLrDf1aH9BM,CAMBIA de NEUMÁTICOS AHORA te explico por qué,532.0,,videos,https://i.ytimg.com/vi/HLrDf1aH9BM/hqdefault.jpg?sqp=-oaymwEcCNACELwBSFXyq4qpAw4IARUAAIhCGAFwAcABBg==&rs=AOn4CLB6job5Xz4jXTHkZHnHXpYzRg7lDw,El Dios de los Autos,external-reference,embed_link_and_summarize_only
sxN7SxnB6Es,https://www.youtube.com/watch?v=sxN7SxnB6Es,ALGUIEN TIENE QUE PARAR A LOS CHINOS,538.0,,videos,https://i.ytimg.com/vi/sxN7SxnB6Es/hqdefault.jpg?sqp=-oaymwEcCNACELwBSFXyq4qpAw4IARUAAIhCGAFwAcABBg==&rs=AOn4CLAMb8gltn-SEFDH79bwFOkbApmasA,El Dios de los Autos,external-reference,embed_link_and_summarize_only
CWSWtkO0cF8,https://www.youtube.com/watch?v=CWSWtkO0cF8,Países LATINOS MÁS CAROS para COMPRAR un AUTO,976.0,,videos,https://i.ytimg.com/vi/CWSWtkO0cF8/hqdefault.jpg?sqp=-oaymwEcCNACELwBSFXyq4qpAw4IARUAAIhCGAFwAcABBg==&rs=AOn4CLBPKilst4ekncalHwCnrpexgt8Ewg,El Dios de los Autos,external-reference,embed_link_and_summarize_only
MkR2qNBMz9g,https://www.youtube.com/watch?v=MkR2qNBMz9g,DODGE CHALLENGER ridiculizará al Ford MUSTANG,603.0,,videos,https://i.ytimg.com/vi/MkR2qNBMz9g/hqdefault.jpg?sqp=-oaymwEcCNACELwBSFXyq4qpAw4IARUAAIhCGAFwAcABBg==&rs=AOn4CLBlosJqwaAYewWOsGy1AzeIKf0vKA,El Dios de los Autos,external-reference,embed_link_and_summarize_only
y59PJy3iymQ,https://www.youtube.com/watch?v=y59PJy3iymQ,¿PORQUE HYUNDAI ESTÁ CERRANDOLO TODO?,691.0,,videos,https://i.ytimg.com/vi/y59PJy3iymQ/hqdefault.jpg?sqp=-oaymwEcCNACELwBSFXyq4qpAw4IARUAAIhCGAFwAcABBg==&rs=AOn4CLAvXdRVO8fvw3d9bwlH0DD2Gcqu_g,El Dios de los Autos,external-reference,embed_link_and_summarize_only
o4v9a5H0sQY,https://www.youtube.com/watch?v=o4v9a5H0sQY,CHEVROLET ESTÁ JUGANDO con FUEGO y te explico por qué,755.0,,videos,https://i.ytimg.com/vi/o4v9a5H0sQY/hqdefault.jpg?sqp=-oaymwEcCNACELwBSFXyq4qpAw4IARUAAIhCGAFwAcABBg==&rs=AOn4CLCs9xMq8id21XpOCppFNXDWOsPRiA,El Dios de los Autos,external-reference,embed_link_and_summarize_only
SQpICWCq_dY,https://www.youtube.com/watch?v=SQpICWCq_dY,ESTE MOTOR HARÁ que tu Auto DURE POR SIEMPRE,688.0,,videos,https://i.ytimg.com/vi/SQpICWCq_dY/hqdefault.jpg?sqp=-oaymwEcCNACELwBSFXyq4qpAw4IARUAAIhCGAFwAcABBg==&rs=AOn4CLB9WXaficmBrTNNit96QC4oe3OQKQ,El Dios de los Autos,external-reference,embed_link_and_summarize_only
PK4Gbeuon-Y,https://www.youtube.com/watch?v=PK4Gbeuon-Y,BUGATTI CHIRON super sport es EL ÚLTIMO que DESEARÁS,1250.0,,videos,https://i.ytimg.com/vi/PK4Gbeuon-Y/hqdefault.jpg?sqp=-oaymwEcCNACELwBSFXyq4qpAw4IARUAAIhCGAFwAcABBg==&rs=AOn4CLABhRYVzL58izJpLvfAJ8hPub9Kbg,El Dios de los Autos,external-reference,embed_link_and_summarize_only
22xx9_9UtX8,https://www.youtube.com/watch?v=22xx9_9UtX8,KIA SPORTAGE 2023 NO QUIERE SER UN KIA,1097.0,,videos,https://i.ytimg.com/vi/22xx9_9UtX8/hqdefault.jpg?sqp=-oaymwEcCNACELwBSFXyq4qpAw4IARUAAIhCGAFwAcABBg==&rs=AOn4CLC414pxyRVxEp07j7k_xKrOQ5q7Jg,El Dios de los Autos,external-reference,embed_link_and_summarize_only
cphSyzeKEac,https://www.youtube.com/watch?v=cphSyzeKEac,BMW Tiene un negocio ENTRE MANOS,795.0,,videos,https://i.ytimg.com/vi/cphSyzeKEac/hqdefault.jpg?sqp=-oaymwEcCNACELwBSFXyq4qpAw4IARUAAIhCGAFwAcABBg==&rs=AOn4CLDh-XOW1N3cfsuaxZS12GW8VWlHSw,El Dios de los Autos,external-reference,embed_link_and_summarize_only
9qS1-H1okSY,https://www.youtube.com/watch?v=9qS1-H1okSY,QUIERO un FORD MAVERICK 2022 y te explico por qué,769.0,,videos,https://i.ytimg.com/vi/9qS1-H1okSY/hqdefault.jpg?sqp=-oaymwEcCNACELwBSFXyq4qpAw4IARUAAIhCGAFwAcABBg==&rs=AOn4CLAiLZUt7TTnnlAom9vKmx8zlqPOSg,El Dios de los Autos,external-reference,embed_link_and_summarize_only
SpVp-vH3FGU,https://www.youtube.com/watch?v=SpVp-vH3FGU,"NUNCA compres los ""FULL EQUIPO""",906.0,,videos,https://i.ytimg.com/vi/SpVp-vH3FGU/hqdefault.jpg?sqp=-oaymwEcCNACELwBSFXyq4qpAw4IARUAAIhCGAFwAcABBg==&rs=AOn4CLDncgClUNn9nUA25iSR8vA23IL_5Q,El Dios de los Autos,external-reference,embed_link_and_summarize_only
utu9sBhkkiE,https://www.youtube.com/watch?v=utu9sBhkkiE,TOYOTA NUNCA Enfrenta a NISSAN y te explico por qué,734.0,,videos,https://i.ytimg.com/vi/utu9sBhkkiE/hqdefault.jpg?sqp=-oaymwEcCNACELwBSFXyq4qpAw4IARUAAIhCGAFwAcABBg==&rs=AOn4CLCNGjm2DSka3R0AKlA9BwBzXVj75g,El Dios de los Autos,external-reference,embed_link_and_summarize_only
41je9F5popE,https://www.youtube.com/watch?v=41je9F5popE,PORSCHE ES CORRIENTE y eso es bueno,600.0,,videos,https://i.ytimg.com/vi/41je9F5popE/hqdefault.jpg?sqp=-oaymwEcCNACELwBSFXyq4qpAw4IARUAAIhCGAFwAcABBg==&rs=AOn4CLANu5G-5K5aIz5BJFSQf8AggNvcng,El Dios de los Autos,external-reference,embed_link_and_summarize_only
MksyHSBhOqE,https://www.youtube.com/watch?v=MksyHSBhOqE,ADIVINA EL AUTO por el sonido del motor,590.0,,videos,https://i.ytimg.com/vi/MksyHSBhOqE/hqdefault.jpg?sqp=-oaymwEcCNACELwBSFXyq4qpAw4IARUAAIhCGAFwAcABBg==&rs=AOn4CLC7PDhlXixYUq_8Cg6cjlfCYT0iqg,El Dios de los Autos,external-reference,embed_link_and_summarize_only
L4MNhYK4Ets,https://www.youtube.com/watch?v=L4MNhYK4Ets,LA VERDAD INCOMODA DEL TUNING,753.0,,videos,https://i.ytimg.com/vi/L4MNhYK4Ets/hqdefault.jpg?sqp=-oaymwEcCNACELwBSFXyq4qpAw4IARUAAIhCGAFwAcABBg==&rs=AOn4CLCjjTB9aPnfayAUZ2_RSHFmaErkAg,El Dios de los Autos,external-reference,embed_link_and_summarize_only
f8Jp48N8_3g,https://www.youtube.com/watch?v=f8Jp48N8_3g,MAZDA 6 MUERE para DAR VIDA a una LEYENDA,725.0,,videos,https://i.ytimg.com/vi/f8Jp48N8_3g/hqdefault.jpg?sqp=-oaymwEcCNACELwBSFXyq4qpAw4IARUAAIhCGAFwAcABBg==&rs=AOn4CLAu8VQz7bqRsUU7j3M0zZ3bnRYqwQ,El Dios de los Autos,external-reference,embed_link_and_summarize_only
JwUwekZvJRY,https://www.youtube.com/watch?v=JwUwekZvJRY,TOYOTA SUPRA 2 años DESPUES del RETORNO,740.0,,videos,https://i.ytimg.com/vi/JwUwekZvJRY/hqdefault.jpg?sqp=-oaymwEcCNACELwBSFXyq4qpAw4IARUAAIhCGAFwAcABBg==&rs=AOn4CLABJ8ki7wBOMBBCuSlzp373qqZ_0w,El Dios de los Autos,external-reference,embed_link_and_summarize_only
stv903TOWRo,https://www.youtube.com/watch?v=stv903TOWRo,NUNCA digas que PAGARÁS un AUTO CON EFECTIVO.,524.0,,videos,https://i.ytimg.com/vi/stv903TOWRo/hqdefault.jpg?sqp=-oaymwEcCNACELwBSFXyq4qpAw4IARUAAIhCGAFwAcABBg==&rs=AOn4CLBwJXTuIDRUVWyGybxKWg6PGqlgXA,El Dios de los Autos,external-reference,embed_link_and_summarize_only
ykE3eDYFBvg,https://www.youtube.com/watch?v=ykE3eDYFBvg,"NUEVO ""TESLA"" CHEVROLET A SOLO 4000 DOLARES",700.0,,videos,https://i.ytimg.com/vi/ykE3eDYFBvg/hqdefault.jpg?sqp=-oaymwEcCNACELwBSFXyq4qpAw4IARUAAIhCGAFwAcABBg==&rs=AOn4CLBOol7wQ3fj3l_0UBruWU6gpvHCng,El Dios de los Autos,external-reference,embed_link_and_summarize_only
_rdZ_JYDw88,https://www.youtube.com/watch?v=_rdZ_JYDw88,A LAS MUJERES NO LES GUSTAN LOS AUTOS y te explico porqué,570.0,,videos,https://i.ytimg.com/vi/_rdZ_JYDw88/hqdefault.jpg?sqp=-oaymwEcCNACELwBSFXyq4qpAw4IARUAAIhCGAFwAcABBg==&rs=AOn4CLApV1_D9B-qyhIe6GRrXTE_n7lHlw,El Dios de los Autos,external-reference,embed_link_and_summarize_only
uuV6oKf4KB8,https://www.youtube.com/watch?v=uuV6oKf4KB8,CHERY Y SU GARANTIA DE POR VIDA,693.0,,videos,https://i.ytimg.com/vi/uuV6oKf4KB8/hqdefault.jpg?sqp=-oaymwEcCNACELwBSFXyq4qpAw4IARUAAIhCGAFwAcABBg==&rs=AOn4CLBrpaylDn6b_-LsukNDfpFcI18vig,El Dios de los Autos,external-reference,embed_link_and_summarize_only
U_5VVmiGgCY,https://www.youtube.com/watch?v=U_5VVmiGgCY,¿PORQUE NADIE DICE LA VERDAD DE F-150 LIGHTNING 2022?,1249.0,,videos,https://i.ytimg.com/vi/U_5VVmiGgCY/hqdefault.jpg?sqp=-oaymwEcCNACELwBSFXyq4qpAw4IARUAAIhCGAFwAcABBg==&rs=AOn4CLAjLonnNL9pSQLV__MlKlJP7s0zfg,El Dios de los Autos,external-reference,embed_link_and_summarize_only
plWr8HeIpVg,https://www.youtube.com/watch?v=plWr8HeIpVg,MITSUBISHI ME DA LASTIMA,923.0,,videos,https://i.ytimg.com/vi/plWr8HeIpVg/hqdefault.jpg?sqp=-oaymwEcCNACELwBSFXyq4qpAw4IARUAAIhCGAFwAcABBg==&rs=AOn4CLDZFjgZLq8VhSTGDTaviyi5Vk9Jjg,El Dios de los Autos,external-reference,embed_link_and_summarize_only
bfZiCFbzulk,https://www.youtube.com/watch?v=bfZiCFbzulk,YAMAHA ACABA DE CAMBIARLO TODO Y TE EXPLICO POR QUÉ,795.0,,videos,https://i.ytimg.com/vi/bfZiCFbzulk/hqdefault.jpg?sqp=-oaymwEcCNACELwBSFXyq4qpAw4IARUAAIhCGAFwAcABBg==&rs=AOn4CLCctav0eqHdJ0UmBom2EZELcHGnPA,El Dios de los Autos,external-reference,embed_link_and_summarize_only
0YiWaZfy4kY,https://www.youtube.com/watch?v=0YiWaZfy4kY,TOYOTA Y TESLA SE JUNTAN (ES EL FIN),623.0,,videos,https://i.ytimg.com/vi/0YiWaZfy4kY/hqdefault.jpg?sqp=-oaymwEcCNACELwBSFXyq4qpAw4IARUAAIhCGAFwAcABBg==&rs=AOn4CLBJwoGHAg1o4JBVxqclNvFQ-fUbZQ,El Dios de los Autos,external-reference,embed_link_and_summarize_only
mx1WSgU3v18,https://www.youtube.com/watch?v=mx1WSgU3v18,VOLKSWAGEN está MURIENDO y no nos damos CUENTA,580.0,,videos,https://i.ytimg.com/vi/mx1WSgU3v18/hqdefault.jpg?sqp=-oaymwEcCNACELwBSFXyq4qpAw4IARUAAIhCGAFwAcABBg==&rs=AOn4CLCOOPILnfCGHDSFF4Y17C84kUWxPQ,El Dios de los Autos,external-reference,embed_link_and_summarize_only
0A0An0AyqEs,https://www.youtube.com/watch?v=0A0An0AyqEs,RAPIDOS Y FURIOSOS: Realidad vs Ficción,696.0,,videos,https://i.ytimg.com/vi/0A0An0AyqEs/hqdefault.jpg?sqp=-oaymwEcCNACELwBSFXyq4qpAw4IARUAAIhCGAFwAcABBg==&rs=AOn4CLDRrupwM7aOSBrbWAqCGKCp-5NS9w,El Dios de los Autos,external-reference,embed_link_and_summarize_only
Oopk5nkUhnc,https://www.youtube.com/watch?v=Oopk5nkUhnc,RAPIDOS Y FURIOSOS TOKIO DRIFT está llena de ERRORES,737.0,,videos,https://i.ytimg.com/vi/Oopk5nkUhnc/hqdefault.jpg?sqp=-oaymwEcCNACELwBSFXyq4qpAw4IARUAAIhCGAFwAcABBg==&rs=AOn4CLAlQ04Qq95AxSil77bZoWZBtUtWvg,El Dios de los Autos,external-reference,embed_link_and_summarize_only
pGKA-FaOcxQ,https://www.youtube.com/watch?v=pGKA-FaOcxQ,EL FERRARI a precio de M4 QUE TODOS hemos IGNORADO,896.0,,videos,https://i.ytimg.com/vi/pGKA-FaOcxQ/hqdefault.jpg?sqp=-oaymwEcCNACELwBSFXyq4qpAw4IARUAAIhCGAFwAcABBg==&rs=AOn4CLAqq8g4AUgVq-Nx2D-vK8tLS7SPmg,El Dios de los Autos,external-reference,embed_link_and_summarize_only
FyD5Hrlcujw,https://www.youtube.com/watch?v=FyD5Hrlcujw,VOLKSWAGEN ES LA MEJOR MARCA DEL MUNDO.,1069.0,,videos,https://i.ytimg.com/vi/FyD5Hrlcujw/hqdefault.jpg?sqp=-oaymwEcCNACELwBSFXyq4qpAw4IARUAAIhCGAFwAcABBg==&rs=AOn4CLDz86pknQwaiJeZDUOB2cJOFYAuRg,El Dios de los Autos,external-reference,embed_link_and_summarize_only
I5MU2OMXlLM,https://www.youtube.com/watch?v=I5MU2OMXlLM,ENFRENTÉ al HONDA CIVIC 2022 con el VIEJO CIVIC 2021,1091.0,,videos,https://i.ytimg.com/vi/I5MU2OMXlLM/hqdefault.jpg?sqp=-oaymwEcCNACELwBSFXyq4qpAw4IARUAAIhCGAFwAcABBg==&rs=AOn4CLBRs4QocUS7ctT9Jrdc9uYp50St9Q,El Dios de los Autos,external-reference,embed_link_and_summarize_only
n1F2dPaX0Ng,https://www.youtube.com/watch?v=n1F2dPaX0Ng,EVADE PAGAR MULTAS DE TRANSITO con este SECRETO (Latinoamérica),534.0,,videos,https://i.ytimg.com/vi/n1F2dPaX0Ng/hqdefault.jpg?sqp=-oaymwEcCNACELwBSFXyq4qpAw4IARUAAIhCGAFwAcABBg==&rs=AOn4CLDgqfKdyu_crfZcy7OcDWTZmcj2dA,El Dios de los Autos,external-reference,embed_link_and_summarize_only
EQhTg4rm7WQ,https://www.youtube.com/watch?v=EQhTg4rm7WQ,TOYOTA COROLLA GR 2022 es una BESTIA de 300 HP,735.0,,videos,https://i.ytimg.com/vi/EQhTg4rm7WQ/hqdefault.jpg?sqp=-oaymwEcCNACELwBSFXyq4qpAw4IARUAAIhCGAFwAcABBg==&rs=AOn4CLD9gnuHM0I12i_MNPau5rUlISZKIg,El Dios de los Autos,external-reference,embed_link_and_summarize_only
XVaL6IRVw8Y,https://www.youtube.com/watch?v=XVaL6IRVw8Y,¿Qué auto ERES según TU PERSONALIDAD? - TEST de personalidad 100% INCLUSIVO,707.0,,videos,https://i.ytimg.com/vi/XVaL6IRVw8Y/hqdefault.jpg?sqp=-oaymwEcCNACELwBSFXyq4qpAw4IARUAAIhCGAFwAcABBg==&rs=AOn4CLDYGvWn6RUHshPJ_NcdEb24mdsEaQ,El Dios de los Autos,external-reference,embed_link_and_summarize_only
g1wunYhoGA8,https://www.youtube.com/watch?v=g1wunYhoGA8,HYUNDAI HA CREADO EL AUTO PERFECTO Y PUNTO,1241.0,,videos,https://i.ytimg.com/vi/g1wunYhoGA8/hqdefault.jpg?sqp=-oaymwEcCNACELwBSFXyq4qpAw4IARUAAIhCGAFwAcABBg==&rs=AOn4CLDaAj414XkjIy6fqXlfr_A4psVbAw,El Dios de los Autos,external-reference,embed_link_and_summarize_only
VCjKPaYb4QA,https://www.youtube.com/watch?v=VCjKPaYb4QA,NINGUNA marca de autos QUIERE QUE FUNCIONE (Cambiaría el MUNDO),591.0,,videos,https://i.ytimg.com/vi/VCjKPaYb4QA/hqdefault.jpg?sqp=-oaymwEcCNACELwBSFXyq4qpAw4IARUAAIhCGAFwAcABBg==&rs=AOn4CLBeECJ0PaBYR-RpiZvIfikXYT66MA,El Dios de los Autos,external-reference,embed_link_and_summarize_only
tNbJZIVEi0E,https://www.youtube.com/watch?v=tNbJZIVEi0E,HONDA CIVIC 2022 es LA MISMA M1#%D@,721.0,,videos,https://i.ytimg.com/vi/tNbJZIVEi0E/hqdefault.jpg?sqp=-oaymwEcCNACELwBSFXyq4qpAw4IARUAAIhCGAFwAcABBg==&rs=AOn4CLBXE80pBUIl-xXEPnmSuoGTjfg7ag,El Dios de los Autos,external-reference,embed_link_and_summarize_only
JEn9FWnC-q0,https://www.youtube.com/watch?v=JEn9FWnC-q0,¡HUAWEI SERES SF5 2022 es una BESTIA!,623.0,,videos,https://i.ytimg.com/vi/JEn9FWnC-q0/hqdefault.jpg?sqp=-oaymwEcCNACELwBSFXyq4qpAw4IARUAAIhCGAFwAcABBg==&rs=AOn4CLBYdbrlCgs-ggX_564r5MKp-vSdAw,El Dios de los Autos,external-reference,embed_link_and_summarize_only
1t41lcLf-xg,https://www.youtube.com/watch?v=1t41lcLf-xg,QUIERES una Hyundai SANTA CRUZ 2022 PERO no lo sabes,1409.0,,videos,https://i.ytimg.com/vi/1t41lcLf-xg/hqdefault.jpg?sqp=-oaymwEcCNACELwBSFXyq4qpAw4IARUAAIhCGAFwAcABBg==&rs=AOn4CLCYWu5G2JhMTyxTfG8FJamGNubr-g,El Dios de los Autos,external-reference,embed_link_and_summarize_only
ih8PRFTkkC8,https://www.youtube.com/watch?v=ih8PRFTkkC8,DODGE CHARGER SRT GHOUL: El último adiós😢,673.0,,videos,https://i.ytimg.com/vi/ih8PRFTkkC8/hqdefault.jpg?sqp=-oaymwEcCNACELwBSFXyq4qpAw4IARUAAIhCGAFwAcABBg==&rs=AOn4CLAtNXUVBfg__4Xc8Ne-0FJOEcYDHQ,El Dios de los Autos,external-reference,embed_link_and_summarize_only
CMlGTts-F74,https://www.youtube.com/watch?v=CMlGTts-F74,¡Fuí por un CHALLENGER y salí con esto!,758.0,,videos,https://i.ytimg.com/vi/CMlGTts-F74/hqdefault.jpg?sqp=-oaymwEcCNACELwBSFXyq4qpAw4IARUAAIhCGAFwAcABBg==&rs=AOn4CLDY5OBfF9WUrqOKoTFsmrISu35i6A,El Dios de los Autos,external-reference,embed_link_and_summarize_only
wM_WB5NKSII,https://www.youtube.com/watch?v=wM_WB5NKSII,Mejores SEDANES compactos CALIDAD PRECIO 2021,896.0,,videos,https://i.ytimg.com/vi/wM_WB5NKSII/hqdefault.jpg?sqp=-oaymwEcCNACELwBSFXyq4qpAw4IARUAAIhCGAFwAcABBg==&rs=AOn4CLDb5QweB3cfS6jYTwF3VOB5fJscEg,El Dios de los Autos,external-reference,embed_link_and_summarize_only
aRVGtu7ZfsY,https://www.youtube.com/watch?v=aRVGtu7ZfsY,El inesperado REGRESO del MITSUBISHI LANCER,641.0,,videos,https://i.ytimg.com/vi/aRVGtu7ZfsY/hqdefault.jpg?sqp=-oaymwEcCNACELwBSFXyq4qpAw4IARUAAIhCGAFwAcABBg==&rs=AOn4CLDELKxINH705jT7id67qlCbK7IlDg,El Dios de los Autos,external-reference,embed_link_and_summarize_only
BC1bFy0LitQ,https://www.youtube.com/watch?v=BC1bFy0LitQ,NUEVO TOYOTA MR2 es un PORSCHE CAYMAN,981.0,,videos,https://i.ytimg.com/vi/BC1bFy0LitQ/hqdefault.jpg?sqp=-oaymwEcCNACELwBSFXyq4qpAw4IARUAAIhCGAFwAcABBg==&rs=AOn4CLCuzQ--PkP5eiNHfcTzwYMj-tUjHQ,El Dios de los Autos,external-reference,embed_link_and_summarize_only
wXr40AC1YJo,https://www.youtube.com/watch?v=wXr40AC1YJo,Los autos modernos son DEMASIDO RAPIDOS,696.0,,videos,https://i.ytimg.com/vi/wXr40AC1YJo/hqdefault.jpg?sqp=-oaymwEcCNACELwBSFXyq4qpAw4IARUAAIhCGAFwAcABBg==&rs=AOn4CLBmAPDT99yGxH6gb14PsC_NBtBbXg,El Dios de los Autos,external-reference,embed_link_and_summarize_only
xFiPMHrbfB8,https://www.youtube.com/watch?v=xFiPMHrbfB8,¿PORQUE TODOS ESTÁN COMPRANDO AUTOS BLANCOS?,495.0,,videos,https://i.ytimg.com/vi/xFiPMHrbfB8/hqdefault.jpg?sqp=-oaymwEcCNACELwBSFXyq4qpAw4IARUAAIhCGAFwAcABBg==&rs=AOn4CLAdNYqwS0hz5CT7ZBUbAcQIkVDEwA,El Dios de los Autos,external-reference,embed_link_and_summarize_only
HIEebsTwfvM,https://www.youtube.com/watch?v=HIEebsTwfvM,¡ESTA PICK UP CHINA TENDRÁ MOTOR SHELBY!,617.0,,videos,https://i.ytimg.com/vi/HIEebsTwfvM/hqdefault.jpg?sqp=-oaymwEcCNACELwBSFXyq4qpAw4IARUAAIhCGAFwAcABBg==&rs=AOn4CLCSL-pMpIuaJfAgVFmmDEg81MKlDg,El Dios de los Autos,external-reference,embed_link_and_summarize_only
ltvM_2_2VLE,https://www.youtube.com/watch?v=ltvM_2_2VLE,EL HUMBLE ONE AUTO SOLAR LO CAMBIA TODO,555.0,,videos,https://i.ytimg.com/vi/ltvM_2_2VLE/hqdefault.jpg?sqp=-oaymwEcCNACELwBSFXyq4qpAw4IARUAAIhCGAFwAcABBg==&rs=AOn4CLDqOfgHm5BsC9YBhm-l9cJQS-WuuQ,El Dios de los Autos,external-reference,embed_link_and_summarize_only
svTrE94Y3vI,https://www.youtube.com/watch?v=svTrE94Y3vI,SI TE GUSTAN LOS AUTOS ERES UN GRAN HOMBRE,620.0,,videos,https://i.ytimg.com/vi/svTrE94Y3vI/hqdefault.jpg?sqp=-oaymwEcCNACELwBSFXyq4qpAw4IARUAAIhCGAFwAcABBg==&rs=AOn4CLAFW4WLiW4r575-F85vM4JXsRtK4A,El Dios de los Autos,external-reference,embed_link_and_summarize_only
4AacYiozLH8,https://www.youtube.com/watch?v=4AacYiozLH8,TENGO QUE ADVERTIRLES DE ESTE AUTO,816.0,,videos,https://i.ytimg.com/vi/4AacYiozLH8/hqdefault.jpg?sqp=-oaymwEcCNACELwBSFXyq4qpAw4IARUAAIhCGAFwAcABBg==&rs=AOn4CLDQKfL5nKPUtBZfOlWYfgdOLbNg2w,El Dios de los Autos,external-reference,embed_link_and_summarize_only
eZpilAqfiTA,https://www.youtube.com/watch?v=eZpilAqfiTA,ANTES DE VENDER TU AUTO TIENES QUE VER ESTO,639.0,,videos,https://i.ytimg.com/vi/eZpilAqfiTA/hqdefault.jpg?sqp=-oaymwEcCNACELwBSFXyq4qpAw4IARUAAIhCGAFwAcABBg==&rs=AOn4CLA8aIIKTJXKtiu60Vt85tywEQHKmg,El Dios de los Autos,external-reference,embed_link_and_summarize_only
02T5x8k04uQ,https://www.youtube.com/watch?v=02T5x8k04uQ,MAZDA ATERRORIZADO CON SUBARU BRZ 2021 Y TE EXPLICO PORQUE,980.0,,videos,https://i.ytimg.com/vi/02T5x8k04uQ/hqdefault.jpg?sqp=-oaymwEcCNACELwBSFXyq4qpAw4IARUAAIhCGAFwAcABBg==&rs=AOn4CLBouNAJgCE0RzKeRgmBXbFyLMYbMw,El Dios de los Autos,external-reference,embed_link_and_summarize_only
Bqp7zIFNhGo,https://www.youtube.com/watch?v=Bqp7zIFNhGo,CONDUCCIÓN REAL VS VIRTUAL ¿ES LO MISMO?,909.0,,videos,https://i.ytimg.com/vi/Bqp7zIFNhGo/hqdefault.jpg?sqp=-oaymwEcCNACELwBSFXyq4qpAw4IARUAAIhCGAFwAcABBg==&rs=AOn4CLBYeeA-jBDozgpf7q2fglK-U93gdA,El Dios de los Autos,external-reference,embed_link_and_summarize_only
CTvVuXpUHsU,https://www.youtube.com/watch?v=CTvVuXpUHsU,KIA EV6 GT 2022 HARÁ EXPLOTAR TU CEREBRO,1216.0,,videos,https://i.ytimg.com/vi/CTvVuXpUHsU/hqdefault.jpg?sqp=-oaymwEcCNACELwBSFXyq4qpAw4IARUAAIhCGAFwAcABBg==&rs=AOn4CLBNcYRqa7Gi9mH8jqC1UbzN0xjBDg,El Dios de los Autos,external-reference,embed_link_and_summarize_only
Q5VGDO9CWDg,https://www.youtube.com/watch?v=Q5VGDO9CWDg,BMW ME DIO UN M4 Y 5 MINUTOS DESPUES...,595.0,,videos,https://i.ytimg.com/vi/Q5VGDO9CWDg/hqdefault.jpg?sqp=-oaymwEcCNACELwBSFXyq4qpAw4IARUAAIhCGAFwAcABBg==&rs=AOn4CLDgiZ1xhzgDeSGbVIoyp3f0DQzLCA,El Dios de los Autos,external-reference,embed_link_and_summarize_only
SMl7l-l9BtE,https://www.youtube.com/watch?v=SMl7l-l9BtE,¿PORQUÉ A LOS HOMBRES NOS GUSTAN TANTO LOS AUTOS?,702.0,,videos,https://i.ytimg.com/vi/SMl7l-l9BtE/hqdefault.jpg?sqp=-oaymwEcCNACELwBSFXyq4qpAw4IARUAAIhCGAFwAcABBg==&rs=AOn4CLBd4qthdTWTwxvz4Fm_FKRBBGVUlg,El Dios de los Autos,external-reference,embed_link_and_summarize_only
WpM0bmPTalo,https://www.youtube.com/watch?v=WpM0bmPTalo,TOYOTA GR86 2021 ESCONDE ALGO Y TE EXPLICO PORQUÉ,501.0,,videos,https://i.ytimg.com/vi/WpM0bmPTalo/hqdefault.jpg?sqp=-oaymwEcCNACELwBSFXyq4qpAw4IARUAAIhCGAFwAcABBg==&rs=AOn4CLB6ivFV9nnXohQo6ZEUz45j_z2EPQ,El Dios de los Autos,external-reference,embed_link_and_summarize_only
X7vnTkQxV-0,https://www.youtube.com/watch?v=X7vnTkQxV-0,¿DEJAR UN AUTO EN PARTE DE PAGO ES BUENA IDEA?,671.0,,videos,https://i.ytimg.com/vi/X7vnTkQxV-0/hqdefault.jpg?sqp=-oaymwEcCNACELwBSFXyq4qpAw4IARUAAIhCGAFwAcABBg==&rs=AOn4CLCHILzLWCgB-A3I8coVb_ZTYyFXUg,El Dios de los Autos,external-reference,embed_link_and_summarize_only
U8R3VOTy16o,https://www.youtube.com/watch?v=U8R3VOTy16o,¿ES INTELIGENTE LA COMPRA INTELIGENTE?,446.0,,videos,https://i.ytimg.com/vi/U8R3VOTy16o/hqdefault.jpg?sqp=-oaymwEcCNACELwBSFXyq4qpAw4IARUAAIhCGAFwAcABBg==&rs=AOn4CLB39WoqahXMes7cKuSHYRUuRStqnQ,El Dios de los Autos,external-reference,embed_link_and_summarize_only
21XSY-tUv0U,https://www.youtube.com/watch?v=21XSY-tUv0U,NISSAN 400Z 2022 NO ES LO QUE CREÍAMOS,724.0,,videos,https://i.ytimg.com/vi/21XSY-tUv0U/hqdefault.jpg?sqp=-oaymwEcCNACELwBSFXyq4qpAw4IARUAAIhCGAFwAcABBg==&rs=AOn4CLB3BrBEC7dNjZ6LRENLiyiBy1mZWg,El Dios de los Autos,external-reference,embed_link_and_summarize_only
ZwG9iCgY7bM,https://www.youtube.com/watch?v=ZwG9iCgY7bM,¡FORD MUSTANG MOTOR CENTRAL PER#AS!,581.0,,videos,https://i.ytimg.com/vi/ZwG9iCgY7bM/hqdefault.jpg?sqp=-oaymwEcCNACELwBSFXyq4qpAw4IARUAAIhCGAFwAcABBg==&rs=AOn4CLD7Owv9VVlkmbqCupRah0OFjFfqrA,El Dios de los Autos,external-reference,embed_link_and_summarize_only
gexUjetKq24,https://www.youtube.com/watch?v=gexUjetKq24,ESTE TOYOTA LO CAMBIA TODO Y TE EXPLICO PORQUÉ,685.0,,videos,https://i.ytimg.com/vi/gexUjetKq24/hqdefault.jpg?sqp=-oaymwEcCNACELwBSFXyq4qpAw4IARUAAIhCGAFwAcABBg==&rs=AOn4CLBAWJF92U-dW_smAaWTPft_kdq-Yg,El Dios de los Autos,external-reference,embed_link_and_summarize_only
MpqFlOy6PrU,https://www.youtube.com/watch?v=MpqFlOy6PrU,ASÍ MCLAREN APLASTÓ A FERRARI EN SOLO 10 AÑOS,569.0,,videos,https://i.ytimg.com/vi/MpqFlOy6PrU/hqdefault.jpg?sqp=-oaymwEcCNACELwBSFXyq4qpAw4IARUAAIhCGAFwAcABBg==&rs=AOn4CLCE4BBOMU6pOmz-iAKQ3kaC1F-Mrg,El Dios de los Autos,external-reference,embed_link_and_summarize_only
bs1WpaO4xYU,https://www.youtube.com/watch?v=bs1WpaO4xYU,HYUNDAI ES LA MEJOR MARCA DEL MUNDO,1125.0,,videos,https://i.ytimg.com/vi/bs1WpaO4xYU/hqdefault.jpg?sqp=-oaymwEcCNACELwBSFXyq4qpAw4IARUAAIhCGAFwAcABBg==&rs=AOn4CLAcgjQJ2aJQUhVbdZeaXl9lOd8V-w,El Dios de los Autos,external-reference,embed_link_and_summarize_only
xUgdI-8Ivys,https://www.youtube.com/watch?v=xUgdI-8Ivys,FORD MUSTANG 2022 ES REVOLUCIONARIO Y LO CAMBIA TODO,588.0,,videos,https://i.ytimg.com/vi/xUgdI-8Ivys/hqdefault.jpg?sqp=-oaymwEcCNACELwBSFXyq4qpAw4IARUAAIhCGAFwAcABBg==&rs=AOn4CLDY4FhkNFeWauytnEAV--iPhcSPCw,El Dios de los Autos,external-reference,embed_link_and_summarize_only
KgoaXtRva84,https://www.youtube.com/watch?v=KgoaXtRva84,"SOY JOVEN, NO TENGO DINERO Y QUIERO UN AUTO",803.0,,videos,https://i.ytimg.com/vi/KgoaXtRva84/hqdefault.jpg?sqp=-oaymwEcCNACELwBSFXyq4qpAw4IARUAAIhCGAFwAcABBg==&rs=AOn4CLBKlmCdcJaYehynzea58pmlGCgY4A,El Dios de los Autos,external-reference,embed_link_and_summarize_only
B5JI7-ZUWLM,https://www.youtube.com/watch?v=B5JI7-ZUWLM,HIPERAUTOS NO SON PARA ENTUSIASTAS Y TE EXPLICO POR QUÉ,503.0,,videos,https://i.ytimg.com/vi/B5JI7-ZUWLM/hqdefault.jpg?sqp=-oaymwEcCNACELwBSFXyq4qpAw4IARUAAIhCGAFwAcABBg==&rs=AOn4CLBV6tSh48pumOK_ar-zxyyghtCucQ,El Dios de los Autos,external-reference,embed_link_and_summarize_only
T66JjqLvb-c,https://www.youtube.com/watch?v=T66JjqLvb-c,POR ESTO NO PREFIERO LOS CAMBIOS MANUALES,940.0,,videos,https://i.ytimg.com/vi/T66JjqLvb-c/hqdefault.jpg?sqp=-oaymwEcCNACELwBSFXyq4qpAw4IARUAAIhCGAFwAcABBg==&rs=AOn4CLCCNigfeMg_tCnW4YsLPKwENycKqQ,El Dios de los Autos,external-reference,embed_link_and_summarize_only
66kebU4JozU,https://www.youtube.com/watch?v=66kebU4JozU,JEEP WAGONEER 2021 ME HA DEJADO SIN PALABRAS,1165.0,,videos,https://i.ytimg.com/vi/66kebU4JozU/hqdefault.jpg?sqp=-oaymwEcCNACELwBSFXyq4qpAw4IARUAAIhCGAFwAcABBg==&rs=AOn4CLBVd3QqDaqRoBiU0v13qN6VJJq_yg,El Dios de los Autos,external-reference,embed_link_and_summarize_only
lpSR6DcEjQ8,https://www.youtube.com/watch?v=lpSR6DcEjQ8,NUNCA LE VENDAS TU AUTO A ESTAS PERSONAS,720.0,,videos,https://i.ytimg.com/vi/lpSR6DcEjQ8/hqdefault.jpg?sqp=-oaymwEcCNACELwBSFXyq4qpAw4IARUAAIhCGAFwAcABBg==&rs=AOn4CLBBnYZii9JEZdsT4W5C_6G4AZL8lA,El Dios de los Autos,external-reference,embed_link_and_summarize_only
RqsPO7ckf4A,https://www.youtube.com/watch?v=RqsPO7ckf4A,COMPRARÉ ESTOS 10 AUTOS Y TU TAMBIEN LO HARÁS,957.0,,videos,https://i.ytimg.com/vi/RqsPO7ckf4A/hqdefault.jpg?sqp=-oaymwEcCNACELwBSFXyq4qpAw4IARUAAIhCGAFwAcABBg==&rs=AOn4CLDMWT3qfeDLzu_fk1-x8w7w2i0Uzw,El Dios de los Autos,external-reference,embed_link_and_summarize_only
Vfi7o0qcHk0,https://www.youtube.com/watch?v=Vfi7o0qcHk0,FERRARI NO VENDE AUTOS A CUALQUIERA Y TE EXPLICO POR QUÉ,615.0,,videos,https://i.ytimg.com/vi/Vfi7o0qcHk0/hqdefault.jpg?sqp=-oaymwEcCNACELwBSFXyq4qpAw4IARUAAIhCGAFwAcABBg==&rs=AOn4CLBWxB1jxob8qdRhTQQlnS50HBKrZw,El Dios de los Autos,external-reference,embed_link_and_summarize_only
zONfj4wXc00,https://www.youtube.com/watch?v=zONfj4wXc00,CONFIRMADO: DODGE DICE ADIÓS AL CHALLENGER HELLCAT,687.0,,videos,https://i.ytimg.com/vi/zONfj4wXc00/hqdefault.jpg?sqp=-oaymwEcCNACELwBSFXyq4qpAw4IARUAAIhCGAFwAcABBg==&rs=AOn4CLBSXKtOyEYn8D23TpGp_WD8hZjoTw,El Dios de los Autos,external-reference,embed_link_and_summarize_only
Rsb85hZe4Ok,https://www.youtube.com/watch?v=Rsb85hZe4Ok,BUSCANDO AUTOS EN MERCADO LIBRE,1610.0,,videos,https://i.ytimg.com/vi/Rsb85hZe4Ok/hqdefault.jpg?sqp=-oaymwEcCNACELwBSFXyq4qpAw4IARUAAIhCGAFwAcABBg==&rs=AOn4CLAT8Xs4rCMZWB-UCQs5zPcVa9E-CQ,El Dios de los Autos,external-reference,embed_link_and_summarize_only
rnUSR8h4_Mw,https://www.youtube.com/watch?v=rnUSR8h4_Mw,"¿SE PUEDE ""TUNEAR"" UN AUTO ELECTRICO?",655.0,,videos,https://i.ytimg.com/vi/rnUSR8h4_Mw/hqdefault.jpg?sqp=-oaymwEcCNACELwBSFXyq4qpAw4IARUAAIhCGAFwAcABBg==&rs=AOn4CLDTzicRi6srVVSQdOyH8ktNLyIkqw,El Dios de los Autos,external-reference,embed_link_and_summarize_only
meuIJoJq9_4,https://www.youtube.com/watch?v=meuIJoJq9_4,"¿ME COMPRO UN AUTO DE MOTOR DELANTERO, CENTRAL O TRASERO?",786.0,,videos,https://i.ytimg.com/vi/meuIJoJq9_4/hqdefault.jpg?sqp=-oaymwEcCNACELwBSFXyq4qpAw4IARUAAIhCGAFwAcABBg==&rs=AOn4CLADwhkQ4tMQfRpOHaFwRjacu5lcKw,El Dios de los Autos,external-reference,embed_link_and_summarize_only
PrfAm489BDk,https://www.youtube.com/watch?v=PrfAm489BDk,TOYOTA LAND CRUISER 2022 J300 ES FALSA AQUÍ TODA LA VERDAD,644.0,,videos,https://i.ytimg.com/vi/PrfAm489BDk/hqdefault.jpg?sqp=-oaymwEcCNACELwBSFXyq4qpAw4IARUAAIhCGAFwAcABBg==&rs=AOn4CLB1Z5v-2pWkZqw7cWluFI3phtEt8w,El Dios de los Autos,external-reference,embed_link_and_summarize_only
wRiXz-7wzPY,https://www.youtube.com/watch?v=wRiXz-7wzPY,LA MISMA POTENCIA POR MUCHA MÁS PLATA ¿PORQUE?,606.0,,videos,https://i.ytimg.com/vi/wRiXz-7wzPY/hqdefault.jpg?sqp=-oaymwEcCNACELwBSFXyq4qpAw4IARUAAIhCGAFwAcABBg==&rs=AOn4CLBHlDbbBvXEK9m6V3A05jeocOfSwg,El Dios de los Autos,external-reference,embed_link_and_summarize_only
DiYkCDxOas0,https://www.youtube.com/watch?v=DiYkCDxOas0,"KIA CARNIVAL 2022 ES INUTIL, TODAS LO SON.",1005.0,,videos,https://i.ytimg.com/vi/DiYkCDxOas0/hqdefault.jpg?sqp=-oaymwEcCNACELwBSFXyq4qpAw4IARUAAIhCGAFwAcABBg==&rs=AOn4CLDxoBtR_m2lJ6YYrwxcyJ4pu7aHaw,El Dios de los Autos,external-reference,embed_link_and_summarize_only
OX_MIHGZgrM,https://www.youtube.com/watch?v=OX_MIHGZgrM,NISSAN ACABA DE CAMBIAR EL FUTURO,736.0,,videos,https://i.ytimg.com/vi/OX_MIHGZgrM/hqdefault.jpg?sqp=-oaymwEcCNACELwBSFXyq4qpAw4IARUAAIhCGAFwAcABBg==&rs=AOn4CLBKfnOqcUjTCnms6R3ALnaojVtjXw,El Dios de los Autos,external-reference,embed_link_and_summarize_only
_A-lpYImNBY,https://www.youtube.com/watch?v=_A-lpYImNBY,DESCUBRÍ EL AUTO MÁS M@R1KA DEL MUNDO Y TE EXPLICO POR QUÉ,622.0,,videos,https://i.ytimg.com/vi/_A-lpYImNBY/hqdefault.jpg?sqp=-oaymwEcCNACELwBSFXyq4qpAw4IARUAAIhCGAFwAcABBg==&rs=AOn4CLC719ifMs7D1VMNEirzPCrULM3qbg,El Dios de los Autos,external-reference,embed_link_and_summarize_only
4c_jLtqzlTU,https://www.youtube.com/watch?v=4c_jLtqzlTU,TOYOTA CELICA ESTÁ DE REGRESO,638.0,,videos,https://i.ytimg.com/vi/4c_jLtqzlTU/hqdefault.jpg?sqp=-oaymwEcCNACELwBSFXyq4qpAw4IARUAAIhCGAFwAcABBg==&rs=AOn4CLBuBCMopj_hfT66L_8cqdCSgwm8eA,El Dios de los Autos,external-reference,embed_link_and_summarize_only
Ew1aTzSJa7E,https://www.youtube.com/watch?v=Ew1aTzSJa7E,"CUIDADO CORVETTE, HA LLEGADO EL NISSAN GT-R",479.0,,videos,https://i.ytimg.com/vi/Ew1aTzSJa7E/hqdefault.jpg?sqp=-oaymwEcCNACELwBSFXyq4qpAw4IARUAAIhCGAFwAcABBg==&rs=AOn4CLDAqC4v7omUtjJAKhSZzhSXDUGI2Q,El Dios de los Autos,external-reference,embed_link_and_summarize_only
JZg-IdxC9IU,https://www.youtube.com/watch?v=JZg-IdxC9IU,LEXUS HA TOMADO EL LUGAR DE BMW,562.0,,videos,https://i.ytimg.com/vi/JZg-IdxC9IU/hqdefault.jpg?sqp=-oaymwEcCNACELwBSFXyq4qpAw4IARUAAIhCGAFwAcABBg==&rs=AOn4CLAOxURoyF_wLj1AxJx7-3Y7-5-hTg,El Dios de los Autos,external-reference,embed_link_and_summarize_only
gu7JLKxVp6s,https://www.youtube.com/watch?v=gu7JLKxVp6s,MARCAS CARAS QUE FUERON MUY BARATAS AL INICIO,587.0,,videos,https://i.ytimg.com/vi/gu7JLKxVp6s/hqdefault.jpg?sqp=-oaymwEcCNACELwBSFXyq4qpAw4IARUAAIhCGAFwAcABBg==&rs=AOn4CLAidfndrOCO5tR-DApTKU-TjyBOUQ,El Dios de los Autos,external-reference,embed_link_and_summarize_only
SmhSk3pg4B8,https://www.youtube.com/watch?v=SmhSk3pg4B8,MAZDA ES LA MEJOR MARCA DEL MUNDO,491.0,,videos,https://i.ytimg.com/vi/SmhSk3pg4B8/hqdefault.jpg?sqp=-oaymwEcCNACELwBSFXyq4qpAw4IARUAAIhCGAFwAcABBg==&rs=AOn4CLA8QJXyT75z5l7d4HAhKliuUBo2IQ,El Dios de los Autos,external-reference,embed_link_and_summarize_only
-7xsm57qY3w,https://www.youtube.com/watch?v=-7xsm57qY3w,POR ESTO PREFIERO CAMARO A MUSTANG O CHALLENGER,986.0,,videos,https://i.ytimg.com/vi/-7xsm57qY3w/hqdefault.jpg?sqp=-oaymwEcCNACELwBSFXyq4qpAw4IARUAAIhCGAFwAcABBg==&rs=AOn4CLCpO-yfuuJflv_bjDoJIBIaW9VEDQ,El Dios de los Autos,external-reference,embed_link_and_summarize_only
OwLWh-3nyDk,https://www.youtube.com/watch?v=OwLWh-3nyDk,LA VERDAD QUE NADIE QUIERE DECIR DEL NISSAN MARCH 2021,443.0,,videos,https://i.ytimg.com/vi/OwLWh-3nyDk/hqdefault.jpg?sqp=-oaymwEcCNACELwBSFXyq4qpAw4IARUAAIhCGAFwAcABBg==&rs=AOn4CLDX3XF7vhDKaZefpDXCP-cRlyfdJA,El Dios de los Autos,external-reference,embed_link_and_summarize_only
-h3V1FDUkac,https://www.youtube.com/watch?v=-h3V1FDUkac,HYUNDAI ACABA DE CAMBIAR EL FUTURO Y TOYOTA NO ESTÁ CONTENTO,604.0,,videos,https://i.ytimg.com/vi/-h3V1FDUkac/hqdefault.jpg?sqp=-oaymwEcCNACELwBSFXyq4qpAw4IARUAAIhCGAFwAcABBg==&rs=AOn4CLAAcI-sWNg4fm7mozaWPCULHPb6lA,El Dios de los Autos,external-reference,embed_link_and_summarize_only
uF6-tTgmk30,https://www.youtube.com/watch?v=uF6-tTgmk30,UN AUTO SI COMPRA LA FELICIDAD Y TE EXPLICO POR QUÉ,656.0,,videos,https://i.ytimg.com/vi/uF6-tTgmk30/hqdefault.jpg?sqp=-oaymwEcCNACELwBSFXyq4qpAw4IARUAAIhCGAFwAcABBg==&rs=AOn4CLD5zlJ6Q4aUKxdGxyxn0HshnGDNIw,El Dios de los Autos,external-reference,embed_link_and_summarize_only
tvWM9BvvGU0,https://www.youtube.com/watch?v=tvWM9BvvGU0,TU YOUTUBER FAVORITO QUIERE ROMPERME LA CARA,553.0,,videos,https://i.ytimg.com/vi/tvWM9BvvGU0/hqdefault.jpg?sqp=-oaymwEcCNACELwBSFXyq4qpAw4IARUAAIhCGAFwAcABBg==&rs=AOn4CLBqz5nHoYkISBDmWemeNSkzNNrJKA,El Dios de los Autos,external-reference,embed_link_and_summarize_only
vyjoT9UiCMo,https://www.youtube.com/watch?v=vyjoT9UiCMo,MEJORES SUV ECONÓMICAS CALIDAD PRECIO 2021,709.0,,videos,https://i.ytimg.com/vi/vyjoT9UiCMo/hqdefault.jpg?sqp=-oaymwEcCNACELwBSFXyq4qpAw4IARUAAIhCGAFwAcABBg==&rs=AOn4CLAQGjIwFot60aK1dAly7INkYNx6ew,El Dios de los Autos,external-reference,embed_link_and_summarize_only
t_SvpIYO-Ak,https://www.youtube.com/watch?v=t_SvpIYO-Ak,¿PORQUE LOS HOMBRES PREFERIMOS LOS AUTOS AMERICANOS?,597.0,,videos,https://i.ytimg.com/vi/t_SvpIYO-Ak/hqdefault.jpg?sqp=-oaymwEcCNACELwBSFXyq4qpAw4IARUAAIhCGAFwAcABBg==&rs=AOn4CLDHO93Dw2F-WpyPi0Lt0QRcer6hcQ,El Dios de los Autos,external-reference,embed_link_and_summarize_only
mPAzkwmWrEo,https://www.youtube.com/watch?v=mPAzkwmWrEo,DIME QUE AUTO TIENES Y TE DIRE QUIEN ERES,393.0,,videos,https://i.ytimg.com/vi/mPAzkwmWrEo/hqdefault.jpg?sqp=-oaymwEcCNACELwBSFXyq4qpAw4IARUAAIhCGAFwAcABBg==&rs=AOn4CLCoiOaDqYPsa9EE4vKSP4EWYRRitA,El Dios de los Autos,external-reference,embed_link_and_summarize_only
cROCVAn09j4,https://www.youtube.com/watch?v=cROCVAn09j4,CONFIRMADO: NUNCA VIMOS NADA COMO RAPTOR R 2022,579.0,,videos,https://i.ytimg.com/vi/cROCVAn09j4/hqdefault.jpg?sqp=-oaymwEcCNACELwBSFXyq4qpAw4IARUAAIhCGAFwAcABBg==&rs=AOn4CLDFSl89Z4PacsVOQ7Tzl5r_XjSrVw,El Dios de los Autos,external-reference,embed_link_and_summarize_only
0xBPb6-jaDI,https://www.youtube.com/watch?v=0xBPb6-jaDI,POR ESTO ME ENCANTA LA NISSAN FRONTIER 2022,778.0,,videos,https://i.ytimg.com/vi/0xBPb6-jaDI/hqdefault.jpg?sqp=-oaymwEcCNACELwBSFXyq4qpAw4IARUAAIhCGAFwAcABBg==&rs=AOn4CLCLbsjOUUUGVO95Mfs_LqxBc8674Q,El Dios de los Autos,external-reference,embed_link_and_summarize_only
tN3NrwSbl2s,https://www.youtube.com/watch?v=tN3NrwSbl2s,¿QUE ESCONDEN LOS AUTOS DEL SUPER BOWL?,863.0,,videos,https://i.ytimg.com/vi/tN3NrwSbl2s/hqdefault.jpg?sqp=-oaymwEcCNACELwBSFXyq4qpAw4IARUAAIhCGAFwAcABBg==&rs=AOn4CLD4Fd9BwopqVgtZSf7wXmykm-e3jw,El Dios de los Autos,external-reference,embed_link_and_summarize_only
KAyyGEuUMyQ,https://www.youtube.com/watch?v=KAyyGEuUMyQ,SSC TUATARA AHORA SI ES EL AUTO MÁS RÁPIDO DEL MUNDO,733.0,,videos,https://i.ytimg.com/vi/KAyyGEuUMyQ/hqdefault.jpg?sqp=-oaymwEcCNACELwBSFXyq4qpAw4IARUAAIhCGAFwAcABBg==&rs=AOn4CLA6TYMnQtKb9OuIJv8Cl684EcaA6g,El Dios de los Autos,external-reference,embed_link_and_summarize_only
do_B04gj4W0,https://www.youtube.com/watch?v=do_B04gj4W0,AUTOS RECHAZADOS DE RAPIDOS Y FURIOSOS 1,589.0,,videos,https://i.ytimg.com/vi/do_B04gj4W0/hqdefault.jpg?sqp=-oaymwEcCNACELwBSFXyq4qpAw4IARUAAIhCGAFwAcABBg==&rs=AOn4CLAkvjbmesPb-KuahXqAdRuduPW9Vg,El Dios de los Autos,external-reference,embed_link_and_summarize_only
OdYWi5Go4d4,https://www.youtube.com/watch?v=OdYWi5Go4d4,ASÍ ESCOGEN LOS AUTOS DE LAS PELICULAS,688.0,,videos,https://i.ytimg.com/vi/OdYWi5Go4d4/hqdefault.jpg?sqp=-oaymwEcCNACELwBSFXyq4qpAw4IARUAAIhCGAFwAcABBg==&rs=AOn4CLDxjaIx74L0ZVJfiul-EeYleSnziA,El Dios de los Autos,external-reference,embed_link_and_summarize_only
aCQH1aS1K-Y,https://www.youtube.com/watch?v=aCQH1aS1K-Y,"ASÍ STELLANTIS HUMILLARÁ A TOYOTA, CHEVROLET Y VOLKSWAGEN",734.0,,videos,https://i.ytimg.com/vi/aCQH1aS1K-Y/hqdefault.jpg?sqp=-oaymwEcCNACELwBSFXyq4qpAw4IARUAAIhCGAFwAcABBg==&rs=AOn4CLCGjYjRCkB34_Jr9ODOuWI4Xmjuqg,El Dios de los Autos,external-reference,embed_link_and_summarize_only
r84fMyjdmYU,https://www.youtube.com/watch?v=r84fMyjdmYU,FORD RAPTOR 2021 DESTROZA A RAM 1500 TRX Y TE EXPLICO POR QUÉ,782.0,,videos,https://i.ytimg.com/vi/r84fMyjdmYU/hqdefault.jpg?sqp=-oaymwEcCNACELwBSFXyq4qpAw4IARUAAIhCGAFwAcABBg==&rs=AOn4CLClFMus_b2wlkWhF1Thd9KGDB93aw,El Dios de los Autos,external-reference,embed_link_and_summarize_only
E-1PhJi-ufI,https://www.youtube.com/watch?v=E-1PhJi-ufI,ASÍ FUNCIONA UN AUTO ELECTRICO (A PRUEBA DE IDIOTAS),557.0,,videos,https://i.ytimg.com/vi/E-1PhJi-ufI/hqdefault.jpg?sqp=-oaymwEcCNACELwBSFXyq4qpAw4IARUAAIhCGAFwAcABBg==&rs=AOn4CLAOKTmIfRsBFUtzo-okpw3ao_Zh5g,El Dios de los Autos,external-reference,embed_link_and_summarize_only
92YZUJiSR_I,https://www.youtube.com/watch?v=92YZUJiSR_I,¡ESTA MODIFICACIÓN ES ESPECTACULAR Y ES GRATIS!,629.0,,videos,https://i.ytimg.com/vi/92YZUJiSR_I/hqdefault.jpg?sqp=-oaymwEcCNACELwBSFXyq4qpAw4IARUAAIhCGAFwAcABBg==&rs=AOn4CLCtGIXhupHmCrB93yblmJll-z7VfQ,El Dios de los Autos,external-reference,embed_link_and_summarize_only
0Q8rJf97CX0,https://www.youtube.com/watch?v=0Q8rJf97CX0,5 SEÑALES DE QUE TU AUTO YA NO SIRVE PARA NADA,539.0,,videos,https://i.ytimg.com/vi/0Q8rJf97CX0/hqdefault.jpg?sqp=-oaymwEcCNACELwBSFXyq4qpAw4IARUAAIhCGAFwAcABBg==&rs=AOn4CLDEj44-Y5-zfYt38zZmadlvv1wxRg,El Dios de los Autos,external-reference,embed_link_and_summarize_only
7qvnabqEVTk,https://www.youtube.com/watch?v=7qvnabqEVTk,COMPRAR UN AUTO USADO CON MUCHO RECORRIDO ¿VALE LA PENA?,545.0,,videos,https://i.ytimg.com/vi/7qvnabqEVTk/hqdefault.jpg?sqp=-oaymwEcCNACELwBSFXyq4qpAw4IARUAAIhCGAFwAcABBg==&rs=AOn4CLAIkLS8yBlB0VdTglGsgco-GyhkvA,El Dios de los Autos,external-reference,embed_link_and_summarize_only
M6JrHw93fjY,https://www.youtube.com/watch?v=M6JrHw93fjY,LA OSCURA VERDAD DETRAS DEL NISSAN GT-R,642.0,,videos,https://i.ytimg.com/vi/M6JrHw93fjY/hqdefault.jpg?sqp=-oaymwEcCNACELwBSFXyq4qpAw4IARUAAIhCGAFwAcABBg==&rs=AOn4CLBN8PUnwqzVGQXzO-UrPf9YVuQx9w,El Dios de los Autos,external-reference,embed_link_and_summarize_only
KHiqlAsQKPo,https://www.youtube.com/watch?v=KHiqlAsQKPo,DIME TU AUTO FAVORITO Y TE DIRE QUIEN ERES,352.0,,videos,https://i.ytimg.com/vi/KHiqlAsQKPo/hqdefault.jpg?sqp=-oaymwEcCNACELwBSFXyq4qpAw4IARUAAIhCGAFwAcABBg==&rs=AOn4CLCG_bqpwrfqjce8yi7Wa0ZrH3MMCQ,El Dios de los Autos,external-reference,embed_link_and_summarize_only
PhQMl7PjTh0,https://www.youtube.com/watch?v=PhQMl7PjTh0,LO QUE TODOS QUEREMOS Y NUNCA TENDREMOS,670.0,,videos,https://i.ytimg.com/vi/PhQMl7PjTh0/hqdefault.jpg?sqp=-oaymwEcCNACELwBSFXyq4qpAw4IARUAAIhCGAFwAcABBg==&rs=AOn4CLAUfSg6ZfUiL4fWNjMg36qZ4fpKuA,El Dios de los Autos,external-reference,embed_link_and_summarize_only
zEAWXdq9QoI,https://www.youtube.com/watch?v=zEAWXdq9QoI,ESTE MOTOR CHINO ACABA DE CAMBIAR EL MUNDO,458.0,,videos,https://i.ytimg.com/vi/zEAWXdq9QoI/hqdefault.jpg?sqp=-oaymwEcCNACELwBSFXyq4qpAw4IARUAAIhCGAFwAcABBg==&rs=AOn4CLBpN7ZdDI09ZsmMhrZJaI8Ptymi7A,El Dios de los Autos,external-reference,embed_link_and_summarize_only
zuGzyu0M5RY,https://www.youtube.com/watch?v=zuGzyu0M5RY,INGENIEROS DE TOYOTA ME ODIARÁN POR ESTO,683.0,,videos,https://i.ytimg.com/vi/zuGzyu0M5RY/hqdefault.jpg?sqp=-oaymwEcCNACELwBSFXyq4qpAw4IARUAAIhCGAFwAcABBg==&rs=AOn4CLBLqxW5lw410lQeYqdU4isfWvipsg,El Dios de los Autos,external-reference,embed_link_and_summarize_only
mxR3mDRo8FQ,https://www.youtube.com/watch?v=mxR3mDRo8FQ,MEJORES AUTOS ECONÓMICOS CALIDAD PRECIO 2021,825.0,,videos,https://i.ytimg.com/vi/mxR3mDRo8FQ/hqdefault.jpg?sqp=-oaymwEcCNACELwBSFXyq4qpAw4IARUAAIhCGAFwAcABBg==&rs=AOn4CLCvl2WirO7OdF2_oDX5cZM-HvRcKw,El Dios de los Autos,external-reference,embed_link_and_summarize_only
J7p4cGbHH9Q,https://www.youtube.com/watch?v=J7p4cGbHH9Q,¿PUEDE UN CHEVROLET VENCER AL FERRARI MÁS BARATO?,751.0,,videos,https://i.ytimg.com/vi/J7p4cGbHH9Q/hqdefault.jpg?sqp=-oaymwEcCNACELwBSFXyq4qpAw4IARUAAIhCGAFwAcABBg==&rs=AOn4CLDPKqufvy0cZUM7QmK1ayEUaKzZbg,El Dios de los Autos,external-reference,embed_link_and_summarize_only
itktWgSWLeA,https://www.youtube.com/watch?v=itktWgSWLeA,EL RUBIUS SE MUDA A ANDORRA POR UN SUPER AUTO DEPORTIVO,544.0,,videos,https://i.ytimg.com/vi/itktWgSWLeA/hqdefault.jpg?sqp=-oaymwEcCNACELwBSFXyq4qpAw4IARUAAIhCGAFwAcABBg==&rs=AOn4CLD-DsIMUnMqEd6rLQSAKkGKB1xRtQ,El Dios de los Autos,external-reference,embed_link_and_summarize_only
lRpBDXuZBms,https://www.youtube.com/watch?v=lRpBDXuZBms,5 AUTOS ABURRIDOS QUE EN REALIDAD SON DIVERTIDOS,565.0,,videos,https://i.ytimg.com/vi/lRpBDXuZBms/hqdefault.jpg?sqp=-oaymwEcCNACELwBSFXyq4qpAw4IARUAAIhCGAFwAcABBg==&rs=AOn4CLCposD6Tg8UXrNCAs7ydj5gVISxmQ,El Dios de los Autos,external-reference,embed_link_and_summarize_only
vqGLe5UkYp0,https://www.youtube.com/watch?v=vqGLe5UkYp0,DESCUBRÍ EL SECRETO QUE NINGUNA MARCA DE AUTOS QUIERE QUE SEPAS,606.0,,videos,https://i.ytimg.com/vi/vqGLe5UkYp0/hqdefault.jpg?sqp=-oaymwEcCNACELwBSFXyq4qpAw4IARUAAIhCGAFwAcABBg==&rs=AOn4CLDy9KKAVEAkm9BIkT_6GMgbjbfIaw,El Dios de los Autos,external-reference,embed_link_and_summarize_only
B6TDtzuIWh8,https://www.youtube.com/watch?v=B6TDtzuIWh8,FORD MUSTANG HA DESTRUIDO A CHALLENGER Y CAMARO,512.0,,videos,https://i.ytimg.com/vi/B6TDtzuIWh8/hqdefault.jpg?sqp=-oaymwEcCNACELwBSFXyq4qpAw4IARUAAIhCGAFwAcABBg==&rs=AOn4CLAhjBdTCcQqxbiG4PNmcaWo4QArMg,El Dios de los Autos,external-reference,embed_link_and_summarize_only
0ksoCvWVCak,https://www.youtube.com/watch?v=0ksoCvWVCak,HAZ ESTO Y TU AUTO AUTOMÁTICO DURARA PARA SIEMPRE,664.0,,videos,https://i.ytimg.com/vi/0ksoCvWVCak/hqdefault.jpg?sqp=-oaymwEcCNACELwBSFXyq4qpAw4IARUAAIhCGAFwAcABBg==&rs=AOn4CLB5M2Cfo6QQKXtX-YuCpQyjYs_o0g,El Dios de los Autos,external-reference,embed_link_and_summarize_only
-7XXaVzgKqM,https://www.youtube.com/watch?v=-7XXaVzgKqM,ESTA EMPRESA RUSA ACABA DE CAMBIAR EL MUNDO,712.0,,videos,https://i.ytimg.com/vi/-7XXaVzgKqM/hqdefault.jpg?sqp=-oaymwEcCNACELwBSFXyq4qpAw4IARUAAIhCGAFwAcABBg==&rs=AOn4CLAlndrjy8BEhYYHyfxzUgWeAI-iAA,El Dios de los Autos,external-reference,embed_link_and_summarize_only
eo3g0pzpghg,https://www.youtube.com/watch?v=eo3g0pzpghg,"CONFIRMADO: ALIANZA TOYOTA ,SUBARU, BMW TRAE UNA LEYENDA DE REGRESO",667.0,,videos,https://i.ytimg.com/vi/eo3g0pzpghg/hqdefault.jpg?sqp=-oaymwEcCNACELwBSFXyq4qpAw4IARUAAIhCGAFwAcABBg==&rs=AOn4CLDoAtuKLpqhwu8rwBKpzvOl7issSg,El Dios de los Autos,external-reference,embed_link_and_summarize_only
jyv0DoeMsCU,https://www.youtube.com/watch?v=jyv0DoeMsCU,LA PORQUERÍA DETRAS DEL PROBLEMA CON MG,998.0,,videos,https://i.ytimg.com/vi/jyv0DoeMsCU/hqdefault.jpg?sqp=-oaymwEcCNACELwBSFXyq4qpAw4IARUAAIhCGAFwAcABBg==&rs=AOn4CLCKciNTLWH_LLPI0GY3IlSFpHy3og,El Dios de los Autos,external-reference,embed_link_and_summarize_only
7UvECtp2ZxA,https://www.youtube.com/watch?v=7UvECtp2ZxA,5 VERSIONES PARA MACHOS DE AUTOS AFEMINADOS,481.0,,videos,https://i.ytimg.com/vi/7UvECtp2ZxA/hqdefault.jpg?sqp=-oaymwEcCNACELwBSFXyq4qpAw4IARUAAIhCGAFwAcABBg==&rs=AOn4CLCmTRJj7cI8xst17fLRW_jRKu2jAQ,El Dios de los Autos,external-reference,embed_link_and_summarize_only
qcUhj4Wth0o,https://www.youtube.com/watch?v=qcUhj4Wth0o,CADILLAC XLR 2022 HUMILLA AL CORVETTE Y HACE TRIZAS A R8,466.0,,videos,https://i.ytimg.com/vi/qcUhj4Wth0o/hqdefault.jpg?sqp=-oaymwEcCNACELwBSFXyq4qpAw4IARUAAIhCGAFwAcABBg==&rs=AOn4CLDxaSQi_HmNv_DnLSJ0lv7TGGtPdA,El Dios de los Autos,external-reference,embed_link_and_summarize_only
OPMPAuHbwek,https://www.youtube.com/watch?v=OPMPAuHbwek,CONFIRMADO: KEN BLOCK ES EN REALIDAD ERICK ESTRADA,594.0,,videos,https://i.ytimg.com/vi/OPMPAuHbwek/hqdefault.jpg?sqp=-oaymwEcCNACELwBSFXyq4qpAw4IARUAAIhCGAFwAcABBg==&rs=AOn4CLAnewVw9a9d-8ziYnJihIQMIIl1xg,El Dios de los Autos,external-reference,embed_link_and_summarize_only
AjLDYv7Ii14,https://www.youtube.com/watch?v=AjLDYv7Ii14,POR ESTO LA FORD F-150 2021 NO NECESITA UN MOTOR ENORME,988.0,,videos,https://i.ytimg.com/vi/AjLDYv7Ii14/hqdefault.jpg?sqp=-oaymwEcCNACELwBSFXyq4qpAw4IARUAAIhCGAFwAcABBg==&rs=AOn4CLAIr-uiTyJ5_Ghw6s9KTnwkZdKhYw,El Dios de los Autos,external-reference,embed_link_and_summarize_only
2yohRUFM2wU,https://www.youtube.com/watch?v=2yohRUFM2wU,TODOS LOS LANZAMIENTOS PARA 2021,969.0,,videos,https://i.ytimg.com/vi/2yohRUFM2wU/hqdefault.jpg?sqp=-oaymwEcCNACELwBSFXyq4qpAw4IARUAAIhCGAFwAcABBg==&rs=AOn4CLDIoKtveHZ4ZMyTWu8UJ7rlrtR5-A,El Dios de los Autos,external-reference,embed_link_and_summarize_only
WT_4y9O3MLQ,https://www.youtube.com/watch?v=WT_4y9O3MLQ,¿DONDE ESTÁ EL TOYOTA GT86 2021?,678.0,,videos,https://i.ytimg.com/vi/WT_4y9O3MLQ/hqdefault.jpg?sqp=-oaymwEcCNACELwBSFXyq4qpAw4IARUAAIhCGAFwAcABBg==&rs=AOn4CLAp_mDPRXGBcPKerjN5Vyx6F7jOtQ,El Dios de los Autos,external-reference,embed_link_and_summarize_only
SZiurNLJ3lw,https://www.youtube.com/watch?v=SZiurNLJ3lw,TENGO QUE HACER ESTE VIDEO SOBRE MG,825.0,,videos,https://i.ytimg.com/vi/SZiurNLJ3lw/hqdefault.jpg?sqp=-oaymwEcCNACELwBSFXyq4qpAw4IARUAAIhCGAFwAcABBg==&rs=AOn4CLAP9W5QMxMFFMZMxmiGKwk7rywFvQ,El Dios de los Autos,external-reference,embed_link_and_summarize_only
9fjpLaBSJqo,https://www.youtube.com/watch?v=9fjpLaBSJqo,EL VERDADERO MOTIVO DEL APURO POR ELECTRIFICAR,604.0,,videos,https://i.ytimg.com/vi/9fjpLaBSJqo/hqdefault.jpg?sqp=-oaymwEcCNACELwBSFXyq4qpAw4IARUAAIhCGAFwAcABBg==&rs=AOn4CLCrTISb17OxsGMIhaXBgHpFZIv5_w,El Dios de los Autos,external-reference,embed_link_and_summarize_only
y1F8XDmLPTk,https://www.youtube.com/watch?v=y1F8XDmLPTk,REWIND CANALES DE AUTOS 2020 - El Dios de los autos,371.0,,videos,https://i.ytimg.com/vi/y1F8XDmLPTk/hqdefault.jpg?sqp=-oaymwEcCNACELwBSFXyq4qpAw4IARUAAIhCGAFwAcABBg==&rs=AOn4CLDzKaTRFqWofMjJmkaXEU4qs6BqiQ,El Dios de los Autos,external-reference,embed_link_and_summarize_only
xU1h2NSd-6s,https://www.youtube.com/watch?v=xU1h2NSd-6s,5 PEORES AUTOS DEL 2020,586.0,,videos,https://i.ytimg.com/vi/xU1h2NSd-6s/hqdefault.jpg?sqp=-oaymwEcCNACELwBSFXyq4qpAw4IARUAAIhCGAFwAcABBg==&rs=AOn4CLCuZjXs4w4k8nMW8GLzJp7oIRqA2g,El Dios de los Autos,external-reference,embed_link_and_summarize_only
bVk9HKRD9pA,https://www.youtube.com/watch?v=bVk9HKRD9pA,5 MEJORES AUTOS DEL 2020,784.0,,videos,https://i.ytimg.com/vi/bVk9HKRD9pA/hqdefault.jpg?sqp=-oaymwEcCNACELwBSFXyq4qpAw4IARUAAIhCGAFwAcABBg==&rs=AOn4CLBghfLB6Q-t-4eRmqTPmjpCLkjT9g,El Dios de los Autos,external-reference,embed_link_and_summarize_only
qNI4-QbpMf4,https://www.youtube.com/watch?v=qNI4-QbpMf4,MEJORES CANALES DE AUTOS DEL 2020 - PREMIOS CREADORES DIOS DE LOS AUTOS,1125.0,,videos,https://i.ytimg.com/vi/qNI4-QbpMf4/hqdefault.jpg?sqp=-oaymwEcCNACELwBSFXyq4qpAw4IARUAAIhCGAFwAcABBg==&rs=AOn4CLAbQZ60W--i54Njtbq73H3FAL9BqQ,El Dios de los Autos,external-reference,embed_link_and_summarize_only
MHe7p0_qgs0,https://www.youtube.com/watch?v=MHe7p0_qgs0,"5 COSAS QUE TE HACEN UN ""IMBECIL DE LOS AUTOS""",659.0,,videos,https://i.ytimg.com/vi/MHe7p0_qgs0/hqdefault.jpg?sqp=-oaymwEcCNACELwBSFXyq4qpAw4IARUAAIhCGAFwAcABBg==&rs=AOn4CLCxpfcVxWU7Ge_MZnJObvqWzEaJJA,El Dios de los Autos,external-reference,embed_link_and_summarize_only
F18jPQVNPjg,https://www.youtube.com/watch?v=F18jPQVNPjg,HONDA ACURA MDX 2022 LES TIENE GANAS,1474.0,,videos,https://i.ytimg.com/vi/F18jPQVNPjg/hqdefault.jpg?sqp=-oaymwEcCNACELwBSFXyq4qpAw4IARUAAIhCGAFwAcABBg==&rs=AOn4CLCBNMfWTtwYj48ZEmSU9JXYz3tVcg,El Dios de los Autos,external-reference,embed_link_and_summarize_only
YuOky97MY1c,https://www.youtube.com/watch?v=YuOky97MY1c,"TELEFONO LAMBORGHINI, RELOJ FERRARI, ROPA PORSCHE ¿VALEN LA PENA?",885.0,,videos,https://i.ytimg.com/vi/YuOky97MY1c/hqdefault.jpg?sqp=-oaymwEcCNACELwBSFXyq4qpAw4IARUAAIhCGAFwAcABBg==&rs=AOn4CLDF3O8o4zldco2Y2EfkNNHAesTTxw,El Dios de los Autos,external-reference,embed_link_and_summarize_only
X1RdoODYFTw,https://www.youtube.com/watch?v=X1RdoODYFTw,GANA MUCHO DINERO SIENDO YOUTUBER DE AUTOS,745.0,,videos,https://i.ytimg.com/vi/X1RdoODYFTw/hqdefault.jpg?sqp=-oaymwEcCNACELwBSFXyq4qpAw4IARUAAIhCGAFwAcABBg==&rs=AOn4CLA1RfArE5EAz_iQVz4D7SVfuLFNSg,El Dios de los Autos,external-reference,embed_link_and_summarize_only
CvL6COwRccw,https://www.youtube.com/watch?v=CvL6COwRccw,LO QUE YO PIENSO DEL JAC J7,1186.0,,videos,https://i.ytimg.com/vi/CvL6COwRccw/hqdefault.jpg?sqp=-oaymwEcCNACELwBSFXyq4qpAw4IARUAAIhCGAFwAcABBg==&rs=AOn4CLCFD1totDZR99SBWhdBh8nqDIYZIg,El Dios de los Autos,external-reference,embed_link_and_summarize_only
GRQy5iame0U,https://www.youtube.com/watch?v=GRQy5iame0U,LANZAMIENTOS EN 2021 SERÁN ALUCINANTES Y TE EXPLICO POR QUÉ,772.0,,videos,https://i.ytimg.com/vi/GRQy5iame0U/hqdefault.jpg?sqp=-oaymwEcCNACELwBSFXyq4qpAw4IARUAAIhCGAFwAcABBg==&rs=AOn4CLDuwIzTaToejjBZykkDNd_TpOUx3Q,El Dios de los Autos,external-reference,embed_link_and_summarize_only
Ru8BoHDVkWk,https://www.youtube.com/watch?v=Ru8BoHDVkWk,¡NISSAN ARMADA 2021 APLASTAAA!,785.0,,videos,https://i.ytimg.com/vi/Ru8BoHDVkWk/hqdefault.jpg?sqp=-oaymwEcCNACELwBSFXyq4qpAw4IARUAAIhCGAFwAcABBg==&rs=AOn4CLDrRSR_R0NfijMJamnH4MOmGLEavA,El Dios de los Autos,external-reference,embed_link_and_summarize_only
nq5LNbTPXeY,https://www.youtube.com/watch?v=nq5LNbTPXeY,TOYOTA ACABA DE CAMBIAR EL MUNDO Y TE EXPLICO POR QUÉ,776.0,,videos,https://i.ytimg.com/vi/nq5LNbTPXeY/hqdefault.jpg?sqp=-oaymwEcCNACELwBSFXyq4qpAw4IARUAAIhCGAFwAcABBg==&rs=AOn4CLDP_6I9WWwAH06DPxST7xUOBKB4VA,El Dios de los Autos,external-reference,embed_link_and_summarize_only
iOliNyltaF0,https://www.youtube.com/watch?v=iOliNyltaF0,"¡SUBARU BRZ STI 2021 ""ACABA"" CON TODOS!",628.0,,videos,https://i.ytimg.com/vi/iOliNyltaF0/hqdefault.jpg?sqp=-oaymwEcCNACELwBSFXyq4qpAw4IARUAAIhCGAFwAcABBg==&rs=AOn4CLBfGjGg5if8_Y2hfOJxCR1PBSjOiQ,El Dios de los Autos,external-reference,embed_link_and_summarize_only
OxO4wL43Gxg,https://www.youtube.com/watch?v=OxO4wL43Gxg,ESTA PICK UP CHINA ME HA SORPRENDIDO,820.0,,videos,https://i.ytimg.com/vi/OxO4wL43Gxg/hqdefault.jpg?sqp=-oaymwEcCNACELwBSFXyq4qpAw4IARUAAIhCGAFwAcABBg==&rs=AOn4CLAHIeJJGkVWyc0AFkdNgTPXKfDt-g,El Dios de los Autos,external-reference,embed_link_and_summarize_only
cilPRx0xrfM,https://www.youtube.com/watch?v=cilPRx0xrfM,SOLO UN IDIOTA HARÍA ESTO EN SU AUTO,476.0,,videos,https://i.ytimg.com/vi/cilPRx0xrfM/hqdefault.jpg?sqp=-oaymwEcCNACELwBSFXyq4qpAw4IARUAAIhCGAFwAcABBg==&rs=AOn4CLCqOs9-db29Nv4WcZXR7ho560BJYw,El Dios de los Autos,external-reference,embed_link_and_summarize_only
yHOsK69yfsA,https://www.youtube.com/watch?v=yHOsK69yfsA,¿COMO HACER RÁPIDO UN AUTO MUY LENTO?,820.0,,videos,https://i.ytimg.com/vi/yHOsK69yfsA/hqdefault.jpg?sqp=-oaymwEcCNACELwBSFXyq4qpAw4IARUAAIhCGAFwAcABBg==&rs=AOn4CLAn5Y7LhnQFiYoVU79igD3Z_kGgCQ,El Dios de los Autos,external-reference,embed_link_and_summarize_only
VSxYt3cuS2c,https://www.youtube.com/watch?v=VSxYt3cuS2c,¿QUE HACE PREMIUM A UN AUTO PREMIUM?,562.0,,videos,https://i.ytimg.com/vi/VSxYt3cuS2c/hqdefault.jpg?sqp=-oaymwEcCNACELwBSFXyq4qpAw4IARUAAIhCGAFwAcABBg==&rs=AOn4CLDq-rO3jfgs2okjomQVjFE3F9-ayQ,El Dios de los Autos,external-reference,embed_link_and_summarize_only
cfBkWFuNwP4,https://www.youtube.com/watch?v=cfBkWFuNwP4,RENAULT ARKANA 2021 ME EXCITA Y TE EXPLICO POR QUÉ,848.0,,videos,https://i.ytimg.com/vi/cfBkWFuNwP4/hqdefault.jpg?sqp=-oaymwEcCNACELwBSFXyq4qpAw4IARUAAIhCGAFwAcABBg==&rs=AOn4CLBWmxbtkIiBhKlPJ8xI0hEdL4RlDA,El Dios de los Autos,external-reference,embed_link_and_summarize_only
shoR38ufZVw,https://www.youtube.com/watch?v=shoR38ufZVw,CONOCE AL NUEVO DUEÑO DE LAMBORGHINI Y BUGATTI,656.0,,videos,https://i.ytimg.com/vi/shoR38ufZVw/hqdefault.jpg?sqp=-oaymwEcCNACELwBSFXyq4qpAw4IARUAAIhCGAFwAcABBg==&rs=AOn4CLC1fx-_bFT13nXfDzdzndh0ZqIqfQ,El Dios de los Autos,external-reference,embed_link_and_summarize_only
JwKZVpHrnkY,https://www.youtube.com/watch?v=JwKZVpHrnkY,HYUNDAI GENESIS GV70 2021 ES UN PORSCHE Y TENGO PRUEBAS,554.0,,videos,https://i.ytimg.com/vi/JwKZVpHrnkY/hqdefault.jpg?sqp=-oaymwEcCNACELwBSFXyq4qpAw4IARUAAIhCGAFwAcABBg==&rs=AOn4CLCmszvAHdZADrRYUYAm11r0bLZtPQ,El Dios de los Autos,external-reference,embed_link_and_summarize_only
1kdiHNAjhj4,https://www.youtube.com/watch?v=1kdiHNAjhj4,LOS AUTOS ELECTRICOS NO SON LA SOLUCIÓN,629.0,,videos,https://i.ytimg.com/vi/1kdiHNAjhj4/hqdefault.jpg?sqp=-oaymwEcCNACELwBSFXyq4qpAw4IARUAAIhCGAFwAcABBg==&rs=AOn4CLBgu5YiChWjDbmSRZGla1ujwNvYFQ,El Dios de los Autos,external-reference,embed_link_and_summarize_only
o3eJcd24Xnw,https://www.youtube.com/watch?v=o3eJcd24Xnw,MAZDA 3 TURBO ES MÁS IMPORTANTE DE LO QUE CREES,948.0,,videos,https://i.ytimg.com/vi/o3eJcd24Xnw/hqdefault.jpg?sqp=-oaymwEcCNACELwBSFXyq4qpAw4IARUAAIhCGAFwAcABBg==&rs=AOn4CLBXTCFEfQrF4RT1ZSIVbN-mfFGLGg,El Dios de los Autos,external-reference,embed_link_and_summarize_only
53ad8lxqsBM,https://www.youtube.com/watch?v=53ad8lxqsBM,MERCEDES-BENZ NO ES MEJOR POR SER CARO,592.0,,videos,https://i.ytimg.com/vi/53ad8lxqsBM/hqdefault.jpg?sqp=-oaymwEcCNACELwBSFXyq4qpAw4IARUAAIhCGAFwAcABBg==&rs=AOn4CLBigroBKSSi21FI6ZwtZSmXBnJSCw,El Dios de los Autos,external-reference,embed_link_and_summarize_only
vPjbNDg2Mds,https://www.youtube.com/watch?v=vPjbNDg2Mds,ESTO SE ESTÁ DESCONTROLANDO,693.0,,videos,https://i.ytimg.com/vi/vPjbNDg2Mds/hqdefault.jpg?sqp=-oaymwEcCNACELwBSFXyq4qpAw4IARUAAIhCGAFwAcABBg==&rs=AOn4CLBGFrJW21xH6kmAsPDe39PRBCqa4Q,El Dios de los Autos,external-reference,embed_link_and_summarize_only
EQscDn-PlzQ,https://www.youtube.com/watch?v=EQscDn-PlzQ,¿QUE ESTUDIAR SI TE GUSTAN LOS AUTOS?,745.0,,videos,https://i.ytimg.com/vi/EQscDn-PlzQ/hqdefault.jpg?sqp=-oaymwEcCNACELwBSFXyq4qpAw4IARUAAIhCGAFwAcABBg==&rs=AOn4CLC63_h67UiKPlyFvuCUsoSP14SV1A,El Dios de los Autos,external-reference,embed_link_and_summarize_only
sUoLpJfsyK0,https://www.youtube.com/watch?v=sUoLpJfsyK0,GANA MUCHO DINERO HACIENDO PRUEBAS DE MANEJO,795.0,,videos,https://i.ytimg.com/vi/sUoLpJfsyK0/hqdefault.jpg?sqp=-oaymwEcCNACELwBSFXyq4qpAw4IARUAAIhCGAFwAcABBg==&rs=AOn4CLD7gneCH01QdnN65eSCu2IDRiaMOQ,El Dios de los Autos,external-reference,embed_link_and_summarize_only
Ychp1PHjuCY,https://www.youtube.com/watch?v=Ychp1PHjuCY,¿PORQUE MOTORES DE F1 NO SE USAN EN AUTOS DE CALLE?,584.0,,videos,https://i.ytimg.com/vi/Ychp1PHjuCY/hqdefault.jpg?sqp=-oaymwEcCNACELwBSFXyq4qpAw4IARUAAIhCGAFwAcABBg==&rs=AOn4CLCGAX1Y7C74dDLSKVhn5gZNgA6rpQ,El Dios de los Autos,external-reference,embed_link_and_summarize_only
wT1SBVX4Y_U,https://www.youtube.com/watch?v=wT1SBVX4Y_U,EL VIDEO QUE TESLA NO QUIERE QUE VEAS,544.0,,videos,https://i.ytimg.com/vi/wT1SBVX4Y_U/hqdefault.jpg?sqp=-oaymwEcCNACELwBSFXyq4qpAw4IARUAAIhCGAFwAcABBg==&rs=AOn4CLDP5pjXuHNVws7AT1GZg8T8xh6Spw,El Dios de los Autos,external-reference,embed_link_and_summarize_only
PRR2yputGDU,https://www.youtube.com/watch?v=PRR2yputGDU,TODO EL MUNDO TIENE UN PRECIO,656.0,,videos,https://i.ytimg.com/vi/PRR2yputGDU/hqdefault.jpg?sqp=-oaymwEcCNACELwBSFXyq4qpAw4IARUAAIhCGAFwAcABBg==&rs=AOn4CLBwNVEySMOQsJAYfRSsZJY6YcyBgg,El Dios de los Autos,external-reference,embed_link_and_summarize_only
ijSK-Mibk_s,https://www.youtube.com/watch?v=ijSK-Mibk_s,¡ESTA MARCA DE AUTOS QUIERE DEMANDARME!,426.0,,videos,https://i.ytimg.com/vi/ijSK-Mibk_s/hqdefault.jpg?sqp=-oaymwEcCNACELwBSFXyq4qpAw4IARUAAIhCGAFwAcABBg==&rs=AOn4CLBAeP43jsZpqilUJmB4NK82jp-_vA,El Dios de los Autos,external-reference,embed_link_and_summarize_only
L20gm723bjE,https://www.youtube.com/watch?v=L20gm723bjE,POR ESTO COMPRARÉ UN SUBARU BRZ 2022,1637.0,,videos,https://i.ytimg.com/vi/L20gm723bjE/hqdefault.jpg?sqp=-oaymwEcCNACELwBSFXyq4qpAw4IARUAAIhCGAFwAcABBg==&rs=AOn4CLCrkwrpHQNyua79fMJq3S0DEx1mAA,El Dios de los Autos,external-reference,embed_link_and_summarize_only
PdgNTZ4eloU,https://www.youtube.com/watch?v=PdgNTZ4eloU,HONDA CIVIC 2022 APLASTA A MAZDA 3 Y LES EXPLICO POR QUÉ,844.0,,videos,https://i.ytimg.com/vi/PdgNTZ4eloU/hqdefault.jpg?sqp=-oaymwEcCNACELwBSFXyq4qpAw4IARUAAIhCGAFwAcABBg==&rs=AOn4CLCMsjOCNY_-5DfnmoJoLYALhfveWw,El Dios de los Autos,external-reference,embed_link_and_summarize_only
8Cu3Rc2jG5o,https://www.youtube.com/watch?v=8Cu3Rc2jG5o,JEEP WRANGLER 392 HA HUMILLADO A FORD,1286.0,,videos,https://i.ytimg.com/vi/8Cu3Rc2jG5o/hqdefault.jpg?sqp=-oaymwEcCNACELwBSFXyq4qpAw4IARUAAIhCGAFwAcABBg==&rs=AOn4CLD3UVenDXyRLte78mt9OoCO_jx7Tw,El Dios de los Autos,external-reference,embed_link_and_summarize_only
UeDPpYN8IzE,https://www.youtube.com/watch?v=UeDPpYN8IzE,INFILTRADO EN TWITCH BUSCANDO STREAMERS DE AUTOS,806.0,,videos,https://i.ytimg.com/vi/UeDPpYN8IzE/hqdefault.jpg?sqp=-oaymwEcCNACELwBSFXyq4qpAw4IARUAAIhCGAFwAcABBg==&rs=AOn4CLCSkxM80kDwTnAxCRWK5fwNjB7TDA,El Dios de los Autos,external-reference,embed_link_and_summarize_only
IGw5wdEka1I,https://www.youtube.com/watch?v=IGw5wdEka1I,"¿JUCA, SALOMUNDO O DON KOENIGSEGG? | Q&A PREGUNTAS Y RESPUESTAS - EL DIOS DE LOS AUTOS",1524.0,,videos,https://i.ytimg.com/vi/IGw5wdEka1I/hqdefault.jpg?sqp=-oaymwEcCNACELwBSFXyq4qpAw4IARUAAIhCGAFwAcABBg==&rs=AOn4CLB9WI2yH6vywxnmGdMe6VDV34mBkg,El Dios de los Autos,external-reference,embed_link_and_summarize_only
HOHJFlm3v_w,https://www.youtube.com/watch?v=HOHJFlm3v_w,DE MAZDA 2 A AUTO DE CARRERAS EN 4 SIMPLES PASOS,766.0,,videos,https://i.ytimg.com/vi/HOHJFlm3v_w/hqdefault.jpg?sqp=-oaymwEcCNACELwBSFXyq4qpAw4IARUAAIhCGAFwAcABBg==&rs=AOn4CLCF5G-RXYNgeJzBzRRPahY1KgQkLA,El Dios de los Autos,external-reference,embed_link_and_summarize_only
trhDwXsZf3Y,https://www.youtube.com/watch?v=trhDwXsZf3Y,NO HAY PEOR BASURA QUE UN VENDEDOR DE AUTOS,653.0,,videos,https://i.ytimg.com/vi/trhDwXsZf3Y/hqdefault.jpg?sqp=-oaymwEcCNACELwBSFXyq4qpAw4IARUAAIhCGAFwAcABBg==&rs=AOn4CLDmfQgCPVpGvnzRjMAMDG-mH8EsCg,El Dios de los Autos,external-reference,embed_link_and_summarize_only
4OLj9TLzC2A,https://www.youtube.com/watch?v=4OLj9TLzC2A,NISSAN NAVARA 2021 APLASTA A LA TOYOTA HILUX,1195.0,,videos,https://i.ytimg.com/vi/4OLj9TLzC2A/hqdefault.jpg?sqp=-oaymwEcCNACELwBSFXyq4qpAw4IARUAAIhCGAFwAcABBg==&rs=AOn4CLAtM3cr4Cbmvw-SbVzAewtlhcgMnA,El Dios de los Autos,external-reference,embed_link_and_summarize_only
vg5te5ouXqs,https://www.youtube.com/watch?v=vg5te5ouXqs,¿4WD o AWD? LES EXPLICO LA DIFERENCIA,540.0,,videos,https://i.ytimg.com/vi/vg5te5ouXqs/hqdefault.jpg?sqp=-oaymwEcCNACELwBSFXyq4qpAw4IARUAAIhCGAFwAcABBg==&rs=AOn4CLAIT_JgzGQejzLA4Wm3ZuPxQ81XOA,El Dios de los Autos,external-reference,embed_link_and_summarize_only
G-_UBTn6WMI,https://www.youtube.com/watch?v=G-_UBTn6WMI,SI TE RIES PIERDES NIVEL DIOS DE LOS AUTOS (SOLO INTELECTUALES),606.0,,videos,https://i.ytimg.com/vi/G-_UBTn6WMI/hqdefault.jpg?sqp=-oaymwEcCNACELwBSFXyq4qpAw4IARUAAIhCGAFwAcABBg==&rs=AOn4CLBd_vSJTtl4RylfvP9RxHlwD6f_pw,El Dios de los Autos,external-reference,embed_link_and_summarize_only
egra-LHuC20,https://www.youtube.com/watch?v=egra-LHuC20,LA VERDAD EN TU CARA DE LA MAZDA CX-5,594.0,,videos,https://i.ytimg.com/vi/egra-LHuC20/hqdefault.jpg?sqp=-oaymwEcCNACELwBSFXyq4qpAw4IARUAAIhCGAFwAcABBg==&rs=AOn4CLBLemv1PUEe14_gTAEcqO5siSddKQ,El Dios de los Autos,external-reference,embed_link_and_summarize_only
ckpm9HU_Vao,https://www.youtube.com/watch?v=ckpm9HU_Vao,BUGATTI ACABA DE DESTROZAR AL TUATARA Y A KOENIGSEGG,995.0,,videos,https://i.ytimg.com/vi/ckpm9HU_Vao/hqdefault.jpg?sqp=-oaymwEcCNACELwBSFXyq4qpAw4IARUAAIhCGAFwAcABBg==&rs=AOn4CLAX4NU6h7NhC6DGJTijrgRWtLw8Ew,El Dios de los Autos,external-reference,embed_link_and_summarize_only
cM7f8XDh9bw,https://www.youtube.com/watch?v=cM7f8XDh9bw,¿ES REALMENTE FALSO EL RECORD DEL SSC TUATARA?,824.0,,videos,https://i.ytimg.com/vi/cM7f8XDh9bw/hqdefault.jpg?sqp=-oaymwEcCNACELwBSFXyq4qpAw4IARUAAIhCGAFwAcABBg==&rs=AOn4CLDl6jAbS7Mda_NRyDp7mlSQyYwwUg,El Dios de los Autos,external-reference,embed_link_and_summarize_only
nxMhXYxNOf8,https://www.youtube.com/watch?v=nxMhXYxNOf8,LAS SUV SON BASURA Y TE EXPLICO POR QUÉ,610.0,,videos,https://i.ytimg.com/vi/nxMhXYxNOf8/hqdefault.jpg?sqp=-oaymwEcCNACELwBSFXyq4qpAw4IARUAAIhCGAFwAcABBg==&rs=AOn4CLDCfnTn7OubAXBrB9bT3E5eeHxXnQ,El Dios de los Autos,external-reference,embed_link_and_summarize_only
e02_3PMNAcU,https://www.youtube.com/watch?v=e02_3PMNAcU,"GMC HUMMER EV DESTROZA A RAPTOR, TRX Y CYBERTRUCK",1112.0,,videos,https://i.ytimg.com/vi/e02_3PMNAcU/hqdefault.jpg?sqp=-oaymwEcCNACELwBSFXyq4qpAw4IARUAAIhCGAFwAcABBg==&rs=AOn4CLABRI8Z09RoEFmO3IbypcxSIfFIug,El Dios de los Autos,external-reference,embed_link_and_summarize_only
HDBt04cl5zc,https://www.youtube.com/watch?v=HDBt04cl5zc,LUISITO COMUNICA DEBERÍA COMPRAR ESTE SUPERAUTO,475.0,,videos,https://i.ytimg.com/vi/HDBt04cl5zc/hqdefault.jpg?sqp=-oaymwEcCNACELwBSFXyq4qpAw4IARUAAIhCGAFwAcABBg==&rs=AOn4CLCEQqtBTAkAusi0e_7sYjSgDQ1tQg,El Dios de los Autos,external-reference,embed_link_and_summarize_only
Ogc3PDhbm4I,https://www.youtube.com/watch?v=Ogc3PDhbm4I,LUISITO COMUNICA FUE ESTAFADO CON LAMBORGHINI Y LES EXPLICO POR QUÉ,920.0,,videos,https://i.ytimg.com/vi/Ogc3PDhbm4I/hqdefault.jpg?sqp=-oaymwEcCNACELwBSFXyq4qpAw4IARUAAIhCGAFwAcABBg==&rs=AOn4CLCXFk100HDYBEUlz4H4R4fc2ZVh9w,El Dios de los Autos,external-reference,embed_link_and_summarize_only
pB5KBRtdEwQ,https://www.youtube.com/watch?v=pB5KBRtdEwQ,MERCEDES BENZ C63 AMG | MOTURBATE,676.0,,videos,https://i.ytimg.com/vi/pB5KBRtdEwQ/hqdefault.jpg?sqp=-oaymwEcCNACELwBSFXyq4qpAw4IARUAAIhCGAFwAcABBg==&rs=AOn4CLAT90j-7IBuQf1Wp0zInsWvcazLuQ,El Dios de los Autos,external-reference,embed_link_and_summarize_only
NBhoVpwrVD4,https://www.youtube.com/watch?v=NBhoVpwrVD4,ATENCIÓN: RED BULL COMPRARÁ HONDA Y HARÁ DEPORTIVOS,643.0,,videos,https://i.ytimg.com/vi/NBhoVpwrVD4/hqdefault.jpg?sqp=-oaymwEcCNACELwBSFXyq4qpAw4IARUAAIhCGAFwAcABBg==&rs=AOn4CLAJS1E0vMu_hrZ1qSxxuRMz5snn7g,El Dios de los Autos,external-reference,embed_link_and_summarize_only
mn0ZGUqx0Kw,https://www.youtube.com/watch?v=mn0ZGUqx0Kw,¡HONDA INTEGRA TYPE R 2021!,420.0,,videos,https://i.ytimg.com/vi/mn0ZGUqx0Kw/hqdefault.jpg?sqp=-oaymwEcCNACELwBSFXyq4qpAw4IARUAAIhCGAFwAcABBg==&rs=AOn4CLA7gMdNYfliDVk_GUerFE5mLHf49w,El Dios de los Autos,external-reference,embed_link_and_summarize_only
rDtsC_SdTH0,https://www.youtube.com/watch?v=rDtsC_SdTH0,ELLOS QUIEREN DESTRUIRME (MI RESPUESTA),788.0,,videos,https://i.ytimg.com/vi/rDtsC_SdTH0/hqdefault.jpg?sqp=-oaymwEcCNACELwBSFXyq4qpAw4IARUAAIhCGAFwAcABBg==&rs=AOn4CLCCaC8LyzDaK0gLurfLfsJ0QqiXBQ,El Dios de los Autos,external-reference,embed_link_and_summarize_only
T4tTo6ClaG0,https://www.youtube.com/watch?v=T4tTo6ClaG0,RENAULT DUSTER | LA VERDAD EN TU CARA,726.0,,videos,https://i.ytimg.com/vi/T4tTo6ClaG0/hqdefault.jpg?sqp=-oaymwEcCNACELwBSFXyq4qpAw4IARUAAIhCGAFwAcABBg==&rs=AOn4CLAsGBKAdxS5cAEjVxRKme7SSbNjqQ,El Dios de los Autos,external-reference,embed_link_and_summarize_only
G7IJOxmArig,https://www.youtube.com/watch?v=G7IJOxmArig,SSC TUATARA ES EL NUEVO AUTO MÁS RÁPIDO DEL MUNDO,509.0,,videos,https://i.ytimg.com/vi/G7IJOxmArig/hqdefault.jpg?sqp=-oaymwEcCNACELwBSFXyq4qpAw4IARUAAIhCGAFwAcABBg==&rs=AOn4CLA95PMg58-caD1P0UbnBZZUoCTNNQ,El Dios de los Autos,external-reference,embed_link_and_summarize_only
mjlkMuLAUL8,https://www.youtube.com/watch?v=mjlkMuLAUL8,NISSAN SENTRA 2020 VS TOYOTA COROLLA 2020 ¿CUÁL ES MEJOR?,708.0,,videos,https://i.ytimg.com/vi/mjlkMuLAUL8/hqdefault.jpg?sqp=-oaymwEcCNACELwBSFXyq4qpAw4IARUAAIhCGAFwAcABBg==&rs=AOn4CLCAUeq_PyftVS9Op_ykxvytt92QTQ,El Dios de los Autos,external-reference,embed_link_and_summarize_only
N45JE4tsu6E,https://www.youtube.com/watch?v=N45JE4tsu6E,TENEMOS QUE DETENERLOS O SERÁ MUY TARDE.,547.0,,videos,https://i.ytimg.com/vi/N45JE4tsu6E/hqdefault.jpg?sqp=-oaymwEcCNACELwBSFXyq4qpAw4IARUAAIhCGAFwAcABBg==&rs=AOn4CLCY5JzCrCHgONl6Tj8NqowFQDrEIg,El Dios de los Autos,external-reference,embed_link_and_summarize_only
Aa743lzjWAU,https://www.youtube.com/watch?v=Aa743lzjWAU,MOTURBATE CON EL JEEP WRANGLER,776.0,,videos,https://i.ytimg.com/vi/Aa743lzjWAU/hqdefault.jpg?sqp=-oaymwEcCNACELwBSFXyq4qpAw4IARUAAIhCGAFwAcABBg==&rs=AOn4CLAV82qKD2zm3pAzKBd1KqRnbRKQmg,El Dios de los Autos,external-reference,embed_link_and_summarize_only
a64jffywqOY,https://www.youtube.com/watch?v=a64jffywqOY,¿QUE TAN REAL ES EL SIM RACING MÁS REALISTA?,910.0,,videos,https://i.ytimg.com/vi/a64jffywqOY/hqdefault.jpg?sqp=-oaymwEcCNACELwBSFXyq4qpAw4IARUAAIhCGAFwAcABBg==&rs=AOn4CLBXOCb5J7AEe4YRta_GDIopL6LDqg,El Dios de los Autos,external-reference,embed_link_and_summarize_only
4scTHIsFWak,https://www.youtube.com/watch?v=4scTHIsFWak,¿COMPRAR UN BMW BASICO ES BUEN IDEA? | LA VERDAD EN TU CARA: BMW SERIE 1 2020,755.0,,videos,https://i.ytimg.com/vi/4scTHIsFWak/hqdefault.jpg?sqp=-oaymwEcCNACELwBSFXyq4qpAw4IARUAAIhCGAFwAcABBg==&rs=AOn4CLB2_9YXEqbv-YXw_FYzZV6QCack0Q,El Dios de los Autos,external-reference,embed_link_and_summarize_only
QQJ1OukBjxU,https://www.youtube.com/watch?v=QQJ1OukBjxU,MEJORES MODIFICACIONES PARA ARRANCONES / PIQUES / PICADAS,649.0,,videos,https://i.ytimg.com/vi/QQJ1OukBjxU/hqdefault.jpg?sqp=-oaymwEcCNACELwBSFXyq4qpAw4IARUAAIhCGAFwAcABBg==&rs=AOn4CLDnl0X8xhcSv54643HFOlVUivCQsw,El Dios de los Autos,external-reference,embed_link_and_summarize_only
z-w0RXlluNM,https://www.youtube.com/watch?v=z-w0RXlluNM,LA VERDAD EN TU CARA: TOYOTA COROLLA 2020,843.0,,videos,https://i.ytimg.com/vi/z-w0RXlluNM/hqdefault.jpg?sqp=-oaymwEcCNACELwBSFXyq4qpAw4IARUAAIhCGAFwAcABBg==&rs=AOn4CLDrlu-sfP43xp8VJ_CeFJs7GnpqWw,El Dios de los Autos,external-reference,embed_link_and_summarize_only
IrstBYe_pIw,https://www.youtube.com/watch?v=IrstBYe_pIw,"HYUNDAI Y EL ""MUJER AL VOLANTE..."" (EPICO)",891.0,,videos,https://i.ytimg.com/vi/IrstBYe_pIw/hqdefault.jpg?sqp=-oaymwEcCNACELwBSFXyq4qpAw4IARUAAIhCGAFwAcABBg==&rs=AOn4CLDe4Kn4FsxFuszcyQmTcDT06m5vGQ,El Dios de los Autos,external-reference,embed_link_and_summarize_only
gliSccqQbbU,https://www.youtube.com/watch?v=gliSccqQbbU,EL OSCURO FINAL DE HONDA (SE DESPIDEN),404.0,,videos,https://i.ytimg.com/vi/gliSccqQbbU/hqdefault.jpg?sqp=-oaymwEcCNACELwBSFXyq4qpAw4IARUAAIhCGAFwAcABBg==&rs=AOn4CLAMG_4RYOMMNHKSWiOUqa9PAJkpPw,El Dios de los Autos,external-reference,embed_link_and_summarize_only
XaOqGxJtU_0,https://www.youtube.com/watch?v=XaOqGxJtU_0,5 AUTOS RAPIDOS QUE PARECEN LENTOS 2020-2021,460.0,,videos,https://i.ytimg.com/vi/XaOqGxJtU_0/hqdefault.jpg?sqp=-oaymwEcCNACELwBSFXyq4qpAw4IARUAAIhCGAFwAcABBg==&rs=AOn4CLAYNP0K5NOk3Yt-jRYWZqT-X9hMfQ,El Dios de los Autos,external-reference,embed_link_and_summarize_only
9Fun95Hcj3c,https://www.youtube.com/watch?v=9Fun95Hcj3c,AÚN TENEMOS A DODGE.,574.0,,videos,https://i.ytimg.com/vi/9Fun95Hcj3c/hqdefault.jpg?sqp=-oaymwEcCNACELwBSFXyq4qpAw4IARUAAIhCGAFwAcABBg==&rs=AOn4CLDEIJw0ilVXfSnTgVF1TrMK61fwwA,El Dios de los Autos,external-reference,embed_link_and_summarize_only
96peCjubd1s,https://www.youtube.com/watch?v=96peCjubd1s,SUBARU BRZ / TOYOTA GT86 2021 ES UN GANADOR,636.0,,videos,https://i.ytimg.com/vi/96peCjubd1s/hqdefault.jpg?sqp=-oaymwEcCNACELwBSFXyq4qpAw4IARUAAIhCGAFwAcABBg==&rs=AOn4CLCFuoTWPvthOPR8xZLy4WtqYjVK9g,El Dios de los Autos,external-reference,embed_link_and_summarize_only
RP8M5v1LMyk,https://www.youtube.com/watch?v=RP8M5v1LMyk,¡FERRARI PUROSANGUE SUV LO CAMBIA TODO!,635.0,,videos,https://i.ytimg.com/vi/RP8M5v1LMyk/hqdefault.jpg?sqp=-oaymwEcCNACELwBSFXyq4qpAw4IARUAAIhCGAFwAcABBg==&rs=AOn4CLDzZwFTfEC24OAzI2CdVTG3jcn_yg,El Dios de los Autos,external-reference,embed_link_and_summarize_only
a8feT7575FA,https://www.youtube.com/watch?v=a8feT7575FA,EL DIOS DE LOS AUTOS ENFRENTA A JAIME GABALDONI,1400.0,,videos,https://i.ytimg.com/vi/a8feT7575FA/hqdefault.jpg?sqp=-oaymwEcCNACELwBSFXyq4qpAw4IARUAAIhCGAFwAcABBg==&rs=AOn4CLCtJSeBEO_h8MmvkhuYqBCzPdghAA,El Dios de los Autos,external-reference,embed_link_and_summarize_only
Ofd3KMEKUTA,https://www.youtube.com/watch?v=Ofd3KMEKUTA,NISSAN 400Z NISMO SE G@RCHA A TODOS,655.0,,videos,https://i.ytimg.com/vi/Ofd3KMEKUTA/hqdefault.jpg?sqp=-oaymwEcCNACELwBSFXyq4qpAw4IARUAAIhCGAFwAcABBg==&rs=AOn4CLCOGtE-59VWwOPepBqaLLUUNSulmA,El Dios de los Autos,external-reference,embed_link_and_summarize_only
cvuKhjzQJCg,https://www.youtube.com/watch?v=cvuKhjzQJCg,SUBARU ASEGURA APLASTARÁ AL MUSTANG CON WRX 2021,701.0,,videos,https://i.ytimg.com/vi/cvuKhjzQJCg/hqdefault.jpg?sqp=-oaymwEcCNACELwBSFXyq4qpAw4IARUAAIhCGAFwAcABBg==&rs=AOn4CLDYlPnEYlosT3SskRrF8kwSKAxfKw,El Dios de los Autos,external-reference,embed_link_and_summarize_only
7Xnv0frDOp8,https://www.youtube.com/watch?v=7Xnv0frDOp8,EL ADIOS DEL BMW M3/M4 EN 2021,838.0,,videos,https://i.ytimg.com/vi/7Xnv0frDOp8/hqdefault.jpg?sqp=-oaymwEcCNACELwBSFXyq4qpAw4IARUAAIhCGAFwAcABBg==&rs=AOn4CLBA17wIBUEDoDS-0Dm0XIKNBIGU-g,El Dios de los Autos,external-reference,embed_link_and_summarize_only
gnXW49RTAFA,https://www.youtube.com/watch?v=gnXW49RTAFA,5 MODIFICACIONES QUE TRANSFORMAN AL KIA RIO,849.0,,videos,https://i.ytimg.com/vi/gnXW49RTAFA/hqdefault.jpg?sqp=-oaymwEcCNACELwBSFXyq4qpAw4IARUAAIhCGAFwAcABBg==&rs=AOn4CLCkVT_2KNxI_uKujmLRIRylKnTfAw,El Dios de los Autos,external-reference,embed_link_and_summarize_only
2L1Vl_icw-c,https://www.youtube.com/watch?v=2L1Vl_icw-c,BMW M3/M4 2021 SACA LO PEOR DE MI,761.0,,videos,https://i.ytimg.com/vi/2L1Vl_icw-c/hqdefault.jpg?sqp=-oaymwEcCNACELwBSFXyq4qpAw4IARUAAIhCGAFwAcABBg==&rs=AOn4CLBTxZ_kiwvmzpgCVwPcWMl5fjspig,El Dios de los Autos,external-reference,embed_link_and_summarize_only
JCF0Vm0-9Rg,https://www.youtube.com/watch?v=JCF0Vm0-9Rg,¡SI HABRÁ NISSAN GT-R R36!,929.0,,videos,https://i.ytimg.com/vi/JCF0Vm0-9Rg/hqdefault.jpg?sqp=-oaymwEcCNACELwBSFXyq4qpAw4IARUAAIhCGAFwAcABBg==&rs=AOn4CLASWKX36YDjykj5Nhp0cLFxrNRBhg,El Dios de los Autos,external-reference,embed_link_and_summarize_only
trAI-FGfJLE,https://www.youtube.com/watch?v=trAI-FGfJLE,ME RETRACTO,1323.0,,videos,https://i.ytimg.com/vi/trAI-FGfJLE/hqdefault.jpg?sqp=-oaymwEcCNACELwBSFXyq4qpAw4IARUAAIhCGAFwAcABBg==&rs=AOn4CLBH47cVpj2hgtOPUR8YPDasG-wiuA,El Dios de los Autos,external-reference,embed_link_and_summarize_only
seJU9rc4xr4,https://www.youtube.com/watch?v=seJU9rc4xr4,EL MEDIO MÁS IMPORTANTE QUIERE CONTRATARME,702.0,,videos,https://i.ytimg.com/vi/seJU9rc4xr4/hqdefault.jpg?sqp=-oaymwEcCNACELwBSFXyq4qpAw4IARUAAIhCGAFwAcABBg==&rs=AOn4CLDsackaRXnw10D9b34kS9QAco2z7Q,El Dios de los Autos,external-reference,embed_link_and_summarize_only
rUXeEVOu-Fk,https://www.youtube.com/watch?v=rUXeEVOu-Fk,¿QUE OCULTA NISSAN DETRAS DEL NUEVO Z?,806.0,,videos,https://i.ytimg.com/vi/rUXeEVOu-Fk/hqdefault.jpg?sqp=-oaymwEcCNACELwBSFXyq4qpAw4IARUAAIhCGAFwAcABBg==&rs=AOn4CLD_exR3DjAvKN0FmkXG2jJwLBxM_g,El Dios de los Autos,external-reference,embed_link_and_summarize_only
x7mJcXOI8LU,https://www.youtube.com/watch?v=x7mJcXOI8LU,¡NISSAN Z PROTO AL FIN! Y ES UN RECTÁNGULO,1362.0,,videos,https://i.ytimg.com/vi/x7mJcXOI8LU/hqdefault.jpg?sqp=-oaymwEcCNACELwBSFXyq4qpAw4IARUAAIhCGAFwAcABBg==&rs=AOn4CLARh2boswkPUhWGnFHrp0fM_uaRPA,El Dios de los Autos,external-reference,embed_link_and_summarize_only
Vs1_8Txk8sQ,https://www.youtube.com/watch?v=Vs1_8Txk8sQ,LAMBORGHINI VS FERRARI ¿QUIEN ES EL REY ITALIANO?,878.0,,videos,https://i.ytimg.com/vi/Vs1_8Txk8sQ/hqdefault.jpg?sqp=-oaymwEcCNACELwBSFXyq4qpAw4IARUAAIhCGAFwAcABBg==&rs=AOn4CLC6Uj8OYd09VlUZtHKRKGpTdcjFrA,El Dios de los Autos,external-reference,embed_link_and_summarize_only
tJA66rAD39U,https://www.youtube.com/watch?v=tJA66rAD39U,EL OSCURO SECRETO DEL PRIMER MUSCLE CAR,534.0,,videos,https://i.ytimg.com/vi/tJA66rAD39U/hqdefault.jpg?sqp=-oaymwEcCNACELwBSFXyq4qpAw4IARUAAIhCGAFwAcABBg==&rs=AOn4CLCmjGFhY0xk_sGbWKghcq8HK0v_Cw,El Dios de los Autos,external-reference,embed_link_and_summarize_only
x8-nuTn0ZTM,https://www.youtube.com/watch?v=x8-nuTn0ZTM,REDUCCIÓN DE PESO - EXPLICACIÓN A PRUEBA DE IDIOTAS,705.0,,videos,https://i.ytimg.com/vi/x8-nuTn0ZTM/hqdefault.jpg?sqp=-oaymwEcCNACELwBSFXyq4qpAw4IARUAAIhCGAFwAcABBg==&rs=AOn4CLBdKmLPGEO644c8lXE2RwBOf8aSCQ,El Dios de los Autos,external-reference,embed_link_and_summarize_only
rFXBQ-ZOPdY,https://www.youtube.com/watch?v=rFXBQ-ZOPdY,¡IMPACTANTE! NO TODOS LOS CROSSOVER SON UNA MIER%@,608.0,,videos,https://i.ytimg.com/vi/rFXBQ-ZOPdY/hqdefault.jpg?sqp=-oaymwEcCNACELwBSFXyq4qpAw4IARUAAIhCGAFwAcABBg==&rs=AOn4CLBaBo4WnKV1hGXboBniOQ-Fp5Sd4A,El Dios de los Autos,external-reference,embed_link_and_summarize_only
53lo-VSehnw,https://www.youtube.com/watch?v=53lo-VSehnw,HYUNDAI ELANTRA N 2021 HUMILLA A HONDA,602.0,,videos,https://i.ytimg.com/vi/53lo-VSehnw/hqdefault.jpg?sqp=-oaymwEcCNACELwBSFXyq4qpAw4IARUAAIhCGAFwAcABBg==&rs=AOn4CLD2GjYXSZJM06QuGNkAGU7bkpDb5Q,El Dios de los Autos,external-reference,embed_link_and_summarize_only
Dee_Gj6ExfI,https://www.youtube.com/watch?v=Dee_Gj6ExfI,MODIFICACIONES QUE TRANSFORMAN A LA HONDA CR-V,868.0,,videos,https://i.ytimg.com/vi/Dee_Gj6ExfI/hqdefault.jpg?sqp=-oaymwEcCNACELwBSFXyq4qpAw4IARUAAIhCGAFwAcABBg==&rs=AOn4CLDZMB4fbCZ_auIs8Erky2-OgoSA0g,El Dios de los Autos,external-reference,embed_link_and_summarize_only
2euof4PwKxk,https://www.youtube.com/watch?v=2euof4PwKxk,EL DIOS DE LOS AUTOS ENFRENTA A TUNER GARAGE,1426.0,,videos,https://i.ytimg.com/vi/2euof4PwKxk/hqdefault.jpg?sqp=-oaymwEcCNACELwBSFXyq4qpAw4IARUAAIhCGAFwAcABBg==&rs=AOn4CLAqA1cfMtUUEjwwhPA5Saru0yJFQw,El Dios de los Autos,external-reference,embed_link_and_summarize_only
ETsk_edDN0c,https://www.youtube.com/watch?v=ETsk_edDN0c,LA VERDAD EN TU CARA: NISSAN SENTRA 2020,749.0,,videos,https://i.ytimg.com/vi/ETsk_edDN0c/hqdefault.jpg?sqp=-oaymwEcCNACELwBSFXyq4qpAw4IARUAAIhCGAFwAcABBg==&rs=AOn4CLB22C32cVAjKlQvGTRFM_6_z21TKQ,El Dios de los Autos,external-reference,embed_link_and_summarize_only
-16--9FoQYg,https://www.youtube.com/watch?v=-16--9FoQYg,NISSAN 400Z ES TODO LO QUE QUERÍAMOS,656.0,,videos,https://i.ytimg.com/vi/-16--9FoQYg/hqdefault.jpg?sqp=-oaymwEcCNACELwBSFXyq4qpAw4IARUAAIhCGAFwAcABBg==&rs=AOn4CLBbn5lE51kkXQvnxiBvUZvBUWSuYw,El Dios de los Autos,external-reference,embed_link_and_summarize_only
NWwXmCyq1_4,https://www.youtube.com/watch?v=NWwXmCyq1_4,EL DIOS DE LOS AUTOS ODIA CHEVROLET,483.0,,videos,https://i.ytimg.com/vi/NWwXmCyq1_4/hqdefault.jpg?sqp=-oaymwEcCNACELwBSFXyq4qpAw4IARUAAIhCGAFwAcABBg==&rs=AOn4CLDTu0QETeHzJljRafErl_6dssvZJw,El Dios de los Autos,external-reference,embed_link_and_summarize_only
ssGivKAZOcE,https://www.youtube.com/watch?v=ssGivKAZOcE,5 AUTOS INCREÍBLES QUE SON BUENOS PARA TODO,705.0,,videos,https://i.ytimg.com/vi/ssGivKAZOcE/hqdefault.jpg?sqp=-oaymwEcCNACELwBSFXyq4qpAw4IARUAAIhCGAFwAcABBg==&rs=AOn4CLDakhdZVGGTv9BokZ4vNBRLThkpUg,El Dios de los Autos,external-reference,embed_link_and_summarize_only
sahOkiW_n-w,https://www.youtube.com/watch?v=sahOkiW_n-w,OBSOLESCENCIA PROGRAMADA - EXPLICACIÓN A PRUEBA DE IDIOTAS,567.0,,videos,https://i.ytimg.com/vi/sahOkiW_n-w/hqdefault.jpg?sqp=-oaymwEcCNACELwBSFXyq4qpAw4IARUAAIhCGAFwAcABBg==&rs=AOn4CLAtdDFM0AhovUmIBSvZqpq784kK5Q,El Dios de los Autos,external-reference,embed_link_and_summarize_only
hdjOtBVgWB8,https://www.youtube.com/watch?v=hdjOtBVgWB8,UNA MARCA DE AUTOS HACKEO MI CANAL - EL DIOS DE LOS AUTOS,431.0,,videos,https://i.ytimg.com/vi/hdjOtBVgWB8/hqdefault.jpg?sqp=-oaymwEcCNACELwBSFXyq4qpAw4IARUAAIhCGAFwAcABBg==&rs=AOn4CLAuTu4xtjHOLYOYqgsBxMCZcrIveA,El Dios de los Autos,external-reference,embed_link_and_summarize_only
XlfO83pDYU4,https://www.youtube.com/watch?v=XlfO83pDYU4,¡INCREÍBLE! 2020 SE LLEVA A MUCHOS...,755.0,,videos,https://i.ytimg.com/vi/XlfO83pDYU4/hqdefault.jpg?sqp=-oaymwEcCNACELwBSFXyq4qpAw4IARUAAIhCGAFwAcABBg==&rs=AOn4CLBtpUHoVK1V-U6Q16bp3S4eCl8RmA,El Dios de los Autos,external-reference,embed_link_and_summarize_only
1yvEmZapo8E,https://www.youtube.com/watch?v=1yvEmZapo8E,LA VERDAD EN TU CARA: CHEVROLET TRACKER 2021,653.0,,videos,https://i.ytimg.com/vi/1yvEmZapo8E/hqdefault.jpg?sqp=-oaymwEcCNACELwBSFXyq4qpAw4IARUAAIhCGAFwAcABBg==&rs=AOn4CLBnSxyzogu3hFvHgNhUo_pdSgiGkg,El Dios de los Autos,external-reference,embed_link_and_summarize_only
dBt6j0yNzHo,https://www.youtube.com/watch?v=dBt6j0yNzHo,INYECCIÓN DIRECTA VS MULTIPUNTO | EXPLICACIÓN A PRUEBA DE IDIOTAS,587.0,,videos,https://i.ytimg.com/vi/dBt6j0yNzHo/hqdefault.jpg?sqp=-oaymwEcCNACELwBSFXyq4qpAw4IARUAAIhCGAFwAcABBg==&rs=AOn4CLCiy0wmuqmfl1oW2Ccgm9pMRUU7XA,El Dios de los Autos,external-reference,embed_link_and_summarize_only
vZRvI3qdO3U,https://www.youtube.com/watch?v=vZRvI3qdO3U,TOYOTA COROLLA APEX SPORT 2021,544.0,,videos,https://i.ytimg.com/vi/vZRvI3qdO3U/hqdefault.jpg?sqp=-oaymwEcCNACELwBSFXyq4qpAw4IARUAAIhCGAFwAcABBg==&rs=AOn4CLCVewGK2EAllzkju9lqTzvgySvRWg,El Dios de los Autos,external-reference,embed_link_and_summarize_only
w-S54l7vuvQ,https://www.youtube.com/watch?v=w-S54l7vuvQ,NADA CONSUME MENOS QUE EL HONDA CITY 2021,803.0,,videos,https://i.ytimg.com/vi/w-S54l7vuvQ/hqdefault.jpg?sqp=-oaymwEcCNACELwBSFXyq4qpAw4IARUAAIhCGAFwAcABBg==&rs=AOn4CLAA5aBZsncra8k8HKBUvBioXG5Zkg,El Dios de los Autos,external-reference,embed_link_and_summarize_only
6XZpXRACJho,https://www.youtube.com/watch?v=6XZpXRACJho,¿PRIMER AUTO? COMPRA UNO DE ESTOS,671.0,,videos,https://i.ytimg.com/vi/6XZpXRACJho/hqdefault.jpg?sqp=-oaymwEcCNACELwBSFXyq4qpAw4IARUAAIhCGAFwAcABBg==&rs=AOn4CLBNl-l8vXju_fIAWnXUNuYneRPFpA,El Dios de los Autos,external-reference,embed_link_and_summarize_only
RYBTaDjAWwo,https://www.youtube.com/watch?v=RYBTaDjAWwo,¡RECUPERÉ MI CANAL DE YOUTUBE! - EL DIOS DE LOS AUTOS,561.0,,videos,https://i.ytimg.com/vi/RYBTaDjAWwo/hqdefault.jpg?sqp=-oaymwEcCNACELwBSFXyq4qpAw4IARUAAIhCGAFwAcABBg==&rs=AOn4CLC8PjLky1v86hSpeHJfqqxIaa1e8Q,El Dios de los Autos,external-reference,embed_link_and_summarize_only
QNZizl-NYiY,https://www.youtube.com/watch?v=QNZizl-NYiY,VOLKSWAGEN GOLF GTI | MOTURBATE,840.0,,videos,https://i.ytimg.com/vi/QNZizl-NYiY/hqdefault.jpg?sqp=-oaymwEcCNACELwBSFXyq4qpAw4IARUAAIhCGAFwAcABBg==&rs=AOn4CLCNAx3MLs9YonA0pB9XSjgWzSG2Gg,El Dios de los Autos,external-reference,embed_link_and_summarize_only
5_J9u_3uOEQ,https://www.youtube.com/watch?v=5_J9u_3uOEQ,COMPRE UN GOLF GTI Y ME ESTAFARON!!!,750.0,,videos,https://i.ytimg.com/vi/5_J9u_3uOEQ/hqdefault.jpg?sqp=-oaymwEcCNACELwBSFXyq4qpAw4IARUAAIhCGAFwAcABBg==&rs=AOn4CLBsN6HTic3wbpgxy0uEPdEWV4tTVw,El Dios de los Autos,external-reference,embed_link_and_summarize_only
0beyiJfd73E,https://www.youtube.com/watch?v=0beyiJfd73E,VIENDO POR PRIMERA VEZ CANALES PEQUEÑOS DE AUTOS,1060.0,,videos,https://i.ytimg.com/vi/0beyiJfd73E/hqdefault.jpg?sqp=-oaymwEcCNACELwBSFXyq4qpAw4IARUAAIhCGAFwAcABBg==&rs=AOn4CLDrcwzvZOnokchyX_HqIy5Rm0Za1Q,El Dios de los Autos,external-reference,embed_link_and_summarize_only
8YReTQzdE3w,https://www.youtube.com/watch?v=8YReTQzdE3w,MODIFICACIONES QUE TRANSFORMAN AL JETTA BORA MK4 (2.0L / 1.8T GLI),939.0,,videos,https://i.ytimg.com/vi/8YReTQzdE3w/hqdefault.jpg?sqp=-oaymwEcCNACELwBSFXyq4qpAw4IARUAAIhCGAFwAcABBg==&rs=AOn4CLDDR2LyVoViFZdj-DMF1EyWh7_nQQ,El Dios de los Autos,external-reference,embed_link_and_summarize_only
gQ6Pg4vfanU,https://www.youtube.com/watch?v=gQ6Pg4vfanU,EL NUEVO MCLAREN F1 ES UN MCLAREN F1,821.0,,videos,https://i.ytimg.com/vi/gQ6Pg4vfanU/hqdefault.jpg?sqp=-oaymwEcCNACELwBSFXyq4qpAw4IARUAAIhCGAFwAcABBg==&rs=AOn4CLAtkQZSABPPor0hRaclURdoiPTIDg,El Dios de los Autos,external-reference,embed_link_and_summarize_only
BHFgTJavnjc,https://www.youtube.com/watch?v=BHFgTJavnjc,1000 CABALLOS A TU AUTO,1061.0,,videos,https://i.ytimg.com/vi/BHFgTJavnjc/hqdefault.jpg?sqp=-oaymwEcCNACELwBSFXyq4qpAw4IARUAAIhCGAFwAcABBg==&rs=AOn4CLBWzfluv1pCGTW2Prm2TOHtqmvYPA,El Dios de los Autos,external-reference,embed_link_and_summarize_only
1A8hJlyVQgA,https://www.youtube.com/watch?v=1A8hJlyVQgA,AUTOS EUROPEOS MUY BARATOS DE MODIFICAR,735.0,,videos,https://i.ytimg.com/vi/1A8hJlyVQgA/hqdefault.jpg?sqp=-oaymwEcCNACELwBSFXyq4qpAw4IARUAAIhCGAFwAcABBg==&rs=AOn4CLASlFI2ohwqnihAxfICqT4Lby389A,El Dios de los Autos,external-reference,embed_link_and_summarize_only
IRMkn3xJDyY,https://www.youtube.com/watch?v=IRMkn3xJDyY,LA GRAN VERDAD DE LOS SUPERAUTOS,671.0,,videos,https://i.ytimg.com/vi/IRMkn3xJDyY/hqdefault.jpg?sqp=-oaymwEcCNACELwBSFXyq4qpAw4IARUAAIhCGAFwAcABBg==&rs=AOn4CLDoyM2zh7CyReFxDegvXrfO261XqA,El Dios de los Autos,external-reference,embed_link_and_summarize_only
kL53ZA9G2Yk,https://www.youtube.com/watch?v=kL53ZA9G2Yk,5 AUTOS PARA DISCAPACITADOS,499.0,,videos,https://i.ytimg.com/vi/kL53ZA9G2Yk/hqdefault.jpg?sqp=-oaymwEcCNACELwBSFXyq4qpAw4IARUAAIhCGAFwAcABBg==&rs=AOn4CLAl-wAQS3hRqAw2tjVY0qWfeNRBbw,El Dios de los Autos,external-reference,embed_link_and_summarize_only
rDgEVpaL6go,https://www.youtube.com/watch?v=rDgEVpaL6go,ÚLTIMO MINUTO: FORD BRONCO V8 CONFIRMADA,551.0,,videos,https://i.ytimg.com/vi/rDgEVpaL6go/hqdefault.jpg?sqp=-oaymwEcCNACELwBSFXyq4qpAw4IARUAAIhCGAFwAcABBg==&rs=AOn4CLA5Hw78vq2-qVmG6_0t8VmsG5rbhQ,El Dios de los Autos,external-reference,embed_link_and_summarize_only
gVq5dwIy-WY,https://www.youtube.com/watch?v=gVq5dwIy-WY,FORD RESPONDE ASÍ AL WRANGLER V8,753.0,,videos,https://i.ytimg.com/vi/gVq5dwIy-WY/hqdefault.jpg?sqp=-oaymwEcCNACELwBSFXyq4qpAw4IARUAAIhCGAFwAcABBg==&rs=AOn4CLArCAbb3g_CbllUFcBXVtncGHQ_9Q,El Dios de los Autos,external-reference,embed_link_and_summarize_only
SpKKFPmO7Q4,https://www.youtube.com/watch?v=SpKKFPmO7Q4,¡AL FIN! ESTE ES EL NUEVO HONDA CIVIC,751.0,,videos,https://i.ytimg.com/vi/SpKKFPmO7Q4/hqdefault.jpg?sqp=-oaymwEcCNACELwBSFXyq4qpAw4IARUAAIhCGAFwAcABBg==&rs=AOn4CLAZW4aqKyEyDtIOmgll8I8wnD3CUQ,El Dios de los Autos,external-reference,embed_link_and_summarize_only
UYkTDQXcsMs,https://www.youtube.com/watch?v=UYkTDQXcsMs,UN DÍA EN MI VIDA | EL DIOS DE LOS AUTOS,702.0,,videos,https://i.ytimg.com/vi/UYkTDQXcsMs/hqdefault.jpg?sqp=-oaymwEcCNACELwBSFXyq4qpAw4IARUAAIhCGAFwAcABBg==&rs=AOn4CLDgg1Ey5TSJm7cX0AUIx0GL5YA9ZQ,El Dios de los Autos,external-reference,embed_link_and_summarize_only
qyywmP3QIlA,https://www.youtube.com/watch?v=qyywmP3QIlA,ENFRENTO EL MAZDA 3 TURBO CON LOS MEJORES DEPORTIVOS,1007.0,,videos,https://i.ytimg.com/vi/qyywmP3QIlA/hqdefault.jpg?sqp=-oaymwEcCNACELwBSFXyq4qpAw4IARUAAIhCGAFwAcABBg==&rs=AOn4CLAGuBNMRa3UZPqzFpvHIRyHgpLaLw,El Dios de los Autos,external-reference,embed_link_and_summarize_only
x9HhWnn3d24,https://www.youtube.com/watch?v=x9HhWnn3d24,EL NUEVO MAZDA 3 TURBO DESTROZA A TODOS,721.0,,videos,https://i.ytimg.com/vi/x9HhWnn3d24/hqdefault.jpg?sqp=-oaymwEcCNACELwBSFXyq4qpAw4IARUAAIhCGAFwAcABBg==&rs=AOn4CLChxwaiDjQa08M-CA8jxtMIHNrrHA,El Dios de los Autos,external-reference,embed_link_and_summarize_only
LL02JSHsOLc,https://www.youtube.com/watch?v=LL02JSHsOLc,¡NUEVO MUSTANG MACH E TRAE 1400 HP!,645.0,,videos,https://i.ytimg.com/vi/LL02JSHsOLc/hqdefault.jpg?sqp=-oaymwEcCNACELwBSFXyq4qpAw4IARUAAIhCGAFwAcABBg==&rs=AOn4CLCNMAN6iIr-E-UgVLgUHJ0hGq2L_Q,El Dios de los Autos,external-reference,embed_link_and_summarize_only
mgnrJoVTeOc,https://www.youtube.com/watch?v=mgnrJoVTeOc,¡JEEP RESPONDE A LA BRONCO CON UN WRANGLER V8!,682.0,,videos,https://i.ytimg.com/vi/mgnrJoVTeOc/hqdefault.jpg?sqp=-oaymwEcCNACELwBSFXyq4qpAw4IARUAAIhCGAFwAcABBg==&rs=AOn4CLDKNs40577BXRHC69XCVwdLX0AkIA,El Dios de los Autos,external-reference,embed_link_and_summarize_only
IqBtOgz-BHU,https://www.youtube.com/watch?v=IqBtOgz-BHU,10 AUTOS QUE CASI MATAN AL MUSTANG,875.0,,videos,https://i.ytimg.com/vi/IqBtOgz-BHU/hqdefault.jpg?sqp=-oaymwEcCNACELwBSFXyq4qpAw4IARUAAIhCGAFwAcABBg==&rs=AOn4CLCH6YdyvdXYxhKdwjJQOIOHC2UcNQ,El Dios de los Autos,external-reference,embed_link_and_summarize_only
hHIikqGcfD4,https://www.youtube.com/watch?v=hHIikqGcfD4,EL TESLA MODEL 3 ES El MEJOR AUTO DEL MUNDO,612.0,,videos,https://i.ytimg.com/vi/hHIikqGcfD4/hqdefault.jpg?sqp=-oaymwEcCNACELwBSFXyq4qpAw4IARUAAIhCGAFwAcABBg==&rs=AOn4CLAKOmWLqCP6eBUn5yvvrhOoaM-R1g,El Dios de los Autos,external-reference,embed_link_and_summarize_only
iK2FEbH85AY,https://www.youtube.com/watch?v=iK2FEbH85AY,FORD BRONCO 2021: JOHN SALCHICHON CON RUEDAS,822.0,,videos,https://i.ytimg.com/vi/iK2FEbH85AY/hqdefault.jpg?sqp=-oaymwEcCNACELwBSFXyq4qpAw4IARUAAIhCGAFwAcABBg==&rs=AOn4CLC95rD4MeA4ytZF6UDeANVZZ6sWSw,El Dios de los Autos,external-reference,embed_link_and_summarize_only
5osijrC8HCs,https://www.youtube.com/watch?v=5osijrC8HCs,La HISTORIA completeta del CHEVROLET CAMARO | Moturbate,1268.0,,videos,https://i.ytimg.com/vi/5osijrC8HCs/hqdefault.jpg?sqp=-oaymwEcCNACELwBSFXyq4qpAw4IARUAAIhCGAFwAcABBg==&rs=AOn4CLAkmd1Y86na8CyyRRBLAkv1XMtkFQ,El Dios de los Autos,external-reference,embed_link_and_summarize_only
ef62j3sUWLM,https://www.youtube.com/watch?v=ef62j3sUWLM,¡EL CONSUMO DE TU AUTO ES FALSO!,616.0,,videos,https://i.ytimg.com/vi/ef62j3sUWLM/hqdefault.jpg?sqp=-oaymwEcCNACELwBSFXyq4qpAw4IARUAAIhCGAFwAcABBg==&rs=AOn4CLDqsaHdi_L_Fz4Q9J_Obp9Gs9U5zQ,El Dios de los Autos,external-reference,embed_link_and_summarize_only
GOM3LUuzF7g,https://www.youtube.com/watch?v=GOM3LUuzF7g,ESTE NUEVO LAMBORGHINI LO CAMBIA TODO,699.0,,videos,https://i.ytimg.com/vi/GOM3LUuzF7g/hqdefault.jpg?sqp=-oaymwEcCNACELwBSFXyq4qpAw4IARUAAIhCGAFwAcABBg==&rs=AOn4CLCXEdFJtiFah9MX3BjMbJBxabvUpA,El Dios de los Autos,external-reference,embed_link_and_summarize_only
oxPnmcbxq-o,https://www.youtube.com/watch?v=oxPnmcbxq-o,LA VERDAD DEL TOYOTA COROLLA CROSS 2021,718.0,,videos,https://i.ytimg.com/vi/oxPnmcbxq-o/hqdefault.jpg?sqp=-oaymwEcCNACELwBSFXyq4qpAw4IARUAAIhCGAFwAcABBg==&rs=AOn4CLBgh_1hbYdl6-Pz51d1N2EtLOFldQ,El Dios de los Autos,external-reference,embed_link_and_summarize_only
jZh_3LtMZk0,https://www.youtube.com/watch?v=jZh_3LtMZk0,EL DIOS DE LOS AUTOS ENFRENTA A CARSLATINO,862.0,,videos,https://i.ytimg.com/vi/jZh_3LtMZk0/hqdefault.jpg?sqp=-oaymwEcCNACELwBSFXyq4qpAw4IARUAAIhCGAFwAcABBg==&rs=AOn4CLBKem0bCE5Cp7yLZ0x-0K-kJ4Wq0w,El Dios de los Autos,external-reference,embed_link_and_summarize_only
5SZZ_Htpr9E,https://www.youtube.com/watch?v=5SZZ_Htpr9E,DODGE VIPER 2021,713.0,,videos,https://i.ytimg.com/vi/5SZZ_Htpr9E/hqdefault.jpg?sqp=-oaymwEcCNACELwBSFXyq4qpAw4IARUAAIhCGAFwAcABBg==&rs=AOn4CLCECLJ3bWBlDhWcUt_17QUkdIzmOw,El Dios de los Autos,external-reference,embed_link_and_summarize_only
veuw6GPFRyk,https://www.youtube.com/watch?v=veuw6GPFRyk,5 SUPERAUTOS BARATOS QUE CUALQUIERA PUEDE COMPRAR,742.0,,videos,https://i.ytimg.com/vi/veuw6GPFRyk/hqdefault.jpg?sqp=-oaymwEcCNACELwBSFXyq4qpAw4IARUAAIhCGAFwAcABBg==&rs=AOn4CLBIXVS1Sva6Wn7p8iEQBnbbjurUJw,El Dios de los Autos,external-reference,embed_link_and_summarize_only
fBIdqETcQwI,https://www.youtube.com/watch?v=fBIdqETcQwI,COMPRA UN KIT CAR Y AHORRA MUCHO DINERO | EXPLICACIÓN A PRUEBA DE IDIOTAS,713.0,,videos,https://i.ytimg.com/vi/fBIdqETcQwI/hqdefault.jpg?sqp=-oaymwEcCNACELwBSFXyq4qpAw4IARUAAIhCGAFwAcABBg==&rs=AOn4CLC3DG48axoeXUZd3HbOTZ1TiUWkQg,El Dios de los Autos,external-reference,embed_link_and_summarize_only
gfBwDCOktiM,https://www.youtube.com/watch?v=gfBwDCOktiM,¿DONDE ESTÁ LA COMPETENCIA DEL GT500?,644.0,,videos,https://i.ytimg.com/vi/gfBwDCOktiM/hqdefault.jpg?sqp=-oaymwEcCNACELwBSFXyq4qpAw4IARUAAIhCGAFwAcABBg==&rs=AOn4CLAfCId87TatG3c_9RESExrAINngiA,El Dios de los Autos,external-reference,embed_link_and_summarize_only
CVLqEqIwiOc,https://www.youtube.com/watch?v=CVLqEqIwiOc,MAZDA SALVARÁ LA TRACCIÓN TRASERA CON EL RX-9,685.0,,videos,https://i.ytimg.com/vi/CVLqEqIwiOc/hqdefault.jpg?sqp=-oaymwEcCNACELwBSFXyq4qpAw4IARUAAIhCGAFwAcABBg==&rs=AOn4CLBMyocemy6d3wRDPQJKEYJzeGVymA,El Dios de los Autos,external-reference,embed_link_and_summarize_only
8ZONUQuDsgc,https://www.youtube.com/watch?v=8ZONUQuDsgc,"""ESTO"" ES EL NUEVO MUSTANG 2021",604.0,,videos,https://i.ytimg.com/vi/8ZONUQuDsgc/hqdefault.jpg?sqp=-oaymwEcCNACELwBSFXyq4qpAw4IARUAAIhCGAFwAcABBg==&rs=AOn4CLD31heuRprMPhFWoWMtoPNEDzoRHQ,El Dios de los Autos,external-reference,embed_link_and_summarize_only
y7rTXP1kP5s,https://www.youtube.com/watch?v=y7rTXP1kP5s,REACCIONANDO AL VOLKSWAGEN NIVUS 2020,1436.0,,videos,https://i.ytimg.com/vi/y7rTXP1kP5s/hqdefault.jpg?sqp=-oaymwEcCNACELwBSFXyq4qpAw4IARUAAIhCGAFwAcABBg==&rs=AOn4CLBhQpfFkWCCy39t-SbOwX3vOpzEDw,El Dios de los Autos,external-reference,embed_link_and_summarize_only
TsWL2pTUruU,https://www.youtube.com/watch?v=TsWL2pTUruU,CHEVROLET CORVETTE Z06 2022,523.0,,videos,https://i.ytimg.com/vi/TsWL2pTUruU/hqdefault.jpg?sqp=-oaymwEcCNACELwBSFXyq4qpAw4IARUAAIhCGAFwAcABBg==&rs=AOn4CLBCwSsv-JjhshaHHAg6fJ0C9yXngQ,El Dios de los Autos,external-reference,embed_link_and_summarize_only
YHFh2AnMIws,https://www.youtube.com/watch?v=YHFh2AnMIws,POR ESTO NO HAGO PRUEBAS DE MANEJO,833.0,,videos,https://i.ytimg.com/vi/YHFh2AnMIws/hqdefault.jpg?sqp=-oaymwEcCNACELwBSFXyq4qpAw4IARUAAIhCGAFwAcABBg==&rs=AOn4CLAijwFcXi71MlOrDsI87eysIvhJBA,El Dios de los Autos,external-reference,embed_link_and_summarize_only
6g8rgg4Ce04,https://www.youtube.com/watch?v=6g8rgg4Ce04,MOTURBATE CON EL HONDA CIVIC TYPE R,1127.0,,videos,https://i.ytimg.com/vi/6g8rgg4Ce04/hqdefault.jpg?sqp=-oaymwEcCNACELwBSFXyq4qpAw4IARUAAIhCGAFwAcABBg==&rs=AOn4CLCJPVZeGdG2qZhslNZVaXlgHKMlQA,El Dios de los Autos,external-reference,embed_link_and_summarize_only
Ng5lyeDE3lo,https://www.youtube.com/watch?v=Ng5lyeDE3lo,¡MERCEDES-BENZ ACABA DE CAMBIAR EL FUTURO!,622.0,,videos,https://i.ytimg.com/vi/Ng5lyeDE3lo/hqdefault.jpg?sqp=-oaymwEcCNACELwBSFXyq4qpAw4IARUAAIhCGAFwAcABBg==&rs=AOn4CLB4gGq_UGV6h5k8P2unteSohG8EHg,El Dios de los Autos,external-reference,embed_link_and_summarize_only
ZY-ofg9Th8Q,https://www.youtube.com/watch?v=ZY-ofg9Th8Q,5 MODIFICACIONES QUE TRANSFORMAN AL MAZDA 3,822.0,,videos,https://i.ytimg.com/vi/ZY-ofg9Th8Q/hqdefault.jpg?sqp=-oaymwEcCNACELwBSFXyq4qpAw4IARUAAIhCGAFwAcABBg==&rs=AOn4CLAVhaD3tarouoPLXbxkVa36UbCoEQ,El Dios de los Autos,external-reference,embed_link_and_summarize_only
Hu2N2Cn796w,https://www.youtube.com/watch?v=Hu2N2Cn796w,MAZDA 3 TURBO 2021,866.0,,videos,https://i.ytimg.com/vi/Hu2N2Cn796w/hqdefault.jpg?sqp=-oaymwEcCNACELwBSFXyq4qpAw4IARUAAIhCGAFwAcABBg==&rs=AOn4CLAyNeDSF2o2KRHZG5toQA1om3fN3Q,El Dios de los Autos,external-reference,embed_link_and_summarize_only
7NMFrpy-m10,https://www.youtube.com/watch?v=7NMFrpy-m10,MOTOR ROTATIVO | EXPLICACIÓN A PRUEBA DE IDIOTAS,668.0,,videos,https://i.ytimg.com/vi/7NMFrpy-m10/hqdefault.jpg?sqp=-oaymwEcCNACELwBSFXyq4qpAw4IARUAAIhCGAFwAcABBg==&rs=AOn4CLBJCSqQukzbtum9f5h7YmqQdXbT1w,El Dios de los Autos,external-reference,embed_link_and_summarize_only
cusTvz8Kt1k,https://www.youtube.com/watch?v=cusTvz8Kt1k,LA MODIFICACIÓN MÁS ESTÚPIDA DEL MUNDO,721.0,,videos,https://i.ytimg.com/vi/cusTvz8Kt1k/hqdefault.jpg?sqp=-oaymwEcCNACELwBSFXyq4qpAw4IARUAAIhCGAFwAcABBg==&rs=AOn4CLBY0IKoe4hEDzq7aXhEHkoMOLkRlw,El Dios de los Autos,external-reference,embed_link_and_summarize_only
1WJ6kgBr9SQ,https://www.youtube.com/watch?v=1WJ6kgBr9SQ,PERDIDA DE POTENCIA EN ALTURA | EXPLICACIÓN A PRUEBA DE IDIOTAS,554.0,,videos,https://i.ytimg.com/vi/1WJ6kgBr9SQ/hqdefault.jpg?sqp=-oaymwEcCNACELwBSFXyq4qpAw4IARUAAIhCGAFwAcABBg==&rs=AOn4CLAvkM0HZ2wM0Cy4H3DImpqbO6kArA,El Dios de los Autos,external-reference,embed_link_and_summarize_only
WalS6jx7YGA,https://www.youtube.com/watch?v=WalS6jx7YGA,MITSUBISHI 4000GT 2021,608.0,,videos,https://i.ytimg.com/vi/WalS6jx7YGA/hqdefault.jpg?sqp=-oaymwEcCNACELwBSFXyq4qpAw4IARUAAIhCGAFwAcABBg==&rs=AOn4CLCRAFiWajSELmal7amx1m89FaMS8A,El Dios de los Autos,external-reference,embed_link_and_summarize_only
aQSO2G7wXOA,https://www.youtube.com/watch?v=aQSO2G7wXOA,EL GARAJE SECRETO DE VIN DIESEL,732.0,,videos,https://i.ytimg.com/vi/aQSO2G7wXOA/hqdefault.jpg?sqp=-oaymwEcCNACELwBSFXyq4qpAw4IARUAAIhCGAFwAcABBg==&rs=AOn4CLD4g2AMiuMuA3GFG8WzTbcRxrstnQ,El Dios de los Autos,external-reference,embed_link_and_summarize_only
V5E0wueRVxU,https://www.youtube.com/watch?v=V5E0wueRVxU,NUEVO BMW M4 2021 ES ESPANTOSO,608.0,,videos,https://i.ytimg.com/vi/V5E0wueRVxU/hqdefault.jpg?sqp=-oaymwEcCNACELwBSFXyq4qpAw4IARUAAIhCGAFwAcABBg==&rs=AOn4CLAtVFF-pSEEk1yzlF6G-j4VVM9X-A,El Dios de los Autos,external-reference,embed_link_and_summarize_only
Q2ADXLcv84c,https://www.youtube.com/watch?v=Q2ADXLcv84c,RESPUESTA A AUTODINAMICO,469.0,,videos,https://i.ytimg.com/vi/Q2ADXLcv84c/hqdefault.jpg?sqp=-oaymwEcCNACELwBSFXyq4qpAw4IARUAAIhCGAFwAcABBg==&rs=AOn4CLD81b8edf7c_0QT8pzQWWRAk8edUA,El Dios de los Autos,external-reference,embed_link_and_summarize_only
Bp3NJSLsdyM,https://www.youtube.com/watch?v=Bp3NJSLsdyM,FORD MUSTANG MACH 1 2021,694.0,,videos,https://i.ytimg.com/vi/Bp3NJSLsdyM/hqdefault.jpg?sqp=-oaymwEcCNACELwBSFXyq4qpAw4IARUAAIhCGAFwAcABBg==&rs=AOn4CLDEw2Y6PKM0i0vmv-90kfzm07HyCg,El Dios de los Autos,external-reference,embed_link_and_summarize_only
C1DUJCvSFpM,https://www.youtube.com/watch?v=C1DUJCvSFpM,ERRORES DE PRINCIPIANTE AL COMPRAR UN AUTO,763.0,,videos,https://i.ytimg.com/vi/C1DUJCvSFpM/hqdefault.jpg?sqp=-oaymwEcCNACELwBSFXyq4qpAw4IARUAAIhCGAFwAcABBg==&rs=AOn4CLCNzQNrRy9y-RRcrpdPpWZ2MsJXvA,El Dios de los Autos,external-reference,embed_link_and_summarize_only
ezHPyDx5Jz4,https://www.youtube.com/watch?v=ezHPyDx5Jz4,TURBO Y SUPERCARGADOR EN UN MISMO AUTO | EXPLICACIÓN A PRUEBA DE IDIOTAS,641.0,,videos,https://i.ytimg.com/vi/ezHPyDx5Jz4/hqdefault.jpg?sqp=-oaymwEcCNACELwBSFXyq4qpAw4IARUAAIhCGAFwAcABBg==&rs=AOn4CLBf0U2ua044Dq_ZOrh2UgrYTXjr1Q,El Dios de los Autos,external-reference,embed_link_and_summarize_only
3Hx11wt7PoM,https://www.youtube.com/watch?v=3Hx11wt7PoM,¿QUIEN #$% ES ALEJANDRO TORRES? FT. VELOCIDAD TOTAL,1100.0,,videos,https://i.ytimg.com/vi/3Hx11wt7PoM/hqdefault.jpg?sqp=-oaymwEcCNACELwBSFXyq4qpAw4IARUAAIhCGAFwAcABBg==&rs=AOn4CLDt9SYnuQ20ZD3Vz5w30Qx42ormEg,El Dios de los Autos,external-reference,embed_link_and_summarize_only
t_rvy-I5I1Y,https://www.youtube.com/watch?v=t_rvy-I5I1Y,50 COSAS SOBRE MI | EL DIOS DE LOS AUTOS (ESPECIAL 500K SEGUIDORES),714.0,,videos,https://i.ytimg.com/vi/t_rvy-I5I1Y/hqdefault.jpg?sqp=-oaymwEcCNACELwBSFXyq4qpAw4IARUAAIhCGAFwAcABBg==&rs=AOn4CLAjld1HahKjBfzdeTNBFrv8EKQ78w,El Dios de los Autos,external-reference,embed_link_and_summarize_only
mOX-iRXrhCw,https://www.youtube.com/watch?v=mOX-iRXrhCw,5 MODIFICACIONES QUE TRANSFORMAN AL TOYOTA COROLLA,733.0,,videos,https://i.ytimg.com/vi/mOX-iRXrhCw/hqdefault.jpg?sqp=-oaymwEcCNACELwBSFXyq4qpAw4IARUAAIhCGAFwAcABBg==&rs=AOn4CLBJF0bTtWDNK3Hqr-dqfh2q3KQ5nQ,El Dios de los Autos,external-reference,embed_link_and_summarize_only
mzeq7Qt3k9E,https://www.youtube.com/watch?v=mzeq7Qt3k9E,QUE NO TE VEAN  LA CARA,768.0,,videos,https://i.ytimg.com/vi/mzeq7Qt3k9E/hqdefault.jpg?sqp=-oaymwEcCNACELwBSFXyq4qpAw4IARUAAIhCGAFwAcABBg==&rs=AOn4CLB18SWr402UWCEBnmEoUrX2_aG55w,El Dios de los Autos,external-reference,embed_link_and_summarize_only
DXUf6SkVR3E,https://www.youtube.com/watch?v=DXUf6SkVR3E,NISSAN GTR 2021 EN COMERCIAL DEL 400Z,657.0,,videos,https://i.ytimg.com/vi/DXUf6SkVR3E/hqdefault.jpg?sqp=-oaymwEcCNACELwBSFXyq4qpAw4IARUAAIhCGAFwAcABBg==&rs=AOn4CLB7r1X0-3YS_-LSpQ-LC0IWbVoXPw,El Dios de los Autos,external-reference,embed_link_and_summarize_only
ZD-efpJ3v_k,https://www.youtube.com/watch?v=ZD-efpJ3v_k,NISSAN 400Z 2021 FINALMENTE REVELADO,619.0,,videos,https://i.ytimg.com/vi/ZD-efpJ3v_k/hqdefault.jpg?sqp=-oaymwEcCNACELwBSFXyq4qpAw4IARUAAIhCGAFwAcABBg==&rs=AOn4CLBRUS54klzPrrcuvjLytoX14FtDMw,El Dios de los Autos,external-reference,embed_link_and_summarize_only
Aq0m_T6wxH8,https://www.youtube.com/watch?v=Aq0m_T6wxH8,"NUEVO SUPERAUTO ""BARATO"" DE TOYOTA",716.0,,videos,https://i.ytimg.com/vi/Aq0m_T6wxH8/hqdefault.jpg?sqp=-oaymwEcCNACELwBSFXyq4qpAw4IARUAAIhCGAFwAcABBg==&rs=AOn4CLBYz7cQinsbeKIneRZG29WA3GkGaw,El Dios de los Autos,external-reference,embed_link_and_summarize_only
Bg4x6-62ESM,https://www.youtube.com/watch?v=Bg4x6-62ESM,ADIÓS A LA TRACCIÓN POSTERIOR | EXPLICACIÓN A PRUEBA DE IDIOTAS,638.0,,videos,https://i.ytimg.com/vi/Bg4x6-62ESM/hqdefault.jpg?sqp=-oaymwEcCNACELwBSFXyq4qpAw4IARUAAIhCGAFwAcABBg==&rs=AOn4CLBi-dHZzRgCPMQLi9rqgtTNt4MM6w,El Dios de los Autos,external-reference,embed_link_and_summarize_only
y_iZ-kVvryc,https://www.youtube.com/watch?v=y_iZ-kVvryc,MOTURBATE CON EL BUGATTI VEYRON,846.0,,videos,https://i.ytimg.com/vi/y_iZ-kVvryc/hqdefault.jpg?sqp=-oaymwEcCNACELwBSFXyq4qpAw4IARUAAIhCGAFwAcABBg==&rs=AOn4CLBkhDpTAG5S23dJA9s1Loewsom5MA,El Dios de los Autos,external-reference,embed_link_and_summarize_only
SQv1nNQZW1k,https://www.youtube.com/watch?v=SQv1nNQZW1k,¿0KM BARATO O USADO DE MISMO PRECIO?,878.0,,videos,https://i.ytimg.com/vi/SQv1nNQZW1k/hqdefault.jpg?sqp=-oaymwEcCNACELwBSFXyq4qpAw4IARUAAIhCGAFwAcABBg==&rs=AOn4CLCmjRX4YAJCw-Orqk6ed_wfZ8eJcw,El Dios de los Autos,external-reference,embed_link_and_summarize_only
bseuC0CcLbk,https://www.youtube.com/watch?v=bseuC0CcLbk,SUBARU WRX STI 2021,800.0,,videos,https://i.ytimg.com/vi/bseuC0CcLbk/hqdefault.jpg?sqp=-oaymwEcCNACELwBSFXyq4qpAw4IARUAAIhCGAFwAcABBg==&rs=AOn4CLC4aTP3ZHx_ikrVtrWcSYuCV5A_WQ,El Dios de los Autos,external-reference,embed_link_and_summarize_only
O9726JKMk4Y,https://www.youtube.com/watch?v=O9726JKMk4Y,¿QUIEN #$% ES GABO SALAZAR? FT. AUTODINAMICO,939.0,,videos,https://i.ytimg.com/vi/O9726JKMk4Y/hqdefault.jpg?sqp=-oaymwEcCNACELwBSFXyq4qpAw4IARUAAIhCGAFwAcABBg==&rs=AOn4CLA2R_TOvuqhCxUN-cDlRpt8D6wTBg,El Dios de los Autos,external-reference,embed_link_and_summarize_only
DBM-d_2eHkg,https://www.youtube.com/watch?v=DBM-d_2eHkg,KOENIGSEGG HARÁ AUTOS BARATOS,621.0,,videos,https://i.ytimg.com/vi/DBM-d_2eHkg/hqdefault.jpg?sqp=-oaymwEcCNACELwBSFXyq4qpAw4IARUAAIhCGAFwAcABBg==&rs=AOn4CLCWGP6w7qSW8IsTybTaZ_QKnF5i8w,El Dios de los Autos,external-reference,embed_link_and_summarize_only
J_U41RZbJtI,https://www.youtube.com/watch?v=J_U41RZbJtI,NUEVA ALIANZA ENTRE DODGE Y TESLA,604.0,,videos,https://i.ytimg.com/vi/J_U41RZbJtI/hqdefault.jpg?sqp=-oaymwEcCNACELwBSFXyq4qpAw4IARUAAIhCGAFwAcABBg==&rs=AOn4CLAixid066zdWjGrpMPyEMTPadcJbg,El Dios de los Autos,external-reference,embed_link_and_summarize_only
3nyw_WjEfVY,https://www.youtube.com/watch?v=3nyw_WjEfVY,HAZ ESTO Y COMPRARÁS EL AUTO PERFECTO,936.0,,videos,https://i.ytimg.com/vi/3nyw_WjEfVY/hqdefault.jpg?sqp=-oaymwEcCNACELwBSFXyq4qpAw4IARUAAIhCGAFwAcABBg==&rs=AOn4CLBdo0YNGWNWE_4nva7fsS6EgR9cCA,El Dios de los Autos,external-reference,embed_link_and_summarize_only
WmWTG67Z5Ik,https://www.youtube.com/watch?v=WmWTG67Z5Ik,NISSAN DESCONTINUARÁ EL GT-R EN 2021,434.0,,videos,https://i.ytimg.com/vi/WmWTG67Z5Ik/hqdefault.jpg?sqp=-oaymwEcCNACELwBSFXyq4qpAw4IARUAAIhCGAFwAcABBg==&rs=AOn4CLAJNiWWaxtzh82TxDObmRfzt16ozg,El Dios de los Autos,external-reference,embed_link_and_summarize_only
SS8LtG2gecs,https://www.youtube.com/watch?v=SS8LtG2gecs,SUPERAUTOS USADOS EN LATINOAMÉRICA,758.0,,videos,https://i.ytimg.com/vi/SS8LtG2gecs/hqdefault.jpg?sqp=-oaymwEcCNACELwBSFXyq4qpAw4IARUAAIhCGAFwAcABBg==&rs=AOn4CLBmhMxpxA7wgIdKUHdhPfhtiSnyXQ,El Dios de los Autos,external-reference,embed_link_and_summarize_only
UwdfEpNjQtY,https://www.youtube.com/watch?v=UwdfEpNjQtY,CAMBIO DE MOTOR (SWAP) | EXPLICACIÓN A PRUEBA DE IDIOTAS,704.0,,videos,https://i.ytimg.com/vi/UwdfEpNjQtY/hqdefault.jpg?sqp=-oaymwEcCNACELwBSFXyq4qpAw4IARUAAIhCGAFwAcABBg==&rs=AOn4CLB9LZmNLZgKUmSpEuSnwg8G1qYb6g,El Dios de los Autos,external-reference,embed_link_and_summarize_only
1XgHAYAer7U,https://www.youtube.com/watch?v=1XgHAYAer7U,MOTURBATE CON EL FORD MUSTANG,984.0,,videos,https://i.ytimg.com/vi/1XgHAYAer7U/hqdefault.jpg?sqp=-oaymwEcCNACELwBSFXyq4qpAw4IARUAAIhCGAFwAcABBg==&rs=AOn4CLCBnNze_omhaYWCOraAdE7AYS5_3g,El Dios de los Autos,external-reference,embed_link_and_summarize_only
HVTE4jgemHI,https://www.youtube.com/watch?v=HVTE4jgemHI,ADIOS AL FOCUS RS Y NO SERÁ EL ÚNICO,603.0,,videos,https://i.ytimg.com/vi/HVTE4jgemHI/hqdefault.jpg?sqp=-oaymwEcCNACELwBSFXyq4qpAw4IARUAAIhCGAFwAcABBg==&rs=AOn4CLB8RYhFLfAuzbS1pRHjeJ2imxTXnw,El Dios de los Autos,external-reference,embed_link_and_summarize_only
XOyA1FJOA4g,https://www.youtube.com/watch?v=XOyA1FJOA4g,¿HUBO UNO MEJOR QUE EL SUPRA Y EL GT-R?,737.0,,videos,https://i.ytimg.com/vi/XOyA1FJOA4g/hqdefault.jpg?sqp=-oaymwEcCNACELwBSFXyq4qpAw4IARUAAIhCGAFwAcABBg==&rs=AOn4CLCPanIOkWVFRF5ue0X-soccAZ1RWg,El Dios de los Autos,external-reference,embed_link_and_summarize_only
OepelsjMzYk,https://www.youtube.com/watch?v=OepelsjMzYk,INVESTIGA ESTO ANTES DE COMPRAR CUALQUIER AUTO,611.0,,videos,https://i.ytimg.com/vi/OepelsjMzYk/hqdefault.jpg?sqp=-oaymwEcCNACELwBSFXyq4qpAw4IARUAAIhCGAFwAcABBg==&rs=AOn4CLCA7qzq4ZaAUjrG45Qb9FWdwrEu2A,El Dios de los Autos,external-reference,embed_link_and_summarize_only
Pft_QQ3RO9g,https://www.youtube.com/watch?v=Pft_QQ3RO9g,TRANSFORMA TU BEAT / SPARK GT CON ESTAS MODIFICACIONES BARATAS,842.0,,videos,https://i.ytimg.com/vi/Pft_QQ3RO9g/hqdefault.jpg?sqp=-oaymwEcCNACELwBSFXyq4qpAw4IARUAAIhCGAFwAcABBg==&rs=AOn4CLDqMTmBLrBcxAN5joXEmh8L7b8WqQ,El Dios de los Autos,external-reference,embed_link_and_summarize_only
Re_9royPeUE,https://www.youtube.com/watch?v=Re_9royPeUE,CREÍMOS QUE ERA VOLKSWAGEN,604.0,,videos,https://i.ytimg.com/vi/Re_9royPeUE/hqdefault.jpg?sqp=-oaymwEcCNACELwBSFXyq4qpAw4IARUAAIhCGAFwAcABBg==&rs=AOn4CLBbbzrAZWLzAm63Ss3A8HR8TAYJyg,El Dios de los Autos,external-reference,embed_link_and_summarize_only
KmrB9rdp9LU,https://www.youtube.com/watch?v=KmrB9rdp9LU,9 TIPOS DE AMANTES DE LOS AUTOS,1041.0,,videos,https://i.ytimg.com/vi/KmrB9rdp9LU/hqdefault.jpg?sqp=-oaymwEcCNACELwBSFXyq4qpAw4IARUAAIhCGAFwAcABBg==&rs=AOn4CLDF7_h5hTmv3AQzBtlQ5ao9tj4uIw,El Dios de los Autos,external-reference,embed_link_and_summarize_only
bLV4cUr-94A,https://www.youtube.com/watch?v=bLV4cUr-94A,EL GARAJE SECRETO DE PAUL WALKER,1187.0,,videos,https://i.ytimg.com/vi/bLV4cUr-94A/hqdefault.jpg?sqp=-oaymwEcCNACELwBSFXyq4qpAw4IARUAAIhCGAFwAcABBg==&rs=AOn4CLBdXHu1XwPnOcxhFgBWrjTl1GU8JA,El Dios de los Autos,external-reference,embed_link_and_summarize_only
8x7_D6azE68,https://www.youtube.com/watch?v=8x7_D6azE68,LOS AUTOS DE ANTES SONABAN MEJOR,499.0,,videos,https://i.ytimg.com/vi/8x7_D6azE68/hqdefault.jpg?sqp=-oaymwEcCNACELwBSFXyq4qpAw4IARUAAIhCGAFwAcABBg==&rs=AOn4CLB_waVWbFX-Eu7fap2igQw8_C1hGQ,El Dios de los Autos,external-reference,embed_link_and_summarize_only
jra9kCH_2Po,https://www.youtube.com/watch?v=jra9kCH_2Po,TOYOTA AE86 | MOTURBATE,438.0,,videos,https://i.ytimg.com/vi/jra9kCH_2Po/hqdefault.jpg?sqp=-oaymwEcCNACELwBSFXyq4qpAw4IARUAAIhCGAFwAcABBg==&rs=AOn4CLCCn74BxRAR9KwnChtuFl1i15oJxw,El Dios de los Autos,external-reference,embed_link_and_summarize_only
K1G36n-ixT8,https://www.youtube.com/watch?v=K1G36n-ixT8,CONFIRMADO: SUPRA 2021 TENDRÁ OTRO MOTOR,653.0,,videos,https://i.ytimg.com/vi/K1G36n-ixT8/hqdefault.jpg?sqp=-oaymwEcCNACELwBSFXyq4qpAw4IARUAAIhCGAFwAcABBg==&rs=AOn4CLA9TZ-468PixZatWJ7JbafY3mXZAg,El Dios de los Autos,external-reference,embed_link_and_summarize_only
OfuWs62EGYs,https://www.youtube.com/watch?v=OfuWs62EGYs,CAMARO ZL1 RESURRECTION 2020,868.0,,videos,https://i.ytimg.com/vi/OfuWs62EGYs/hqdefault.jpg?sqp=-oaymwEcCNACELwBSFXyq4qpAw4IARUAAIhCGAFwAcABBg==&rs=AOn4CLAhWirb3b7SImMafI-ydbaQOl8WOw,El Dios de los Autos,external-reference,embed_link_and_summarize_only
ftSq5v_Djyw,https://www.youtube.com/watch?v=ftSq5v_Djyw,TURBO VS SUPERCARGADOR | EXPLICACIÓN A PRUEBA DE IDIOTAS,523.0,,videos,https://i.ytimg.com/vi/ftSq5v_Djyw/hqdefault.jpg?sqp=-oaymwEcCNACELwBSFXyq4qpAw4IARUAAIhCGAFwAcABBg==&rs=AOn4CLDUSvZQDMpu09nlvVtl5VG3WNBTbQ,El Dios de los Autos,external-reference,embed_link_and_summarize_only
WUXHAg3Qr9g,https://www.youtube.com/watch?v=WUXHAg3Qr9g,EL DEPORTIVO 0KM MÁS BARATO DEL MUNDO,975.0,,videos,https://i.ytimg.com/vi/WUXHAg3Qr9g/hqdefault.jpg?sqp=-oaymwEcCNACELwBSFXyq4qpAw4IARUAAIhCGAFwAcABBg==&rs=AOn4CLDhEjTHeU3jPnT-8J7lFJgARVv7LA,El Dios de los Autos,external-reference,embed_link_and_summarize_only
ydZ8XDLaw-k,https://www.youtube.com/watch?v=ydZ8XDLaw-k,LE HE COPIADO A AutoDinámico,455.0,,videos,https://i.ytimg.com/vi/ydZ8XDLaw-k/hqdefault.jpg?sqp=-oaymwEcCNACELwBSFXyq4qpAw4IARUAAIhCGAFwAcABBg==&rs=AOn4CLD4lUjp4UIHSc35v0c40a2dHAMKSg,El Dios de los Autos,external-reference,embed_link_and_summarize_only
m0jr1Ymx3D0,https://www.youtube.com/watch?v=m0jr1Ymx3D0,PARECEN TODO TERRENO PERO NO LO SON,849.0,,videos,https://i.ytimg.com/vi/m0jr1Ymx3D0/hqdefault.jpg?sqp=-oaymwEcCNACELwBSFXyq4qpAw4IARUAAIhCGAFwAcABBg==&rs=AOn4CLBZbks-NcE_qrk1eKf_5NCQEpxnAg,El Dios de los Autos,external-reference,embed_link_and_summarize_only
_6qKiHPeU28,https://www.youtube.com/watch?v=_6qKiHPeU28,SISTEMA DE ESCAPE | EXPLICACIÓN A PRUEBA DE IDIOTAS,636.0,,videos,https://i.ytimg.com/vi/_6qKiHPeU28/hqdefault.jpg?sqp=-oaymwEcCNACELwBSFXyq4qpAw4IARUAAIhCGAFwAcABBg==&rs=AOn4CLBa6j2InREZ940iKY_q-jbc_goNjg,El Dios de los Autos,external-reference,embed_link_and_summarize_only
WNM5ikqhRfc,https://www.youtube.com/watch?v=WNM5ikqhRfc,TOYOTA GT86 / BRZ 2021,530.0,,videos,https://i.ytimg.com/vi/WNM5ikqhRfc/hqdefault.jpg?sqp=-oaymwEcCNACELwBSFXyq4qpAw4IARUAAIhCGAFwAcABBg==&rs=AOn4CLDVz5OHSy0uQMrZA1OaP7iDIwFdoA,El Dios de los Autos,external-reference,embed_link_and_summarize_only
c0Zy3EZjaiw,https://www.youtube.com/watch?v=c0Zy3EZjaiw,POR ESTO NO ECHES PREMIUM EN TU AUTO BARATO,639.0,,videos,https://i.ytimg.com/vi/c0Zy3EZjaiw/hqdefault.jpg?sqp=-oaymwEcCNACELwBSFXyq4qpAw4IARUAAIhCGAFwAcABBg==&rs=AOn4CLA2GVRzozzsKh5XzxIp8YHI1XEYNw,El Dios de los Autos,external-reference,embed_link_and_summarize_only
5dejBCiuaLk,https://www.youtube.com/watch?v=5dejBCiuaLk,BMW M3 | MOTURBATE,802.0,,videos,https://i.ytimg.com/vi/5dejBCiuaLk/hqdefault.jpg?sqp=-oaymwEcCNACELwBSFXyq4qpAw4IARUAAIhCGAFwAcABBg==&rs=AOn4CLAm2UcVEgs6bX9KArW1AE1NZOIvug,El Dios de los Autos,external-reference,embed_link_and_summarize_only
RBjn6Aj5oNg,https://www.youtube.com/watch?v=RBjn6Aj5oNg,EL SKYLINE DE $1.37M DE PAUL WALKER,544.0,,videos,https://i.ytimg.com/vi/RBjn6Aj5oNg/hqdefault.jpg?sqp=-oaymwEcCNACELwBSFXyq4qpAw4IARUAAIhCGAFwAcABBg==&rs=AOn4CLAheChU23Ch4LrCHYHNSsxjsgX0xw,El Dios de los Autos,external-reference,embed_link_and_summarize_only
v6sIUcixHuI,https://www.youtube.com/watch?v=v6sIUcixHuI,HEADERS | EXPLICACIÓN A PRUEBA DE IDIOTAS,464.0,,videos,https://i.ytimg.com/vi/v6sIUcixHuI/hqdefault.jpg?sqp=-oaymwEcCNACELwBSFXyq4qpAw4IARUAAIhCGAFwAcABBg==&rs=AOn4CLB7rTtbhBPy9wYW81z6YbX0CahBVQ,El Dios de los Autos,external-reference,embed_link_and_summarize_only
gmO3c5ofhj0,https://www.youtube.com/watch?v=gmO3c5ofhj0,5 MODIFICACIONES QUE TRANSFORMAN AL CHEVROLET AVEO,475.0,,videos,https://i.ytimg.com/vi/gmO3c5ofhj0/hqdefault.jpg?sqp=-oaymwEcCNACELwBSFXyq4qpAw4IARUAAIhCGAFwAcABBg==&rs=AOn4CLCMzIcZxne9O8HGs3ut0-Pl0qGOmg,El Dios de los Autos,external-reference,embed_link_and_summarize_only
02c9GJFeflI,https://www.youtube.com/watch?v=02c9GJFeflI,NUEVO TOYOTA CELICA SERÁ UNA SUV,470.0,,videos,https://i.ytimg.com/vi/02c9GJFeflI/hqdefault.jpg?sqp=-oaymwEcCNACELwBSFXyq4qpAw4IARUAAIhCGAFwAcABBg==&rs=AOn4CLB0CZWyVOXHvLy4PwCF7AXUjgRo3Q,El Dios de los Autos,external-reference,embed_link_and_summarize_only
WRgyaMDGUhk,https://www.youtube.com/watch?v=WRgyaMDGUhk,MI VOLKSWAGEN GOL - TAG DEL TUNING | EL DIOS DE LOS AUTOS,659.0,,videos,https://i.ytimg.com/vi/WRgyaMDGUhk/hqdefault.jpg?sqp=-oaymwEcCNACELwBSFXyq4qpAw4IARUAAIhCGAFwAcABBg==&rs=AOn4CLDGyQ74mi2_2MZPsGEq2R0u0AC82Q,El Dios de los Autos,external-reference,embed_link_and_summarize_only
eUYcGx61JO0,https://www.youtube.com/watch?v=eUYcGx61JO0,10 SUV MÁS RÁPIDAS DEL MUNDO 2020,613.0,,videos,https://i.ytimg.com/vi/eUYcGx61JO0/hqdefault.jpg?sqp=-oaymwEcCNACELwBSFXyq4qpAw4IARUAAIhCGAFwAcABBg==&rs=AOn4CLA9E7UkNT6di2ZORJ8IUoSsXBlxtg,El Dios de los Autos,external-reference,embed_link_and_summarize_only
Rpi52orHPxA,https://www.youtube.com/watch?v=Rpi52orHPxA,¿ESTE ES EL NISSAN 400Z?,807.0,,videos,https://i.ytimg.com/vi/Rpi52orHPxA/hqdefault.jpg?sqp=-oaymwEcCNACELwBSFXyq4qpAw4IARUAAIhCGAFwAcABBg==&rs=AOn4CLDFdz42CV-jdhsRS4r7BwlBoXpkvA,El Dios de los Autos,external-reference,embed_link_and_summarize_only
IfLCChdwhXo,https://www.youtube.com/watch?v=IfLCChdwhXo,DODGE CHALLENGER HELLCAT | MOTURBATE,719.0,,videos,https://i.ytimg.com/vi/IfLCChdwhXo/hqdefault.jpg?sqp=-oaymwEcCNACELwBSFXyq4qpAw4IARUAAIhCGAFwAcABBg==&rs=AOn4CLCr9tvY_H4ZAbDE-WZaTGM8c-Osog,El Dios de los Autos,external-reference,embed_link_and_summarize_only
RzRX_rhCpYs,https://www.youtube.com/watch?v=RzRX_rhCpYs,ASÍ SUENAN LOS MOTORES DE 3 A 16 CILINDROS,236.0,,videos,https://i.ytimg.com/vi/RzRX_rhCpYs/hqdefault.jpg?sqp=-oaymwEcCNACELwBSFXyq4qpAw4IARUAAIhCGAFwAcABBg==&rs=AOn4CLDQXd8of_K3vhY59XJ16aaGy6hmDw,El Dios de los Autos,external-reference,embed_link_and_summarize_only
GNQtQLQMj-k,https://www.youtube.com/watch?v=GNQtQLQMj-k,TOYOTA CELICA Y MR2 2021,794.0,,videos,https://i.ytimg.com/vi/GNQtQLQMj-k/hqdefault.jpg?sqp=-oaymwEcCNACELwBSFXyq4qpAw4IARUAAIhCGAFwAcABBg==&rs=AOn4CLDhmSyHE1cBysDheX9mpf4ofe29GA,El Dios de los Autos,external-reference,embed_link_and_summarize_only
cR68uP5ccaw,https://www.youtube.com/watch?v=cR68uP5ccaw,¿CON QUE AUTO FILMAN AL BUGATTI CHIRON?,459.0,,videos,https://i.ytimg.com/vi/cR68uP5ccaw/hqdefault.jpg?sqp=-oaymwEcCNACELwBSFXyq4qpAw4IARUAAIhCGAFwAcABBg==&rs=AOn4CLBCqkCh-dsuU84GBg1nyeykAXVupQ,El Dios de los Autos,external-reference,embed_link_and_summarize_only
A_e7ov0a6eY,https://www.youtube.com/watch?v=A_e7ov0a6eY,¡¿QUIEN #$% BORRÓ MI VIDEO?!,657.0,,videos,https://i.ytimg.com/vi/A_e7ov0a6eY/hqdefault.jpg?sqp=-oaymwEcCNACELwBSFXyq4qpAw4IARUAAIhCGAFwAcABBg==&rs=AOn4CLD1js_ITUB0JZZHe6ZT7wWezpINEw,El Dios de los Autos,external-reference,embed_link_and_summarize_only
hGxn2CEvjCM,https://www.youtube.com/watch?v=hGxn2CEvjCM,ASÍ BUGATTI ARRUINÓ AL CHIRON,439.0,,videos,https://i.ytimg.com/vi/hGxn2CEvjCM/hqdefault.jpg?sqp=-oaymwEcCNACELwBSFXyq4qpAw4IARUAAIhCGAFwAcABBg==&rs=AOn4CLDp6rEKmEhtJvjhWwdyPcDTzwJSZw,El Dios de los Autos,external-reference,embed_link_and_summarize_only
-OTE9mJ1I70,https://www.youtube.com/watch?v=-OTE9mJ1I70,ALERONES | EXPLICACIÓN A PRUEBA DE IDIOTAS,460.0,,videos,https://i.ytimg.com/vi/-OTE9mJ1I70/hqdefault.jpg?sqp=-oaymwEcCNACELwBSFXyq4qpAw4IARUAAIhCGAFwAcABBg==&rs=AOn4CLDdAUTDv2OWPBtcTs4RdgIPick98w,El Dios de los Autos,external-reference,embed_link_and_summarize_only
VmAp1-kNlH8,https://www.youtube.com/watch?v=VmAp1-kNlH8,EL EXPERTO EN TUNING,848.0,,videos,https://i.ytimg.com/vi/VmAp1-kNlH8/hqdefault.jpg?sqp=-oaymwEcCNACELwBSFXyq4qpAw4IARUAAIhCGAFwAcABBg==&rs=AOn4CLCBAjrJO98KXLC7kctijgqenptEng,El Dios de los Autos,external-reference,embed_link_and_summarize_only
EZhQZtwD3OY,https://www.youtube.com/watch?v=EZhQZtwD3OY,6 AUTOS FEOS A PROPÓSITO,392.0,,videos,https://i.ytimg.com/vi/EZhQZtwD3OY/hqdefault.jpg?sqp=-oaymwEcCNACELwBSFXyq4qpAw4IARUAAIhCGAFwAcABBg==&rs=AOn4CLDkJyQlLcyH2mFZDC-P249SDhRr9Q,El Dios de los Autos,external-reference,embed_link_and_summarize_only
8sv_iXK1rXQ,https://www.youtube.com/watch?v=8sv_iXK1rXQ,CONFIRMADO: MUSTANG DESCONTINUADO POR C0R0LLAV1RU5,515.0,,videos,https://i.ytimg.com/vi/8sv_iXK1rXQ/hqdefault.jpg?sqp=-oaymwEcCNACELwBSFXyq4qpAw4IARUAAIhCGAFwAcABBg==&rs=AOn4CLCPYBFMVZf3Cke4Ogp_ORO5RBjNrA,El Dios de los Autos,external-reference,embed_link_and_summarize_only
FNFYCVjHvPI,https://www.youtube.com/watch?v=FNFYCVjHvPI,CHEVROLET CAMARO MOTOR CENTRAL 2022,512.0,,videos,https://i.ytimg.com/vi/FNFYCVjHvPI/hqdefault.jpg?sqp=-oaymwEcCNACELwBSFXyq4qpAw4IARUAAIhCGAFwAcABBg==&rs=AOn4CLBZZYCnWBfc_knLOto1ywZ1E1jeog,El Dios de los Autos,external-reference,embed_link_and_summarize_only
1jYo_afCTPI,https://www.youtube.com/watch?v=1jYo_afCTPI,¿CUANTO BAJARÁN LOS AUTOS POR EL C0R0LLAV1RU5?,676.0,,videos,https://i.ytimg.com/vi/1jYo_afCTPI/hqdefault.jpg?sqp=-oaymwEcCNACELwBSFXyq4qpAw4IARUAAIhCGAFwAcABBg==&rs=AOn4CLBG-hmfSvrehyoNhls-HK60uylFMg,El Dios de los Autos,external-reference,embed_link_and_summarize_only
WO-iNVxpl54,https://www.youtube.com/watch?v=WO-iNVxpl54,PREGUNTAS Y RESPUESTAS 2020 CUARENTENA | EL DIOS DE LOS AUTOS,1518.0,,videos,https://i.ytimg.com/vi/WO-iNVxpl54/hqdefault.jpg?sqp=-oaymwEcCNACELwBSFXyq4qpAw4IARUAAIhCGAFwAcABBg==&rs=AOn4CLCnk9EQcFUbdePQ4CTtaJRq0fDJCw,El Dios de los Autos,external-reference,embed_link_and_summarize_only
ulN4njhch7Y,https://www.youtube.com/watch?v=ulN4njhch7Y,FILTRO DE ALTO FLUJO | EXPLICACIÓN A PRUEBA DE IDIOTAS,629.0,,videos,https://i.ytimg.com/vi/ulN4njhch7Y/hqdefault.jpg?sqp=-oaymwEcCNACELwBSFXyq4qpAw4IARUAAIhCGAFwAcABBg==&rs=AOn4CLCFxusnBTRe_7c7EBQsJUw-2WacXg,El Dios de los Autos,external-reference,embed_link_and_summarize_only
wAIiTuqgBz0,https://www.youtube.com/watch?v=wAIiTuqgBz0,¿UN AUTO PARADO SE MALOGRA?,635.0,,videos,https://i.ytimg.com/vi/wAIiTuqgBz0/hqdefault.jpg?sqp=-oaymwEcCNACELwBSFXyq4qpAw4IARUAAIhCGAFwAcABBg==&rs=AOn4CLCawU7XBWHdNPsuE7OUQm64ol1czQ,El Dios de los Autos,external-reference,embed_link_and_summarize_only
W8QTEr9vyEI,https://www.youtube.com/watch?v=W8QTEr9vyEI,GEMERA: LA FANTABULOSA EMANCIPACIÓN DE UN KOENIGSEGG,525.0,,videos,https://i.ytimg.com/vi/W8QTEr9vyEI/hqdefault.jpg?sqp=-oaymwEcCNACELwBSFXyq4qpAw4IARUAAIhCGAFwAcABBg==&rs=AOn4CLBu3Hw3-AgT3ibj_Uq6KjVLiKfkOA,El Dios de los Autos,external-reference,embed_link_and_summarize_only
F01g8SVJkDU,https://www.youtube.com/watch?v=F01g8SVJkDU,6 MEJORES JUEGOS DE CARRERAS 2020,443.0,,videos,https://i.ytimg.com/vi/F01g8SVJkDU/hqdefault.jpg?sqp=-oaymwEcCNACELwBSFXyq4qpAw4IARUAAIhCGAFwAcABBg==&rs=AOn4CLBrNYvRsGs-H6tohEDYJ1KG1T76DQ,El Dios de los Autos,external-reference,embed_link_and_summarize_only
14FnhLjseqs,https://www.youtube.com/watch?v=14FnhLjseqs,5 MODIFICACIONES PARA: VOLKSWAGEN GOL (2008-2020) / G5-G6-G7,663.0,,videos,https://i.ytimg.com/vi/14FnhLjseqs/hqdefault.jpg?sqp=-oaymwEcCNACELwBSFXyq4qpAw4IARUAAIhCGAFwAcABBg==&rs=AOn4CLBdYkE40_vKnzNH3o88MuQ-1nVQKQ,El Dios de los Autos,external-reference,embed_link_and_summarize_only
taTaiXtuUO4,https://www.youtube.com/watch?v=taTaiXtuUO4,RACECHIP PEDALBOX | EXPLICACIÓN A PRUEBA DE IDIOTAS,629.0,,videos,https://i.ytimg.com/vi/taTaiXtuUO4/hqdefault.jpg?sqp=-oaymwEcCNACELwBSFXyq4qpAw4IARUAAIhCGAFwAcABBg==&rs=AOn4CLAKyFfeRKDOcGbEcl50mGfmYgqNhw,El Dios de los Autos,external-reference,embed_link_and_summarize_only
JlIRw-7GJfs,https://www.youtube.com/watch?v=JlIRw-7GJfs,ESTO LO CAMBIA TODO,607.0,,videos,https://i.ytimg.com/vi/JlIRw-7GJfs/hqdefault.jpg?sqp=-oaymwEcCNACELwBSFXyq4qpAw4IARUAAIhCGAFwAcABBg==&rs=AOn4CLB4qQddKomOLvZ5qo1i_msB7phuCQ,El Dios de los Autos,external-reference,embed_link_and_summarize_only
_AhlAaBWlRI,https://www.youtube.com/watch?v=_AhlAaBWlRI,C0R0LLAV1RU5 MATARÁ ESTAS MARCAS,411.0,,videos,https://i.ytimg.com/vi/_AhlAaBWlRI/hqdefault.jpg?sqp=-oaymwEcCNACELwBSFXyq4qpAw4IARUAAIhCGAFwAcABBg==&rs=AOn4CLBYzhuyhWYNLLJ2pApUQ0a-metTpg,El Dios de los Autos,external-reference,embed_link_and_summarize_only
gp4LXj_yIqs,https://www.youtube.com/watch?v=gp4LXj_yIqs,SUPERAUTOS MÁS LENTOS QUE EL CORVETTE 2020,710.0,,videos,https://i.ytimg.com/vi/gp4LXj_yIqs/hqdefault.jpg?sqp=-oaymwEcCNACELwBSFXyq4qpAw4IARUAAIhCGAFwAcABBg==&rs=AOn4CLDLdBly6Rkg-L6Gy8mf4Ahw5URogA,El Dios de los Autos,external-reference,embed_link_and_summarize_only
wt_KBa6j9cY,https://www.youtube.com/watch?v=wt_KBa6j9cY,COMPRA UN AUTO BARATO AHORA,468.0,,videos,https://i.ytimg.com/vi/wt_KBa6j9cY/hqdefault.jpg?sqp=-oaymwEcCNACELwBSFXyq4qpAw4IARUAAIhCGAFwAcABBg==&rs=AOn4CLA3TQsNkGdjl7YsJlBbGzCVcaq6Ng,El Dios de los Autos,external-reference,embed_link_and_summarize_only
2-lNTNdDKvw,https://www.youtube.com/watch?v=2-lNTNdDKvw,REACCIONANDO AL HYUNDAI ELANTRA 2021,1136.0,,videos,https://i.ytimg.com/vi/2-lNTNdDKvw/hqdefault.jpg?sqp=-oaymwEcCNACELwBSFXyq4qpAw4IARUAAIhCGAFwAcABBg==&rs=AOn4CLDqaLEzlXv1KCWNjX80xB63U_-euA,El Dios de los Autos,external-reference,embed_link_and_summarize_only
kgA9cwsn4o0,https://www.youtube.com/watch?v=kgA9cwsn4o0,"5 AUTOS RAPIDOS, BARATOS DE BAJO CONSUMO",644.0,,videos,https://i.ytimg.com/vi/kgA9cwsn4o0/hqdefault.jpg?sqp=-oaymwEcCNACELwBSFXyq4qpAw4IARUAAIhCGAFwAcABBg==&rs=AOn4CLCHRPrbYdBGjMXgzBo83gJvSyTGiw,El Dios de los Autos,external-reference,embed_link_and_summarize_only
3NaG7YmytOg,https://www.youtube.com/watch?v=3NaG7YmytOg,LA VERDAD EN TU CARA: CHEVROLET ONIX 2021,562.0,,videos,https://i.ytimg.com/vi/3NaG7YmytOg/hqdefault.jpg?sqp=-oaymwEcCNACELwBSFXyq4qpAw4IARUAAIhCGAFwAcABBg==&rs=AOn4CLAFv-QDIpVBEaQHzt6hxkcQ1H324g,El Dios de los Autos,external-reference,embed_link_and_summarize_only
XWU1moOuZd0,https://www.youtube.com/watch?v=XWU1moOuZd0,5 MODIFICACIONES PARA: NISSAN SENTRA B13 TSURU,718.0,,videos,https://i.ytimg.com/vi/XWU1moOuZd0/hqdefault.jpg?sqp=-oaymwEcCNACELwBSFXyq4qpAw4IARUAAIhCGAFwAcABBg==&rs=AOn4CLAhkJoZoTjjyFQPN62LGiMk7c-Tpg,El Dios de los Autos,external-reference,embed_link_and_summarize_only
yYfz3SD-Fuk,https://www.youtube.com/watch?v=yYfz3SD-Fuk,REACCIONANDO AL CHEVROLET BEAT NOCHBACK,822.0,,videos,https://i.ytimg.com/vi/yYfz3SD-Fuk/hqdefault.jpg?sqp=-oaymwEcCNACELwBSFXyq4qpAw4IARUAAIhCGAFwAcABBg==&rs=AOn4CLBsYM7QxibrF-UA5AUYSJ24LQToQg,El Dios de los Autos,external-reference,embed_link_and_summarize_only
mvpyENtD6Mc,https://www.youtube.com/watch?v=mvpyENtD6Mc,LA VERDAD EN TU CARA: SUBARU FORESTER 2020,688.0,,videos,https://i.ytimg.com/vi/mvpyENtD6Mc/hqdefault.jpg?sqp=-oaymwEcCNACELwBSFXyq4qpAw4IARUAAIhCGAFwAcABBg==&rs=AOn4CLDuCwwAtG0SlaX27d26e4m-0GR2og,El Dios de los Autos,external-reference,embed_link_and_summarize_only
S0zN159GB-c,https://www.youtube.com/watch?v=S0zN159GB-c,5 MEJORES SITIOS WEB DE AUTOS,333.0,,videos,https://i.ytimg.com/vi/S0zN159GB-c/hqdefault.jpg?sqp=-oaymwEcCNACELwBSFXyq4qpAw4IARUAAIhCGAFwAcABBg==&rs=AOn4CLDVYec7Y2lHs8Ef1GMrlvOhnYn5bQ,El Dios de los Autos,external-reference,embed_link_and_summarize_only
arRL4UC7_1Q,https://www.youtube.com/watch?v=arRL4UC7_1Q,5 MODIFICACIONES PARA: HONDA CIVIC (1992-2000),377.0,,videos,https://i.ytimg.com/vi/arRL4UC7_1Q/hqdefault.jpg?sqp=-oaymwEcCNACELwBSFXyq4qpAw4IARUAAIhCGAFwAcABBg==&rs=AOn4CLCBa-93pSdunSdq5e41a5Jb-UbjtQ,El Dios de los Autos,external-reference,embed_link_and_summarize_only
jKsbi9jz4n8,https://www.youtube.com/watch?v=jKsbi9jz4n8,VOLANTE DE F1 |  EXPLICACIÓN A PRUEBA DE IDIOTAS,877.0,,videos,https://i.ytimg.com/vi/jKsbi9jz4n8/hqdefault.jpg?sqp=-oaymwEcCNACELwBSFXyq4qpAw4IARUAAIhCGAFwAcABBg==&rs=AOn4CLBMScxA1TlBuIROVmB8z1-nsfxJlg,El Dios de los Autos,external-reference,embed_link_and_summarize_only
HtmUOHhUy8c,https://www.youtube.com/watch?v=HtmUOHhUy8c,4 AUTOS PARA FEM 1N15TAS,346.0,,videos,https://i.ytimg.com/vi/HtmUOHhUy8c/hqdefault.jpg?sqp=-oaymwEcCNACELwBSFXyq4qpAw4IARUAAIhCGAFwAcABBg==&rs=AOn4CLAJYMWXoknBex2XDpT0FVD10niDWw,El Dios de los Autos,external-reference,embed_link_and_summarize_only
iazpG6gzGVg,https://www.youtube.com/watch?v=iazpG6gzGVg,LA VERDAD EN TU CARA: KIA SELTOS,421.0,,videos,https://i.ytimg.com/vi/iazpG6gzGVg/hqdefault.jpg?sqp=-oaymwEcCNACELwBSFXyq4qpAw4IARUAAIhCGAFwAcABBg==&rs=AOn4CLBJIqwtmUK0Ja3KYDRi6AL19_rppQ,El Dios de los Autos,external-reference,embed_link_and_summarize_only
JS4U8Cf5R3A,https://www.youtube.com/watch?v=JS4U8Cf5R3A,ASÍ QUEDÓ MI BMW,610.0,,videos,https://i.ytimg.com/vi/JS4U8Cf5R3A/hqdefault.jpg?sqp=-oaymwEcCNACELwBSFXyq4qpAw4IARUAAIhCGAFwAcABBg==&rs=AOn4CLAe0YEUruNF3IwSWPeKV7KLXdR42g,El Dios de los Autos,external-reference,embed_link_and_summarize_only
t6N2lRngYqw,https://www.youtube.com/watch?v=t6N2lRngYqw,CORONAVIRUS | EL FIN DE LOS AUTOS CHINOS,450.0,,videos,https://i.ytimg.com/vi/t6N2lRngYqw/hqdefault.jpg?sqp=-oaymwEcCNACELwBSFXyq4qpAw4IARUAAIhCGAFwAcABBg==&rs=AOn4CLAqfnCHdgX0FZ-1Boi_l4VKIe4D7Q,El Dios de los Autos,external-reference,embed_link_and_summarize_only
iXiYbskbdwY,https://www.youtube.com/watch?v=iXiYbskbdwY,QUE AUTO BARATO ME COMPRO | LA FINAL - EL DIOS DE LOS AUTOS,532.0,,videos,https://i.ytimg.com/vi/iXiYbskbdwY/hqdefault.jpg?sqp=-oaymwEcCNACELwBSFXyq4qpAw4IARUAAIhCGAFwAcABBg==&rs=AOn4CLA9LXDkBW3hmC9CNJnN1OWMBRzduQ,El Dios de los Autos,external-reference,embed_link_and_summarize_only
sXFjLz6Afqs,https://www.youtube.com/watch?v=sXFjLz6Afqs,5 AUTOS PARA C0GR,337.0,,videos,https://i.ytimg.com/vi/sXFjLz6Afqs/hqdefault.jpg?sqp=-oaymwEcCNACELwBSFXyq4qpAw4IARUAAIhCGAFwAcABBg==&rs=AOn4CLAW8MVJUg0Lj5Dw2hOi6EUXwzik2w,El Dios de los Autos,external-reference,embed_link_and_summarize_only
-FDM93TLbTI,https://www.youtube.com/watch?v=-FDM93TLbTI,LA VERDAD EN TU CARA: MAZDA CX-30,398.0,,videos,https://i.ytimg.com/vi/-FDM93TLbTI/hqdefault.jpg?sqp=-oaymwEcCNACELwBSFXyq4qpAw4IARUAAIhCGAFwAcABBg==&rs=AOn4CLBzCBvHE7WswLDF72rys1QLwBFXnw,El Dios de los Autos,external-reference,embed_link_and_summarize_only
7CwWJPyxqyo,https://www.youtube.com/watch?v=7CwWJPyxqyo,¿QUE TAN PREMIUM ES UN AUTO PREMIUM?,525.0,,videos,https://i.ytimg.com/vi/7CwWJPyxqyo/hqdefault.jpg?sqp=-oaymwEcCNACELwBSFXyq4qpAw4IARUAAIhCGAFwAcABBg==&rs=AOn4CLDjdatmX9JxTjMoJlx7TG6BRQb4Cg,El Dios de los Autos,external-reference,embed_link_and_summarize_only
rrYTXsPylKo,https://www.youtube.com/watch?v=rrYTXsPylKo,QUE AUTO BARATO ME COMPRO MITSUBISHI MIRAGE,287.0,,videos,https://i.ytimg.com/vi/rrYTXsPylKo/hqdefault.jpg?sqp=-oaymwEcCNACELwBSFXyq4qpAw4IARUAAIhCGAFwAcABBg==&rs=AOn4CLDOcGGS1L9v2Wk0_Mzg_80F6qKEYg,El Dios de los Autos,external-reference,embed_link_and_summarize_only
26uaREbBTQs,https://www.youtube.com/watch?v=26uaREbBTQs,7 PEORES AUTOS DE LA DÉCADA DE LOS 2010,887.0,,videos,https://i.ytimg.com/vi/26uaREbBTQs/hqdefault.jpg?sqp=-oaymwEcCNACELwBSFXyq4qpAw4IARUAAIhCGAFwAcABBg==&rs=AOn4CLBjrOW_FviVtVXlMcq2_uuGzehMgA,El Dios de los Autos,external-reference,embed_link_and_summarize_only
eM2aMtBF-Xo,https://www.youtube.com/watch?v=eM2aMtBF-Xo,7 AUTOS BARATOS PARA YOUTUBERS,539.0,,videos,https://i.ytimg.com/vi/eM2aMtBF-Xo/hqdefault.jpg?sqp=-oaymwEcCNACELwBSFXyq4qpAw4IARUAAIhCGAFwAcABBg==&rs=AOn4CLDgoyH2nSP7MOAJs2sVFSKopnAEwQ,El Dios de los Autos,external-reference,embed_link_and_summarize_only
jZ-rSxGlK_M,https://www.youtube.com/watch?v=jZ-rSxGlK_M,POR ESTO LAS MARCAS DE AUTOS ME ODIAN,663.0,,videos,https://i.ytimg.com/vi/jZ-rSxGlK_M/hqdefault.jpg?sqp=-oaymwEcCNACELwBSFXyq4qpAw4IARUAAIhCGAFwAcABBg==&rs=AOn4CLCyz6K_rUNmE_E5lhnJtZi9UtPZTg,El Dios de los Autos,external-reference,embed_link_and_summarize_only
c2RpRmdXKEE,https://www.youtube.com/watch?v=c2RpRmdXKEE,ESTE NUEVO HONDA LO CAMBIA TODO,667.0,,videos,https://i.ytimg.com/vi/c2RpRmdXKEE/hqdefault.jpg?sqp=-oaymwEcCNACELwBSFXyq4qpAw4IARUAAIhCGAFwAcABBg==&rs=AOn4CLC7qumhk_3_KI6e2YUaaWIVAfVBKA,El Dios de los Autos,external-reference,embed_link_and_summarize_only
U0MVFD5C28g,https://www.youtube.com/watch?v=U0MVFD5C28g,HABRÁ PELÍCULA FEMINISTA DE RÁPIDOS Y FURIOSOS,528.0,,videos,https://i.ytimg.com/vi/U0MVFD5C28g/hqdefault.jpg?sqp=-oaymwEcCNACELwBSFXyq4qpAw4IARUAAIhCGAFwAcABBg==&rs=AOn4CLAfsLShIYa4GfrY3w1-JsarExAd-Q,El Dios de los Autos,external-reference,embed_link_and_summarize_only
gMWABlq6Los,https://www.youtube.com/watch?v=gMWABlq6Los,CONVERTIR DE AUTOMÁTICO A MANUAL | EXPLICACIÓN A PRUEBA DE IDIOTAS,606.0,,videos,https://i.ytimg.com/vi/gMWABlq6Los/hqdefault.jpg?sqp=-oaymwEcCNACELwBSFXyq4qpAw4IARUAAIhCGAFwAcABBg==&rs=AOn4CLBlOuIKbGmk__ECRDFtdJg1j7Q9bg,El Dios de los Autos,external-reference,embed_link_and_summarize_only
awtjejZLJJQ,https://www.youtube.com/watch?v=awtjejZLJJQ,QUE AUTO BARATO ME COMPRO PEUGEOT 208,372.0,,videos,https://i.ytimg.com/vi/awtjejZLJJQ/hqdefault.jpg?sqp=-oaymwEcCNACELwBSFXyq4qpAw4IARUAAIhCGAFwAcABBg==&rs=AOn4CLAk4LbrQPFInYwVS6H20gE2xdfkXA,El Dios de los Autos,external-reference,embed_link_and_summarize_only
uvFFuiXum_o,https://www.youtube.com/watch?v=uvFFuiXum_o,10 MEJORES AUTOS DE LA DECADA DE LOS 2010s,1373.0,,videos,https://i.ytimg.com/vi/uvFFuiXum_o/hqdefault.jpg?sqp=-oaymwEcCNACELwBSFXyq4qpAw4IARUAAIhCGAFwAcABBg==&rs=AOn4CLDggG-hISV2k2WFWi23UFdgfuDhGw,El Dios de los Autos,external-reference,embed_link_and_summarize_only
ZeiqhVa-ezA,https://www.youtube.com/watch?v=ZeiqhVa-ezA,"INDIGNADO, DESTRUYERON MIS SUEÑOS",727.0,,videos,https://i.ytimg.com/vi/ZeiqhVa-ezA/hqdefault.jpg?sqp=-oaymwEcCNACELwBSFXyq4qpAw4IARUAAIhCGAFwAcABBg==&rs=AOn4CLCtAIi-V096eWGcAu26_ixjOi_INw,El Dios de los Autos,external-reference,embed_link_and_summarize_only
R2XwSgMOOLQ,https://www.youtube.com/watch?v=R2XwSgMOOLQ,PROGRAMAS DE TV DE AUTOS QUE SON UNA M#3RDA,992.0,,videos,https://i.ytimg.com/vi/R2XwSgMOOLQ/hqdefault.jpg?sqp=-oaymwEcCNACELwBSFXyq4qpAw4IARUAAIhCGAFwAcABBg==&rs=AOn4CLBXVcHIFQMrqOgg6Q51AtIsznU4Mg,El Dios de los Autos,external-reference,embed_link_and_summarize_only
897WWp2INF0,https://www.youtube.com/watch?v=897WWp2INF0,QUE AUTO BARATO ME COMPRO FIAT UNO,377.0,,videos,https://i.ytimg.com/vi/897WWp2INF0/hqdefault.jpg?sqp=-oaymwEcCNACELwBSFXyq4qpAw4IARUAAIhCGAFwAcABBg==&rs=AOn4CLCBJO0ocU72ZRtP27qYNlcwx6FDgQ,El Dios de los Autos,external-reference,embed_link_and_summarize_only
Yga3b0lMI_A,https://www.youtube.com/watch?v=Yga3b0lMI_A,QUE AUTO BARATO ME COMPRO HYUNDAI ACCENT,402.0,,videos,https://i.ytimg.com/vi/Yga3b0lMI_A/hqdefault.jpg?sqp=-oaymwEcCNACELwBSFXyq4qpAw4IARUAAIhCGAFwAcABBg==&rs=AOn4CLBjPGb74C5USTYao5dfc2P_935aUg,El Dios de los Autos,external-reference,embed_link_and_summarize_only
3WcyU7TQP8w,https://www.youtube.com/watch?v=3WcyU7TQP8w,LA VERDAD DE LOS AUTOS AUTONOMOS,698.0,,videos,https://i.ytimg.com/vi/3WcyU7TQP8w/hqdefault.jpg?sqp=-oaymwEcCNACELwBSFXyq4qpAw4IARUAAIhCGAFwAcABBg==&rs=AOn4CLAooEUrpkwqiOdW1cjjHAZMIm6GEQ,El Dios de los Autos,external-reference,embed_link_and_summarize_only
IKwyQFZX0TM,https://www.youtube.com/watch?v=IKwyQFZX0TM,PROS Y CONTRAS DE COMPRAR UN AUTO MODIFICADO,466.0,,videos,https://i.ytimg.com/vi/IKwyQFZX0TM/hqdefault.jpg?sqp=-oaymwEcCNACELwBSFXyq4qpAw4IARUAAIhCGAFwAcABBg==&rs=AOn4CLAE5-iPR2JK5-BEzjkR0CzE2nao3A,El Dios de los Autos,external-reference,embed_link_and_summarize_only
vbZoe_uLdNI,https://www.youtube.com/watch?v=vbZoe_uLdNI,NO MÁS CAJAS MANUALES EN 2022,379.0,,videos,https://i.ytimg.com/vi/vbZoe_uLdNI/hqdefault.jpg?sqp=-oaymwEcCNACELwBSFXyq4qpAw4IARUAAIhCGAFwAcABBg==&rs=AOn4CLAXHQON-d8FDiCwSGFu4JdJ6GiZQA,El Dios de los Autos,external-reference,embed_link_and_summarize_only
U7-Z7GtGazU,https://www.youtube.com/watch?v=U7-Z7GtGazU,5 AUTOS PARA ALTOS,450.0,,videos,https://i.ytimg.com/vi/U7-Z7GtGazU/hqdefault.jpg?sqp=-oaymwEcCNACELwBSFXyq4qpAw4IARUAAIhCGAFwAcABBg==&rs=AOn4CLAlmBqOi1nOE8N-OFEpLjxhCXPACQ,El Dios de los Autos,external-reference,embed_link_and_summarize_only
fdoXjl3fDkM,https://www.youtube.com/watch?v=fdoXjl3fDkM,5 AUTOS AFEMINADOS QUE AMAMOS,500.0,,videos,https://i.ytimg.com/vi/fdoXjl3fDkM/hqdefault.jpg?sqp=-oaymwEcCNACELwBSFXyq4qpAw4IARUAAIhCGAFwAcABBg==&rs=AOn4CLBesdu8HG-zJpooq5IWx3gD3Z6-aA,El Dios de los Autos,external-reference,embed_link_and_summarize_only
YuNNb3j574E,https://www.youtube.com/watch?v=YuNNb3j574E,¿CUANTOS AÑOS TIENE UN AUTO VIEJO?,635.0,,videos,https://i.ytimg.com/vi/YuNNb3j574E/hqdefault.jpg?sqp=-oaymwEcCNACELwBSFXyq4qpAw4IARUAAIhCGAFwAcABBg==&rs=AOn4CLBWQLWdDHjpo5CU38B0-On3iaV2xA,El Dios de los Autos,external-reference,embed_link_and_summarize_only
_RgWqW5sngE,https://www.youtube.com/watch?v=_RgWqW5sngE,REFRIGERANTE | EXPLICACIÓN A PRUEBA DE IDIOTAS,605.0,,videos,https://i.ytimg.com/vi/_RgWqW5sngE/hqdefault.jpg?sqp=-oaymwEcCNACELwBSFXyq4qpAw4IARUAAIhCGAFwAcABBg==&rs=AOn4CLBl9OI8vgnOoW6X2gJZfpeRwCAA0w,El Dios de los Autos,external-reference,embed_link_and_summarize_only
4qguVdnzeUo,https://www.youtube.com/watch?v=4qguVdnzeUo,FICHA TÉCNICA | EXPLICACIÓN A PRUEBA DE IDIOTAS,802.0,,videos,https://i.ytimg.com/vi/4qguVdnzeUo/hqdefault.jpg?sqp=-oaymwEcCNACELwBSFXyq4qpAw4IARUAAIhCGAFwAcABBg==&rs=AOn4CLAXMsBfZDfZ8yavHBhA9v7Tvr5-og,El Dios de los Autos,external-reference,embed_link_and_summarize_only
ECfYlNMHZ7M,https://www.youtube.com/watch?v=ECfYlNMHZ7M,QUE AUTO BARATO ME COMPRO| HONDA FIT,348.0,,videos,https://i.ytimg.com/vi/ECfYlNMHZ7M/hqdefault.jpg?sqp=-oaymwEcCNACELwBSFXyq4qpAw4IARUAAIhCGAFwAcABBg==&rs=AOn4CLBQ7rKWVG3w6VZDQZEb39J6Qd1fdA,El Dios de los Autos,external-reference,embed_link_and_summarize_only
CuBfZU1KD5M,https://www.youtube.com/watch?v=CuBfZU1KD5M,NISSAN ESTÁ MURIENDO. LA SOLUCIÓN.,654.0,,videos,https://i.ytimg.com/vi/CuBfZU1KD5M/hqdefault.jpg?sqp=-oaymwEcCNACELwBSFXyq4qpAw4IARUAAIhCGAFwAcABBg==&rs=AOn4CLAkDirc8i0jrZSpDLCbOfAFYC0pbg,El Dios de los Autos,external-reference,embed_link_and_summarize_only
jkxEhmfvdF4,https://www.youtube.com/watch?v=jkxEhmfvdF4,NUEVA HUMMER ELÉCTRICA 2020,373.0,,videos,https://i.ytimg.com/vi/jkxEhmfvdF4/hqdefault.jpg?sqp=-oaymwEcCNACELwBSFXyq4qpAw4IARUAAIhCGAFwAcABBg==&rs=AOn4CLDWGxzOiHDFMVQJz0XmOHrIxbVH1A,El Dios de los Autos,external-reference,embed_link_and_summarize_only
MFGW9WQ6Nik,https://www.youtube.com/watch?v=MFGW9WQ6Nik,5 AUTOS PARA CHAPARROS,354.0,,videos,https://i.ytimg.com/vi/MFGW9WQ6Nik/hqdefault.jpg?sqp=-oaymwEcCNACELwBSFXyq4qpAw4IARUAAIhCGAFwAcABBg==&rs=AOn4CLAVw1uSaC5EgUuglMcFcRzjbtUbQg,El Dios de los Autos,external-reference,embed_link_and_summarize_only
9h7n_AyTAaw,https://www.youtube.com/watch?v=9h7n_AyTAaw,QUE AUTO BARATO ME COMPRO | CITROEN C3,407.0,,videos,https://i.ytimg.com/vi/9h7n_AyTAaw/hqdefault.jpg?sqp=-oaymwEcCNACELwBSFXyq4qpAw4IARUAAIhCGAFwAcABBg==&rs=AOn4CLA7OX-Jt2cy8F7Esc1t_5oVu_7g3Q,El Dios de los Autos,external-reference,embed_link_and_summarize_only
ZehJhIm1Zbg,https://www.youtube.com/watch?v=ZehJhIm1Zbg,TRACCIÓN DELANTERA VS TRASERA VS AWD | EXPLICACIÓN A PRUEBA DE IDIOTAS,869.0,,videos,https://i.ytimg.com/vi/ZehJhIm1Zbg/hqdefault.jpg?sqp=-oaymwEcCNACELwBSFXyq4qpAw4IARUAAIhCGAFwAcABBg==&rs=AOn4CLCXZ_WAPUhI_mOEk_MHzci1IpA_Ug,El Dios de los Autos,external-reference,embed_link_and_summarize_only
fXB1kx5qa7k,https://www.youtube.com/watch?v=fXB1kx5qa7k,"¿QUE TAN ""PREMIUM"" ES MAZDA?",884.0,,videos,https://i.ytimg.com/vi/fXB1kx5qa7k/hqdefault.jpg?sqp=-oaymwEcCNACELwBSFXyq4qpAw4IARUAAIhCGAFwAcABBg==&rs=AOn4CLCliReaYV7rJolJ-zXVGnmJqlcJOg,El Dios de los Autos,external-reference,embed_link_and_summarize_only
k9ivcjlosTs,https://www.youtube.com/watch?v=k9ivcjlosTs,NUEVO MITSUBISHI LANCER EVOLUTION 2020,681.0,,videos,https://i.ytimg.com/vi/k9ivcjlosTs/hqdefault.jpg?sqp=-oaymwEcCNACELwBSFXyq4qpAw4IARUAAIhCGAFwAcABBg==&rs=AOn4CLCu1hKozcSklYKEUkSnOw-kyH0brQ,El Dios de los Autos,external-reference,embed_link_and_summarize_only
dfJqrK2pnkM,https://www.youtube.com/watch?v=dfJqrK2pnkM,EL TOYOTA GR YARIS LO CAMBIA TODO,410.0,,videos,https://i.ytimg.com/vi/dfJqrK2pnkM/hqdefault.jpg?sqp=-oaymwEcCNACELwBSFXyq4qpAw4IARUAAIhCGAFwAcABBg==&rs=AOn4CLCK-OCkwjv9nZDIYOlK-eHwIlNjuw,El Dios de los Autos,external-reference,embed_link_and_summarize_only
mS_zF0uYeko,https://www.youtube.com/watch?v=mS_zF0uYeko,5 AUTOS BASURA QUE LLEGAN EN 2020,430.0,,videos,https://i.ytimg.com/vi/mS_zF0uYeko/hqdefault.jpg?sqp=-oaymwEcCNACELwBSFXyq4qpAw4IARUAAIhCGAFwAcABBg==&rs=AOn4CLAgkyE1insSnH0-Cy07PRAnDyX13g,El Dios de los Autos,external-reference,embed_link_and_summarize_only
sqQtNo0EtYw,https://www.youtube.com/watch?v=sqQtNo0EtYw,QUE AUTO BARATO ME COMPRO | MAZDA 2,320.0,,videos,https://i.ytimg.com/vi/sqQtNo0EtYw/hqdefault.jpg?sqp=-oaymwEcCNACELwBSFXyq4qpAw4IARUAAIhCGAFwAcABBg==&rs=AOn4CLBgo79OkBWWHFNFXnEfqg5kJ7RvXQ,El Dios de los Autos,external-reference,embed_link_and_summarize_only
UKPu8a-Rka4,https://www.youtube.com/watch?v=UKPu8a-Rka4,HATCHBACKS RÁPIDOS Y ACCESIBLES DEL 2020,607.0,,videos,https://i.ytimg.com/vi/UKPu8a-Rka4/hqdefault.jpg?sqp=-oaymwEcCNACELwBSFXyq4qpAw4IARUAAIhCGAFwAcABBg==&rs=AOn4CLBbikGUYmZeY1vgWSoRh8OX2PkT3w,El Dios de los Autos,external-reference,embed_link_and_summarize_only
_0-EF-KbBwA,https://www.youtube.com/watch?v=_0-EF-KbBwA,9 AUTOS QUE MORIRÁN EN 2020,457.0,,videos,https://i.ytimg.com/vi/_0-EF-KbBwA/hqdefault.jpg?sqp=-oaymwEcCNACELwBSFXyq4qpAw4IARUAAIhCGAFwAcABBg==&rs=AOn4CLAxkMIdwxbzbRa5o_WwpVh75y06Yg,El Dios de los Autos,external-reference,embed_link_and_summarize_only
SRS74Eyl0Gw,https://www.youtube.com/watch?v=SRS74Eyl0Gw,AUTOS ELÉCTRICOS CON CAJAS MANUALES | EXPLICACIÓN A PRUEBA DE IDIOTAS,634.0,,videos,https://i.ytimg.com/vi/SRS74Eyl0Gw/hqdefault.jpg?sqp=-oaymwEcCNACELwBSFXyq4qpAw4IARUAAIhCGAFwAcABBg==&rs=AOn4CLDw6PZjJRJm6lk5CMTUZPgQY45Igw,El Dios de los Autos,external-reference,embed_link_and_summarize_only
GlHlNhIzYrI,https://www.youtube.com/watch?v=GlHlNhIzYrI,TODOS LOS LANZAMIENTOS PARA 2020,1547.0,,videos,https://i.ytimg.com/vi/GlHlNhIzYrI/hqdefault.jpg?sqp=-oaymwEcCNACELwBSFXyq4qpAw4IARUAAIhCGAFwAcABBg==&rs=AOn4CLDN1kq9vvvu4ScI4R8CPUvER8hRaA,El Dios de los Autos,external-reference,embed_link_and_summarize_only
minkGAQlVkU,https://www.youtube.com/watch?v=minkGAQlVkU,7 AUTOS ELÉCTRICOS MÁS ESPERADOS DEL 2020,351.0,,videos,https://i.ytimg.com/vi/minkGAQlVkU/hqdefault.jpg?sqp=-oaymwEcCNACELwBSFXyq4qpAw4IARUAAIhCGAFwAcABBg==&rs=AOn4CLAWESgFyozASO5rvDIcPBzsuDMJGQ,El Dios de los Autos,external-reference,embed_link_and_summarize_only
J6MFLcsVxKY,https://www.youtube.com/watch?v=J6MFLcsVxKY,REACCIONANDO A LA CIUDAD DE TOYOTA | EL DIOS DE LOS AUTOS,1464.0,,videos,https://i.ytimg.com/vi/J6MFLcsVxKY/hqdefault.jpg?sqp=-oaymwEcCNACELwBSFXyq4qpAw4IARUAAIhCGAFwAcABBg==&rs=AOn4CLD0Ge4uYbO1xCgYmY-ertipo5y2ew,El Dios de los Autos,external-reference,embed_link_and_summarize_only
hy5aZl_ukE0,https://www.youtube.com/watch?v=hy5aZl_ukE0,QUE AUTO BARATO ME COMPRO| NISSAN MARCH,297.0,,videos,https://i.ytimg.com/vi/hy5aZl_ukE0/hqdefault.jpg?sqp=-oaymwEcCNACELwBSFXyq4qpAw4IARUAAIhCGAFwAcABBg==&rs=AOn4CLCZ_3WxgdI7qyTPUxVe3_tfY128hw,El Dios de los Autos,external-reference,embed_link_and_summarize_only
juleIVZ6GKo,https://www.youtube.com/watch?v=juleIVZ6GKo,PREGUNTAS Y RESPUESTAS 2020 | EL DIOS DE LOS AUTOS,1480.0,,videos,https://i.ytimg.com/vi/juleIVZ6GKo/hqdefault.jpg?sqp=-oaymwEcCNACELwBSFXyq4qpAw4IARUAAIhCGAFwAcABBg==&rs=AOn4CLA3RbUf3YSQzDdiM7-Ndy9py0RyRA,El Dios de los Autos,external-reference,embed_link_and_summarize_only
QM13VQEITyg,https://www.youtube.com/watch?v=QM13VQEITyg,5 PEORES AUTOS DEL 2019,375.0,,videos,https://i.ytimg.com/vi/QM13VQEITyg/hqdefault.jpg?sqp=-oaymwEcCNACELwBSFXyq4qpAw4IARUAAIhCGAFwAcABBg==&rs=AOn4CLBKUlVv1hTZAUyIRC8YEQQDmjug7w,El Dios de los Autos,external-reference,embed_link_and_summarize_only
M0tBUhtR02Q,https://www.youtube.com/watch?v=M0tBUhtR02Q,5 MEJORES AUTOS DEL 2019,343.0,,videos,https://i.ytimg.com/vi/M0tBUhtR02Q/hqdefault.jpg?sqp=-oaymwEcCNACELwBSFXyq4qpAw4IARUAAIhCGAFwAcABBg==&rs=AOn4CLBihQ8WhizYivqPSLENJOZv9g8CUg,El Dios de los Autos,external-reference,embed_link_and_summarize_only
BpXcsbjtYMM,https://www.youtube.com/watch?v=BpXcsbjtYMM,UNIVISION ME HA DENUNCIADO,840.0,,videos,https://i.ytimg.com/vi/BpXcsbjtYMM/hqdefault.jpg?sqp=-oaymwEcCNACELwBSFXyq4qpAw4IARUAAIhCGAFwAcABBg==&rs=AOn4CLBOWmtGZdarD5rD9WaVW2xLN5y1og,El Dios de los Autos,external-reference,embed_link_and_summarize_only
B769Oisnq3w,https://www.youtube.com/watch?v=B769Oisnq3w,TAG DEL AUTO | El Dios de los autos,778.0,,videos,https://i.ytimg.com/vi/B769Oisnq3w/hqdefault.jpg?sqp=-oaymwEcCNACELwBSFXyq4qpAw4IARUAAIhCGAFwAcABBg==&rs=AOn4CLCTMy82fvXBhzULBpJtEVjuPHqtDw,El Dios de los Autos,external-reference,embed_link_and_summarize_only
jrHzg_7BRE0,https://www.youtube.com/watch?v=jrHzg_7BRE0,5 AUTOS QUE AMO PERO SON UNA M...,381.0,,videos,https://i.ytimg.com/vi/jrHzg_7BRE0/hqdefault.jpg?sqp=-oaymwEcCNACELwBSFXyq4qpAw4IARUAAIhCGAFwAcABBg==&rs=AOn4CLD36rI8uJnqmZZEd2ZeMYlTbBmn8g,El Dios de los Autos,external-reference,embed_link_and_summarize_only
suAz8_HTpnk,https://www.youtube.com/watch?v=suAz8_HTpnk,5 MEJORES AUTOS PROYECTO BARATOS,554.0,,videos,https://i.ytimg.com/vi/suAz8_HTpnk/hqdefault.jpg?sqp=-oaymwEcCNACELwBSFXyq4qpAw4IARUAAIhCGAFwAcABBg==&rs=AOn4CLDz5zBBrOT8PTNclgI6I7d_dF1vhQ,El Dios de los Autos,external-reference,embed_link_and_summarize_only
DmtH9GoLA5s,https://www.youtube.com/watch?v=DmtH9GoLA5s,QUE AUTO BARATO ME COMPRO| CHEVROLET ONIX,326.0,,videos,https://i.ytimg.com/vi/DmtH9GoLA5s/hqdefault.jpg?sqp=-oaymwEcCNACELwBSFXyq4qpAw4IARUAAIhCGAFwAcABBg==&rs=AOn4CLDZzkmBsIpO0CGGD8lnkoHTgqXR4Q,El Dios de los Autos,external-reference,embed_link_and_summarize_only
wzo4XCPHTHs,https://www.youtube.com/watch?v=wzo4XCPHTHs,EL NUEVO GRUPO AUTOMOTRIZ LO CAMBIA TODO,582.0,,videos,https://i.ytimg.com/vi/wzo4XCPHTHs/hqdefault.jpg?sqp=-oaymwEcCNACELwBSFXyq4qpAw4IARUAAIhCGAFwAcABBg==&rs=AOn4CLDmDJYNs9IXUeqSGfyLhhU6UIiE3w,El Dios de los Autos,external-reference,embed_link_and_summarize_only
LF541mT1INo,https://www.youtube.com/watch?v=LF541mT1INo,CUALQUIER BABOSO PUEDE: LIMPIEZA DE MARIPOSA,643.0,,videos,https://i.ytimg.com/vi/LF541mT1INo/hqdefault.jpg?sqp=-oaymwEcCNACELwBSFXyq4qpAw4IARUAAIhCGAFwAcABBg==&rs=AOn4CLBvrhQyB9mkhscg33Q0yLnjOOk5zQ,El Dios de los Autos,external-reference,embed_link_and_summarize_only
i1cQ5pswQmQ,https://www.youtube.com/watch?v=i1cQ5pswQmQ,PINTURA DE RINES BARATA VS CARA,583.0,,videos,https://i.ytimg.com/vi/i1cQ5pswQmQ/hqdefault.jpg?sqp=-oaymwEcCNACELwBSFXyq4qpAw4IARUAAIhCGAFwAcABBg==&rs=AOn4CLBVRHiII-5Bc1O_YxTAzENNuS2NCA,El Dios de los Autos,external-reference,embed_link_and_summarize_only
cTMCXdnPTdY,https://www.youtube.com/watch?v=cTMCXdnPTdY,CONTROL DE TRACCIÓN Y ESTABILIDAD|  EXPLICACIÓN A PRUEBA DE IDIOTAS,416.0,,videos,https://i.ytimg.com/vi/cTMCXdnPTdY/hqdefault.jpg?sqp=-oaymwEcCNACELwBSFXyq4qpAw4IARUAAIhCGAFwAcABBg==&rs=AOn4CLBFs0RdK2Qn8SuWtlU31YEAb0iVSw,El Dios de los Autos,external-reference,embed_link_and_summarize_only
jvV7xYDUTbU,https://www.youtube.com/watch?v=jvV7xYDUTbU,REWIND CANALES DE AUTOS 2019,753.0,,videos,https://i.ytimg.com/vi/jvV7xYDUTbU/hqdefault.jpg?sqp=-oaymwEcCNACELwBSFXyq4qpAw4IARUAAIhCGAFwAcABBg==&rs=AOn4CLCRlQ46t_divS27V9TVt55Ey7Gf_Q,El Dios de los Autos,external-reference,embed_link_and_summarize_only
XWSeNT7Q8HM,https://www.youtube.com/watch?v=XWSeNT7Q8HM,QUE AUTO BARATO ME COMPRO| TOYOTA YARIS,314.0,,videos,https://i.ytimg.com/vi/XWSeNT7Q8HM/hqdefault.jpg?sqp=-oaymwEcCNACELwBSFXyq4qpAw4IARUAAIhCGAFwAcABBg==&rs=AOn4CLC96N5KdCC9levPzI1RTgxVoRI5SQ,El Dios de los Autos,external-reference,embed_link_and_summarize_only
Y-_-mgRgcfs,https://www.youtube.com/watch?v=Y-_-mgRgcfs,5 AUTOS PARA MAFIOSOS,325.0,,videos,https://i.ytimg.com/vi/Y-_-mgRgcfs/hqdefault.jpg?sqp=-oaymwEcCNACELwBSFXyq4qpAw4IARUAAIhCGAFwAcABBg==&rs=AOn4CLAR9r2ZKFIGDF7sUuSRaTt0YiYgoA,El Dios de los Autos,external-reference,embed_link_and_summarize_only
0p5quMdOrHk,https://www.youtube.com/watch?v=0p5quMdOrHk,CUALQUIER BABOSO PUEDE: CAMBIO DE ACEITE,443.0,,videos,https://i.ytimg.com/vi/0p5quMdOrHk/hqdefault.jpg?sqp=-oaymwEcCNACELwBSFXyq4qpAw4IARUAAIhCGAFwAcABBg==&rs=AOn4CLCLcb9e95zQB3Qx4oC9sf608vLj1Q,El Dios de los Autos,external-reference,embed_link_and_summarize_only
exM3WhDNK0I,https://www.youtube.com/watch?v=exM3WhDNK0I,POR ESTO COMPRÉ UN AUTO IMPORTADO DE USA,1002.0,,videos,https://i.ytimg.com/vi/exM3WhDNK0I/hqdefault.jpg?sqp=-oaymwEcCNACELwBSFXyq4qpAw4IARUAAIhCGAFwAcABBg==&rs=AOn4CLCCZRlHmvo39XTwv-kp4qRvJWEFwQ,El Dios de los Autos,external-reference,embed_link_and_summarize_only
-f6V_8BqKus,https://www.youtube.com/watch?v=-f6V_8BqKus,EL MÁS LENTO DEL AUTODROMO,683.0,,videos,https://i.ytimg.com/vi/-f6V_8BqKus/hqdefault.jpg?sqp=-oaymwEcCNACELwBSFXyq4qpAw4IARUAAIhCGAFwAcABBg==&rs=AOn4CLAhkr8D7crEg7EVHsTfaz7z65jPzQ,El Dios de los Autos,external-reference,embed_link_and_summarize_only
c3jaewCC06s,https://www.youtube.com/watch?v=c3jaewCC06s,HAZ ESTO Y AUMENTA CABALLOS DE FUERZA GRATIS,400.0,,videos,https://i.ytimg.com/vi/c3jaewCC06s/hqdefault.jpg?sqp=-oaymwEcCNACELwBSFXyq4qpAw4IARUAAIhCGAFwAcABBg==&rs=AOn4CLBklYIUH1Nk4iNRp5unN_luyZPMkA,El Dios de los Autos,external-reference,embed_link_and_summarize_only
yLTUZszxGXk,https://www.youtube.com/watch?v=yLTUZszxGXk,ABS + EBD |EXPLICACIÓN A PRUEBA DE IDIOTAS,351.0,,videos,https://i.ytimg.com/vi/yLTUZszxGXk/hqdefault.jpg?sqp=-oaymwEcCNACELwBSFXyq4qpAw4IARUAAIhCGAFwAcABBg==&rs=AOn4CLAQ7xrYz8hMDa2APHx_qrcarzZEfQ,El Dios de los Autos,external-reference,embed_link_and_summarize_only
C8oWsFmtDOM,https://www.youtube.com/watch?v=C8oWsFmtDOM,QUE AUTO BARATO ME COMPRO| SUZUKI SWIFT,306.0,,videos,https://i.ytimg.com/vi/C8oWsFmtDOM/hqdefault.jpg?sqp=-oaymwEcCNACELwBSFXyq4qpAw4IARUAAIhCGAFwAcABBg==&rs=AOn4CLBS9rtBFKVxEf-iwbnbmjjhit8sWg,El Dios de los Autos,external-reference,embed_link_and_summarize_only
bF4NnA0_2Hc,https://www.youtube.com/watch?v=bF4NnA0_2Hc,¿TURBO O ASPIRADO? | EXPLICACIÓN A PRUEBA DE IDIOTAS,565.0,,videos,https://i.ytimg.com/vi/bF4NnA0_2Hc/hqdefault.jpg?sqp=-oaymwEcCNACELwBSFXyq4qpAw4IARUAAIhCGAFwAcABBg==&rs=AOn4CLD8LbiRs63nhmtbStCrvwztMsNttg,El Dios de los Autos,external-reference,embed_link_and_summarize_only
-wgzlwP8qUQ,https://www.youtube.com/watch?v=-wgzlwP8qUQ,HAZ ESTO Y TU AUTO DURARÁ PARA SIEMPRE,624.0,,videos,https://i.ytimg.com/vi/-wgzlwP8qUQ/hqdefault.jpg?sqp=-oaymwEcCNACELwBSFXyq4qpAw4IARUAAIhCGAFwAcABBg==&rs=AOn4CLAhcUwGFGiSE4aiIzzJxJxCn7xJLw,El Dios de los Autos,external-reference,embed_link_and_summarize_only
PUbLGjuEWMA,https://www.youtube.com/watch?v=PUbLGjuEWMA,LA TESLA CYBERTRUCK LO CAMBIA TODO,551.0,,videos,https://i.ytimg.com/vi/PUbLGjuEWMA/hqdefault.jpg?sqp=-oaymwEcCNACELwBSFXyq4qpAw4IARUAAIhCGAFwAcABBg==&rs=AOn4CLAK8V1Bsr0YHXYsUhs2YaMnw0B87A,El Dios de los Autos,external-reference,embed_link_and_summarize_only
q62wV2N5pT0,https://www.youtube.com/watch?v=q62wV2N5pT0,10 MEJORES MARCAS DE RINES / LLANTAS / AROS,571.0,,videos,https://i.ytimg.com/vi/q62wV2N5pT0/hqdefault.jpg?sqp=-oaymwEcCNACELwBSFXyq4qpAw4IARUAAIhCGAFwAcABBg==&rs=AOn4CLB2OOyLMPqwU5Q__8ffSa8YDn2hzw,El Dios de los Autos,external-reference,embed_link_and_summarize_only
0BCvCAJ5W3c,https://www.youtube.com/watch?v=0BCvCAJ5W3c,COMPRANDO RINES/AROS DE LUJO,825.0,,videos,https://i.ytimg.com/vi/0BCvCAJ5W3c/hqdefault.jpg?sqp=-oaymwEcCNACELwBSFXyq4qpAw4IARUAAIhCGAFwAcABBg==&rs=AOn4CLDhgTiIX1CBw5Y1sDX7bcvkIhp72A,El Dios de los Autos,external-reference,embed_link_and_summarize_only
Cq0zQZL8gZE,https://www.youtube.com/watch?v=Cq0zQZL8gZE,GRACIAS Y HASTA LUEGO.,404.0,,videos,https://i.ytimg.com/vi/Cq0zQZL8gZE/hqdefault.jpg?sqp=-oaymwEcCNACELwBSFXyq4qpAw4IARUAAIhCGAFwAcABBg==&rs=AOn4CLDV2KFql2u0yUZmsWfoBD9jWbXCCQ,El Dios de los Autos,external-reference,embed_link_and_summarize_only
Qz_RNnGNIR4,https://www.youtube.com/watch?v=Qz_RNnGNIR4,REACCIONANDO AL FORD MUSTANG SUV ELÉCTRICA | EL DIOS DE LOS AUTOS,1921.0,,videos,https://i.ytimg.com/vi/Qz_RNnGNIR4/hqdefault.jpg?sqp=-oaymwEcCNACELwBSFXyq4qpAw4IARUAAIhCGAFwAcABBg==&rs=AOn4CLCWibQmPJQ7pfXUWjsJ5ztR_nB0Mw,El Dios de los Autos,external-reference,embed_link_and_summarize_only
BD-AhsP5D9U,https://www.youtube.com/watch?v=BD-AhsP5D9U,LA FORD MUSTANG SUV LO CAMBIA TODO,736.0,,videos,https://i.ytimg.com/vi/BD-AhsP5D9U/hqdefault.jpg?sqp=-oaymwEcCNACELwBSFXyq4qpAw4IARUAAIhCGAFwAcABBg==&rs=AOn4CLDF5vkhC99vMpqLS4U9cJ4mPZTwPw,El Dios de los Autos,external-reference,embed_link_and_summarize_only
2c_NRIdtiFk,https://www.youtube.com/watch?v=2c_NRIdtiFk,QUE AUTO BARATO ME COMPRO FORD FIESTA,422.0,,videos,https://i.ytimg.com/vi/2c_NRIdtiFk/hqdefault.jpg?sqp=-oaymwEcCNACELwBSFXyq4qpAw4IARUAAIhCGAFwAcABBg==&rs=AOn4CLAP4eq7dGN5Sz_pk1JTW7x520bBBQ,El Dios de los Autos,external-reference,embed_link_and_summarize_only
EGQvhBWuODE,https://www.youtube.com/watch?v=EGQvhBWuODE,5 AUTOS PARA LA AMANTE,444.0,,videos,https://i.ytimg.com/vi/EGQvhBWuODE/hqdefault.jpg?sqp=-oaymwEcCNACELwBSFXyq4qpAw4IARUAAIhCGAFwAcABBg==&rs=AOn4CLAJsqftHF1ypOgMclwgzJQEMeIEeA,El Dios de los Autos,external-reference,embed_link_and_summarize_only
9RluBc8wOGU,https://www.youtube.com/watch?v=9RluBc8wOGU,100 PREGUNTAS EN 5 MINUTOS | EL DIOS DE LOS AUTOS,731.0,,videos,https://i.ytimg.com/vi/9RluBc8wOGU/hqdefault.jpg?sqp=-oaymwEcCNACELwBSFXyq4qpAw4IARUAAIhCGAFwAcABBg==&rs=AOn4CLBrM64ng_ZdwYCM94NDuZ3eFK_KVA,El Dios de los Autos,external-reference,embed_link_and_summarize_only
ax5j0Dx9cFU,https://www.youtube.com/watch?v=ax5j0Dx9cFU,LA VERDAD EN TU CARA: FORD RANGER 2019,730.0,,videos,https://i.ytimg.com/vi/ax5j0Dx9cFU/hqdefault.jpg?sqp=-oaymwEcCNACELwBSFXyq4qpAw4IARUAAIhCGAFwAcABBg==&rs=AOn4CLBBlWe0-DmIA85yLXRX45zUa8q7fA,El Dios de los Autos,external-reference,embed_link_and_summarize_only
HqjcDg7VCnY,https://www.youtube.com/watch?v=HqjcDg7VCnY,¿GT-R O SUPRA? |EXPLICACIÓN A PRUEBA DE IDIOTAS,681.0,,videos,https://i.ytimg.com/vi/HqjcDg7VCnY/hqdefault.jpg?sqp=-oaymwEcCNACELwBSFXyq4qpAw4IARUAAIhCGAFwAcABBg==&rs=AOn4CLAAeVrgniGPOZ4TVkMYpbowir17Uw,El Dios de los Autos,external-reference,embed_link_and_summarize_only
llKqCi3kJSo,https://www.youtube.com/watch?v=llKqCi3kJSo,QUE AUTO BARATO ME COMPRO| RENAULT SANDERO,416.0,,videos,https://i.ytimg.com/vi/llKqCi3kJSo/hqdefault.jpg?sqp=-oaymwEcCNACELwBSFXyq4qpAw4IARUAAIhCGAFwAcABBg==&rs=AOn4CLCcTCVs4lUVTHqLpcp6p2oA7RMmmg,El Dios de los Autos,external-reference,embed_link_and_summarize_only
JKykjjzs2Rw,https://www.youtube.com/watch?v=JKykjjzs2Rw,12 MEJORES PELÍCULAS DE AUTOS,428.0,,videos,https://i.ytimg.com/vi/JKykjjzs2Rw/hqdefault.jpg?sqp=-oaymwEcCNACELwBSFXyq4qpAw4IARUAAIhCGAFwAcABBg==&rs=AOn4CLCndix9rKEr3c24Cji_R8gqX9ASeg,El Dios de los Autos,external-reference,embed_link_and_summarize_only
5JKEK4_wu3Q,https://www.youtube.com/watch?v=5JKEK4_wu3Q,ASÍ AHORRO MILES EN NEUMÁTICOS,688.0,,videos,https://i.ytimg.com/vi/5JKEK4_wu3Q/hqdefault.jpg?sqp=-oaymwEcCNACELwBSFXyq4qpAw4IARUAAIhCGAFwAcABBg==&rs=AOn4CLBHjxQdMZLU9Dk1vDikkAsWsxoV9g,El Dios de los Autos,external-reference,embed_link_and_summarize_only
TEklWts_754,https://www.youtube.com/watch?v=TEklWts_754,7000 DOLARES EN PIEZAS PARA EL BMW (TUNING TIME),713.0,,videos,https://i.ytimg.com/vi/TEklWts_754/hqdefault.jpg?sqp=-oaymwEcCNACELwBSFXyq4qpAw4IARUAAIhCGAFwAcABBg==&rs=AOn4CLB6rdulnBtbd0jIaYLO9paAn8bX3A,El Dios de los Autos,external-reference,embed_link_and_summarize_only
wnJGKGA5rcs,https://www.youtube.com/watch?v=wnJGKGA5rcs,10 MEJORES CANCIONES PARA CONDUCIR,426.0,,videos,https://i.ytimg.com/vi/wnJGKGA5rcs/hqdefault.jpg?sqp=-oaymwEcCNACELwBSFXyq4qpAw4IARUAAIhCGAFwAcABBg==&rs=AOn4CLDW3SZJ1s_L-e0xp1bM5UbR1HBZ6Q,El Dios de los Autos,external-reference,embed_link_and_summarize_only
WSiKXFmmK18,https://www.youtube.com/watch?v=WSiKXFmmK18,¿PORQUE LOS FRENOS ROJOS SON MEJORES? | EXPLICACIÓN A PRUEBA DE IDIOTAS,418.0,,videos,https://i.ytimg.com/vi/WSiKXFmmK18/hqdefault.jpg?sqp=-oaymwEcCNACELwBSFXyq4qpAw4IARUAAIhCGAFwAcABBg==&rs=AOn4CLCCov8gCTlGu2RUeKajbniV395cfQ,El Dios de los Autos,external-reference,embed_link_and_summarize_only
J6-J1RZ_I-k,https://www.youtube.com/watch?v=J6-J1RZ_I-k,QUE AUTO BARATO ME COMPRO| KIA RIO,413.0,,videos,https://i.ytimg.com/vi/J6-J1RZ_I-k/hqdefault.jpg?sqp=-oaymwEcCNACELwBSFXyq4qpAw4IARUAAIhCGAFwAcABBg==&rs=AOn4CLAgjQSFCSRmw_vfRrUxkhdPNJrbIw,El Dios de los Autos,external-reference,embed_link_and_summarize_only
kpl7Roh5rlk,https://www.youtube.com/watch?v=kpl7Roh5rlk,UNA REVISTA QUIERE CONTRATARME,860.0,,videos,https://i.ytimg.com/vi/kpl7Roh5rlk/hqdefault.jpg?sqp=-oaymwEcCNACELwBSFXyq4qpAw4IARUAAIhCGAFwAcABBg==&rs=AOn4CLDr2ky0tMavbjaY7898HouGkjGClQ,El Dios de los Autos,external-reference,embed_link_and_summarize_only
tRQ_yFEQPA8,https://www.youtube.com/watch?v=tRQ_yFEQPA8,12 AUTOS QUE CAMBIARON EL MUNDO,337.0,,videos,https://i.ytimg.com/vi/tRQ_yFEQPA8/hqdefault.jpg?sqp=-oaymwEcCNACELwBSFXyq4qpAw4IARUAAIhCGAFwAcABBg==&rs=AOn4CLBteI_CYY0663DOwDouZnV0N-0nXw,El Dios de los Autos,external-reference,embed_link_and_summarize_only
CjjLZ498viE,https://www.youtube.com/watch?v=CjjLZ498viE,COMO COMPRÉ ESTE BMW CON TAN POCO DINERO,825.0,,videos,https://i.ytimg.com/vi/CjjLZ498viE/hqdefault.jpg?sqp=-oaymwEcCNACELwBSFXyq4qpAw4IARUAAIhCGAFwAcABBg==&rs=AOn4CLBWyTHrN5oLCuJ5_PKBt8268vW9pQ,El Dios de los Autos,external-reference,embed_link_and_summarize_only
lITD4U5qz10,https://www.youtube.com/watch?v=lITD4U5qz10,QUE AUTO BARATO ME COMPRO| VOLKSWAGEN GOL,416.0,,videos,https://i.ytimg.com/vi/lITD4U5qz10/hqdefault.jpg?sqp=-oaymwEcCNACELwBSFXyq4qpAw4IARUAAIhCGAFwAcABBg==&rs=AOn4CLCLnuYU_kPx8-mRqZkUMNyrtyNDNw,El Dios de los Autos,external-reference,embed_link_and_summarize_only
pN017K1z8FM,https://www.youtube.com/watch?v=pN017K1z8FM,ESTE NISSAN VERSA LO CAMBIA TODO,739.0,,videos,https://i.ytimg.com/vi/pN017K1z8FM/hqdefault.jpg?sqp=-oaymwEcCNACELwBSFXyq4qpAw4IARUAAIhCGAFwAcABBg==&rs=AOn4CLCoXJKyKsywHKRdF8wijYtz_3fwfg,El Dios de los Autos,external-reference,embed_link_and_summarize_only
N7GMVHJhddc,https://www.youtube.com/watch?v=N7GMVHJhddc,5 MODIFICACIONES QUE NO SIRVEN PARA NADA 2,435.0,,videos,https://i.ytimg.com/vi/N7GMVHJhddc/hqdefault.jpg?sqp=-oaymwEcCNACELwBSFXyq4qpAw4IARUAAIhCGAFwAcABBg==&rs=AOn4CLC_-9kWQ9PNLMy1d_Us_qRXQAQTOQ,El Dios de los Autos,external-reference,embed_link_and_summarize_only
1wz6ly_U46A,https://www.youtube.com/watch?v=1wz6ly_U46A,LA VERDAD EN TU CARA: TOYOTA HILUX,842.0,,videos,https://i.ytimg.com/vi/1wz6ly_U46A/hqdefault.jpg?sqp=-oaymwEcCNACELwBSFXyq4qpAw4IARUAAIhCGAFwAcABBg==&rs=AOn4CLBJ2p8rNtA9gF__C7Ijum-uXq9iiA,El Dios de los Autos,external-reference,embed_link_and_summarize_only
WEuxkc6Ahn0,https://www.youtube.com/watch?v=WEuxkc6Ahn0,7 MEJORES MARCAS DE ACEITE DE MOTOR,465.0,,videos,https://i.ytimg.com/vi/WEuxkc6Ahn0/hqdefault.jpg?sqp=-oaymwEcCNACELwBSFXyq4qpAw4IARUAAIhCGAFwAcABBg==&rs=AOn4CLBepkrS1oxJ_AMIRJIx6c1XuEagqQ,El Dios de los Autos,external-reference,embed_link_and_summarize_only
4ZhjtFBiAoQ,https://www.youtube.com/watch?v=4ZhjtFBiAoQ,AYÚDAME A ELEGIR QUE AUTO ME COMPRO,981.0,,videos,https://i.ytimg.com/vi/4ZhjtFBiAoQ/hqdefault.jpg?sqp=-oaymwEcCNACELwBSFXyq4qpAw4IARUAAIhCGAFwAcABBg==&rs=AOn4CLDS_yNrsZ6-jRN5Dm_56Yl1kNhJxw,El Dios de los Autos,external-reference,embed_link_and_summarize_only
UuNlqloMIsY,https://www.youtube.com/watch?v=UuNlqloMIsY,"¿BMW, AUDI O MERCEDES? |EXPLICACIÓN A PRUEBA DE IDIOTAS",1165.0,,videos,https://i.ytimg.com/vi/UuNlqloMIsY/hqdefault.jpg?sqp=-oaymwEcCNACELwBSFXyq4qpAw4IARUAAIhCGAFwAcABBg==&rs=AOn4CLCjpAxI60FHM-sbxsxOMVkWoN1Sug,El Dios de los Autos,external-reference,embed_link_and_summarize_only
xCKDRcrnWEY,https://www.youtube.com/watch?v=xCKDRcrnWEY,LLEVA TU AUTO AL LIMITE GASTANDO MUY POCO,602.0,,videos,https://i.ytimg.com/vi/xCKDRcrnWEY/hqdefault.jpg?sqp=-oaymwEcCNACELwBSFXyq4qpAw4IARUAAIhCGAFwAcABBg==&rs=AOn4CLDMLvpSRlrsWx4gfkU8U7fw7GNB_g,El Dios de los Autos,external-reference,embed_link_and_summarize_only
kmY-bnBgaLg,https://www.youtube.com/watch?v=kmY-bnBgaLg,5 AUTOS EXCELENTES QUE NUNCA COMPRARÍA,391.0,,videos,https://i.ytimg.com/vi/kmY-bnBgaLg/hqdefault.jpg?sqp=-oaymwEcCNACELwBSFXyq4qpAw4IARUAAIhCGAFwAcABBg==&rs=AOn4CLBQe2V9sQZ87-YKo50ppxz2uLl4Sg,El Dios de los Autos,external-reference,embed_link_and_summarize_only
cBpw2abajhE,https://www.youtube.com/watch?v=cBpw2abajhE,RESPUESTA A CARSLATINO,856.0,,videos,https://i.ytimg.com/vi/cBpw2abajhE/hqdefault.jpg?sqp=-oaymwEcCNACELwBSFXyq4qpAw4IARUAAIhCGAFwAcABBg==&rs=AOn4CLC87dAWyh-XRTr2o-AV0rIlty_CSg,El Dios de los Autos,external-reference,embed_link_and_summarize_only
tyQqQ2_S88A,https://www.youtube.com/watch?v=tyQqQ2_S88A,GTR NISMO 2020 ¡EL NISSAN MÁS CARO DEL MUNDO!,461.0,,videos,https://i.ytimg.com/vi/tyQqQ2_S88A/hqdefault.jpg?sqp=-oaymwEcCNACELwBSFXyq4qpAw4IARUAAIhCGAFwAcABBg==&rs=AOn4CLAageYcMAhu2elJHx7mlRZuQpyHCA,El Dios de los Autos,external-reference,embed_link_and_summarize_only
J9bAT_pQNlY,https://www.youtube.com/watch?v=J9bAT_pQNlY,LA VERDAD EN TU CARA: MAZDA 2,560.0,,videos,https://i.ytimg.com/vi/J9bAT_pQNlY/hqdefault.jpg?sqp=-oaymwEcCNACELwBSFXyq4qpAw4IARUAAIhCGAFwAcABBg==&rs=AOn4CLC4Nq6D4w83R6daxVO2hCuKE4iAYA,El Dios de los Autos,external-reference,embed_link_and_summarize_only
0yD8YENgH9g,https://www.youtube.com/watch?v=0yD8YENgH9g,MI PRIMERA VEZ EN EL AUTODROMO,804.0,,videos,https://i.ytimg.com/vi/0yD8YENgH9g/hqdefault.jpg?sqp=-oaymwEcCNACELwBSFXyq4qpAw4IARUAAIhCGAFwAcABBg==&rs=AOn4CLCEUHWsub9dsncj8ouPlsonZQsIdg,El Dios de los Autos,external-reference,embed_link_and_summarize_only
3e31KFwfQjk,https://www.youtube.com/watch?v=3e31KFwfQjk,7 AUTOS PARA PEND3JOS,370.0,,videos,https://i.ytimg.com/vi/3e31KFwfQjk/hqdefault.jpg?sqp=-oaymwEcCNACELwBSFXyq4qpAw4IARUAAIhCGAFwAcABBg==&rs=AOn4CLB7_C4TkX11F13KrH35uA1wvh0zWw,El Dios de los Autos,external-reference,embed_link_and_summarize_only
ajxNgjw-yLU,https://www.youtube.com/watch?v=ajxNgjw-yLU,POR ESTO COMPRAR RlNES/AROS ES PELlGROSO,928.0,,videos,https://i.ytimg.com/vi/ajxNgjw-yLU/hqdefault.jpg?sqp=-oaymwEcCNACELwBSFXyq4qpAw4IARUAAIhCGAFwAcABBg==&rs=AOn4CLAO4DJ4pmOJ8X9QqKukT-Plo9Brgg,El Dios de los Autos,external-reference,embed_link_and_summarize_only
_wYiyYZRRcc,https://www.youtube.com/watch?v=_wYiyYZRRcc,TRANSMlSlONES AUTOMÁTlCAS-EXPLICACIÓN A PRUEBA DE IDIOTAS,801.0,,videos,https://i.ytimg.com/vi/_wYiyYZRRcc/hqdefault.jpg?sqp=-oaymwEcCNACELwBSFXyq4qpAw4IARUAAIhCGAFwAcABBg==&rs=AOn4CLD7tkO6bjvVatMT9dS9zFWX2-ZH1w,El Dios de los Autos,external-reference,embed_link_and_summarize_only
J2vOhnm_dpQ,https://www.youtube.com/watch?v=J2vOhnm_dpQ,5 MEJORES AUTOS PARA TAXI UBER,381.0,,videos,https://i.ytimg.com/vi/J2vOhnm_dpQ/hqdefault.jpg?sqp=-oaymwEcCNACELwBSFXyq4qpAw4IARUAAIhCGAFwAcABBg==&rs=AOn4CLBJUJjmaPd0c-SnHWKcbrlWbJjiqQ,El Dios de los Autos,external-reference,embed_link_and_summarize_only
hwls07MTm1Y,https://www.youtube.com/watch?v=hwls07MTm1Y,autos NUEVOS vs USADOS -EXPLICACIÓN A PRUEBA DE IDIOTAS,411.0,,videos,https://i.ytimg.com/vi/hwls07MTm1Y/hqdefault.jpg?sqp=-oaymwEcCNACELwBSFXyq4qpAw4IARUAAIhCGAFwAcABBg==&rs=AOn4CLDStI-d8CYFVPP7cKzswWLWH_914A,El Dios de los Autos,external-reference,embed_link_and_summarize_only
NyV5_c-gG1s,https://www.youtube.com/watch?v=NyV5_c-gG1s,LA VERDAD EN TU CARA: MAZDA 3 2020,847.0,,videos,https://i.ytimg.com/vi/NyV5_c-gG1s/hqdefault.jpg?sqp=-oaymwEcCNACELwBSFXyq4qpAw4IARUAAIhCGAFwAcABBg==&rs=AOn4CLC5KuWcoeF2Zpl0xjMjUV1Q2ivkGQ,El Dios de los Autos,external-reference,embed_link_and_summarize_only
_pWD4Q_EZzg,https://www.youtube.com/watch?v=_pWD4Q_EZzg,5 TENDENCIAS AUTOMOTRICES REALMENTE ESTÚPIDAS,415.0,,videos,https://i.ytimg.com/vi/_pWD4Q_EZzg/hqdefault.jpg?sqp=-oaymwEcCNACELwBSFXyq4qpAw4IARUAAIhCGAFwAcABBg==&rs=AOn4CLCB4OBMllexlCHzUnmYDVig3RBapA,El Dios de los Autos,external-reference,embed_link_and_summarize_only
S7yiDmHt1Uc,https://www.youtube.com/watch?v=S7yiDmHt1Uc,AL FIN MODIFIQUE ALGO EN MI CAMARO,500.0,,videos,https://i.ytimg.com/vi/S7yiDmHt1Uc/hqdefault.jpg?sqp=-oaymwEcCNACELwBSFXyq4qpAw4IARUAAIhCGAFwAcABBg==&rs=AOn4CLBr4L0gaXdF97UgXjfmTgPLNpUc9A,El Dios de los Autos,external-reference,embed_link_and_summarize_only
GiJf15c26Uk,https://www.youtube.com/watch?v=GiJf15c26Uk,LA VERDAD EN TU CARA: SUZUKI SWIFT,778.0,,videos,https://i.ytimg.com/vi/GiJf15c26Uk/hqdefault.jpg?sqp=-oaymwEcCNACELwBSFXyq4qpAw4IARUAAIhCGAFwAcABBg==&rs=AOn4CLDxpfGaK0vkrO67u5-FfeM2ZhQ-Uw,El Dios de los Autos,external-reference,embed_link_and_summarize_only
c1hzyjkS6hA,https://www.youtube.com/watch?v=c1hzyjkS6hA,7 AUTOS RÁPIDOS DE MUY BAJO CONSUMO,646.0,,videos,https://i.ytimg.com/vi/c1hzyjkS6hA/hqdefault.jpg?sqp=-oaymwEcCNACELwBSFXyq4qpAw4IARUAAIhCGAFwAcABBg==&rs=AOn4CLD3tepXthuI1bhtR5UgUlpqfBX-Bw,El Dios de los Autos,external-reference,embed_link_and_summarize_only
3xuQMlxeyaQ,https://www.youtube.com/watch?v=3xuQMlxeyaQ,10 MEJORES AUTOS POR SOLO 1000 DOLARES,884.0,,videos,https://i.ytimg.com/vi/3xuQMlxeyaQ/hqdefault.jpg?sqp=-oaymwEcCNACELwBSFXyq4qpAw4IARUAAIhCGAFwAcABBg==&rs=AOn4CLCvZ7P1vqZ3bl609HFFwpNNBPLpvA,El Dios de los Autos,external-reference,embed_link_and_summarize_only
Bq7bRNOa1Tk,https://www.youtube.com/watch?v=Bq7bRNOa1Tk,5 AUTOS RÁPIDOS POR SOLO 6 MIL DOLARES,359.0,,videos,https://i.ytimg.com/vi/Bq7bRNOa1Tk/hqdefault.jpg?sqp=-oaymwEcCNACELwBSFXyq4qpAw4IARUAAIhCGAFwAcABBg==&rs=AOn4CLDJTd4k3BQ44nZQqnXliMnNjmtrbA,El Dios de los Autos,external-reference,embed_link_and_summarize_only
AONrMYaRU7A,https://www.youtube.com/watch?v=AONrMYaRU7A,LA VERDAD EN TU CARA: NISSAN SENTRA,702.0,,videos,https://i.ytimg.com/vi/AONrMYaRU7A/hqdefault.jpg?sqp=-oaymwEcCNACELwBSFXyq4qpAw4IARUAAIhCGAFwAcABBg==&rs=AOn4CLCTh-IvLSBXFqlF6uZXNLvRCTwbrg,El Dios de los Autos,external-reference,embed_link_and_summarize_only
_inc8kHRqjg,https://www.youtube.com/watch?v=_inc8kHRqjg,TODOS MIS AUTOS- MÁS DE 10 ANTES DEL CAMARO,745.0,,videos,https://i.ytimg.com/vi/_inc8kHRqjg/hqdefault.jpg?sqp=-oaymwEcCNACELwBSFXyq4qpAw4IARUAAIhCGAFwAcABBg==&rs=AOn4CLAlYgwYfZMhOonlah4meCCpu3mZyg,El Dios de los Autos,external-reference,embed_link_and_summarize_only
miK9y7c56OE,https://www.youtube.com/watch?v=miK9y7c56OE,5 MARCAS DE AUTOS QUE HAN CAMBIADO MUCHO,677.0,,videos,https://i.ytimg.com/vi/miK9y7c56OE/hqdefault.jpg?sqp=-oaymwEcCNACELwBSFXyq4qpAw4IARUAAIhCGAFwAcABBg==&rs=AOn4CLAIAQKfulGF5iL9xQlQH3g1kG3_wA,El Dios de los Autos,external-reference,embed_link_and_summarize_only
HLkKqSA5l60,https://www.youtube.com/watch?v=HLkKqSA5l60,QUIEN HACE TU AUTO?- EXPLICACIÓN A PRUEBA DE IDIOTAS,614.0,,videos,https://i.ytimg.com/vi/HLkKqSA5l60/hqdefault.jpg?sqp=-oaymwEcCNACELwBSFXyq4qpAw4IARUAAIhCGAFwAcABBg==&rs=AOn4CLD-LWsr1ZsIn9Znx_1OwswT2ZPG7Q,El Dios de los Autos,external-reference,embed_link_and_summarize_only
fbk7yrE9sbg,https://www.youtube.com/watch?v=fbk7yrE9sbg,LA VERDAD EN TU CARA: VOLKSWAGEN VIRTUS,521.0,,videos,https://i.ytimg.com/vi/fbk7yrE9sbg/hqdefault.jpg?sqp=-oaymwEcCNACELwBSFXyq4qpAw4IARUAAIhCGAFwAcABBg==&rs=AOn4CLAqLaia9DLHXsmV-eDLmCXSSeIhgw,El Dios de los Autos,external-reference,embed_link_and_summarize_only
FrvPmqDFHo4,https://www.youtube.com/watch?v=FrvPmqDFHo4,5 AUTOS CHINOS QUE LE GANAN A UN FERRARI,559.0,,videos,https://i.ytimg.com/vi/FrvPmqDFHo4/hqdefault.jpg?sqp=-oaymwEcCNACELwBSFXyq4qpAw4IARUAAIhCGAFwAcABBg==&rs=AOn4CLAKkn8uMC1n_s_AIp25P8WVsRkCPg,El Dios de los Autos,external-reference,embed_link_and_summarize_only
qbeDIgKvpX0,https://www.youtube.com/watch?v=qbeDIgKvpX0,LA VERDAD EN TU CARA: CHEVROLET AVEO/SAIL,546.0,,videos,https://i.ytimg.com/vi/qbeDIgKvpX0/hqdefault.jpg?sqp=-oaymwEcCNACELwBSFXyq4qpAw4IARUAAIhCGAFwAcABBg==&rs=AOn4CLDpfOGFdREhQdv0tYbHcJ_vAPws0g,El Dios de los Autos,external-reference,embed_link_and_summarize_only
evYYUVEog2I,https://www.youtube.com/watch?v=evYYUVEog2I,POR ESTO EL CORVETTE 2020 ES EL NUEVO GT-R,706.0,,videos,https://i.ytimg.com/vi/evYYUVEog2I/hqdefault.jpg?sqp=-oaymwEcCNACELwBSFXyq4qpAw4IARUAAIhCGAFwAcABBg==&rs=AOn4CLATBVbkurnNHB_w5dCphc9hyt6mfw,El Dios de los Autos,external-reference,embed_link_and_summarize_only
4i1QwCWFomQ,https://www.youtube.com/watch?v=4i1QwCWFomQ,5 COSAS QUE ODIO DE MI CHEVROLET CAMARO,524.0,,videos,https://i.ytimg.com/vi/4i1QwCWFomQ/hqdefault.jpg?sqp=-oaymwEcCNACELwBSFXyq4qpAw4IARUAAIhCGAFwAcABBg==&rs=AOn4CLAWURzRtHIg68ueW23sfsFovpSnug,El Dios de los Autos,external-reference,embed_link_and_summarize_only
QVpI4oBAQdY,https://www.youtube.com/watch?v=QVpI4oBAQdY,5 AUTOS BARATOS MÁS RÁPIDOS QUE EL GT-R,565.0,,videos,https://i.ytimg.com/vi/QVpI4oBAQdY/hqdefault.jpg?sqp=-oaymwEcCNACELwBSFXyq4qpAw4IARUAAIhCGAFwAcABBg==&rs=AOn4CLAvD8Q3MOl952aO79UW-MVbsJJQzQ,El Dios de los Autos,external-reference,embed_link_and_summarize_only
CUEL71ezhRI,https://www.youtube.com/watch?v=CUEL71ezhRI,SOLO LOS HONDA TIENEN VTEC? - EXPLICACIÓN A PRUEBA DE IDIOTAS,495.0,,videos,https://i.ytimg.com/vi/CUEL71ezhRI/hqdefault.jpg?sqp=-oaymwEcCNACELwBSFXyq4qpAw4IARUAAIhCGAFwAcABBg==&rs=AOn4CLCzlYweinIbFhqlQRWCpbMQCtKK_g,El Dios de los Autos,external-reference,embed_link_and_summarize_only
2FmOYE7nz28,https://www.youtube.com/watch?v=2FmOYE7nz28,LA VERDAD EN TU CARA: VOLKSWAGEN JETTA 2019,862.0,,videos,https://i.ytimg.com/vi/2FmOYE7nz28/hqdefault.jpg?sqp=-oaymwEcCNACELwBSFXyq4qpAw4IARUAAIhCGAFwAcABBg==&rs=AOn4CLCvkfqF0mRMlDHO39VUiIhudDFM8g,El Dios de los Autos,external-reference,embed_link_and_summarize_only
HVkoNcsDY6k,https://www.youtube.com/watch?v=HVkoNcsDY6k,5 COSAS QUE AMO DE MI CHEVROLET CAMARO,568.0,,videos,https://i.ytimg.com/vi/HVkoNcsDY6k/hqdefault.jpg?sqp=-oaymwEcCNACELwBSFXyq4qpAw4IARUAAIhCGAFwAcABBg==&rs=AOn4CLCeYQT5rNYKdGv1gHdfqlmQctp5Lg,El Dios de los Autos,external-reference,embed_link_and_summarize_only
cvuSE6bv0b8,https://www.youtube.com/watch?v=cvuSE6bv0b8,5 autos BUENOS que crees son UNA M...,359.0,,videos,https://i.ytimg.com/vi/cvuSE6bv0b8/hqdefault.jpg?sqp=-oaymwEcCNACELwBSFXyq4qpAw4IARUAAIhCGAFwAcABBg==&rs=AOn4CLC9fwLTK-I2tBfKcxuW8iuLbgvsZg,El Dios de los Autos,external-reference,embed_link_and_summarize_only
FOUOpO0Iez8,https://www.youtube.com/watch?v=FOUOpO0Iez8,FACELIFT- EXPLICACIÓN A PRUEBA DE IDIOTAS,370.0,,videos,https://i.ytimg.com/vi/FOUOpO0Iez8/hqdefault.jpg?sqp=-oaymwEcCNACELwBSFXyq4qpAw4IARUAAIhCGAFwAcABBg==&rs=AOn4CLDb38c-k9UEpRkAe5jYMlRFKpgFSg,El Dios de los Autos,external-reference,embed_link_and_summarize_only
DalWjqZGYKU,https://www.youtube.com/watch?v=DalWjqZGYKU,LA VERDAD EN TU CARA: KIA PICANTO/MORNING,494.0,,videos,https://i.ytimg.com/vi/DalWjqZGYKU/hqdefault.jpg?sqp=-oaymwEcCNACELwBSFXyq4qpAw4IARUAAIhCGAFwAcABBg==&rs=AOn4CLCajCP5b4bNifQe0BQlsWaiXmHxzw,El Dios de los Autos,external-reference,embed_link_and_summarize_only
sdvETecLNH4,https://www.youtube.com/watch?v=sdvETecLNH4,LA VERDAD EN TU CARA: SUZUKI JIMNY,533.0,,videos,https://i.ytimg.com/vi/sdvETecLNH4/hqdefault.jpg?sqp=-oaymwEcCNACELwBSFXyq4qpAw4IARUAAIhCGAFwAcABBg==&rs=AOn4CLC_Nb_D76xpBHd-YliWf5uNGGnRGQ,El Dios de los Autos,external-reference,embed_link_and_summarize_only
EfwCpbTgu_8,https://www.youtube.com/watch?v=EfwCpbTgu_8,POR ESTO COMPRÉ UNA KIA SORENTO,653.0,,videos,https://i.ytimg.com/vi/EfwCpbTgu_8/hqdefault.jpg?sqp=-oaymwEcCNACELwBSFXyq4qpAw4IARUAAIhCGAFwAcABBg==&rs=AOn4CLCw_yK17r2NwJAnRNTbUgvh8tbaPw,El Dios de los Autos,external-reference,embed_link_and_summarize_only
-GzbN86alM0,https://www.youtube.com/watch?v=-GzbN86alM0,5 AUTOS BUENOS QUE YA NO SIRVEN PARA NADA,560.0,,videos,https://i.ytimg.com/vi/-GzbN86alM0/hqdefault.jpg?sqp=-oaymwEcCNACELwBSFXyq4qpAw4IARUAAIhCGAFwAcABBg==&rs=AOn4CLDr6glcyLT6D77UT_p5DeolKPcxhQ,El Dios de los Autos,external-reference,embed_link_and_summarize_only
vU0ahsNQGNI,https://www.youtube.com/watch?v=vU0ahsNQGNI,VTEC - EXPLICACIÓN A PRUEBA DE IDIOTAS,337.0,,videos,https://i.ytimg.com/vi/vU0ahsNQGNI/hqdefault.jpg?sqp=-oaymwEcCNACELwBSFXyq4qpAw4IARUAAIhCGAFwAcABBg==&rs=AOn4CLDAWkrIQ8X4j4XIh5idYdR7Jy_lWg,El Dios de los Autos,external-reference,embed_link_and_summarize_only
bDtv4UFrEeE,https://www.youtube.com/watch?v=bDtv4UFrEeE,7 AUTOS MÁS DIFÍCILES DE CONDUCIR,515.0,,videos,https://i.ytimg.com/vi/bDtv4UFrEeE/hqdefault.jpg?sqp=-oaymwEcCNACELwBSFXyq4qpAw4IARUAAIhCGAFwAcABBg==&rs=AOn4CLDAphwgIC-2uFI5gnPS2SDEaL0E-g,El Dios de los Autos,external-reference,embed_link_and_summarize_only
uzpf4QTg4sc,https://www.youtube.com/watch?v=uzpf4QTg4sc,LA VERDAD EN TU CARA: VOLKSWAGEN TIGUAN,879.0,,videos,https://i.ytimg.com/vi/uzpf4QTg4sc/hqdefault.jpg?sqp=-oaymwEcCNACELwBSFXyq4qpAw4IARUAAIhCGAFwAcABBg==&rs=AOn4CLDKdob1e36Ih3tDCS9FcDUnHx_tng,El Dios de los Autos,external-reference,embed_link_and_summarize_only
P6EfvrGyFWM,https://www.youtube.com/watch?v=P6EfvrGyFWM,5 SEDANES DEPORTIVOS MUY BARATOS,642.0,,videos,https://i.ytimg.com/vi/P6EfvrGyFWM/hqdefault.jpg?sqp=-oaymwEcCNACELwBSFXyq4qpAw4IARUAAIhCGAFwAcABBg==&rs=AOn4CLDZYJ-Zg4her9jFMMX2T9aSpQImSw,El Dios de los Autos,external-reference,embed_link_and_summarize_only
vBjUkVszKX0,https://www.youtube.com/watch?v=vBjUkVszKX0,LA VERDAD EN TU CARA: TOYOTA COROLLA 2013-2019,860.0,,videos,https://i.ytimg.com/vi/vBjUkVszKX0/hqdefault.jpg?sqp=-oaymwEcCNACELwBSFXyq4qpAw4IARUAAIhCGAFwAcABBg==&rs=AOn4CLBOUGI-icdCGiKhnKecrj4vdtarKg,El Dios de los Autos,external-reference,embed_link_and_summarize_only
IpP3g-pMqoA,https://www.youtube.com/watch?v=IpP3g-pMqoA,10 PREGUNTAS DE MECÁNICA QUE DEBES CONOCER,698.0,,videos,https://i.ytimg.com/vi/IpP3g-pMqoA/hqdefault.jpg?sqp=-oaymwEcCNACELwBSFXyq4qpAw4IARUAAIhCGAFwAcABBg==&rs=AOn4CLCyLyJYN3GziwrbDGn8EZa8B5EykA,El Dios de los Autos,external-reference,embed_link_and_summarize_only
dyhMxYqwyLc,https://www.youtube.com/watch?v=dyhMxYqwyLc,ESTO ES LO QUE REALMENTE PIENSO DEL HONDA CIVIC,1023.0,,videos,https://i.ytimg.com/vi/dyhMxYqwyLc/hqdefault.jpg?sqp=-oaymwEcCNACELwBSFXyq4qpAw4IARUAAIhCGAFwAcABBg==&rs=AOn4CLALKX97Hd8qUJE0pR2qAfW6TgbtRw,El Dios de los Autos,external-reference,embed_link_and_summarize_only
sJ-7wUydmBE,https://www.youtube.com/watch?v=sJ-7wUydmBE,5 VERDADEROS ERRORES QUE COMETES AL COMPRAR UN AUTO NUEVO,671.0,,videos,https://i.ytimg.com/vi/sJ-7wUydmBE/hqdefault.jpg?sqp=-oaymwEcCNACELwBSFXyq4qpAw4IARUAAIhCGAFwAcABBg==&rs=AOn4CLBi3gIgHo8C-fjBQuKRXsXhUmmtmg,El Dios de los Autos,external-reference,embed_link_and_summarize_only
y9LYYeWLW1k,https://www.youtube.com/watch?v=y9LYYeWLW1k,¡¡¡CHOQUÉ MI CAMARO!!!,544.0,,videos,https://i.ytimg.com/vi/y9LYYeWLW1k/hqdefault.jpg?sqp=-oaymwEcCNACELwBSFXyq4qpAw4IARUAAIhCGAFwAcABBg==&rs=AOn4CLCQNbM2CLgXe1_9CZ-N8OVbptRzvg,El Dios de los Autos,external-reference,embed_link_and_summarize_only
AVIZeu6j184,https://www.youtube.com/watch?v=AVIZeu6j184,MIS YOUTUBER DE AUTOS FAVORITOS,626.0,,videos,https://i.ytimg.com/vi/AVIZeu6j184/hqdefault.jpg?sqp=-oaymwEcCNACELwBSFXyq4qpAw4IARUAAIhCGAFwAcABBg==&rs=AOn4CLD34OLDko7R3gZ42t96kgZ38qfq2g,El Dios de los Autos,external-reference,embed_link_and_summarize_only
afFEiIEOZvs,https://www.youtube.com/watch?v=afFEiIEOZvs,5 MEJORES AUTOS SLEEPER DEL MUNDO,396.0,,videos,https://i.ytimg.com/vi/afFEiIEOZvs/hqdefault.jpg?sqp=-oaymwEcCNACELwBSFXyq4qpAw4IARUAAIhCGAFwAcABBg==&rs=AOn4CLA3ivXegq4lo-uIhnvdnSX7fjF_LQ,El Dios de los Autos,external-reference,embed_link_and_summarize_only
I_fCs4ALAss,https://www.youtube.com/watch?v=I_fCs4ALAss,SLEEPERS- EXPLICACIÓN A PRUEBA DE IDIOTAS,408.0,,videos,https://i.ytimg.com/vi/I_fCs4ALAss/hqdefault.jpg?sqp=-oaymwEcCNACELwBSFXyq4qpAw4IARUAAIhCGAFwAcABBg==&rs=AOn4CLBY5DRg2Z4mtNtAp89Ips98-8kZeg,El Dios de los Autos,external-reference,embed_link_and_summarize_only
HfjvpARfPtI,https://www.youtube.com/watch?v=HfjvpARfPtI,LA VERDAD EN TU CARA: HONDA CIVIC,799.0,,videos,https://i.ytimg.com/vi/HfjvpARfPtI/hqdefault.jpg?sqp=-oaymwEcCNACELwBSFXyq4qpAw4IARUAAIhCGAFwAcABBg==&rs=AOn4CLAV6E2vHKz6eWUT9R0BZ5fVIwvYqQ,El Dios de los Autos,external-reference,embed_link_and_summarize_only
EyMhE3C7Vio,https://www.youtube.com/watch?v=EyMhE3C7Vio,5 MEJORES MARCAS DE NEUMÁTICOS,455.0,,videos,https://i.ytimg.com/vi/EyMhE3C7Vio/hqdefault.jpg?sqp=-oaymwEcCNACELwBSFXyq4qpAw4IARUAAIhCGAFwAcABBg==&rs=AOn4CLD803SXQlwTZvvQeUQwlJWsnDLSVA,El Dios de los Autos,external-reference,embed_link_and_summarize_only
g_urEKQe8Sw,https://www.youtube.com/watch?v=g_urEKQe8Sw,LA VERDAD EN TU CARA: SUBARU IMPREZA,1006.0,,videos,https://i.ytimg.com/vi/g_urEKQe8Sw/hqdefault.jpg?sqp=-oaymwEcCNACELwBSFXyq4qpAw4IARUAAIhCGAFwAcABBg==&rs=AOn4CLAQK3DPM6SQZILr6CDnaFVQE_tBMQ,El Dios de los Autos,external-reference,embed_link_and_summarize_only
On4PuaiQ73I,https://www.youtube.com/watch?v=On4PuaiQ73I,5 COSAS QUE HARÁN DE TU AUTO UN DEPORTIVO,755.0,,videos,https://i.ytimg.com/vi/On4PuaiQ73I/hqdefault.jpg?sqp=-oaymwEcCNACELwBSFXyq4qpAw4IARUAAIhCGAFwAcABBg==&rs=AOn4CLDrrOywsEg-MO4ekc9FKtZuwupktQ,El Dios de los Autos,external-reference,embed_link_and_summarize_only
HzRhJep6Ifg,https://www.youtube.com/watch?v=HzRhJep6Ifg,ADVERTENCIA: VE ESTE VIDEO SOLO SI ERES HOMBRE,228.0,,videos,https://i.ytimg.com/vi/HzRhJep6Ifg/hqdefault.jpg?sqp=-oaymwEcCNACELwBSFXyq4qpAw4IARUAAIhCGAFwAcABBg==&rs=AOn4CLA5CiAjCSQWNdw0QqdubFvoFG39Hg,El Dios de los Autos,external-reference,embed_link_and_summarize_only
wbDUxNNI0Z8,https://www.youtube.com/watch?v=wbDUxNNI0Z8,LA VERDAD EN TU CARA: MITSUBISHI ECLIPSE CROSS,981.0,,videos,https://i.ytimg.com/vi/wbDUxNNI0Z8/hqdefault.jpg?sqp=-oaymwEcCNACELwBSFXyq4qpAw4IARUAAIhCGAFwAcABBg==&rs=AOn4CLDTQ4a-pNnN9V6ShEVgrxJHJ1d3sg,El Dios de los Autos,external-reference,embed_link_and_summarize_only
j2n8wbxda98,https://www.youtube.com/watch?v=j2n8wbxda98,6 MEJORES SUV POR SOLO 10 MIL DOLARES,677.0,,videos,https://i.ytimg.com/vi/j2n8wbxda98/hqdefault.jpg?sqp=-oaymwEcCNACELwBSFXyq4qpAw4IARUAAIhCGAFwAcABBg==&rs=AOn4CLCi6EG_Tw4cgSUsGmvNS7xR2C7BOQ,El Dios de los Autos,external-reference,embed_link_and_summarize_only
-Q59hPHqdPo,https://www.youtube.com/watch?v=-Q59hPHqdPo,CABALLOS DE FUERZA Y TORQUE- EXPLICACIÓN A PRUEBA DE IDIOTAS,518.0,,videos,https://i.ytimg.com/vi/-Q59hPHqdPo/hqdefault.jpg?sqp=-oaymwEcCNACELwBSFXyq4qpAw4IARUAAIhCGAFwAcABBg==&rs=AOn4CLB97GspEXHMllCC5qLJCUIJwvsPTQ,El Dios de los Autos,external-reference,embed_link_and_summarize_only
0IwP0gd6y_8,https://www.youtube.com/watch?v=0IwP0gd6y_8,¡SUFICIENTE! HONDA HR-V: TIENES QUE VER ESTO,895.0,,videos,https://i.ytimg.com/vi/0IwP0gd6y_8/hqdefault.jpg?sqp=-oaymwEcCNACELwBSFXyq4qpAw4IARUAAIhCGAFwAcABBg==&rs=AOn4CLBMDalES7HaEGLKff_MrWCOzzzhBQ,El Dios de los Autos,external-reference,embed_link_and_summarize_only
Iq9Npi0NUrY,https://www.youtube.com/watch?v=Iq9Npi0NUrY,5 MEJORES SUVs BARATAS DE BAJO CONSUMO,594.0,,videos,https://i.ytimg.com/vi/Iq9Npi0NUrY/hqdefault.jpg?sqp=-oaymwEcCNACELwBSFXyq4qpAw4IARUAAIhCGAFwAcABBg==&rs=AOn4CLAtzuQ0zwwXKooMjMyVoakvi8m7WQ,El Dios de los Autos,external-reference,embed_link_and_summarize_only
-DE7FegpH7w,https://www.youtube.com/watch?v=-DE7FegpH7w,LA VERDAD EN TU CARA: SUZUKI ERTIGA,645.0,,videos,https://i.ytimg.com/vi/-DE7FegpH7w/hqdefault.jpg?sqp=-oaymwEcCNACELwBSFXyq4qpAw4IARUAAIhCGAFwAcABBg==&rs=AOn4CLB1QRc3ZMAZkr1dIAtH7oBiQ3m38w,El Dios de los Autos,external-reference,embed_link_and_summarize_only
gmxM6NFBOr4,https://www.youtube.com/watch?v=gmxM6NFBOr4,¡UNA FAN ME ENVIÓ SU VIDEO!,286.0,,videos,https://i.ytimg.com/vi/gmxM6NFBOr4/hqdefault.jpg?sqp=-oaymwEcCNACELwBSFXyq4qpAw4IARUAAIhCGAFwAcABBg==&rs=AOn4CLCO3Fw5dcxSzdphHbYdw8l9wydkwg,El Dios de los Autos,external-reference,embed_link_and_summarize_only
_3HOr37ho98,https://www.youtube.com/watch?v=_3HOr37ho98,10 ESTILOS DE TUNING QUE DEBES CONOCER,899.0,,videos,https://i.ytimg.com/vi/_3HOr37ho98/hqdefault.jpg?sqp=-oaymwEcCNACELwBSFXyq4qpAw4IARUAAIhCGAFwAcABBg==&rs=AOn4CLDxJcTZiHGK-opVcc0OLq4vrTAcsw,El Dios de los Autos,external-reference,embed_link_and_summarize_only
wva5EtoaE10,https://www.youtube.com/watch?v=wva5EtoaE10,TUNING -EXPLICACIÓN A PRUEBA DE IDIOTAS,576.0,,videos,https://i.ytimg.com/vi/wva5EtoaE10/hqdefault.jpg?sqp=-oaymwEcCNACELwBSFXyq4qpAw4IARUAAIhCGAFwAcABBg==&rs=AOn4CLAtZIdesUuBApdvK9ko12-KCO4etQ,El Dios de los Autos,external-reference,embed_link_and_summarize_only
1vghaCme1rY,https://www.youtube.com/watch?v=1vghaCme1rY,5 AUTOS CAROS POR SOLO 10 MIL DOLARES,565.0,,videos,https://i.ytimg.com/vi/1vghaCme1rY/hqdefault.jpg?sqp=-oaymwEcCNACELwBSFXyq4qpAw4IARUAAIhCGAFwAcABBg==&rs=AOn4CLAPps0Ou8A8cPf5THxd6mik2oXN2Q,El Dios de los Autos,external-reference,embed_link_and_summarize_only
8pkZlzhoMlc,https://www.youtube.com/watch?v=8pkZlzhoMlc,LA VERDAD EN TU CARA: RENAULT KWID,849.0,,videos,https://i.ytimg.com/vi/8pkZlzhoMlc/hqdefault.jpg?sqp=-oaymwEcCNACELwBSFXyq4qpAw4IARUAAIhCGAFwAcABBg==&rs=AOn4CLAoykZoavAqgKPNr0eSzeJo4tVzhw,El Dios de los Autos,external-reference,embed_link_and_summarize_only
GcJYXKKmR8o,https://www.youtube.com/watch?v=GcJYXKKmR8o,6 AUTOS BARATOS QUE TE HARÁN VER MILLONARIO,667.0,,videos,https://i.ytimg.com/vi/GcJYXKKmR8o/hqdefault.jpg?sqp=-oaymwEcCNACELwBSFXyq4qpAw4IARUAAIhCGAFwAcABBg==&rs=AOn4CLAEW51zMcjlyPQhGn6s_TqvGHMcmw,El Dios de los Autos,external-reference,embed_link_and_summarize_only
4nk83I7mG68,https://www.youtube.com/watch?v=4nk83I7mG68,LA VERDAD EN TU CARA: NISSAN VERSA 2020,624.0,,videos,https://i.ytimg.com/vi/4nk83I7mG68/hqdefault.jpg?sqp=-oaymwEcCNACELwBSFXyq4qpAw4IARUAAIhCGAFwAcABBg==&rs=AOn4CLAHYabDdZwI1YpwSgKDClWu9BJcdA,El Dios de los Autos,external-reference,embed_link_and_summarize_only
g3Uw8i1wpIk,https://www.youtube.com/watch?v=g3Uw8i1wpIk,5 AUTOS ESTÚPIDOS QUE NO SIRVEN PARA NADA,635.0,,videos,https://i.ytimg.com/vi/g3Uw8i1wpIk/hqdefault.jpg?sqp=-oaymwEcCNACELwBSFXyq4qpAw4IARUAAIhCGAFwAcABBg==&rs=AOn4CLDkJ7nsGQcUmdWII-TBD65wwciB9g,El Dios de los Autos,external-reference,embed_link_and_summarize_only
-HZMr_aCp-g,https://www.youtube.com/watch?v=-HZMr_aCp-g,¡INCREÍBLE! ¡ESTE ES EL AUTO MÁS RENDIDOR! | HONDA WR-V,871.0,,videos,https://i.ytimg.com/vi/-HZMr_aCp-g/hqdefault.jpg?sqp=-oaymwEcCNACELwBSFXyq4qpAw4IARUAAIhCGAFwAcABBg==&rs=AOn4CLAasljgIxDLujJMvsnMKvCDTQXIjw,El Dios de los Autos,external-reference,embed_link_and_summarize_only
RtSsTvbmBsY,https://www.youtube.com/watch?v=RtSsTvbmBsY,LA VERDAD EN TU CARA: CHEVROLET CAPTIVA 2019,665.0,,videos,https://i.ytimg.com/vi/RtSsTvbmBsY/hqdefault.jpg?sqp=-oaymwEcCNACELwBSFXyq4qpAw4IARUAAIhCGAFwAcABBg==&rs=AOn4CLDAJnGTVfMGJSkwjmtyn1MJtxW-wA,El Dios de los Autos,external-reference,embed_link_and_summarize_only
bKQghaXHJF8,https://www.youtube.com/watch?v=bKQghaXHJF8,"¿MUSTANG, CAMARO O CHALLENGER?  |EXPLICACIÓN A PRUEBA DE IDIOTAS",726.0,,videos,https://i.ytimg.com/vi/bKQghaXHJF8/hqdefault.jpg?sqp=-oaymwEcCNACELwBSFXyq4qpAw4IARUAAIhCGAFwAcABBg==&rs=AOn4CLDfw3wd4HXglLTRFGDZDFKr1Gekmw,El Dios de los Autos,external-reference,embed_link_and_summarize_only
jU6lCKhg_tQ,https://www.youtube.com/watch?v=jU6lCKhg_tQ,¡ESTO FUE LO QUE PASÓ CON MI NISSAN!,853.0,,videos,https://i.ytimg.com/vi/jU6lCKhg_tQ/hqdefault.jpg?sqp=-oaymwEcCNACELwBSFXyq4qpAw4IARUAAIhCGAFwAcABBg==&rs=AOn4CLDCOZ8J-B-Rnn6agIRGQRhu_fcq9w,El Dios de los Autos,external-reference,embed_link_and_summarize_only
efHSxEBXZ40,https://www.youtube.com/watch?v=efHSxEBXZ40,"5 AUTOS ""TUNEABLES"" Y MUY BARATOS",641.0,,videos,https://i.ytimg.com/vi/efHSxEBXZ40/hqdefault.jpg?sqp=-oaymwEcCNACELwBSFXyq4qpAw4IARUAAIhCGAFwAcABBg==&rs=AOn4CLDUCZfKx8iqaaH06nZZdZ-BDQ_utA,El Dios de los Autos,external-reference,embed_link_and_summarize_only
bRz-EBcyh6E,https://www.youtube.com/watch?v=bRz-EBcyh6E,¿ME EQUIVOQUE? COMPRÉ ESTO Y... | UNBOX GO PRO HERO 7 BLACK | EL DIOS DE LOS AUTOS,949.0,,videos,https://i.ytimg.com/vi/bRz-EBcyh6E/hqdefault.jpg?sqp=-oaymwEcCNACELwBSFXyq4qpAw4IARUAAIhCGAFwAcABBg==&rs=AOn4CLDvySsdV2Cj9B2MZeDvjVLcbupCuA,El Dios de los Autos,external-reference,embed_link_and_summarize_only
Ud789v5cftI,https://www.youtube.com/watch?v=Ud789v5cftI,LA VERDAD EN TU CARA: HONDA WR-V,587.0,,videos,https://i.ytimg.com/vi/Ud789v5cftI/hqdefault.jpg?sqp=-oaymwEcCNACELwBSFXyq4qpAw4IARUAAIhCGAFwAcABBg==&rs=AOn4CLDeNxsM6Neix5pF4oG9TbMw43X6Jg,El Dios de los Autos,external-reference,embed_link_and_summarize_only
pVw9GP0VWRE,https://www.youtube.com/watch?v=pVw9GP0VWRE,11 MEJORES AUTOS DE LOS 80s,713.0,,videos,https://i.ytimg.com/vi/pVw9GP0VWRE/hqdefault.jpg?sqp=-oaymwEcCNACELwBSFXyq4qpAw4IARUAAIhCGAFwAcABBg==&rs=AOn4CLCCVE_takc1iOw7UKYQ9ImDmkO5bA,El Dios de los Autos,external-reference,embed_link_and_summarize_only
ub_cyRgnOR8,https://www.youtube.com/watch?v=ub_cyRgnOR8,LA VERDAD EN TU CARA: 2019 TOYOTA RAV4,845.0,,videos,https://i.ytimg.com/vi/ub_cyRgnOR8/hqdefault.jpg?sqp=-oaymwEcCNACELwBSFXyq4qpAw4IARUAAIhCGAFwAcABBg==&rs=AOn4CLAxlPIiW2_0mxJj6hUAco01wuHCCw,El Dios de los Autos,external-reference,embed_link_and_summarize_only
xlo2lSM2ono,https://www.youtube.com/watch?v=xlo2lSM2ono,¡ME COMÍ EL VisTEC MÁS POWER DEL MUNDO!,405.0,,videos,https://i.ytimg.com/vi/xlo2lSM2ono/hqdefault.jpg?sqp=-oaymwEcCNACELwBSFXyq4qpAw4IARUAAIhCGAFwAcABBg==&rs=AOn4CLCeoWn-P4TZ9uNJGiflozTExU4U6g,El Dios de los Autos,external-reference,embed_link_and_summarize_only
dvVk6Rt63sA,https://www.youtube.com/watch?v=dvVk6Rt63sA,5 MEJORES AUTOS PARA LA CRISIS DE LOS 40,467.0,,videos,https://i.ytimg.com/vi/dvVk6Rt63sA/hqdefault.jpg?sqp=-oaymwEcCNACELwBSFXyq4qpAw4IARUAAIhCGAFwAcABBg==&rs=AOn4CLBWhVO3FB1Hf99bYRdhZ1PNhBTkzw,El Dios de los Autos,external-reference,embed_link_and_summarize_only
2LEvI4AKgho,https://www.youtube.com/watch?v=2LEvI4AKgho,¿QUIEN INVENTO EL AUTOMÓVIL?- EXPLICACIÓN A PRUEBA DE IDIOTAS,466.0,,videos,https://i.ytimg.com/vi/2LEvI4AKgho/hqdefault.jpg?sqp=-oaymwEcCNACELwBSFXyq4qpAw4IARUAAIhCGAFwAcABBg==&rs=AOn4CLALYPHRuI4LljwvO6ur2cHBBFyFbQ,El Dios de los Autos,external-reference,embed_link_and_summarize_only
PRj2a0syXEM,https://www.youtube.com/watch?v=PRj2a0syXEM,5 PEORES AUTOS PARA LA CRISIS DE LOS 40,530.0,,videos,https://i.ytimg.com/vi/PRj2a0syXEM/hqdefault.jpg?sqp=-oaymwEcCNACELwBSFXyq4qpAw4IARUAAIhCGAFwAcABBg==&rs=AOn4CLAb0tHX3oh9DkFFzUyJ3QmJzkOiuw,El Dios de los Autos,external-reference,embed_link_and_summarize_only
ymy7bJOZChI,https://www.youtube.com/watch?v=ymy7bJOZChI,NO SE SI MI NISSAN SOBREVIVA A ESTO,294.0,,videos,https://i.ytimg.com/vi/ymy7bJOZChI/hqdefault.jpg?sqp=-oaymwEcCNACELwBSFXyq4qpAw4IARUAAIhCGAFwAcABBg==&rs=AOn4CLD7IWOD8M9--u_Mghgw1nkMSsOpgA,El Dios de los Autos,external-reference,embed_link_and_summarize_only
Ve04mvKRzhI,https://www.youtube.com/watch?v=Ve04mvKRzhI,¿PORQUE LOS AUTOS SON CAROS?-EXPLICACIÓN A PRUEBA DE IDIOTAS,680.0,,videos,https://i.ytimg.com/vi/Ve04mvKRzhI/hqdefault.jpg?sqp=-oaymwEcCNACELwBSFXyq4qpAw4IARUAAIhCGAFwAcABBg==&rs=AOn4CLCDvNIPnxWZ4Yg-eBnHuK61JSPniQ,El Dios de los Autos,external-reference,embed_link_and_summarize_only
J4EL44CldYM,https://www.youtube.com/watch?v=J4EL44CldYM,LA VERDAD EN TU CARA: KIA RIO,964.0,,videos,https://i.ytimg.com/vi/J4EL44CldYM/hqdefault.jpg?sqp=-oaymwEcCNACELwBSFXyq4qpAw4IARUAAIhCGAFwAcABBg==&rs=AOn4CLBz7GfgTRKi1rNWAGc5pdIPqi-f5w,El Dios de los Autos,external-reference,embed_link_and_summarize_only
uySmsx7tuXw,https://www.youtube.com/watch?v=uySmsx7tuXw,8 MEJORES AUTOS PARA GORDOS,530.0,,videos,https://i.ytimg.com/vi/uySmsx7tuXw/hqdefault.jpg?sqp=-oaymwEcCNACELwBSFXyq4qpAw4IARUAAIhCGAFwAcABBg==&rs=AOn4CLAaValcT9BokK3zYy3Dq0kXBQ3Byg,El Dios de los Autos,external-reference,embed_link_and_summarize_only
2dtoNxULliU,https://www.youtube.com/watch?v=2dtoNxULliU,¿PORQUE TU AUTO TIENE RADIO?- EXPLICACIÓN A PRUEBA DE IDIOTAS,644.0,,videos,https://i.ytimg.com/vi/2dtoNxULliU/hqdefault.jpg?sqp=-oaymwEcCNACELwBSFXyq4qpAw4IARUAAIhCGAFwAcABBg==&rs=AOn4CLB5hgnS4uX-Alh8DEc0ip_KUO3lwg,El Dios de los Autos,external-reference,embed_link_and_summarize_only
J8BmlYU0MDY,https://www.youtube.com/watch?v=J8BmlYU0MDY,5 MARCAS DE AUTOS MÁS RICAS DEL MUNDO,392.0,,videos,https://i.ytimg.com/vi/J8BmlYU0MDY/hqdefault.jpg?sqp=-oaymwEcCNACELwBSFXyq4qpAw4IARUAAIhCGAFwAcABBg==&rs=AOn4CLC-p_6RCLu66UVs2dQVgg2Kdm6sag,El Dios de los Autos,external-reference,embed_link_and_summarize_only
mj_a3H2jKoo,https://www.youtube.com/watch?v=mj_a3H2jKoo,¿PORQUE LOS DEPORTIVOS SON ROJOS?-EXPLICACIÓN A PRUEBA DE IDIOTAS,329.0,,videos,https://i.ytimg.com/vi/mj_a3H2jKoo/hqdefault.jpg?sqp=-oaymwEcCNACELwBSFXyq4qpAw4IARUAAIhCGAFwAcABBg==&rs=AOn4CLDxpeLX8T7i43ue9BoDax2HShOHxw,El Dios de los Autos,external-reference,embed_link_and_summarize_only
DfEA6t5EICQ,https://www.youtube.com/watch?v=DfEA6t5EICQ,5 COSAS QUE NO SABEN SOBRE MI | EL DIOS DE LOS AUTOS,640.0,,videos,https://i.ytimg.com/vi/DfEA6t5EICQ/hqdefault.jpg?sqp=-oaymwEcCNACELwBSFXyq4qpAw4IARUAAIhCGAFwAcABBg==&rs=AOn4CLD6WaIqB-mkNvHAya3HQBqU4RydvA,El Dios de los Autos,external-reference,embed_link_and_summarize_only
tL7Pi-0tvFQ,https://www.youtube.com/watch?v=tL7Pi-0tvFQ,V6 vs 6 en LINEA-EXPLICACIÓN A PRUEBA DE IDIOTAS,524.0,,videos,https://i.ytimg.com/vi/tL7Pi-0tvFQ/hqdefault.jpg?sqp=-oaymwEcCNACELwBSFXyq4qpAw4IARUAAIhCGAFwAcABBg==&rs=AOn4CLBQ2LJi79ofcQWdmp85tD1uhFqBnQ,El Dios de los Autos,external-reference,embed_link_and_summarize_only
3XGJLL11gWw,https://www.youtube.com/watch?v=3XGJLL11gWw,DEJÉ MI CAMARO A TAPIZPERÚ Y ESTO PASÓ...,390.0,,videos,https://i.ytimg.com/vi/3XGJLL11gWw/hqdefault.jpg?sqp=-oaymwEcCNACELwBSFXyq4qpAw4IARUAAIhCGAFwAcABBg==&rs=AOn4CLD6YFzZ2ACU13qFc6oN4wTJ7uliyA,El Dios de los Autos,external-reference,embed_link_and_summarize_only
zzrM9tplSYQ,https://www.youtube.com/watch?v=zzrM9tplSYQ,5 FORMAS DE LIGAR UN HOMBRE DE AUTOS,343.0,,videos,https://i.ytimg.com/vi/zzrM9tplSYQ/hqdefault.jpg?sqp=-oaymwEcCNACELwBSFXyq4qpAw4IARUAAIhCGAFwAcABBg==&rs=AOn4CLB3bVAoyfhBPnCC2HCf5T704qqj7Q,El Dios de los Autos,external-reference,embed_link_and_summarize_only
Yd6jL9f5q5g,https://www.youtube.com/watch?v=Yd6jL9f5q5g,LA VERDAD EN TU CARA: VOLKSWAGEN GOL,506.0,,videos,https://i.ytimg.com/vi/Yd6jL9f5q5g/hqdefault.jpg?sqp=-oaymwEcCNACELwBSFXyq4qpAw4IARUAAIhCGAFwAcABBg==&rs=AOn4CLCc3QxamuDPKQ6Kdw0uwFjh5N72xw,El Dios de los Autos,external-reference,embed_link_and_summarize_only
fu605xGH2bI,https://www.youtube.com/watch?v=fu605xGH2bI,LO NUEVO PARA MI CAMARO!!! QUE COLORCITO...,526.0,,videos,https://i.ytimg.com/vi/fu605xGH2bI/hqdefault.jpg?sqp=-oaymwEcCNACELwBSFXyq4qpAw4IARUAAIhCGAFwAcABBg==&rs=AOn4CLBTPrXSdvIP2KAPLuM6ua_pksKhpA,El Dios de los Autos,external-reference,embed_link_and_summarize_only
RLZsFQPTCDk,https://www.youtube.com/watch?v=RLZsFQPTCDk,5 AUTOS BARATOS PARA UNIVERSITARIOS,457.0,,videos,https://i.ytimg.com/vi/RLZsFQPTCDk/hqdefault.jpg?sqp=-oaymwEcCNACELwBSFXyq4qpAw4IARUAAIhCGAFwAcABBg==&rs=AOn4CLAiLpsAMZLok0Wh1b0uBfEkeVPGOQ,El Dios de los Autos,external-reference,embed_link_and_summarize_only
upbJXfc4SwI,https://www.youtube.com/watch?v=upbJXfc4SwI,FRENOS-EXPLICACIÓN A PRUEBA DE IDIOTAS,581.0,,videos,https://i.ytimg.com/vi/upbJXfc4SwI/hqdefault.jpg?sqp=-oaymwEcCNACELwBSFXyq4qpAw4IARUAAIhCGAFwAcABBg==&rs=AOn4CLDw31Xl2owVUZpfkhTc24BdCP2B8w,El Dios de los Autos,external-reference,embed_link_and_summarize_only
100ankF97kI,https://www.youtube.com/watch?v=100ankF97kI,7 AUTOS MUY CAROS QUE PARECEN BARATOS,405.0,,videos,https://i.ytimg.com/vi/100ankF97kI/hqdefault.jpg?sqp=-oaymwEcCNACELwBSFXyq4qpAw4IARUAAIhCGAFwAcABBg==&rs=AOn4CLBs7UzNCbh9pieVuAH2fsS_yZbSsQ,El Dios de los Autos,external-reference,embed_link_and_summarize_only
PHS5LnxtcHA,https://www.youtube.com/watch?v=PHS5LnxtcHA,GASOLINA-EXPLICACIÓN A PRUEBA DE IDIOTAS,441.0,,videos,https://i.ytimg.com/vi/PHS5LnxtcHA/hqdefault.jpg?sqp=-oaymwEcCNACELwBSFXyq4qpAw4IARUAAIhCGAFwAcABBg==&rs=AOn4CLCjVryESoqulDEYeCnoGhZddpOzVQ,El Dios de los Autos,external-reference,embed_link_and_summarize_only
uXesfNsrmCQ,https://www.youtube.com/watch?v=uXesfNsrmCQ,NUEVO Supra VS VIEJO Supra ¿Cual es MEJOR?,487.0,,videos,https://i.ytimg.com/vi/uXesfNsrmCQ/hqdefault.jpg?sqp=-oaymwEcCNACELwBSFXyq4qpAw4IARUAAIhCGAFwAcABBg==&rs=AOn4CLD6CqoIMBCK69ohycO6ZmEK6gjlRg,El Dios de los Autos,external-reference,embed_link_and_summarize_only
6Lw-ljT3aJ0,https://www.youtube.com/watch?v=6Lw-ljT3aJ0,7 AUTOS MUY BARATOS QUE PARECEN CAROS,472.0,,videos,https://i.ytimg.com/vi/6Lw-ljT3aJ0/hqdefault.jpg?sqp=-oaymwEcCNACELwBSFXyq4qpAw4IARUAAIhCGAFwAcABBg==&rs=AOn4CLD9CCHMOCbjDymKUSMCXOz-rAgfBw,El Dios de los Autos,external-reference,embed_link_and_summarize_only
TbGAF2iWWo8,https://www.youtube.com/watch?v=TbGAF2iWWo8,LA VERDAD EN TU CARA: TOYOTA SUPRA 2020,705.0,,videos,https://i.ytimg.com/vi/TbGAF2iWWo8/hqdefault.jpg?sqp=-oaymwEcCNACELwBSFXyq4qpAw4IARUAAIhCGAFwAcABBg==&rs=AOn4CLAl0fQARhntay71ox0bciArPdEioQ,El Dios de los Autos,external-reference,embed_link_and_summarize_only
sVOeMkeip9k,https://www.youtube.com/watch?v=sVOeMkeip9k,5 AUTOS PARA LEVANTAR QUINCEAÑERAS,486.0,,videos,https://i.ytimg.com/vi/sVOeMkeip9k/hqdefault.jpg?sqp=-oaymwEcCNACELwBSFXyq4qpAw4IARUAAIhCGAFwAcABBg==&rs=AOn4CLBdNijCbMXAAKQ5hw80EB2_nfsUQQ,El Dios de los Autos,external-reference,embed_link_and_summarize_only
W-4Pawfk2Mo,https://www.youtube.com/watch?v=W-4Pawfk2Mo,ANTI LAG-EXPLICACIÓN A PRUEBA DE IDIOTAS,507.0,,videos,https://i.ytimg.com/vi/W-4Pawfk2Mo/hqdefault.jpg?sqp=-oaymwEcCNACELwBSFXyq4qpAw4IARUAAIhCGAFwAcABBg==&rs=AOn4CLDb81Dyec_CCe-SqjNrOj2jeOJxrA,El Dios de los Autos,external-reference,embed_link_and_summarize_only
-8GfmJd1P6I,https://www.youtube.com/watch?v=-8GfmJd1P6I,5 AUTOS CA#&% QUE LLEGAN EN 2019,397.0,,videos,https://i.ytimg.com/vi/-8GfmJd1P6I/hqdefault.jpg?sqp=-oaymwEcCNACELwBSFXyq4qpAw4IARUAAIhCGAFwAcABBg==&rs=AOn4CLBjs033ywunVwUBqMw1KCyYhPNpnw,El Dios de los Autos,external-reference,embed_link_and_summarize_only
fytxZPl5Gu4,https://www.youtube.com/watch?v=fytxZPl5Gu4,LA VERDAD EN TU CARA: NISSAN MARCH,618.0,,videos,https://i.ytimg.com/vi/fytxZPl5Gu4/hqdefault.jpg?sqp=-oaymwEcCNACELwBSFXyq4qpAw4IARUAAIhCGAFwAcABBg==&rs=AOn4CLC3XuG4q9dMDGz6bv-mE3rAluJQ9A,El Dios de los Autos,external-reference,embed_link_and_summarize_only
F6hKILE0DlE,https://www.youtube.com/watch?v=F6hKILE0DlE,5 AUTOS MÁS ESPERADOS DEL 2019,448.0,,videos,https://i.ytimg.com/vi/F6hKILE0DlE/hqdefault.jpg?sqp=-oaymwEcCNACELwBSFXyq4qpAw4IARUAAIhCGAFwAcABBg==&rs=AOn4CLAOfB0DISQnDEcwVo_--hLEJ9_j4w,El Dios de los Autos,external-reference,embed_link_and_summarize_only
etAvLUEneJo,https://www.youtube.com/watch?v=etAvLUEneJo,8 MEJORES AUTOS DEL 2018,486.0,,videos,https://i.ytimg.com/vi/etAvLUEneJo/hqdefault.jpg?sqp=-oaymwEcCNACELwBSFXyq4qpAw4IARUAAIhCGAFwAcABBg==&rs=AOn4CLDEKIXN1cwlSQt_J7zCx_GJNK4YMQ,El Dios de los Autos,external-reference,embed_link_and_summarize_only
5dHw5XWfNME,https://www.youtube.com/watch?v=5dHw5XWfNME,8 PEORES AUTOS DEL 2018,492.0,,videos,https://i.ytimg.com/vi/5dHw5XWfNME/hqdefault.jpg?sqp=-oaymwEcCNACELwBSFXyq4qpAw4IARUAAIhCGAFwAcABBg==&rs=AOn4CLBAh_vcX3VyfVztXNodLJ5DRpg3Pg,El Dios de los Autos,external-reference,embed_link_and_summarize_only
wjXlSCPUo0g,https://www.youtube.com/watch?v=wjXlSCPUo0g,COMPRANDO REFACCIONES POR INTERNET ¿REALMENTE ES MÁS BARATO?,448.0,,videos,https://i.ytimg.com/vi/wjXlSCPUo0g/hqdefault.jpg?sqp=-oaymwEcCNACELwBSFXyq4qpAw4IARUAAIhCGAFwAcABBg==&rs=AOn4CLCqDGTbeTESwBrXbRPWB_2e0TGL0g,El Dios de los Autos,external-reference,embed_link_and_summarize_only
5wBrnRy0Q8Q,https://www.youtube.com/watch?v=5wBrnRy0Q8Q,8 REGALOS PARA AMANTES DE LOS AUTOS,597.0,,videos,https://i.ytimg.com/vi/5wBrnRy0Q8Q/hqdefault.jpg?sqp=-oaymwEcCNACELwBSFXyq4qpAw4IARUAAIhCGAFwAcABBg==&rs=AOn4CLAsIRSGFRMCrnlAHcYHHMHNuFiAaA,El Dios de los Autos,external-reference,embed_link_and_summarize_only
bJrBZZDBqng,https://www.youtube.com/watch?v=bJrBZZDBqng,5 PEORES MARCAS DE AUTOS CHINOS,528.0,,videos,https://i.ytimg.com/vi/bJrBZZDBqng/hqdefault.jpg?sqp=-oaymwEcCNACELwBSFXyq4qpAw4IARUAAIhCGAFwAcABBg==&rs=AOn4CLBduAu-k3R-agB2q4T-rr5kFPFwjw,El Dios de los Autos,external-reference,embed_link_and_summarize_only
x3CA7CYWErU,https://www.youtube.com/watch?v=x3CA7CYWErU,LA VERDAD EN TU CARA: MAZDA 3 (2014-2018),492.0,,videos,https://i.ytimg.com/vi/x3CA7CYWErU/hqdefault.jpg?sqp=-oaymwEcCNACELwBSFXyq4qpAw4IARUAAIhCGAFwAcABBg==&rs=AOn4CLDyFzAB2yF3XAYebzxCRUj13vH_jg,El Dios de los Autos,external-reference,embed_link_and_summarize_only
cgkGwteoNXY,https://www.youtube.com/watch?v=cgkGwteoNXY,5 MEJORES MARCAS DE AUTOS CHINOS,491.0,,videos,https://i.ytimg.com/vi/cgkGwteoNXY/hqdefault.jpg?sqp=-oaymwEcCNACELwBSFXyq4qpAw4IARUAAIhCGAFwAcABBg==&rs=AOn4CLCExfn4OXcG0GrEuIbDPrWm4-WWnQ,El Dios de los Autos,external-reference,embed_link_and_summarize_only
6yY2EYUeptw,https://www.youtube.com/watch?v=6yY2EYUeptw,TRANSMISIÓN MANUAL - EXPLICACIÓN A PRUEBA DE IDIOTAS,552.0,,videos,https://i.ytimg.com/vi/6yY2EYUeptw/hqdefault.jpg?sqp=-oaymwEcCNACELwBSFXyq4qpAw4IARUAAIhCGAFwAcABBg==&rs=AOn4CLAkshRyBcTUDv1p4rnrhNA9q8VvWw,El Dios de los Autos,external-reference,embed_link_and_summarize_only
J2McE150OpI,https://www.youtube.com/watch?v=J2McE150OpI,"LA VERDAD EN TU CARA: TOYOTA YARIS 2019| ATENCIÓN MÉXICO, CHILE, ARGENTINA Y PERÚ.",676.0,,videos,https://i.ytimg.com/vi/J2McE150OpI/hqdefault.jpg?sqp=-oaymwEcCNACELwBSFXyq4qpAw4IARUAAIhCGAFwAcABBg==&rs=AOn4CLAiJxOG3nhDy5dE4l3n2TConEkgwA,El Dios de los Autos,external-reference,embed_link_and_summarize_only
0s33YqykMhE,https://www.youtube.com/watch?v=0s33YqykMhE,¿Iré a la CARCEL por esto? MI CAMARO POWER!!!,429.0,,videos,https://i.ytimg.com/vi/0s33YqykMhE/hqdefault.jpg?sqp=-oaymwEcCNACELwBSFXyq4qpAw4IARUAAIhCGAFwAcABBg==&rs=AOn4CLDigqwWl_fXH4OdFFbXHNcFaXcq7g,El Dios de los Autos,external-reference,embed_link_and_summarize_only
_tYOnXzGhZw,https://www.youtube.com/watch?v=_tYOnXzGhZw,AYUDA!!!! ES UNA DECISIÓN MUY IMPORTANTE...,768.0,,videos,https://i.ytimg.com/vi/_tYOnXzGhZw/hqdefault.jpg?sqp=-oaymwEcCNACELwBSFXyq4qpAw4IARUAAIhCGAFwAcABBg==&rs=AOn4CLAc4WyKYQCAy1Fd3GjUfdtxjzJZkA,El Dios de los Autos,external-reference,embed_link_and_summarize_only
g2RC2-VTmk4,https://www.youtube.com/watch?v=g2RC2-VTmk4,LA VERDAD EN TU CARA: KIA FORTE/CERATO 2019,746.0,,videos,https://i.ytimg.com/vi/g2RC2-VTmk4/hqdefault.jpg?sqp=-oaymwEcCNACELwBSFXyq4qpAw4IARUAAIhCGAFwAcABBg==&rs=AOn4CLDRfqcJC5qytSiwCKNI49EVz_xUuA,El Dios de los Autos,external-reference,embed_link_and_summarize_only
llVHnen9CQ8,https://www.youtube.com/watch?v=llVHnen9CQ8,5 MEJORES OPCIONES DE PRIMER AUTO,607.0,,videos,https://i.ytimg.com/vi/llVHnen9CQ8/hqdefault.jpg?sqp=-oaymwEcCNACELwBSFXyq4qpAw4IARUAAIhCGAFwAcABBg==&rs=AOn4CLD642PB25hJ5pldZ0XGTssSlK3uqQ,El Dios de los Autos,external-reference,embed_link_and_summarize_only
LTpkIBpXZ6U,https://www.youtube.com/watch?v=LTpkIBpXZ6U,NITRO - EXPLICACIÓN A PRUEBA DE IDIOTAS,502.0,,videos,https://i.ytimg.com/vi/LTpkIBpXZ6U/hqdefault.jpg?sqp=-oaymwEcCNACELwBSFXyq4qpAw4IARUAAIhCGAFwAcABBg==&rs=AOn4CLBqAMtsmBwgw_N6qZrh_P0Dnkg98A,El Dios de los Autos,external-reference,embed_link_and_summarize_only
2MldAsMgoyg,https://www.youtube.com/watch?v=2MldAsMgoyg,LA VERDAD EN TU CARA: NISSAN VERSA,450.0,,videos,https://i.ytimg.com/vi/2MldAsMgoyg/hqdefault.jpg?sqp=-oaymwEcCNACELwBSFXyq4qpAw4IARUAAIhCGAFwAcABBg==&rs=AOn4CLDP7gxWmNflLSPKz-GyDgLYc5yshA,El Dios de los Autos,external-reference,embed_link_and_summarize_only
xuD9rTqKqtI,https://www.youtube.com/watch?v=xuD9rTqKqtI,5 MEJORES METODOS PARA AHORRAR COMBUSTIBLE,413.0,,videos,https://i.ytimg.com/vi/xuD9rTqKqtI/hqdefault.jpg?sqp=-oaymwEcCNACELwBSFXyq4qpAw4IARUAAIhCGAFwAcABBg==&rs=AOn4CLBkkpdQ6ztfnp-18kfIbwD2oxC80w,El Dios de los Autos,external-reference,embed_link_and_summarize_only
Wv8HY8yubhg,https://www.youtube.com/watch?v=Wv8HY8yubhg,5 AUTOS BARATOS DE CONSUMO EXTRAORDINARIO,607.0,,videos,https://i.ytimg.com/vi/Wv8HY8yubhg/hqdefault.jpg?sqp=-oaymwEcCNACELwBSFXyq4qpAw4IARUAAIhCGAFwAcABBg==&rs=AOn4CLAkSlDxoTx8MZrjgFeKQfxP8TnFcg,El Dios de los Autos,external-reference,embed_link_and_summarize_only
Ks4YQH6ojvQ,https://www.youtube.com/watch?v=Ks4YQH6ojvQ,5 MODIFICACIONES MONSTRUOSAS,609.0,,videos,https://i.ytimg.com/vi/Ks4YQH6ojvQ/hqdefault.jpg?sqp=-oaymwEcCNACELwBSFXyq4qpAw4IARUAAIhCGAFwAcABBg==&rs=AOn4CLDstMZYCYFwgyNieKixni0rff9fAQ,El Dios de los Autos,external-reference,embed_link_and_summarize_only
2GAhNdwiLnQ,https://www.youtube.com/watch?v=2GAhNdwiLnQ,SUPERCARGADOR - EXPLICACIÓN A PRUEBA DE IDIOTAS,417.0,,videos,https://i.ytimg.com/vi/2GAhNdwiLnQ/hqdefault.jpg?sqp=-oaymwEcCNACELwBSFXyq4qpAw4IARUAAIhCGAFwAcABBg==&rs=AOn4CLCYXkBTYfL6PstTcO6BEd_jgKK7VQ,El Dios de los Autos,external-reference,embed_link_and_summarize_only
RHlgzV4gF_Y,https://www.youtube.com/watch?v=RHlgzV4gF_Y,LA VERDAD EN TU CARA: CHEVROLET ONIX (Nuevo Segmento),336.0,,videos,https://i.ytimg.com/vi/RHlgzV4gF_Y/hqdefault.jpg?sqp=-oaymwEcCNACELwBSFXyq4qpAw4IARUAAIhCGAFwAcABBg==&rs=AOn4CLA5AGlQnvWE6zkSwQ8BJetgZf3moQ,El Dios de los Autos,external-reference,embed_link_and_summarize_only
__ZmgExvEGM,https://www.youtube.com/watch?v=__ZmgExvEGM,5 AUTOS QUE AMAS PERO SON UNA M...,460.0,,videos,https://i.ytimg.com/vi/__ZmgExvEGM/hqdefault.jpg?sqp=-oaymwEcCNACELwBSFXyq4qpAw4IARUAAIhCGAFwAcABBg==&rs=AOn4CLCrpgf_i6QPDHo51RSyv4HHhFxnow,El Dios de los Autos,external-reference,embed_link_and_summarize_only
NJ0MqvX400A,https://www.youtube.com/watch?v=NJ0MqvX400A,TURBOS - EXPLICACIÓN A PRUEBA DE IDIOTAS,611.0,,videos,https://i.ytimg.com/vi/NJ0MqvX400A/hqdefault.jpg?sqp=-oaymwEcCNACELwBSFXyq4qpAw4IARUAAIhCGAFwAcABBg==&rs=AOn4CLALkHVz-Us3kBHw0BfE6E26AkRi9g,El Dios de los Autos,external-reference,embed_link_and_summarize_only
4qQtsMENPJA,https://www.youtube.com/watch?v=4qQtsMENPJA,5 AUTOS QUE TIENES QUE COMPRARLE A TU MAMÁ,422.0,,videos,https://i.ytimg.com/vi/4qQtsMENPJA/hqdefault.jpg?sqp=-oaymwEcCNACELwBSFXyq4qpAw4IARUAAIhCGAFwAcABBg==&rs=AOn4CLC1YFwvVxYDAOFremLsqT7L6GwVZQ,El Dios de los Autos,external-reference,embed_link_and_summarize_only
hDuBUh5H-58,https://www.youtube.com/watch?v=hDuBUh5H-58,NATURALMENTE ASPIRADO - EXPLICACIÓN A PRUEBA DE IDIOTAS,488.0,,videos,https://i.ytimg.com/vi/hDuBUh5H-58/hqdefault.jpg?sqp=-oaymwEcCNACELwBSFXyq4qpAw4IARUAAIhCGAFwAcABBg==&rs=AOn4CLDspDipYZwj8wjj-F-5WIVbJSPCJg,El Dios de los Autos,external-reference,embed_link_and_summarize_only
x2Hed_NGLuY,https://www.youtube.com/watch?v=x2Hed_NGLuY,5 AUTOS NORMALES CON MOTORES ANORMALES,609.0,,videos,https://i.ytimg.com/vi/x2Hed_NGLuY/hqdefault.jpg?sqp=-oaymwEcCNACELwBSFXyq4qpAw4IARUAAIhCGAFwAcABBg==&rs=AOn4CLD8MYXyu-GIg-Nn7he2nzp7m8-6Mg,El Dios de los Autos,external-reference,embed_link_and_summarize_only
fvzScODi18I,https://www.youtube.com/watch?v=fvzScODi18I,¡¡¡FINALMENTE CONDUJE UNA DE ESTAS!!! - CHEROKEE TRAILHAWK,649.0,,videos,https://i.ytimg.com/vi/fvzScODi18I/hqdefault.jpg?sqp=-oaymwEcCNACELwBSFXyq4qpAw4IARUAAIhCGAFwAcABBg==&rs=AOn4CLCPIMZfeOkz9ABaxmYNPW72gcGpRA,El Dios de los Autos,external-reference,embed_link_and_summarize_only
FwqxDwuQlJE,https://www.youtube.com/watch?v=FwqxDwuQlJE,5 AUTOS PARA MARI#AS,384.0,,videos,https://i.ytimg.com/vi/FwqxDwuQlJE/hqdefault.jpg?sqp=-oaymwEcCNACELwBSFXyq4qpAw4IARUAAIhCGAFwAcABBg==&rs=AOn4CLBMtbDMHYS-wXF2loqytZw4FAbpbg,El Dios de los Autos,external-reference,embed_link_and_summarize_only
234gsWfMxZY,https://www.youtube.com/watch?v=234gsWfMxZY,YO Y LOS AUTOS MÁS VENDIDOS (LATAM),679.0,,videos,https://i.ytimg.com/vi/234gsWfMxZY/hqdefault.jpg?sqp=-oaymwEcCNACELwBSFXyq4qpAw4IARUAAIhCGAFwAcABBg==&rs=AOn4CLD2jy_hsB_Ebk73rihOWtqhuEMcXQ,El Dios de los Autos,external-reference,embed_link_and_summarize_only
OBsFoOXxYh4,https://www.youtube.com/watch?v=OBsFoOXxYh4,5 AUTOS PARA MACHOS ALFA LOMO PLATEADO,373.0,,videos,https://i.ytimg.com/vi/OBsFoOXxYh4/hqdefault.jpg?sqp=-oaymwEcCNACELwBSFXyq4qpAw4IARUAAIhCGAFwAcABBg==&rs=AOn4CLA1v96Prlq1Gzu7xmYgm_VZZyk8aw,El Dios de los Autos,external-reference,embed_link_and_summarize_only
R_ppRXRBQq4,https://www.youtube.com/watch?v=R_ppRXRBQq4,YO Y LOS AUTOS MÁS VENDIDOS (MI PAÍS),571.0,,videos,https://i.ytimg.com/vi/R_ppRXRBQq4/hqdefault.jpg?sqp=-oaymwEcCNACELwBSFXyq4qpAw4IARUAAIhCGAFwAcABBg==&rs=AOn4CLBDxLKqw8KKUehN74LjiG7BBRp3pA,El Dios de los Autos,external-reference,embed_link_and_summarize_only
z1f9X7pMn2o,https://www.youtube.com/watch?v=z1f9X7pMn2o,5 AUTOS ABURRIDOS DE MARCAS DIVERTIDAS,457.0,,videos,https://i.ytimg.com/vi/z1f9X7pMn2o/hqdefault.jpg?sqp=-oaymwEcCNACELwBSFXyq4qpAw4IARUAAIhCGAFwAcABBg==&rs=AOn4CLBrWZ_FZQx7vsLz_mWZ5TEzwp_35w,El Dios de los Autos,external-reference,embed_link_and_summarize_only
TS_UFyytv-w,https://www.youtube.com/watch?v=TS_UFyytv-w,VIAJÉ PARA TENER LA HYUNDAI SANTA FE 2019,1946.0,,videos,https://i.ytimg.com/vi/TS_UFyytv-w/hqdefault.jpg?sqp=-oaymwEcCNACELwBSFXyq4qpAw4IARUAAIhCGAFwAcABBg==&rs=AOn4CLBhhvuxeOmT_YCStmaaTzY4NoM4MQ,El Dios de los Autos,external-reference,embed_link_and_summarize_only
6BDmQiu4RSc,https://www.youtube.com/watch?v=6BDmQiu4RSc,5 PEORES GENERACIONES DE AUTOS ICÓNICOS,562.0,,videos,https://i.ytimg.com/vi/6BDmQiu4RSc/hqdefault.jpg?sqp=-oaymwEcCNACELwBSFXyq4qpAw4IARUAAIhCGAFwAcABBg==&rs=AOn4CLCf0tJpautNTDla9Scq8pvZgDC33A,El Dios de los Autos,external-reference,embed_link_and_summarize_only
uTCvBIcozb4,https://www.youtube.com/watch?v=uTCvBIcozb4,¡¿QUE PASÓ CON MI CAMARO IMPORTADO?!,526.0,,videos,https://i.ytimg.com/vi/uTCvBIcozb4/hqdefault.jpg?sqp=-oaymwEcCNACELwBSFXyq4qpAw4IARUAAIhCGAFwAcABBg==&rs=AOn4CLB-JgfYGxQkqVjWb-YGpGokCSc5Jw,El Dios de los Autos,external-reference,embed_link_and_summarize_only
5WicN7OtiEM,https://www.youtube.com/watch?v=5WicN7OtiEM,5 AUTOS QUE QUEREMOS DE VUELTA 2,503.0,,videos,https://i.ytimg.com/vi/5WicN7OtiEM/hqdefault.jpg?sqp=-oaymwEcCNACELwBSFXyq4qpAw4IARUAAIhCGAFwAcABBg==&rs=AOn4CLA4R-aMdAnoYy_sh4Z-ex6mZEZp5w,El Dios de los Autos,external-reference,embed_link_and_summarize_only
vENvrqSGxPA,https://www.youtube.com/watch?v=vENvrqSGxPA,5 AUTOS NUEVOS CON MOTORES VIEJOS,404.0,,videos,https://i.ytimg.com/vi/vENvrqSGxPA/hqdefault.jpg?sqp=-oaymwEcCNACELwBSFXyq4qpAw4IARUAAIhCGAFwAcABBg==&rs=AOn4CLBYWzBRahlWMRjlawrqftYVJBoT0Q,El Dios de los Autos,external-reference,embed_link_and_summarize_only
OXOaBquyhws,https://www.youtube.com/watch?v=OXOaBquyhws,¿Importar autos de USA? ¿Como los reparan?,1318.0,,videos,https://i.ytimg.com/vi/OXOaBquyhws/hqdefault.jpg?sqp=-oaymwEcCNACELwBSFXyq4qpAw4IARUAAIhCGAFwAcABBg==&rs=AOn4CLAVNTJ5KB6w-ABufRnlr7bAHXZggQ,El Dios de los Autos,external-reference,embed_link_and_summarize_only
9ecTzXeo31s,https://www.youtube.com/watch?v=9ecTzXeo31s,10 MEJORES AUTOS DE LOS NOVENTAS,506.0,,videos,https://i.ytimg.com/vi/9ecTzXeo31s/hqdefault.jpg?sqp=-oaymwEcCNACELwBSFXyq4qpAw4IARUAAIhCGAFwAcABBg==&rs=AOn4CLCdLEZ173L5F8MkWJpDY46GpW2O6A,El Dios de los Autos,external-reference,embed_link_and_summarize_only
qSC1dhOV7XA,https://www.youtube.com/watch?v=qSC1dhOV7XA,5 AUTOS NORMALES QUE NECESITAN UNA VERSIÓN DEPORTIVA,341.0,,videos,https://i.ytimg.com/vi/qSC1dhOV7XA/hqdefault.jpg?sqp=-oaymwEcCNACELwBSFXyq4qpAw4IARUAAIhCGAFwAcABBg==&rs=AOn4CLB1q3WuFlwR5JdlR8eZOJUP-Ilp8A,El Dios de los Autos,external-reference,embed_link_and_summarize_only
e2HBrBuF3Qs,https://www.youtube.com/watch?v=e2HBrBuF3Qs,¡Probé el VOLKSWAGEN JETTA 2018 en Colombia!,1283.0,,videos,https://i.ytimg.com/vi/e2HBrBuF3Qs/hqdefault.jpg?sqp=-oaymwEcCNACELwBSFXyq4qpAw4IARUAAIhCGAFwAcABBg==&rs=AOn4CLATHpDw7j9pHtOPOjxKNNnSbM4q7g,El Dios de los Autos,external-reference,embed_link_and_summarize_only
bLOzzf4ey5U,https://www.youtube.com/watch?v=bLOzzf4ey5U,"5 FUTUROS AUTOS CLÁSICOS - ¡CÓMPRALOS HOY, GANA MUCHO VENDIÉNDOLOS MAÑANA!",471.0,,videos,https://i.ytimg.com/vi/bLOzzf4ey5U/hqdefault.jpg?sqp=-oaymwEcCNACELwBSFXyq4qpAw4IARUAAIhCGAFwAcABBg==&rs=AOn4CLDdBZ3PV6kB3by1zSLcHop-J-wo2g,El Dios de los Autos,external-reference,embed_link_and_summarize_only
VoNKFKcak4s,https://www.youtube.com/watch?v=VoNKFKcak4s,LLEVÉ UN CAMARO SS AL AUTODROMO (V8 +400 CABALLOS),690.0,,videos,https://i.ytimg.com/vi/VoNKFKcak4s/hqdefault.jpg?sqp=-oaymwEcCNACELwBSFXyq4qpAw4IARUAAIhCGAFwAcABBg==&rs=AOn4CLCZTiaiPDluu29kAyNYYKm-osSclA,El Dios de los Autos,external-reference,embed_link_and_summarize_only
NE8tccjxfIc,https://www.youtube.com/watch?v=NE8tccjxfIc,5 MODIFICACIONES BARATAS QUE SI FUNCIONAN,495.0,,videos,https://i.ytimg.com/vi/NE8tccjxfIc/hqdefault.jpg?sqp=-oaymwEcCNACELwBSFXyq4qpAw4IARUAAIhCGAFwAcABBg==&rs=AOn4CLAKJYgKgmdO2Xoc4TsAfgSH2_kPpw,El Dios de los Autos,external-reference,embed_link_and_summarize_only
1bIW1y11lTA,https://www.youtube.com/watch?v=1bIW1y11lTA,¡COMPRÉ UN CAMARO Y GANÉ MUCHA PLATA!,756.0,,videos,https://i.ytimg.com/vi/1bIW1y11lTA/hqdefault.jpg?sqp=-oaymwEcCNACELwBSFXyq4qpAw4IARUAAIhCGAFwAcABBg==&rs=AOn4CLAfAas11b6XSmYc36FHOA3yFK51hw,El Dios de los Autos,external-reference,embed_link_and_summarize_only
hUbNBHAe7Vc,https://www.youtube.com/watch?v=hUbNBHAe7Vc,FORD MUSTANG FEST 2018!!! - ¡MUSCLE CAR MEET!,425.0,,videos,https://i.ytimg.com/vi/hUbNBHAe7Vc/hqdefault.jpg?sqp=-oaymwEcCNACELwBSFXyq4qpAw4IARUAAIhCGAFwAcABBg==&rs=AOn4CLCs3-4pqIQ9-Rzv4z-otXrFMN8OoA,El Dios de los Autos,external-reference,embed_link_and_summarize_only
_fqGtjc-Y60,https://www.youtube.com/watch?v=_fqGtjc-Y60,¡¡VENDÍ MI SUBARU!! ¡¿Y AHORA QUE ME COMPRO?!,1012.0,,videos,https://i.ytimg.com/vi/_fqGtjc-Y60/hqdefault.jpg?sqp=-oaymwEcCNACELwBSFXyq4qpAw4IARUAAIhCGAFwAcABBg==&rs=AOn4CLAAi9oY-pY8DE4r4AZFo7-WMk8SCg,El Dios de los Autos,external-reference,embed_link_and_summarize_only
iH0s7rLraVw,https://www.youtube.com/watch?v=iH0s7rLraVw,PARTE 2 | 10 AUTOS FAMILIARES DEPORTIVOS PARA HOMBRES MISERABLES,320.0,,videos,https://i.ytimg.com/vi/iH0s7rLraVw/hqdefault.jpg?sqp=-oaymwEcCNACELwBSFXyq4qpAw4IARUAAIhCGAFwAcABBg==&rs=AOn4CLDsm93gc_JtdarB50Rv-eXVafnGJg,El Dios de los Autos,external-reference,embed_link_and_summarize_only
ahhZX2UCfO8,https://www.youtube.com/watch?v=ahhZX2UCfO8,LANCER EVOLUTION VERSUS WRX STI ¿CUAL ES MEJOR?,404.0,,videos,https://i.ytimg.com/vi/ahhZX2UCfO8/hqdefault.jpg?sqp=-oaymwEcCNACELwBSFXyq4qpAw4IARUAAIhCGAFwAcABBg==&rs=AOn4CLAeSsyzprl8O3Uoprkw2lEsDCpgAQ,El Dios de los Autos,external-reference,embed_link_and_summarize_only
-Fys4ODNOqk,https://www.youtube.com/watch?v=-Fys4ODNOqk,10 AUTOS DEPORTIVOS FAMILIARES PARA HOMBRES MISERABLES,321.0,,videos,https://i.ytimg.com/vi/-Fys4ODNOqk/hqdefault.jpg?sqp=-oaymwEcCNACELwBSFXyq4qpAw4IARUAAIhCGAFwAcABBg==&rs=AOn4CLBUaicEfhgG-25hd_ZYNzUwOSvmEA,El Dios de los Autos,external-reference,embed_link_and_summarize_only
vO4Qdpbyack,https://www.youtube.com/watch?v=vO4Qdpbyack,8 COSAS GENIALES DE LOS DEPORTIVOS DE HOY,338.0,,videos,https://i.ytimg.com/vi/vO4Qdpbyack/hqdefault.jpg?sqp=-oaymwEcCNACELwBSFXyq4qpAw4IARUAAIhCGAFwAcABBg==&rs=AOn4CLBN-FrfhQnZSsQuvi8N41rmw6YZrw,El Dios de los Autos,external-reference,embed_link_and_summarize_only
d2ncjqI-LEA,https://www.youtube.com/watch?v=d2ncjqI-LEA,HONDA WR-V VS. MAZDA CX-3!!! ¿CUAL ES MEJOR?,324.0,,videos,https://i.ytimg.com/vi/d2ncjqI-LEA/hqdefault.jpg?sqp=-oaymwEcCNACELwBSFXyq4qpAw4IARUAAIhCGAFwAcABBg==&rs=AOn4CLDSmiEeOD52RQn2JjkEp2PWKbe49A,El Dios de los Autos,external-reference,embed_link_and_summarize_only
gwVaxwIHwFo,https://www.youtube.com/watch?v=gwVaxwIHwFo,TOYOTA SUPRA 2019 MK5 ¡¿ESTE ES EL PRECIO?!,147.0,,videos,https://i.ytimg.com/vi/gwVaxwIHwFo/hqdefault.jpg?sqp=-oaymwEcCNACELwBSFXyq4qpAw4IARUAAIhCGAFwAcABBg==&rs=AOn4CLAzRpXyXa824S6ZGsCdZCEA9eXNaQ,El Dios de los Autos,external-reference,embed_link_and_summarize_only
KI7ra5Rh3tU,https://www.youtube.com/watch?v=KI7ra5Rh3tU,Undercoating vehícular ¿Que es y para que sirve? Consultamos con los expertos.,749.0,,videos,https://i.ytimg.com/vi/KI7ra5Rh3tU/hqdefault.jpg?sqp=-oaymwEcCNACELwBSFXyq4qpAw4IARUAAIhCGAFwAcABBg==&rs=AOn4CLCo_JtGe6RwJ6zNFcwHlVDGKwmGYw,El Dios de los Autos,external-reference,embed_link_and_summarize_only
z-SZEhabp0M,https://www.youtube.com/watch?v=z-SZEhabp0M,BMW 118i Millennial VS. AUDI A3 1.2T ¿Cual es mejor?,348.0,,videos,https://i.ytimg.com/vi/z-SZEhabp0M/hqdefault.jpg?sqp=-oaymwEcCNACELwBSFXyq4qpAw4IARUAAIhCGAFwAcABBg==&rs=AOn4CLCdcREV-88QMaoqtU-nS1f87EZPag,El Dios de los Autos,external-reference,embed_link_and_summarize_only
ocxPtRHJXeY,https://www.youtube.com/watch?v=ocxPtRHJXeY,AUTOS MODERNOS VS ANTIGUOS ¿CUAL ES MÁS SEGURO?,212.0,,videos,https://i.ytimg.com/vi/ocxPtRHJXeY/hqdefault.jpg?sqp=-oaymwEcCNACELwBSFXyq4qpAw4IARUAAIhCGAFwAcABBg==&rs=AOn4CLAwsI10pBMi7yiHGSRu3xM-hUuVig,El Dios de los Autos,external-reference,embed_link_and_summarize_only
0Uo0HVkGOkk,https://www.youtube.com/watch?v=0Uo0HVkGOkk,8 COSAS ESTÚPIDAS DE LOS DEPORTIVOS DE HOY,265.0,,videos,https://i.ytimg.com/vi/0Uo0HVkGOkk/hqdefault.jpg?sqp=-oaymwEcCNACELwBSFXyq4qpAw4IARUAAIhCGAFwAcABBg==&rs=AOn4CLCmZQswEH8EpcNvu4EV0rW0R25cCw,El Dios de los Autos,external-reference,embed_link_and_summarize_only
nnHXXIn3zpw,https://www.youtube.com/watch?v=nnHXXIn3zpw,¡HYUNDAI ELANTRA VS. KIA CERATO! ¿CUAL ES MEJOR?,303.0,,videos,https://i.ytimg.com/vi/nnHXXIn3zpw/hqdefault.jpg?sqp=-oaymwEcCNACELwBSFXyq4qpAw4IARUAAIhCGAFwAcABBg==&rs=AOn4CLBfKURiBl1bCurtwO2XBioQaWEckA,El Dios de los Autos,external-reference,embed_link_and_summarize_only
QYy92FkcMPk,https://www.youtube.com/watch?v=QYy92FkcMPk,¡¡¡LOS AUTOS DE MADURO!!!,169.0,,videos,https://i.ytimg.com/vi/QYy92FkcMPk/hqdefault.jpg?sqp=-oaymwEcCNACELwBSFXyq4qpAw4IARUAAIhCGAFwAcABBg==&rs=AOn4CLDNVCfdG9Z5Kg1QnDI0VP1HdHx8Zg,El Dios de los Autos,external-reference,embed_link_and_summarize_only
_bhSHFcMqZU,https://www.youtube.com/watch?v=_bhSHFcMqZU,¡¡¡SUV MÁS POTENTE DEL MUNDO EN PERÚ!!! + FIAT 500 + MERCEDES-BENZ CONVERTIBLE,759.0,,videos,https://i.ytimg.com/vi/_bhSHFcMqZU/hqdefault.jpg?sqp=-oaymwEcCNACELwBSFXyq4qpAw4IARUAAIhCGAFwAcABBg==&rs=AOn4CLCkcZyGDb0K32wnjnVUrdqDVdw2bQ,El Dios de los Autos,external-reference,embed_link_and_summarize_only
GjrA9xe5z2Q,https://www.youtube.com/watch?v=GjrA9xe5z2Q,¡TOYOTA SUPRA VS. NISSAN SKYLINE GT-R R34!!! ¿CUAL ES MEJOR?,364.0,,videos,https://i.ytimg.com/vi/GjrA9xe5z2Q/hqdefault.jpg?sqp=-oaymwEcCNACELwBSFXyq4qpAw4IARUAAIhCGAFwAcABBg==&rs=AOn4CLBUzd25DkRTzKXnsGWDkFlsTDVvag,El Dios de los Autos,external-reference,embed_link_and_summarize_only
Cj18btu6qzo,https://www.youtube.com/watch?v=Cj18btu6qzo,¡PROBANDO LA HONDA HR-V!,617.0,,videos,https://i.ytimg.com/vi/Cj18btu6qzo/hqdefault.jpg?sqp=-oaymwEcCNACELwBSFXyq4qpAw4IARUAAIhCGAFwAcABBg==&rs=AOn4CLAUOQUxr-7Q2T8ZnYGVc6m4SUezOw,El Dios de los Autos,external-reference,embed_link_and_summarize_only
1_3A_7ajBFY,https://www.youtube.com/watch?v=1_3A_7ajBFY,HYUNDAI i10 VS. VOLKSWAGEN UP! ¿CUAL ES MEJOR?,330.0,,videos,https://i.ytimg.com/vi/1_3A_7ajBFY/hqdefault.jpg?sqp=-oaymwEcCNACELwBSFXyq4qpAw4IARUAAIhCGAFwAcABBg==&rs=AOn4CLB1whhQIwBsWevvL-eQJTbe0td6Zw,El Dios de los Autos,external-reference,embed_link_and_summarize_only
X7f3DXBGurU,https://www.youtube.com/watch?v=X7f3DXBGurU,5 AUTOS MÁS RÁPIDOS DEL MUNDO!!! (2018),337.0,,videos,https://i.ytimg.com/vi/X7f3DXBGurU/hqdefault.jpg?sqp=-oaymwEcCNACELwBSFXyq4qpAw4IARUAAIhCGAFwAcABBg==&rs=AOn4CLD7GFZT8T2W98yuM-tMsQbQy-2zog,El Dios de los Autos,external-reference,embed_link_and_summarize_only
vbbH4rFSxDQ,https://www.youtube.com/watch?v=vbbH4rFSxDQ,MERCEDES-BENZ A180| ¿EL MERCEDES MÁS BARATO VALE LA PENA?,931.0,,videos,https://i.ytimg.com/vi/vbbH4rFSxDQ/hqdefault.jpg?sqp=-oaymwEcCNACELwBSFXyq4qpAw4IARUAAIhCGAFwAcABBg==&rs=AOn4CLCDt8J8v4D35klH2IhGHnnTjOjSww,El Dios de los Autos,external-reference,embed_link_and_summarize_only
J2dn6Bl8o1s,https://www.youtube.com/watch?v=J2dn6Bl8o1s,MOTOS DE CARRERA + CAMARO A TODA VELOCIDAD!!!,461.0,,videos,https://i.ytimg.com/vi/J2dn6Bl8o1s/hqdefault.jpg?sqp=-oaymwEcCNACELwBSFXyq4qpAw4IARUAAIhCGAFwAcABBg==&rs=AOn4CLAb2Fskz7klmCf6uYn6n3u3LrzlNQ,El Dios de los Autos,external-reference,embed_link_and_summarize_only
f_h-1VOFWPY,https://www.youtube.com/watch?v=f_h-1VOFWPY,¡MAZDA 3 VS. TOYOTA COROLLA! ¿CUAL ES MEJOR?,326.0,,videos,https://i.ytimg.com/vi/f_h-1VOFWPY/hqdefault.jpg?sqp=-oaymwEcCNACELwBSFXyq4qpAw4IARUAAIhCGAFwAcABBg==&rs=AOn4CLAAm56p9cIQvJV4qv7jLObc96V1iQ,El Dios de los Autos,external-reference,embed_link_and_summarize_only
CnjQNTTJSn4,https://www.youtube.com/watch?v=CnjQNTTJSn4,5 AUTOS DIVERTIDOS DE MARCAS ABURRIDAS,288.0,,videos,https://i.ytimg.com/vi/CnjQNTTJSn4/hqdefault.jpg?sqp=-oaymwEcCNACELwBSFXyq4qpAw4IARUAAIhCGAFwAcABBg==&rs=AOn4CLCiVK5QwMOLiRFsmSnbwbkwFOycwQ,El Dios de los Autos,external-reference,embed_link_and_summarize_only
lralB4sS5-s,https://www.youtube.com/watch?v=lralB4sS5-s,SUZUKI SWIFT SEDAN DZIRE 2018 ¿PRACTICO O PRÁCTICAMENTE BASURA?,387.0,,videos,https://i.ytimg.com/vi/lralB4sS5-s/hqdefault.jpg?sqp=-oaymwEcCNACELwBSFXyq4qpAw4IARUAAIhCGAFwAcABBg==&rs=AOn4CLCLnwM6iHsNFjBGHbJnaxnQJRdp3w,El Dios de los Autos,external-reference,embed_link_and_summarize_only
-VO52svrlcU,https://www.youtube.com/watch?v=-VO52svrlcU,¡¡¡MANEJANDO AUDIS DE 400 CABALLOS!!!,645.0,,videos,https://i.ytimg.com/vi/-VO52svrlcU/hqdefault.jpg?sqp=-oaymwEcCNACELwBSFXyq4qpAw4IARUAAIhCGAFwAcABBg==&rs=AOn4CLARbFGIJvCsOKO916YuyenofSRmcA,El Dios de los Autos,external-reference,embed_link_and_summarize_only
yjkEioggkME,https://www.youtube.com/watch?v=yjkEioggkME,5 AUTOS RÁPIDOS QUE PARECEN LENTOS,271.0,,videos,https://i.ytimg.com/vi/yjkEioggkME/hqdefault.jpg?sqp=-oaymwEcCNACELwBSFXyq4qpAw4IARUAAIhCGAFwAcABBg==&rs=AOn4CLARzlt482omzfYDJSOm9BAhUKoZvg,El Dios de los Autos,external-reference,embed_link_and_summarize_only
DNtsKNyGbvM,https://www.youtube.com/watch?v=DNtsKNyGbvM,FIAT STRADA ADVENTURE | ¡¡REPARTIDOR POR 1 DÍA!!,865.0,,videos,https://i.ytimg.com/vi/DNtsKNyGbvM/hqdefault.jpg?sqp=-oaymwEcCNACELwBSFXyq4qpAw4IARUAAIhCGAFwAcABBg==&rs=AOn4CLDQUOHol0pVna5yk0SZ-i1-JZx8LA,El Dios de los Autos,external-reference,embed_link_and_summarize_only
1tRacr6MKR4,https://www.youtube.com/watch?v=1tRacr6MKR4,NUEVO MERCEDES-AMG A45 | MÁS DE 400 CABALLOS DE FUERZA,187.0,,videos,https://i.ytimg.com/vi/1tRacr6MKR4/hqdefault.jpg?sqp=-oaymwEcCNACELwBSFXyq4qpAw4IARUAAIhCGAFwAcABBg==&rs=AOn4CLCmHp0S2Sgh-snPWpQWh3Y068BaUw,El Dios de los Autos,external-reference,embed_link_and_summarize_only
UdLbEoW86dg,https://www.youtube.com/watch?v=UdLbEoW86dg,¡PROBANDO EL CHEVROLET CRUZE 1.4 TURBO!,701.0,,videos,https://i.ytimg.com/vi/UdLbEoW86dg/hqdefault.jpg?sqp=-oaymwEcCNACELwBSFXyq4qpAw4IARUAAIhCGAFwAcABBg==&rs=AOn4CLCecQgCHDUakcw7-NrY4O9CwcITbg,El Dios de los Autos,external-reference,embed_link_and_summarize_only
wLfFHgqoYsc,https://www.youtube.com/watch?v=wLfFHgqoYsc,5 MEJORES AUTOS PEQUEÑOS BARATOS,289.0,,videos,https://i.ytimg.com/vi/wLfFHgqoYsc/hqdefault.jpg?sqp=-oaymwEcCNACELwBSFXyq4qpAw4IARUAAIhCGAFwAcABBg==&rs=AOn4CLB7xothK24ZUKFSZNh65Q1ImAupSw,El Dios de los Autos,external-reference,embed_link_and_summarize_only
Vpg22G5G6lQ,https://www.youtube.com/watch?v=Vpg22G5G6lQ,ESTOY CON LA NUEVA BMW X2 2018!!!,515.0,,videos,https://i.ytimg.com/vi/Vpg22G5G6lQ/hqdefault.jpg?sqp=-oaymwEcCNACELwBSFXyq4qpAw4IARUAAIhCGAFwAcABBg==&rs=AOn4CLCmajhkrg663TZt8cvniuT6Ao_8gA,El Dios de los Autos,external-reference,embed_link_and_summarize_only
UeFwtWn-AI4,https://www.youtube.com/watch?v=UeFwtWn-AI4,MI PRIMER MERCEDES!!!,448.0,,videos,https://i.ytimg.com/vi/UeFwtWn-AI4/hqdefault.jpg?sqp=-oaymwEcCNACELwBSFXyq4qpAw4IARUAAIhCGAFwAcABBg==&rs=AOn4CLA8VJSKV25MDKvGmnxLC438IeqsEQ,El Dios de los Autos,external-reference,embed_link_and_summarize_only
5d9C6gDNauI,https://www.youtube.com/watch?v=5d9C6gDNauI,¡¡Maneje el Toyota Yaris 2018 Hatchback!!,349.0,,videos,https://i.ytimg.com/vi/5d9C6gDNauI/hqdefault.jpg?sqp=-oaymwEcCNACELwBSFXyq4qpAw4IARUAAIhCGAFwAcABBg==&rs=AOn4CLCt8nsmsmsX00rLZaP981qUrXYqAw,El Dios de los Autos,external-reference,embed_link_and_summarize_only
HRezmaby9xg,https://www.youtube.com/watch?v=HRezmaby9xg,DODGE DART GT | ¡Lo maneje con caja manual!,671.0,,videos,https://i.ytimg.com/vi/HRezmaby9xg/hqdefault.jpg?sqp=-oaymwEcCNACELwBSFXyq4qpAw4IARUAAIhCGAFwAcABBg==&rs=AOn4CLBvOCQUO_286gHm5sOlEsP5xzZPjA,El Dios de los Autos,external-reference,embed_link_and_summarize_only
FpIfhsXXCB0,https://www.youtube.com/watch?v=FpIfhsXXCB0,Estoy con un Fiat que les va a gustar!!,783.0,,videos,https://i.ytimg.com/vi/FpIfhsXXCB0/hqdefault.jpg?sqp=-oaymwEcCNACELwBSFXyq4qpAw4IARUAAIhCGAFwAcABBg==&rs=AOn4CLBXNRffuaTa3wp17UHnWzshDOpeHg,El Dios de los Autos,external-reference,embed_link_and_summarize_only
ygMAxMl8aF8,https://www.youtube.com/watch?v=ygMAxMl8aF8,¡¡¡Primer vistazo al Volkswagen Virtus 2018!!!,389.0,,videos,https://i.ytimg.com/vi/ygMAxMl8aF8/hqdefault.jpg?sqp=-oaymwEcCNACELwBSFXyq4qpAw4IARUAAIhCGAFwAcABBg==&rs=AOn4CLDR959R8_5g7T6fkLmFWlA3R-JSXg,El Dios de los Autos,external-reference,embed_link_and_summarize_only
bU88lHiDOUc,https://www.youtube.com/watch?v=bU88lHiDOUc,¡¡¡MAXIMA VELOCIDAD EN UN KIA PICANTO!!! + SUBARU STI + UNA VUELTA AL TOYOTA COROLLA,916.0,,videos,https://i.ytimg.com/vi/bU88lHiDOUc/hqdefault.jpg?sqp=-oaymwEcCNACELwBSFXyq4qpAw4IARUAAIhCGAFwAcABBg==&rs=AOn4CLAzyuWM8BqNj-2MMuKVvUbt9bIqsA,El Dios de los Autos,external-reference,embed_link_and_summarize_only
2kesghl0z1Y,https://www.youtube.com/watch?v=2kesghl0z1Y,Premio: Seat Leon 0 km!!!!,268.0,,videos,https://i.ytimg.com/vi/2kesghl0z1Y/hqdefault.jpg?sqp=-oaymwEcCNACELwBSFXyq4qpAw4IARUAAIhCGAFwAcABBg==&rs=AOn4CLB_-PtdG3EHdwd_jmwQwXh_2RgM3Q,El Dios de los Autos,external-reference,embed_link_and_summarize_only
LgUZi7uiBW8,https://www.youtube.com/watch?v=LgUZi7uiBW8,5 IDIOTECES QUE NO DEBES COMPRAR A TU PRIMER AUTO,280.0,,videos,https://i.ytimg.com/vi/LgUZi7uiBW8/hqdefault.jpg?sqp=-oaymwEcCNACELwBSFXyq4qpAw4IARUAAIhCGAFwAcABBg==&rs=AOn4CLCWStrzx6q4nuTsFeb8xjkpMUha0A,El Dios de los Autos,external-reference,embed_link_and_summarize_only
dB4rAhyYnu8,https://www.youtube.com/watch?v=dB4rAhyYnu8,¡¡¡F-150 V6 TURBO!!! ¿COMO IMPORTAR UN AUTO DE ESTADOS UNIDOS??,737.0,,videos,https://i.ytimg.com/vi/dB4rAhyYnu8/hqdefault.jpg?sqp=-oaymwEcCNACELwBSFXyq4qpAw4IARUAAIhCGAFwAcABBg==&rs=AOn4CLDdYSXuow5xv-0AzEdsCWr94WsplQ,El Dios de los Autos,external-reference,embed_link_and_summarize_only
S9ReOj1_NsY,https://www.youtube.com/watch?v=S9ReOj1_NsY,KIA Picanto Cross/ Morning X-Line | PEQUEÑO HDP!!!,548.0,,videos,https://i.ytimg.com/vi/S9ReOj1_NsY/hqdefault.jpg?sqp=-oaymwEcCNACELwBSFXyq4qpAw4IARUAAIhCGAFwAcABBg==&rs=AOn4CLDRYseo1Vu8jeyWm4cOmCne4UO1zg,El Dios de los Autos,external-reference,embed_link_and_summarize_only
STn1vhTDnwY,https://www.youtube.com/watch?v=STn1vhTDnwY,¡¡¡ESTOY CON UN VOLVO DE 340 CABALLOS Y POLESTAR!!!,442.0,,videos,https://i.ytimg.com/vi/STn1vhTDnwY/hqdefault.jpg?sqp=-oaymwEcCNACELwBSFXyq4qpAw4IARUAAIhCGAFwAcABBg==&rs=AOn4CLCVKQaVJw430RUwsrCM6J2QEPuOKw,El Dios de los Autos,external-reference,embed_link_and_summarize_only
jSD9hPPynRI,https://www.youtube.com/watch?v=jSD9hPPynRI,LA HISTORIA DEL MITSUBISHI LANCER EVOLUTION,290.0,,videos,https://i.ytimg.com/vi/jSD9hPPynRI/hqdefault.jpg?sqp=-oaymwEcCNACELwBSFXyq4qpAw4IARUAAIhCGAFwAcABBg==&rs=AOn4CLBQ-RJYVyPqLwY13BbHtTkMrLrD2w,El Dios de los Autos,external-reference,embed_link_and_summarize_only
Wen7HRd9jGA,https://www.youtube.com/watch?v=Wen7HRd9jGA,BMW X5 | ¡¡¡LA MEJOR SUV DEL MUNDO!!!,413.0,,videos,https://i.ytimg.com/vi/Wen7HRd9jGA/hqdefault.jpg?sqp=-oaymwEcCNACELwBSFXyq4qpAw4IARUAAIhCGAFwAcABBg==&rs=AOn4CLA3P2m3_xziQVhR88sXnc-RYSyMCA,El Dios de los Autos,external-reference,embed_link_and_summarize_only
Oy5HUS9xEkE,https://www.youtube.com/watch?v=Oy5HUS9xEkE,LANCIA STRATOS - EL RETORNO DE UNA LEYENDA,79.0,,videos,https://i.ytimg.com/vi/Oy5HUS9xEkE/hqdefault.jpg?sqp=-oaymwEcCNACELwBSFXyq4qpAw4IARUAAIhCGAFwAcABBg==&rs=AOn4CLAHgBL5bROrETl7UgWiUnA3i_SDCQ,El Dios de los Autos,external-reference,embed_link_and_summarize_only
TeKEx4lyn7c,https://www.youtube.com/watch?v=TeKEx4lyn7c,¡¡¡CHEVROLET CAMARO IMPORTADO DE ESTADOS UNIDOS!!!,600.0,,videos,https://i.ytimg.com/vi/TeKEx4lyn7c/hqdefault.jpg?sqp=-oaymwEcCNACELwBSFXyq4qpAw4IARUAAIhCGAFwAcABBg==&rs=AOn4CLACuvDP7o06TnOWyLNvOhPfUcirOQ,El Dios de los Autos,external-reference,embed_link_and_summarize_only
zgBwVGk0AZU,https://www.youtube.com/watch?v=zgBwVGk0AZU,5 AUTOS CON MÁS FANATIZADA (PARTE 2),260.0,,videos,https://i.ytimg.com/vi/zgBwVGk0AZU/hqdefault.jpg?sqp=-oaymwEcCNACELwBSFXyq4qpAw4IARUAAIhCGAFwAcABBg==&rs=AOn4CLCYpYYxtiAj0B7VFXqnmmpG0WBeEA,El Dios de los Autos,external-reference,embed_link_and_summarize_only
TGTJrJ1GOBo,https://www.youtube.com/watch?v=TGTJrJ1GOBo,5 AUTOS CON MÁS FANATICADA,207.0,,videos,https://i.ytimg.com/vi/TGTJrJ1GOBo/hqdefault.jpg?sqp=-oaymwEcCNACELwBSFXyq4qpAw4IARUAAIhCGAFwAcABBg==&rs=AOn4CLCO8oUgYozkiXcSWqjWR6sUEhJylA,El Dios de los Autos,external-reference,embed_link_and_summarize_only
rXgMrhDH_LA,https://www.youtube.com/watch?v=rXgMrhDH_LA,Volkswagen Golf GTI MK7 | Si NO lo amas eres un IDIOTA,856.0,,videos,https://i.ytimg.com/vi/rXgMrhDH_LA/hqdefault.jpg?sqp=-oaymwEcCNACELwBSFXyq4qpAw4IARUAAIhCGAFwAcABBg==&rs=AOn4CLAed2jzz_36NxCQIANnm27t3LSK4g,El Dios de los Autos,external-reference,embed_link_and_summarize_only
JReMZDtGWVU,https://www.youtube.com/watch?v=JReMZDtGWVU,Honda WR-V | ¡¡¡LICUADORA VTEC!!!,610.0,,videos,https://i.ytimg.com/vi/JReMZDtGWVU/hqdefault.jpg?sqp=-oaymwEcCNACELwBSFXyq4qpAw4IARUAAIhCGAFwAcABBg==&rs=AOn4CLBJfyk5CFWi2YsdlyURPCRAeIMrkg,El Dios de los Autos,external-reference,embed_link_and_summarize_only
FxU46IjAYaM,https://www.youtube.com/watch?v=FxU46IjAYaM,5 AUTOS DESCONTINUADOS QUE QUEREMOS DE VUELTA,268.0,,videos,https://i.ytimg.com/vi/FxU46IjAYaM/hqdefault.jpg?sqp=-oaymwEcCNACELwBSFXyq4qpAw4IARUAAIhCGAFwAcABBg==&rs=AOn4CLBTfjMIy0C9idkubudcO4kIVb_nLA,El Dios de los Autos,external-reference,embed_link_and_summarize_only
leiRMv28VF0,https://www.youtube.com/watch?v=leiRMv28VF0,LA HISTORIA DEL TOYOTA SUPRA,209.0,,videos,https://i.ytimg.com/vi/leiRMv28VF0/hqdefault.jpg?sqp=-oaymwEcCNACELwBSFXyq4qpAw4IARUAAIhCGAFwAcABBg==&rs=AOn4CLAi3sN-S40ieUHnFB1Wvrwe7wsdmA,El Dios de los Autos,external-reference,embed_link_and_summarize_only
kR114yQ_ceI,https://www.youtube.com/watch?v=kR114yQ_ceI,Maneje el Kia Stinger GT 2018!!!,515.0,,videos,https://i.ytimg.com/vi/kR114yQ_ceI/hqdefault.jpg?sqp=-oaymwE2CNACELwBSFXyq4qpAygIARUAAIhCGAFwAcABBvABAfgB_gmAAtAFigIMCAAQARhlIGUoZTAP&rs=AOn4CLA4UH6OGvxndA9QxoB2wWkLGXI6bw,El Dios de los Autos,external-reference,embed_link_and_summarize_only
fSyicMe8vhA,https://www.youtube.com/watch?v=fSyicMe8vhA,5 ediciones especiales realmente estupidas,220.0,,videos,https://i.ytimg.com/vi/fSyicMe8vhA/hqdefault.jpg?sqp=-oaymwEcCNACELwBSFXyq4qpAw4IARUAAIhCGAFwAcABBg==&rs=AOn4CLCOiPeCL8IEi2rtPYpJ5_B3ackRmw,El Dios de los Autos,external-reference,embed_link_and_summarize_only
sxbYRYkLDA4,https://www.youtube.com/watch?v=sxbYRYkLDA4,Jeep Compass 2018 | Múltiples capacidades.,672.0,,videos,https://i.ytimg.com/vi/sxbYRYkLDA4/hqdefault.jpg?sqp=-oaymwEcCNACELwBSFXyq4qpAw4IARUAAIhCGAFwAcABBg==&rs=AOn4CLB50KlYNMXvkE_-B1azLyHFxN9fcA,El Dios de los Autos,external-reference,embed_link_and_summarize_only
b4I-JIbcMV0,https://www.youtube.com/watch?v=b4I-JIbcMV0,NISSAN GT-R | Todo lo que debes saber.,90.0,,videos,https://i.ytimg.com/vi/b4I-JIbcMV0/hqdefault.jpg?sqp=-oaymwEcCNACELwBSFXyq4qpAw4IARUAAIhCGAFwAcABBg==&rs=AOn4CLAYfM2yn-s7nB0LWiwWhmWIuRtoog,El Dios de los Autos,external-reference,embed_link_and_summarize_only
xosICChibXw,https://www.youtube.com/watch?v=xosICChibXw,¿Importar autos de USA? ¿Vale la pena?,372.0,,videos,https://i.ytimg.com/vi/xosICChibXw/hqdefault.jpg?sqp=-oaymwEcCNACELwBSFXyq4qpAw4IARUAAIhCGAFwAcABBg==&rs=AOn4CLCyhP0qkcncKSiuCKGfSieB2UzxfQ,El Dios de los Autos,external-reference,embed_link_and_summarize_only
2djkHhrL160,https://www.youtube.com/watch?v=2djkHhrL160,"HONDA RIDGELINE 2018 | Grande, potente, MACHO.",675.0,,videos,https://i.ytimg.com/vi/2djkHhrL160/hqdefault.jpg?sqp=-oaymwEcCNACELwBSFXyq4qpAw4IARUAAIhCGAFwAcABBg==&rs=AOn4CLBdpjl1W4_GuxuX7WBpWOprrVeEFA,El Dios de los Autos,external-reference,embed_link_and_summarize_only
wCCkiZnQBSc,https://www.youtube.com/watch?v=wCCkiZnQBSc,VOLKSWAGEN TIGUAN ALLSPACE 2018 | Divertida como un GTI,804.0,,videos,https://i.ytimg.com/vi/wCCkiZnQBSc/hqdefault.jpg?sqp=-oaymwEcCNACELwBSFXyq4qpAw4IARUAAIhCGAFwAcABBg==&rs=AOn4CLDlXmLbI96xGqxBGNDcvi48j_8jDA,El Dios de los Autos,external-reference,embed_link_and_summarize_only
2bIE81O1enc,https://www.youtube.com/watch?v=2bIE81O1enc,5 MEJORES MODIFICACIONES INICIALES,307.0,,videos,https://i.ytimg.com/vi/2bIE81O1enc/hqdefault.jpg?sqp=-oaymwEcCNACELwBSFXyq4qpAw4IARUAAIhCGAFwAcABBg==&rs=AOn4CLBSFxwSEBRx4Cr7E_PXsNdVBBcv6g,El Dios de los Autos,external-reference,embed_link_and_summarize_only
CJUE48Mo0X8,https://www.youtube.com/watch?v=CJUE48Mo0X8,HONDA CIVIC SI 1.5 TURBO TEST DRIVE,501.0,,videos,https://i.ytimg.com/vi/CJUE48Mo0X8/hqdefault.jpg?sqp=-oaymwEcCNACELwBSFXyq4qpAw4IARUAAIhCGAFwAcABBg==&rs=AOn4CLBR1V_o0xHnxOrNmG4McWCBo490YQ,El Dios de los Autos,external-reference,embed_link_and_summarize_only
BxZ8033jRiQ,https://www.youtube.com/watch?v=BxZ8033jRiQ,5 MODIFICACIONES QUE NO SIRVEN PARA NADA,227.0,,videos,https://i.ytimg.com/vi/BxZ8033jRiQ/hqdefault.jpg?sqp=-oaymwEcCNACELwBSFXyq4qpAw4IARUAAIhCGAFwAcABBg==&rs=AOn4CLAgPlcxZA9BJ4DWyPh9e44FpVoykw,El Dios de los Autos,external-reference,embed_link_and_summarize_only
_1wQxi75xlU,https://www.youtube.com/watch?v=_1wQxi75xlU,BMW 118i Millennial - ¿UN VERDADERO BMW?,532.0,,videos,https://i.ytimg.com/vi/_1wQxi75xlU/hqdefault.jpg?sqp=-oaymwEcCNACELwBSFXyq4qpAw4IARUAAIhCGAFwAcABBg==&rs=AOn4CLD2bJfebgCWA4oS7kwRUPGASafV9A,El Dios de los Autos,external-reference,embed_link_and_summarize_only
bZfLCK8uuNc,https://www.youtube.com/watch?v=bZfLCK8uuNc,5 AUTOS MÁS ESPERADOS DEL 2018,295.0,,videos,https://i.ytimg.com/vi/bZfLCK8uuNc/hqdefault.jpg?sqp=-oaymwEcCNACELwBSFXyq4qpAw4IARUAAIhCGAFwAcABBg==&rs=AOn4CLDSRBEeKavlQ1HLh1M91Bh2tmWW1A,El Dios de los Autos,external-reference,embed_link_and_summarize_only
wA6aO7nXBzs,https://www.youtube.com/watch?v=wA6aO7nXBzs,10 AUTOS MUERTOS EN 2017,172.0,,videos,https://i.ytimg.com/vi/wA6aO7nXBzs/hqdefault.jpg?sqp=-oaymwEcCNACELwBSFXyq4qpAw4IARUAAIhCGAFwAcABBg==&rs=AOn4CLAMb9y9nA2sUWa0b_leRl5MeDbv1Q,El Dios de los Autos,external-reference,embed_link_and_summarize_only
H-7_zit9QQY,https://www.youtube.com/watch?v=H-7_zit9QQY,8 PEORES AUTOS DEL 2017,361.0,,videos,https://i.ytimg.com/vi/H-7_zit9QQY/hqdefault.jpg?sqp=-oaymwEcCNACELwBSFXyq4qpAw4IARUAAIhCGAFwAcABBg==&rs=AOn4CLDMyiuzslhhbjFClVwbpXZ5ZvKx8w,El Dios de los Autos,external-reference,embed_link_and_summarize_only
R3LbGGmMp1c,https://www.youtube.com/watch?v=R3LbGGmMp1c,5 Mejores deportivos SIN TURBO,252.0,,videos,https://i.ytimg.com/vi/R3LbGGmMp1c/hqdefault.jpg?sqp=-oaymwEcCNACELwBSFXyq4qpAw4IARUAAIhCGAFwAcABBg==&rs=AOn4CLAxsAutCk4hJ9bihhXoktinEVPQcg,El Dios de los Autos,external-reference,embed_link_and_summarize_only
29pJ870OXEk,https://www.youtube.com/watch?v=29pJ870OXEk,Mejores motores 4 cilindros,202.0,,videos,https://i.ytimg.com/vi/29pJ870OXEk/hqdefault.jpg?sqp=-oaymwEcCNACELwBSFXyq4qpAw4IARUAAIhCGAFwAcABBg==&rs=AOn4CLDdklc-hqKCqwjXrkRvQV3SoHODBQ,El Dios de los Autos,external-reference,embed_link_and_summarize_only
L8lSepx_Fu8,https://www.youtube.com/watch?v=L8lSepx_Fu8,5 Autos lentos que parecen rápidos,236.0,,videos,https://i.ytimg.com/vi/L8lSepx_Fu8/hqdefault.jpg?sqp=-oaymwEcCNACELwBSFXyq4qpAw4IARUAAIhCGAFwAcABBg==&rs=AOn4CLBN83bIgBqpevhPtOOWJeQvRqKfTg,El Dios de los Autos,external-reference,embed_link_and_summarize_only
JbbkGCWPqXI,https://www.youtube.com/watch?v=JbbkGCWPqXI,Los  5+ | 5 SUV s + seguras del mercado,68.0,,videos,https://i.ytimg.com/vi/JbbkGCWPqXI/hqdefault.jpg?sqp=-oaymwEcCNACELwBSFXyq4qpAw4IARUAAIhCGAFwAcABBg==&rs=AOn4CLDfQwBQFMploVrh-j9IBYXQo1S5qg,El Dios de los Autos,external-reference,embed_link_and_summarize_only
tm-JJCUe6Xo,https://www.youtube.com/watch?v=tm-JJCUe6Xo,5 autos baratos más rápidos del mercado.,58.0,,videos,https://i.ytimg.com/vi/tm-JJCUe6Xo/hqdefault.jpg?sqp=-oaymwEcCNACELwBSFXyq4qpAw4IARUAAIhCGAFwAcABBg==&rs=AOn4CLDElp2pKDiIKxEoeMxdthaSvLTPow,El Dios de los Autos,external-reference,embed_link_and_summarize_only
BCisyGGHEE8,https://www.youtube.com/watch?v=BCisyGGHEE8,Chevrolet Cruze tuning reprogramado con Dimotion,172.0,,videos,https://i.ytimg.com/vi/BCisyGGHEE8/hqdefault.jpg?sqp=-oaymwEcCNACELwBSFXyq4qpAw4IARUAAIhCGAFwAcABBg==&rs=AOn4CLBzj0hkYhSamgZIEMAhtTvbKDs_JA,El Dios de los Autos,external-reference,embed_link_and_summarize_only
SKCo0jAtKMg,https://www.youtube.com/watch?v=SKCo0jAtKMg,BMW 530i: ¿Sedan de lujo o deportivo sin control?,546.0,,videos,https://i.ytimg.com/vi/SKCo0jAtKMg/hqdefault.jpg?sqp=-oaymwEcCNACELwBSFXyq4qpAw4IARUAAIhCGAFwAcABBg==&rs=AOn4CLAuddOoMIM3aPA-ntBx_w8ADLa9OA,El Dios de los Autos,external-reference,embed_link_and_summarize_only
9Yye7ldCvcA,https://www.youtube.com/watch?v=9Yye7ldCvcA,Noticias DDLA 19/06/2017,471.0,,videos,https://i.ytimg.com/vi/9Yye7ldCvcA/hqdefault.jpg?sqp=-oaymwEcCNACELwBSFXyq4qpAw4IARUAAIhCGAFwAcABBg==&rs=AOn4CLBIS6xtRbo3L7JYliYveRjo7SmktA,El Dios de los Autos,external-reference,embed_link_and_summarize_only
73d8JeCZa2c,https://www.youtube.com/watch?v=73d8JeCZa2c,Noticias DDLA 12/06/2017,531.0,,videos,https://i.ytimg.com/vi/73d8JeCZa2c/hqdefault.jpg?sqp=-oaymwEcCNACELwBSFXyq4qpAw4IARUAAIhCGAFwAcABBg==&rs=AOn4CLDnVrSBpYtcYnLYJIwaa2S4i1nLcQ,El Dios de los Autos,external-reference,embed_link_and_summarize_only
HSq9GwzVaBo,https://www.youtube.com/watch?v=HSq9GwzVaBo,Noticias DDLA 6/06/2017,347.0,,videos,https://i.ytimg.com/vi/HSq9GwzVaBo/hqdefault.jpg?sqp=-oaymwEcCNACELwBSFXyq4qpAw4IARUAAIhCGAFwAcABBg==&rs=AOn4CLD7c5_Ujl9puy1c_bdqYnvNLgl0pw,El Dios de los Autos,external-reference,embed_link_and_summarize_only
WpxDb0h_7Ls,https://www.youtube.com/watch?v=WpxDb0h_7Ls,Test Drive Live: Ford Focus ST,740.0,,videos,https://i.ytimg.com/vi/WpxDb0h_7Ls/hqdefault.jpg?sqp=-oaymwEcCNACELwBSFXyq4qpAw4IARUAAIhCGAFwAcABBg==&rs=AOn4CLD1R8Uc3Hi7FX2_HYojaevSQ2GlEg,El Dios de los Autos,external-reference,embed_link_and_summarize_only
WaAC-3umaJY,https://www.youtube.com/watch?v=WaAC-3umaJY,Test Drive: Honda CR-V Turbo 2017,343.0,,videos,https://i.ytimg.com/vi/WaAC-3umaJY/hqdefault.jpg?sqp=-oaymwEcCNACELwBSFXyq4qpAw4IARUAAIhCGAFwAcABBg==&rs=AOn4CLC2zpvfYQWczEeTEnUiG7cKBwPU-Q,El Dios de los Autos,external-reference,embed_link_and_summarize_only
uCEhPYdp_TU,https://www.youtube.com/watch?v=uCEhPYdp_TU,Test Drive Live: Hyundai I10 Turbo,2718.0,,videos,https://i.ytimg.com/vi/uCEhPYdp_TU/hqdefault.jpg?sqp=-oaymwEcCNACELwBSFXyq4qpAw4IARUAAIhCGAFwAcABBg==&rs=AOn4CLDHPaq0wpqh_Zoejw7lYnkQP06Vug,El Dios de los Autos,external-reference,embed_link_and_summarize_only
1b7-wJ6Mc0I,https://www.youtube.com/watch?v=1b7-wJ6Mc0I,AutOpinion: Hyundai Creta.,180.0,,videos,https://i.ytimg.com/vi/1b7-wJ6Mc0I/hqdefault.jpg?sqp=-oaymwEcCNACELwBSFXyq4qpAw4IARUAAIhCGAFwAcABBg==&rs=AOn4CLD2K1pbll4uEyolWL2I06GETC2clA,El Dios de los Autos,external-reference,embed_link_and_summarize_only
9MXVVLfcikw,https://www.youtube.com/watch?v=9MXVVLfcikw,AutOpinion: Mazda 3.,271.0,,videos,https://i.ytimg.com/vi/9MXVVLfcikw/hqdefault.jpg?sqp=-oaymwEcCNACELwBSFXyq4qpAw4IARUAAIhCGAFwAcABBg==&rs=AOn4CLC0zkZIR0FULOVSvipIjx2LYAtZJg,El Dios de los Autos,external-reference,embed_link_and_summarize_only
n7UGQic51hQ,https://www.youtube.com/watch?v=n7UGQic51hQ,Test Drive: FAW R7,643.0,,videos,https://i.ytimg.com/vi/n7UGQic51hQ/hqdefault.jpg?sqp=-oaymwEcCNACELwBSFXyq4qpAw4IARUAAIhCGAFwAcABBg==&rs=AOn4CLAN_S3bpBVL4YLAJmoz5UOPUxbfiw,El Dios de los Autos,external-reference,embed_link_and_summarize_only
18GYb1kQqpg,https://www.youtube.com/watch?v=18GYb1kQqpg,AutOpinion: Toyota Corolla.,185.0,,videos,https://i.ytimg.com/vi/18GYb1kQqpg/hqdefault.jpg?sqp=-oaymwEcCNACELwBSFXyq4qpAw4IARUAAIhCGAFwAcABBg==&rs=AOn4CLAkrk3vTci30Sk1ijN5YiHWgKKmgA,El Dios de los Autos,external-reference,embed_link_and_summarize_only
qooSq73JhtY,https://www.youtube.com/watch?v=qooSq73JhtY,AutOpinion: Nissan Kicks,263.0,,videos,https://i.ytimg.com/vi/qooSq73JhtY/hqdefault.jpg?sqp=-oaymwEcCNACELwBSFXyq4qpAw4IARUAAIhCGAFwAcABBg==&rs=AOn4CLBSGg4EoxVEtZlUc0YJWFsz16Ge7A,El Dios de los Autos,external-reference,embed_link_and_summarize_only
LsvrpPcH1Xc,https://www.youtube.com/watch?v=LsvrpPcH1Xc,Hyundai Elantra Turbo,482.0,,videos,https://i.ytimg.com/vi/LsvrpPcH1Xc/hqdefault.jpg?sqp=-oaymwEcCNACELwBSFXyq4qpAw4IARUAAIhCGAFwAcABBg==&rs=AOn4CLBaA4eAAcfoBEpeQf8NGqwQNbEO-w,El Dios de los Autos,external-reference,embed_link_and_summarize_only
JRGOXcSqjTY,https://www.youtube.com/watch?v=JRGOXcSqjTY,Prueba de manejo: Chevrolet Camaro RS,351.0,,videos,https://i.ytimg.com/vi/JRGOXcSqjTY/hqdefault.jpg?sqp=-oaymwEcCNACELwBSFXyq4qpAw4IARUAAIhCGAFwAcABBg==&rs=AOn4CLAF_m8XxNS9WT8SKbHTevaWOQ6ZHA,El Dios de los Autos,external-reference,embed_link_and_summarize_only
i4B8sCYpnQI,https://www.youtube.com/watch?v=i4B8sCYpnQI,Primer #DDLA Car Meet,292.0,,videos,https://i.ytimg.com/vi/i4B8sCYpnQI/hqdefault.jpg?sqp=-oaymwEcCNACELwBSFXyq4qpAw4IARUAAIhCGAFwAcABBg==&rs=AOn4CLAo1v9GUy9xNIEzqHHRTctfHeKNGQ,El Dios de los Autos,external-reference,embed_link_and_summarize_only
NdhciZTmHU0,https://www.youtube.com/watch?v=NdhciZTmHU0,Prueba de manejo: MAZDA 3 VS. KIA KOUP,906.0,,videos,https://i.ytimg.com/vi/NdhciZTmHU0/hqdefault.jpg?sqp=-oaymwEcCNACELwBSFXyq4qpAw4IARUAAIhCGAFwAcABBg==&rs=AOn4CLCtcE20C1lBRIrcaPrft5u6zSkMpA,El Dios de los Autos,external-reference,embed_link_and_summarize_only
ngCTTrfC4G0,https://www.youtube.com/watch?v=ngCTTrfC4G0,DDLA en VIVO: Dodge Challenger SRT8,312.0,,videos,https://i.ytimg.com/vi/ngCTTrfC4G0/hqdefault.jpg?sqp=-oaymwEcCNACELwBSFXyq4qpAw4IARUAAIhCGAFwAcABBg==&rs=AOn4CLDbXWQbnTufX6EgNX-z_Diw4Arc_Q,El Dios de los Autos,external-reference,embed_link_and_summarize_only
thDlRgafy0s,https://www.youtube.com/watch?v=thDlRgafy0s,DDLA en VIVO: Chevrolet Camaro RS,503.0,,videos,https://i.ytimg.com/vi/thDlRgafy0s/hqdefault.jpg?sqp=-oaymwEcCNACELwBSFXyq4qpAw4IARUAAIhCGAFwAcABBg==&rs=AOn4CLA1wN8f0VsAAFZ6nHzq0EzymvSTDg,El Dios de los Autos,external-reference,embed_link_and_summarize_only
jgsEA5SmUR0,https://www.youtube.com/watch?v=jgsEA5SmUR0,DODGE CHALLENGER HELLCAT VS. AUDI R8 V10!!!!,1140.0,,videos,https://i.ytimg.com/vi/jgsEA5SmUR0/hqdefault.jpg?sqp=-oaymwEcCNACELwBSFXyq4qpAw4IARUAAIhCGAFwAcABBg==&rs=AOn4CLAJC5F5gBwyIaCQJUgheRtqUvnPVw,El Dios de los Autos,external-reference,embed_link_and_summarize_only
Y5m4GqnzhB8,https://www.youtube.com/watch?v=Y5m4GqnzhB8,Dando una vuelta en un Dodge Challenger Hellcat!!!,955.0,,videos,https://i.ytimg.com/vi/Y5m4GqnzhB8/hqdefault.jpg?sqp=-oaymwEcCNACELwBSFXyq4qpAw4IARUAAIhCGAFwAcABBg==&rs=AOn4CLCNUjEJirsB1bHDAsba39qdOacaQg,El Dios de los Autos,external-reference,embed_link_and_summarize_only
rpwGpUwgau8,https://www.youtube.com/watch?v=rpwGpUwgau8,Todo sobre GLP y GNV con Iza Motors.,553.0,,videos,https://i.ytimg.com/vi/rpwGpUwgau8/hqdefault.jpg?sqp=-oaymwEcCNACELwBSFXyq4qpAw4IARUAAIhCGAFwAcABBg==&rs=AOn4CLBQ-w1j7c85g6eo4HJ3rd6JwLaBgA,El Dios de los Autos,external-reference,embed_link_and_summarize_only
NcHSiZJa-xs,https://www.youtube.com/watch?v=NcHSiZJa-xs,BMW Driving Challenge,471.0,,videos,https://i.ytimg.com/vi/NcHSiZJa-xs/hqdefault.jpg?sqp=-oaymwEcCNACELwBSFXyq4qpAw4IARUAAIhCGAFwAcABBg==&rs=AOn4CLDLhpgrZtQKBGERl10nTb5_i4c3jA,El Dios de los Autos,external-reference,embed_link_and_summarize_only
D4aGkrKSc-U,https://www.youtube.com/watch?v=D4aGkrKSc-U,Prueba de manejo: Honda Civic Turbo,803.0,,videos,https://i.ytimg.com/vi/D4aGkrKSc-U/hqdefault.jpg?sqp=-oaymwEcCNACELwBSFXyq4qpAw4IARUAAIhCGAFwAcABBg==&rs=AOn4CLBDYQTwfjeup34uIlDX2TMH4Ar5IA,El Dios de los Autos,external-reference,embed_link_and_summarize_only
B9qcLI5XCi8,https://www.youtube.com/watch?v=B9qcLI5XCi8,El rugir de España (Parte 2),760.0,,videos,https://i.ytimg.com/vi/B9qcLI5XCi8/hqdefault.jpg?sqp=-oaymwEcCNACELwBSFXyq4qpAw4IARUAAIhCGAFwAcABBg==&rs=AOn4CLCBCk-DGXikVH4uqnfAY76QOsW4dQ,El Dios de los Autos,external-reference,embed_link_and_summarize_only
4_gJfxQO-LE,https://www.youtube.com/watch?v=4_gJfxQO-LE,El rugir de España (parte 1),879.0,,videos,https://i.ytimg.com/vi/4_gJfxQO-LE/hqdefault.jpg?sqp=-oaymwEcCNACELwBSFXyq4qpAw4IARUAAIhCGAFwAcABBg==&rs=AOn4CLBncPuCVWRxCz6ziTiGQ3h2-wpFPg,El Dios de los Autos,external-reference,embed_link_and_summarize_only
14JNUAOcA7Y,https://www.youtube.com/watch?v=14JNUAOcA7Y,"TUNING, CAR AUDIO Y YARIS",718.0,,videos,https://i.ytimg.com/vi/14JNUAOcA7Y/hqdefault.jpg?sqp=-oaymwEcCNACELwBSFXyq4qpAw4IARUAAIhCGAFwAcABBg==&rs=AOn4CLB7CNLMc9-km7YDGlUpij-aAUvtcw,El Dios de los Autos,external-reference,embed_link_and_summarize_only
B0H4nPJCJRA,https://www.youtube.com/watch?v=B0H4nPJCJRA,Test Drive: Subaru Outback,535.0,,videos,https://i.ytimg.com/vi/B0H4nPJCJRA/hqdefault.jpg?sqp=-oaymwEcCNACELwBSFXyq4qpAw4IARUAAIhCGAFwAcABBg==&rs=AOn4CLCIW6QlHRe-SqfwsIZV1f8jIZkSzw,El Dios de los Autos,external-reference,embed_link_and_summarize_only
cQlX6Axswpo,https://www.youtube.com/watch?v=cQlX6Axswpo,Modificaciones básicas DDLA,572.0,,videos,https://i.ytimg.com/vi/cQlX6Axswpo/hqdefault.jpg?sqp=-oaymwEcCNACELwBSFXyq4qpAw4IARUAAIhCGAFwAcABBg==&rs=AOn4CLBGpKPp2xpePDjUbyP8Eqs5xxb2Yg,El Dios de los Autos,external-reference,embed_link_and_summarize_only
xw6XUufNC-Q,https://www.youtube.com/watch?v=xw6XUufNC-Q,EL CLUB JETTA GOLF,708.0,,videos,https://i.ytimg.com/vi/xw6XUufNC-Q/hqdefault.jpg?sqp=-oaymwEcCNACELwBSFXyq4qpAw4IARUAAIhCGAFwAcABBg==&rs=AOn4CLAZ-qdAufNtcIgVftHgVeYz4Qmsxw,El Dios de los Autos,external-reference,embed_link_and_summarize_only
XJo8q2b3W1Y,https://www.youtube.com/watch?v=XJo8q2b3W1Y,Test Drive Honda Civic SI 2015,453.0,,videos,https://i.ytimg.com/vi/XJo8q2b3W1Y/hqdefault.jpg?sqp=-oaymwE2CNACELwBSFXyq4qpAygIARUAAIhCGAFwAcABBvABAfgB_gmAAtAFigIMCAAQARgqIFUocjAP&rs=AOn4CLB2ilLWPoUevNz-qd1a2OYHRjNyhQ,El Dios de los Autos,external-reference,embed_link_and_summarize_only
hHcPd0BoXQg,https://www.youtube.com/watch?v=hHcPd0BoXQg,Honda Car-Meet  (Epic Fail),470.0,,videos,https://i.ytimg.com/vi/hHcPd0BoXQg/hqdefault.jpg?sqp=-oaymwE2CNACELwBSFXyq4qpAygIARUAAIhCGAFwAcABBvABAfgB_gmAAtAFigIMCAAQARhSIFooZTAP&rs=AOn4CLAMH8Fuu0Yt_kHYKR8sBtQYq4-50A,El Dios de los Autos,external-reference,embed_link_and_summarize_only
RrqSdqXMcSA,https://www.youtube.com/shorts/RrqSdqXMcSA,TOYOTA ES TOYOTA⁉️ hablemos  sobre esto... #importante #toyota #autos #toyotaestoyota #peru,,,shorts,https://i.ytimg.com/vi/RrqSdqXMcSA/oardefault.jpg?sqp=-oaymwEgCJUDEOAESFWQAgHyq4qpAw8IARUAAIhCcAHAAQbIAQE=&rs=AOn4CLALYiZahkzvy-r_NFN2XeaGAXCX3A&usqp=CCk,El Dios de los Autos,external-reference,embed_link_and_summarize_only
Nk6cRUSwUKM,https://www.youtube.com/shorts/Nk6cRUSwUKM,"CARRO,CARRITO,CARRAZO: PRIMER AUTO ‼️🔥🔥🔥 #cars #peru #auto #info #primerauto",,,shorts,https://i.ytimg.com/vi/Nk6cRUSwUKM/oardefault.jpg?sqp=-oaymwEgCJUDEOAESFWQAgHyq4qpAw8IARUAAIhCcAHAAQbIAQE=&rs=AOn4CLAOqWwrrvNZEAGRrz9Fz7MWR2uweA&usqp=CCk,El Dios de los Autos,external-reference,embed_link_and_summarize_only
pXRZRDcEnlY,https://www.youtube.com/shorts/pXRZRDcEnlY,QUE SON LOS CROSSOBERS ⁉️😱 #suv #autos #cars #crossover #peru,,,shorts,https://i.ytimg.com/vi/pXRZRDcEnlY/oardefault.jpg?sqp=-oaymwEgCJUDEOAESFWQAgHyq4qpAw8IARUAAIhCcAHAAQbIAQE=&rs=AOn4CLAiV__IvhlJnh1MFBNz57gyZTnRKw&usqp=CCk,El Dios de los Autos,external-reference,embed_link_and_summarize_only
_FeGll0o8Wk,https://www.youtube.com/shorts/_FeGll0o8Wk,HYUNDAI ODIA LAS CAJAS MANUALES⁉️🔥🔥😡🔥🔥 #hyundai #toyota #autos #cajamanual #cajaautomatica,,,shorts,https://i.ytimg.com/vi/_FeGll0o8Wk/oar2.jpg?sqp=-oaymwEgCJUDEOAESFWQAgHyq4qpAw8IARUAAIhCcAHAAQbIAQE=&rs=AOn4CLCtGHJUIlPlpS4IYN-zZVYSJ4f80Q&usqp=CCk,El Dios de los Autos,external-reference,embed_link_and_summarize_only
vhrSVBtcvoY,https://www.youtube.com/shorts/vhrSVBtcvoY,Nissan JUKE????,,,shorts,https://i.ytimg.com/vi/vhrSVBtcvoY/oardefault.jpg?sqp=-oaymwEgCJUDEOAESFWQAgHyq4qpAw8IARUAAIhCcAHAAQbIAQE=&rs=AOn4CLDQ3mbkV7y7goKTg3V52eqFG6zsIQ&usqp=CCk,El Dios de los Autos,external-reference,embed_link_and_summarize_only
0Kk8MH3_WHY,https://www.youtube.com/shorts/0Kk8MH3_WHY,CHINA ESTA TEMBLANDO‼️ NACE NUEVO TINTAN AUTOMOTRIZ ⁉️⁉️ ADIVINA QUIEN ES 😱😱😱 #autos #china #fyp,,,shorts,https://i.ytimg.com/vi/0Kk8MH3_WHY/oardefault.jpg?sqp=-oaymwEgCJUDEOAESFWQAgHyq4qpAw8IARUAAIhCcAHAAQbIAQE=&rs=AOn4CLAAyMlhybE5PRQUqeK0iGqnLAy37g&usqp=CCk,El Dios de los Autos,external-reference,embed_link_and_summarize_only
v_BM57qF1vo,https://www.youtube.com/shorts/v_BM57qF1vo,😱😱😱😱😱😱,,,shorts,https://i.ytimg.com/vi/v_BM57qF1vo/oar2.jpg?sqp=-oaymwEgCJUDEOAESFWQAgHyq4qpAw8IARUAAIhCcAHAAQbIAQE=&rs=AOn4CLAMagFmBp8nphTlN_Uv1sMhonqaUw&usqp=CCk,El Dios de los Autos,external-reference,embed_link_and_summarize_only
lzxdEojgWMQ,https://www.youtube.com/shorts/lzxdEojgWMQ,QUE ES EL 4X2??? 😱😱😱🚨 Preguntas y Respuestas. #peru #cars #4x2 #4x4 #autos,,,shorts,https://i.ytimg.com/vi/lzxdEojgWMQ/oardefault.jpg?sqp=-oaymwEgCJUDEOAESFWQAgHyq4qpAw8IARUAAIhCcAHAAQbIAQE=&rs=AOn4CLAGZEH9nLNfuHlaMZoVvwoet-MeOw&usqp=CCk,El Dios de los Autos,external-reference,embed_link_and_summarize_only
yOhilCl3aNg,https://www.youtube.com/shorts/yOhilCl3aNg,ACEITE EN MOTORES  A GAS⁉️⁉️ @VISTONY Lubricantes  #aceite #mecanica  #taxi #gas,,,shorts,https://i.ytimg.com/vi/yOhilCl3aNg/oardefault.jpg?sqp=-oaymwEgCJUDEOAESFWQAgHyq4qpAw8IARUAAIhCcAHAAQbIAQE=&rs=AOn4CLD7pc2z6kTJzNhEDItARj7G5bdimw&usqp=CCk,El Dios de los Autos,external-reference,embed_link_and_summarize_only
QpOCkb4wzHw,https://www.youtube.com/shorts/QpOCkb4wzHw,¿Subaru Forester es el único 4x4? #subaru #4x4 #offroad #suv #peru,,,shorts,https://i.ytimg.com/vi/QpOCkb4wzHw/oardefault.jpg?sqp=-oaymwEgCJUDEOAESFWQAgHyq4qpAw8IARUAAIhCcAHAAQbIAQE=&rs=AOn4CLBblsBlnU4Vazd92gJErOMomBW5RQ&usqp=CCk,El Dios de los Autos,external-reference,embed_link_and_summarize_only
cc7EFzAr2EE,https://www.youtube.com/shorts/cc7EFzAr2EE,"CARRO, CARRITO Y CARRAZO!! EDICIÓN: AUTOS LEGENDARIOS‼️🔥🔥🔥 #toyota #nissan #autos",,,shorts,https://i.ytimg.com/vi/cc7EFzAr2EE/oar2.jpg?sqp=-oaymwEgCJUDEOAESFWQAgHyq4qpAw8IARUAAIhCcAHAAQbIAQE=&rs=AOn4CLC69HtUEYKU0BX6aftVvse0PBC5SA&usqp=CCk,El Dios de los Autos,external-reference,embed_link_and_summarize_only
JMCHDercGrc,https://www.youtube.com/shorts/JMCHDercGrc,"Así es, este 7 de mayo estén atentos porque se viene algo MUY INTERESANTE princesas 👀 #peru #auto",,,shorts,https://i.ytimg.com/vi/JMCHDercGrc/oardefault.jpg?sqp=-oaymwEgCJUDEOAESFWQAgHyq4qpAw8IARUAAIhCcAHAAQbIAQE=&rs=AOn4CLD3aunXz4tWDZ-RvuIdVXSoS5lwzA&usqp=CCk,El Dios de los Autos,external-reference,embed_link_and_summarize_only
AwonzOyFgrY,https://www.youtube.com/shorts/AwonzOyFgrY,COMPRAR AUTO PREMIUM USADO.#bmw #mercedes #audi #futbol #peru,,,shorts,https://i.ytimg.com/vi/AwonzOyFgrY/oardefault.jpg?sqp=-oaymwEgCJUDEOAESFWQAgHyq4qpAw8IARUAAIhCcAHAAQbIAQE=&rs=AOn4CLCr0099CMEQ-1jdF-mzuMcFJxETCg&usqp=CCk,El Dios de los Autos,external-reference,embed_link_and_summarize_only
T1zUUPQ1YIE,https://www.youtube.com/shorts/T1zUUPQ1YIE,TIENES UN AUTO A GAS O QUIERES COMPRAR UNO?pues mucho CUIDADO!presentado por @VISTONY Lubricantes,,,shorts,https://i.ytimg.com/vi/T1zUUPQ1YIE/oardefault.jpg?sqp=-oaymwEgCJUDEOAESFWQAgHyq4qpAw8IARUAAIhCcAHAAQbIAQE=&rs=AOn4CLDU11U3HAn2k9sM_lLf2OHvWfEznw&usqp=CCk,El Dios de los Autos,external-reference,embed_link_and_summarize_only
qn-F3xydkOc,https://www.youtube.com/shorts/qn-F3xydkOc,QUE ES LA AERODINÁMICA? #aerodinamica #rallycross #peru #cars #fyp,,,shorts,https://i.ytimg.com/vi/qn-F3xydkOc/oardefault.jpg?sqp=-oaymwEgCJUDEOAESFWQAgHyq4qpAw8IARUAAIhCcAHAAQbIAQE=&rs=AOn4CLDOZrKV_09itSrIBA2N1hiOFl3tCw&usqp=CCk,El Dios de los Autos,external-reference,embed_link_and_summarize_only
k8-LouKp4Ek,https://www.youtube.com/shorts/k8-LouKp4Ek,¡1000 km de Lima a las playas de Mancora a bordo de una Geely Okavango! #geely #peru #suv #offroad,,,shorts,https://i.ytimg.com/vi/k8-LouKp4Ek/oardefault.jpg?sqp=-oaymwEgCJUDEOAESFWQAgHyq4qpAw8IARUAAIhCcAHAAQbIAQE=&rs=AOn4CLA1sL6CW87dAVblyNYIefwYLcgm7w&usqp=CCk,El Dios de los Autos,external-reference,embed_link_and_summarize_only
D0mnV7IMZKg,https://www.youtube.com/shorts/D0mnV7IMZKg,¡1000 km de Lima a las playas de Mancora a bordo de una Geely Okavango! #geely #peru #suv #offroad,,,shorts,https://i.ytimg.com/vi/D0mnV7IMZKg/oardefault.jpg?sqp=-oaymwEgCJUDEOAESFWQAgHyq4qpAw8IARUAAIhCcAHAAQbIAQE=&rs=AOn4CLDc_20fbZqAknXL_kOSD8pgwwNUag&usqp=CCk,El Dios de los Autos,external-reference,embed_link_and_summarize_only
aGk2m2uQAro,https://www.youtube.com/shorts/aGk2m2uQAro,vive 1 día a la vez...,,,shorts,https://i.ytimg.com/vi/aGk2m2uQAro/oardefault.jpg?sqp=-oaymwEgCJUDEOAESFWQAgHyq4qpAw8IARUAAIhCcAHAAQbIAQE=&rs=AOn4CLBjMLUSxTDbpG_9qdd1pMKhcxhpUw&usqp=CCk,El Dios de los Autos,external-reference,embed_link_and_summarize_only
Wpye65ElnOk,https://www.youtube.com/shorts/Wpye65ElnOk,NUEVA CHERY TIGGO 8 CSH OPINION SINCERA (super Hibrido) ‼️ @Chery Perú  #CherySuperHibrido #CSH,,,shorts,https://i.ytimg.com/vi/Wpye65ElnOk/oardefault.jpg?sqp=-oaymwEgCJUDEOAESFWQAgHyq4qpAw8IARUAAIhCcAHAAQbIAQE=&rs=AOn4CLBeSmnYryRWfr6Lp22EFxW3SeojbA&usqp=CCk,El Dios de los Autos,external-reference,embed_link_and_summarize_only
JoCLPbzycM0,https://www.youtube.com/shorts/JoCLPbzycM0,SOLO NECESITA UN RETOQUE DE PINTURA 😜😜 #peru #camaro #chevrolet #siniestro #importaciones,,,shorts,https://i.ytimg.com/vi/JoCLPbzycM0/oar2.jpg?sqp=-oaymwEgCJUDEOAESFWQAgHyq4qpAw8IARUAAIhCcAHAAQbIAQE=&rs=AOn4CLAWEsP2WmOEzF42DBDBtGUm-KiiMQ&usqp=CCk,El Dios de los Autos,external-reference,embed_link_and_summarize_only
KkDnLQIPbBE,https://www.youtube.com/shorts/KkDnLQIPbBE,¡1000 km de Lima a las playas de Mancora a bordo de una Geely Okavango! #geely #peru #suv #offroad,,,shorts,https://i.ytimg.com/vi/KkDnLQIPbBE/oardefault.jpg?sqp=-oaymwEgCJUDEOAESFWQAgHyq4qpAw8IARUAAIhCcAHAAQbIAQE=&rs=AOn4CLC2ge5FgCSFQPTYGYKH3vEy-hHCRA&usqp=CCk,El Dios de los Autos,external-reference,embed_link_and_summarize_only
_Dt1OHfk918,https://www.youtube.com/shorts/_Dt1OHfk918,Enfrentamos cara a cara al JEEP GRAND CHEROKEE contra el DODGE DURANGO  #jeep #dodge #fyp  #4x4,,,shorts,https://i.ytimg.com/vi/_Dt1OHfk918/oardefault.jpg?sqp=-oaymwEgCJUDEOAESFWQAgHyq4qpAw8IARUAAIhCcAHAAQbIAQE=&rs=AOn4CLBsYEcrWxIszTHs9LHZjUHytyI5YQ&usqp=CCk,El Dios de los Autos,external-reference,embed_link_and_summarize_only
2_kKz1JaRTg,https://www.youtube.com/shorts/2_kKz1JaRTg,Momento destacado de transmisión en vivo,,,shorts,https://i.ytimg.com/vi/2_kKz1JaRTg/oar2.jpg?sqp=-oaymwEgCJUDEOAESFWQAgHyq4qpAw8IARUAAIhCcAHAAQbIAQE=&rs=AOn4CLC8brsdobjYyPSdolXjVtszjXZLrg&usqp=CCk,El Dios de los Autos,external-reference,embed_link_and_summarize_only
oCKgiuR1YS4,https://www.youtube.com/shorts/oCKgiuR1YS4,5 autos MAGNÍFICOS  que nadie compra! #cars #auto #wolswagen #nissan #mazda #bmw,,,shorts,https://i.ytimg.com/vi/oCKgiuR1YS4/oardefault.jpg?sqp=-oaymwEgCJUDEOAESFWQAgHyq4qpAw8IARUAAIhCcAHAAQbIAQE=&rs=AOn4CLCS42noSByBXL4Q27mDSiQoRjV8KA&usqp=CCk,El Dios de los Autos,external-reference,embed_link_and_summarize_only
f8ljDZ0vtpg,https://www.youtube.com/shorts/f8ljDZ0vtpg,CONFIRMADO‼️‼️‼️,,,shorts,https://i.ytimg.com/vi/f8ljDZ0vtpg/oardefault.jpg?sqp=-oaymwEgCJUDEOAESFWQAgHyq4qpAw8IARUAAIhCcAHAAQbIAQE=&rs=AOn4CLCTPSRVnHycwljDpbzAe3i6kPNZmw&usqp=CCk,El Dios de los Autos,external-reference,embed_link_and_summarize_only
aAaiKm0nbBc,https://www.youtube.com/shorts/aAaiKm0nbBc,top 5autos que no compraría JAMAS!! #auto #cars ##fyp #cars #carshorts,,,shorts,https://i.ytimg.com/vi/aAaiKm0nbBc/oardefault.jpg?sqp=-oaymwEgCJUDEOAESFWQAgHyq4qpAw8IARUAAIhCcAHAAQbIAQE=&rs=AOn4CLC_hNiXVv6A1vqfxrfOvJsybD-Gpg&usqp=CCk,El Dios de los Autos,external-reference,embed_link_and_summarize_only
khfzOfgBtBI,https://www.youtube.com/shorts/khfzOfgBtBI,hace 20 años... #auto #cars #carshorts #fyp #seguridad,,,shorts,https://i.ytimg.com/vi/khfzOfgBtBI/oardefault.jpg?sqp=-oaymwEgCJUDEOAESFWQAgHyq4qpAw8IARUAAIhCcAHAAQbIAQE=&rs=AOn4CLCXKTaqEicxkPxmn0_3PwF03e1mAA&usqp=CCk,El Dios de los Autos,external-reference,embed_link_and_summarize_only
-kQSzzLoTII,https://www.youtube.com/shorts/-kQSzzLoTII,YA SABEN QUE ES??? 🤔 #peru #autos #suv #toyota #hyundai,,,shorts,https://i.ytimg.com/vi/-kQSzzLoTII/oardefault.jpg?sqp=-oaymwEgCJUDEOAESFWQAgHyq4qpAw8IARUAAIhCcAHAAQbIAQE=&rs=AOn4CLBDyh6ub7YKs-1qBZ9RhdJ6A5mXWA&usqp=CCk,El Dios de los Autos,external-reference,embed_link_and_summarize_only
jkxrDmxHgCY,https://www.youtube.com/shorts/jkxrDmxHgCY,IMPORTANTE!! #cars #AUTO #PERU #opinión,,,shorts,https://i.ytimg.com/vi/jkxrDmxHgCY/oar2.jpg?sqp=-oaymwEgCJUDEOAESFWQAgHyq4qpAw8IARUAAIhCcAHAAQbIAQE=&rs=AOn4CLAhA5XO2SONvQbi9M3IRHbscwXNEw&usqp=CCk,El Dios de los Autos,external-reference,embed_link_and_summarize_only
VHLvD3PsUoE,https://www.youtube.com/shorts/VHLvD3PsUoE,CUIDADO!! #cars #auto #cuidado #important #urgente,,,shorts,https://i.ytimg.com/vi/VHLvD3PsUoE/oardefault.jpg?sqp=-oaymwEgCJUDEOAESFWQAgHyq4qpAw8IARUAAIhCcAHAAQbIAQE=&rs=AOn4CLCxGJlWIID0wdvJ4S6Lj4_QxATuzw&usqp=CCk,El Dios de los Autos,external-reference,embed_link_and_summarize_only
ZcMvFcStc3Q,https://www.youtube.com/shorts/ZcMvFcStc3Q,ALGUNO DE USTEDES SABE QUE ES DUZKO⁉️⁉️🤔🤔 #peru #autos #suv #toyota #hyundai,,,shorts,https://i.ytimg.com/vi/ZcMvFcStc3Q/oardefault.jpg?sqp=-oaymwEgCJUDEOAESFWQAgHyq4qpAw8IARUAAIhCcAHAAQbIAQE=&rs=AOn4CLClQ8X1tYj-jWhbBDo3o00IHxP-Ww&usqp=CCk,El Dios de los Autos,external-reference,embed_link_and_summarize_only
vSItRSpqLJ4,https://www.youtube.com/shorts/vSItRSpqLJ4,😎😎😎😎 #cars #auto #toyota #peru #storytime,,,shorts,https://i.ytimg.com/vi/vSItRSpqLJ4/oardefault.jpg?sqp=-oaymwEgCJUDEOAESFWQAgHyq4qpAw8IARUAAIhCcAHAAQbIAQE=&rs=AOn4CLAEVsG0hJ5FfJkqScGx8fsvyW9PrQ&usqp=CCk,El Dios de los Autos,external-reference,embed_link_and_summarize_only
KVcnLOcBaJE,https://www.youtube.com/shorts/KVcnLOcBaJE,QUE NO TE SORPRENDAN!!!! #cars #auto #toyota #aceite #peru,,,shorts,https://i.ytimg.com/vi/KVcnLOcBaJE/oardefault.jpg?sqp=-oaymwEgCJUDEOAESFWQAgHyq4qpAw8IARUAAIhCcAHAAQbIAQE=&rs=AOn4CLBgCs14Y7xvnd14EN0_C3fZaVznnA&usqp=CCk,El Dios de los Autos,external-reference,embed_link_and_summarize_only
cE6GCkNdQZ8,https://www.youtube.com/shorts/cE6GCkNdQZ8,COMO RECONOCER UN ACEITE SINTÉTICO DE VERDAD! #hyundai  #aceite #peru #toyota  #kia,,,shorts,https://i.ytimg.com/vi/cE6GCkNdQZ8/oardefault.jpg?sqp=-oaymwEgCJUDEOAESFWQAgHyq4qpAw8IARUAAIhCcAHAAQbIAQE=&rs=AOn4CLB3BjChuYue91AzMpUn9ypsQdeo1A&usqp=CCk,El Dios de los Autos,external-reference,embed_link_and_summarize_only
j31Bkdr1RsM,https://www.youtube.com/shorts/j31Bkdr1RsM,A MAS CHIQUITO ELMOTOR ES MAS BAJO EL CONSUMO ⁉️⁉️⁉️⁉️😱 #auto #suzuki #hyundai #kia #toyota,,,shorts,https://i.ytimg.com/vi/j31Bkdr1RsM/oardefault.jpg?sqp=-oaymwEgCJUDEOAESFWQAgHyq4qpAw8IARUAAIhCcAHAAQbIAQE=&rs=AOn4CLDu9EPaUGC535B7TQzC9qPLN5crng&usqp=CCk,El Dios de los Autos,external-reference,embed_link_and_summarize_only
kh2Uyq6ovZU,https://www.youtube.com/shorts/kh2Uyq6ovZU,BMW OPINION SINCERA #BMW #mercedes #audi #luxurycar #luxurylifestyle,,,shorts,https://i.ytimg.com/vi/kh2Uyq6ovZU/oardefault.jpg?sqp=-oaymwEgCJUDEOAESFWQAgHyq4qpAw8IARUAAIhCcAHAAQbIAQE=&rs=AOn4CLDXrVYyIk_nmJJybE0WX-lzDRgQgw&usqp=CCk,El Dios de los Autos,external-reference,embed_link_and_summarize_only
SzitmZ7bT4w,https://www.youtube.com/shorts/SzitmZ7bT4w,"KIA , HYUNDAI  O SUZUKI⁉️⁉️😱 #kia #hyundai #suzuki #mazda #toyota",,,shorts,https://i.ytimg.com/vi/SzitmZ7bT4w/oardefault.jpg?sqp=-oaymwEgCJUDEOAESFWQAgHyq4qpAw8IARUAAIhCcAHAAQbIAQE=&rs=AOn4CLAxrXtUaJaQFDivbhbOS92tj3nctA&usqp=CCk,El Dios de los Autos,external-reference,embed_link_and_summarize_only
UhNWdQ3Ec6s,https://www.youtube.com/shorts/UhNWdQ3Ec6s,Vale la pena un Toyota HILUX? #toyota #hilux #pickup #4x4 #offroad,,,shorts,https://i.ytimg.com/vi/UhNWdQ3Ec6s/oardefault.jpg?sqp=-oaymwEgCJUDEOAESFWQAgHyq4qpAw8IARUAAIhCcAHAAQbIAQE=&rs=AOn4CLCApt44LlxJfLVihI4H8-uGu7LwRQ&usqp=CCk,El Dios de los Autos,external-reference,embed_link_and_summarize_only
09xqETk2Rpw,https://www.youtube.com/shorts/09xqETk2Rpw,"Auto de PILOTO, Auto PROMEDIO, Auto ABURRIDO‼️ #toyota #hyundai #kia #nissan #mazda",,,shorts,https://i.ytimg.com/vi/09xqETk2Rpw/oardefault.jpg?sqp=-oaymwEgCJUDEOAESFWQAgHyq4qpAw8IARUAAIhCcAHAAQbIAQE=&rs=AOn4CLBdRYDyz2HsTfYGdoCpe9d8eS2Abw&usqp=CCk,El Dios de los Autos,external-reference,embed_link_and_summarize_only
iCrj_-HRoA8,https://www.youtube.com/shorts/iCrj_-HRoA8,Cañitas y Fierrazos!!!  @LaRoroNetworkOficial  MARTES Y JUEVES 10 p.m. #suv   #offroad   #4x4,,,shorts,https://i.ytimg.com/vi/iCrj_-HRoA8/oar2.jpg?sqp=-oaymwEgCJUDEOAESFWQAgHyq4qpAw8IARUAAIhCcAHAAQbIAQE=&rs=AOn4CLBQ_iaLT4rsnrvnhpC-5eoDwFwrmA&usqp=CCk,El Dios de los Autos,external-reference,embed_link_and_summarize_only
01pZpIQI_qQ,https://www.youtube.com/shorts/01pZpIQI_qQ,Del 10 al 26 de abril no te pierdas la Gran Venta Expomotorperu ¡Ahí nos vemos!  #peru #venta #china,,,shorts,https://i.ytimg.com/vi/01pZpIQI_qQ/oardefault.jpg?sqp=-oaymwEgCJUDEOAESFWQAgHyq4qpAw8IARUAAIhCcAHAAQbIAQE=&rs=AOn4CLAUXkVw3T8bGV85M0oxkXdJTu63Yg&usqp=CCk,El Dios de los Autos,external-reference,embed_link_and_summarize_only
EPVa1NDyWes,https://www.youtube.com/shorts/EPVa1NDyWes,"CARRO,CARRITO, CARRAZO: MAZDA #coches #cars #mazda #japon #ventas",,,shorts,https://i.ytimg.com/vi/EPVa1NDyWes/oardefault.jpg?sqp=-oaymwEgCJUDEOAESFWQAgHyq4qpAw8IARUAAIhCcAHAAQbIAQE=&rs=AOn4CLCKTBvIhGcTGneW6kJKbn4EoghWjw&usqp=CCk,El Dios de los Autos,external-reference,embed_link_and_summarize_only
3HrZZj_c-5A,https://www.youtube.com/shorts/3HrZZj_c-5A,ARAÑAS EN TU AUTO??? 😱🔥#autos #cars #spider #cohes #mecanica,,,shorts,https://i.ytimg.com/vi/3HrZZj_c-5A/oardefault.jpg?sqp=-oaymwEgCJUDEOAESFWQAgHyq4qpAw8IARUAAIhCcAHAAQbIAQE=&rs=AOn4CLB0GI2nOrnpwcEXnLtqipOwI53j6w&usqp=CCk,El Dios de los Autos,external-reference,embed_link_and_summarize_only
MT4kfl0-G_A,https://www.youtube.com/shorts/MT4kfl0-G_A,TOYOTA ES TOYOTA??? #auto #cars #china #crisis #ventas,,,shorts,https://i.ytimg.com/vi/MT4kfl0-G_A/oardefault.jpg?sqp=-oaymwEgCJUDEOAESFWQAgHyq4qpAw8IARUAAIhCcAHAAQbIAQE=&rs=AOn4CLDzQ3qdov_SDvPHUWQ0jgpfHJjRmA&usqp=CCk,El Dios de los Autos,external-reference,embed_link_and_summarize_only
tg8m1AJfPfg,https://www.youtube.com/shorts/tg8m1AJfPfg,LO QUE SABEMOS DEL FINAL DE HONDA. #honda #toyota #4x4 #offroad #china,,,shorts,https://i.ytimg.com/vi/tg8m1AJfPfg/oar2.jpg?sqp=-oaymwEgCJUDEOAESFWQAgHyq4qpAw8IARUAAIhCcAHAAQbIAQE=&rs=AOn4CLCJGDFVNzqgLRcDfijyTdp1cVgq8w&usqp=CCk,El Dios de los Autos,external-reference,embed_link_and_summarize_only
D8kjeQe81v8,https://www.youtube.com/shorts/D8kjeQe81v8,TRUMP LO CAMBIA TODO!!! #medioambiente #cars #coches #autos,,,shorts,https://i.ytimg.com/vi/D8kjeQe81v8/oar2.jpg?sqp=-oaymwEgCJUDEOAESFWQAgHyq4qpAw8IARUAAIhCcAHAAQbIAQE=&rs=AOn4CLA5HBCGHXwkPm_l9rYMcrBxyR43uA&usqp=CCk,El Dios de los Autos,external-reference,embed_link_and_summarize_only
MXScIOEAqO8,https://www.youtube.com/shorts/MXScIOEAqO8,Momento destacado de transmisión en vivo,,,shorts,https://i.ytimg.com/vi/MXScIOEAqO8/oar2.jpg?sqp=-oaymwEgCJUDEOAESFWQAgHyq4qpAw8IARUAAIhCcAHAAQbIAQE=&rs=AOn4CLBBhThfJSd9u7I-_KwVOKz4I8iNeg&usqp=CCk,El Dios de los Autos,external-reference,embed_link_and_summarize_only
rE6BCexbfok,https://www.youtube.com/shorts/rE6BCexbfok,Momento destacado de transmisión en vivo,,,shorts,https://i.ytimg.com/vi/rE6BCexbfok/oar2.jpg?sqp=-oaymwEgCJUDEOAESFWQAgHyq4qpAw8IARUAAIhCcAHAAQbIAQE=&rs=AOn4CLB1WGk65ONhcf2zVHKeji1Hv_6jyg&usqp=CCk,El Dios de los Autos,external-reference,embed_link_and_summarize_only
s_eGRWgyzFM,https://www.youtube.com/shorts/s_eGRWgyzFM,Por que todos quieren un SUBARU CROSSTREK? #subaru #toyota #4x4 #offroad #suv,,,shorts,https://i.ytimg.com/vi/s_eGRWgyzFM/oardefault.jpg?sqp=-oaymwEgCJUDEOAESFWQAgHyq4qpAw8IARUAAIhCcAHAAQbIAQE=&rs=AOn4CLC-zPPDUruHgN5csonHPv1yT2r62Q&usqp=CCk,El Dios de los Autos,external-reference,embed_link_and_summarize_only
qbtfjNDAuJk,https://www.youtube.com/shorts/qbtfjNDAuJk,😱😱 #auto #cars #geely #china,,,shorts,https://i.ytimg.com/vi/qbtfjNDAuJk/oardefault.jpg?sqp=-oaymwEgCJUDEOAESFWQAgHyq4qpAw8IARUAAIhCcAHAAQbIAQE=&rs=AOn4CLB9CCU8MVlpeMRHsryUX9cYkBy0Cg&usqp=CCk,El Dios de los Autos,external-reference,embed_link_and_summarize_only
QegDShqAAvM,https://www.youtube.com/shorts/QegDShqAAvM,CAJA SENSIBLE??? TU QUE PUENSAS PRINCESA... COMENTA‼️ 👇👇👇,,,shorts,https://i.ytimg.com/vi/QegDShqAAvM/oardefault.jpg?sqp=-oaymwEgCJUDEOAESFWQAgHyq4qpAw8IARUAAIhCcAHAAQbIAQE=&rs=AOn4CLDYIAe6d4Y4sL1cVKztuBcVlwogSw&usqp=CCk,El Dios de los Autos,external-reference,embed_link_and_summarize_only
7gwW6WqNiXk,https://www.youtube.com/shorts/7gwW6WqNiXk,Autos presidenciales  #autos #cars #elecciones2026 #presidente #peru,,,shorts,https://i.ytimg.com/vi/7gwW6WqNiXk/oardefault.jpg?sqp=-oaymwEgCJUDEOAESFWQAgHyq4qpAw8IARUAAIhCcAHAAQbIAQE=&rs=AOn4CLAkNoiisiNOvypreb5HeHTOwS7qVg&usqp=CCk,El Dios de los Autos,external-reference,embed_link_and_summarize_only
Omun6pQll2Y,https://www.youtube.com/shorts/Omun6pQll2Y,"RELOJES PERU Pasaje La Macarena 157, SAN Miguel /📲+51 932+552=471 #seiko #rolex #reloj #peru #casio",,,shorts,https://i.ytimg.com/vi/Omun6pQll2Y/oar2.jpg?sqp=-oaymwEgCJUDEOAESFWQAgHyq4qpAw8IARUAAIhCcAHAAQbIAQE=&rs=AOn4CLAkHNaGn1fFI6uq0Sd3ln_QQ4yCqA&usqp=CCk,El Dios de los Autos,external-reference,embed_link_and_summarize_only
wdfbsieghNY,https://www.youtube.com/shorts/wdfbsieghNY,TURBO O ASPIRADO?? RENAULT DUSTER #renault #duster #motor #streamer #tuning,,,shorts,https://i.ytimg.com/vi/wdfbsieghNY/oardefault.jpg?sqp=-oaymwEgCJUDEOAESFWQAgHyq4qpAw8IARUAAIhCcAHAAQbIAQE=&rs=AOn4CLAMjA7ul89WKR9uOOfal8_E4zUKZg&usqp=CCk,El Dios de los Autos,external-reference,embed_link_and_summarize_only
2G2WXZiVkgw,https://www.youtube.com/shorts/2G2WXZiVkgw,que es lo que está pasando??? #toyota #auto #opinión #deportivos #camionetas4x4,,,shorts,https://i.ytimg.com/vi/2G2WXZiVkgw/oar2.jpg?sqp=-oaymwEgCJUDEOAESFWQAgHyq4qpAw8IARUAAIhCcAHAAQbIAQE=&rs=AOn4CLB753WYqTPKkOEN-yRI5wHW4HXNCg&usqp=CCk,El Dios de los Autos,external-reference,embed_link_and_summarize_only
OG5O5GZWitI,https://www.youtube.com/shorts/OG5O5GZWitI,21 de marzo de 2026,,,shorts,https://i.ytimg.com/vi/OG5O5GZWitI/oardefault.jpg?sqp=-oaymwEgCJUDEOAESFWQAgHyq4qpAw8IARUAAIhCcAHAAQbIAQE=&rs=AOn4CLCBn1d_kSl7M4dngLolUnA9qaYZUQ&usqp=CCk,El Dios de los Autos,external-reference,embed_link_and_summarize_only
i4gvUL_mZ6M,https://www.youtube.com/shorts/i4gvUL_mZ6M,CUIDADO!!! NO CAIGAS!! #toyota #auto #hyundai #mazda #nissan #honda #mitsubishi #mazda #volkswagen,,,shorts,https://i.ytimg.com/vi/i4gvUL_mZ6M/oardefault.jpg?sqp=-oaymwEgCJUDEOAESFWQAgHyq4qpAw8IARUAAIhCcAHAAQbIAQE=&rs=AOn4CLC591TSjpovwDfU-E_c_KgrXQoTkg&usqp=CCk,El Dios de los Autos,external-reference,embed_link_and_summarize_only
_DcXhT9UWRY,https://www.youtube.com/shorts/_DcXhT9UWRY,contestado preguntas princesas! #cars #auto #opinión #toyota #honda #ford #chevrolet #nissan,,,shorts,https://i.ytimg.com/vi/_DcXhT9UWRY/oar2.jpg?sqp=-oaymwEgCJUDEOAESFWQAgHyq4qpAw8IARUAAIhCcAHAAQbIAQE=&rs=AOn4CLCEx91Acckg1T09Kv8B-2_zkVOefw&usqp=CCk,El Dios de los Autos,external-reference,embed_link_and_summarize_only
EdyNMC27HUI,https://www.youtube.com/shorts/EdyNMC27HUI,"CARRO , CARRITO Y CARRAZO!!! #toyota #cars #honda #mitsubishi #auto",,,shorts,https://i.ytimg.com/vi/EdyNMC27HUI/oardefault.jpg?sqp=-oaymwEgCJUDEOAESFWQAgHyq4qpAw8IARUAAIhCcAHAAQbIAQE=&rs=AOn4CLA7Lq-5qLUUvrPB6aF5f4Bv3jNtzw&usqp=CCk,El Dios de los Autos,external-reference,embed_link_and_summarize_only
yOZygqQnMpM,https://www.youtube.com/shorts/yOZygqQnMpM,Nos dominan!!! 😱😱😱! #toyota #auto #auto #humor #cars #eldiosdelosautos,,,shorts,https://i.ytimg.com/vi/yOZygqQnMpM/oardefault.jpg?sqp=-oaymwEgCJUDEOAESFWQAgHyq4qpAw8IARUAAIhCcAHAAQbIAQE=&rs=AOn4CLBFdqChoQr7OGBe6PbjVaX8WEzoxw&usqp=CCk,El Dios de los Autos,external-reference,embed_link_and_summarize_only
rzxUTUlmpcI,https://www.youtube.com/shorts/rzxUTUlmpcI,que marcas serán???? #auto #cars #fyp #viral #cañitasyfierrazos,,,shorts,https://i.ytimg.com/vi/rzxUTUlmpcI/oar2.jpg?sqp=-oaymwEgCJUDEOAESFWQAgHyq4qpAw8IARUAAIhCcAHAAQbIAQE=&rs=AOn4CLDcg-b3uT1-0RmjzekzPR4luRa1pQ&usqp=CCk,El Dios de los Autos,external-reference,embed_link_and_summarize_only
G4yZV_LoFWM,https://www.youtube.com/shorts/G4yZV_LoFWM,de que estamos hablándo??? jajaja #humor #cars #carshorts #fyp #memes,,,shorts,https://i.ytimg.com/vi/G4yZV_LoFWM/oar2.jpg?sqp=-oaymwEgCJUDEOAESFWQAgHyq4qpAw8IARUAAIhCcAHAAQbIAQE=&rs=AOn4CLDOVLLmwdKpRIb2-kEfNs6hHLSs6g&usqp=CCk,El Dios de los Autos,external-reference,embed_link_and_summarize_only
Lk-m55pZ6Oo,https://www.youtube.com/shorts/Lk-m55pZ6Oo,Tu que crees? Deja tu OPINION en comentarios#fyp #mexico #peru  #cars #automatic #mecanica #opinion,,,shorts,https://i.ytimg.com/vi/Lk-m55pZ6Oo/oar2.jpg?sqp=-oaymwEgCJUDEOAESFWQAgHyq4qpAw8IARUAAIhCcAHAAQbIAQE=&rs=AOn4CLCqiz50tas7w2-YILLHzkXgIpc35Q&usqp=CCk,El Dios de los Autos,external-reference,embed_link_and_summarize_only
X4UoEkbcFXU,https://www.youtube.com/shorts/X4UoEkbcFXU,😱😱😱,,,shorts,https://i.ytimg.com/vi/X4UoEkbcFXU/oar2.jpg?sqp=-oaymwEgCJUDEOAESFWQAgHyq4qpAw8IARUAAIhCcAHAAQbIAQE=&rs=AOn4CLAB_fdVB4Cn6MydQXGXWr7HB9kfqw&usqp=CCk,El Dios de los Autos,external-reference,embed_link_and_summarize_only
LJiDBGIB6n0,https://www.youtube.com/shorts/LJiDBGIB6n0,Opiniones 👇👇👇 #electric #auto  #coches #cars #carshorts #fyp #china,,,shorts,https://i.ytimg.com/vi/LJiDBGIB6n0/oar2.jpg?sqp=-oaymwEgCJUDEOAESFWQAgHyq4qpAw8IARUAAIhCcAHAAQbIAQE=&rs=AOn4CLDVkhlqfhjzoggdJh08ZpUMtqo1rQ&usqp=CCk,El Dios de los Autos,external-reference,embed_link_and_summarize_only
VmhXgeuCnXY,https://www.youtube.com/shorts/VmhXgeuCnXY,Momento destacado de transmisión en vivo Princesas,,,shorts,https://i.ytimg.com/vi/VmhXgeuCnXY/oar2.jpg?sqp=-oaymwEgCJUDEOAESFWQAgHyq4qpAw8IARUAAIhCcAHAAQbIAQE=&rs=AOn4CLBLqylTE4qGK10A6r9b7Tu-ed56ow&usqp=CCk,El Dios de los Autos,external-reference,embed_link_and_summarize_only
lmnLR6udt7I,https://www.youtube.com/shorts/lmnLR6udt7I,OPINIONES???? #toyota #auto #mitsubishi #cars ##auto  #fyp,,,shorts,https://i.ytimg.com/vi/lmnLR6udt7I/oardefault.jpg?sqp=-oaymwEgCJUDEOAESFWQAgHyq4qpAw8IARUAAIhCcAHAAQbIAQE=&rs=AOn4CLB6uNgA49aKva-Y1M_DUhB5JR0nSw&usqp=CCk,El Dios de los Autos,external-reference,embed_link_and_summarize_only
_KofS5_E6Ck,https://www.youtube.com/shorts/_KofS5_E6Ck,"GENERALISTA, SEMIPREMIUM, PREMIUM  O DE LUJO??? DEJA TU opinión en los comentarios 👇 👇 👇",,,shorts,https://i.ytimg.com/vi/_KofS5_E6Ck/oardefault.jpg?sqp=-oaymwEgCJUDEOAESFWQAgHyq4qpAw8IARUAAIhCcAHAAQbIAQE=&rs=AOn4CLDsjPml_RCpq_VXL-0byB7FLREahQ&usqp=CCk,El Dios de los Autos,external-reference,embed_link_and_summarize_only
Y1BUwOoV2xw,https://www.youtube.com/shorts/Y1BUwOoV2xw,NO HAY GASOLINAAA!! #gasolina #cars #carshorts #fyp #china #electric #peru,,,shorts,https://i.ytimg.com/vi/Y1BUwOoV2xw/oar2.jpg?sqp=-oaymwEgCJUDEOAESFWQAgHyq4qpAw8IARUAAIhCcAHAAQbIAQE=&rs=AOn4CLB2EYWx3drbowpRdozb60DI8WXT5A&usqp=CCk,El Dios de los Autos,external-reference,embed_link_and_summarize_only
2RcM8SfKemQ,https://www.youtube.com/shorts/2RcM8SfKemQ,"Aros Bryan Av. Canadá 346, La Victoria / 📲 981 599 065 #4x4 #offroad #pickups #llantas #peru",,,shorts,https://i.ytimg.com/vi/2RcM8SfKemQ/oardefault.jpg?sqp=-oaymwEgCJUDEOAESFWQAgHyq4qpAw8IARUAAIhCcAHAAQbIAQE=&rs=AOn4CLA7h2NBMEnvZAthUbDMVFTWnmUiaQ&usqp=CCk,El Dios de los Autos,external-reference,embed_link_and_summarize_only
s8VHbCv5T5A,https://www.youtube.com/shorts/s8VHbCv5T5A,Carro Carrito Carrazo!!! comentarios???? #toyota #auto #nissan #cars #eldiosdelosautos #podcast,,,shorts,https://i.ytimg.com/vi/s8VHbCv5T5A/oar2.jpg?sqp=-oaymwEgCJUDEOAESFWQAgHyq4qpAw8IARUAAIhCcAHAAQbIAQE=&rs=AOn4CLD6qudJ_cNevwAMjeg1L9TZvTeG8g&usqp=CCk,El Dios de los Autos,external-reference,embed_link_and_summarize_only
nm5B5wlDX-k,https://www.youtube.com/shorts/nm5B5wlDX-k,Audi A4 opiniones ???? 😎😎 #cars #luxurycars #fyp #bmw #mercedes #auto,,,shorts,https://i.ytimg.com/vi/nm5B5wlDX-k/oar2.jpg?sqp=-oaymwEgCJUDEOAESFWQAgHyq4qpAw8IARUAAIhCcAHAAQbIAQE=&rs=AOn4CLB4jBretvGiz7qNo3pBRU-lgtELbg&usqp=CCk,El Dios de los Autos,external-reference,embed_link_and_summarize_only
EBWt0fWYW38,https://www.youtube.com/shorts/EBWt0fWYW38,Super Car #auto #automobile #honda #nissan #toyota #fyp #coches #fast,,,shorts,https://i.ytimg.com/vi/EBWt0fWYW38/oar2.jpg?sqp=-oaymwEgCJUDEOAESFWQAgHyq4qpAw8IARUAAIhCcAHAAQbIAQE=&rs=AOn4CLBh61NDB1rl-L-CwjEc64AIKSgcwA&usqp=CCk,El Dios de los Autos,external-reference,embed_link_and_summarize_only
GPWPJY6soeo,https://www.youtube.com/shorts/GPWPJY6soeo,Momento destacado de transmisión en vivo,,,shorts,https://i.ytimg.com/vi/GPWPJY6soeo/oar2.jpg?sqp=-oaymwEgCJUDEOAESFWQAgHyq4qpAw8IARUAAIhCcAHAAQbIAQE=&rs=AOn4CLDzMyN1iNULpvmhHjepTKLgVDzqGw&usqp=CCk,El Dios de los Autos,external-reference,embed_link_and_summarize_only
ejkOejRgVaI,https://www.youtube.com/shorts/ejkOejRgVaI,Momento destacado de transmisión en vivo,,,shorts,https://i.ytimg.com/vi/ejkOejRgVaI/oar2.jpg?sqp=-oaymwEgCJUDEOAESFWQAgHyq4qpAw8IARUAAIhCcAHAAQbIAQE=&rs=AOn4CLBXMBuic-qE2Qc7-LTw9lCBNRoPAg&usqp=CCk,El Dios de los Autos,external-reference,embed_link_and_summarize_only
gqrGC2x_4bg,https://www.youtube.com/shorts/gqrGC2x_4bg,Momento destacado de transmisión en vivo,,,shorts,https://i.ytimg.com/vi/gqrGC2x_4bg/oar2.jpg?sqp=-oaymwEgCJUDEOAESFWQAgHyq4qpAw8IARUAAIhCcAHAAQbIAQE=&rs=AOn4CLCpfLeOjWrz5MMo7kmqKROq3OoUZg&usqp=CCk,El Dios de los Autos,external-reference,embed_link_and_summarize_only
kwtU1VtmwPI,https://www.youtube.com/shorts/kwtU1VtmwPI,Autos buenos o solo Famosos? #automobile #cars #auto #toyota #nissan #offroad #racing,,,shorts,https://i.ytimg.com/vi/kwtU1VtmwPI/oar2.jpg?sqp=-oaymwEgCJUDEOAESFWQAgHyq4qpAw8IARUAAIhCcAHAAQbIAQE=&rs=AOn4CLD9CKFlo6cOwxSKCQuAV-SbOtPL3A&usqp=CCk,El Dios de los Autos,external-reference,embed_link_and_summarize_only
ucTj4Z6J3Y8,https://www.youtube.com/shorts/ucTj4Z6J3Y8,Cañitas y Fierrazos  #toyota #auto #automobile #automobile  #racing #automobile,,,shorts,https://i.ytimg.com/vi/ucTj4Z6J3Y8/oar2.jpg?sqp=-oaymwEgCJUDEOAESFWQAgHyq4qpAw8IARUAAIhCcAHAAQbIAQE=&rs=AOn4CLADqJl_BX983UyyiRDGXwzaa0xCBA&usqp=CCk,El Dios de los Autos,external-reference,embed_link_and_summarize_only
CV0MSQQbq9c,https://www.youtube.com/shorts/CV0MSQQbq9c,100 FORMAS DE HACER UNA SUV 🚙 SUBARU FORESTER,,,shorts,https://i.ytimg.com/vi/CV0MSQQbq9c/oardefault.jpg?sqp=-oaymwEgCJUDEOAESFWQAgHyq4qpAw8IARUAAIhCcAHAAQbIAQE=&rs=AOn4CLDt1Qp4hS91-DgjEkg6nbJU7Z3uJQ&usqp=CCk,El Dios de los Autos,external-reference,embed_link_and_summarize_only
_MPEcrxGG20,https://www.youtube.com/shorts/_MPEcrxGG20,100 formas de hacer una SUV 🚙 Subaru Forester,,,shorts,https://i.ytimg.com/vi/_MPEcrxGG20/oardefault.jpg?sqp=-oaymwEgCJUDEOAESFWQAgHyq4qpAw8IARUAAIhCcAHAAQbIAQE=&rs=AOn4CLDZ-21d1BqR4BmHxp6B02c_d2RrEQ&usqp=CCk,El Dios de los Autos,external-reference,embed_link_and_summarize_only
MZniE_dWr5U,https://www.youtube.com/shorts/MZniE_dWr5U,100 formas de hacer un SUV 🚙,,,shorts,https://i.ytimg.com/vi/MZniE_dWr5U/oardefault.jpg?sqp=-oaymwEgCJUDEOAESFWQAgHyq4qpAw8IARUAAIhCcAHAAQbIAQE=&rs=AOn4CLD3GMuUpKzldhO3QAIPRqZ_bNKzwA&usqp=CCk,El Dios de los Autos,external-reference,embed_link_and_summarize_only
gjlQlU7Lj54,https://www.youtube.com/shorts/gjlQlU7Lj54,mi primer mecánico... Maestro #toyota #nissan #eldiosdelosautos #sad #podcast #automobile #auto,,,shorts,https://i.ytimg.com/vi/gjlQlU7Lj54/oar2.jpg?sqp=-oaymwEgCJUDEOAESFWQAgHyq4qpAw8IARUAAIhCcAHAAQbIAQE=&rs=AOn4CLDiYWaZXncAQ_neq0vDutzbuKjH2g&usqp=CCk,El Dios de los Autos,external-reference,embed_link_and_summarize_only
AdkPm1dnMmY,https://www.youtube.com/shorts/AdkPm1dnMmY,5 cosas que ni sospechas de Rápidos y Furiosos 😎,,,shorts,https://i.ytimg.com/vi/AdkPm1dnMmY/oardefault.jpg?sqp=-oaymwEgCJUDEOAESFWQAgHyq4qpAw8IARUAAIhCcAHAAQbIAQE=&rs=AOn4CLCGF927n2JMDyGHZAZHvSvze8um6A&usqp=CCk,El Dios de los Autos,external-reference,embed_link_and_summarize_only
-hV1qAP8reY,https://www.youtube.com/shorts/-hV1qAP8reY,La leyenda Joaquin Neuhaus ahora parte del team 💪🏻 #tuning #peru #fastandfurious #honda #vistony,,,shorts,https://i.ytimg.com/vi/-hV1qAP8reY/oar2.jpg?sqp=-oaymwEgCJUDEOAESFWQAgHyq4qpAw8IARUAAIhCcAHAAQbIAQE=&rs=AOn4CLByXDLZDuZuGQ3wqmnrXAS9dXc0FA&usqp=CCk,El Dios de los Autos,external-reference,embed_link_and_summarize_only
KKYT4C3PnKk,https://www.youtube.com/shorts/KKYT4C3PnKk,Preguntas y respuestas con El Tío Quijada y Vistony #tuning #peru #fastandfurious #honda #vistony,,,shorts,https://i.ytimg.com/vi/KKYT4C3PnKk/oar2.jpg?sqp=-oaymwEgCJUDEOAESFWQAgHyq4qpAw8IARUAAIhCcAHAAQbIAQE=&rs=AOn4CLBkZT90aew0L-ud3tSbJTbNMT7deg&usqp=CCk,El Dios de los Autos,external-reference,embed_link_and_summarize_only
U4O-0l7z67o,https://www.youtube.com/shorts/U4O-0l7z67o,"Martin Romano, gerente de marketing de Vistony🙌🏻 #tuning #peru #fastandfurious #autos #cars",,,shorts,https://i.ytimg.com/vi/U4O-0l7z67o/oar2.jpg?sqp=-oaymwEgCJUDEOAESFWQAgHyq4qpAw8IARUAAIhCcAHAAQbIAQE=&rs=AOn4CLDWSqwn3_Bn8gI8ba0pJdEEQUUaiA&usqp=CCk,El Dios de los Autos,external-reference,embed_link_and_summarize_only
ABEhm8yFCxU,https://www.youtube.com/shorts/ABEhm8yFCxU,Qué opinas del Toyota Raize? #toyota #suv #cars #auto #coches,,,shorts,https://i.ytimg.com/vi/ABEhm8yFCxU/oar2.jpg?sqp=-oaymwEgCJUDEOAESFWQAgHyq4qpAw8IARUAAIhCcAHAAQbIAQE=&rs=AOn4CLAFxkv7vWwk5Vvak85SO06TrzR6gQ&usqp=CCk,El Dios de los Autos,external-reference,embed_link_and_summarize_only
afEn5y5BJhI,https://www.youtube.com/shorts/afEn5y5BJhI,¿Solo los autos japoneses son confiables? #toyota #nissan #mitsubishi #subaru #mazda,,,shorts,https://i.ytimg.com/vi/afEn5y5BJhI/oar2.jpg?sqp=-oaymwEgCJUDEOAESFWQAgHyq4qpAw8IARUAAIhCcAHAAQbIAQE=&rs=AOn4CLCH0-oRHlPbMOAgtVPuvcclFw_RwQ&usqp=CCk,El Dios de los Autos,external-reference,embed_link_and_summarize_only
iHYhC1uR7Ug,https://www.youtube.com/shorts/iHYhC1uR7Ug,El mejor auto para proyecto de Drift #drift #fastandfurious #nissan #toyota #bmw,,,shorts,https://i.ytimg.com/vi/iHYhC1uR7Ug/oar2.jpg?sqp=-oaymwEgCJUDEOAESFWQAgHyq4qpAw8IARUAAIhCcAHAAQbIAQE=&rs=AOn4CLBufjut4C69uD5U5tgZH6Xsw2xUEQ&usqp=CCk,El Dios de los Autos,external-reference,embed_link_and_summarize_only
CvQUACEMwJU,https://www.youtube.com/shorts/CvQUACEMwJU,Puerquito M pawaaa #bmw #audi #mercedes #cars #auto,,,shorts,https://i.ytimg.com/vi/CvQUACEMwJU/oar2.jpg?sqp=-oaymwEgCJUDEOAESFWQAgHyq4qpAw8IARUAAIhCcAHAAQbIAQE=&rs=AOn4CLCh73btfEuHII4_bygZVX8fgWi52Q&usqp=CCk,El Dios de los Autos,external-reference,embed_link_and_summarize_only
lzSNzcrYmpY,https://www.youtube.com/shorts/lzSNzcrYmpY,"Cañitas y Fierrazos, martes y jueves 10:00 pm solo en LaRoroNetwork #peru #cars #auto #coches #4x4",,,shorts,https://i.ytimg.com/vi/lzSNzcrYmpY/oar2.jpg?sqp=-oaymwEgCJUDEOAESFWQAgHyq4qpAw8IARUAAIhCcAHAAQbIAQE=&rs=AOn4CLBuJIvfBkyzM35y_GxL27B8fzWekg&usqp=CCk,El Dios de los Autos,external-reference,embed_link_and_summarize_only
qHio3fcdr-k,https://www.youtube.com/shorts/qHio3fcdr-k,¿Quién soy yo? #cars #auto #coches #mecanica #mecánicaautomotriz,,,shorts,https://i.ytimg.com/vi/qHio3fcdr-k/oar2.jpg?sqp=-oaymwEgCJUDEOAESFWQAgHyq4qpAw8IARUAAIhCcAHAAQbIAQE=&rs=AOn4CLDRDGqEH64IZE4RUjjZ-FhA_P-_GA&usqp=CCk,El Dios de los Autos,external-reference,embed_link_and_summarize_only
pc4JOPECY5U,https://www.youtube.com/shorts/pc4JOPECY5U,Fiat está por cambiarlo todo #fiat #cars #auto #coches #china,,,shorts,https://i.ytimg.com/vi/pc4JOPECY5U/oar2.jpg?sqp=-oaymwEgCJUDEOAESFWQAgHyq4qpAw8IARUAAIhCcAHAAQbIAQE=&rs=AOn4CLAT73WQVEcTwn2o7RFQFhWypsXIbw&usqp=CCk,El Dios de los Autos,external-reference,embed_link_and_summarize_only
rwqhdNLzuE0,https://www.youtube.com/shorts/rwqhdNLzuE0,Tipo 10 de Pick ups #pickup #4x4 #offroad #toyota #hilux,,,shorts,https://i.ytimg.com/vi/rwqhdNLzuE0/oar2.jpg?sqp=-oaymwEgCJUDEOAESFWQAgHyq4qpAw8IARUAAIhCcAHAAQbIAQE=&rs=AOn4CLDGNXkBof5_NR8OlVBEzfgpGyR7mw&usqp=CCk,El Dios de los Autos,external-reference,embed_link_and_summarize_only
jokURZMFdag,https://www.youtube.com/shorts/jokURZMFdag,SUZUKI HUMILLA A TOYOTA 😰 #toyota #suzuki #4x4 #offroad #landcruiser,,,shorts,https://i.ytimg.com/vi/jokURZMFdag/oar2.jpg?sqp=-oaymwEgCJUDEOAESFWQAgHyq4qpAw8IARUAAIhCcAHAAQbIAQE=&rs=AOn4CLDGqEB7Rho_qgdybdDZT_WUleq7WQ&usqp=CCk,El Dios de los Autos,external-reference,embed_link_and_summarize_only
5JfHfImP4bA,https://www.youtube.com/shorts/5JfHfImP4bA,De qué sufre tu auto favorito? #toyota #hyundai #nissan #mecanica #mecanicaautomotriz,,,shorts,https://i.ytimg.com/vi/5JfHfImP4bA/oar2.jpg?sqp=-oaymwEgCJUDEOAESFWQAgHyq4qpAw8IARUAAIhCcAHAAQbIAQE=&rs=AOn4CLCFcsi-DnUEX-mKqBvecd4_JD7Swg&usqp=CCk,El Dios de los Autos,external-reference,embed_link_and_summarize_only
TLIU4muhRmY,https://www.youtube.com/shorts/TLIU4muhRmY,5 mejores SUV para viajar #4x4 #offroad #suv #toyota #lexus,,,shorts,https://i.ytimg.com/vi/TLIU4muhRmY/oar2.jpg?sqp=-oaymwEgCJUDEOAESFWQAgHyq4qpAw8IARUAAIhCcAHAAQbIAQE=&rs=AOn4CLCpPI-CYvUqYsefJDIDm3ImZLoJoQ&usqp=CCk,El Dios de los Autos,external-reference,embed_link_and_summarize_only
6upM5But_dQ,https://www.youtube.com/shorts/6upM5But_dQ,"Auto bueno, auto malo. #toyota #nissan #hyundai #kia #mazda",,,shorts,https://i.ytimg.com/vi/6upM5But_dQ/oar2.jpg?sqp=-oaymwEgCJUDEOAESFWQAgHyq4qpAw8IARUAAIhCcAHAAQbIAQE=&rs=AOn4CLDoBf3ZXemfgMwZaa1ZGbEwzUUMqQ&usqp=CCk,El Dios de los Autos,external-reference,embed_link_and_summarize_only
N1Jjby_hyYw,https://www.youtube.com/shorts/N1Jjby_hyYw,"Marca buena, auto malo Japón 🇯🇵 #toyota #subaru #mazda #nissan #mitsubishi",,,shorts,https://i.ytimg.com/vi/N1Jjby_hyYw/oar2.jpg?sqp=-oaymwEgCJUDEOAESFWQAgHyq4qpAw8IARUAAIhCcAHAAQbIAQE=&rs=AOn4CLAi0Jnp8wS4g9-OEoarAmTDy2b10A&usqp=CCk,El Dios de los Autos,external-reference,embed_link_and_summarize_only
p2y01fNRab0,https://www.youtube.com/shorts/p2y01fNRab0,Conoce tu caja automática de doble embrague #mecanica #mecanicaautomotriz #suv #auto #china,,,shorts,https://i.ytimg.com/vi/p2y01fNRab0/oar2.jpg?sqp=-oaymwEgCJUDEOAESFWQAgHyq4qpAw8IARUAAIhCcAHAAQbIAQE=&rs=AOn4CLBwsg2RV0bpiQMfcYkVBpdzf0a0WQ&usqp=CCk,El Dios de los Autos,external-reference,embed_link_and_summarize_only
ZrV4Uhwqy0s,https://www.youtube.com/shorts/ZrV4Uhwqy0s,5 autos malos de marcas buenas #toyota #volkswagen #ford #nissan #chevrolet,,,shorts,https://i.ytimg.com/vi/ZrV4Uhwqy0s/oar2.jpg?sqp=-oaymwEgCJUDEOAESFWQAgHyq4qpAw8IARUAAIhCcAHAAQbIAQE=&rs=AOn4CLAWjrEX1yjpO7ssahVcqDA09kLh_A&usqp=CCk,El Dios de los Autos,external-reference,embed_link_and_summarize_only
ChW04J7iWqk,https://www.youtube.com/shorts/ChW04J7iWqk,Mejores SUV 4x4 para la playa #verano #4x4 #suv #offroad #peru,,,shorts,https://i.ytimg.com/vi/ChW04J7iWqk/oar2.jpg?sqp=-oaymwEgCJUDEOAESFWQAgHyq4qpAw8IARUAAIhCcAHAAQbIAQE=&rs=AOn4CLDJuTfr2zT56rt-_2CajSMQi0lC8w&usqp=CCk,El Dios de los Autos,external-reference,embed_link_and_summarize_only
KnDFQgP6ZkI,https://www.youtube.com/shorts/KnDFQgP6ZkI,Nuevo Motor Mitsubishi lo cambia TODO #mitsubishi #mecanica #mecanicaautomotriz #tuning,,,shorts,https://i.ytimg.com/vi/KnDFQgP6ZkI/oar2.jpg?sqp=-oaymwEgCJUDEOAESFWQAgHyq4qpAw8IARUAAIhCcAHAAQbIAQE=&rs=AOn4CLAEsIajwXShUk-OnmJ9XNR0oBmCtQ&usqp=CCk,El Dios de los Autos,external-reference,embed_link_and_summarize_only
nzFDECy5OP8,https://www.youtube.com/shorts/nzFDECy5OP8,Mejores minivan monovolumen #toyota #avanza #rush #hyundai #taxi,,,shorts,https://i.ytimg.com/vi/nzFDECy5OP8/oar2.jpg?sqp=-oaymwEgCJUDEOAESFWQAgHyq4qpAw8IARUAAIhCcAHAAQbIAQE=&rs=AOn4CLBZVputENtL-d09CnP23BH0hIaP5w&usqp=CCk,El Dios de los Autos,external-reference,embed_link_and_summarize_only
E7I1dqsKbBw,https://www.youtube.com/shorts/E7I1dqsKbBw,Autos legendarios que regresan este 2026 #toyota #nissan #mitsubishi #mazda #subaru,,,shorts,https://i.ytimg.com/vi/E7I1dqsKbBw/oar2.jpg?sqp=-oaymwEgCJUDEOAESFWQAgHyq4qpAw8IARUAAIhCcAHAAQbIAQE=&rs=AOn4CLBFFrndAHbL9AyfKL18uZvEB9dlnA&usqp=CCk,El Dios de los Autos,external-reference,embed_link_and_summarize_only
PX-nwn0yUS8,https://www.youtube.com/shorts/PX-nwn0yUS8,4 modificaciones para que tu auto corra más rápido #tuning #fastandfurious #toyota #nissan #hyundai,,,shorts,https://i.ytimg.com/vi/PX-nwn0yUS8/oar2.jpg?sqp=-oaymwEgCJUDEOAESFWQAgHyq4qpAw8IARUAAIhCcAHAAQbIAQE=&rs=AOn4CLAopr5MetgWs3z0c2U2RyKVDN8qPw&usqp=CCk,El Dios de los Autos,external-reference,embed_link_and_summarize_only
Ts3DDy1HdTg,https://www.youtube.com/shorts/Ts3DDy1HdTg,¿Vale la pena poner gas a mi auto? #peru #toyota #gnv #glp #taxi,,,shorts,https://i.ytimg.com/vi/Ts3DDy1HdTg/oar2.jpg?sqp=-oaymwEgCJUDEOAESFWQAgHyq4qpAw8IARUAAIhCcAHAAQbIAQE=&rs=AOn4CLCJBiG5uZV1AMiKFq9CPoh1frxrhA&usqp=CCk,El Dios de los Autos,external-reference,embed_link_and_summarize_only
DtcOlTNm7q4,https://www.youtube.com/shorts/DtcOlTNm7q4,El momento ha llegado #toyota #mitsubishi #mazda #subaru #nissan,,,shorts,https://i.ytimg.com/vi/DtcOlTNm7q4/oar2.jpg?sqp=-oaymwEgCJUDEOAESFWQAgHyq4qpAw8IARUAAIhCcAHAAQbIAQE=&rs=AOn4CLABNTR5BN0SefMNjfLbHq5OUh2lIQ&usqp=CCk,El Dios de los Autos,external-reference,embed_link_and_summarize_only
4mq73kMySo4,https://www.youtube.com/shorts/4mq73kMySo4,"Ford Escape 2018 / 49,000 km / 59,000 soles / 📲 956+339=094 #venta #auto #peru #toyota #suv",,,shorts,https://i.ytimg.com/vi/4mq73kMySo4/oar2.jpg?sqp=-oaymwEgCJUDEOAESFWQAgHyq4qpAw8IARUAAIhCcAHAAQbIAQE=&rs=AOn4CLAd8hHf7uQ6qssPUR0_-MYL5E7v5w&usqp=CCk,El Dios de los Autos,external-reference,embed_link_and_summarize_only
5sxz6lHHJFo,https://www.youtube.com/shorts/5sxz6lHHJFo,¿Que hago si mi auto se inunda? #mecanica #mecanicaautomotriz #toyota #hilux #4x4,,,shorts,https://i.ytimg.com/vi/5sxz6lHHJFo/oar2.jpg?sqp=-oaymwEgCJUDEOAESFWQAgHyq4qpAw8IARUAAIhCcAHAAQbIAQE=&rs=AOn4CLDJklNnxkRZcRFMPYgkoJ5sqr4ZXQ&usqp=CCk,El Dios de los Autos,external-reference,embed_link_and_summarize_only
_D_FFTIbVa8,https://www.youtube.com/shorts/_D_FFTIbVa8,¿Tú como los ordenarías? #ferrari #lamborghini #bmw #mercedes #audi,,,shorts,https://i.ytimg.com/vi/_D_FFTIbVa8/oardefault.jpg?sqp=-oaymwEgCJUDEOAESFWQAgHyq4qpAw8IARUAAIhCcAHAAQbIAQE=&rs=AOn4CLAnvI35OwgwmbocvT_EHusoyh3wDw&usqp=CCk,El Dios de los Autos,external-reference,embed_link_and_summarize_only
a4MEBsFV8b8,https://www.youtube.com/shorts/a4MEBsFV8b8,BMW acaba de cambiarlo todo #bmw #audi #mercedes #lexus #luxurycars,,,shorts,https://i.ytimg.com/vi/a4MEBsFV8b8/oar2.jpg?sqp=-oaymwEgCJUDEOAESFWQAgHyq4qpAw8IARUAAIhCcAHAAQbIAQE=&rs=AOn4CLA-xk5kRFenZBnFvJJMwLr5uVdaBg&usqp=CCk,El Dios de los Autos,external-reference,embed_link_and_summarize_only
1BXvd1IjjNg,https://www.youtube.com/shorts/1BXvd1IjjNg,Mitsubishi Galand 2026 confirmado #mitsubishi #lancer #new #car #auto,,,shorts,https://i.ytimg.com/vi/1BXvd1IjjNg/oar2.jpg?sqp=-oaymwEgCJUDEOAESFWQAgHyq4qpAw8IARUAAIhCcAHAAQbIAQE=&rs=AOn4CLD8retB0A-xZQiixJaG8mYAy9tNCw&usqp=CCk,El Dios de los Autos,external-reference,embed_link_and_summarize_only
T_gYa7qGB7w,https://www.youtube.com/shorts/T_gYa7qGB7w,Volkswagen compró Nissan #volkswagen #nissan #cartok #auto #coches,,,shorts,https://i.ytimg.com/vi/T_gYa7qGB7w/oar2.jpg?sqp=-oaymwEgCJUDEOAESFWQAgHyq4qpAw8IARUAAIhCcAHAAQbIAQE=&rs=AOn4CLDelhp4dTEISAb_wXuxniXhlgcRQw&usqp=CCk,El Dios de los Autos,external-reference,embed_link_and_summarize_only
zfn4IfQyYEY,https://www.youtube.com/shorts/zfn4IfQyYEY,"Auto bueno, auto malo #toyota #nissan #hyundai #kia #mazda",,,shorts,https://i.ytimg.com/vi/zfn4IfQyYEY/oar2.jpg?sqp=-oaymwEgCJUDEOAESFWQAgHyq4qpAw8IARUAAIhCcAHAAQbIAQE=&rs=AOn4CLD-uI1506yKcIKRQr7Dge3kF86Cbg&usqp=CCk,El Dios de los Autos,external-reference,embed_link_and_summarize_only
anV1-Y4xWi4,https://www.youtube.com/shorts/anV1-Y4xWi4,Cuidado con tus llantas al viajar! #mecanica #mecanicaautomotriz #neumaticos #tuning #4x4,,,shorts,https://i.ytimg.com/vi/anV1-Y4xWi4/oar2.jpg?sqp=-oaymwEgCJUDEOAESFWQAgHyq4qpAw8IARUAAIhCcAHAAQbIAQE=&rs=AOn4CLBB4IbZaKnh6X6wKRuKn0VVUJo0EQ&usqp=CCk,El Dios de los Autos,external-reference,embed_link_and_summarize_only
Rv2BpioROtY,https://www.youtube.com/shorts/Rv2BpioROtY,28 de diciembre de 2025,,,shorts,https://i.ytimg.com/vi/Rv2BpioROtY/oar2.jpg?sqp=-oaymwEgCJUDEOAESFWQAgHyq4qpAw8IARUAAIhCcAHAAQbIAQE=&rs=AOn4CLDfQO9yptNZrr3kOHrGK616bIzIZw&usqp=CCk,El Dios de los Autos,external-reference,embed_link_and_summarize_only
0re5oHpKniM,https://www.youtube.com/shorts/0re5oHpKniM,El fin de los autos eléctricos #cars #autos #coches #electrician #tesla,,,shorts,https://i.ytimg.com/vi/0re5oHpKniM/oar2.jpg?sqp=-oaymwEgCJUDEOAESFWQAgHyq4qpAw8IARUAAIhCcAHAAQbIAQE=&rs=AOn4CLCXJriH3qWwzDiMQdfdZQnClE1MAQ&usqp=CCk,El Dios de los Autos,external-reference,embed_link_and_summarize_only
HBFGZEq7jjg,https://www.youtube.com/shorts/HBFGZEq7jjg,Honda BR-V opiniones sincera #honda #toyota #suzuki #mitsubishi #peru,,,shorts,https://i.ytimg.com/vi/HBFGZEq7jjg/oar2.jpg?sqp=-oaymwEgCJUDEOAESFWQAgHyq4qpAw8IARUAAIhCcAHAAQbIAQE=&rs=AOn4CLDCNQAF8rtE7_Xv8n-AgZ9frX4gRg&usqp=CCk,El Dios de los Autos,external-reference,embed_link_and_summarize_only
FY5nzBy5KiA,https://www.youtube.com/shorts/FY5nzBy5KiA,Auto proyecto para Navidad 🎅 🎄 #cars #auto #coches #navidad #tuning,,,shorts,https://i.ytimg.com/vi/FY5nzBy5KiA/oar2.jpg?sqp=-oaymwEgCJUDEOAESFWQAgHyq4qpAw8IARUAAIhCcAHAAQbIAQE=&rs=AOn4CLAvCLqzrk3HB9jR3vpKjg60O91p1A&usqp=CCk,El Dios de los Autos,external-reference,embed_link_and_summarize_only
OiOrtHZmSDA,https://www.youtube.com/shorts/OiOrtHZmSDA,El mejor auto de la historia #cars #auto #coches #toyota #nissan,,,shorts,https://i.ytimg.com/vi/OiOrtHZmSDA/oar2.jpg?sqp=-oaymwEgCJUDEOAESFWQAgHyq4qpAw8IARUAAIhCcAHAAQbIAQE=&rs=AOn4CLDQmh0Y-DE_VTdUiA9-O2WwhvBprA&usqp=CCk,El Dios de los Autos,external-reference,embed_link_and_summarize_only
Z54PKmEHTm4,https://www.youtube.com/shorts/Z54PKmEHTm4,Mejores autos para mujeres #suv #auto #mujer #girl #consejos,,,shorts,https://i.ytimg.com/vi/Z54PKmEHTm4/oar2.jpg?sqp=-oaymwEgCJUDEOAESFWQAgHyq4qpAw8IARUAAIhCcAHAAQbIAQE=&rs=AOn4CLD69ZuTMVHrMq-C1Bxbc_EcqfJMlQ&usqp=CCk,El Dios de los Autos,external-reference,embed_link_and_summarize_only
hL_0turXRzk,https://www.youtube.com/shorts/hL_0turXRzk,Las mejores cajas automáticas #hyundai #honda #subaru #volkswagen #suv,,,shorts,https://i.ytimg.com/vi/hL_0turXRzk/oar2.jpg?sqp=-oaymwEgCJUDEOAESFWQAgHyq4qpAw8IARUAAIhCcAHAAQbIAQE=&rs=AOn4CLCr4c_E4mnDsOk_hNUSg7cLJBCGIA&usqp=CCk,El Dios de los Autos,external-reference,embed_link_and_summarize_only
1WAAdZquYKo,https://www.youtube.com/shorts/1WAAdZquYKo,19 de diciembre de 2025,,,shorts,https://i.ytimg.com/vi/1WAAdZquYKo/oar2.jpg?sqp=-oaymwEgCJUDEOAESFWQAgHyq4qpAw8IARUAAIhCcAHAAQbIAQE=&rs=AOn4CLB_lLjVmu0RaR4QgTrre45ax0Jgfw&usqp=CCk,El Dios de los Autos,external-reference,embed_link_and_summarize_only
_bmDM4Jd_HU,https://www.youtube.com/shorts/_bmDM4Jd_HU,"MAZDA CX-30 vs HONDA HR-V, opinión sincera #mazda #honda #suv #auto #peru",,,shorts,https://i.ytimg.com/vi/_bmDM4Jd_HU/oar2.jpg?sqp=-oaymwEgCJUDEOAESFWQAgHyq4qpAw8IARUAAIhCcAHAAQbIAQE=&rs=AOn4CLDIxthbrlX8Y1q_1wLAvk-Tjr1X1Q&usqp=CCk,El Dios de los Autos,external-reference,embed_link_and_summarize_only
G7uV3D9WFmw,https://www.youtube.com/shorts/G7uV3D9WFmw,"Cajas automáticas de doble embrague, opinión sincera #volkswagen #geely #changan #audi #cherry",,,shorts,https://i.ytimg.com/vi/G7uV3D9WFmw/oar2.jpg?sqp=-oaymwEgCJUDEOAESFWQAgHyq4qpAw8IARUAAIhCcAHAAQbIAQE=&rs=AOn4CLABcRnG5PMN4JRH5xyOl--T6kozSg&usqp=CCk,El Dios de los Autos,external-reference,embed_link_and_summarize_only
SYmhgdHn974,https://www.youtube.com/shorts/SYmhgdHn974,¿Cuál elegir para hacer para taxi? #hyundai #toyota #suzuki #kia #taxi,,,shorts,https://i.ytimg.com/vi/SYmhgdHn974/oar2.jpg?sqp=-oaymwEgCJUDEOAESFWQAgHyq4qpAw8IARUAAIhCcAHAAQbIAQE=&rs=AOn4CLB46sfYmRURVAfEFijJKY7xx-zmRg&usqp=CCk,El Dios de los Autos,external-reference,embed_link_and_summarize_only
mn9CQiu-2HY,https://www.youtube.com/shorts/mn9CQiu-2HY,El auto perfecto no existe #cars #auto #coches,,,shorts,https://i.ytimg.com/vi/mn9CQiu-2HY/oar2.jpg?sqp=-oaymwEgCJUDEOAESFWQAgHyq4qpAw8IARUAAIhCcAHAAQbIAQE=&rs=AOn4CLDWyfOvxy-hoSRIQ3AZQaOyDvk48Q&usqp=CCk,El Dios de los Autos,external-reference,embed_link_and_summarize_only
l0t2fjCaoLw,https://www.youtube.com/shorts/l0t2fjCaoLw,Asegura tu auto ya con Nova América Brokers!/ 📲912+658=120 #peru #choque #carcrash #dashcam #nissan,,,shorts,https://i.ytimg.com/vi/l0t2fjCaoLw/oardefault.jpg?sqp=-oaymwEgCJUDEOAESFWQAgHyq4qpAw8IARUAAIhCcAHAAQbIAQE=&rs=AOn4CLDIkQ8p4GTygKp1S3gT9r3x4Lp0Tg&usqp=CCk,El Dios de los Autos,external-reference,embed_link_and_summarize_only
sfqsV0aJtLA,https://www.youtube.com/shorts/sfqsV0aJtLA,Aprende a leer la computadora a bordo de tu auto #cars #auto #coches #cartok #carros,,,shorts,https://i.ytimg.com/vi/sfqsV0aJtLA/oar2.jpg?sqp=-oaymwEgCJUDEOAESFWQAgHyq4qpAw8IARUAAIhCcAHAAQbIAQE=&rs=AOn4CLAbK4I0ey1SCo00job4m2Cn07_pNA&usqp=CCk,El Dios de los Autos,external-reference,embed_link_and_summarize_only
jvE9xmUeRrc,https://www.youtube.com/shorts/jvE9xmUeRrc,14 de diciembre de 2025,,,shorts,https://i.ytimg.com/vi/jvE9xmUeRrc/oar2.jpg?sqp=-oaymwEgCJUDEOAESFWQAgHyq4qpAw8IARUAAIhCcAHAAQbIAQE=&rs=AOn4CLCVm6tElwJGCGLKK2TRlMXLUo8hkA&usqp=CCk,El Dios de los Autos,external-reference,embed_link_and_summarize_only
5HQNGZwNIBw,https://www.youtube.com/shorts/5HQNGZwNIBw,Un día más tirando factos… #SUV #4x4 #offroad #cars #auto,,,shorts,https://i.ytimg.com/vi/5HQNGZwNIBw/oar2.jpg?sqp=-oaymwEgCJUDEOAESFWQAgHyq4qpAw8IARUAAIhCcAHAAQbIAQE=&rs=AOn4CLA3wKjiP00NYac8461Hmy8j2hBIYg&usqp=CCk,El Dios de los Autos,external-reference,embed_link_and_summarize_only
Lv2Bq38S2-w,https://www.youtube.com/shorts/Lv2Bq38S2-w,Volkswagen Taos 2026 opiniones sincera #volkswagen #taos #peru #mexico #chile,,,shorts,https://i.ytimg.com/vi/Lv2Bq38S2-w/oar2.jpg?sqp=-oaymwEgCJUDEOAESFWQAgHyq4qpAw8IARUAAIhCcAHAAQbIAQE=&rs=AOn4CLA3SI8uw-tnttIHvwLz2yPh24rTgw&usqp=CCk,El Dios de los Autos,external-reference,embed_link_and_summarize_only
5qGpxP2LuCg,https://www.youtube.com/shorts/5qGpxP2LuCg,Toyota GR GT es una bestia de $300k USD #toyota #lexus #supercar #luxury #luxurycar,,,shorts,https://i.ytimg.com/vi/5qGpxP2LuCg/oar2.jpg?sqp=-oaymwEgCJUDEOAESFWQAgHyq4qpAw8IARUAAIhCcAHAAQbIAQE=&rs=AOn4CLCjGhnT7_6G-YMF39KFaDh1qWIv7Q&usqp=CCk,El Dios de los Autos,external-reference,embed_link_and_summarize_only
Q80xLCwjfhU,https://www.youtube.com/shorts/Q80xLCwjfhU,"TRANSMISIONES AUTOMÁTICAS, ¿CUÁL ELEGIR? #transmisionautomatica #Toyota #hyundai #coches #autos",,,shorts,https://i.ytimg.com/vi/Q80xLCwjfhU/oar2.jpg?sqp=-oaymwEgCJUDEOAESFWQAgHyq4qpAw8IARUAAIhCcAHAAQbIAQE=&rs=AOn4CLClYdwKC_9RJT7Scd55svzLk4L5Wg&usqp=CCk,El Dios de los Autos,external-reference,embed_link_and_summarize_only
f06OQf0v17c,https://www.youtube.com/shorts/f06OQf0v17c,"Buen carro, mal carro #suzuki #mazda #toyota #nissan #hyundai",,,shorts,https://i.ytimg.com/vi/f06OQf0v17c/oar2.jpg?sqp=-oaymwEgCJUDEOAESFWQAgHyq4qpAw8IARUAAIhCcAHAAQbIAQE=&rs=AOn4CLBE_L8mcblF1UAis2PBIM4hMDQy-A&usqp=CCk,El Dios de los Autos,external-reference,embed_link_and_summarize_only
hsc23lXhdQ0,https://www.youtube.com/shorts/hsc23lXhdQ0,"MOTORTURBO, ¿ES MEJOR? #motorturbo #turbo #coches #autos #cars",,,shorts,https://i.ytimg.com/vi/hsc23lXhdQ0/oar2.jpg?sqp=-oaymwEgCJUDEOAESFWQAgHyq4qpAw8IARUAAIhCcAHAAQbIAQE=&rs=AOn4CLBcsGjYEAk3kMadtC0o22gqq45fnA&usqp=CCk,El Dios de los Autos,external-reference,embed_link_and_summarize_only
0RI4t7bDBCg,https://www.youtube.com/shorts/0RI4t7bDBCg,QUÉ OPINO DEL CHEVROLET GROOVE? #chevroletgroove2026 #chevrolet #suv #autos #coches,,,shorts,https://i.ytimg.com/vi/0RI4t7bDBCg/oar2.jpg?sqp=-oaymwEgCJUDEOAESFWQAgHyq4qpAw8IARUAAIhCcAHAAQbIAQE=&rs=AOn4CLAqtO6XUHj9LsqzgBWUp5GrrZ0hvw&usqp=CCk,El Dios de los Autos,external-reference,embed_link_and_summarize_only
JssZRPdqOdM,https://www.youtube.com/shorts/JssZRPdqOdM,Toyota acaba de comprar Mazda #toyota #mazda #cartok #cars #news,,,shorts,https://i.ytimg.com/vi/JssZRPdqOdM/oar2.jpg?sqp=-oaymwEgCJUDEOAESFWQAgHyq4qpAw8IARUAAIhCcAHAAQbIAQE=&rs=AOn4CLCdRtGo9GHDYotJiHy7Fgx1Djk1ew&usqp=CCk,El Dios de los Autos,external-reference,embed_link_and_summarize_only
zco3hNWtIb8,https://www.youtube.com/shorts/zco3hNWtIb8,"Auto bueno, auto malo. #toyota #nissan #hyundai #kia #mazda",,,shorts,https://i.ytimg.com/vi/zco3hNWtIb8/oar2.jpg?sqp=-oaymwEgCJUDEOAESFWQAgHyq4qpAw8IARUAAIhCcAHAAQbIAQE=&rs=AOn4CLAO7KVu97uj3LSeDlbEk0qKi884_A&usqp=CCk,El Dios de los Autos,external-reference,embed_link_and_summarize_only
6GbU4ay3ENI,https://www.youtube.com/shorts/6GbU4ay3ENI,5 de diciembre de 2025,,,shorts,https://i.ytimg.com/vi/6GbU4ay3ENI/oar2.jpg?sqp=-oaymwEgCJUDEOAESFWQAgHyq4qpAw8IARUAAIhCcAHAAQbIAQE=&rs=AOn4CLBi9gXHs5oPSy2p3UzTR4TG1eYGrQ&usqp=CCk,El Dios de los Autos,external-reference,embed_link_and_summarize_only
PLLgXLvz7bY,https://www.youtube.com/shorts/PLLgXLvz7bY,Hyundai y changan se enfrentan! #hyundai #changan #auto #china #cars,,,shorts,https://i.ytimg.com/vi/PLLgXLvz7bY/oar2.jpg?sqp=-oaymwEgCJUDEOAESFWQAgHyq4qpAw8IARUAAIhCcAHAAQbIAQE=&rs=AOn4CLBCpOpV7CmjODBzVvEVzYhGGWAtGA&usqp=CCk,El Dios de los Autos,external-reference,embed_link_and_summarize_only
m5GoI_GqsTs,https://www.youtube.com/shorts/m5GoI_GqsTs,3 de diciembre de 2025,,,shorts,https://i.ytimg.com/vi/m5GoI_GqsTs/oar2.jpg?sqp=-oaymwEgCJUDEOAESFWQAgHyq4qpAw8IARUAAIhCcAHAAQbIAQE=&rs=AOn4CLD2-NzWSPMw33XCvolP-p0byGODAQ&usqp=CCk,El Dios de los Autos,external-reference,embed_link_and_summarize_only
vvZNlHoh36Q,https://www.youtube.com/shorts/vvZNlHoh36Q,"TURBO, Pt. 2 #turbo #tunning #parte2 #autos",,,shorts,https://i.ytimg.com/vi/vvZNlHoh36Q/oar2.jpg?sqp=-oaymwEgCJUDEOAESFWQAgHyq4qpAw8IARUAAIhCcAHAAQbIAQE=&rs=AOn4CLCq2WzMxnjHhNRJ8UnLk6u8Jb1tXQ&usqp=CCk,El Dios de los Autos,external-reference,embed_link_and_summarize_only
uJFKVrbb9kI,https://www.youtube.com/shorts/uJFKVrbb9kI,"TURBO, ¿vale la pena o no? #turbo #parte1 #parte2 #autos #tunning",,,shorts,https://i.ytimg.com/vi/uJFKVrbb9kI/oar2.jpg?sqp=-oaymwEgCJUDEOAESFWQAgHyq4qpAw8IARUAAIhCcAHAAQbIAQE=&rs=AOn4CLDEltOnEYRnpV3AtFq-pXYFFcMumg&usqp=CCk,El Dios de los Autos,external-reference,embed_link_and_summarize_only
zN2srWjJLJI,https://www.youtube.com/shorts/zN2srWjJLJI,1 de diciembre de 2025,,,shorts,https://i.ytimg.com/vi/zN2srWjJLJI/oar2.jpg?sqp=-oaymwEgCJUDEOAESFWQAgHyq4qpAw8IARUAAIhCcAHAAQbIAQE=&rs=AOn4CLAmIe0yepp6VAol2zkyhLIdXr3DSA&usqp=CCk,El Dios de los Autos,external-reference,embed_link_and_summarize_only
LS5kyIFs9oM,https://www.youtube.com/shorts/LS5kyIFs9oM,Hyundai génesis Magma 2026 #hyundai #kia #toyota #genesis #lexus,,,shorts,https://i.ytimg.com/vi/LS5kyIFs9oM/oar2.jpg?sqp=-oaymwEgCJUDEOAESFWQAgHyq4qpAw8IARUAAIhCcAHAAQbIAQE=&rs=AOn4CLAgEPSdrL5LYLyyISIwQoajkyJhxw&usqp=CCk,El Dios de los Autos,external-reference,embed_link_and_summarize_only
a1WN2cPxx0o,https://www.youtube.com/shorts/a1WN2cPxx0o,28 de noviembre de 2025,,,shorts,https://i.ytimg.com/vi/a1WN2cPxx0o/oar2.jpg?sqp=-oaymwEgCJUDEOAESFWQAgHyq4qpAw8IARUAAIhCcAHAAQbIAQE=&rs=AOn4CLAOQOhvesKHwmsZgw8oJhhXitqnxg&usqp=CCk,El Dios de los Autos,external-reference,embed_link_and_summarize_only
kQzSDYjg-ok,https://www.youtube.com/shorts/kQzSDYjg-ok,27 de noviembre de 2025,,,shorts,https://i.ytimg.com/vi/kQzSDYjg-ok/oar2.jpg?sqp=-oaymwEgCJUDEOAESFWQAgHyq4qpAw8IARUAAIhCcAHAAQbIAQE=&rs=AOn4CLCWwsAqIAp2bhOiL3JaTi1LQkeLfA&usqp=CCk,El Dios de los Autos,external-reference,embed_link_and_summarize_only
6DLZYSYmfY0,https://www.youtube.com/shorts/6DLZYSYmfY0,Nos vemos este domingo 30 de noviembre en el Ronex Park. #peru #sorteo #tuning #cars #auto,,,shorts,https://i.ytimg.com/vi/6DLZYSYmfY0/oardefault.jpg?sqp=-oaymwEgCJUDEOAESFWQAgHyq4qpAw8IARUAAIhCcAHAAQbIAQE=&rs=AOn4CLDm--n9K-tLUO7_u0uxKGSdePaZzQ&usqp=CCk,El Dios de los Autos,external-reference,embed_link_and_summarize_only
mYdwfZp6kBk,https://www.youtube.com/shorts/mYdwfZp6kBk,¿Es mejor una caja automática que una manual? #mecanica #mecanicaautomotriz #cars #auto #coche,,,shorts,https://i.ytimg.com/vi/mYdwfZp6kBk/oar2.jpg?sqp=-oaymwEgCJUDEOAESFWQAgHyq4qpAw8IARUAAIhCcAHAAQbIAQE=&rs=AOn4CLDUxQJoth38SQ7iZr9GhJ3nn-ye9A&usqp=CCk,El Dios de los Autos,external-reference,embed_link_and_summarize_only
78bFRDWGp10,https://www.youtube.com/shorts/78bFRDWGp10,Volkswagen Taos opinión sincera #volkswagen #hyundai #kia #mazda #subaru,,,shorts,https://i.ytimg.com/vi/78bFRDWGp10/oar2.jpg?sqp=-oaymwEgCJUDEOAESFWQAgHyq4qpAw8IARUAAIhCcAHAAQbIAQE=&rs=AOn4CLBnDutsgjD8h35-aqQ2tz3F4Dbr-A&usqp=CCk,El Dios de los Autos,external-reference,embed_link_and_summarize_only
whmCwhsT864,https://www.youtube.com/shorts/whmCwhsT864,Toyota Yaris glow up #toyota #yaris #cars #auto #coches,,,shorts,https://i.ytimg.com/vi/whmCwhsT864/oar2.jpg?sqp=-oaymwEgCJUDEOAESFWQAgHyq4qpAw8IARUAAIhCcAHAAQbIAQE=&rs=AOn4CLDIKZoh8WEM0KMaCa0rIqarf63O6A&usqp=CCk,El Dios de los Autos,external-reference,embed_link_and_summarize_only
xaEr62Tgszw,https://www.youtube.com/shorts/xaEr62Tgszw,22 de noviembre de 2025,,,shorts,https://i.ytimg.com/vi/xaEr62Tgszw/oar2.jpg?sqp=-oaymwEgCJUDEOAESFWQAgHyq4qpAw8IARUAAIhCcAHAAQbIAQE=&rs=AOn4CLD65_m-Iiie3KxrGts0Puu7eb-HUA&usqp=CCk,El Dios de los Autos,external-reference,embed_link_and_summarize_only
2DyhywP4iZs,https://www.youtube.com/shorts/2DyhywP4iZs,21 de noviembre de 2025,,,shorts,https://i.ytimg.com/vi/2DyhywP4iZs/oar2.jpg?sqp=-oaymwEgCJUDEOAESFWQAgHyq4qpAw8IARUAAIhCcAHAAQbIAQE=&rs=AOn4CLBTmixbcmpzTDoQ3RNxCn5dt1Tqyw&usqp=CCk,El Dios de los Autos,external-reference,embed_link_and_summarize_only
tcHEjGSiVTI,https://www.youtube.com/shorts/tcHEjGSiVTI,"@AROS BRYAN🇵🇪 / 📲 981+599=065 / Av. Canadá 346, la victoria #tuning #peru #cars #auto #coches",,,shorts,https://i.ytimg.com/vi/tcHEjGSiVTI/oar2.jpg?sqp=-oaymwEgCJUDEOAESFWQAgHyq4qpAw8IARUAAIhCcAHAAQbIAQE=&rs=AOn4CLBqv9TWwrJwhY47qfgoTmrfNVRzeA&usqp=CCk,El Dios de los Autos,external-reference,embed_link_and_summarize_only
GPe6I4grXTg,https://www.youtube.com/shorts/GPe6I4grXTg,Encuéntralos en Instagram: @Reisen_Go / 📲913+578=485 #peru #bmw #audi #mercedes #lexus,,,shorts,https://i.ytimg.com/vi/GPe6I4grXTg/oar2.jpg?sqp=-oaymwEgCJUDEOAESFWQAgHyq4qpAw8IARUAAIhCcAHAAQbIAQE=&rs=AOn4CLBuGjVE9MLIEID8LfELNBG_CNrgCg&usqp=CCk,El Dios de los Autos,external-reference,embed_link_and_summarize_only
BVSADqtsFDM,https://www.youtube.com/shorts/BVSADqtsFDM,¿SUV por 10k dólares? #suv #4x4 #offroad #nissan #subaru,,,shorts,https://i.ytimg.com/vi/BVSADqtsFDM/oar2.jpg?sqp=-oaymwEgCJUDEOAESFWQAgHyq4qpAw8IARUAAIhCcAHAAQbIAQE=&rs=AOn4CLCpvmS1LAaTdVJevaDjo0jwn39YTQ&usqp=CCk,El Dios de los Autos,external-reference,embed_link_and_summarize_only
GNIPTvJ4dg0,https://www.youtube.com/shorts/GNIPTvJ4dg0,Toyota va a la guerra con los chinos #toyota #auto #china #cars #coches,,,shorts,https://i.ytimg.com/vi/GNIPTvJ4dg0/oar2.jpg?sqp=-oaymwEgCJUDEOAESFWQAgHyq4qpAw8IARUAAIhCcAHAAQbIAQE=&rs=AOn4CLBwdSNK_9ABBw4M7m6-d_7OoY-UnA&usqp=CCk,El Dios de los Autos,external-reference,embed_link_and_summarize_only
de2GFL4f2vg,https://www.youtube.com/shorts/de2GFL4f2vg,Auto NUEVO Vs Usado ¿qué es mejor? #cars #autos #coches #nuevo #ventas,,,shorts,https://i.ytimg.com/vi/de2GFL4f2vg/oar2.jpg?sqp=-oaymwEgCJUDEOAESFWQAgHyq4qpAw8IARUAAIhCcAHAAQbIAQE=&rs=AOn4CLCscZxQhaayHFc33lEHbsAzA6FRrQ&usqp=CCk,El Dios de los Autos,external-reference,embed_link_and_summarize_only
CvbPQJ21hog,https://www.youtube.com/shorts/CvbPQJ21hog,Por eso recomiendo a @AROS BRYAN🇵🇪 que ofrecen garantías #llantas #perú #tuning #4x4 #offroad,,,shorts,https://i.ytimg.com/vi/CvbPQJ21hog/oar2.jpg?sqp=-oaymwEgCJUDEOAESFWQAgHyq4qpAw8IARUAAIhCcAHAAQbIAQE=&rs=AOn4CLAWZpC_9ioSht9HC1w-kDSRbNYOwQ&usqp=CCk,El Dios de los Autos,external-reference,embed_link_and_summarize_only
0TNXuH5GDkc,https://www.youtube.com/shorts/0TNXuH5GDkc,17 de noviembre de 2025,,,shorts,https://i.ytimg.com/vi/0TNXuH5GDkc/oar2.jpg?sqp=-oaymwEgCJUDEOAESFWQAgHyq4qpAw8IARUAAIhCcAHAAQbIAQE=&rs=AOn4CLA3OfxM654vBFXcxKPoE2B62KWRxA&usqp=CCk,El Dios de los Autos,external-reference,embed_link_and_summarize_only
w2wOdi6y1bg,https://www.youtube.com/shorts/w2wOdi6y1bg,Nissan Sentra Tsuru Vs Geely Emgrand #nissan #geely #auto #china #tsuru,,,shorts,https://i.ytimg.com/vi/w2wOdi6y1bg/oar2.jpg?sqp=-oaymwEgCJUDEOAESFWQAgHyq4qpAw8IARUAAIhCcAHAAQbIAQE=&rs=AOn4CLBTOmyKUQVOiNP_UVqrBjOnF63hjg&usqp=CCk,El Dios de los Autos,external-reference,embed_link_and_summarize_only
L--tlY7bEQc,https://www.youtube.com/shorts/L--tlY7bEQc,Factos automotrices #cars #auto #coches #mecanica #subaru,,,shorts,https://i.ytimg.com/vi/L--tlY7bEQc/oar2.jpg?sqp=-oaymwEgCJUDEOAESFWQAgHyq4qpAw8IARUAAIhCcAHAAQbIAQE=&rs=AOn4CLDGT0kPer_hl-NvMuyByw8yQSj1RQ&usqp=CCk,El Dios de los Autos,external-reference,embed_link_and_summarize_only
lXmLc9KAyAo,https://www.youtube.com/shorts/lXmLc9KAyAo,🙀 #toyota #ferrari #volvo #meme #lol,,,shorts,https://i.ytimg.com/vi/lXmLc9KAyAo/oar2.jpg?sqp=-oaymwEgCJUDEOAESFWQAgHyq4qpAw8IARUAAIhCcAHAAQbIAQE=&rs=AOn4CLCeF7gaImuwh9YE2S1tJJIfvGaVZQ&usqp=CCk,El Dios de los Autos,external-reference,embed_link_and_summarize_only
uftB-T7ma_0,https://www.youtube.com/shorts/uftB-T7ma_0,5 autos malos de marcas buenas #toyota #volkswagen #ford #nissan #chevrolet,,,shorts,https://i.ytimg.com/vi/uftB-T7ma_0/oar2.jpg?sqp=-oaymwEgCJUDEOAESFWQAgHyq4qpAw8IARUAAIhCcAHAAQbIAQE=&rs=AOn4CLA4BKOF50_1oFMXf1BhjMiAm2075A&usqp=CCk,El Dios de los Autos,external-reference,embed_link_and_summarize_only
7UM9XU9bDHw,https://www.youtube.com/shorts/7UM9XU9bDHw,#4x4 #haval #offroad #offroad4x4 #suv,,,shorts,https://i.ytimg.com/vi/7UM9XU9bDHw/oar2.jpg?sqp=-oaymwEgCJUDEOAESFWQAgHyq4qpAw8IARUAAIhCcAHAAQbIAQE=&rs=AOn4CLDoXHKRfl9lPO8EvBgOhyK7M1gR5A&usqp=CCk,El Dios de los Autos,external-reference,embed_link_and_summarize_only
IPBt0k1R2P0,https://www.youtube.com/shorts/IPBt0k1R2P0,"Mejor auto, SUV y pick up para principiantes #suv #honda #hyundai #pickup #nissan",,,shorts,https://i.ytimg.com/vi/IPBt0k1R2P0/oar2.jpg?sqp=-oaymwEgCJUDEOAESFWQAgHyq4qpAw8IARUAAIhCcAHAAQbIAQE=&rs=AOn4CLD6x873ClUNiWREUO_MvbnWUvQJ6Q&usqp=CCk,El Dios de los Autos,external-reference,embed_link_and_summarize_only
QVKfJig51dM,https://www.youtube.com/shorts/QVKfJig51dM,Espectacular el Nissan Sentra #nissan #toyota #sentra #corolla #cars,,,shorts,https://i.ytimg.com/vi/QVKfJig51dM/oar2.jpg?sqp=-oaymwEgCJUDEOAESFWQAgHyq4qpAw8IARUAAIhCcAHAAQbIAQE=&rs=AOn4CLAoONfjKAi-CsUOjFFYtLTZzQj8dg&usqp=CCk,El Dios de los Autos,external-reference,embed_link_and_summarize_only
rrb8t3ljVNk,https://www.youtube.com/shorts/rrb8t3ljVNk,"Olvídate de los problemas para encontrar los repuestos de tu vehículo, con @Reisen Go eso se acabó😎",,,shorts,https://i.ytimg.com/vi/rrb8t3ljVNk/oar2.jpg?sqp=-oaymwEgCJUDEOAESFWQAgHyq4qpAw8IARUAAIhCcAHAAQbIAQE=&rs=AOn4CLB16kBNY_diXgWlTqkx0gG1tJT6Eg&usqp=CCk,El Dios de los Autos,external-reference,embed_link_and_summarize_only
H1lSFFQoazE,https://www.youtube.com/shorts/H1lSFFQoazE,Nuevo Toyota Corolla 2026 #toyota #corolla #cars #auto #coches,,,shorts,https://i.ytimg.com/vi/H1lSFFQoazE/oar2.jpg?sqp=-oaymwEgCJUDEOAESFWQAgHyq4qpAw8IARUAAIhCcAHAAQbIAQE=&rs=AOn4CLAAPzoFqi06cP0YMQCUT_s6CZ6o9g&usqp=CCk,El Dios de los Autos,external-reference,embed_link_and_summarize_only
PZKaAScb0Yw,https://www.youtube.com/shorts/PZKaAScb0Yw,7 de noviembre de 2025,,,shorts,https://i.ytimg.com/vi/PZKaAScb0Yw/oar2.jpg?sqp=-oaymwEgCJUDEOAESFWQAgHyq4qpAw8IARUAAIhCcAHAAQbIAQE=&rs=AOn4CLAc5O1sDBC_Wu8EMUdxn0bPDjbilQ&usqp=CCk,El Dios de los Autos,external-reference,embed_link_and_summarize_only
d3PrQz_5X80,https://www.youtube.com/shorts/d3PrQz_5X80,BYD supera a Hyundai y se acerca a Toyota #auto #china #toyota #hyundai #cars,,,shorts,https://i.ytimg.com/vi/d3PrQz_5X80/oar2.jpg?sqp=-oaymwEgCJUDEOAESFWQAgHyq4qpAw8IARUAAIhCcAHAAQbIAQE=&rs=AOn4CLAEtvnjCXZv4RIghlbY2OQhHu0NzA&usqp=CCk,El Dios de los Autos,external-reference,embed_link_and_summarize_only
01G1uM-P0uQ,https://www.youtube.com/shorts/01G1uM-P0uQ,¿Cuál es el auto con mejor rendimiento de combustible? #cars #auto #coches #mecanica #ofertas,,,shorts,https://i.ytimg.com/vi/01G1uM-P0uQ/oardefault.jpg?sqp=-oaymwEgCJYDEOEESFWQAgHyq4qpAw8IARUAAIhCcAHAAQbIAQE=&rs=AOn4CLCBk192sxrISXbT8kKEt3CxwRmjKg&usqp=CCk,El Dios de los Autos,external-reference,embed_link_and_summarize_only
Wrx3PFyhg8I,https://www.youtube.com/shorts/Wrx3PFyhg8I,NUEVO @Geely Perú  LO CAMBIA TODO! #geely #suv #perú #nuevacoolray #geelyperu,,,shorts,https://i.ytimg.com/vi/Wrx3PFyhg8I/oar2.jpg?sqp=-oaymwEgCJUDEOAESFWQAgHyq4qpAw8IARUAAIhCcAHAAQbIAQE=&rs=AOn4CLAxqbfy2E0iIUEcf0I1-vGZW1MjtQ&usqp=CCk,El Dios de los Autos,external-reference,embed_link_and_summarize_only
I1o0g302ce4,https://www.youtube.com/shorts/I1o0g302ce4,¿Hyundai y Kia son buenos? #hyundai #kia #suv #4x4 #offroad,,,shorts,https://i.ytimg.com/vi/I1o0g302ce4/oar2.jpg?sqp=-oaymwEgCJUDEOAESFWQAgHyq4qpAw8IARUAAIhCcAHAAQbIAQE=&rs=AOn4CLBdcFBc8GInXXUT3ZpXULf77iBWFA&usqp=CCk,El Dios de los Autos,external-reference,embed_link_and_summarize_only
DWveVlCFWNA,https://www.youtube.com/shorts/DWveVlCFWNA,#cars #autos #coches #toyota #nissan,,,shorts,https://i.ytimg.com/vi/DWveVlCFWNA/oar2.jpg?sqp=-oaymwEgCJUDEOAESFWQAgHyq4qpAw8IARUAAIhCcAHAAQbIAQE=&rs=AOn4CLCoxWHPvUc5tAwQ0sKA-2ad1NzHaA&usqp=CCk,El Dios de los Autos,external-reference,embed_link_and_summarize_only
7MVVio6te5s,https://www.youtube.com/shorts/7MVVio6te5s,Tu seguro vehicular con 20%  con Nova American Brokers📲 51*912+658=120 #peru #seguros #auto #carros,,,shorts,https://i.ytimg.com/vi/7MVVio6te5s/oar2.jpg?sqp=-oaymwEgCJUDEOAESFWQAgHyq4qpAw8IARUAAIhCcAHAAQbIAQE=&rs=AOn4CLCDS2pFX8rN1dR2Q5pVcNgrG2a54g&usqp=CCk,El Dios de los Autos,external-reference,embed_link_and_summarize_only
P_Nioj4c9J0,https://www.youtube.com/shorts/P_Nioj4c9J0,Toyota acaba de destruir a los chinos #toyota #usa🇺🇸 #america #cars #auto,,,shorts,https://i.ytimg.com/vi/P_Nioj4c9J0/oar2.jpg?sqp=-oaymwEgCJUDEOAESFWQAgHyq4qpAw8IARUAAIhCcAHAAQbIAQE=&rs=AOn4CLCimpFelS7OZ5YJF_cp9M_kPwVifg&usqp=CCk,El Dios de los Autos,external-reference,embed_link_and_summarize_only
XKB1SErzWkM,https://www.youtube.com/shorts/XKB1SErzWkM,"Toyota es el mejor auto, es perfecto #toyota #perú #hyundai #kis #nissan",,,shorts,https://i.ytimg.com/vi/XKB1SErzWkM/oar2.jpg?sqp=-oaymwEgCJUDEOAESFWQAgHyq4qpAw8IARUAAIhCcAHAAQbIAQE=&rs=AOn4CLBlXMRnIXpViE5ZjEz21LU6ReYwVw&usqp=CCk,El Dios de los Autos,external-reference,embed_link_and_summarize_only
ZeAWDAtwEBI,https://www.youtube.com/shorts/ZeAWDAtwEBI,¿Por qué todos compran autos chinos? #geely #chery #changan #haval #jac,,,shorts,https://i.ytimg.com/vi/ZeAWDAtwEBI/oardefault.jpg?sqp=-oaymwEgCJUDEOAESFWQAgHyq4qpAw8IARUAAIhCcAHAAQbIAQE=&rs=AOn4CLBlsWxRJX5FWeLwnNUKDYdBP9AdWQ&usqp=CCk,El Dios de los Autos,external-reference,embed_link_and_summarize_only
Mx6zkpHANuE,https://www.youtube.com/shorts/Mx6zkpHANuE,😍 #4x4 #offroad #suv #toyota #suzuki,,,shorts,https://i.ytimg.com/vi/Mx6zkpHANuE/oar2.jpg?sqp=-oaymwEgCJUDEOAESFWQAgHyq4qpAw8IARUAAIhCcAHAAQbIAQE=&rs=AOn4CLDHu_nb2K_gkLPbRvbbpdAvGGVQOQ&usqp=CCk,El Dios de los Autos,external-reference,embed_link_and_summarize_only
28PRjbIDhdU,https://www.youtube.com/shorts/28PRjbIDhdU,¿Toyota o Hyundai? ¿Cuál es mejor? #hyundai #kia #toyota #nissan #auto,,,shorts,https://i.ytimg.com/vi/28PRjbIDhdU/oardefault.jpg?sqp=-oaymwEgCJUDEOAESFWQAgHyq4qpAw8IARUAAIhCcAHAAQbIAQE=&rs=AOn4CLANEVVecje74L8IllAV-u07lJbzfA&usqp=CCk,El Dios de los Autos,external-reference,embed_link_and_summarize_only
wRWe8CQITqk,https://www.youtube.com/shorts/wRWe8CQITqk,Toyota Raize sirve para taxi? #toyota #mecanica #mecanicaautomotriz #taxi #auto,,,shorts,https://i.ytimg.com/vi/wRWe8CQITqk/oar2.jpg?sqp=-oaymwEgCMwCEPIDSFWQAgHyq4qpAw8IARUAAIhCcAHAAQbIAQE=&rs=AOn4CLD2BD-2R_u3avXX47btJuFpmFHlpQ&usqp=CCk,El Dios de los Autos,external-reference,embed_link_and_summarize_only
67Cj_DarMrU,https://www.youtube.com/shorts/67Cj_DarMrU,Mercedes le copia a Jaguar! #mercedes #jaguar #luxurycars #auto #cars,,,shorts,https://i.ytimg.com/vi/67Cj_DarMrU/oardefault.jpg?sqp=-oaymwEgCJUDEOAESFWQAgHyq4qpAw8IARUAAIhCcAHAAQbIAQE=&rs=AOn4CLB61Qe4bBMFWkrcMTpJb5XzG3WAYQ&usqp=CCk,El Dios de los Autos,external-reference,embed_link_and_summarize_only
XRW0cKiB9y8,https://www.youtube.com/shorts/XRW0cKiB9y8,¿Aros/rines más grandes malogran el auto? #cars #auto #coches #tuning #racing,,,shorts,https://i.ytimg.com/vi/XRW0cKiB9y8/oar2.jpg?sqp=-oaymwEgCJUDEOAESFWQAgHyq4qpAw8IARUAAIhCcAHAAQbIAQE=&rs=AOn4CLDO4rJrtPGumXLFdZul48Z5EaDPOA&usqp=CCk,El Dios de los Autos,external-reference,embed_link_and_summarize_only
cvzgj5TZByU,https://www.youtube.com/shorts/cvzgj5TZByU,#cherytiggo #cars #autos #coches,,,shorts,https://i.ytimg.com/vi/cvzgj5TZByU/oar2.jpg?sqp=-oaymwEgCJUDEOAESFWQAgHyq4qpAw8IARUAAIhCcAHAAQbIAQE=&rs=AOn4CLB4Cn6v6mn-nFYu0BQc05VmeSWJMg&usqp=CCk,El Dios de los Autos,external-reference,embed_link_and_summarize_only
JpSRdU1CWeQ,https://www.youtube.com/shorts/JpSRdU1CWeQ,#toyota #rav4 #suv #4x4 #offroad,,,shorts,https://i.ytimg.com/vi/JpSRdU1CWeQ/oar2.jpg?sqp=-oaymwEgCJUDEOAESFWQAgHyq4qpAw8IARUAAIhCcAHAAQbIAQE=&rs=AOn4CLAZ7ePY78qD7vINnKxCaH7sVBAc-w&usqp=CCk,El Dios de los Autos,external-reference,embed_link_and_summarize_only
Ap7OPFx5Dw8,https://www.youtube.com/shorts/Ap7OPFx5Dw8,Reisen.Go / 📲 913+578=485 #taller #tallermecanico #perú #perú🇵🇪,,,shorts,https://i.ytimg.com/vi/Ap7OPFx5Dw8/oardefault.jpg?sqp=-oaymwEgCJUDEOAESFWQAgHyq4qpAw8IARUAAIhCcAHAAQbIAQE=&rs=AOn4CLAwUvWn2er7E_VJ7oP62EUqU1gLGg&usqp=CCk,El Dios de los Autos,external-reference,embed_link_and_summarize_only
RxQom6IPDm8,https://www.youtube.com/shorts/RxQom6IPDm8,👀👇🏻 #autos #cars #coches #carros #carsofinstagram,,,shorts,https://i.ytimg.com/vi/RxQom6IPDm8/oardefault.jpg?sqp=-oaymwEgCJUDEOAESFWQAgHyq4qpAw8IARUAAIhCcAHAAQbIAQE=&rs=AOn4CLBuep4Z6Rwhud-YismA_iepLnNeHA&usqp=CCk,El Dios de los Autos,external-reference,embed_link_and_summarize_only
8zTWMjlZHK8,https://www.youtube.com/shorts/8zTWMjlZHK8,Te leo en los comentarios 👇🏻 #cars #autos #coches #mustang #supra #porsche #bugatti #ferrari,,,shorts,https://i.ytimg.com/vi/8zTWMjlZHK8/oar2.jpg?sqp=-oaymwEgCJUDEOAESFWQAgHyq4qpAw8IARUAAIhCcAHAAQbIAQE=&rs=AOn4CLD-Yne_ESF1DGOwv6f9XlLviIIb0A&usqp=CCk,El Dios de los Autos,external-reference,embed_link_and_summarize_only
1NYEaS7_V2g,https://www.youtube.com/shorts/1NYEaS7_V2g,Nissan al borde de la bancarrota #nissan #cars #auto #ultimominuto #coches,,,shorts,https://i.ytimg.com/vi/1NYEaS7_V2g/oar2.jpg?sqp=-oaymwEgCJUDEOAESFWQAgHyq4qpAw8IARUAAIhCcAHAAQbIAQE=&rs=AOn4CLDEyh6QbCnlYwLck_WHvV5_DJ-Yrg&usqp=CCk,El Dios de los Autos,external-reference,embed_link_and_summarize_only
x787oMZIhLU,https://www.youtube.com/shorts/x787oMZIhLU,Cotiza tu seguro vehicular ya! 📲 912 + 658 = 120 #perú #perú🇵🇪 #auto #carros #seguro,,,shorts,https://i.ytimg.com/vi/x787oMZIhLU/oardefault.jpg?sqp=-oaymwEgCJUDEOAESFWQAgHyq4qpAw8IARUAAIhCcAHAAQbIAQE=&rs=AOn4CLB_PxvlEjhZmmy4bGqOwI6YCU6kwA&usqp=CCk,El Dios de los Autos,external-reference,embed_link_and_summarize_only
-dtVo7npt8Q,https://www.youtube.com/shorts/-dtVo7npt8Q,🥰 #cars #autos #supercar #luxurycar,,,shorts,https://i.ytimg.com/vi/-dtVo7npt8Q/oardefault.jpg?sqp=-oaymwEgCJYDEOEESFWQAgHyq4qpAw8IARUAAIhCcAHAAQbIAQE=&rs=AOn4CLBVbzEhBHRbx28RTGBtEI3V0TlhDA&usqp=CCk,El Dios de los Autos,external-reference,embed_link_and_summarize_only
ZEMsiQ05Dhc,https://www.youtube.com/shorts/ZEMsiQ05Dhc,Aceite de bebé para que brille la pintura del auto #hacks #humor #lol #meme #cuidado,,,shorts,https://i.ytimg.com/vi/ZEMsiQ05Dhc/oar2.jpg?sqp=-oaymwEgCJUDEOAESFWQAgHyq4qpAw8IARUAAIhCcAHAAQbIAQE=&rs=AOn4CLAD6uzt__42o-cqwVLONVTr2eXRag&usqp=CCk,El Dios de los Autos,external-reference,embed_link_and_summarize_only
fNAoGZDk6kk,https://www.youtube.com/shorts/fNAoGZDk6kk,😂 #hacks #lol #meme #auto #coches,,,shorts,https://i.ytimg.com/vi/fNAoGZDk6kk/oar2.jpg?sqp=-oaymwEgCJUDEOAESFWQAgHyq4qpAw8IARUAAIhCcAHAAQbIAQE=&rs=AOn4CLDfS6qxsgsA5reDJERCfr_4urzXBQ&usqp=CCk,El Dios de los Autos,external-reference,embed_link_and_summarize_only
c9qhvxaq1Sw,https://www.youtube.com/shorts/c9qhvxaq1Sw,El adiós de otro Nissan 🚨#nissan #toyota #hyundai  #kia #autos,,,shorts,https://i.ytimg.com/vi/c9qhvxaq1Sw/oardefault.jpg?sqp=-oaymwEgCJUDEOAESFWQAgHyq4qpAw8IARUAAIhCcAHAAQbIAQE=&rs=AOn4CLAf0OhyhZYPKGDDQUIKb3pj9D2TsQ&usqp=CCk,El Dios de los Autos,external-reference,embed_link_and_summarize_only
7iFymf1F1Uk,https://www.youtube.com/shorts/7iFymf1F1Uk,"Tracción trasera o delantera, ¿cuál es mejor? Aquí te lo cuento #cars #auto #coches #supercar #drift",,,shorts,https://i.ytimg.com/vi/7iFymf1F1Uk/oardefault.jpg?sqp=-oaymwEgCJUDEOAESFWQAgHyq4qpAw8IARUAAIhCcAHAAQbIAQE=&rs=AOn4CLDySr7ySJdNm8Oj2C3ix0RkBbt42Q&usqp=CCk,El Dios de los Autos,external-reference,embed_link_and_summarize_only
w0jjFCh48fo,https://www.youtube.com/shorts/w0jjFCh48fo,"Ford Bronco Sport, no entiendo por qué existe #ford #bronco #4x4 #offroad #suv",,,shorts,https://i.ytimg.com/vi/w0jjFCh48fo/oar2.jpg?sqp=-oaymwEgCJUDEOAESFWQAgHyq4qpAw8IARUAAIhCcAHAAQbIAQE=&rs=AOn4CLDtUeyj_qLuHqKVdkl92rTF3-NZWg&usqp=CCk,El Dios de los Autos,external-reference,embed_link_and_summarize_only
DG2Yb5xxMbY,https://www.youtube.com/shorts/DG2Yb5xxMbY,"Conversión de Hyundai a Lamborghini, ¿es posible? #cars #auto #hyundai #lamborghini",,,shorts,https://i.ytimg.com/vi/DG2Yb5xxMbY/oardefault.jpg?sqp=-oaymwEgCJUDEOAESFWQAgHyq4qpAw8IARUAAIhCcAHAAQbIAQE=&rs=AOn4CLAOwAEEDIHOczQWXWd1zhA1b05PMw&usqp=CCk,El Dios de los Autos,external-reference,embed_link_and_summarize_only
NskJsX2_6cU,https://www.youtube.com/shorts/NskJsX2_6cU,"Chery Tiggo 4 Pro 2024 / 5,000 km de recorrido / Precio 14,000 dólares #peru #autos #venta #chery",,,shorts,https://i.ytimg.com/vi/NskJsX2_6cU/oar2.jpg?sqp=-oaymwEgCJUDEOAESFWQAgHyq4qpAw8IARUAAIhCcAHAAQbIAQE=&rs=AOn4CLAZD5fIvDImuJp_mAmga6FrWGgqkQ&usqp=CCk,El Dios de los Autos,external-reference,embed_link_and_summarize_only
2B57NRiPxzE,https://www.youtube.com/shorts/2B57NRiPxzE,Modificaciones que no sirven para nada #tuning #cars #autos  #fast #fastandfurious,,,shorts,https://i.ytimg.com/vi/2B57NRiPxzE/oardefault.jpg?sqp=-oaymwEgCJUDEOAESFWQAgHyq4qpAw8IARUAAIhCcAHAAQbIAQE=&rs=AOn4CLBzx9y_8fdCNhZwxttuvbYqNP5hCg&usqp=CCk,El Dios de los Autos,external-reference,embed_link_and_summarize_only
ylHsQnRwaWU,https://www.youtube.com/shorts/ylHsQnRwaWU,Paaarrrrfaaavaaarrrr #cars #autos #coches #memes #lol,,,shorts,https://i.ytimg.com/vi/ylHsQnRwaWU/oar2.jpg?sqp=-oaymwEgCJUDEOAESFWQAgHyq4qpAw8IARUAAIhCcAHAAQbIAQE=&rs=AOn4CLBhhKdVYwEfnpb0aB4leRPwxYGgAA&usqp=CCk,El Dios de los Autos,external-reference,embed_link_and_summarize_only
KgLNJVlESEI,https://www.youtube.com/shorts/KgLNJVlESEI,#toyota #corolla #hilux #rav4 #camry,,,shorts,https://i.ytimg.com/vi/KgLNJVlESEI/oardefault.jpg?sqp=-oaymwEgCJUDEOAESFWQAgHyq4qpAw8IARUAAIhCcAHAAQbIAQE=&rs=AOn4CLCQFzaQZ1Pllx5SyZnE6t_n-ZubcQ&usqp=CCk,El Dios de los Autos,external-reference,embed_link_and_summarize_only
9BWD7hYCiyI,https://www.youtube.com/shorts/9BWD7hYCiyI,Hoy estamos reflexivos #f1 #formula1 #lewishamilton #hamilton #cars #autos #racing #maxverstappen,,,shorts,https://i.ytimg.com/vi/9BWD7hYCiyI/oar2.jpg?sqp=-oaymwEgCJUDEOAESFWQAgHyq4qpAw8IARUAAIhCcAHAAQbIAQE=&rs=AOn4CLDdvHNFaE8W1ZtB6mPB-TL0xG9YCQ&usqp=CCk,El Dios de los Autos,external-reference,embed_link_and_summarize_only
MaEGA-xU1is,https://www.youtube.com/shorts/MaEGA-xU1is,#toyota #supra #nissan #gtr #mazda #mitsubishi #subaru #jdm #supercars,,,shorts,https://i.ytimg.com/vi/MaEGA-xU1is/oardefault.jpg?sqp=-oaymwEgCJUDEOAESFWQAgHyq4qpAw8IARUAAIhCcAHAAQbIAQE=&rs=AOn4CLAshoGVc4SoL28y1jJmFnIdYZHf6w&usqp=CCk,El Dios de los Autos,external-reference,embed_link_and_summarize_only
ck-WQKuLDBE,https://www.youtube.com/shorts/ck-WQKuLDBE,#suv #auto #car #toyota #nissan,,,shorts,https://i.ytimg.com/vi/ck-WQKuLDBE/oardefault.jpg?sqp=-oaymwEgCJUDEOAESFWQAgHyq4qpAw8IARUAAIhCcAHAAQbIAQE=&rs=AOn4CLDxzJTIK43mkQi6IHL9QT37_fqvdQ&usqp=CCk,El Dios de los Autos,external-reference,embed_link_and_summarize_only
m-urEHyvDzE,https://www.youtube.com/shorts/m-urEHyvDzE,#haval #4x4 #4x4offroad #suv,,,shorts,https://i.ytimg.com/vi/m-urEHyvDzE/oar2.jpg?sqp=-oaymwEgCJUDEOAESFWQAgHyq4qpAw8IARUAAIhCcAHAAQbIAQE=&rs=AOn4CLBkyGNeAAvx5p2sGOU2aaIlv1X-3Q&usqp=CCk,El Dios de los Autos,external-reference,embed_link_and_summarize_only
H-XwDPi5gpQ,https://www.youtube.com/shorts/H-XwDPi5gpQ,#nissan #gtr #nissangtr #cars #autos #automobile #coches,,,shorts,https://i.ytimg.com/vi/H-XwDPi5gpQ/oar2.jpg?sqp=-oaymwEgCJUDEOAESFWQAgHyq4qpAw8IARUAAIhCcAHAAQbIAQE=&rs=AOn4CLBryDz7la80lnRkPq2Py7RwSL5ZLA&usqp=CCk,El Dios de los Autos,external-reference,embed_link_and_summarize_only
uFx6oFv16TE,https://www.youtube.com/shorts/uFx6oFv16TE,#mazda #suv #automobile #cars #auto #coches,,,shorts,https://i.ytimg.com/vi/uFx6oFv16TE/oar2.jpg?sqp=-oaymwEgCJUDEOAESFWQAgHyq4qpAw8IARUAAIhCcAHAAQbIAQE=&rs=AOn4CLA_KCDSMFMQtOVbCDO1As8PxDFgAA&usqp=CCk,El Dios de los Autos,external-reference,embed_link_and_summarize_only
lH8wQDrqe6Q,https://www.youtube.com/shorts/lH8wQDrqe6Q,Mi BMW M5 Vs. Serie 5 “Normal” ¿hay mucha diferencia? #bmw #mercedes #audi #luxurycars,,,shorts,https://i.ytimg.com/vi/lH8wQDrqe6Q/oar2.jpg?sqp=-oaymwEgCJUDEOAESFWQAgHyq4qpAw8IARUAAIhCcAHAAQbIAQE=&rs=AOn4CLAw7UAfU250pIHOktF3w9f0e3a14Q&usqp=CCk,El Dios de los Autos,external-reference,embed_link_and_summarize_only
wygfDcilxGU,https://www.youtube.com/shorts/wygfDcilxGU,"Quick & Better taller automotriz / Calle las Azucenas 132, ate / 📲 +51 958 614 215",,,shorts,https://i.ytimg.com/vi/wygfDcilxGU/oardefault.jpg?sqp=-oaymwEgCJUDEOAESFWQAgHyq4qpAw8IARUAAIhCcAHAAQbIAQE=&rs=AOn4CLAxfhGs2FTXzvj8LzdlQ6lqF6AqAw&usqp=CCk,El Dios de los Autos,external-reference,embed_link_and_summarize_only
Q98l4K5mZ9Q,https://www.youtube.com/shorts/Q98l4K5mZ9Q,Kia Sorento 2022 IMPECABLE 📲 +51 956+339=094 #kia #suv #peru  #auto  #autos,,,shorts,https://i.ytimg.com/vi/Q98l4K5mZ9Q/oar2.jpg?sqp=-oaymwEgCJUDEOAESFWQAgHyq4qpAw8IARUAAIhCcAHAAQbIAQE=&rs=AOn4CLDGjmr11U5fdPl9duIECJG8CFdjbA&usqp=CCk,El Dios de los Autos,external-reference,embed_link_and_summarize_only
m3dE36Lt0s4,https://www.youtube.com/shorts/m3dE36Lt0s4,El adiós de las cajas manuales #hyundai #coches #autos #cars,,,shorts,https://i.ytimg.com/vi/m3dE36Lt0s4/oardefault.jpg?sqp=-oaymwEgCJUDEOAESFWQAgHyq4qpAw8IARUAAIhCcAHAAQbIAQE=&rs=AOn4CLDbUf50dQ_Wpb9mfhyfTrGf0R9Zew&usqp=CCk,El Dios de los Autos,external-reference,embed_link_and_summarize_only
-6h4qM4aa3s,https://www.youtube.com/shorts/-6h4qM4aa3s,Me gusta pero dudo que lo compre #mazda #cars #autos #coches,,,shorts,https://i.ytimg.com/vi/-6h4qM4aa3s/oardefault.jpg?sqp=-oaymwEgCJUDEOAESFWQAgHyq4qpAw8IARUAAIhCcAHAAQbIAQE=&rs=AOn4CLDOesRd7y0AqQnH-ZlQ-T6KfxP2vA&usqp=CCk,El Dios de los Autos,external-reference,embed_link_and_summarize_only
_s4ZPsz04yc,https://www.youtube.com/shorts/_s4ZPsz04yc,"Quick & Better taller automotriz/ Calle las Azucenas 132, Ate / 📲 +51 958 614 215",,,shorts,https://i.ytimg.com/vi/_s4ZPsz04yc/oar2.jpg?sqp=-oaymwEgCJUDEOAESFWQAgHyq4qpAw8IARUAAIhCcAHAAQbIAQE=&rs=AOn4CLD8ZYe4ZssvI2t7jW4NhqLL4bWm3w&usqp=CCk,El Dios de los Autos,external-reference,embed_link_and_summarize_only
AW_thYk3U5Y,https://www.youtube.com/shorts/AW_thYk3U5Y,#cars #autos #coches #inspiración #paz #reflexiones #espiritualidad #coaching,,,shorts,https://i.ytimg.com/vi/AW_thYk3U5Y/oardefault.jpg?sqp=-oaymwEgCJUDEOAESFWQAgHyq4qpAw8IARUAAIhCcAHAAQbIAQE=&rs=AOn4CLDkaHYQg1XtJ_0pwVyHs_i7XrSsjA&usqp=CCk,El Dios de los Autos,external-reference,embed_link_and_summarize_only
NwvB5PobiNc,https://www.youtube.com/shorts/NwvB5PobiNc,Toyota está harto de los chinos y la guerra comenzó! #toyota #cars #autos #coches #urgente,,,shorts,https://i.ytimg.com/vi/NwvB5PobiNc/oar2.jpg?sqp=-oaymwEgCJUDEOAESFWQAgHyq4qpAw8IARUAAIhCcAHAAQbIAQE=&rs=AOn4CLBlRm02WanKg7fuiAFdtyVoMgVXQg&usqp=CCk,El Dios de los Autos,external-reference,embed_link_and_summarize_only
7sEBlS2AOL0,https://www.youtube.com/shorts/7sEBlS2AOL0,Hyundai Acaba de destrozar a TOYOTA #hyundai #toyota #tesla #electric #byd #coches #cars #autos,,,shorts,https://i.ytimg.com/vi/7sEBlS2AOL0/oardefault.jpg?sqp=-oaymwEgCJUDEOAESFWQAgHyq4qpAw8IARUAAIhCcAHAAQbIAQE=&rs=AOn4CLDxc6CQmuuuu4Yd9EbDA9hc4zCF_Q&usqp=CCk,El Dios de los Autos,external-reference,embed_link_and_summarize_only
DvnFb49DO70,https://www.youtube.com/shorts/DvnFb49DO70,CHINA quiere comprar Jaguar que va a quebrar! #jaguar #mg #china #cars #autos #coches #honda,,,shorts,https://i.ytimg.com/vi/DvnFb49DO70/oardefault.jpg?sqp=-oaymwEgCJUDEOAESFWQAgHyq4qpAw8IARUAAIhCcAHAAQbIAQE=&rs=AOn4CLAznI3iDvoGgZ7PgzEld0pCeQaPYg&usqp=CCk,El Dios de los Autos,external-reference,embed_link_and_summarize_only
NAqb_A52XCI,https://www.youtube.com/shorts/NAqb_A52XCI,A nadie le gusta pero me encanta #honda #cars #autos #coches #toyota,,,shorts,https://i.ytimg.com/vi/NAqb_A52XCI/oar2.jpg?sqp=-oaymwEgCJUDEOAESFWQAgHyq4qpAw8IARUAAIhCcAHAAQbIAQE=&rs=AOn4CLBaEd0Otx3n6kVGTX8KG9JYEKf4Xw&usqp=CCk,El Dios de los Autos,external-reference,embed_link_and_summarize_only
IxmfHLZZPPo,https://www.youtube.com/shorts/IxmfHLZZPPo,Anuncio de Ford lo cambia todo #ford #chevrolet #america #cars #auto #coches,,,shorts,https://i.ytimg.com/vi/IxmfHLZZPPo/oardefault.jpg?sqp=-oaymwEgCJUDEOAESFWQAgHyq4qpAw8IARUAAIhCcAHAAQbIAQE=&rs=AOn4CLBWoRyUBR6603OnPUWnhm3fQWu4ww&usqp=CCk,El Dios de los Autos,external-reference,embed_link_and_summarize_only
lQLhJ19mjz8,https://www.youtube.com/shorts/lQLhJ19mjz8,Una joyita de #mustang #clasico #musclecar #america,,,shorts,https://i.ytimg.com/vi/lQLhJ19mjz8/oardefault.jpg?sqp=-oaymwEgCJUDEOAESFWQAgHyq4qpAw8IARUAAIhCcAHAAQbIAQE=&rs=AOn4CLDdJroRXI_XZiObqJPWci01Qgertw&usqp=CCk,El Dios de los Autos,external-reference,embed_link_and_summarize_only
Meb6CRNler4,https://www.youtube.com/shorts/Meb6CRNler4,5 autos discontinuados que volverán como SUV!! #cars #autos #coches #camaro #volkswagen,,,shorts,https://i.ytimg.com/vi/Meb6CRNler4/oardefault.jpg?sqp=-oaymwEgCJUDEOAESFWQAgHyq4qpAw8IARUAAIhCcAHAAQbIAQE=&rs=AOn4CLDC7PM-2wlN6aT92AFcUkTqc1IlyQ&usqp=CCk,El Dios de los Autos,external-reference,embed_link_and_summarize_only
fk2XRdbu8iE,https://www.youtube.com/shorts/fk2XRdbu8iE,¿Mazda no resiste la lluvia? #mazda #mecanica #auto #coches #urgente,,,shorts,https://i.ytimg.com/vi/fk2XRdbu8iE/oardefault.jpg?sqp=-oaymwEgCJUDEOAESFWQAgHyq4qpAw8IARUAAIhCcAHAAQbIAQE=&rs=AOn4CLA2zBQydhlu8CL4TYMJYqmN_sbUxw&usqp=CCk,El Dios de los Autos,external-reference,embed_link_and_summarize_only
M5UTRnVnmvI,https://www.youtube.com/shorts/M5UTRnVnmvI,¿Cuál será el número 1? #autos #coches #carros #cars #automobile,,,shorts,https://i.ytimg.com/vi/M5UTRnVnmvI/oardefault.jpg?sqp=-oaymwEgCJUDEOAESFWQAgHyq4qpAw8IARUAAIhCcAHAAQbIAQE=&rs=AOn4CLCb9dj06x6pkao_0IkMykV2Jzye8w&usqp=CCk,El Dios de los Autos,external-reference,embed_link_and_summarize_only
QrNc0ELm7ik,https://www.youtube.com/shorts/QrNc0ELm7ik,Motores Mazda NO son malos #mazda #mecanica #mecánicaautomotriz #autos #coches,,,shorts,https://i.ytimg.com/vi/QrNc0ELm7ik/oar2.jpg?sqp=-oaymwEgCJUDEOAESFWQAgHyq4qpAw8IARUAAIhCcAHAAQbIAQE=&rs=AOn4CLDFFxX0QStkOJ0xx0brD9bsXJ6A0w&usqp=CCk,El Dios de los Autos,external-reference,embed_link_and_summarize_only
paK586n4Y9U,https://www.youtube.com/shorts/paK586n4Y9U,EL PROPIO SUZUKI JIMNY DE FORD 💥,,,shorts,https://i.ytimg.com/vi/paK586n4Y9U/oar2.jpg?sqp=-oaymwEgCJUDEOAESFWQAgHyq4qpAw8IARUAAIhCcAHAAQbIAQE=&rs=AOn4CLCpUe1FihwDvLTos7XWN7QeEVCQHw&usqp=CCk,El Dios de los Autos,external-reference,embed_link_and_summarize_only
OtOpDbPTIEw,https://www.youtube.com/shorts/OtOpDbPTIEw,Slate EV es el nuevo rey de la industria automotriz,,,shorts,https://i.ytimg.com/vi/OtOpDbPTIEw/oar2.jpg?sqp=-oaymwEgCJUDEOAESFWQAgHyq4qpAw8IARUAAIhCcAHAAQbIAQE=&rs=AOn4CLDIl0QIWY-dADzJt0SWv-3kpLTkhg&usqp=CCk,El Dios de los Autos,external-reference,embed_link_and_summarize_only
5dOj1g3JGG8,https://www.youtube.com/shorts/5dOj1g3JGG8,Estos chinos nos quieren ver la cara,,,shorts,https://i.ytimg.com/vi/5dOj1g3JGG8/oar2.jpg?sqp=-oaymwEgCJUDEOAESFWQAgHyq4qpAw8IARUAAIhCcAHAAQbIAQE=&rs=AOn4CLC3LnbKcbfaAFN_8i6HO0qH8QNgvw&usqp=CCk,El Dios de los Autos,external-reference,embed_link_and_summarize_only
qhxIp7vBOJ4,https://www.youtube.com/shorts/qhxIp7vBOJ4,Coches horribl3s que les gusta a todo el mundo,,,shorts,https://i.ytimg.com/vi/qhxIp7vBOJ4/oar2.jpg?sqp=-oaymwEgCJUDEOAESFWQAgHyq4qpAw8IARUAAIhCcAHAAQbIAQE=&rs=AOn4CLDlsr0CPyDT2K1gS8P2bW8CkUC9TQ&usqp=CCk,El Dios de los Autos,external-reference,embed_link_and_summarize_only
BcdWhjNrrc8,https://www.youtube.com/shorts/BcdWhjNrrc8,NUEVA KIA TASMAN,,,shorts,https://i.ytimg.com/vi/BcdWhjNrrc8/oar2.jpg?sqp=-oaymwEgCJUDEOAESFWQAgHyq4qpAw8IARUAAIhCcAHAAQbIAQE=&rs=AOn4CLB8wOZCU9vu2k016tQz7EI_WAwrXQ&usqp=CCk,El Dios de los Autos,external-reference,embed_link_and_summarize_only
dk8-Dr8HBhA,https://www.youtube.com/shorts/dk8-Dr8HBhA,TALLERES QUE TE ESTAFAN,,,shorts,https://i.ytimg.com/vi/dk8-Dr8HBhA/oar2.jpg?sqp=-oaymwEgCJUDEOAESFWQAgHyq4qpAw8IARUAAIhCcAHAAQbIAQE=&rs=AOn4CLCJnmYO0LekcA0aUsb8nt1gf1qLeg&usqp=CCk,El Dios de los Autos,external-reference,embed_link_and_summarize_only
EErYuUWnUw0,https://www.youtube.com/shorts/EErYuUWnUw0,NUEVO BMW 118 es un chiste,,,shorts,https://i.ytimg.com/vi/EErYuUWnUw0/oar2.jpg?sqp=-oaymwEgCJUDEOAESFWQAgHyq4qpAw8IARUAAIhCcAHAAQbIAQE=&rs=AOn4CLBQ-XsaQqc-ZxyZRZsveubFbszhoQ&usqp=CCk,El Dios de los Autos,external-reference,embed_link_and_summarize_only
eyN2sEz-oYw,https://www.youtube.com/shorts/eyN2sEz-oYw,Nuevo Porsche BARATO!,,,shorts,https://i.ytimg.com/vi/eyN2sEz-oYw/oar2.jpg?sqp=-oaymwEgCJUDEOAESFWQAgHyq4qpAw8IARUAAIhCcAHAAQbIAQE=&rs=AOn4CLBBPPgIOLxHu2lcFyfzVieIZLVGBg&usqp=CCk,El Dios de los Autos,external-reference,embed_link_and_summarize_only
XWV2u3erpBg,https://www.youtube.com/shorts/XWV2u3erpBg,😦 #autos #automobile #cars #tecnologia #tesla #byd #toyota #coches #futuro #quotes #future,,,shorts,https://i.ytimg.com/vi/XWV2u3erpBg/oar2.jpg?sqp=-oaymwEgCJUDEOAESFWQAgHyq4qpAw8IARUAAIhCcAHAAQbIAQE=&rs=AOn4CLDxUwOVGU9fbG3WX87pjoVNDMvQyw&usqp=CCk,El Dios de los Autos,external-reference,embed_link_and_summarize_only
S9PDFPHtYqc,https://www.youtube.com/shorts/S9PDFPHtYqc,Internet te miente cada 2 horas. #cars #autos #coches #testdrive,,,shorts,https://i.ytimg.com/vi/S9PDFPHtYqc/oardefault.jpg?sqp=-oaymwEgCJUDEOAESFWQAgHyq4qpAw8IARUAAIhCcAHAAQbIAQE=&rs=AOn4CLDJtg9_7Ce4MPWcItnObaY4kpwEzg&usqp=CCk,El Dios de los Autos,external-reference,embed_link_and_summarize_only
QE2S1n6F6nY,https://www.youtube.com/shorts/QE2S1n6F6nY,No cometas este error de principiante!,,,shorts,https://i.ytimg.com/vi/QE2S1n6F6nY/oardefault.jpg?sqp=-oaymwEgCJUDEOAESFWQAgHyq4qpAw8IARUAAIhCcAHAAQbIAQE=&rs=AOn4CLASGyJ48Rf6Smn2mbuiiSv0TGrLMg&usqp=CCk,El Dios de los Autos,external-reference,embed_link_and_summarize_only
rifwOZArL5U,https://www.youtube.com/shorts/rifwOZArL5U,NO NECESITAS el Mejor ACEITE de Motor #autos #cars #autosbaratos #4x4  #tuning #coches,,,shorts,https://i.ytimg.com/vi/rifwOZArL5U/oar2.jpg?sqp=-oaymwEgCJUDEOAESFWQAgHyq4qpAw8IARUAAIhCcAHAAQbIAQE=&rs=AOn4CLDDwQaC2mShs8yo3t_bRKqWqJfqxA&usqp=CCk,El Dios de los Autos,external-reference,embed_link_and_summarize_only
2K9X7dUo-yg,https://www.youtube.com/shorts/2K9X7dUo-yg,Like si tu también lo haces 😎 🤓,,,shorts,https://i.ytimg.com/vi/2K9X7dUo-yg/oardefault.jpg?sqp=-oaymwEgCJUDEOAESFWQAgHyq4qpAw8IARUAAIhCcAHAAQbIAQE=&rs=AOn4CLD_OhP0_0z_D-cZ4H63q6v7x5hfJw&usqp=CCk,El Dios de los Autos,external-reference,embed_link_and_summarize_only
dlRchazuHY4,https://www.youtube.com/shorts/dlRchazuHY4,Nissan GT-R es basura. #nissan #gtr #supercars #sportcar #testdrive,,,shorts,https://i.ytimg.com/vi/dlRchazuHY4/oardefault.jpg?sqp=-oaymwEgCJUDEOAESFWQAgHyq4qpAw8IARUAAIhCcAHAAQbIAQE=&rs=AOn4CLDzgTyWWuGlkFaxrQNKnAPB-2MejA&usqp=CCk,El Dios de los Autos,external-reference,embed_link_and_summarize_only
zR2XOsLT3mM,https://www.youtube.com/shorts/zR2XOsLT3mM,Nunca compres un coche por impresionar a las personas.,,,shorts,https://i.ytimg.com/vi/zR2XOsLT3mM/hq720.jpg?sqp=-oaymwEdCJUDENAFSFXyq4qpAw8IARUAAIhCcAHAAQbQAQE=&rs=AOn4CLC5rMJuXhacWSVA_cY1kmiVeJ_S4Q,El Dios de los Autos,external-reference,embed_link_and_summarize_only
TZe0AMJkbYY,https://www.youtube.com/shorts/TZe0AMJkbYY,¿Es el FIN de #honda ?,,,shorts,https://i.ytimg.com/vi/TZe0AMJkbYY/oar2.jpg?sqp=-oaymwEgCJUDEOAESFWQAgHyq4qpAw8IARUAAIhCcAHAAQbIAQE=&rs=AOn4CLABhxo7rdoW3Bbjx3upZxYNiHrwUQ&usqp=CCk,El Dios de los Autos,external-reference,embed_link_and_summarize_only
EOEL0vFc_fI,https://www.youtube.com/shorts/EOEL0vFc_fI,¿Porque TOYOTA No es “TOYODA”? #toyota  #coches #cars #autos #tuning #cheapcars,,,shorts,https://i.ytimg.com/vi/EOEL0vFc_fI/oar2.jpg?sqp=-oaymwEgCJUDEOAESFWQAgHyq4qpAw8IARUAAIhCcAHAAQbIAQE=&rs=AOn4CLCLflaGaZm93kLuUowq1nKk0MMqvg&usqp=CCk,El Dios de los Autos,external-reference,embed_link_and_summarize_only
uLIAGjuyqN0,https://www.youtube.com/shorts/uLIAGjuyqN0,Así Funciona el TURBO de tu Coche #cars #autos #coches #tuning #turbo,,,shorts,https://i.ytimg.com/vi/uLIAGjuyqN0/oar2.jpg?sqp=-oaymwEgCJUDEOAESFWQAgHyq4qpAw8IARUAAIhCcAHAAQbIAQE=&rs=AOn4CLBCJT7O_iFYtCQqN7HFDzmNL0ENbg&usqp=CCk,El Dios de los Autos,external-reference,embed_link_and_summarize_only
0lJ26zuad0U,https://www.youtube.com/shorts/0lJ26zuad0U,¿Escape doble sirve de algo? 🏎️💨,,,shorts,https://i.ytimg.com/vi/0lJ26zuad0U/oar2.jpg?sqp=-oaymwEgCJUDEOAESFWQAgHyq4qpAw8IARUAAIhCcAHAAQbIAQE=&rs=AOn4CLCqNNqgCyuR8ooyGGksgPY6_KcOFA&usqp=CCk,El Dios de los Autos,external-reference,embed_link_and_summarize_only
U2JBKlDFJYo,https://www.youtube.com/shorts/U2JBKlDFJYo,¿Nuevo NISSAN e-POWER Mejor que Eléctricos e Híbridos? #nissan #epower #cars #autos #coches #mexico,,,shorts,https://i.ytimg.com/vi/U2JBKlDFJYo/oar2.jpg?sqp=-oaymwEgCJUDEOAESFWQAgHyq4qpAw8IARUAAIhCcAHAAQbIAQE=&rs=AOn4CLDMHSh1TERhq8kk_MGXzMeDyD2TRA&usqp=CCk,El Dios de los Autos,external-reference,embed_link_and_summarize_only
f-0TWm6z1ys,https://www.youtube.com/shorts/f-0TWm6z1ys,¿Vale la pena cambiar de motor? (Swap) #coches #cars #autos #cheapcars #fastandfurious #tuning,,,shorts,https://i.ytimg.com/vi/f-0TWm6z1ys/oar2.jpg?sqp=-oaymwEgCJUDEOAESFWQAgHyq4qpAw8IARUAAIhCcAHAAQbIAQE=&rs=AOn4CLAup9kyuYj8ub00KM0y6GHG36Chzw&usqp=CCk,El Dios de los Autos,external-reference,embed_link_and_summarize_only
1EAHK8hOJhU,https://www.youtube.com/shorts/1EAHK8hOJhU,¿Que es el mantenimiento adecuado de un auto a gas? #coches #automobiles #gas #glp #gnv,,,shorts,https://i.ytimg.com/vi/1EAHK8hOJhU/oar2.jpg?sqp=-oaymwEgCJUDEOAESFWQAgHyq4qpAw8IARUAAIhCcAHAAQbIAQE=&rs=AOn4CLD3Avp5_7QzsweTlNVUsYNkP3b20A&usqp=CCk,El Dios de los Autos,external-reference,embed_link_and_summarize_only
5Okua-hhAn0,https://www.youtube.com/shorts/5Okua-hhAn0,Por esto mucho ojo con el mantenimiento al #gnv y #glp de tu auto,,,shorts,https://i.ytimg.com/vi/5Okua-hhAn0/oar2.jpg?sqp=-oaymwEgCJUDEOAESFWQAgHyq4qpAw8IARUAAIhCcAHAAQbIAQE=&rs=AOn4CLA8qbbwMDsCh3AHIsU6O-lX_B3oRQ&usqp=CCk,El Dios de los Autos,external-reference,embed_link_and_summarize_only
q_0XjC3TrNw,https://www.youtube.com/shorts/q_0XjC3TrNw,¡Por esto quiero comprar YA el nuevo #NissanKICKSePOWER,,,shorts,https://i.ytimg.com/vi/q_0XjC3TrNw/oar2.jpg?sqp=-oaymwEgCJUDEOAESFWQAgHyq4qpAw8IARUAAIhCcAHAAQbIAQE=&rs=AOn4CLBGaTVQJlTFqNq6A2wYVbrErUANHg&usqp=CCk,El Dios de los Autos,external-reference,embed_link_and_summarize_only
9cwezB6rFU8,https://www.youtube.com/shorts/9cwezB6rFU8,El mejor motor de #volkswagen #cars #autos #coches #cheapcars,,,shorts,https://i.ytimg.com/vi/9cwezB6rFU8/oar2.jpg?sqp=-oaymwEgCJUDEOAESFWQAgHyq4qpAw8IARUAAIhCcAHAAQbIAQE=&rs=AOn4CLB-K5nTPejI_kAdA__0wFu5MvNtjQ&usqp=CCk,El Dios de los Autos,external-reference,embed_link_and_summarize_only
cNd8zG1wFZo,https://www.youtube.com/shorts/cNd8zG1wFZo,Rápido y furioso 2001 Vs 2023 #carsofyoutube #autos #cars #fastandfurious #coches #tuning,,,shorts,https://i.ytimg.com/vi/cNd8zG1wFZo/oar2.jpg?sqp=-oaymwEgCJUDEOAESFWQAgHyq4qpAw8IARUAAIhCcAHAAQbIAQE=&rs=AOn4CLAj7HJ81IjDkDrHv4qKJwDO0vWWmQ&usqp=CCk,El Dios de los Autos,external-reference,embed_link_and_summarize_only
XLd1TJlWiTs,https://www.youtube.com/shorts/XLd1TJlWiTs,¿Que pasa con esta gente? #autos #cars #coches #honda #toyota #cheapcars #china #mecanica,,,shorts,https://i.ytimg.com/vi/XLd1TJlWiTs/oar2.jpg?sqp=-oaymwEgCJUDEOAESFWQAgHyq4qpAw8IARUAAIhCcAHAAQbIAQE=&rs=AOn4CLDzgaOkEtvfrtcM29FmMHdEVCsf_Q&usqp=CCk,El Dios de los Autos,external-reference,embed_link_and_summarize_only
CCTt2tq3tHQ,https://www.youtube.com/shorts/CCTt2tq3tHQ,"VTEC de Honda, VVT de Toyota ¿cual es mejor? #cars #coches #autos #honda #toyota #mecanica",,,shorts,https://i.ytimg.com/vi/CCTt2tq3tHQ/oar2.jpg?sqp=-oaymwEgCJUDEOAESFWQAgHyq4qpAw8IARUAAIhCcAHAAQbIAQE=&rs=AOn4CLBkXQQYj9hOvK1algdzHhJfazIcLQ&usqp=CCk,El Dios de los Autos,external-reference,embed_link_and_summarize_only
eTwLHcfD_wI,https://www.youtube.com/shorts/eTwLHcfD_wI,Honda deja China ¿Quien es el siguiente? #autos #china #honda #toyota #cheapcars,,,shorts,https://i.ytimg.com/vi/eTwLHcfD_wI/oar2.jpg?sqp=-oaymwEgCJUDEOAESFWQAgHyq4qpAw8IARUAAIhCcAHAAQbIAQE=&rs=AOn4CLD0EUBJCrTokz4-Cnsl--6mo7kTRg&usqp=CCk,El Dios de los Autos,external-reference,embed_link_and_summarize_only
ExVYYoREb0c,https://www.youtube.com/shorts/ExVYYoREb0c,¿PARA QUE SIRVE UN ALERÓN?,,,shorts,https://i.ytimg.com/vi/ExVYYoREb0c/oar2.jpg?sqp=-oaymwEgCJUDEOAESFWQAgHyq4qpAw8IARUAAIhCcAHAAQbIAQE=&rs=AOn4CLAYFolUU9KHSQ2hzbA-nnD43SeNRg&usqp=CCk,El Dios de los Autos,external-reference,embed_link_and_summarize_only
MW6DvrtdxuY,https://www.youtube.com/shorts/MW6DvrtdxuY,Parecen lo mismo pero son muy diferentes. #cars #autos #coches #bmw #mercedes,,,shorts,https://i.ytimg.com/vi/MW6DvrtdxuY/oar2.jpg?sqp=-oaymwEgCJUDEOAESFWQAgHyq4qpAw8IARUAAIhCcAHAAQbIAQE=&rs=AOn4CLCpcKToz0SNRjQBmXvALYxiL9Oz_Q&usqp=CCk,El Dios de los Autos,external-reference,embed_link_and_summarize_only
fizuSPnsvcc,https://www.youtube.com/shorts/fizuSPnsvcc,¿Que tanto corre el Mercedes MAS BARATO?,,,shorts,https://i.ytimg.com/vi/fizuSPnsvcc/oar2.jpg?sqp=-oaymwEgCJUDEOAESFWQAgHyq4qpAw8IARUAAIhCcAHAAQbIAQE=&rs=AOn4CLAUJQP-Rz6rysguDRY-knBKu7lDBg&usqp=CCk,El Dios de los Autos,external-reference,embed_link_and_summarize_only
KTth5LOgAlY,https://www.youtube.com/shorts/KTth5LOgAlY,¿Que onda con las pantallotas? #cars #autos #coches #suzuki #suzukiswift #tuning,,,shorts,https://i.ytimg.com/vi/KTth5LOgAlY/oar2.jpg?sqp=-oaymwEgCJUDEOAESFWQAgHyq4qpAw8IARUAAIhCcAHAAQbIAQE=&rs=AOn4CLCYQ20Hg5kQ9FLGOsBIk8FrlXmq9Q&usqp=CCk,El Dios de los Autos,external-reference,embed_link_and_summarize_only
Y94LBsplCBc,https://www.youtube.com/shorts/Y94LBsplCBc,KICKED IN YO! #tuning #nissan #nissangtr #honda #vtec,,,shorts,https://i.ytimg.com/vi/Y94LBsplCBc/oar2.jpg?sqp=-oaymwEgCJUDEOAESFWQAgHyq4qpAw8IARUAAIhCcAHAAQbIAQE=&rs=AOn4CLA2V6XCuyuwyBNAGBE03Bv3zNWlfg&usqp=CCk,El Dios de los Autos,external-reference,embed_link_and_summarize_only
loS16ejTEOo,https://www.youtube.com/shorts/loS16ejTEOo,Como salir quemando llanta en coche manual. #tuning #racing #manual #carreras,,,shorts,https://i.ytimg.com/vi/loS16ejTEOo/oar2.jpg?sqp=-oaymwEgCJUDEOAESFWQAgHyq4qpAw8IARUAAIhCcAHAAQbIAQE=&rs=AOn4CLBwmkWofkdu56iz0pnKAta3-z9q5A&usqp=CCk,El Dios de los Autos,external-reference,embed_link_and_summarize_only
qVR3vdBTfms,https://www.youtube.com/shorts/qVR3vdBTfms,SECRETO DE TUNING #tuning #racing #bmw,,,shorts,https://i.ytimg.com/vi/qVR3vdBTfms/oar2.jpg?sqp=-oaymwEgCJUDEOAESFWQAgHyq4qpAw8IARUAAIhCcAHAAQbIAQE=&rs=AOn4CLBQZZFuXbfIT5XBUxMGiH-czkJGKg&usqp=CCk,El Dios de los Autos,external-reference,embed_link_and_summarize_only
VLyF7iXBVmI,https://www.youtube.com/shorts/VLyF7iXBVmI,La diferencia entre aceite de motor caro y barato #castroloil #amsoil #motoroil #tuning,,,shorts,https://i.ytimg.com/vi/VLyF7iXBVmI/oar2.jpg?sqp=-oaymwEgCJUDEOAESFWQAgHyq4qpAw8IARUAAIhCcAHAAQbIAQE=&rs=AOn4CLCuSdTGI62glW_kfrHkppjGMsTXNw&usqp=CCk,El Dios de los Autos,external-reference,embed_link_and_summarize_only
ct4XOGBG4s8,https://www.youtube.com/shorts/ct4XOGBG4s8,NO VALE LA PENA COMPRAR 0KM #cars #autos #coches #toyota #nissan #hyundai #kia #ford #chevrolet,,,shorts,https://i.ytimg.com/vi/ct4XOGBG4s8/oar2.jpg?sqp=-oaymwEgCJYDEOEESFWQAgHyq4qpAw8IARUAAIhCcAHAAQbIAQE=&rs=AOn4CLBRuJ0AEpZa4nGDHaaw2ho1nF8hTA&usqp=CCk,El Dios de los Autos,external-reference,embed_link_and_summarize_only
qnvX5ck73NE,https://www.youtube.com/watch?v=qnvX5ck73NE,DIME CUANTO TIENES Y TE DIRE QUE AUTO COMPRAR!!!,4324.0,,streams,https://i.ytimg.com/vi/qnvX5ck73NE/hqdefault.jpg?sqp=-oaymwEcCNACELwBSFXyq4qpAw4IARUAAIhCGAFwAcABBg==&rs=AOn4CLCkGJM9YDN0q_IU-4QMIe6e-sZG_Q,El Dios de los Autos,external-reference,embed_link_and_summarize_only
d_EzAMU6yFg,https://www.youtube.com/watch?v=d_EzAMU6yFg,¿Qué Auto BARATO me compro?,3826.0,,streams,https://i.ytimg.com/vi/d_EzAMU6yFg/hqdefault.jpg?sqp=-oaymwEcCNACELwBSFXyq4qpAw4IARUAAIhCGAFwAcABBg==&rs=AOn4CLDuorHotuBg2bHCL2XRSYowT6-y1g,El Dios de los Autos,external-reference,embed_link_and_summarize_only
nDJXlB06vqQ,https://www.youtube.com/watch?v=nDJXlB06vqQ,4x4 o 4x2 ?? QUE ME CONVIENE?,4472.0,,streams,https://i.ytimg.com/vi/nDJXlB06vqQ/hqdefault.jpg?sqp=-oaymwEcCNACELwBSFXyq4qpAw4IARUAAIhCGAFwAcABBg==&rs=AOn4CLCcD771TNBNgHBHEFNajAiPXwa9DA,El Dios de los Autos,external-reference,embed_link_and_summarize_only
gDRQwdweRow,https://www.youtube.com/watch?v=gDRQwdweRow,Dime cuanto tienes y te diré que auto comprar,3056.0,,streams,https://i.ytimg.com/vi/gDRQwdweRow/hqdefault.jpg?sqp=-oaymwEcCNACELwBSFXyq4qpAw4IARUAAIhCGAFwAcABBg==&rs=AOn4CLBPW0jYjCfvu0mqfuqBbHMP1dL0tA,El Dios de los Autos,external-reference,embed_link_and_summarize_only
OIB8f5EZtgA,https://www.youtube.com/watch?v=OIB8f5EZtgA,MEJORES AUTOS CALIDAD/PRECIO 2026,4443.0,,streams,https://i.ytimg.com/vi/OIB8f5EZtgA/hqdefault.jpg?sqp=-oaymwEcCNACELwBSFXyq4qpAw4IARUAAIhCGAFwAcABBg==&rs=AOn4CLDDJOKmdauHrQkaAibX1G0wjn33lA,El Dios de los Autos,external-reference,embed_link_and_summarize_only
rlatroKaGr8,https://www.youtube.com/watch?v=rlatroKaGr8,DIME CUANTO TIENES Y TE DIRE QUE AUTO PUEDES COMPRAR!,4246.0,,streams,https://i.ytimg.com/vi/rlatroKaGr8/hqdefault.jpg?sqp=-oaymwEcCNACELwBSFXyq4qpAw4IARUAAIhCGAFwAcABBg==&rs=AOn4CLAam0sbfz8Im4FQmO2wZDu_eLnX7g,El Dios de los Autos,external-reference,embed_link_and_summarize_only
U_43mtNm7cU,https://www.youtube.com/watch?v=U_43mtNm7cU,DIME TU AUTO Y TE DIRE LO BUENO Y LO MALO‼️,5596.0,,streams,https://i.ytimg.com/vi/U_43mtNm7cU/hqdefault.jpg?sqp=-oaymwEcCNACELwBSFXyq4qpAw4IARUAAIhCGAFwAcABBg==&rs=AOn4CLD7Sn2mOxuMJPKcD3sQm9BYYNB9RQ,El Dios de los Autos,external-reference,embed_link_and_summarize_only
Z-n5Ij5_YtA,https://www.youtube.com/watch?v=Z-n5Ij5_YtA,TU PRÓXIMA COMPRA SEGURA ES ...?,7587.0,,streams,https://i.ytimg.com/vi/Z-n5Ij5_YtA/hqdefault.jpg?sqp=-oaymwEcCNACELwBSFXyq4qpAw4IARUAAIhCGAFwAcABBg==&rs=AOn4CLALsmemw_XLYbUfs48ZrrgY1KhCnA,El Dios de los Autos,external-reference,embed_link_and_summarize_only
I9lJjIwMOX4,https://www.youtube.com/watch?v=I9lJjIwMOX4,Hablemos de autos CHINOS‼️,3938.0,,streams,https://i.ytimg.com/vi/I9lJjIwMOX4/hqdefault.jpg?sqp=-oaymwEcCNACELwBSFXyq4qpAw4IARUAAIhCGAFwAcABBg==&rs=AOn4CLDnICsl8LNfqaPjb2IvI6vzl_OPeg,El Dios de los Autos,external-reference,embed_link_and_summarize_only
5GUYPM4rpgI,https://www.youtube.com/watch?v=5GUYPM4rpgI,Te diré LO BUENO Y LO MALO de tus autos favoritos!,5869.0,,streams,https://i.ytimg.com/vi/5GUYPM4rpgI/hqdefault.jpg?sqp=-oaymwEcCNACELwBSFXyq4qpAw4IARUAAIhCGAFwAcABBg==&rs=AOn4CLAjkd4TIYr3No0hlRwHm-KtN4BXyQ,El Dios de los Autos,external-reference,embed_link_and_summarize_only
KPm_KkSeg4Y,https://www.youtube.com/watch?v=KPm_KkSeg4Y,DIME CUANTO TIENES Y TE DIRE QUE AUTO COMPRAR!!,6364.0,,streams,https://i.ytimg.com/vi/KPm_KkSeg4Y/hqdefault.jpg?sqp=-oaymwEcCNACELwBSFXyq4qpAw4IARUAAIhCGAFwAcABBg==&rs=AOn4CLBQSgrsVAshezXoxhAccyWxUWmz2Q,El Dios de los Autos,external-reference,embed_link_and_summarize_only
94zXchp_0ZU,https://www.youtube.com/watch?v=94zXchp_0ZU,DIME TU AUTO Y TE DIRE LO BUENO Y LO MALO!!!!,7205.0,,streams,https://i.ytimg.com/vi/94zXchp_0ZU/hqdefault.jpg?sqp=-oaymwEcCNACELwBSFXyq4qpAw4IARUAAIhCGAFwAcABBg==&rs=AOn4CLCT-SOsswtzSYwrzx-uAI1_cYV51Q,El Dios de los Autos,external-reference,embed_link_and_summarize_only
oKbrcejTqW8,https://www.youtube.com/watch?v=oKbrcejTqW8,"DIME CUANTO TIENES, Y TE DIRE QUE AUTO COMPRAR‼️",7025.0,,streams,https://i.ytimg.com/vi/oKbrcejTqW8/hqdefault.jpg?sqp=-oaymwEcCNACELwBSFXyq4qpAw4IARUAAIhCGAFwAcABBg==&rs=AOn4CLDG1_PpXyMYXN06NNTisA34G2lX6Q,El Dios de los Autos,external-reference,embed_link_and_summarize_only
iVq7HeO71Ho,https://www.youtube.com/watch?v=iVq7HeO71Ho,RELATOS AL VOLANTE!!,5932.0,,streams,https://i.ytimg.com/vi/iVq7HeO71Ho/hqdefault.jpg?sqp=-oaymwEcCNACELwBSFXyq4qpAw4IARUAAIhCGAFwAcABBg==&rs=AOn4CLCD83UV431JJsxd0p1UlS5EKqzwFw,El Dios de los Autos,external-reference,embed_link_and_summarize_only
7GAlSIiHeqQ,https://www.youtube.com/watch?v=7GAlSIiHeqQ,LO BUENO Y LO MALO de tus autos favoritos!!,6665.0,,streams,https://i.ytimg.com/vi/7GAlSIiHeqQ/hqdefault.jpg?sqp=-oaymwEcCNACELwBSFXyq4qpAw4IARUAAIhCGAFwAcABBg==&rs=AOn4CLANXJLHq9DA8iF0D2Gr7hVIi0b5_A,El Dios de los Autos,external-reference,embed_link_and_summarize_only
UgBRpHkxR9w,https://www.youtube.com/watch?v=UgBRpHkxR9w,MAZDA CX5 Y OTRAS SUV DEPORTIVAS PARA HOMBRES!!!,6881.0,,streams,https://i.ytimg.com/vi/UgBRpHkxR9w/hqdefault.jpg?sqp=-oaymwEcCNACELwBSFXyq4qpAw4IARUAAIhCGAFwAcABBg==&rs=AOn4CLAe9FPLBPAU_Gj-oAHk4PpKa11JwQ,El Dios de los Autos,external-reference,embed_link_and_summarize_only
8-R8iAM5aOg,https://www.youtube.com/watch?v=8-R8iAM5aOg,DIME CUÁNTO TIENES Y TE DIRÉ QUE AUTO COMPRAR!,6465.0,,streams,https://i.ytimg.com/vi/8-R8iAM5aOg/hqdefault.jpg?sqp=-oaymwEcCNACELwBSFXyq4qpAw4IARUAAIhCGAFwAcABBg==&rs=AOn4CLA3FUI5XtUkps_ryZBplcrgGg_hfw,El Dios de los Autos,external-reference,embed_link_and_summarize_only
witQCWB9NSw,https://www.youtube.com/watch?v=witQCWB9NSw,LO BUENO Y LO MALO DE TUS AUTOS FAVORITOS,7541.0,,streams,https://i.ytimg.com/vi/witQCWB9NSw/hqdefault.jpg?sqp=-oaymwEcCNACELwBSFXyq4qpAw4IARUAAIhCGAFwAcABBg==&rs=AOn4CLBcjQ9X_nrXiEy8CJEjTJakBYZ72Q,El Dios de los Autos,external-reference,embed_link_and_summarize_only
ZIgG-3SSd2I,https://www.youtube.com/watch?v=ZIgG-3SSd2I,¿CROSSOVER O SUV?,5715.0,,streams,https://i.ytimg.com/vi/ZIgG-3SSd2I/hqdefault.jpg?sqp=-oaymwEcCNACELwBSFXyq4qpAw4IARUAAIhCGAFwAcABBg==&rs=AOn4CLAqZ7J9luXEb64SFnKej8AUjzC8xg,El Dios de los Autos,external-reference,embed_link_and_summarize_only
iT-jY0ZTKhE,https://www.youtube.com/watch?v=iT-jY0ZTKhE,MECÁNICO o AUTOMÁTICO ¿CUAL ES MEJOR?,5630.0,,streams,https://i.ytimg.com/vi/iT-jY0ZTKhE/hqdefault.jpg?sqp=-oaymwEcCNACELwBSFXyq4qpAw4IARUAAIhCGAFwAcABBg==&rs=AOn4CLD059WxE7mfY24sWckjGo_YxqlXMA,El Dios de los Autos,external-reference,embed_link_and_summarize_only
LpCpqQgfwVI,https://www.youtube.com/watch?v=LpCpqQgfwVI,TODO ESTA EN LLAMAS 🔥,6570.0,,streams,https://i.ytimg.com/vi/LpCpqQgfwVI/hqdefault.jpg?sqp=-oaymwEcCNACELwBSFXyq4qpAw4IARUAAIhCGAFwAcABBg==&rs=AOn4CLDnIPU16GnBLSPMHXmP2IOMx-rhOQ,El Dios de los Autos,external-reference,embed_link_and_summarize_only
td4yZVUxYt8,https://www.youtube.com/watch?v=td4yZVUxYt8,QUE NO TE ESTAFEN CON TU PRIMER AUTO!!!,6831.0,,streams,https://i.ytimg.com/vi/td4yZVUxYt8/hqdefault.jpg?sqp=-oaymwEcCNACELwBSFXyq4qpAw4IARUAAIhCGAFwAcABBg==&rs=AOn4CLA8Ttp0-wFf4tjmT_QgcGUeQ0zILA,El Dios de los Autos,external-reference,embed_link_and_summarize_only
RHJ7AywPLK0,https://www.youtube.com/watch?v=RHJ7AywPLK0,TOP 5 Mejores SUV's familiares,3730.0,,streams,https://i.ytimg.com/vi/RHJ7AywPLK0/hqdefault.jpg?sqp=-oaymwEcCNACELwBSFXyq4qpAw4IARUAAIhCGAFwAcABBg==&rs=AOn4CLDrkTwSxwRNvnfkMbPtOlMFO9c69w,El Dios de los Autos,external-reference,embed_link_and_summarize_only
JTuA5YwWVtk,https://www.youtube.com/watch?v=JTuA5YwWVtk,Comprar un auto viejo vale la pena???,5675.0,,streams,https://i.ytimg.com/vi/JTuA5YwWVtk/hqdefault.jpg?sqp=-oaymwEcCNACELwBSFXyq4qpAw4IARUAAIhCGAFwAcABBg==&rs=AOn4CLCY8UQagACzsuOH072VAcqgKaXZ4Q,El Dios de los Autos,external-reference,embed_link_and_summarize_only
9tfc9Hp7QvA,https://www.youtube.com/watch?v=9tfc9Hp7QvA,Alisten sus preguntas princesas!!! nos vemos a las 11 p.m. hora Peru 😎,5460.0,,streams,https://i.ytimg.com/vi/9tfc9Hp7QvA/hqdefault.jpg?sqp=-oaymwEcCNACELwBSFXyq4qpAw4IARUAAIhCGAFwAcABBg==&rs=AOn4CLCk3gbqc2xSYqiC0S-JeleObDxJ-w,El Dios de los Autos,external-reference,embed_link_and_summarize_only
wXmHhGS6cao,https://www.youtube.com/watch?v=wXmHhGS6cao,CONCESIONARIOS se volvieron CODICIOSOS | AHORA SE ARRUINARON,5526.0,,streams,https://i.ytimg.com/vi/wXmHhGS6cao/hqdefault.jpg?sqp=-oaymwEcCNACELwBSFXyq4qpAw4IARUAAIhCGAFwAcABBg==&rs=AOn4CLDvlKU206nd4b4XjSD2Dty5h-hCWA,El Dios de los Autos,external-reference,embed_link_and_summarize_only
TTOT0v05REU,https://www.youtube.com/watch?v=TTOT0v05REU,¿PORQUE TODOS ODIAN LOS AUTOS CHINOS?,4126.0,,streams,https://i.ytimg.com/vi/TTOT0v05REU/hqdefault.jpg?sqp=-oaymwEcCNACELwBSFXyq4qpAw4IARUAAIhCGAFwAcABBg==&rs=AOn4CLClLObaRBGb7H6zGz7eqP3BScleDQ,El Dios de los Autos,external-reference,embed_link_and_summarize_only
cCye_MFsCzw,https://www.youtube.com/watch?v=cCye_MFsCzw,TOYOTA Y JAPÓN ESTÁN HARTOS DE LOS CHINOS - LA GUERRA COMENZÓ,5670.0,,streams,https://i.ytimg.com/vi/cCye_MFsCzw/hqdefault.jpg?sqp=-oaymwEcCNACELwBSFXyq4qpAw4IARUAAIhCGAFwAcABBg==&rs=AOn4CLCAz7mS7StgPDn3SM9hXwjWocCuZA,El Dios de los Autos,external-reference,embed_link_and_summarize_only
Klf9Z7j29Pg,https://www.youtube.com/watch?v=Klf9Z7j29Pg,VOY A CERRAR MI CANAL DE YOUTUBE,4467.0,,streams,https://i.ytimg.com/vi/Klf9Z7j29Pg/hqdefault.jpg?sqp=-oaymwEcCNACELwBSFXyq4qpAw4IARUAAIhCGAFwAcABBg==&rs=AOn4CLDbrhJUKjZ53IpKhe_0zHBNVuUWzg,El Dios de los Autos,external-reference,embed_link_and_summarize_only
o-JmkAbdeeQ,https://www.youtube.com/watch?v=o-JmkAbdeeQ,RINES/AROS REPLICA Y ORIGINALES ¿Realmente hay diferencia?,1998.0,,streams,https://i.ytimg.com/vi/o-JmkAbdeeQ/hqdefault.jpg?sqp=-oaymwEcCNACELwBSFXyq4qpAw4IARUAAIhCGAFwAcABBg==&rs=AOn4CLCZkXjSdH474s2HI3f7ILF2CuzPdg,El Dios de los Autos,external-reference,embed_link_and_summarize_only
3XbD3ghkf9Q,https://www.youtube.com/watch?v=3XbD3ghkf9Q,UN ANUNCIO MUY IMPORTANTE,4641.0,,streams,https://i.ytimg.com/vi/3XbD3ghkf9Q/hqdefault.jpg?sqp=-oaymwEcCNACELwBSFXyq4qpAw4IARUAAIhCGAFwAcABBg==&rs=AOn4CLAVSosod_rxWz4qpScasYZ3ak0jsw,El Dios de los Autos,external-reference,embed_link_and_summarize_only
VVW1845uyNE,https://www.youtube.com/watch?v=VVW1845uyNE,Prefiero HYUNDAI a un FORD MUSTANG 2 y te explico porqué (DIOS EN VIVO),5383.0,,streams,https://i.ytimg.com/vi/VVW1845uyNE/hqdefault.jpg?sqp=-oaymwEcCNACELwBSFXyq4qpAw4IARUAAIhCGAFwAcABBg==&rs=AOn4CLAoUEEBvw6x9SXIAsH8s0E_yBssnA,El Dios de los Autos,external-reference,embed_link_and_summarize_only
v8TimBaGhf8,https://www.youtube.com/watch?v=v8TimBaGhf8,HOLA AMIGUITOS,4790.0,,streams,https://i.ytimg.com/vi/v8TimBaGhf8/hqdefault.jpg?sqp=-oaymwEcCNACELwBSFXyq4qpAw4IARUAAIhCGAFwAcABBg==&rs=AOn4CLD7UhADAOiT5PfIjVx2pMAfGKyq3A,El Dios de los Autos,external-reference,embed_link_and_summarize_only
hZlYRWTqT0Q,https://www.youtube.com/watch?v=hZlYRWTqT0Q,RESPONDIENDO PREGUNTAS EN VIVO,4505.0,,streams,https://i.ytimg.com/vi/hZlYRWTqT0Q/hqdefault.jpg?sqp=-oaymwEcCNACELwBSFXyq4qpAw4IARUAAIhCGAFwAcABBg==&rs=AOn4CLAB4hCsU--G5v0XdYqFzn3qq5RWjg,El Dios de los Autos,external-reference,embed_link_and_summarize_only
oZir8g1kR5w,https://www.youtube.com/watch?v=oZir8g1kR5w,RESPONDIENDO PREGUNTAS EN VIVO,4739.0,,streams,https://i.ytimg.com/vi/oZir8g1kR5w/hqdefault.jpg?sqp=-oaymwEcCNACELwBSFXyq4qpAw4IARUAAIhCGAFwAcABBg==&rs=AOn4CLCRpRb-g1jKz00Zh-au8VzVkQuxUg,El Dios de los Autos,external-reference,embed_link_and_summarize_only
zZSK-6XVdl8,https://www.youtube.com/watch?v=zZSK-6XVdl8,FINAL!!! 6 HORAS PERUANAS + PODIO!!,1195.0,,streams,https://i.ytimg.com/vi/zZSK-6XVdl8/hqdefault.jpg?sqp=-oaymwEcCNACELwBSFXyq4qpAw4IARUAAIhCGAFwAcABBg==&rs=AOn4CLDCssYjlkpSuDgSbtJLwnWvXp37zw,El Dios de los Autos,external-reference,embed_link_and_summarize_only
KJaX7ESd_vA,https://www.youtube.com/watch?v=KJaX7ESd_vA,En vivo con el Kia Stinger GT 2018,534.0,,streams,https://i.ytimg.com/vi/KJaX7ESd_vA/hqdefault.jpg?sqp=-oaymwEcCNACELwBSFXyq4qpAw4IARUAAIhCGAFwAcABBg==&rs=AOn4CLAO40_f9uUt_oZXoA-xIURt8QV_Gw,El Dios de los Autos,external-reference,embed_link_and_summarize_only
