id,url,title,duration,timestamp,tabs,thumbnail,source_name,usage_rights,reuse_policy
lUNUgroMhMI,https://www.youtube.com/watch?v=lUNUgroMhMI,New York Auto Show 2026: Mejores momentos | Jaime Gabaldoni,842.0,,videos,https://i.ytimg.com/vi/lUNUgroMhMI/hqdefault.jpg?sqp=-oaymwEcCNACELwBSFXyq4qpAw4IARUAAIhCGAFwAcABBg==&rs=AOn4CLB8_HYAiCkcRDS_wjpbszJ22YUM2w,Jaime Gabaldoni,external-reference,embed_link_and_summarize_only
trzXvvLSh6I,https://www.youtube.com/watch?v=trzXvvLSh6I,😱 The Future of the Channel… Thank You for Making This Channel Possible 🔥 | Jaime Gabaldoni,59.0,,videos,https://i.ytimg.com/vi/trzXvvLSh6I/hqdefault.jpg?sqp=-oaymwEcCNACELwBSFXyq4qpAw4IARUAAIhCGAFwAcABBg==&rs=AOn4CLAI1ksaagpUvUasBrbJMztCz1j-aA,Jaime Gabaldoni,external-reference,embed_link_and_summarize_only
6qLRvIZOKPY,https://www.youtube.com/watch?v=6qLRvIZOKPY,Mitsubishi Outlander 2026: ¿La SUV familiar más subestimada? | Test drive | Jaime Gabaldoni,1165.0,,videos,https://i.ytimg.com/vi/6qLRvIZOKPY/hqdefault.jpg?sqp=-oaymwEcCNACELwBSFXyq4qpAw4IARUAAIhCGAFwAcABBg==&rs=AOn4CLCg6wFG-bqFxjj7TzSOuZ1OJYkPUA,Jaime Gabaldoni,external-reference,embed_link_and_summarize_only
EtJsaat4ldU,https://www.youtube.com/watch?v=EtJsaat4ldU,¡Consigue acceso a contenido exclusivo y material inédito! 🔥 | Jaime Gabaldoni,50.0,,videos,https://i.ytimg.com/vi/EtJsaat4ldU/hqdefault.jpg?sqp=-oaymwEcCNACELwBSFXyq4qpAw4IARUAAIhCGAFwAcABBg==&rs=AOn4CLCk3GxIBRYKtJAVEA_NQWlxAgin_g,Jaime Gabaldoni,external-reference,embed_link_and_summarize_only
LID4C_krWfY,https://www.youtube.com/watch?v=LID4C_krWfY,Subaru Outback Wilderness 2026: ADN Rally 🔥 | Test drive | Jaime Gabaldoni,1295.0,,videos,https://i.ytimg.com/vi/LID4C_krWfY/hqdefault.jpg?sqp=-oaymwEcCNACELwBSFXyq4qpAw4IARUAAIhCGAFwAcABBg==&rs=AOn4CLD_Zi7nqws8blpMzM2N3-FY3OoldQ,Jaime Gabaldoni,external-reference,embed_link_and_summarize_only
8YWDHF-ywPE,https://www.youtube.com/watch?v=8YWDHF-ywPE,Lexus LC500 Convertible Inspiration Series 2026: Lujo y fuerza | Prueba de manejo | Jaime Gabaldoni,1579.0,,videos,https://i.ytimg.com/vi/8YWDHF-ywPE/hqdefault.jpg?sqp=-oaymwEcCNACELwBSFXyq4qpAw4IARUAAIhCGAFwAcABBg==&rs=AOn4CLDZ8D6rk7DqY_gqwneSJUhDiFZfiw,Jaime Gabaldoni,external-reference,embed_link_and_summarize_only
yhYrSTAGzkk,https://www.youtube.com/watch?v=yhYrSTAGzkk,Toyota GR Supra 2026 Final Edition: ¿El adiós de una leyenda? | Prueba de manejo | Jaime Gabaldoni,1403.0,,videos,https://i.ytimg.com/vi/yhYrSTAGzkk/hqdefault.jpg?sqp=-oaymwEcCNACELwBSFXyq4qpAw4IARUAAIhCGAFwAcABBg==&rs=AOn4CLDH2A8cPH3u20-YqURr2hASS5H39g,Jaime Gabaldoni,external-reference,embed_link_and_summarize_only
mBE9MOnr0bQ,https://www.youtube.com/watch?v=mBE9MOnr0bQ,"Mazda CX-90 Turbo S 2026: SUV de 3 filas potente, premium y divertida | Test drive | Jaime Gabaldoni",1239.0,,videos,https://i.ytimg.com/vi/mBE9MOnr0bQ/hqdefault.jpg?sqp=-oaymwEcCNACELwBSFXyq4qpAw4IARUAAIhCGAFwAcABBg==&rs=AOn4CLDemtLxn3jaeDD43V8zULUMIuPkbw,Jaime Gabaldoni,external-reference,embed_link_and_summarize_only
Pfd3_boVrOg,https://www.youtube.com/watch?v=Pfd3_boVrOg,2026 Volkswagen Golf R: The best hot hatch with AWD and 328 HP! | Test drive | Jaime Gabaldoni,1405.0,,videos,https://i.ytimg.com/vi/Pfd3_boVrOg/hqdefault.jpg?sqp=-oaymwEcCNACELwBSFXyq4qpAw4IARUAAIhCGAFwAcABBg==&rs=AOn4CLC-2grn2W0lHtxuAofIPdrynnng1g,Jaime Gabaldoni,external-reference,embed_link_and_summarize_only
PXAUOd8s2qQ,https://www.youtube.com/watch?v=PXAUOd8s2qQ,Aston Martin Vantage S Roadster 2026: ¿El convertible perfecto? | Prueba de manejo | Jaime Gabaldoni,1603.0,,videos,https://i.ytimg.com/vi/PXAUOd8s2qQ/hqdefault.jpg?sqp=-oaymwEcCNACELwBSFXyq4qpAw4IARUAAIhCGAFwAcABBg==&rs=AOn4CLDqEBStXjj8_mT0dRhQ87dCElg-DA,Jaime Gabaldoni,external-reference,embed_link_and_summarize_only
vzlh_IkxNDw,https://www.youtube.com/watch?v=vzlh_IkxNDw,"New York Auto Show 2026: Conceptos, eléctricos y muscle cars 🔥 | Jaime Gabaldoni",2651.0,,videos,https://i.ytimg.com/vi/vzlh_IkxNDw/hqdefault.jpg?sqp=-oaymwEcCNACELwBSFXyq4qpAw4IARUAAIhCGAFwAcABBg==&rs=AOn4CLAv7FDdbsZdb1_KagmHY6tg67pTYg,Jaime Gabaldoni,external-reference,embed_link_and_summarize_only
7UZc3Ko496Q,https://www.youtube.com/watch?v=7UZc3Ko496Q,¿La Raptor en peligro? 🤔 Lo que se sabe de la Toyota TRD Hammer | Noticia | Jaime Gabaldoni,86.0,,videos,https://i.ytimg.com/vi/7UZc3Ko496Q/hqdefault.jpg?sqp=-oaymwEcCNACELwBSFXyq4qpAw4IARUAAIhCGAFwAcABBg==&rs=AOn4CLDtJIfceF0Vd6EvccqwGr2VW7HpsA,Jaime Gabaldoni,external-reference,embed_link_and_summarize_only
RRZDRLiIQOw,https://www.youtube.com/watch?v=RRZDRLiIQOw,Dodge Charger Sixpack 2026 RT: ¿sigue siendo un muscle car? @Teamoneilrally | Jaime Gabaldoni,811.0,,videos,https://i.ytimg.com/vi/RRZDRLiIQOw/hqdefault.jpg?sqp=-oaymwEcCNACELwBSFXyq4qpAw4IARUAAIhCGAFwAcABBg==&rs=AOn4CLDX0OSPR4G1XF6iOd2RDNTtF8Q74A,Jaime Gabaldoni,external-reference,embed_link_and_summarize_only
sEdkFx4BdqM,https://www.youtube.com/watch?v=sEdkFx4BdqM,Kia Telluride 2027: ¿La mejor SUV familiar? con @Guaroa Ubinas | Prueba de manejo | Jaime Gabaldoni,1112.0,,videos,https://i.ytimg.com/vi/sEdkFx4BdqM/hqdefault.jpg?sqp=-oaymwEcCNACELwBSFXyq4qpAw4IARUAAIhCGAFwAcABBg==&rs=AOn4CLDFJ4FJ-bcy_ai7e5wDjRd1b2hWYg,Jaime Gabaldoni,external-reference,embed_link_and_summarize_only
z27AbWQP8wE,https://www.youtube.com/watch?v=z27AbWQP8wE,🚙 Toyota Grand Highlander 2026 i-Force MAX Platinum: 362 hp y 3 filas híbridas | Jaime Gabaldoni,1396.0,,videos,https://i.ytimg.com/vi/z27AbWQP8wE/hqdefault.jpg?sqp=-oaymwEcCNACELwBSFXyq4qpAw4IARUAAIhCGAFwAcABBg==&rs=AOn4CLDWm1GbZ9cHcMBqu3mpSU-g71AxmA,Jaime Gabaldoni,external-reference,embed_link_and_summarize_only
Ta_QwNdOTM0,https://www.youtube.com/watch?v=Ta_QwNdOTM0,Nissan Armada/Patrol Nismo 2026: La SUV deportiva INESPERADA de Nissan | Prueba de manejo,1500.0,,videos,https://i.ytimg.com/vi/Ta_QwNdOTM0/hqdefault.jpg?sqp=-oaymwEcCNACELwBSFXyq4qpAw4IARUAAIhCGAFwAcABBg==&rs=AOn4CLAQ13uWNiU8CEJYMv8gMhwThGoXrw,Jaime Gabaldoni,external-reference,embed_link_and_summarize_only
zCFVqqfFmAo,https://www.youtube.com/watch?v=zCFVqqfFmAo,Mercedes-Maybach SL680 Monogram Edition: Lujo Absoluto en Convertible V8 | Reseña | Jaime Gabaldoni,1351.0,,videos,https://i.ytimg.com/vi/zCFVqqfFmAo/hqdefault.jpg?sqp=-oaymwEcCNACELwBSFXyq4qpAw4IARUAAIhCGAFwAcABBg==&rs=AOn4CLA5Nujjk-nQo6tfMy20y21M550l2Q,Jaime Gabaldoni,external-reference,embed_link_and_summarize_only
Fb_wDMbe3CQ,https://www.youtube.com/watch?v=Fb_wDMbe3CQ,Toyota Crown Platinum 2026: Sedán de lujo híbrido de 340 HP AWD | Reseña | Jaime Gabaldoni,1124.0,,videos,https://i.ytimg.com/vi/Fb_wDMbe3CQ/hqdefault.jpg?sqp=-oaymwEcCNACELwBSFXyq4qpAw4IARUAAIhCGAFwAcABBg==&rs=AOn4CLBqcJh1EHuFmxSKWobY9jaeTAXcdA,Jaime Gabaldoni,external-reference,embed_link_and_summarize_only
OIzoQizv9Hc,https://www.youtube.com/watch?v=OIzoQizv9Hc,China prohíbe las manijas ocultas en los autos más nuevos ¿Son un peligro? | Jaime Gabaldoni,243.0,,videos,https://i.ytimg.com/vi/OIzoQizv9Hc/hqdefault.jpg?sqp=-oaymwEcCNACELwBSFXyq4qpAw4IARUAAIhCGAFwAcABBg==&rs=AOn4CLCjrIOBU3t_p79ORDlSDl9FaiHsMA,Jaime Gabaldoni,external-reference,embed_link_and_summarize_only
CZzey2hs4nM,https://www.youtube.com/watch?v=CZzey2hs4nM,"AUDI A6 2026: Más tecnología, lujo y 362 HP V6 Turbo | Reseña | Jaime Gabaldoni",1177.0,,videos,https://i.ytimg.com/vi/CZzey2hs4nM/hqdefault.jpg?sqp=-oaymwEcCNACELwBSFXyq4qpAw4IARUAAIhCGAFwAcABBg==&rs=AOn4CLCe_tXATR-EF-2TJTcxJk_YKPbqWg,Jaime Gabaldoni,external-reference,embed_link_and_summarize_only
6x2bdm1YbSM,https://www.youtube.com/watch?v=6x2bdm1YbSM,Elon Musk se deshace del Tesla Model S y Model X | Noticia | Jaime Gabaldoni,185.0,,videos,https://i.ytimg.com/vi/6x2bdm1YbSM/hqdefault.jpg?sqp=-oaymwEcCNACELwBSFXyq4qpAw4IARUAAIhCGAFwAcABBg==&rs=AOn4CLBD3CMjbBQp6XSr0vOYtmuGpHAnqg,Jaime Gabaldoni,external-reference,embed_link_and_summarize_only
6_ijjhz_uJs,https://www.youtube.com/watch?v=6_ijjhz_uJs,Grand Canyon West en moto desde Las Vegas -BMW R1250 RT ¡Helicóptero y más! | Vlog | Jaime Gabaldoni,1461.0,,videos,https://i.ytimg.com/vi/6_ijjhz_uJs/hqdefault.jpg?sqp=-oaymwEcCNACELwBSFXyq4qpAw4IARUAAIhCGAFwAcABBg==&rs=AOn4CLAG32Tgz45hd4u2o5ZfTLumBrGEsQ,Jaime Gabaldoni,external-reference,embed_link_and_summarize_only
q4Eha0ON8do,https://www.youtube.com/watch?v=q4Eha0ON8do,BMW R 1250 RT 2023: Touring de lujo en el Gran Cañón | Prueba de manejo | Jaime Gabaldoni,549.0,,videos,https://i.ytimg.com/vi/q4Eha0ON8do/hqdefault.jpg?sqp=-oaymwEcCNACELwBSFXyq4qpAw4IARUAAIhCGAFwAcABBg==&rs=AOn4CLC18cI6RECedMWjnmjDtaohle8KTg,Jaime Gabaldoni,external-reference,embed_link_and_summarize_only
mYIIqnu4dco,https://www.youtube.com/watch?v=mYIIqnu4dco,"Kia K4 Hatchback 2026: Motor turbo, manejo ágil y estilo único | Prueba de manejo | Jaime Gabaldoni",829.0,,videos,https://i.ytimg.com/vi/mYIIqnu4dco/hqdefault.jpg?sqp=-oaymwEcCNACELwBSFXyq4qpAw4IARUAAIhCGAFwAcABBg==&rs=AOn4CLAFdkYg8HUuvvrX2qi_Oe_jf6xAzg,Jaime Gabaldoni,external-reference,embed_link_and_summarize_only
bB1xwxQ2flM,https://www.youtube.com/watch?v=bB1xwxQ2flM,Ford Mustang Dark Horse SC 2026: Llegó para humillar a los supercars | Noticia | Jaime Gabaldoni,247.0,,videos,https://i.ytimg.com/vi/bB1xwxQ2flM/hqdefault.jpg?sqp=-oaymwEcCNACELwBSFXyq4qpAw4IARUAAIhCGAFwAcABBg==&rs=AOn4CLAgxTaO7nt06nTz4JKBJhFa24Ny8A,Jaime Gabaldoni,external-reference,embed_link_and_summarize_only
0K4WnRmuTT4,https://www.youtube.com/watch?v=0K4WnRmuTT4,Cadillac Escalade IQ 2026: ¿Eléctrica y la mejor de la historia? ⚡️ | Reseña | Jaime Gabaldoni,867.0,,videos,https://i.ytimg.com/vi/0K4WnRmuTT4/hqdefault.jpg?sqp=-oaymwEcCNACELwBSFXyq4qpAw4IARUAAIhCGAFwAcABBg==&rs=AOn4CLDYLvRjXStqSailymi7V-xiv8vodQ,Jaime Gabaldoni,external-reference,embed_link_and_summarize_only
d9aW_x8Scgo,https://www.youtube.com/watch?v=d9aW_x8Scgo,Ford Bronco RTR 2027: No compres un Bronco sin ver el nuevo RTR… 😱 | Lanzamiento | Jaime Gabaldoni,206.0,,videos,https://i.ytimg.com/vi/d9aW_x8Scgo/hqdefault.jpg?sqp=-oaymwEcCNACELwBSFXyq4qpAw4IARUAAIhCGAFwAcABBg==&rs=AOn4CLDIfoWAe9Q_5tadsHlimOp3T1O9kw,Jaime Gabaldoni,external-reference,embed_link_and_summarize_only
RD6xpPUZgTQ,https://www.youtube.com/watch?v=RD6xpPUZgTQ,Lucid Gravity 2026: ¿SUV o Minivan Eléctrica? | Prueba de manejo | Jaime Gabaldoni,1549.0,,videos,https://i.ytimg.com/vi/RD6xpPUZgTQ/hqdefault.jpg?sqp=-oaymwEcCNACELwBSFXyq4qpAw4IARUAAIhCGAFwAcABBg==&rs=AOn4CLA1Jn9qigDzVut40rLCK5vrPDXI6A,Jaime Gabaldoni,external-reference,embed_link_and_summarize_only
CB-FRvHU4sw,https://www.youtube.com/watch?v=CB-FRvHU4sw,Ram 1500 SRT TRX 2027: 777 HP y el regreso del V8 SRT | Lanzamiento | Jaime Gabaldoni,296.0,,videos,https://i.ytimg.com/vi/CB-FRvHU4sw/hqdefault.jpg?sqp=-oaymwEcCNACELwBSFXyq4qpAw4IARUAAIhCGAFwAcABBg==&rs=AOn4CLAhR9HjjK11mq9GAPl5oVLOuGPVlg,Jaime Gabaldoni,external-reference,embed_link_and_summarize_only
BJAWFdh8_AU,https://www.youtube.com/watch?v=BJAWFdh8_AU,Ford Expedition King Ranch 2025: un modelo imponente y lujoso | Prueba de manejo | Jaime Gabaldoni,1462.0,,videos,https://i.ytimg.com/vi/BJAWFdh8_AU/hqdefault.jpg?sqp=-oaymwEcCNACELwBSFXyq4qpAw4IARUAAIhCGAFwAcABBg==&rs=AOn4CLB05xbgnBtBzo7XR1G6blHwmyM1FQ,Jaime Gabaldoni,external-reference,embed_link_and_summarize_only
zuUBMAV9KN4,https://www.youtube.com/watch?v=zuUBMAV9KN4,Ferrari SF90 y la muerte de Vince Zampella: todo lo que se sabe | Noticia | Jaime Gabaldoni,207.0,,videos,https://i.ytimg.com/vi/zuUBMAV9KN4/hqdefault.jpg?sqp=-oaymwEcCNACELwBSFXyq4qpAw4IARUAAIhCGAFwAcABBg==&rs=AOn4CLC7BmDNNhF49g_0pzS_RmqbyFFhcw,Jaime Gabaldoni,external-reference,embed_link_and_summarize_only
VxYYXo0tG9Q,https://www.youtube.com/watch?v=VxYYXo0tG9Q,Mazda CX-5 Turbo 2025: ¿Sigue siendo una gran opción premium? | Prueba de manejo | Jaime Gabaldoni,841.0,,videos,https://i.ytimg.com/vi/VxYYXo0tG9Q/hqdefault.jpg?sqp=-oaymwEcCNACELwBSFXyq4qpAw4IARUAAIhCGAFwAcABBg==&rs=AOn4CLAIBf_9iUP6keaYNDAT5qOUALSpuA,Jaime Gabaldoni,external-reference,embed_link_and_summarize_only
Iv9QnL7nz-4,https://www.youtube.com/watch?v=Iv9QnL7nz-4,"Japan Mobility Show 2025: Lexus, Toyota, Subaru, Mazda y el futuro de la movilidad | Jaime Gabaldoni",555.0,,videos,https://i.ytimg.com/vi/Iv9QnL7nz-4/hqdefault.jpg?sqp=-oaymwEcCNACELwBSFXyq4qpAw4IARUAAIhCGAFwAcABBg==&rs=AOn4CLC8eFC702ASJu4OWuwRpIR9PoOjoA,Jaime Gabaldoni,external-reference,embed_link_and_summarize_only
_xy8WDnnLgA,https://www.youtube.com/watch?v=_xy8WDnnLgA,Art Basel Miami 2025: Autos de Multimillonarios y Supercars Exclusivos | Jaime Gabaldoni,606.0,,videos,https://i.ytimg.com/vi/_xy8WDnnLgA/hqdefault.jpg?sqp=-oaymwEcCNACELwBSFXyq4qpAw4IARUAAIhCGAFwAcABBg==&rs=AOn4CLBqZYKQRRdeyCtXJxITX0Pb-U8LcQ,Jaime Gabaldoni,external-reference,embed_link_and_summarize_only
penoqdtgT7I,https://www.youtube.com/watch?v=penoqdtgT7I,Toyota GR GT: El nuevo superdeportivo híbrido con ADN de Lexus LFA | Lanzamiento | Jaime Gabaldoni,252.0,,videos,https://i.ytimg.com/vi/penoqdtgT7I/hqdefault.jpg?sqp=-oaymwEcCNACELwBSFXyq4qpAw4IARUAAIhCGAFwAcABBg==&rs=AOn4CLAPghjtpY2FgX7TQzNSkaV38WNgWw,Jaime Gabaldoni,external-reference,embed_link_and_summarize_only
drEOttHr7BE,https://www.youtube.com/watch?v=drEOttHr7BE,Aston Martin Vanquish 2025: Elegancia y alma de superdeportivo | Prueba de manejo | Jaime Gabaldoni,1187.0,,videos,https://i.ytimg.com/vi/drEOttHr7BE/hqdefault.jpg?sqp=-oaymwEcCNACELwBSFXyq4qpAw4IARUAAIhCGAFwAcABBg==&rs=AOn4CLAMjOzHzNMgc9ouIV5SB8yMETl0nA,Jaime Gabaldoni,external-reference,embed_link_and_summarize_only
W12YtvtpSDM,https://www.youtube.com/watch?v=W12YtvtpSDM,¿Manipulación en la Fórmula 1? Polémica en la penúltima fecha 2025 | Noticia | Jaime Gabaldoni,152.0,,videos,https://i.ytimg.com/vi/W12YtvtpSDM/hqdefault.jpg?sqp=-oaymwEcCNACELwBSFXyq4qpAw4IARUAAIhCGAFwAcABBg==&rs=AOn4CLDqPnAYzgrwwCAfd5qEPqRL5cV8mA,Jaime Gabaldoni,external-reference,embed_link_and_summarize_only
7zNgg156J8I,https://www.youtube.com/watch?v=7zNgg156J8I,Toyota Corolla FX 2025: La edición especial más divertida | Reseña | Jaime Gabaldoni,1083.0,,videos,https://i.ytimg.com/vi/7zNgg156J8I/hqdefault.jpg?sqp=-oaymwEcCNACELwBSFXyq4qpAw4IARUAAIhCGAFwAcABBg==&rs=AOn4CLBEskJSnfzXXN7GriubCnt-pDPByw,Jaime Gabaldoni,external-reference,embed_link_and_summarize_only
UhB-v-sSKSo,https://www.youtube.com/watch?v=UhB-v-sSKSo,🔥 ¡BOMBAZO en la F1! Descalifican a McLaren y Verstappen se mete en la pelea | Jaime Gabaldoni,148.0,,videos,https://i.ytimg.com/vi/UhB-v-sSKSo/hqdefault.jpg?sqp=-oaymwEcCNACELwBSFXyq4qpAw4IARUAAIhCGAFwAcABBg==&rs=AOn4CLCDNpGgfvajW9FpDeuEX_8slRC69w,Jaime Gabaldoni,external-reference,embed_link_and_summarize_only
-FnDxyk1_cI,https://www.youtube.com/watch?v=-FnDxyk1_cI,GMC Sierra EV AT4 2026: La pick-up eléctrica más capaz de GMC | Prueba de manejo | Jaime Gabaldoni,1492.0,,videos,https://i.ytimg.com/vi/-FnDxyk1_cI/hqdefault.jpg?sqp=-oaymwEcCNACELwBSFXyq4qpAw4IARUAAIhCGAFwAcABBg==&rs=AOn4CLDljUO2C0FTTdIpJtKn7zWrEHvXxA,Jaime Gabaldoni,external-reference,embed_link_and_summarize_only
wuT-8Os-l5w,https://www.youtube.com/watch?v=wuT-8Os-l5w,Lexus LS Coupé Concept: El FUTURO del lujo deportivo (Auto Show Japón 2025) | Jaime Gabaldoni,270.0,,videos,https://i.ytimg.com/vi/wuT-8Os-l5w/hqdefault.jpg?sqp=-oaymwEcCNACELwBSFXyq4qpAw4IARUAAIhCGAFwAcABBg==&rs=AOn4CLBjVrkKt7EeUVPI8tKfsYFjakwRrw,Jaime Gabaldoni,external-reference,embed_link_and_summarize_only
8BdkKrNfMmM,https://www.youtube.com/watch?v=8BdkKrNfMmM,Dodge Charger Sixpack 2026: El regreso del muscle car… ahora con seis cilindros | Prueba de manejo,874.0,,videos,https://i.ytimg.com/vi/8BdkKrNfMmM/hqdefault.jpg?sqp=-oaymwEcCNACELwBSFXyq4qpAw4IARUAAIhCGAFwAcABBg==&rs=AOn4CLA60iJ56U8E8salluqFEdH9P5sb5Q,Jaime Gabaldoni,external-reference,embed_link_and_summarize_only
kvX5VyLVxuc,https://www.youtube.com/watch?v=kvX5VyLVxuc,"Japan Mobility Show 2025: Lexus Sport Concept, el futuro del diseño deportivo | Jaime Gabaldoni",200.0,,videos,https://i.ytimg.com/vi/kvX5VyLVxuc/hqdefault.jpg?sqp=-oaymwEcCNACELwBSFXyq4qpAw4IARUAAIhCGAFwAcABBg==&rs=AOn4CLC4o4Pcr3z7Zz-71G92LkzoOk8F0A,Jaime Gabaldoni,external-reference,embed_link_and_summarize_only
ds7eNx3f0NI,https://www.youtube.com/watch?v=ds7eNx3f0NI,Nissan Sentra 2026: ¿Evolución o más de lo mismo? | Reseña | Jaime Gabaldoni & @Guillermo Moeller,1087.0,,videos,https://i.ytimg.com/vi/ds7eNx3f0NI/hqdefault.jpg?sqp=-oaymwEcCNACELwBSFXyq4qpAw4IARUAAIhCGAFwAcABBg==&rs=AOn4CLAD4GPSfxgo29GPeGInLICXHmIAaw,Jaime Gabaldoni,external-reference,embed_link_and_summarize_only
86HpiGrwvU8,https://www.youtube.com/watch?v=86HpiGrwvU8,Japan Mobility Show 2025: los conceptos más impactantes del evento | Jaime Gabaldoni,1799.0,,videos,https://i.ytimg.com/vi/86HpiGrwvU8/hqdefault.jpg?sqp=-oaymwEcCNACELwBSFXyq4qpAw4IARUAAIhCGAFwAcABBg==&rs=AOn4CLBf4aIZ1rn7ArKNqJiY95vZ4Wr0aA,Jaime Gabaldoni,external-reference,embed_link_and_summarize_only
toaNgCnpvWo,https://www.youtube.com/watch?v=toaNgCnpvWo,Toyota Century SUV: el nuevo SUV de hiperlujo japonés | Jaime Gabaldoni,151.0,,videos,https://i.ytimg.com/vi/toaNgCnpvWo/hqdefault.jpg?sqp=-oaymwEcCNACELwBSFXyq4qpAw4IARUAAIhCGAFwAcABBg==&rs=AOn4CLA3hCR0lmpjZ1G5t8bFitvSf-FSJA,Jaime Gabaldoni,external-reference,embed_link_and_summarize_only
ElLVBxkNFlg,https://www.youtube.com/watch?v=ElLVBxkNFlg,Lexus NX 350h 2025 | Test Drive completo y análisis híbrido | Jaime Gabaldoni,1077.0,,videos,https://i.ytimg.com/vi/ElLVBxkNFlg/hqdefault.jpg?sqp=-oaymwEcCNACELwBSFXyq4qpAw4IARUAAIhCGAFwAcABBg==&rs=AOn4CLDRvE-5OQP3CZhRGgJGv-DWQ7vYUQ,Jaime Gabaldoni,external-reference,embed_link_and_summarize_only
fcfO0lmV4OY,https://www.youtube.com/watch?v=fcfO0lmV4OY,"Cadillac Optiq Sport 2025: lujo, tecnología y autonomía eléctrica | Prueba de manejo | Gabaldoni",1033.0,,videos,https://i.ytimg.com/vi/fcfO0lmV4OY/hqdefault.jpg?sqp=-oaymwEcCNACELwBSFXyq4qpAw4IARUAAIhCGAFwAcABBg==&rs=AOn4CLCYGy3ZPIzW_42k_3jCpeJ3RJqQOQ,Jaime Gabaldoni,external-reference,embed_link_and_summarize_only
aKC_MBgMaaw,https://www.youtube.com/watch?v=aKC_MBgMaaw,Toyota Land Cruiser FJ 2026: Regresa la leyenda todoterreno 😱 | Noticia | Jaime Gabaldoni,111.0,,videos,https://i.ytimg.com/vi/aKC_MBgMaaw/hqdefault.jpg?sqp=-oaymwEcCNACELwBSFXyq4qpAw4IARUAAIhCGAFwAcABBg==&rs=AOn4CLB3fv-SdkSBBBpseVYMo5dj37hoVA,Jaime Gabaldoni,external-reference,embed_link_and_summarize_only
DF_TdMSndsM,https://www.youtube.com/watch?v=DF_TdMSndsM,Dodge Charger Daytona Scat Pack 2026: ¿Por qué tuvo rechazo? | Prueba de manejo | Jaime Gabaldoni,1361.0,,videos,https://i.ytimg.com/vi/DF_TdMSndsM/hqdefault.jpg?sqp=-oaymwEcCNACELwBSFXyq4qpAw4IARUAAIhCGAFwAcABBg==&rs=AOn4CLDcYmML3_5ol7bRgxiiByN_MrRWZg,Jaime Gabaldoni,external-reference,embed_link_and_summarize_only
UlztjFKH3RY,https://www.youtube.com/watch?v=UlztjFKH3RY,Toyota 4Runner TRD Pro 2025: La Camioneta Off-Road Soñada | Reseña SUV | Jaime Gabaldoni,784.0,,videos,https://i.ytimg.com/vi/UlztjFKH3RY/hqdefault.jpg?sqp=-oaymwEcCNACELwBSFXyq4qpAw4IARUAAIhCGAFwAcABBg==&rs=AOn4CLBeNx-kMN5tMUMYKAXplgBnD8pgFQ,Jaime Gabaldoni,external-reference,embed_link_and_summarize_only
AAqYbBRIgmw,https://www.youtube.com/watch?v=AAqYbBRIgmw,Dodge Charger HEMI V8 REGRESA: ¡El muscle car americano no ha muerto! | Noticia | Jaime Gabaldoni,109.0,,videos,https://i.ytimg.com/vi/AAqYbBRIgmw/hqdefault.jpg?sqp=-oaymwEcCNACELwBSFXyq4qpAw4IARUAAIhCGAFwAcABBg==&rs=AOn4CLBMAC2_kXyBYiwHv4mPTg4Gazm39A,Jaime Gabaldoni,external-reference,embed_link_and_summarize_only
73VEo69uU7E,https://www.youtube.com/watch?v=73VEo69uU7E,Cadillac Escalade Sport Platinum 2025: Lujo americano | Prueba de manejo | Jaime Gabaldoni,1541.0,,videos,https://i.ytimg.com/vi/73VEo69uU7E/hqdefault.jpg?sqp=-oaymwEcCNACELwBSFXyq4qpAw4IARUAAIhCGAFwAcABBg==&rs=AOn4CLAKHhRm6el6Z-nI8Ty-eFYq1ATGHQ,Jaime Gabaldoni,external-reference,embed_link_and_summarize_only
eVPITsya3wg,https://www.youtube.com/watch?v=eVPITsya3wg,Porsche Cayenne EV 2026: Interior Futurista y +1000 HP ⚡ | Lanzamiento | Jaime Gabaldoni,94.0,,videos,https://i.ytimg.com/vi/eVPITsya3wg/hqdefault.jpg?sqp=-oaymwEcCNACELwBSFXyq4qpAw4IARUAAIhCGAFwAcABBg==&rs=AOn4CLAGpL895CmJugppDj0qeMJBiStIAQ,Jaime Gabaldoni,external-reference,embed_link_and_summarize_only
bHdCMF7iyjE,https://www.youtube.com/watch?v=bHdCMF7iyjE,"Nissan Murano 2025: rediseño, más tecnología y confort | Prueba de Manejo | Jaime Gabaldoni",905.0,,videos,https://i.ytimg.com/vi/bHdCMF7iyjE/hqdefault.jpg?sqp=-oaymwEcCNACELwBSFXyq4qpAw4IARUAAIhCGAFwAcABBg==&rs=AOn4CLBNTN-yD6MaGIv35zu8aUXH2Zj-_A,Jaime Gabaldoni,external-reference,embed_link_and_summarize_only
7HPnFOjnQos,https://www.youtube.com/watch?v=7HPnFOjnQos,Nissan Sentra 2026: rediseño total y más tecnología | Lanzamiento | Jaime Gabaldoni,103.0,,videos,https://i.ytimg.com/vi/7HPnFOjnQos/hqdefault.jpg?sqp=-oaymwEcCNACELwBSFXyq4qpAw4IARUAAIhCGAFwAcABBg==&rs=AOn4CLBR1dAerHSUozE6DB5ZtShUfcrezA,Jaime Gabaldoni,external-reference,embed_link_and_summarize_only
FUFANojXJJ4,https://www.youtube.com/watch?v=FUFANojXJJ4,RAM 2500 Heavy Duty Diesel 2025: ¿La pickup más poderosa? | Prueba de Manejo | Jaime Gabaldoni,1201.0,,videos,https://i.ytimg.com/vi/FUFANojXJJ4/hqdefault.jpg?sqp=-oaymwEcCNACELwBSFXyq4qpAw4IARUAAIhCGAFwAcABBg==&rs=AOn4CLBSXaL2yyWPfB6J8Z5O0XpcdNh4JQ,Jaime Gabaldoni,external-reference,embed_link_and_summarize_only
I3uqdp9_2Cw,https://www.youtube.com/watch?v=I3uqdp9_2Cw,Volvo XC90 PHEV 2026: ¿El SUV híbrido premium más completo? | Prueba de Manejo | Jaime Gabaldoni,1117.0,,videos,https://i.ytimg.com/vi/I3uqdp9_2Cw/hqdefault.jpg?sqp=-oaymwEcCNACELwBSFXyq4qpAw4IARUAAIhCGAFwAcABBg==&rs=AOn4CLBdJe5BNUkY-IBImwiq_III2uw5eg,Jaime Gabaldoni,external-reference,embed_link_and_summarize_only
LtY6cW5VHag,https://www.youtube.com/watch?v=LtY6cW5VHag,Porsche 911 Turbo S 2026: Detalles oficiales | Lanzamiento | Jaime Gabaldoni,139.0,,videos,https://i.ytimg.com/vi/LtY6cW5VHag/hqdefault.jpg?sqp=-oaymwEcCNACELwBSFXyq4qpAw4IARUAAIhCGAFwAcABBg==&rs=AOn4CLDMx7s7NqleqZeFhkWgyx1RuXNpZQ,Jaime Gabaldoni,external-reference,embed_link_and_summarize_only
z4F7H4zOaSw,https://www.youtube.com/watch?v=z4F7H4zOaSw,Indian Chieftain PowerPlus 2025: ¿La Touring más poderosa? | Prueba de Manejo | Jaime Gabaldoni,930.0,,videos,https://i.ytimg.com/vi/z4F7H4zOaSw/hqdefault.jpg?sqp=-oaymwEcCNACELwBSFXyq4qpAw4IARUAAIhCGAFwAcABBg==&rs=AOn4CLASx4JSvEM-25PO6tQr5NBFEFfeEQ,Jaime Gabaldoni,external-reference,embed_link_and_summarize_only
-69R-huLwck,https://www.youtube.com/watch?v=-69R-huLwck,Honda Prelude 2026: Regresa un nombre legendario | Lanzamiento | Jaime Gabaldoni,93.0,,videos,https://i.ytimg.com/vi/-69R-huLwck/hqdefault.jpg?sqp=-oaymwEcCNACELwBSFXyq4qpAw4IARUAAIhCGAFwAcABBg==&rs=AOn4CLADafkM6bf-4L_Z2QTILEKTiHT11w,Jaime Gabaldoni,external-reference,embed_link_and_summarize_only
khqi6QIVrrs,https://www.youtube.com/watch?v=khqi6QIVrrs,Nissan Z Performance 2025: ¿El mejor coupé deportivo japonés? | Prueba de manejo | Jaime Gabaldoni,1330.0,,videos,https://i.ytimg.com/vi/khqi6QIVrrs/hqdefault.jpg?sqp=-oaymwEcCNACELwBSFXyq4qpAw4IARUAAIhCGAFwAcABBg==&rs=AOn4CLCkSL_eNOzVUtJQlrMRtZZAqb7M2A,Jaime Gabaldoni,external-reference,embed_link_and_summarize_only
O4VMhPiVT50,https://www.youtube.com/watch?v=O4VMhPiVT50,Toyota Tacoma i-Force Max TRD Pro 2025: Lista para el off-road | Prueba de manejo | Jaime Gabaldoni,1609.0,,videos,https://i.ytimg.com/vi/O4VMhPiVT50/hqdefault.jpg?sqp=-oaymwEcCNACELwBSFXyq4qpAw4IARUAAIhCGAFwAcABBg==&rs=AOn4CLDZjOosvmpqm9VGjVKIp-kA8zsZiA,Jaime Gabaldoni,external-reference,embed_link_and_summarize_only
GK2LvEv1Y3k,https://www.youtube.com/watch?v=GK2LvEv1Y3k,Mazda CX-90 PHEV 2025: SUV Híbrido Enchufable | Prueba de manejo | Jaime Gabaldoni,932.0,,videos,https://i.ytimg.com/vi/GK2LvEv1Y3k/hqdefault.jpg?sqp=-oaymwEcCNACELwBSFXyq4qpAw4IARUAAIhCGAFwAcABBg==&rs=AOn4CLDAdLSQgNGyuixoKVyKQl2-E0yG6g,Jaime Gabaldoni,external-reference,embed_link_and_summarize_only
JBICFvHef3U,https://www.youtube.com/watch?v=JBICFvHef3U,Hyundai Palisade 2026: 3 filas repletas de lujo y tecnología 🚙✨ | Reseña | Jaime Gabaldoni,1077.0,,videos,https://i.ytimg.com/vi/JBICFvHef3U/hqdefault.jpg?sqp=-oaymwEcCNACELwBSFXyq4qpAw4IARUAAIhCGAFwAcABBg==&rs=AOn4CLA0ex92vViICEbLW53syRRsku8VSw,Jaime Gabaldoni,external-reference,embed_link_and_summarize_only
fKrXVm0Dw88,https://www.youtube.com/watch?v=fKrXVm0Dw88,Mercedes-AMG GT63 COUPÉ 2025 | Prueba de Manejo | Jaime Gabaldoni,1241.0,,videos,https://i.ytimg.com/vi/fKrXVm0Dw88/hqdefault.jpg?sqp=-oaymwEcCNACELwBSFXyq4qpAw4IARUAAIhCGAFwAcABBg==&rs=AOn4CLA_mn-JOPMIwblEF4xHWh195f1kuQ,Jaime Gabaldoni,external-reference,embed_link_and_summarize_only
RXl-Ps9z0bU,https://www.youtube.com/watch?v=RXl-Ps9z0bU,Volkswagen Golf GTI S 2025 | Prueba de Manejo | Jaime Gabaldoni,1282.0,,videos,https://i.ytimg.com/vi/RXl-Ps9z0bU/hqdefault.jpg?sqp=-oaymwEcCNACELwBSFXyq4qpAw4IARUAAIhCGAFwAcABBg==&rs=AOn4CLBe6PRrfsmEi4Fs9CgMmjSQsZhHVg,Jaime Gabaldoni,external-reference,embed_link_and_summarize_only
awDFVRdX2Kw,https://www.youtube.com/watch?v=awDFVRdX2Kw,Genesis GV70 3.5 T 2026: ¿El SUV de lujo con mejor precio/desempeño? | Reseña | Jaime Gabaldoni,1115.0,,videos,https://i.ytimg.com/vi/awDFVRdX2Kw/hqdefault.jpg?sqp=-oaymwEcCNACELwBSFXyq4qpAw4IARUAAIhCGAFwAcABBg==&rs=AOn4CLADt-UckOIJTMkCwU5dY4viSu91gQ,Jaime Gabaldoni,external-reference,embed_link_and_summarize_only
UVFdCOXV7_A,https://www.youtube.com/watch?v=UVFdCOXV7_A,Nissan Rogue / X-Trail Platinum 2025: ¡por dentro y por fuera! | Reseña SUV | Jaime Gabaldoni,830.0,,videos,https://i.ytimg.com/vi/UVFdCOXV7_A/hqdefault.jpg?sqp=-oaymwEcCNACELwBSFXyq4qpAw4IARUAAIhCGAFwAcABBg==&rs=AOn4CLA2Hq6h6eweOCkchdUeLpFvuztRWQ,Jaime Gabaldoni,external-reference,embed_link_and_summarize_only
TnhTsDLBdnQ,https://www.youtube.com/watch?v=TnhTsDLBdnQ,🚙 Mercedes-Benz G580 2025 100% Eléctrico: ¿El futuro de la Clase G? | Reseña | Jaime Gabaldoni,1849.0,,videos,https://i.ytimg.com/vi/TnhTsDLBdnQ/hqdefault.jpg?sqp=-oaymwEcCNACELwBSFXyq4qpAw4IARUAAIhCGAFwAcABBg==&rs=AOn4CLAvVapSMHfaIuTDR_GEvPFkU6W93A,Jaime Gabaldoni,external-reference,embed_link_and_summarize_only
bvoESQL354E,https://www.youtube.com/watch?v=bvoESQL354E,Porsche 718 Cayman GTS 4.0 2025 | Prueba de manejo | Jaime Gabaldoni,1326.0,,videos,https://i.ytimg.com/vi/bvoESQL354E/hqdefault.jpg?sqp=-oaymwEcCNACELwBSFXyq4qpAw4IARUAAIhCGAFwAcABBg==&rs=AOn4CLDU6jLPC8xwmnH1QxCj3gXm0jskwA,Jaime Gabaldoni,external-reference,embed_link_and_summarize_only
L2qFm1tAncw,https://www.youtube.com/watch?v=L2qFm1tAncw,"Audi S5 Sportback 2025: totalmente renovado, ¿vale la pena? | Reseña | Jaime Gabaldoni",1195.0,,videos,https://i.ytimg.com/vi/L2qFm1tAncw/hqdefault.jpg?sqp=-oaymwEcCNACELwBSFXyq4qpAw4IARUAAIhCGAFwAcABBg==&rs=AOn4CLD_MsrmoipOCaWYJ_pz0_uM-ekmow,Jaime Gabaldoni,external-reference,embed_link_and_summarize_only
IDBixQ6YAxw,https://www.youtube.com/watch?v=IDBixQ6YAxw,Chevrolet Suburban RST 2025: ¿Qué la hace especial? | Prueba de manejo | Jaime Gabaldoni,1229.0,,videos,https://i.ytimg.com/vi/IDBixQ6YAxw/hqdefault.jpg?sqp=-oaymwEcCNACELwBSFXyq4qpAw4IARUAAIhCGAFwAcABBg==&rs=AOn4CLBdIp0e2iKLI5cGCLIk3Oiev0hXEw,Jaime Gabaldoni,external-reference,embed_link_and_summarize_only
fv_4zIhHUBA,https://www.youtube.com/watch?v=fv_4zIhHUBA,Chevrolet Corvette ZR1 2025 EN PISTA: Lo pruebo en el Circuito de las Américas | Jaime Gabaldoni,1362.0,,videos,https://i.ytimg.com/vi/fv_4zIhHUBA/hqdefault.jpg?sqp=-oaymwEcCNACELwBSFXyq4qpAw4IARUAAIhCGAFwAcABBg==&rs=AOn4CLBpcab6uLDfqYfRV3VzCvpTveuDRw,Jaime Gabaldoni,external-reference,embed_link_and_summarize_only
5l4MZSpALDE,https://www.youtube.com/watch?v=5l4MZSpALDE,Aston Martin DB12 Volante 2025: El convertible más elegante del año | Reseña | Jaime Gabaldoni,1512.0,,videos,https://i.ytimg.com/vi/5l4MZSpALDE/hqdefault.jpg?sqp=-oaymwEcCNACELwBSFXyq4qpAw4IARUAAIhCGAFwAcABBg==&rs=AOn4CLBlxYdXlLmEd-ezX3oJFI92TQ_LBQ,Jaime Gabaldoni,external-reference,embed_link_and_summarize_only
z1RBvS2-nFQ,https://www.youtube.com/watch?v=z1RBvS2-nFQ,Ford Expedition 2025: ¿La mejor SUV familiar tamaño completo? | Prueba de Manejo | Jaime Gabaldoni,1685.0,,videos,https://i.ytimg.com/vi/z1RBvS2-nFQ/hqdefault.jpg?sqp=-oaymwEcCNACELwBSFXyq4qpAw4IARUAAIhCGAFwAcABBg==&rs=AOn4CLAGywYesLt-bsXntJEIQdYkHya4kw,Jaime Gabaldoni,external-reference,embed_link_and_summarize_only
4Weomqgjhws,https://www.youtube.com/watch?v=4Weomqgjhws,Chevrolet Colorado ZR2 Bison 2025: ¿Cómo se maneja en Off-Road? | Reseña | Jaime Gabaldoni,1534.0,,videos,https://i.ytimg.com/vi/4Weomqgjhws/hqdefault.jpg?sqp=-oaymwEcCNACELwBSFXyq4qpAw4IARUAAIhCGAFwAcABBg==&rs=AOn4CLC0-PeMsoWUE6q29o8fd4v1VE72sA,Jaime Gabaldoni,external-reference,embed_link_and_summarize_only
4GrHI5TZqCc,https://www.youtube.com/watch?v=4GrHI5TZqCc,Mazda3 Hatchback Turbo 2025 vs. VW Golf GTI: ¿Cuál es mejor? | Reseña | Jaime Gabaldoni,1114.0,,videos,https://i.ytimg.com/vi/4GrHI5TZqCc/hqdefault.jpg?sqp=-oaymwEcCNACELwBSFXyq4qpAw4IARUAAIhCGAFwAcABBg==&rs=AOn4CLAU4kCvQAJJNftNSbnIKii6F2uyOg,Jaime Gabaldoni,external-reference,embed_link_and_summarize_only
MJlnXQdZCiM,https://www.youtube.com/watch?v=MJlnXQdZCiM,Ferrari 296 Speciale 2026: Híbrido de 880 CV y ADN F1 | Lanzamiento | Jaime Gabaldoni,212.0,,videos,https://i.ytimg.com/vi/MJlnXQdZCiM/hqdefault.jpg?sqp=-oaymwEcCNACELwBSFXyq4qpAw4IARUAAIhCGAFwAcABBg==&rs=AOn4CLDNFQeILF797_Jk7_gskAGPuFKc3g,Jaime Gabaldoni,external-reference,embed_link_and_summarize_only
XX0euxFS134,https://www.youtube.com/watch?v=XX0euxFS134,Cadillac CT5-V Blackwing 2025 | Prueba de Manejo | Jaime Gabaldoni,1744.0,,videos,https://i.ytimg.com/vi/XX0euxFS134/hqdefault.jpg?sqp=-oaymwEcCNACELwBSFXyq4qpAw4IARUAAIhCGAFwAcABBg==&rs=AOn4CLAgKfzcg271mcpTxFZvd1qUKNmTDQ,Jaime Gabaldoni,external-reference,embed_link_and_summarize_only
Mtkv1l4F0Fo,https://www.youtube.com/watch?v=Mtkv1l4F0Fo,Nissan Frontier SL 4x4 2025: ¡Todo lo que NECESITAS saber! | Prueba de manejo | Jaime Gabaldoni,1106.0,,videos,https://i.ytimg.com/vi/Mtkv1l4F0Fo/hqdefault.jpg?sqp=-oaymwEcCNACELwBSFXyq4qpAw4IARUAAIhCGAFwAcABBg==&rs=AOn4CLA94n6Rlj9UsUOKtzXX9Rr50q2OcA,Jaime Gabaldoni,external-reference,embed_link_and_summarize_only
PVSx-59O9Cg,https://www.youtube.com/watch?v=PVSx-59O9Cg,Probamos el Mitsubishi Outlander Sport 2025 en las calles de PERÚ | Reseña | Jaime Gabaldoni,1060.0,,videos,https://i.ytimg.com/vi/PVSx-59O9Cg/hqdefault.jpg?sqp=-oaymwEcCNACELwBSFXyq4qpAw4IARUAAIhCGAFwAcABBg==&rs=AOn4CLAAzBhQlHWAca_mQQMYMuySuIjg_w,Jaime Gabaldoni,external-reference,embed_link_and_summarize_only
DWOmUTltU7g,https://www.youtube.com/watch?v=DWOmUTltU7g,Toyota Corolla Hybrid 2025 - El LEGADO Continúa con 1 MILLÓN de Ventas | Reseña | Jaime Gabaldoni,921.0,,videos,https://i.ytimg.com/vi/DWOmUTltU7g/hqdefault.jpg?sqp=-oaymwEcCNACELwBSFXyq4qpAw4IARUAAIhCGAFwAcABBg==&rs=AOn4CLD9KKevxT7dXWpWxBKhihuHWli2sA,Jaime Gabaldoni,external-reference,embed_link_and_summarize_only
VwBiOZ9aBa4,https://www.youtube.com/watch?v=VwBiOZ9aBa4,Chevrolet Suburban High Country 2025 [4K] ¿La Mejor SUV Familiar actualmente? | Jaime Gabaldoni,1515.0,,videos,https://i.ytimg.com/vi/VwBiOZ9aBa4/hqdefault.jpg?sqp=-oaymwEcCNACELwBSFXyq4qpAw4IARUAAIhCGAFwAcABBg==&rs=AOn4CLAqAM5SG8eTHGFImkTt4Y1PVY1Vzg,Jaime Gabaldoni,external-reference,embed_link_and_summarize_only
r0wxQs3Wizw,https://www.youtube.com/watch?v=r0wxQs3Wizw,BMW 330i xDrive 2025: ¿vale la pena? | Prueba de manejo | Jaime Gabaldoni,1385.0,,videos,https://i.ytimg.com/vi/r0wxQs3Wizw/hqdefault.jpg?sqp=-oaymwEcCNACELwBSFXyq4qpAw4IARUAAIhCGAFwAcABBg==&rs=AOn4CLDqLaFytu4y-wRSwsz_CapmrCQO6w,Jaime Gabaldoni,external-reference,embed_link_and_summarize_only
arDaOi3bbhA,https://www.youtube.com/watch?v=arDaOi3bbhA,"Audi RS 7 Performance 2025: potencia, lujo y tecnología | Prueba de manejo | Jaime Gabaldoni",1473.0,,videos,https://i.ytimg.com/vi/arDaOi3bbhA/hqdefault.jpg?sqp=-oaymwEcCNACELwBSFXyq4qpAw4IARUAAIhCGAFwAcABBg==&rs=AOn4CLDLGFz0m75GsEUePAbQ8LS7lRag1w,Jaime Gabaldoni,external-reference,embed_link_and_summarize_only
1IjSjDuF1cY,https://www.youtube.com/watch?v=1IjSjDuF1cY,Iván Espinosa: De México a CEO Global de Nissan 🚗🇲🇽 | Jaime Gabaldoni,123.0,,videos,https://i.ytimg.com/vi/1IjSjDuF1cY/hqdefault.jpg?sqp=-oaymwEcCNACELwBSFXyq4qpAw4IARUAAIhCGAFwAcABBg==&rs=AOn4CLCXv3q2RuPl2zOLDofV2LIi1viNRA,Jaime Gabaldoni,external-reference,embed_link_and_summarize_only
QitI0_bBVRU,https://www.youtube.com/watch?v=QitI0_bBVRU,🚐🔋 Volkswagen ID. Buzz 2025: la combi eléctrica moderna ⚡🚀 | Prueba de manejo | Jaime Gabaldoni,1626.0,,videos,https://i.ytimg.com/vi/QitI0_bBVRU/hqdefault.jpg?sqp=-oaymwEcCNACELwBSFXyq4qpAw4IARUAAIhCGAFwAcABBg==&rs=AOn4CLBOTVilwrQwk7KfkUs7evg1hPRTkA,Jaime Gabaldoni,external-reference,embed_link_and_summarize_only
bkBmP447SDc,https://www.youtube.com/watch?v=bkBmP447SDc,"Kia K4 GT-Line 2025: diseño, consumo y tecnología 👌✨ | Reseña | Jaime Gabaldoni",1418.0,,videos,https://i.ytimg.com/vi/bkBmP447SDc/hqdefault.jpg?sqp=-oaymwEcCNACELwBSFXyq4qpAw4IARUAAIhCGAFwAcABBg==&rs=AOn4CLBvVdbmhYuxdAoeROfrsnd6jjr3UQ,Jaime Gabaldoni,external-reference,embed_link_and_summarize_only
DnK3XNoKLcA,https://www.youtube.com/watch?v=DnK3XNoKLcA,GMC Yukon AT4 Ultimate 2025: ¿Lujo off-road? Mira la reseña ahora | Reseña SUV | Jaime Gabaldoni,1542.0,,videos,https://i.ytimg.com/vi/DnK3XNoKLcA/hqdefault.jpg?sqp=-oaymwEcCNACELwBSFXyq4qpAw4IARUAAIhCGAFwAcABBg==&rs=AOn4CLDQA5ci5OVnhJCt8odpd5J4OBJetg,Jaime Gabaldoni,external-reference,embed_link_and_summarize_only
XeySxVl6ztA,https://www.youtube.com/watch?v=XeySxVl6ztA,Jeep Wrangler 4xe Willys '41 2025: historia y tecnología híbrida | Reseña | Jaime Gabaldoni,1747.0,,videos,https://i.ytimg.com/vi/XeySxVl6ztA/hqdefault.jpg?sqp=-oaymwEcCNACELwBSFXyq4qpAw4IARUAAIhCGAFwAcABBg==&rs=AOn4CLCP6UMa2uwz5SnyTXriDf_rwUkXtg,Jaime Gabaldoni,external-reference,embed_link_and_summarize_only
NHI8S5Gn80E,https://www.youtube.com/watch?v=NHI8S5Gn80E,Toyota 4Runner Trailhunter 2025 | Rediseñada y con más capacidad Off-Road | Reseña | Jaime Gabaldoni,1352.0,,videos,https://i.ytimg.com/vi/NHI8S5Gn80E/hqdefault.jpg?sqp=-oaymwEcCNACELwBSFXyq4qpAw4IARUAAIhCGAFwAcABBg==&rs=AOn4CLB4VVExFl6dpriLldbdQ259NHJlMw,Jaime Gabaldoni,external-reference,embed_link_and_summarize_only
Wj0Ejn-lyoo,https://www.youtube.com/watch?v=Wj0Ejn-lyoo,Mercedes-AMG GT63 S E Performance 2025: ¡831 hp y torque brutal! 💪🔥 | Reseña | Jaime Gabaldoni,1673.0,,videos,https://i.ytimg.com/vi/Wj0Ejn-lyoo/hqdefault.jpg?sqp=-oaymwEcCNACELwBSFXyq4qpAw4IARUAAIhCGAFwAcABBg==&rs=AOn4CLDuHoFVYvWImU9FR2g8L4QBUR5ylw,Jaime Gabaldoni,external-reference,embed_link_and_summarize_only
2of46bVcVnA,https://www.youtube.com/watch?v=2of46bVcVnA,Chevrolet Silverado TrailBoss 2025: ¿La pick-up todoterreno más completa? | Reseña | Jaime Gabaldoni,1510.0,,videos,https://i.ytimg.com/vi/2of46bVcVnA/hqdefault.jpg?sqp=-oaymwEcCNACELwBSFXyq4qpAw4IARUAAIhCGAFwAcABBg==&rs=AOn4CLD_e2g1I9j_9Dw0PlgRxbOt5ZXnIw,Jaime Gabaldoni,external-reference,embed_link_and_summarize_only
OhF_lorF6hs,https://www.youtube.com/watch?v=OhF_lorF6hs,Bentley Continental GT 2025: El coupé híbrido más potente y lujoso | Reseña | Jaime Gabaldoni,1528.0,,videos,https://i.ytimg.com/vi/OhF_lorF6hs/hqdefault.jpg?sqp=-oaymwEcCNACELwBSFXyq4qpAw4IARUAAIhCGAFwAcABBg==&rs=AOn4CLAnNDxRybrpeO67l3_2AWpNYtSAZQ,Jaime Gabaldoni,external-reference,embed_link_and_summarize_only
Ue-Fq_VoXFQ,https://www.youtube.com/watch?v=Ue-Fq_VoXFQ,Audi SQ6 e-tron Quattro 2025: ¿El mejor SUV eléctrico de Audi? | Reseña completa | Jaime Gabaldoni,1317.0,,videos,https://i.ytimg.com/vi/Ue-Fq_VoXFQ/hqdefault.jpg?sqp=-oaymwEcCNACELwBSFXyq4qpAw4IARUAAIhCGAFwAcABBg==&rs=AOn4CLBP0ZkcKjneBcmEdp63hiRUbhZATQ,Jaime Gabaldoni,external-reference,embed_link_and_summarize_only
Mt-SGdyy040,https://www.youtube.com/watch?v=Mt-SGdyy040,Dodge Charger Daytona 2025: ¡¿El primer muscle car eléctrico?! | Reseña | Jaime Gabaldoni,1987.0,,videos,https://i.ytimg.com/vi/Mt-SGdyy040/hqdefault.jpg?sqp=-oaymwEcCNACELwBSFXyq4qpAw4IARUAAIhCGAFwAcABBg==&rs=AOn4CLASC5g-Tl5O2qB5Ude7ggAQiWnpjQ,Jaime Gabaldoni,external-reference,embed_link_and_summarize_only
9beKUaQjTx0,https://www.youtube.com/watch?v=9beKUaQjTx0,¡FUIMOS MILLONARIOS POR 1 DIA EN MIAMI! - Luca & Jaime Gabaldoni,431.0,,videos,https://i.ytimg.com/vi/9beKUaQjTx0/hqdefault.jpg?sqp=-oaymwEcCNACELwBSFXyq4qpAw4IARUAAIhCGAFwAcABBg==&rs=AOn4CLA_9uhc0GeU4Az1LcSC0UeWwl7ypg,Jaime Gabaldoni,external-reference,embed_link_and_summarize_only
bo-1Fp-mots,https://www.youtube.com/watch?v=bo-1Fp-mots,El VOLVO XC60 T8 2024 BLACK EDITION | Prueba de Manejo | Jaime Gabaldoni,1021.0,,videos,https://i.ytimg.com/vi/bo-1Fp-mots/hqdefault.jpg?sqp=-oaymwEcCNACELwBSFXyq4qpAw4IARUAAIhCGAFwAcABBg==&rs=AOn4CLC8B8Tzv-tqPS6y0842QUtws6W8Cw,Jaime Gabaldoni,external-reference,embed_link_and_summarize_only
Te0t4xoObZI,https://www.youtube.com/watch?v=Te0t4xoObZI,Lamborghini Revuelto 2025: el inicio de una nueva era para los superautos | Reseña | Jaime Gabaldoni,1862.0,,videos,https://i.ytimg.com/vi/Te0t4xoObZI/hqdefault.jpg?sqp=-oaymwEcCNACELwBSFXyq4qpAw4IARUAAIhCGAFwAcABBg==&rs=AOn4CLDEk9QiAkMY1DTJoBbmtotidbfKeg,Jaime Gabaldoni,external-reference,embed_link_and_summarize_only
f1aT1O41wEs,https://www.youtube.com/watch?v=f1aT1O41wEs,Jeep Wrangler 392 Final Edition: ¿el último Wrangler con motor HEMI V8? | Review | Jaime Gabaldoni,1882.0,,videos,https://i.ytimg.com/vi/f1aT1O41wEs/hqdefault.jpg?sqp=-oaymwEcCNACELwBSFXyq4qpAw4IARUAAIhCGAFwAcABBg==&rs=AOn4CLAecsPeN-ORqPwwsZ5tp1xNUrV20g,Jaime Gabaldoni,external-reference,embed_link_and_summarize_only
HhndoQVbAnA,https://www.youtube.com/watch?v=HhndoQVbAnA,🇺🇸🇵🇪 Mitsubishi Outlander Sport 2024 | Diferencias entre versiones EE.UU. y Perú | Jaime Gabaldoni,208.0,,videos,https://i.ytimg.com/vi/HhndoQVbAnA/hqdefault.jpg?sqp=-oaymwEcCNACELwBSFXyq4qpAw4IARUAAIhCGAFwAcABBg==&rs=AOn4CLCp24pRMEF2PQEVo2q6QWzYkkbB0Q,Jaime Gabaldoni,external-reference,embed_link_and_summarize_only
4eEYCKDaz0c,https://www.youtube.com/watch?v=4eEYCKDaz0c,Toyota Land Cruiser 1958 2024: La evolución del todoterreno que cambió el mundo | Jaime Gabaldoni,1354.0,,videos,https://i.ytimg.com/vi/4eEYCKDaz0c/hqdefault.jpg?sqp=-oaymwEcCNACELwBSFXyq4qpAw4IARUAAIhCGAFwAcABBg==&rs=AOn4CLDqfcbdxzKVZS2TmdEePkPtDShxpw,Jaime Gabaldoni,external-reference,embed_link_and_summarize_only
xSoPadqKobo,https://www.youtube.com/watch?v=xSoPadqKobo,FERRARI F80 2026 con Jaime IAldoni,320.0,,videos,https://i.ytimg.com/vi/xSoPadqKobo/hqdefault.jpg?sqp=-oaymwEcCNACELwBSFXyq4qpAw4IARUAAIhCGAFwAcABBg==&rs=AOn4CLBUNDc_PyqmZ0hhil09vM1SmANcew,Jaime Gabaldoni,external-reference,embed_link_and_summarize_only
p798xEgdKAY,https://www.youtube.com/watch?v=p798xEgdKAY,Nissan Kicks 2025: Segunda generación con más equipamiento y tracción AWD | Reseña | Jaime Gabaldoni,1417.0,,videos,https://i.ytimg.com/vi/p798xEgdKAY/hqdefault.jpg?sqp=-oaymwEcCNACELwBSFXyq4qpAw4IARUAAIhCGAFwAcABBg==&rs=AOn4CLAqq7wOyMFp9NSzFq4iL97ypT1ZGA,Jaime Gabaldoni,external-reference,embed_link_and_summarize_only
bz2nEIyaVvk,https://www.youtube.com/watch?v=bz2nEIyaVvk,Bridgestone Teens Drive Smart: Luca sigue aprendiendo a manejar con seguridad | Jaime Gabaldoni,561.0,,videos,https://i.ytimg.com/vi/bz2nEIyaVvk/hqdefault.jpg?sqp=-oaymwEcCNACELwBSFXyq4qpAw4IARUAAIhCGAFwAcABBg==&rs=AOn4CLAl_4r4N0tyr1jkjAmukpD9yeLnug,Jaime Gabaldoni,external-reference,embed_link_and_summarize_only
UKmhqpCWUAI,https://www.youtube.com/watch?v=UKmhqpCWUAI,Todo lo que tienes que saber del nuevo McLaren W1 2025 🤯 | Lanzamiento | Jaime Gabaldoni,409.0,,videos,https://i.ytimg.com/vi/UKmhqpCWUAI/hqdefault.jpg?sqp=-oaymwEcCNACELwBSFXyq4qpAw4IARUAAIhCGAFwAcABBg==&rs=AOn4CLANfkfLboI3isn67x5yDsFoilYiLg,Jaime Gabaldoni,external-reference,embed_link_and_summarize_only
UKu6GItSoBg,https://www.youtube.com/watch?v=UKu6GItSoBg,🚗💨 El Lamborghini Huracán Sterrato me voló la cabeza | Pruebas de manejo | Jaime Gabaldoni [HD - 4K],1618.0,,videos,https://i.ytimg.com/vi/UKu6GItSoBg/hqdefault.jpg?sqp=-oaymwEcCNACELwBSFXyq4qpAw4IARUAAIhCGAFwAcABBg==&rs=AOn4CLBJIHTgiORrh2CLpi6CqOKkpp2ngQ,Jaime Gabaldoni,external-reference,embed_link_and_summarize_only
jgACJx4o3N4,https://www.youtube.com/watch?v=jgACJx4o3N4,Ford Mustang GTD 2025: Todo sobre el superdeportivo americano 💪 | Lanzamiento | Jaime Gabaldoni,162.0,,videos,https://i.ytimg.com/vi/jgACJx4o3N4/hqdefault.jpg?sqp=-oaymwEcCNACELwBSFXyq4qpAw4IARUAAIhCGAFwAcABBg==&rs=AOn4CLAEDK_SD2sxF-iU3Y9GUiaBxAIL7Q,Jaime Gabaldoni,external-reference,embed_link_and_summarize_only
jzB6c5QG_Ds,https://www.youtube.com/watch?v=jzB6c5QG_Ds,¡Espiado! El Corvette C8 Zora 2026 fué visto probando en el Nürburgring,175.0,,videos,https://i.ytimg.com/vi/jzB6c5QG_Ds/hqdefault.jpg?sqp=-oaymwEcCNACELwBSFXyq4qpAw4IARUAAIhCGAFwAcABBg==&rs=AOn4CLApk_i0HoYnEiAW7JPaYf1p41gHbA,Jaime Gabaldoni,external-reference,embed_link_and_summarize_only
eLuBQxtMHNI,https://www.youtube.com/watch?v=eLuBQxtMHNI,EL CARRO MANUAL MAS PODEROSO DEL MUNDO POR US$2.65 MILLONES,130.0,,videos,https://i.ytimg.com/vi/eLuBQxtMHNI/hqdefault.jpg?sqp=-oaymwEcCNACELwBSFXyq4qpAw4IARUAAIhCGAFwAcABBg==&rs=AOn4CLDFNcQHpvGGTWBBkfBq0_AKCg7ahg,Jaime Gabaldoni,external-reference,embed_link_and_summarize_only
5QEPI6WyD3k,https://www.youtube.com/watch?v=5QEPI6WyD3k,Tuvimos que atravesar un Huracán para regresar a Miami,656.0,,videos,https://i.ytimg.com/vi/5QEPI6WyD3k/hqdefault.jpg?sqp=-oaymwEcCNACELwBSFXyq4qpAw4IARUAAIhCGAFwAcABBg==&rs=AOn4CLDuXWJe3SYieYuszMxM7xrN38tI0Q,Jaime Gabaldoni,external-reference,embed_link_and_summarize_only
OYunPODTs4k,https://www.youtube.com/watch?v=OYunPODTs4k,Luca  maneja por primera vez en el Tail of the Dragon,573.0,,videos,https://i.ytimg.com/vi/OYunPODTs4k/hqdefault.jpg?sqp=-oaymwEcCNACELwBSFXyq4qpAw4IARUAAIhCGAFwAcABBg==&rs=AOn4CLC1cbH12j57QfDj2OxguWR7DuFJZw,Jaime Gabaldoni,external-reference,embed_link_and_summarize_only
krQPHYZKPog,https://www.youtube.com/watch?v=krQPHYZKPog,De Miami a Carolina del Norte para manejar en el Tail of the Dragon - 1ra Parte | Jaime Gabaldoni,609.0,,videos,https://i.ytimg.com/vi/krQPHYZKPog/hqdefault.jpg?sqp=-oaymwEcCNACELwBSFXyq4qpAw4IARUAAIhCGAFwAcABBg==&rs=AOn4CLBnJofJiyse9mzP-pFYTJOpBuZk-A,Jaime Gabaldoni,external-reference,embed_link_and_summarize_only
aB0KgbmXAd8,https://www.youtube.com/watch?v=aB0KgbmXAd8,Mazda MX-5 Miata ND3 2024: Fiel a sus raíces | Reseña | Jaime Gabaldoni,1391.0,,videos,https://i.ytimg.com/vi/aB0KgbmXAd8/hqdefault.jpg?sqp=-oaymwEcCNACELwBSFXyq4qpAw4IARUAAIhCGAFwAcABBg==&rs=AOn4CLD5ym3_1PR5OT6YetUg9BzqUrVnxA,Jaime Gabaldoni,external-reference,embed_link_and_summarize_only
qxn6_MEMRT0,https://www.youtube.com/watch?v=qxn6_MEMRT0,¿Qué te parece? Este es el sonido de los 'muscle cars' eléctricos de Dodge,200.0,,videos,https://i.ytimg.com/vi/qxn6_MEMRT0/hqdefault.jpg?sqp=-oaymwEcCNACELwBSFXyq4qpAw4IARUAAIhCGAFwAcABBg==&rs=AOn4CLDcvnw0mJ-Nt_6WnHuaL5uoHNm1xA,Jaime Gabaldoni,external-reference,embed_link_and_summarize_only
Jl7hOoO6E1s,https://www.youtube.com/watch?v=Jl7hOoO6E1s,2024 DODGE DURANGO SRT HELLCAT REVIEW | JAIME GABALDONI,2355.0,,videos,https://i.ytimg.com/vi/Jl7hOoO6E1s/hqdefault.jpg?sqp=-oaymwEcCNACELwBSFXyq4qpAw4IARUAAIhCGAFwAcABBg==&rs=AOn4CLDsneB5UPE3dGJqNYzdC2m1BTnI2A,Jaime Gabaldoni,external-reference,embed_link_and_summarize_only
aOp5ysk6fW8,https://www.youtube.com/watch?v=aOp5ysk6fW8,"$40,500 💥 Nueva Ford Maverick Lobo 2025 — La pickup deportiva urbana que sorprende | Jaime Gabadoni",164.0,,videos,https://i.ytimg.com/vi/aOp5ysk6fW8/hqdefault.jpg?sqp=-oaymwEcCNACELwBSFXyq4qpAw4IARUAAIhCGAFwAcABBg==&rs=AOn4CLCecvvYOo5tQ-FlsV-PXnIjiur9vw,Jaime Gabaldoni,external-reference,embed_link_and_summarize_only
GijSwRvrdog,https://www.youtube.com/watch?v=GijSwRvrdog,Mercedes-Benz CLE 450 Coupé 2024 Reseña | Jaime Gabaldoni,2325.0,,videos,https://i.ytimg.com/vi/GijSwRvrdog/hqdefault.jpg?sqp=-oaymwEcCNACELwBSFXyq4qpAw4IARUAAIhCGAFwAcABBg==&rs=AOn4CLDL6WFtYhoHT0yzNWNrJ8lJYZrENg,Jaime Gabaldoni,external-reference,embed_link_and_summarize_only
qdZSoPh_7LY,https://www.youtube.com/watch?v=qdZSoPh_7LY,"El nuevo Corvette ZR1 llega con mas de 1,000 caballos de potencia | Jaime Gabaldoni",127.0,,videos,https://i.ytimg.com/vi/qdZSoPh_7LY/hqdefault.jpg?sqp=-oaymwEcCNACELwBSFXyq4qpAw4IARUAAIhCGAFwAcABBg==&rs=AOn4CLA3FxkohJ4Lz930KQtRA778WKYnlQ,Jaime Gabaldoni,external-reference,embed_link_and_summarize_only
QWlKe8Htk40,https://www.youtube.com/watch?v=QWlKe8Htk40,El Raptor T1+ es la maquina que representarà a ford en la nueva temporada off road,156.0,,videos,https://i.ytimg.com/vi/QWlKe8Htk40/hqdefault.jpg?sqp=-oaymwEcCNACELwBSFXyq4qpAw4IARUAAIhCGAFwAcABBg==&rs=AOn4CLBx8Okfr_Ayg65Z7yy3aDnlZU7prA,Jaime Gabaldoni,external-reference,embed_link_and_summarize_only
tMI17CCW5pA,https://www.youtube.com/watch?v=tMI17CCW5pA,La Nueva Era de los Autos de Lujo que CAMBIARÁ Todo 🔋 Lucid Air Pure 2024 |  Jaime Gabaldoni,1926.0,,videos,https://i.ytimg.com/vi/tMI17CCW5pA/hqdefault.jpg?sqp=-oaymwEcCNACELwBSFXyq4qpAw4IARUAAIhCGAFwAcABBg==&rs=AOn4CLCVINMxxMd9utzTqj2ariS_3MN51w,Jaime Gabaldoni,external-reference,embed_link_and_summarize_only
oQMmyKq_6xE,https://www.youtube.com/watch?v=oQMmyKq_6xE,Esta es la ‘Mami-Van’ que destruyó con Porsche y Subaru,253.0,,videos,https://i.ytimg.com/vi/oQMmyKq_6xE/hqdefault.jpg?sqp=-oaymwEcCNACELwBSFXyq4qpAw4IARUAAIhCGAFwAcABBg==&rs=AOn4CLB6AVvZtbVtjPGMe7lWfZGAIba4Yw,Jaime Gabaldoni,external-reference,embed_link_and_summarize_only
QVrN8ATk1dc,https://www.youtube.com/watch?v=QVrN8ATk1dc,Impresiones de maejo del Mercedes-Benz EQB 250+ 2024 - Jaime Gabaldoni,305.0,,videos,https://i.ytimg.com/vi/QVrN8ATk1dc/hqdefault.jpg?sqp=-oaymwEcCNACELwBSFXyq4qpAw4IARUAAIhCGAFwAcABBg==&rs=AOn4CLCa_LQq3w3RofaNSjjTuGK-sLI8Aw,Jaime Gabaldoni,external-reference,embed_link_and_summarize_only
Bbyr5Wa81Lg,https://www.youtube.com/watch?v=Bbyr5Wa81Lg,The new 2025 MAZDA CX-70 Can it be compared to the European luxury models?| Review | Jaime Gabaldoni,1703.0,,videos,https://i.ytimg.com/vi/Bbyr5Wa81Lg/hqdefault.jpg?sqp=-oaymwEcCNACELwBSFXyq4qpAw4IARUAAIhCGAFwAcABBg==&rs=AOn4CLDokffDOwc55Ri9ui1LXwJyCcSI3Q,Jaime Gabaldoni,external-reference,embed_link_and_summarize_only
5fpIlf_uthA,https://www.youtube.com/watch?v=5fpIlf_uthA,¿Que tal se maneja el Buick Encore GX 2024?,331.0,,videos,https://i.ytimg.com/vi/5fpIlf_uthA/hqdefault.jpg?sqp=-oaymwEcCNACELwBSFXyq4qpAw4IARUAAIhCGAFwAcABBg==&rs=AOn4CLDhhwAFmwFItbz0ftNO4KMRuQQdzg,Jaime Gabaldoni,external-reference,embed_link_and_summarize_only
DEL63r1iWrY,https://www.youtube.com/watch?v=DEL63r1iWrY,🤯 Bate 4 RÉCORDS de velocidad en una sola carrera 🚀 Koenigsegg Jesko Absolut | Jaime Gabaldoni,203.0,,videos,https://i.ytimg.com/vi/DEL63r1iWrY/hqdefault.jpg?sqp=-oaymwEcCNACELwBSFXyq4qpAw4IARUAAIhCGAFwAcABBg==&rs=AOn4CLBT3JwZ6JjxEvV_2QntoQEBkTKeCg,Jaime Gabaldoni,external-reference,embed_link_and_summarize_only
SyO6_zQJDgQ,https://www.youtube.com/watch?v=SyO6_zQJDgQ,Test Drive: VOLVO V60 CROSS COUNTRY B5 AWD 2024 - Jaime Gabaldoni,618.0,,videos,https://i.ytimg.com/vi/SyO6_zQJDgQ/hqdefault.jpg?sqp=-oaymwEcCNACELwBSFXyq4qpAw4IARUAAIhCGAFwAcABBg==&rs=AOn4CLDa0xsLuhLbHqzJ0iwS1e1aZE6G3Q,Jaime Gabaldoni,external-reference,embed_link_and_summarize_only
49Uo3spS4ro,https://www.youtube.com/watch?v=49Uo3spS4ro,LEXUS TX 550h+ PHEV 2024 ¿La mejor SUV híbrida de lujo? | Prueba de manejo | Jaime Gabaldoni,1885.0,,videos,https://i.ytimg.com/vi/49Uo3spS4ro/hqdefault.jpg?sqp=-oaymwEcCNACELwBSFXyq4qpAw4IARUAAIhCGAFwAcABBg==&rs=AOn4CLDMKgZMnNtieuEMD_kQ9-pAIs5LFA,Jaime Gabaldoni,external-reference,embed_link_and_summarize_only
XK1mxfF8gy0,https://www.youtube.com/watch?v=XK1mxfF8gy0,"$120,675 por el nuevo BMW M5 que mantiene el motor V8 pero ahora llega electrificado",269.0,,videos,https://i.ytimg.com/vi/XK1mxfF8gy0/hqdefault.jpg?sqp=-oaymwEcCNACELwBSFXyq4qpAw4IARUAAIhCGAFwAcABBg==&rs=AOn4CLBKUEfuuUt6oVRCoPtwwnPDl2Je-w,Jaime Gabaldoni,external-reference,embed_link_and_summarize_only
JAVySeXao3c,https://www.youtube.com/watch?v=JAVySeXao3c,El Aston Martin Valiant 🔥 Fernando Alonso y Aston Martin desarrollaron este carro | Jaime Gabaldoni,345.0,,videos,https://i.ytimg.com/vi/JAVySeXao3c/hqdefault.jpg?sqp=-oaymwEcCNACELwBSFXyq4qpAw4IARUAAIhCGAFwAcABBg==&rs=AOn4CLBAOXa3hC8cDv6gHJhs0gvjDyq3HQ,Jaime Gabaldoni,external-reference,embed_link_and_summarize_only
RMvqByK50VQ,https://www.youtube.com/watch?v=RMvqByK50VQ,Honda Passport TrailSport 2024 🚙 Excelente propuesta japonesa 🇯🇵 | Reseña completa | Jaime Gabaldoni,1277.0,,videos,https://i.ytimg.com/vi/RMvqByK50VQ/hqdefault.jpg?sqp=-oaymwEcCNACELwBSFXyq4qpAw4IARUAAIhCGAFwAcABBg==&rs=AOn4CLBhzbnb7kLu1zvQB1BrA97AxFh6cw,Jaime Gabaldoni,external-reference,embed_link_and_summarize_only
ywUwfS-9Wcg,https://www.youtube.com/watch?v=ywUwfS-9Wcg,💰 Más de US$4M por el NUEVO carro de 1.800 caballos 🚀⚡️ EL BUGATTI TOURBILLON 2026 | Jaime Gabaldoni,283.0,,videos,https://i.ytimg.com/vi/ywUwfS-9Wcg/hqdefault.jpg?sqp=-oaymwEcCNACELwBSFXyq4qpAw4IARUAAIhCGAFwAcABBg==&rs=AOn4CLB3zr0flW47vt4zJSJm5g2kuYXdDw,Jaime Gabaldoni,external-reference,embed_link_and_summarize_only
ka_igWoKtLA,https://www.youtube.com/watch?v=ka_igWoKtLA,OFF-ROADING EL RIVIAN R1S 2025 RESEÑA ⚡️🔋Más capaz de lo que te puedes imaginar | Jaime Gabaldoni,1691.0,,videos,https://i.ytimg.com/vi/ka_igWoKtLA/hqdefault.jpg?sqp=-oaymwEcCNACELwBSFXyq4qpAw4IARUAAIhCGAFwAcABBg==&rs=AOn4CLBmEzSNP81oX-_CN-mHcAdntx3JCQ,Jaime Gabaldoni,external-reference,embed_link_and_summarize_only
FuwBvzyWaeU,https://www.youtube.com/watch?v=FuwBvzyWaeU,🇲🇽 ¡INCREÍBLE EXPERIENCIA EN LA BAJA! 🏁 Con el Polaris Factory Racing Team 🔥 | Jaime Gabaldoni,605.0,,videos,https://i.ytimg.com/vi/FuwBvzyWaeU/hqdefault.jpg?sqp=-oaymwEcCNACELwBSFXyq4qpAw4IARUAAIhCGAFwAcABBg==&rs=AOn4CLCaHRAPDk42fe31g5QO_DiZVte7kA,Jaime Gabaldoni,external-reference,embed_link_and_summarize_only
yLWgRl2g2h8,https://www.youtube.com/watch?v=yLWgRl2g2h8,¿Puedes CONFIAR en una PICKUP ELÉCTRICA? | Chevrolet Silverado EV RST 2025 🔋 | Jaime Gabaldoni,1431.0,,videos,https://i.ytimg.com/vi/yLWgRl2g2h8/hqdefault.jpg?sqp=-oaymwEcCNACELwBSFXyq4qpAw4IARUAAIhCGAFwAcABBg==&rs=AOn4CLAUQuba4i4EOtE_sRo8hN1HvoSisQ,Jaime Gabaldoni,external-reference,embed_link_and_summarize_only
LufC_Ijr1yQ,https://www.youtube.com/watch?v=LufC_Ijr1yQ,Jeep Wagoneer S 4xe 2024 ⚡ | El primer Jeep 100% eléctrico | Jaime Gabaldoni,247.0,,videos,https://i.ytimg.com/vi/LufC_Ijr1yQ/hqdefault.jpg?sqp=-oaymwEcCNACELwBSFXyq4qpAw4IARUAAIhCGAFwAcABBg==&rs=AOn4CLDgxVBHa2Sa3GZYEpJQaW_RBK-Q1Q,Jaime Gabaldoni,external-reference,embed_link_and_summarize_only
TTDm1PxFIGw,https://www.youtube.com/watch?v=TTDm1PxFIGw,GMC Sierra 1500 Denali 2024 🚘 | La Pickup de Lujo Más Americana | Reseña | Jaime Gabaldoni,1350.0,,videos,https://i.ytimg.com/vi/TTDm1PxFIGw/hqdefault.jpg?sqp=-oaymwEcCNACELwBSFXyq4qpAw4IARUAAIhCGAFwAcABBg==&rs=AOn4CLDL5K-3nv4BTXQ7oNPOEa6TEfPW7g,Jaime Gabaldoni,external-reference,embed_link_and_summarize_only
9WL1BXeVINE,https://www.youtube.com/watch?v=9WL1BXeVINE,Aston Martin Vantage 2025 Reseña | 🚀 Más Potente y Sofisticado que Nunca 💎 | Jaime Gabaldoni,1700.0,,videos,https://i.ytimg.com/vi/9WL1BXeVINE/hqdefault.jpg?sqp=-oaymwEcCNACELwBSFXyq4qpAw4IARUAAIhCGAFwAcABBg==&rs=AOn4CLAy_4GlKJxnUvDoczb2UOAtovse_w,Jaime Gabaldoni,external-reference,embed_link_and_summarize_only
zkBqZIV77QA,https://www.youtube.com/watch?v=zkBqZIV77QA,🚀 DALE UNA VUELTA AL CIRCUITO MONTABLANCO A BORDO DEL ASTON MARTIN VANTAGE 2025,136.0,,videos,https://i.ytimg.com/vi/zkBqZIV77QA/hqdefault.jpg?sqp=-oaymwEcCNACELwBSFXyq4qpAw4IARUAAIhCGAFwAcABBg==&rs=AOn4CLBH3rE_NM9FLS4MjFF8ySbJ_F-A-A,Jaime Gabaldoni,external-reference,embed_link_and_summarize_only
1gDC0aNTbKE,https://www.youtube.com/watch?v=1gDC0aNTbKE,¿Que te parece la experiencia a bordo de este EV deportivo? Sonido / HYUNDAI IONIQ 5 N 2025?,106.0,,videos,https://i.ytimg.com/vi/1gDC0aNTbKE/hqdefault.jpg?sqp=-oaymwEcCNACELwBSFXyq4qpAw4IARUAAIhCGAFwAcABBg==&rs=AOn4CLBGGtMRXwgbVg5TrRRnD2NCfOjwlA,Jaime Gabaldoni,external-reference,embed_link_and_summarize_only
Uu1jsnG8V9g,https://www.youtube.com/watch?v=Uu1jsnG8V9g,Hyundai Ioniq 5 N 2025: Es un nuevo mundo ⚡️🚀 | Reseña | Jaime Gabaldoni,1668.0,,videos,https://i.ytimg.com/vi/Uu1jsnG8V9g/hqdefault.jpg?sqp=-oaymwEcCNACELwBSFXyq4qpAw4IARUAAIhCGAFwAcABBg==&rs=AOn4CLDBgqL_O_vGvlsS8bXIE6Ef0ix7sg,Jaime Gabaldoni,external-reference,embed_link_and_summarize_only
Wdry2zxZ544,https://www.youtube.com/watch?v=Wdry2zxZ544,The New 2025 Indian Scout - The Return of a Motorcycle LEGEND - Review / JAIME GABALDONI,1109.0,,videos,https://i.ytimg.com/vi/Wdry2zxZ544/hqdefault.jpg?sqp=-oaymwEcCNACELwBSFXyq4qpAw4IARUAAIhCGAFwAcABBg==&rs=AOn4CLAcDYl7eAaULOBsShhC4aOmOGj1pw,Jaime Gabaldoni,external-reference,embed_link_and_summarize_only
nV6AwHWCKqQ,https://www.youtube.com/watch?v=nV6AwHWCKqQ,Subaru Crosstrek 2024 Reseña | Cambios Mayores en la SUV Compacta Japonesa | Jaime Gabaldoni 🚙🇯🇵,1115.0,,videos,https://i.ytimg.com/vi/nV6AwHWCKqQ/hqdefault.jpg?sqp=-oaymwEcCNACELwBSFXyq4qpAw4IARUAAIhCGAFwAcABBg==&rs=AOn4CLA-bwnUFzzipFuF6z5a9f5x3wubYQ,Jaime Gabaldoni,external-reference,embed_link_and_summarize_only
mXEY7BDpM50,https://www.youtube.com/watch?v=mXEY7BDpM50,Nissan GT-R R35 2023: “Godzilla” sigue imparable | Prueba de manejo | Jaime Gabaldoni,1829.0,,videos,https://i.ytimg.com/vi/mXEY7BDpM50/hqdefault.jpg?sqp=-oaymwEcCNACELwBSFXyq4qpAw4IARUAAIhCGAFwAcABBg==&rs=AOn4CLD0_nT1eRhMbgXB_MVbL8s85Z4XtQ,Jaime Gabaldoni,external-reference,embed_link_and_summarize_only
-BIH3phlWrw,https://www.youtube.com/watch?v=-BIH3phlWrw,Tazio aprendió como funcionan los motores a combustion interna con este juguete,240.0,,videos,https://i.ytimg.com/vi/-BIH3phlWrw/hqdefault.jpg?sqp=-oaymwEcCNACELwBSFXyq4qpAw4IARUAAIhCGAFwAcABBg==&rs=AOn4CLCaNSwbwv1IT9VKiO-t2HA1mAlz1w,Jaime Gabaldoni,external-reference,embed_link_and_summarize_only
lsL86td_100,https://www.youtube.com/watch?v=lsL86td_100,RIVIAN R2 2026 ⚡ Primer vistazo a la SUV eléctrica más accesible | Jaime Gabaldoni,403.0,,videos,https://i.ytimg.com/vi/lsL86td_100/hqdefault.jpg?sqp=-oaymwEcCNACELwBSFXyq4qpAw4IARUAAIhCGAFwAcABBg==&rs=AOn4CLBiyqcXrO1T8cK0sG45DowIwIXA8Q,Jaime Gabaldoni,external-reference,embed_link_and_summarize_only
rb9hhBcIv-s,https://www.youtube.com/watch?v=rb9hhBcIv-s,KIA K5 2025: Primer vistazo y todos los detalles en el Chicago Auto Show 2024 | Jaime Gabaldoni,404.0,,videos,https://i.ytimg.com/vi/rb9hhBcIv-s/hqdefault.jpg?sqp=-oaymwEcCNACELwBSFXyq4qpAw4IARUAAIhCGAFwAcABBg==&rs=AOn4CLDN74C5AY9_dQfWP9Q96c6gemsIYA,Jaime Gabaldoni,external-reference,embed_link_and_summarize_only
mxE85kFOZtQ,https://www.youtube.com/watch?v=mxE85kFOZtQ,Cadillac Escalade IQ 2025 | ¡El SUV de lujo ahora es 100% eléctrico! ⚡️ | Jaime Gabaldoni,464.0,,videos,https://i.ytimg.com/vi/mxE85kFOZtQ/hqdefault.jpg?sqp=-oaymwEcCNACELwBSFXyq4qpAw4IARUAAIhCGAFwAcABBg==&rs=AOn4CLCxBNj0iHcOhSW41Oa6LU_m94_EIA,Jaime Gabaldoni,external-reference,embed_link_and_summarize_only
QUJ-zYuCvH0,https://www.youtube.com/watch?v=QUJ-zYuCvH0,Ford Explorer 2025: Primer vistazo y mejoras en equipamiento | Lanzamiento SUV | Jaime Gabaldoni,800.0,,videos,https://i.ytimg.com/vi/QUJ-zYuCvH0/hqdefault.jpg?sqp=-oaymwEcCNACELwBSFXyq4qpAw4IARUAAIhCGAFwAcABBg==&rs=AOn4CLCfjDH_cK5b1_WIqsLDh7Zm41BkzA,Jaime Gabaldoni,external-reference,embed_link_and_summarize_only
rd-cpHQQisU,https://www.youtube.com/watch?v=rd-cpHQQisU,TOYOTA TACOMA 2024 RESEÑA - Prueba de Manejo,1347.0,,videos,https://i.ytimg.com/vi/rd-cpHQQisU/hqdefault.jpg?sqp=-oaymwEcCNACELwBSFXyq4qpAw4IARUAAIhCGAFwAcABBg==&rs=AOn4CLB81x-n_Awlmh8jrOnUd1a3uV6nuw,Jaime Gabaldoni,external-reference,embed_link_and_summarize_only
J4FS2NkCsHg,https://www.youtube.com/watch?v=J4FS2NkCsHg,VinFast VF 8 2024 🇻🇳 La Primera Marca de Vietnam llega a 🇺🇸 con Excelente Propuesta Jaime Gabaldoni,1376.0,,videos,https://i.ytimg.com/vi/J4FS2NkCsHg/hqdefault.jpg?sqp=-oaymwEcCNACELwBSFXyq4qpAw4IARUAAIhCGAFwAcABBg==&rs=AOn4CLBV0fGTnvqjs-UJSwkre5McRgT9Aw,Jaime Gabaldoni,external-reference,embed_link_and_summarize_only
LRVHANH697E,https://www.youtube.com/watch?v=LRVHANH697E,Polaris RZR Pro R 2023 Reseña //  El Mejor Juguete Todoterreno Que Debes Comprar - Jaime Gabaldoni,1084.0,,videos,https://i.ytimg.com/vi/LRVHANH697E/hqdefault.jpg?sqp=-oaymwEcCNACELwBSFXyq4qpAw4IARUAAIhCGAFwAcABBg==&rs=AOn4CLA6hb46BNXRafyLDZXt-mftY-10Dw,Jaime Gabaldoni,external-reference,embed_link_and_summarize_only
1mHgNOdefe4,https://www.youtube.com/watch?v=1mHgNOdefe4,NUEVAS Chevrolet Tahoe y Suburban 2025,179.0,,videos,https://i.ytimg.com/vi/1mHgNOdefe4/hqdefault.jpg?sqp=-oaymwEcCNACELwBSFXyq4qpAw4IARUAAIhCGAFwAcABBg==&rs=AOn4CLAo0ZMBIhXNS-EUsBXRk9CRP9HHFg,Jaime Gabaldoni,external-reference,embed_link_and_summarize_only
o5iU1Sz-438,https://www.youtube.com/watch?v=o5iU1Sz-438,¿Cuanto cuesta un Rolls-Royce y sus opciones?,103.0,,videos,https://i.ytimg.com/vi/o5iU1Sz-438/hqdefault.jpg?sqp=-oaymwEcCNACELwBSFXyq4qpAw4IARUAAIhCGAFwAcABBg==&rs=AOn4CLD75zTLqIaDkFUIYdVWqouRU9xR1A,Jaime Gabaldoni,external-reference,embed_link_and_summarize_only
2m3BpqFDim0,https://www.youtube.com/watch?v=2m3BpqFDim0,Dodge Challenger // La Historia del Legendario Muscle Car Americano [4K],169.0,,videos,https://i.ytimg.com/vi/2m3BpqFDim0/hqdefault.jpg?sqp=-oaymwEcCNACELwBSFXyq4qpAw4IARUAAIhCGAFwAcABBg==&rs=AOn4CLBfKBEL_-6grpuHThAAoxt0LQEYNg,Jaime Gabaldoni,external-reference,embed_link_and_summarize_only
C21eAHuMhgA,https://www.youtube.com/watch?v=C21eAHuMhgA,2023 Dodge Challenger SRT Review // 🦖 An American in danger of extinction 🇺🇸 - Jaime Gabaldoni,1911.0,,videos,https://i.ytimg.com/vi/C21eAHuMhgA/hqdefault.jpg?sqp=-oaymwEcCNACELwBSFXyq4qpAw4IARUAAIhCGAFwAcABBg==&rs=AOn4CLAKbz4ECb-r7AHkDf2V4R54-IsMbw,Jaime Gabaldoni,external-reference,embed_link_and_summarize_only
XqLlwfd80a0,https://www.youtube.com/watch?v=XqLlwfd80a0,Toyota GR Corolla 2023 // Manejo de Noche [POV - 4K],280.0,,videos,https://i.ytimg.com/vi/XqLlwfd80a0/hqdefault.jpg?sqp=-oaymwEcCNACELwBSFXyq4qpAw4IARUAAIhCGAFwAcABBg==&rs=AOn4CLAFWKZGupmugPNY-LdpeeuyRA7S2Q,Jaime Gabaldoni,external-reference,embed_link_and_summarize_only
rFMjtCDqwlo,https://www.youtube.com/watch?v=rFMjtCDqwlo,Toyota GR Corolla 2023 Reseña // 🚀 El Mejor Cohete de Bolsillo Japonés 🇯🇵 - Jaime Gabaldoni,1535.0,,videos,https://i.ytimg.com/vi/rFMjtCDqwlo/hqdefault.jpg?sqp=-oaymwEcCNACELwBSFXyq4qpAw4IARUAAIhCGAFwAcABBg==&rs=AOn4CLClOv3_5s6-R03L9HR4SVm-h40BcA,Jaime Gabaldoni,external-reference,embed_link_and_summarize_only
5AZyQHG6C3c,https://www.youtube.com/watch?v=5AZyQHG6C3c,En Directo: Toyota GR Corolla 2023 con Jaime Gabaldoni y un café,2230.0,,videos,https://i.ytimg.com/vi/5AZyQHG6C3c/hqdefault.jpg?sqp=-oaymwEcCNACELwBSFXyq4qpAw4IARUAAIhCGAFwAcABBg==&rs=AOn4CLAyQ5mqtdli0eEhZZyZHVM7KH5eug,Jaime Gabaldoni,external-reference,embed_link_and_summarize_only
Stf5Yei5mBE,https://www.youtube.com/watch?v=Stf5Yei5mBE,¡Sube el volumen! Escucha el rugido del motor V8 del Ford Mustang Black Horse 2024 [4K],200.0,,videos,https://i.ytimg.com/vi/Stf5Yei5mBE/hqdefault.jpg?sqp=-oaymwEcCNACELwBSFXyq4qpAw4IARUAAIhCGAFwAcABBg==&rs=AOn4CLAnF1AT8OHi68EY7Smdk1S9WzLsGA,Jaime Gabaldoni,external-reference,embed_link_and_summarize_only
-xQS44Iq6gk,https://www.youtube.com/watch?v=-xQS44Iq6gk,FORD MUSTANG DARK HORSE 2024 Reseña // 🐴 El Corcel Americano con Espíritu Oscuro 😈 - Jaime Gabaldoni,1456.0,,videos,https://i.ytimg.com/vi/-xQS44Iq6gk/hqdefault.jpg?sqp=-oaymwEcCNACELwBSFXyq4qpAw4IARUAAIhCGAFwAcABBg==&rs=AOn4CLD1ab0y1AQ-M4xcrYD-j8to_uSNaA,Jaime Gabaldoni,external-reference,embed_link_and_summarize_only
BsArjTKADds,https://www.youtube.com/watch?v=BsArjTKADds,Lexus LX600 F Sport 2023 Reseña - Lujoso Todoterreno - Jaime Gabaldoni,588.0,,videos,https://i.ytimg.com/vi/BsArjTKADds/hqdefault.jpg?sqp=-oaymwEcCNACELwBSFXyq4qpAw4IARUAAIhCGAFwAcABBg==&rs=AOn4CLBjI05bRQugI15HQPz5caKxWSwffg,Jaime Gabaldoni,external-reference,embed_link_and_summarize_only
bNl_IwmY38g,https://www.youtube.com/watch?v=bNl_IwmY38g,"Rolls-Royce Spectre 2024 Reseña // 💎 $423,000 Elegancia Absoluta 🛩️ - Jaime Gabaldoni",1225.0,,videos,https://i.ytimg.com/vi/bNl_IwmY38g/hqdefault.jpg?sqp=-oaymwEcCNACELwBSFXyq4qpAw4IARUAAIhCGAFwAcABBg==&rs=AOn4CLCePxLtO9YwTHjz0jmElVRC6v5fUQ,Jaime Gabaldoni,external-reference,embed_link_and_summarize_only
2v3UeVkzaVo,https://www.youtube.com/watch?v=2v3UeVkzaVo,"Jeep Grand Cherokee 4xe Summit Reserve 2023 - 💎 Lujo, off-road y tecnología | Reseña Jaime Gabaldoni",1546.0,,videos,https://i.ytimg.com/vi/2v3UeVkzaVo/hqdefault.jpg?sqp=-oaymwEcCNACELwBSFXyq4qpAw4IARUAAIhCGAFwAcABBg==&rs=AOn4CLCwXj1_IBmocz5lPlEjPgQ6veCkiw,Jaime Gabaldoni,external-reference,embed_link_and_summarize_only
DupvKNrhBeI,https://www.youtube.com/watch?v=DupvKNrhBeI,Aston Martin DB12 2024 | 🔊0 - 60 🚀 | POV [HD],89.0,,videos,https://i.ytimg.com/vi/DupvKNrhBeI/hqdefault.jpg?sqp=-oaymwEcCNACELwBSFXyq4qpAw4IARUAAIhCGAFwAcABBg==&rs=AOn4CLA75Yqn-gPAGOK2FArKcvQkcDW2ig,Jaime Gabaldoni,external-reference,embed_link_and_summarize_only
lGKcjiQrzsI,https://www.youtube.com/watch?v=lGKcjiQrzsI,"Aston Martin DB12 2024 Reseña // $250,000 Brutal y Elegante - Jaime Gabaldoni",1152.0,,videos,https://i.ytimg.com/vi/lGKcjiQrzsI/hqdefault.jpg?sqp=-oaymwEcCNACELwBSFXyq4qpAw4IARUAAIhCGAFwAcABBg==&rs=AOn4CLCIi3NuX_aL77JQjmQ8TStAsJmxuA,Jaime Gabaldoni,external-reference,embed_link_and_summarize_only
t2HI1mdkrZk,https://www.youtube.com/watch?v=t2HI1mdkrZk,Audi Q8 Sportback e-tron 2024 - 🔋 una de las mejores SUV eléctricas hoy ⚡️ | Reseña Jaime Gabaldoni,1397.0,,videos,https://i.ytimg.com/vi/t2HI1mdkrZk/hqdefault.jpg?sqp=-oaymwEcCNACELwBSFXyq4qpAw4IARUAAIhCGAFwAcABBg==&rs=AOn4CLAcwMZEh9v2W1ZGK-swXyhsqcnAYg,Jaime Gabaldoni,external-reference,embed_link_and_summarize_only
eb8JtTeg3FA,https://www.youtube.com/watch?v=eb8JtTeg3FA,Chevrolet Colorado Z71 2023 | 0 - 60 [4k],70.0,,videos,https://i.ytimg.com/vi/eb8JtTeg3FA/hqdefault.jpg?sqp=-oaymwEcCNACELwBSFXyq4qpAw4IARUAAIhCGAFwAcABBg==&rs=AOn4CLAfRDcYiGpnOTQQyIfwW4eU94yZJQ,Jaime Gabaldoni,external-reference,embed_link_and_summarize_only
FVyPQ1hjKnU,https://www.youtube.com/watch?v=FVyPQ1hjKnU,Chevrolet Colorado Z71 2023 - 🤔 ¿La mejor pickup mediana? 🛻 | Reseña Jaime Gabaldoni,1804.0,,videos,https://i.ytimg.com/vi/FVyPQ1hjKnU/hqdefault.jpg?sqp=-oaymwEcCNACELwBSFXyq4qpAw4IARUAAIhCGAFwAcABBg==&rs=AOn4CLBRYKDNxXDSCLcWscXqR9jKJgF4ag,Jaime Gabaldoni,external-reference,embed_link_and_summarize_only
nsTSGV60sCk,https://www.youtube.com/watch?v=nsTSGV60sCk,Lexus LS 500 F Sport 2023 - 💎¿El mejor sedan de lujo japonés? 🏎️ | Reseña Jaime Gabaldoni,1676.0,,videos,https://i.ytimg.com/vi/nsTSGV60sCk/hqdefault.jpg?sqp=-oaymwEcCNACELwBSFXyq4qpAw4IARUAAIhCGAFwAcABBg==&rs=AOn4CLD-zREC9woT3peZYklhvw6FJKO9ug,Jaime Gabaldoni,external-reference,embed_link_and_summarize_only
tPUlr7wB3u8,https://www.youtube.com/watch?v=tPUlr7wB3u8,Planes de Membresía | Jaime Gabaldoni,81.0,,videos,https://i.ytimg.com/vi/tPUlr7wB3u8/hqdefault.jpg?sqp=-oaymwEcCNACELwBSFXyq4qpAw4IARUAAIhCGAFwAcABBg==&rs=AOn4CLCXNGRjKSm4k4qtHXTk-uHM6AIk4Q,Jaime Gabaldoni,external-reference,embed_link_and_summarize_only
WzOEtqY6hRo,https://www.youtube.com/watch?v=WzOEtqY6hRo,Chevrolet Silverado ZR2 Bison 2023 | 0 - 60 [4k],73.0,,videos,https://i.ytimg.com/vi/WzOEtqY6hRo/hqdefault.jpg?sqp=-oaymwEcCNACELwBSFXyq4qpAw4IARUAAIhCGAFwAcABBg==&rs=AOn4CLDdXhpZe55QP1lwzCdyb_xsGNQ3nA,Jaime Gabaldoni,external-reference,embed_link_and_summarize_only
DfmTBCXh9Jc,https://www.youtube.com/watch?v=DfmTBCXh9Jc,Chevrolet Silverado / Cheyenne 1500 ZR2 2023 - 🔥 ¿Vale lo que cuesta? 🤑 | Reseña Jaime Gabaldoni,1474.0,,videos,https://i.ytimg.com/vi/DfmTBCXh9Jc/hqdefault.jpg?sqp=-oaymwEcCNACELwBSFXyq4qpAw4IARUAAIhCGAFwAcABBg==&rs=AOn4CLCKcpXdKmgcpTqAPWeMKwzoDiKDbQ,Jaime Gabaldoni,external-reference,embed_link_and_summarize_only
w6B5WHtxAHg,https://www.youtube.com/watch?v=w6B5WHtxAHg,El Vision One-Eleven Concept nos muestra el futuro de los deportivos de Mercedes | Jaime Gabaldoni,563.0,,videos,https://i.ytimg.com/vi/w6B5WHtxAHg/hqdefault.jpg?sqp=-oaymwEcCNACELwBSFXyq4qpAw4IARUAAIhCGAFwAcABBg==&rs=AOn4CLBZUyucIIg906kLr3nxlU_dH6qyew,Jaime Gabaldoni,external-reference,embed_link_and_summarize_only
aPtJ-zV-pVs,https://www.youtube.com/watch?v=aPtJ-zV-pVs,REVELAN 736 ACCIDENTES por Autopilot de Tesla | Jaime Gabaldoni,1517.0,,videos,https://i.ytimg.com/vi/aPtJ-zV-pVs/hqdefault.jpg?sqp=-oaymwEcCNACELwBSFXyq4qpAw4IARUAAIhCGAFwAcABBg==&rs=AOn4CLADKhaIOEdMIHHrWRbqbVpooOW73g,Jaime Gabaldoni,external-reference,embed_link_and_summarize_only
ruyYmQasjxQ,https://www.youtube.com/watch?v=ruyYmQasjxQ,Audi RS e tron GT 2023 | 0 a 60mph | Jaime Gabaldoni [POV-4K],60.0,,videos,https://i.ytimg.com/vi/ruyYmQasjxQ/hqdefault.jpg?sqp=-oaymwEcCNACELwBSFXyq4qpAw4IARUAAIhCGAFwAcABBg==&rs=AOn4CLBnfQET-jbVwjevBK6bsUhyxxG0sQ,Jaime Gabaldoni,external-reference,embed_link_and_summarize_only
OHkreqrCI1A,https://www.youtube.com/watch?v=OHkreqrCI1A,Indian Sport Chief 2023  | 0 a 60mph | Jaime Gabaldoni [POV-4K],57.0,,videos,https://i.ytimg.com/vi/OHkreqrCI1A/hqdefault.jpg?sqp=-oaymwEcCNACELwBSFXyq4qpAw4IARUAAIhCGAFwAcABBg==&rs=AOn4CLBXqt7L7R8CxK1WpMMmrtTN7jnhBA,Jaime Gabaldoni,external-reference,embed_link_and_summarize_only
XtoxdYmuG2A,https://www.youtube.com/watch?v=XtoxdYmuG2A,GMC Sierra 1500 AT4X AEV 2023 | 0 a 60mph | Jaime Gabaldoni [POV-4K],79.0,,videos,https://i.ytimg.com/vi/XtoxdYmuG2A/hqdefault.jpg?sqp=-oaymwEcCNACELwBSFXyq4qpAw4IARUAAIhCGAFwAcABBg==&rs=AOn4CLAKcOxEQRQZQ865Dx9nRidl532U0A,Jaime Gabaldoni,external-reference,embed_link_and_summarize_only
U9O7fZrmzYQ,https://www.youtube.com/watch?v=U9O7fZrmzYQ,Range Rover Sport First Edition 2023 | 0 a 60mph | Jaime Gabaldoni [POV-4K],73.0,,videos,https://i.ytimg.com/vi/U9O7fZrmzYQ/hqdefault.jpg?sqp=-oaymwEcCNACELwBSFXyq4qpAw4IARUAAIhCGAFwAcABBg==&rs=AOn4CLDF6fciR6FKYq2WNJbKxrAZs87WUg,Jaime Gabaldoni,external-reference,embed_link_and_summarize_only
XtdeTUJrM6c,https://www.youtube.com/watch?v=XtdeTUJrM6c,Nissan Z 2023 | 0 a 60mph | Jaime Gabaldoni [POV-4K],66.0,,videos,https://i.ytimg.com/vi/XtdeTUJrM6c/hqdefault.jpg?sqp=-oaymwEcCNACELwBSFXyq4qpAw4IARUAAIhCGAFwAcABBg==&rs=AOn4CLANKg6azzuTgaJIXsR6dnTY3a42eg,Jaime Gabaldoni,external-reference,embed_link_and_summarize_only
yXnljWnSfZw,https://www.youtube.com/watch?v=yXnljWnSfZw,Toyota Sequoia TRD Pro 2023 | 0 a 60mph | Jaime Gabaldoni [POV-4K],77.0,,videos,https://i.ytimg.com/vi/yXnljWnSfZw/hqdefault.jpg?sqp=-oaymwEcCNACELwBSFXyq4qpAw4IARUAAIhCGAFwAcABBg==&rs=AOn4CLBkarxzWkfJn03Uu25ugzk-WEqCKQ,Jaime Gabaldoni,external-reference,embed_link_and_summarize_only
XY4flMuftjM,https://www.youtube.com/watch?v=XY4flMuftjM,Dodge Challenger Ghost Edition 2023 | 0 a 60mph | Jaime Gabaldoni [POV-4K],81.0,,videos,https://i.ytimg.com/vi/XY4flMuftjM/hqdefault.jpg?sqp=-oaymwEcCNACELwBSFXyq4qpAw4IARUAAIhCGAFwAcABBg==&rs=AOn4CLAByksV4CRN3U16VqM_t1PfMqdvWQ,Jaime Gabaldoni,external-reference,embed_link_and_summarize_only
1-caNBnUb2Q,https://www.youtube.com/watch?v=1-caNBnUb2Q,Honda Civic Type R 2023 | 0 a 60mph | Jaime Gabaldoni [POV-4K],86.0,,videos,https://i.ytimg.com/vi/1-caNBnUb2Q/hqdefault.jpg?sqp=-oaymwEcCNACELwBSFXyq4qpAw4IARUAAIhCGAFwAcABBg==&rs=AOn4CLDst1aDpbYT2RXNaMUG6N3sNA4RXA,Jaime Gabaldoni,external-reference,embed_link_and_summarize_only
a36EQQgLIeM,https://www.youtube.com/watch?v=a36EQQgLIeM,Nissan Armada Patrol 2023 | 0 a 60mph | Jaime Gabaldoni [POV-4K],69.0,,videos,https://i.ytimg.com/vi/a36EQQgLIeM/hqdefault.jpg?sqp=-oaymwEcCNACELwBSFXyq4qpAw4IARUAAIhCGAFwAcABBg==&rs=AOn4CLBbW4l6Ce1s8zBt6l0ERAluwJyh5w,Jaime Gabaldoni,external-reference,embed_link_and_summarize_only
W-m2LkKsoSs,https://www.youtube.com/watch?v=W-m2LkKsoSs,Reacciones de un niño de 6 años al GMC HUMMER y su historia [4K],306.0,,videos,https://i.ytimg.com/vi/W-m2LkKsoSs/hqdefault.jpg?sqp=-oaymwEcCNACELwBSFXyq4qpAw4IARUAAIhCGAFwAcABBg==&rs=AOn4CLCeaUHFNvdeYWa6QDpZIRN94VHMOg,Jaime Gabaldoni,external-reference,embed_link_and_summarize_only
aJu-AI-Jmho,https://www.youtube.com/watch?v=aJu-AI-Jmho,Chevrolet Corvette C8 Z06 2023 - Jaime Gabaldoni en circuito [HD],210.0,,videos,https://i.ytimg.com/vi/aJu-AI-Jmho/hqdefault.jpg?sqp=-oaymwEcCNACELwBSFXyq4qpAw4IARUAAIhCGAFwAcABBg==&rs=AOn4CLAPdGFzSUq5XKCD_Wl-xUKJio8cuA,Jaime Gabaldoni,external-reference,embed_link_and_summarize_only
-IoxcDl7SqU,https://www.youtube.com/watch?v=-IoxcDl7SqU,El motor del Honda Civic Type R 2023 | Jaime Gabaldoni [4K],50.0,,videos,https://i.ytimg.com/vi/-IoxcDl7SqU/hqdefault.jpg?sqp=-oaymwEcCNACELwBSFXyq4qpAw4IARUAAIhCGAFwAcABBg==&rs=AOn4CLByRn1vxEEtKtV0Um-eTiSPdYuvrw,Jaime Gabaldoni,external-reference,embed_link_and_summarize_only
y0QZ_Vu8EN0,https://www.youtube.com/watch?v=y0QZ_Vu8EN0,La Historia del Honda Civic Type R - Jaime Gabaldoni [4K],327.0,,videos,https://i.ytimg.com/vi/y0QZ_Vu8EN0/hqdefault.jpg?sqp=-oaymwEcCNACELwBSFXyq4qpAw4IARUAAIhCGAFwAcABBg==&rs=AOn4CLCXg0t_elVHBwcQepNBaRw1Bp0XZQ,Jaime Gabaldoni,external-reference,embed_link_and_summarize_only
wIsTBG7ohFc,https://www.youtube.com/watch?v=wIsTBG7ohFc,El REGRESO del HUMMER es 100% ELÉCTRICO y BRUTAL!,2086.0,,videos,https://i.ytimg.com/vi/wIsTBG7ohFc/hqdefault.jpg?sqp=-oaymwEcCNACELwBSFXyq4qpAw4IARUAAIhCGAFwAcABBg==&rs=AOn4CLCjgGJNzNj14o7_SfWDIH4b_0MLIg,Jaime Gabaldoni,external-reference,embed_link_and_summarize_only
O41tWcU8kIQ,https://www.youtube.com/watch?v=O41tWcU8kIQ,BMW i7 xDrive60 2023 | 0 a 60mph | Jaime Gabaldoni [POV-4K],65.0,,videos,https://i.ytimg.com/vi/O41tWcU8kIQ/hqdefault.jpg?sqp=-oaymwEcCNACELwBSFXyq4qpAw4IARUAAIhCGAFwAcABBg==&rs=AOn4CLDBG5f85XxnyMOFOzp9St1j-CJkLA,Jaime Gabaldoni,external-reference,embed_link_and_summarize_only
n0gydp9kA6w,https://www.youtube.com/watch?v=n0gydp9kA6w,Conoce al increíble motor LT6 del Corvette C8 Z06,189.0,,videos,https://i.ytimg.com/vi/n0gydp9kA6w/hqdefault.jpg?sqp=-oaymwEcCNACELwBSFXyq4qpAw4IARUAAIhCGAFwAcABBg==&rs=AOn4CLBhOmmQ2i5hdMNzRnYXyJ96zW1kWw,Jaime Gabaldoni,external-reference,embed_link_and_summarize_only
SvZaNQl0XWM,https://www.youtube.com/watch?v=SvZaNQl0XWM,Rivian R1S Launch Edition 2023 | 0 a 60mph | Jaime Gabaldoni [POV-4K],61.0,,videos,https://i.ytimg.com/vi/SvZaNQl0XWM/hqdefault.jpg?sqp=-oaymwEcCNACELwBSFXyq4qpAw4IARUAAIhCGAFwAcABBg==&rs=AOn4CLDeeKfASsOfAGnkrFE7V9et5Nr48w,Jaime Gabaldoni,external-reference,embed_link_and_summarize_only
1QLryKjHxBw,https://www.youtube.com/watch?v=1QLryKjHxBw,Mercedes-AMG EQE 2023 | 0 - 60 | Jaime Gabaldoni [4K-POV],58.0,,videos,https://i.ytimg.com/vi/1QLryKjHxBw/hqdefault.jpg?sqp=-oaymwEcCNACELwBSFXyq4qpAw4IARUAAIhCGAFwAcABBg==&rs=AOn4CLAgUs13aE63IpRasWK6m1yMMKeTsA,Jaime Gabaldoni,external-reference,embed_link_and_summarize_only
jWKQkqlo82s,https://www.youtube.com/watch?v=jWKQkqlo82s,Jeep Wrangler 4xe Rubicon 2023 | Encendido - Jaime Gabaldoni [4K-POV],71.0,,videos,https://i.ytimg.com/vi/jWKQkqlo82s/hqdefault.jpg?sqp=-oaymwEcCNACELwBSFXyq4qpAw4IARUAAIhCGAFwAcABBg==&rs=AOn4CLDSmsl4SgZhgoWZJcXkjGzgK4p76A,Jaime Gabaldoni,external-reference,embed_link_and_summarize_only
r2eMA3yZf2o,https://www.youtube.com/watch?v=r2eMA3yZf2o,Viajamos durante 8 días para llegar al evento de motocicletas mas grande del mundo - Jaime Gabaldoni,417.0,,videos,https://i.ytimg.com/vi/r2eMA3yZf2o/hqdefault.jpg?sqp=-oaymwEcCNACELwBSFXyq4qpAw4IARUAAIhCGAFwAcABBg==&rs=AOn4CLA00m2xT_xZxIKKgdMFVe-PIjfJIg,Jaime Gabaldoni,external-reference,embed_link_and_summarize_only
EKDAglFgT6o,https://www.youtube.com/watch?v=EKDAglFgT6o,Nissan Versa SR 2023 - Encendido [POV-HD],71.0,,videos,https://i.ytimg.com/vi/EKDAglFgT6o/hqdefault.jpg?sqp=-oaymwEcCNACELwBSFXyq4qpAw4IARUAAIhCGAFwAcABBg==&rs=AOn4CLDYByueSAPIGPcbd9tgIhQweWiAMQ,Jaime Gabaldoni,external-reference,embed_link_and_summarize_only
uS8Wk9hq6h0,https://www.youtube.com/watch?v=uS8Wk9hq6h0,Alfa Romeo Stelvio Quadrifoglio 2023 - Encendido [POV-HD],79.0,,videos,https://i.ytimg.com/vi/uS8Wk9hq6h0/hqdefault.jpg?sqp=-oaymwEcCNACELwBSFXyq4qpAw4IARUAAIhCGAFwAcABBg==&rs=AOn4CLCDYhF6Z40rKJEMh3Mqr1gVhUDqAQ,Jaime Gabaldoni,external-reference,embed_link_and_summarize_only
TRAdnQbFQm8,https://www.youtube.com/watch?v=TRAdnQbFQm8,Honda Civic Type R 2023 | Prueba Completa [HD],1804.0,,videos,https://i.ytimg.com/vi/TRAdnQbFQm8/hqdefault.jpg?sqp=-oaymwEcCNACELwBSFXyq4qpAw4IARUAAIhCGAFwAcABBg==&rs=AOn4CLCZy2wnepELvdpon9YhnBq_L5iovw,Jaime Gabaldoni,external-reference,embed_link_and_summarize_only
1zpPexsz_N8,https://www.youtube.com/watch?v=1zpPexsz_N8,Infiniti Q50 Sensory 2023 - Encendido [POV - 4K],73.0,,videos,https://i.ytimg.com/vi/1zpPexsz_N8/hqdefault.jpg?sqp=-oaymwEcCNACELwBSFXyq4qpAw4IARUAAIhCGAFwAcABBg==&rs=AOn4CLCUYca935F1iTOSNz9X2rjTZfhjoQ,Jaime Gabaldoni,external-reference,embed_link_and_summarize_only
BQwUwEa7IF8,https://www.youtube.com/watch?v=BQwUwEa7IF8,Nissan Pathfinder Rock Creek 2023 - Encendido [POV - 4K],65.0,,videos,https://i.ytimg.com/vi/BQwUwEa7IF8/hqdefault.jpg?sqp=-oaymwEcCNACELwBSFXyq4qpAw4IARUAAIhCGAFwAcABBg==&rs=AOn4CLDcwFcK54HrWeM7rrqt3fSbJP9xEA,Jaime Gabaldoni,external-reference,embed_link_and_summarize_only
M8f8OLN17Z8,https://www.youtube.com/watch?v=M8f8OLN17Z8,Dodge Challenger SRT Hellcat Redeye Jailbreak 2023 | POV [HD],75.0,,videos,https://i.ytimg.com/vi/M8f8OLN17Z8/hqdefault.jpg?sqp=-oaymwEcCNACELwBSFXyq4qpAw4IARUAAIhCGAFwAcABBg==&rs=AOn4CLA10jmPOtS73mrq-NF8yd_8qUPjaA,Jaime Gabaldoni,external-reference,embed_link_and_summarize_only
CIDFEy8RKOs,https://www.youtube.com/watch?v=CIDFEy8RKOs,Chevrolet presenta el Corvette E-Ray eAWD híbrido,108.0,,videos,https://i.ytimg.com/vi/CIDFEy8RKOs/hqdefault.jpg?sqp=-oaymwEcCNACELwBSFXyq4qpAw4IARUAAIhCGAFwAcABBg==&rs=AOn4CLB8cuTeVvgCtavhduWKYEGnS0T8zw,Jaime Gabaldoni,external-reference,embed_link_and_summarize_only
ccYx3lkQtrE,https://www.youtube.com/watch?v=ccYx3lkQtrE,Chevrolet Corvette C8 Z06 2023 | Prueba Completa [HD],1580.0,,videos,https://i.ytimg.com/vi/ccYx3lkQtrE/hqdefault.jpg?sqp=-oaymwEcCNACELwBSFXyq4qpAw4IARUAAIhCGAFwAcABBg==&rs=AOn4CLAaOgaSPcbNCzTkSaM0LCUC676Osw,Jaime Gabaldoni,external-reference,embed_link_and_summarize_only
hpFrmmPb85k,https://www.youtube.com/watch?v=hpFrmmPb85k,Acura NSX 2022 | Prueba Completa [4K],1000.0,,videos,https://i.ytimg.com/vi/hpFrmmPb85k/hqdefault.jpg?sqp=-oaymwEcCNACELwBSFXyq4qpAw4IARUAAIhCGAFwAcABBg==&rs=AOn4CLCRIT_sACtGszJDHIdFSXP6HllLHQ,Jaime Gabaldoni,external-reference,embed_link_and_summarize_only
o2OH89tpfyo,https://www.youtube.com/watch?v=o2OH89tpfyo,Prueba: MINI Cooper EV Convertible [HD],341.0,,videos,https://i.ytimg.com/vi/o2OH89tpfyo/hqdefault.jpg?sqp=-oaymwEcCNACELwBSFXyq4qpAw4IARUAAIhCGAFwAcABBg==&rs=AOn4CLAe7SQQNqiVzuSHzvgLPHhoP34jIQ,Jaime Gabaldoni,external-reference,embed_link_and_summarize_only
4rUPiMJP84M,https://www.youtube.com/watch?v=4rUPiMJP84M,Chevrolet Silverado High Country 2022 | Encendido [POV],64.0,,videos,https://i.ytimg.com/vi/4rUPiMJP84M/hqdefault.jpg?sqp=-oaymwE2CNACELwBSFXyq4qpAygIARUAAIhCGAFwAcABBvABAfgB_gmAAtAFigIMCAAQARhhIGEoYTAP&rs=AOn4CLCz1_1JAxC7XgZqEi5tvA2wocogYg,Jaime Gabaldoni,external-reference,embed_link_and_summarize_only
FEroGnHgh_k,https://www.youtube.com/watch?v=FEroGnHgh_k,Mazda CX-9 2022 | Encendido [POV],59.0,,videos,https://i.ytimg.com/vi/FEroGnHgh_k/hqdefault.jpg?sqp=-oaymwE2CNACELwBSFXyq4qpAygIARUAAIhCGAFwAcABBvABAfgB_gmAAtAFigIMCAAQARhaIGUoRTAP&rs=AOn4CLDbduY2y_sdTNolR74tp_WReOAC4A,Jaime Gabaldoni,external-reference,embed_link_and_summarize_only
-1uZLvo3sXw,https://www.youtube.com/watch?v=-1uZLvo3sXw,Chevrolet Corvette C8 Z51 Convertible 2023 | Encendido [POV],58.0,,videos,https://i.ytimg.com/vi/-1uZLvo3sXw/hqdefault.jpg?sqp=-oaymwEcCNACELwBSFXyq4qpAw4IARUAAIhCGAFwAcABBg==&rs=AOn4CLD40EHFCyv2Yvz99ixQO9UntHjnjw,Jaime Gabaldoni,external-reference,embed_link_and_summarize_only
nK-QBsmsXV0,https://www.youtube.com/watch?v=nK-QBsmsXV0,Acura Integra 2023 | Primeras Impresiones [4K],1439.0,,videos,https://i.ytimg.com/vi/nK-QBsmsXV0/hqdefault.jpg?sqp=-oaymwEcCNACELwBSFXyq4qpAw4IARUAAIhCGAFwAcABBg==&rs=AOn4CLDnjUPYN-Pla1KJxbxo7Itz58ulLA,Jaime Gabaldoni,external-reference,embed_link_and_summarize_only
hNPbTy2P2cA,https://www.youtube.com/watch?v=hNPbTy2P2cA,BMW M4 Competition Convertible 2022 | Encendido,59.0,,videos,https://i.ytimg.com/vi/hNPbTy2P2cA/hqdefault.jpg?sqp=-oaymwEcCNACELwBSFXyq4qpAw4IARUAAIhCGAFwAcABBg==&rs=AOn4CLC4280SFCCw88ogKclp4oqgVyaqEQ,Jaime Gabaldoni,external-reference,embed_link_and_summarize_only
CFW5ZsKomMg,https://www.youtube.com/watch?v=CFW5ZsKomMg,El NUEVO Nissan Z 2023 Es Más IMPRESIONANTE de lo que Pensabas!,1364.0,,videos,https://i.ytimg.com/vi/CFW5ZsKomMg/hqdefault.jpg?sqp=-oaymwEcCNACELwBSFXyq4qpAw4IARUAAIhCGAFwAcABBg==&rs=AOn4CLCI6bFTIGJ5wtj_IfZtgJ9e85xo9g,Jaime Gabaldoni,external-reference,embed_link_and_summarize_only
0dvnzRudxoo,https://www.youtube.com/watch?v=0dvnzRudxoo,De Muscle Car a Pick-up Eléctrica - El REGRESO de la F-150 Lightning,1845.0,,videos,https://i.ytimg.com/vi/0dvnzRudxoo/hqdefault.jpg?sqp=-oaymwEcCNACELwBSFXyq4qpAw4IARUAAIhCGAFwAcABBg==&rs=AOn4CLDVhkc8Ji3we7uv1MiMlmfPhtSHAw,Jaime Gabaldoni,external-reference,embed_link_and_summarize_only
kPApj1mm9G0,https://www.youtube.com/watch?v=kPApj1mm9G0,Toyota Tundra 2022 - Primeras Impresiones [4K],1967.0,,videos,https://i.ytimg.com/vi/kPApj1mm9G0/hqdefault.jpg?sqp=-oaymwEcCNACELwBSFXyq4qpAw4IARUAAIhCGAFwAcABBg==&rs=AOn4CLAzDjg0AFtTB9sJQqEvYbePJ_U1yA,Jaime Gabaldoni,external-reference,embed_link_and_summarize_only
1IDoOyQtHWI,https://www.youtube.com/watch?v=1IDoOyQtHWI,Audi S8 2022 | Primeras Impresiones [4K],1265.0,,videos,https://i.ytimg.com/vi/1IDoOyQtHWI/hqdefault.jpg?sqp=-oaymwEcCNACELwBSFXyq4qpAw4IARUAAIhCGAFwAcABBg==&rs=AOn4CLC0Ek8iCI-zN9Dy3dahjOwQQ6BKPQ,Jaime Gabaldoni,external-reference,embed_link_and_summarize_only
gMJ9A9YCMJQ,https://www.youtube.com/watch?v=gMJ9A9YCMJQ,Subaru WRX 2022 | Primeras Impresiones [4K],1984.0,,videos,https://i.ytimg.com/vi/gMJ9A9YCMJQ/hqdefault.jpg?sqp=-oaymwEcCNACELwBSFXyq4qpAw4IARUAAIhCGAFwAcABBg==&rs=AOn4CLC4RP4eGRIwqx0Gkzn5ijEL-13VYg,Jaime Gabaldoni,external-reference,embed_link_and_summarize_only
HGMlyLVXiU0,https://www.youtube.com/watch?v=HGMlyLVXiU0,Detalles del ultimo Volkswagen Passat | Prueba de Manejo [4K],1366.0,,videos,https://i.ytimg.com/vi/HGMlyLVXiU0/hqdefault.jpg?sqp=-oaymwEcCNACELwBSFXyq4qpAw4IARUAAIhCGAFwAcABBg==&rs=AOn4CLD6x1dzBBGNxG13iryGGkn1vw71pg,Jaime Gabaldoni,external-reference,embed_link_and_summarize_only
ubc-Gey7rgk,https://www.youtube.com/watch?v=ubc-Gey7rgk,All New Kia Sportage | Primeras Impresiones [HD],502.0,,videos,https://i.ytimg.com/vi/ubc-Gey7rgk/hqdefault.jpg?sqp=-oaymwEcCNACELwBSFXyq4qpAw4IARUAAIhCGAFwAcABBg==&rs=AOn4CLAhqjHz7Q8GxCK2Ml-nUzGX2gRc5g,Jaime Gabaldoni,external-reference,embed_link_and_summarize_only
PpaK84peNKc,https://www.youtube.com/watch?v=PpaK84peNKc,El BMW iX 50 2022 es superior al Tesla Model X | Primeras Impresiones,2004.0,,videos,https://i.ytimg.com/vi/PpaK84peNKc/hqdefault.jpg?sqp=-oaymwEcCNACELwBSFXyq4qpAw4IARUAAIhCGAFwAcABBg==&rs=AOn4CLBvJAFq5PRbp2Uvex6edmAoMN_0pw,Jaime Gabaldoni,external-reference,embed_link_and_summarize_only
ucKE52BEvJ0,https://www.youtube.com/watch?v=ucKE52BEvJ0,BMW M240i xDrive Coupe 2022 | Primeras Impresiones [POV-HD],1419.0,,videos,https://i.ytimg.com/vi/ucKE52BEvJ0/hqdefault.jpg?sqp=-oaymwEcCNACELwBSFXyq4qpAw4IARUAAIhCGAFwAcABBg==&rs=AOn4CLD00B5cDC0SWms2yVq5WO43bckSZg,Jaime Gabaldoni,external-reference,embed_link_and_summarize_only
4m29NQrvh2U,https://www.youtube.com/watch?v=4m29NQrvh2U,BMW M240i xDrive Coupe 2022,61.0,,videos,https://i.ytimg.com/vi/4m29NQrvh2U/hqdefault.jpg?sqp=-oaymwE2CNACELwBSFXyq4qpAygIARUAAIhCGAFwAcABBvABAfgBzgWAAoAKigIMCAAQARhyIFUoPTAP&rs=AOn4CLDf5xjWUtwEtu4-ep4hIY3Zjg5AiA,Jaime Gabaldoni,external-reference,embed_link_and_summarize_only
pY_EHQyaP3o,https://www.youtube.com/watch?v=pY_EHQyaP3o,BMW M240i xDrive Coupe 2022 | Encendido [POV-HD],66.0,,videos,https://i.ytimg.com/vi/pY_EHQyaP3o/hqdefault.jpg?sqp=-oaymwEcCNACELwBSFXyq4qpAw4IARUAAIhCGAFwAcABBg==&rs=AOn4CLCDg7Kp9b05X4lf7kRoNt1lwdl-4Q,Jaime Gabaldoni,external-reference,embed_link_and_summarize_only
7N5JHrSI7HA,https://www.youtube.com/watch?v=7N5JHrSI7HA,Mercedes-AMG GT53 2022 | Encendido [POV-HD],57.0,,videos,https://i.ytimg.com/vi/7N5JHrSI7HA/hqdefault.jpg?sqp=-oaymwEcCNACELwBSFXyq4qpAw4IARUAAIhCGAFwAcABBg==&rs=AOn4CLA9xjt16P4uiWYHKbwQM7Z6Ia717g,Jaime Gabaldoni,external-reference,embed_link_and_summarize_only
WUJ7XfQYKtI,https://www.youtube.com/watch?v=WUJ7XfQYKtI,Genesis G80 3.5T Sport 2022 | Encendido [POV-HD],61.0,,videos,https://i.ytimg.com/vi/WUJ7XfQYKtI/hqdefault.jpg?sqp=-oaymwE2CNACELwBSFXyq4qpAygIARUAAIhCGAFwAcABBvABAfgB_g6AArgIigIMCAAQARhlIGUoRzAP&rs=AOn4CLCGcTmx-1FolSChpe0cpYYRA2im1Q,Jaime Gabaldoni,external-reference,embed_link_and_summarize_only
NhkC25wTMO8,https://www.youtube.com/watch?v=NhkC25wTMO8,Porsche Cayenne | Primeras Impresiones [POV-HD],1471.0,,videos,https://i.ytimg.com/vi/NhkC25wTMO8/hqdefault.jpg?sqp=-oaymwEcCNACELwBSFXyq4qpAw4IARUAAIhCGAFwAcABBg==&rs=AOn4CLAciMF1-FdXrVjHnMo0aPE74aBLEA,Jaime Gabaldoni,external-reference,embed_link_and_summarize_only
qW-wAWc8mDI,https://www.youtube.com/watch?v=qW-wAWc8mDI,Porsche Cayenne | Encendido [POV-HD],172.0,,videos,https://i.ytimg.com/vi/qW-wAWc8mDI/hqdefault.jpg?sqp=-oaymwEcCNACELwBSFXyq4qpAw4IARUAAIhCGAFwAcABBg==&rs=AOn4CLCMFKluYP19pWwxjq9iDlinQADWow,Jaime Gabaldoni,external-reference,embed_link_and_summarize_only
VUMmZiyPcLQ,https://www.youtube.com/watch?v=VUMmZiyPcLQ,Maserati Levante 2017 | Primeras Impresiones [POV-HD],1471.0,,videos,https://i.ytimg.com/vi/VUMmZiyPcLQ/hqdefault.jpg?sqp=-oaymwEcCNACELwBSFXyq4qpAw4IARUAAIhCGAFwAcABBg==&rs=AOn4CLBxiGFLZk4aXNtA1ygHIgiWvsmwJA,Jaime Gabaldoni,external-reference,embed_link_and_summarize_only
Zq22ogmIjbo,https://www.youtube.com/watch?v=Zq22ogmIjbo,Maserati Levante 2017 | Encendido [POV-HD],123.0,,videos,https://i.ytimg.com/vi/Zq22ogmIjbo/hqdefault.jpg?sqp=-oaymwEcCNACELwBSFXyq4qpAw4IARUAAIhCGAFwAcABBg==&rs=AOn4CLA4jV8Az4HYWDx-1Yx2szGmxB3cqA,Jaime Gabaldoni,external-reference,embed_link_and_summarize_only
0BCQD3Fh_Q0,https://www.youtube.com/watch?v=0BCQD3Fh_Q0,Kia Stinger GT-Line 2022 | Primeras Impresiones [POV-HD],1632.0,,videos,https://i.ytimg.com/vi/0BCQD3Fh_Q0/hqdefault.jpg?sqp=-oaymwEcCNACELwBSFXyq4qpAw4IARUAAIhCGAFwAcABBg==&rs=AOn4CLDZyhrckRXo5CA29zrHun2gjEzbEw,Jaime Gabaldoni,external-reference,embed_link_and_summarize_only
gHjzLENuNo8,https://www.youtube.com/watch?v=gHjzLENuNo8,Kia Stinger GT-Line 2022 | Encendido [POV-HD],104.0,,videos,https://i.ytimg.com/vi/gHjzLENuNo8/hqdefault.jpg?sqp=-oaymwEcCNACELwBSFXyq4qpAw4IARUAAIhCGAFwAcABBg==&rs=AOn4CLCHtfW2aAtf-ig5E2zPSMq3isicEw,Jaime Gabaldoni,external-reference,embed_link_and_summarize_only
jl8rnDjYU0k,https://www.youtube.com/watch?v=jl8rnDjYU0k,Mercedes-Benz EQS 580 2022 | Primeras Impresiones [POV-HD],1922.0,,videos,https://i.ytimg.com/vi/jl8rnDjYU0k/hqdefault.jpg?sqp=-oaymwEcCNACELwBSFXyq4qpAw4IARUAAIhCGAFwAcABBg==&rs=AOn4CLC-pqj3S-vs3NzWvI6jjAci00UJDQ,Jaime Gabaldoni,external-reference,embed_link_and_summarize_only
czGFpK1S-sM,https://www.youtube.com/watch?v=czGFpK1S-sM,Mercedes-Benz EQS 580 2022 | Encendido [POV-HD],97.0,,videos,https://i.ytimg.com/vi/czGFpK1S-sM/hqdefault.jpg?sqp=-oaymwEcCNACELwBSFXyq4qpAw4IARUAAIhCGAFwAcABBg==&rs=AOn4CLDGdPk_ECqsiiont6t_zOx5GZO_qQ,Jaime Gabaldoni,external-reference,embed_link_and_summarize_only
CkchRZp0mgQ,https://www.youtube.com/watch?v=CkchRZp0mgQ,Maserati Ghibli Trofeo 2021 | Primeras Impresiones [POV-HD],1721.0,,videos,https://i.ytimg.com/vi/CkchRZp0mgQ/hqdefault.jpg?sqp=-oaymwEcCNACELwBSFXyq4qpAw4IARUAAIhCGAFwAcABBg==&rs=AOn4CLCuZ-0tpboDFmOpTOR5FfCL5QghBg,Jaime Gabaldoni,external-reference,embed_link_and_summarize_only
WO9fd6JRDOQ,https://www.youtube.com/watch?v=WO9fd6JRDOQ,Maserati Ghibli Trofeo 2021 | Encendido [POV-HD],118.0,,videos,https://i.ytimg.com/vi/WO9fd6JRDOQ/hqdefault.jpg?sqp=-oaymwEcCNACELwBSFXyq4qpAw4IARUAAIhCGAFwAcABBg==&rs=AOn4CLARbAX0jhAoA2eWgYWS5zBRE1-XIA,Jaime Gabaldoni,external-reference,embed_link_and_summarize_only
jDiRq7tnEzg,https://www.youtube.com/watch?v=jDiRq7tnEzg,Audi S3 Sedan 2022 | Primeras Impresiones [POV-HD],1357.0,,videos,https://i.ytimg.com/vi/jDiRq7tnEzg/hqdefault.jpg?sqp=-oaymwEcCNACELwBSFXyq4qpAw4IARUAAIhCGAFwAcABBg==&rs=AOn4CLDQO51rCL6bYN29ah6Sql314o1q9Q,Jaime Gabaldoni,external-reference,embed_link_and_summarize_only
968wi7fDhXY,https://www.youtube.com/watch?v=968wi7fDhXY,Audi S3 Sedan 2022 | Encendido [POV-HD],127.0,,videos,https://i.ytimg.com/vi/968wi7fDhXY/hqdefault.jpg?sqp=-oaymwEcCNACELwBSFXyq4qpAw4IARUAAIhCGAFwAcABBg==&rs=AOn4CLCDcP_GBkXU193Ng3Qws9Y5unAfFw,Jaime Gabaldoni,external-reference,embed_link_and_summarize_only
VdFUfoLQ9vA,https://www.youtube.com/watch?v=VdFUfoLQ9vA,Lamborghini Huracan STO | Primeras Impresiones [POV-HD],1829.0,,videos,https://i.ytimg.com/vi/VdFUfoLQ9vA/hqdefault.jpg?sqp=-oaymwEcCNACELwBSFXyq4qpAw4IARUAAIhCGAFwAcABBg==&rs=AOn4CLBfkFvYVtd9LAQ29R_bHcyvMJpcQA,Jaime Gabaldoni,external-reference,embed_link_and_summarize_only
7dlC2u9J3sA,https://www.youtube.com/watch?v=7dlC2u9J3sA,Lamborghini Huracan STO | Encendido [POV-HD],98.0,,videos,https://i.ytimg.com/vi/7dlC2u9J3sA/hqdefault.jpg?sqp=-oaymwEcCNACELwBSFXyq4qpAw4IARUAAIhCGAFwAcABBg==&rs=AOn4CLAixjMsG74wlD4GfLwHadAczRhrbQ,Jaime Gabaldoni,external-reference,embed_link_and_summarize_only
fHLwdAbtd9Y,https://www.youtube.com/watch?v=fHLwdAbtd9Y,Hyundai IONIQ 5 2022 | Primeras Impresiones [POV-HD],1457.0,,videos,https://i.ytimg.com/vi/fHLwdAbtd9Y/hqdefault.jpg?sqp=-oaymwEcCNACELwBSFXyq4qpAw4IARUAAIhCGAFwAcABBg==&rs=AOn4CLB6tiCMOEUT7PSluLJPtFJbBjl6yQ,Jaime Gabaldoni,external-reference,embed_link_and_summarize_only
lL3Fd_jbko8,https://www.youtube.com/watch?v=lL3Fd_jbko8,Hyundai IONIQ 5 2022 | Encendido [POV-HD],114.0,,videos,https://i.ytimg.com/vi/lL3Fd_jbko8/hqdefault.jpg?sqp=-oaymwEcCNACELwBSFXyq4qpAw4IARUAAIhCGAFwAcABBg==&rs=AOn4CLCwO91PLJ2HmBiLZZdIjnMBT1284g,Jaime Gabaldoni,external-reference,embed_link_and_summarize_only
KL0BpKPCUc0,https://www.youtube.com/watch?v=KL0BpKPCUc0,MINI John Cooper Works Convertible 2022 | Primeras Impresiones [POV-HD],1526.0,,videos,https://i.ytimg.com/vi/KL0BpKPCUc0/hqdefault.jpg?sqp=-oaymwEcCNACELwBSFXyq4qpAw4IARUAAIhCGAFwAcABBg==&rs=AOn4CLD2MVWfO22SCkKqE5V4ubvU6IqtCA,Jaime Gabaldoni,external-reference,embed_link_and_summarize_only
XwEEAA6OlJ8,https://www.youtube.com/watch?v=XwEEAA6OlJ8,Polestar 2 2022 | Primeras Impresiones [POV-HD],1353.0,,videos,https://i.ytimg.com/vi/XwEEAA6OlJ8/hqdefault.jpg?sqp=-oaymwEcCNACELwBSFXyq4qpAw4IARUAAIhCGAFwAcABBg==&rs=AOn4CLD85z6K0dc7W-6Cdqw4LCbJd2t7uw,Jaime Gabaldoni,external-reference,embed_link_and_summarize_only
kitkoqeMI64,https://www.youtube.com/watch?v=kitkoqeMI64,Polestar 2 2022 | Encendido [POV-HD],81.0,,videos,https://i.ytimg.com/vi/kitkoqeMI64/hqdefault.jpg?sqp=-oaymwEcCNACELwBSFXyq4qpAw4IARUAAIhCGAFwAcABBg==&rs=AOn4CLBbr3jMzOmQlCWKhi_9dlNNyPsK1g,Jaime Gabaldoni,external-reference,embed_link_and_summarize_only
H71amtNIPn0,https://www.youtube.com/watch?v=H71amtNIPn0,Mazda MX-30 2022 | Encendido [POV-HD],1541.0,,videos,https://i.ytimg.com/vi/H71amtNIPn0/hqdefault.jpg?sqp=-oaymwEcCNACELwBSFXyq4qpAw4IARUAAIhCGAFwAcABBg==&rs=AOn4CLB_4cJuB6z4ItlSwmtgzlpPm8ZC5w,Jaime Gabaldoni,external-reference,embed_link_and_summarize_only
4HyqDJMdENA,https://www.youtube.com/watch?v=4HyqDJMdENA,Mazda MX-30 2022 | Encendido [POV-HD],127.0,,videos,https://i.ytimg.com/vi/4HyqDJMdENA/hqdefault.jpg?sqp=-oaymwEcCNACELwBSFXyq4qpAw4IARUAAIhCGAFwAcABBg==&rs=AOn4CLArJ2VTjHOaT59SejCqCcKtlsCHKg,Jaime Gabaldoni,external-reference,embed_link_and_summarize_only
JMlPvl-kebk,https://www.youtube.com/watch?v=JMlPvl-kebk,Ford Maverick XL 2022 | Primeras Impresiones [POV-HD],1587.0,,videos,https://i.ytimg.com/vi/JMlPvl-kebk/hqdefault.jpg?sqp=-oaymwEcCNACELwBSFXyq4qpAw4IARUAAIhCGAFwAcABBg==&rs=AOn4CLAOxEHauLJGG8w835XNSLL-3FGKMw,Jaime Gabaldoni,external-reference,embed_link_and_summarize_only
hsxpweh8e3c,https://www.youtube.com/watch?v=hsxpweh8e3c,Ford Maverick XL 2022 | Encendido [POV-HD],112.0,,videos,https://i.ytimg.com/vi/hsxpweh8e3c/hqdefault.jpg?sqp=-oaymwEcCNACELwBSFXyq4qpAw4IARUAAIhCGAFwAcABBg==&rs=AOn4CLAlq7V3ujSvcR3AVfj830HBJYMV-Q,Jaime Gabaldoni,external-reference,embed_link_and_summarize_only
tHass9AgQ_Q,https://www.youtube.com/watch?v=tHass9AgQ_Q,Lincoln Corsair 2021 | Primeras Impresiones [POV-HD],1506.0,,videos,https://i.ytimg.com/vi/tHass9AgQ_Q/hqdefault.jpg?sqp=-oaymwEcCNACELwBSFXyq4qpAw4IARUAAIhCGAFwAcABBg==&rs=AOn4CLA50l-VSu-NSHpnfu_wqNPmOP3Ckw,Jaime Gabaldoni,external-reference,embed_link_and_summarize_only
Gtmak620Pv4,https://www.youtube.com/watch?v=Gtmak620Pv4,Lincoln Corsair AWD Reserve 2021 | Encendido [POV-HD],130.0,,videos,https://i.ytimg.com/vi/Gtmak620Pv4/hqdefault.jpg?sqp=-oaymwEcCNACELwBSFXyq4qpAw4IARUAAIhCGAFwAcABBg==&rs=AOn4CLAs2ugI2AYnoYmekSQZX_FezOuQCg,Jaime Gabaldoni,external-reference,embed_link_and_summarize_only
ln3bv8ESii0,https://www.youtube.com/watch?v=ln3bv8ESii0,Volkswagen Tiguan SEL R-Line 2022 | Primeras Impresiones [POV-HD],1467.0,,videos,https://i.ytimg.com/vi/ln3bv8ESii0/hqdefault.jpg?sqp=-oaymwEcCNACELwBSFXyq4qpAw4IARUAAIhCGAFwAcABBg==&rs=AOn4CLD8eABxU-w2qQ9bwn2Ld1Nk-d7nFQ,Jaime Gabaldoni,external-reference,embed_link_and_summarize_only
wo9sbaBJR80,https://www.youtube.com/watch?v=wo9sbaBJR80,Volkswagen Tiguan SEL R-Line 2022 | POV [POV-HD],211.0,,videos,https://i.ytimg.com/vi/wo9sbaBJR80/hqdefault.jpg?sqp=-oaymwEcCNACELwBSFXyq4qpAw4IARUAAIhCGAFwAcABBg==&rs=AOn4CLD7GxD_aFa4rthtua_7qRdgZB7Myg,Jaime Gabaldoni,external-reference,embed_link_and_summarize_only
tWugGPbb_hI,https://www.youtube.com/watch?v=tWugGPbb_hI,Aston Martin Valhalla | Acceso Exclusivo [POV-HD],203.0,,videos,https://i.ytimg.com/vi/tWugGPbb_hI/hqdefault.jpg?sqp=-oaymwE2CNACELwBSFXyq4qpAygIARUAAIhCGAFwAcABBvABAfgB_gmAAtAFigIMCAAQARhRIGEoZTAP&rs=AOn4CLCD9YSOcPRiUuRS3chzuAYk7MPirA,Jaime Gabaldoni,external-reference,embed_link_and_summarize_only
KgYBD_-KT6U,https://www.youtube.com/watch?v=KgYBD_-KT6U,Acura NSX 2021 | Primeras Impresiones [POV-HD],1868.0,,videos,https://i.ytimg.com/vi/KgYBD_-KT6U/hqdefault.jpg?sqp=-oaymwEcCNACELwBSFXyq4qpAw4IARUAAIhCGAFwAcABBg==&rs=AOn4CLAE6Imu1Yzb0g5WKxq-4iF3EPR9BQ,Jaime Gabaldoni,external-reference,embed_link_and_summarize_only
dk9WK2O-GY8,https://www.youtube.com/watch?v=dk9WK2O-GY8,Acura NSX 2021 | Encendido [POV-HD],187.0,,videos,https://i.ytimg.com/vi/dk9WK2O-GY8/hqdefault.jpg?sqp=-oaymwEcCNACELwBSFXyq4qpAw4IARUAAIhCGAFwAcABBg==&rs=AOn4CLC52SfNH9rfB4LuGEYQSLD2rrSEsA,Jaime Gabaldoni,external-reference,embed_link_and_summarize_only
piFDrkLtD8E,https://www.youtube.com/watch?v=piFDrkLtD8E,Jeep Grand Wagoneer Series III 2022 | Primeras Impresiones [POV-HD],2409.0,,videos,https://i.ytimg.com/vi/piFDrkLtD8E/hqdefault.jpg?sqp=-oaymwEcCNACELwBSFXyq4qpAw4IARUAAIhCGAFwAcABBg==&rs=AOn4CLB-M0-3xUS4Km8JOKLxReJCw7hZlA,Jaime Gabaldoni,external-reference,embed_link_and_summarize_only
QRHZIjKDVJM,https://www.youtube.com/watch?v=QRHZIjKDVJM,Jeep Grand Wagoneer Series III 2022 | Encendido [POV-HD],299.0,,videos,https://i.ytimg.com/vi/QRHZIjKDVJM/hqdefault.jpg?sqp=-oaymwEcCNACELwBSFXyq4qpAw4IARUAAIhCGAFwAcABBg==&rs=AOn4CLCgjlXMQzeC3rgjQNZYjAjCBWXxpQ,Jaime Gabaldoni,external-reference,embed_link_and_summarize_only
lkWSd5w7dx4,https://www.youtube.com/watch?v=lkWSd5w7dx4,Volvo XC40 T5 AWD Inscription 2022 | Primeras Imrpesiones [POV-HD],1659.0,,videos,https://i.ytimg.com/vi/lkWSd5w7dx4/hqdefault.jpg?sqp=-oaymwEcCNACELwBSFXyq4qpAw4IARUAAIhCGAFwAcABBg==&rs=AOn4CLAV9PW5ytAEC1IxwO2cp9BINfpo8g,Jaime Gabaldoni,external-reference,embed_link_and_summarize_only
GtZWQ6C19YY,https://www.youtube.com/watch?v=GtZWQ6C19YY,Volvo XC40 T5 AWD Inscription 2022 | Encendido [POV-HD],202.0,,videos,https://i.ytimg.com/vi/GtZWQ6C19YY/hqdefault.jpg?sqp=-oaymwEcCNACELwBSFXyq4qpAw4IARUAAIhCGAFwAcABBg==&rs=AOn4CLC4IUHjfTRezPQ7X3-E8QaWrJB3Lw,Jaime Gabaldoni,external-reference,embed_link_and_summarize_only
BnuTBbZRatA,https://www.youtube.com/watch?v=BnuTBbZRatA,GMC Hummer EV 2022 | Primeras Impresiones [POV-HD],683.0,,videos,https://i.ytimg.com/vi/BnuTBbZRatA/hqdefault.jpg?sqp=-oaymwEcCNACELwBSFXyq4qpAw4IARUAAIhCGAFwAcABBg==&rs=AOn4CLB9_TM8IAuzxQXkPdEbAoZZoaUUnA,Jaime Gabaldoni,external-reference,embed_link_and_summarize_only
30UqZAhzog0,https://www.youtube.com/watch?v=30UqZAhzog0,Santiago Chamorro - Jefe de General Motors en America del Sur - Entrevista Completa en Español,1924.0,,videos,https://i.ytimg.com/vi/30UqZAhzog0/hqdefault.jpg?sqp=-oaymwEcCNACELwBSFXyq4qpAw4IARUAAIhCGAFwAcABBg==&rs=AOn4CLAsSp4h0K7skkVNEhtuW-zXJJOuYQ,Jaime Gabaldoni,external-reference,embed_link_and_summarize_only
HtuL50Rf2wY,https://www.youtube.com/watch?v=HtuL50Rf2wY,BMW R18 2021 | Primeras Impresiones [POV-HD],1059.0,,videos,https://i.ytimg.com/vi/HtuL50Rf2wY/hqdefault.jpg?sqp=-oaymwEcCNACELwBSFXyq4qpAw4IARUAAIhCGAFwAcABBg==&rs=AOn4CLA4Ss1PBIvU-FIEDMi5eIvCisLpkQ,Jaime Gabaldoni,external-reference,embed_link_and_summarize_only
eJEUwvw-kWI,https://www.youtube.com/watch?v=eJEUwvw-kWI,BMW R18 2021 | Encendido [POV-HD],93.0,,videos,https://i.ytimg.com/vi/eJEUwvw-kWI/hqdefault.jpg?sqp=-oaymwEcCNACELwBSFXyq4qpAw4IARUAAIhCGAFwAcABBg==&rs=AOn4CLDTV9hQNCE8oRHXZcYnkwqr59LV5A,Jaime Gabaldoni,external-reference,embed_link_and_summarize_only
Gt4vjJickho,https://www.youtube.com/watch?v=Gt4vjJickho,Rivian R1T 2022 | Primeras Impresiones [POV-HD],1942.0,,videos,https://i.ytimg.com/vi/Gt4vjJickho/hqdefault.jpg?sqp=-oaymwEcCNACELwBSFXyq4qpAw4IARUAAIhCGAFwAcABBg==&rs=AOn4CLBcFnsm1F-Nu-NB-2ncc9xVmoQBQg,Jaime Gabaldoni,external-reference,embed_link_and_summarize_only
xRK7IqHbuBc,https://www.youtube.com/watch?v=xRK7IqHbuBc,Rivian R1T 2022 | Encendido [POV-HD],213.0,,videos,https://i.ytimg.com/vi/xRK7IqHbuBc/hqdefault.jpg?sqp=-oaymwEcCNACELwBSFXyq4qpAw4IARUAAIhCGAFwAcABBg==&rs=AOn4CLCLLZQTE-4du5doLvnlcgNm6ychjQ,Jaime Gabaldoni,external-reference,embed_link_and_summarize_only
QTxOxvVbtAs,https://www.youtube.com/watch?v=QTxOxvVbtAs,Lexus LX570 3-Row 2021 | Primeras Impresiones [HD-POV],1725.0,,videos,https://i.ytimg.com/vi/QTxOxvVbtAs/hqdefault.jpg?sqp=-oaymwEcCNACELwBSFXyq4qpAw4IARUAAIhCGAFwAcABBg==&rs=AOn4CLBqc7J0b_Yi4ivR9c0GnfetoEq8RA,Jaime Gabaldoni,external-reference,embed_link_and_summarize_only
pdGWxzSBklc,https://www.youtube.com/watch?v=pdGWxzSBklc,Lexus LX570 3-Row 2021 | Encendido [HD-POV],342.0,,videos,https://i.ytimg.com/vi/pdGWxzSBklc/hqdefault.jpg?sqp=-oaymwEcCNACELwBSFXyq4qpAw4IARUAAIhCGAFwAcABBg==&rs=AOn4CLBbjfj8YmOLngl6dGhjWeTHKZqavg,Jaime Gabaldoni,external-reference,embed_link_and_summarize_only
5WvIqLCKw40,https://www.youtube.com/watch?v=5WvIqLCKw40,Aston Martin Vantage F1 Edition 2022 | Primeras Impresiones [POV-HD],1600.0,,videos,https://i.ytimg.com/vi/5WvIqLCKw40/hqdefault.jpg?sqp=-oaymwEcCNACELwBSFXyq4qpAw4IARUAAIhCGAFwAcABBg==&rs=AOn4CLB_nNRs1aR2t_otv-5-r87EBKGLTw,Jaime Gabaldoni,external-reference,embed_link_and_summarize_only
-ouafmpILiw,https://www.youtube.com/watch?v=-ouafmpILiw,Aston Martin Vantage F1 Edition 2022 | Encendido [POV-HD],234.0,,videos,https://i.ytimg.com/vi/-ouafmpILiw/hqdefault.jpg?sqp=-oaymwEcCNACELwBSFXyq4qpAw4IARUAAIhCGAFwAcABBg==&rs=AOn4CLAYq-Pe62xIh-O1EJGkSFoRDZ5fcQ,Jaime Gabaldoni,external-reference,embed_link_and_summarize_only
sYi4NVWOTds,https://www.youtube.com/watch?v=sYi4NVWOTds,Alfonso Albaisa - Entrevista Completa en Español - Septiembre 2021,2607.0,,videos,https://i.ytimg.com/vi/sYi4NVWOTds/hqdefault.jpg?sqp=-oaymwEcCNACELwBSFXyq4qpAw4IARUAAIhCGAFwAcABBg==&rs=AOn4CLDThcKgvnS5oUpJ8UaRa8Hk-DL6tQ,Jaime Gabaldoni,external-reference,embed_link_and_summarize_only
gbMqayGW_ko,https://www.youtube.com/watch?v=gbMqayGW_ko,Kia Carnival 2022 | Primeras Impresiones [POV-HD],1927.0,,videos,https://i.ytimg.com/vi/gbMqayGW_ko/hqdefault.jpg?sqp=-oaymwEcCNACELwBSFXyq4qpAw4IARUAAIhCGAFwAcABBg==&rs=AOn4CLBbB7cd6uj_V3ty3YTzyOjXJaOZYA,Jaime Gabaldoni,external-reference,embed_link_and_summarize_only
UK8ncK2g1lU,https://www.youtube.com/watch?v=UK8ncK2g1lU,Kia Caravan 2022 | Encendido [POV-HD],293.0,,videos,https://i.ytimg.com/vi/UK8ncK2g1lU/hqdefault.jpg?sqp=-oaymwEcCNACELwBSFXyq4qpAw4IARUAAIhCGAFwAcABBg==&rs=AOn4CLA1KBLIGMrle7lBcZgxDOXajh9KxQ,Jaime Gabaldoni,external-reference,embed_link_and_summarize_only
7DZmlEQv_Xk,https://www.youtube.com/watch?v=7DZmlEQv_Xk,Genesis GV70 3.5T 2022 | Primeras Impresiones [POV-HD],1663.0,,videos,https://i.ytimg.com/vi/7DZmlEQv_Xk/hqdefault.jpg?sqp=-oaymwEcCNACELwBSFXyq4qpAw4IARUAAIhCGAFwAcABBg==&rs=AOn4CLADgSfEMXLjTE-XibpnXuzZLWPWxQ,Jaime Gabaldoni,external-reference,embed_link_and_summarize_only
gVlqPaI08-I,https://www.youtube.com/watch?v=gVlqPaI08-I,GMC Yukon AT4 2021 | Primeras Impresiones [POV-HD],1701.0,,videos,https://i.ytimg.com/vi/gVlqPaI08-I/hqdefault.jpg?sqp=-oaymwEcCNACELwBSFXyq4qpAw4IARUAAIhCGAFwAcABBg==&rs=AOn4CLA9oUF8SFDA0ui-ELoRdWu3T4IKVA,Jaime Gabaldoni,external-reference,embed_link_and_summarize_only
zqRZNjEKteg,https://www.youtube.com/watch?v=zqRZNjEKteg,Genesis GV70 3.5T 2022 | Encendido [POV-HD],226.0,,videos,https://i.ytimg.com/vi/zqRZNjEKteg/hqdefault.jpg?sqp=-oaymwEcCNACELwBSFXyq4qpAw4IARUAAIhCGAFwAcABBg==&rs=AOn4CLCADMOxyuaR_bdEELBZumW-ZbJhzQ,Jaime Gabaldoni,external-reference,embed_link_and_summarize_only
4I13x3bbc44,https://www.youtube.com/watch?v=4I13x3bbc44,GMC Yukon AT4 2021 | Encendido [POV-HD],332.0,,videos,https://i.ytimg.com/vi/4I13x3bbc44/hqdefault.jpg?sqp=-oaymwEcCNACELwBSFXyq4qpAw4IARUAAIhCGAFwAcABBg==&rs=AOn4CLAi-Iv1Miv9kUbEywyYB-RXlGVkJA,Jaime Gabaldoni,external-reference,embed_link_and_summarize_only
yyB3JF1EN_0,https://www.youtube.com/watch?v=yyB3JF1EN_0,Ford F-150 Raptor 2021 | ¡Sube el volumen! Manejando por el desierto [OnBoard - POV],106.0,,videos,https://i.ytimg.com/vi/yyB3JF1EN_0/hqdefault.jpg?sqp=-oaymwEcCNACELwBSFXyq4qpAw4IARUAAIhCGAFwAcABBg==&rs=AOn4CLBYHddvPZm1buaCNOveT7AnUpGdnA,Jaime Gabaldoni,external-reference,embed_link_and_summarize_only
9xC95fCjrcI,https://www.youtube.com/watch?v=9xC95fCjrcI,Audi RS e-tron GT 2022 | Primeras Impresiones [POV-HD],1458.0,,videos,https://i.ytimg.com/vi/9xC95fCjrcI/hqdefault.jpg?sqp=-oaymwEcCNACELwBSFXyq4qpAw4IARUAAIhCGAFwAcABBg==&rs=AOn4CLBBrNLjMFw8TuVfZuWnfGX_ZXChkg,Jaime Gabaldoni,external-reference,embed_link_and_summarize_only
xz0vD-_sCgc,https://www.youtube.com/watch?v=xz0vD-_sCgc,Audi RS e-tron GT 2022 | Encendido [POV-HD],163.0,,videos,https://i.ytimg.com/vi/xz0vD-_sCgc/hqdefault.jpg?sqp=-oaymwEcCNACELwBSFXyq4qpAw4IARUAAIhCGAFwAcABBg==&rs=AOn4CLACeyBS5tr2JaQkBD8PBXtqRtMWSw,Jaime Gabaldoni,external-reference,embed_link_and_summarize_only
RRtu95_GuK4,https://www.youtube.com/watch?v=RRtu95_GuK4,Ford F-150 Raptor 2021 | Primeras Impresiones [POV-HD],2261.0,,videos,https://i.ytimg.com/vi/RRtu95_GuK4/hqdefault.jpg?sqp=-oaymwEcCNACELwBSFXyq4qpAw4IARUAAIhCGAFwAcABBg==&rs=AOn4CLAQlqZm1yUY0dQ44sAUbH8ol8T9cQ,Jaime Gabaldoni,external-reference,embed_link_and_summarize_only
26SsRtCvnJI,https://www.youtube.com/watch?v=26SsRtCvnJI,Ford F-150 Raptor 2021 | Encendido [POV-HD],277.0,,videos,https://i.ytimg.com/vi/26SsRtCvnJI/hqdefault.jpg?sqp=-oaymwEcCNACELwBSFXyq4qpAw4IARUAAIhCGAFwAcABBg==&rs=AOn4CLAcCypsMeiqtyk_45B1cdnEFlc5OQ,Jaime Gabaldoni,external-reference,embed_link_and_summarize_only
70JJxjXObjM,https://www.youtube.com/watch?v=70JJxjXObjM,Ford Bronco 4-Door Black Diamond 2021 | Primeras Impresiones [POV-HD],2151.0,,videos,https://i.ytimg.com/vi/70JJxjXObjM/hqdefault.jpg?sqp=-oaymwEcCNACELwBSFXyq4qpAw4IARUAAIhCGAFwAcABBg==&rs=AOn4CLAuH14qa4DTdwaumLWTVS0b4tYGWg,Jaime Gabaldoni,external-reference,embed_link_and_summarize_only
8uccUQ61Se0,https://www.youtube.com/watch?v=8uccUQ61Se0,Preguntas y Respuestas en Vivo | Agosto 2021,2406.0,,videos,https://i.ytimg.com/vi/8uccUQ61Se0/hqdefault.jpg?sqp=-oaymwEcCNACELwBSFXyq4qpAw4IARUAAIhCGAFwAcABBg==&rs=AOn4CLBbcR-3LLT7CGNQLv20UzByDR0YKw,Jaime Gabaldoni,external-reference,embed_link_and_summarize_only
8GLK15kRk9o,https://www.youtube.com/watch?v=8GLK15kRk9o,Ford Bronco 4-Door Black Diamond 2021 | Encendido [POV-HD],242.0,,videos,https://i.ytimg.com/vi/8GLK15kRk9o/hqdefault.jpg?sqp=-oaymwEcCNACELwBSFXyq4qpAw4IARUAAIhCGAFwAcABBg==&rs=AOn4CLAFKroXmVtra5zsHIfvwv26v-YI4A,Jaime Gabaldoni,external-reference,embed_link_and_summarize_only
teV4M_yV-68,https://www.youtube.com/watch?v=teV4M_yV-68,Audi RS5 Coupe 2021 | Primeras Impresiones [POV-HD],1875.0,,videos,https://i.ytimg.com/vi/teV4M_yV-68/hqdefault.jpg?sqp=-oaymwEcCNACELwBSFXyq4qpAw4IARUAAIhCGAFwAcABBg==&rs=AOn4CLBoHVzNfe7a1OVzeTqXJQd_MeSxnw,Jaime Gabaldoni,external-reference,embed_link_and_summarize_only
1K42AQ-Ccy8,https://www.youtube.com/watch?v=1K42AQ-Ccy8,Ford F-150 Raptor 2021 | Manejando por el Desierto [OnBoard POV],137.0,,videos,https://i.ytimg.com/vi/1K42AQ-Ccy8/hqdefault.jpg?sqp=-oaymwEcCNACELwBSFXyq4qpAw4IARUAAIhCGAFwAcABBg==&rs=AOn4CLAQQqRkKX8MnC6BXW-exz5Qnmq-Tw,Jaime Gabaldoni,external-reference,embed_link_and_summarize_only
ASmpUdCS4WU,https://www.youtube.com/watch?v=ASmpUdCS4WU,Audi RS5 Coupe 2021 | Encendido [POV-HD],218.0,,videos,https://i.ytimg.com/vi/ASmpUdCS4WU/hqdefault.jpg?sqp=-oaymwEcCNACELwBSFXyq4qpAw4IARUAAIhCGAFwAcABBg==&rs=AOn4CLDzo0foNyyx4oN2V-TyFkgDjGHkiQ,Jaime Gabaldoni,external-reference,embed_link_and_summarize_only
W2fnBIlAWmY,https://www.youtube.com/watch?v=W2fnBIlAWmY,Indian Chief Bobber Dark Horse 2022 | Primeras Impresiones [POV-HD],1191.0,,videos,https://i.ytimg.com/vi/W2fnBIlAWmY/hqdefault.jpg?sqp=-oaymwEcCNACELwBSFXyq4qpAw4IARUAAIhCGAFwAcABBg==&rs=AOn4CLDWKvd5L92bNL8xWzueVht54TH_rg,Jaime Gabaldoni,external-reference,embed_link_and_summarize_only
kk94SFVQ0PY,https://www.youtube.com/watch?v=kk94SFVQ0PY,Indian Chief Bobber Dark Horse 2022 | POV [HD],97.0,,videos,https://i.ytimg.com/vi/kk94SFVQ0PY/hqdefault.jpg?sqp=-oaymwEcCNACELwBSFXyq4qpAw4IARUAAIhCGAFwAcABBg==&rs=AOn4CLD_jFy9LnL62itSA5KS_pVO-h6Vgg,Jaime Gabaldoni,external-reference,embed_link_and_summarize_only
_pA-w_Ide2o,https://www.youtube.com/watch?v=_pA-w_Ide2o,Mazda CX30 Turbo Premium Plus 2021 | Primeras Impresiones [POV-HD],1490.0,,videos,https://i.ytimg.com/vi/_pA-w_Ide2o/hqdefault.jpg?sqp=-oaymwEcCNACELwBSFXyq4qpAw4IARUAAIhCGAFwAcABBg==&rs=AOn4CLALrIsTxR5bdW3yK-GJ8brm6moUOA,Jaime Gabaldoni,external-reference,embed_link_and_summarize_only
hY_QKKtRzc4,https://www.youtube.com/watch?v=hY_QKKtRzc4,En Vivo: Hyundai Elantra N 2022,3661.0,,videos,https://i.ytimg.com/vi/hY_QKKtRzc4/hqdefault.jpg?sqp=-oaymwEcCNACELwBSFXyq4qpAw4IARUAAIhCGAFwAcABBg==&rs=AOn4CLBzeruqP192thi_-7W_hoLNuyu0vA,Jaime Gabaldoni,external-reference,embed_link_and_summarize_only
ptM4kouNHUw,https://www.youtube.com/watch?v=ptM4kouNHUw,Mazda CX30 Turbo Premium Plus 2021 | POV [HD],260.0,,videos,https://i.ytimg.com/vi/ptM4kouNHUw/hqdefault.jpg?sqp=-oaymwEcCNACELwBSFXyq4qpAw4IARUAAIhCGAFwAcABBg==&rs=AOn4CLDqm-SHaIHdirSN-PWnn9HmPOu7uA,Jaime Gabaldoni,external-reference,embed_link_and_summarize_only
8LPEmnye-64,https://www.youtube.com/watch?v=8LPEmnye-64,Genesis G70 RWD 3.3T Sport Prestige 2022 | Primeras Impresiones [HD],1602.0,,videos,https://i.ytimg.com/vi/8LPEmnye-64/hqdefault.jpg?sqp=-oaymwEcCNACELwBSFXyq4qpAw4IARUAAIhCGAFwAcABBg==&rs=AOn4CLDsu83c6JCNTsAtAyW8TpQxlAW3_Q,Jaime Gabaldoni,external-reference,embed_link_and_summarize_only
sAKNDd-mkXw,https://www.youtube.com/watch?v=sAKNDd-mkXw,Genesis G70 RWD 3.3T Sport Prestige 2022 | POV [HD],188.0,,videos,https://i.ytimg.com/vi/sAKNDd-mkXw/hqdefault.jpg?sqp=-oaymwEcCNACELwBSFXyq4qpAw4IARUAAIhCGAFwAcABBg==&rs=AOn4CLC-nXidggm9FaFG9XbLQDKv2o6OXg,Jaime Gabaldoni,external-reference,embed_link_and_summarize_only
5TLRbAZY_so,https://www.youtube.com/watch?v=5TLRbAZY_so,Nissan Frontier / Navara / P300 Pro-4X Crew Cab 2022 | Primeras Impresiones [POV-HD],1422.0,,videos,https://i.ytimg.com/vi/5TLRbAZY_so/hqdefault.jpg?sqp=-oaymwEcCNACELwBSFXyq4qpAw4IARUAAIhCGAFwAcABBg==&rs=AOn4CLCoZ4rIDfx-nvOFb5VmBBOZje4ZhA,Jaime Gabaldoni,external-reference,embed_link_and_summarize_only
NUMVfsHdq_o,https://www.youtube.com/watch?v=NUMVfsHdq_o,Nissan Frontier Pro-4X Crew Cab 2022 | POV [HD],260.0,,videos,https://i.ytimg.com/vi/NUMVfsHdq_o/hqdefault.jpg?sqp=-oaymwEcCNACELwBSFXyq4qpAw4IARUAAIhCGAFwAcABBg==&rs=AOn4CLDuqjo0IoXi6rd0Hb-0XEcQB3t1mw,Jaime Gabaldoni,external-reference,embed_link_and_summarize_only
hLuzaF-JpwM,https://www.youtube.com/watch?v=hLuzaF-JpwM,Jeep Grand Cherokee L 2021 | Primeras Impresiones [POV-HD],2021.0,,videos,https://i.ytimg.com/vi/hLuzaF-JpwM/hqdefault.jpg?sqp=-oaymwEcCNACELwBSFXyq4qpAw4IARUAAIhCGAFwAcABBg==&rs=AOn4CLDKCuu04akz3ngL0dv2usXS77uuHQ,Jaime Gabaldoni,external-reference,embed_link_and_summarize_only
1BLS0cQP-vI,https://www.youtube.com/watch?v=1BLS0cQP-vI,Jeep Grand Cherokee L 2021 POV [HD],364.0,,videos,https://i.ytimg.com/vi/1BLS0cQP-vI/hqdefault.jpg?sqp=-oaymwEcCNACELwBSFXyq4qpAw4IARUAAIhCGAFwAcABBg==&rs=AOn4CLBniaY4WgE-WYUOcOX9lhhbpEKh9Q,Jaime Gabaldoni,external-reference,embed_link_and_summarize_only
bsno5GrVfO0,https://www.youtube.com/watch?v=bsno5GrVfO0,Mercedes-Benz E450 All-Terrain Wagon 2021 | Primeras Impresiones [POV-HD],1778.0,,videos,https://i.ytimg.com/vi/bsno5GrVfO0/hqdefault.jpg?sqp=-oaymwEcCNACELwBSFXyq4qpAw4IARUAAIhCGAFwAcABBg==&rs=AOn4CLAJAx9l9QEM3UuAFZBR0OoP4NkdJw,Jaime Gabaldoni,external-reference,embed_link_and_summarize_only
g8UDjwukHrs,https://www.youtube.com/watch?v=g8UDjwukHrs,Mercedes-Benz E450 All-Terrain Wagon 2021 | POV [HD],261.0,,videos,https://i.ytimg.com/vi/g8UDjwukHrs/hqdefault.jpg?sqp=-oaymwEcCNACELwBSFXyq4qpAw4IARUAAIhCGAFwAcABBg==&rs=AOn4CLDnRk4LTaDili1Ki0crqJUQFsYlVg,Jaime Gabaldoni,external-reference,embed_link_and_summarize_only
qaT6hwn892g,https://www.youtube.com/watch?v=qaT6hwn892g,Lexus RC F 2021 | Primeras Impresiones [POV-HD],1846.0,,videos,https://i.ytimg.com/vi/qaT6hwn892g/hqdefault.jpg?sqp=-oaymwEcCNACELwBSFXyq4qpAw4IARUAAIhCGAFwAcABBg==&rs=AOn4CLBlQiRNcsCtWVvyONece7eJRVk8VQ,Jaime Gabaldoni,external-reference,embed_link_and_summarize_only
l8inARu7m1E,https://www.youtube.com/watch?v=l8inARu7m1E,Lexus RC F 2021 | POV [HD],227.0,,videos,https://i.ytimg.com/vi/l8inARu7m1E/hqdefault.jpg?sqp=-oaymwEcCNACELwBSFXyq4qpAw4IARUAAIhCGAFwAcABBg==&rs=AOn4CLBAwK9OT-Dr6gPjO7Q29_DpRYrQsA,Jaime Gabaldoni,external-reference,embed_link_and_summarize_only
-QCY_gjXiGg,https://www.youtube.com/watch?v=-QCY_gjXiGg,Jaguar XF P300 R-Dynamic AWD 2021 | Primeras Impresiones [POV-HD],1629.0,,videos,https://i.ytimg.com/vi/-QCY_gjXiGg/hqdefault.jpg?sqp=-oaymwEcCNACELwBSFXyq4qpAw4IARUAAIhCGAFwAcABBg==&rs=AOn4CLAmx-B6mdNff_AwkK5I6v5_KQigXA,Jaime Gabaldoni,external-reference,embed_link_and_summarize_only
5431SYl-vzQ,https://www.youtube.com/watch?v=5431SYl-vzQ,Jaguar XF P300 R-Dynamic AWD 2021 | POV [HD],261.0,,videos,https://i.ytimg.com/vi/5431SYl-vzQ/hqdefault.jpg?sqp=-oaymwEcCNACELwBSFXyq4qpAw4IARUAAIhCGAFwAcABBg==&rs=AOn4CLAKdQ9UgqPisZ6TJIaKjlPbkkD2mw,Jaime Gabaldoni,external-reference,embed_link_and_summarize_only
NAHkwxk2CeY,https://www.youtube.com/watch?v=NAHkwxk2CeY,Kia Niro 2022 | Primeras Impresiones [POV-HD],2222.0,,videos,https://i.ytimg.com/vi/NAHkwxk2CeY/hqdefault.jpg?sqp=-oaymwEcCNACELwBSFXyq4qpAw4IARUAAIhCGAFwAcABBg==&rs=AOn4CLBkplQ4UZWBYNFwLzHAqhNyz-1lCw,Jaime Gabaldoni,external-reference,embed_link_and_summarize_only
c9J0H8oMYUo,https://www.youtube.com/watch?v=c9J0H8oMYUo,Kia Niro Hybrid 2022 | POV [HD],201.0,,videos,https://i.ytimg.com/vi/c9J0H8oMYUo/hqdefault.jpg?sqp=-oaymwEcCNACELwBSFXyq4qpAw4IARUAAIhCGAFwAcABBg==&rs=AOn4CLDFFEBXCW_ObP8VEsQ6ALWSZ0Qm7g,Jaime Gabaldoni,external-reference,embed_link_and_summarize_only
LmSN-Vffxbc,https://www.youtube.com/watch?v=LmSN-Vffxbc,Mazda Mazda3 2.5 T Sedan 2021 | Primeras Impresiones [POV-HD],1484.0,,videos,https://i.ytimg.com/vi/LmSN-Vffxbc/hqdefault.jpg?sqp=-oaymwEcCNACELwBSFXyq4qpAw4IARUAAIhCGAFwAcABBg==&rs=AOn4CLDuaRyVTkyAh1vcxfzY1GCpjaz7og,Jaime Gabaldoni,external-reference,embed_link_and_summarize_only
5ZeNhh0UYhg,https://www.youtube.com/watch?v=5ZeNhh0UYhg,Mazda Mazda3 2.5 Turbo Sedan AWD 2021 | POV [HD],211.0,,videos,https://i.ytimg.com/vi/5ZeNhh0UYhg/hqdefault.jpg?sqp=-oaymwEcCNACELwBSFXyq4qpAw4IARUAAIhCGAFwAcABBg==&rs=AOn4CLBOZJM-qLMTVSjHKLYDzgMM5VoIAQ,Jaime Gabaldoni,external-reference,embed_link_and_summarize_only
zh5SPD9Gg3A,https://www.youtube.com/watch?v=zh5SPD9Gg3A,Bentley Continental GTC V8 Mulliner 2022 | Primeras Impresiones [POV-HD],2282.0,,videos,https://i.ytimg.com/vi/zh5SPD9Gg3A/hqdefault.jpg?sqp=-oaymwEcCNACELwBSFXyq4qpAw4IARUAAIhCGAFwAcABBg==&rs=AOn4CLClMqYMJhK7Swa8HBsYPFVxaL3vLA,Jaime Gabaldoni,external-reference,embed_link_and_summarize_only
Kw4wROXVsKA,https://www.youtube.com/watch?v=Kw4wROXVsKA,Bentley Continental GTC V8 Mulliner 2022 | POV [HD],268.0,,videos,https://i.ytimg.com/vi/Kw4wROXVsKA/hqdefault.jpg?sqp=-oaymwEcCNACELwBSFXyq4qpAw4IARUAAIhCGAFwAcABBg==&rs=AOn4CLDsMeEzZ5INNeuqfIb-jf4dXGE8kA,Jaime Gabaldoni,external-reference,embed_link_and_summarize_only
k3YZ-4_nqag,https://www.youtube.com/watch?v=k3YZ-4_nqag,Nissan Pathfinder Platinum 2022 | Primeras Impresiones [POV-HD],1407.0,,videos,https://i.ytimg.com/vi/k3YZ-4_nqag/hqdefault.jpg?sqp=-oaymwEcCNACELwBSFXyq4qpAw4IARUAAIhCGAFwAcABBg==&rs=AOn4CLD8cwMg-36-eujZ2NACgGJPWxm6JA,Jaime Gabaldoni,external-reference,embed_link_and_summarize_only
wE2YM0h0_qw,https://www.youtube.com/watch?v=wE2YM0h0_qw,Nissan Pathfinder Platinum 2022 | POV [HD],343.0,,videos,https://i.ytimg.com/vi/wE2YM0h0_qw/hqdefault.jpg?sqp=-oaymwEcCNACELwBSFXyq4qpAw4IARUAAIhCGAFwAcABBg==&rs=AOn4CLBR6ICwGrWu9xrfVP7CCUwdI1V7cQ,Jaime Gabaldoni,external-reference,embed_link_and_summarize_only
89LO10EIL4Q,https://www.youtube.com/watch?v=89LO10EIL4Q,Ford Mustang Shelby GT350R | Primeras Impresiones [POV-HD],1440.0,,videos,https://i.ytimg.com/vi/89LO10EIL4Q/hqdefault.jpg?sqp=-oaymwEcCNACELwBSFXyq4qpAw4IARUAAIhCGAFwAcABBg==&rs=AOn4CLDkCnDCIz0DuEnEcIoiWyPhwKEosQ,Jaime Gabaldoni,external-reference,embed_link_and_summarize_only
_jQ7B53l1qM,https://www.youtube.com/watch?v=_jQ7B53l1qM,Ford Mustang Shelby GT350R | POV [HD],256.0,,videos,https://i.ytimg.com/vi/_jQ7B53l1qM/hqdefault.jpg?sqp=-oaymwEcCNACELwBSFXyq4qpAw4IARUAAIhCGAFwAcABBg==&rs=AOn4CLBCv_ggEMKu0oeq4JjOuPleniVzXA,Jaime Gabaldoni,external-reference,embed_link_and_summarize_only
ohwykj_WFS8,https://www.youtube.com/watch?v=ohwykj_WFS8,Honda Civic Touring 2022 | Primeras Impresioes [POV-HD],1336.0,,videos,https://i.ytimg.com/vi/ohwykj_WFS8/hqdefault.jpg?sqp=-oaymwEcCNACELwBSFXyq4qpAw4IARUAAIhCGAFwAcABBg==&rs=AOn4CLD9h-D0M_QnfH0F14W4wexZhHSJ-w,Jaime Gabaldoni,external-reference,embed_link_and_summarize_only
BDw-63XX9Kw,https://www.youtube.com/watch?v=BDw-63XX9Kw,Honda Civic Touring 2022 | POV [HD],225.0,,videos,https://i.ytimg.com/vi/BDw-63XX9Kw/hqdefault.jpg?sqp=-oaymwEcCNACELwBSFXyq4qpAw4IARUAAIhCGAFwAcABBg==&rs=AOn4CLD3gDzSSr3GqjvU6db3tPb7arkLKA,Jaime Gabaldoni,external-reference,embed_link_and_summarize_only
0PaCz6kajYw,https://www.youtube.com/watch?v=0PaCz6kajYw,Aston Martin DBX 2021 | Primeras Impresiones [POV-HD],1690.0,,videos,https://i.ytimg.com/vi/0PaCz6kajYw/hqdefault.jpg?sqp=-oaymwEcCNACELwBSFXyq4qpAw4IARUAAIhCGAFwAcABBg==&rs=AOn4CLBW-ndXTxOytzItkOsNk9zyQts6MA,Jaime Gabaldoni,external-reference,embed_link_and_summarize_only
00LTcQFwBZQ,https://www.youtube.com/watch?v=00LTcQFwBZQ,Aston Martin DBX 2021 | POV [HD],322.0,,videos,https://i.ytimg.com/vi/00LTcQFwBZQ/hqdefault.jpg?sqp=-oaymwEcCNACELwBSFXyq4qpAw4IARUAAIhCGAFwAcABBg==&rs=AOn4CLA8YnydNx4hSxSzMSuUAEMIaglyEg,Jaime Gabaldoni,external-reference,embed_link_and_summarize_only
2IVXvlQkYqY,https://www.youtube.com/watch?v=2IVXvlQkYqY,Audi Q5 Sportback 2021 | Primeras Impresiones [POV-HD],1462.0,,videos,https://i.ytimg.com/vi/2IVXvlQkYqY/hqdefault.jpg?sqp=-oaymwEcCNACELwBSFXyq4qpAw4IARUAAIhCGAFwAcABBg==&rs=AOn4CLAesC_bRTapD9n5mNWFNbVbdRt82g,Jaime Gabaldoni,external-reference,embed_link_and_summarize_only
ZDZF1qnrl-U,https://www.youtube.com/watch?v=ZDZF1qnrl-U,Audi Q5 Sportback 45 TFSI Prestige 2021 | POV [HD],270.0,,videos,https://i.ytimg.com/vi/ZDZF1qnrl-U/hqdefault.jpg?sqp=-oaymwEcCNACELwBSFXyq4qpAw4IARUAAIhCGAFwAcABBg==&rs=AOn4CLBqf7TyfDCQfSn723EB1u9-g-D-zg,Jaime Gabaldoni,external-reference,embed_link_and_summarize_only
NeQxVDZaq5w,https://www.youtube.com/watch?v=NeQxVDZaq5w,Horacio Pagani - Entrevista en Español - Junio 2021 (sin editar),4895.0,,videos,https://i.ytimg.com/vi/NeQxVDZaq5w/hqdefault.jpg?sqp=-oaymwEcCNACELwBSFXyq4qpAw4IARUAAIhCGAFwAcABBg==&rs=AOn4CLAiWwQlfHKHwEnoE5ZB4Gg2p4ArKw,Jaime Gabaldoni,external-reference,embed_link_and_summarize_only
t8OY588jmqI,https://www.youtube.com/watch?v=t8OY588jmqI,Jeep Wrangler 4xe Unlimited Rubicon 2021 | Primeras Impresiones [POV-HD],1505.0,,videos,https://i.ytimg.com/vi/t8OY588jmqI/hqdefault.jpg?sqp=-oaymwEcCNACELwBSFXyq4qpAw4IARUAAIhCGAFwAcABBg==&rs=AOn4CLCe66vejMpP9rKH79gAywn1-gn6oA,Jaime Gabaldoni,external-reference,embed_link_and_summarize_only
uCc2av21EQ4,https://www.youtube.com/watch?v=uCc2av21EQ4,Jeep Wrangler 4xe Unlimited Rubicon 2021 | POV [HD],218.0,,videos,https://i.ytimg.com/vi/uCc2av21EQ4/hqdefault.jpg?sqp=-oaymwEcCNACELwBSFXyq4qpAw4IARUAAIhCGAFwAcABBg==&rs=AOn4CLAmqJWM5nSc-h1HYK2yIPZcKWT3kQ,Jaime Gabaldoni,external-reference,embed_link_and_summarize_only
Er4oGVy3q4E,https://www.youtube.com/watch?v=Er4oGVy3q4E,Cadillac CT4 Premium Luxury RWD 2021 | Primeras Impresiones [POV-HD],1790.0,,videos,https://i.ytimg.com/vi/Er4oGVy3q4E/hqdefault.jpg?sqp=-oaymwEcCNACELwBSFXyq4qpAw4IARUAAIhCGAFwAcABBg==&rs=AOn4CLB_h2kL9BRwIL5J62-JvhmSUceQwA,Jaime Gabaldoni,external-reference,embed_link_and_summarize_only
WKyET4oEzps,https://www.youtube.com/watch?v=WKyET4oEzps,Cadillac CT4 Premium Luxury RWD 2021 | |POV [HD],258.0,,videos,https://i.ytimg.com/vi/WKyET4oEzps/hqdefault.jpg?sqp=-oaymwEcCNACELwBSFXyq4qpAw4IARUAAIhCGAFwAcABBg==&rs=AOn4CLAIzkGgWHwT1foI43tIO0kmbupx3A,Jaime Gabaldoni,external-reference,embed_link_and_summarize_only
wUlsi0b9PCc,https://www.youtube.com/watch?v=wUlsi0b9PCc,Nissan Altima 2.0 SR 2021 | Primeras Impresiones [POV-HD],1489.0,,videos,https://i.ytimg.com/vi/wUlsi0b9PCc/hqdefault.jpg?sqp=-oaymwEcCNACELwBSFXyq4qpAw4IARUAAIhCGAFwAcABBg==&rs=AOn4CLBjsUvf_AncThVCvJcKfNAFwouyxw,Jaime Gabaldoni,external-reference,embed_link_and_summarize_only
Nc89kxocofw,https://www.youtube.com/watch?v=Nc89kxocofw,Nissan Altima 2.0 SR 2021 | POV [HD],188.0,,videos,https://i.ytimg.com/vi/Nc89kxocofw/hqdefault.jpg?sqp=-oaymwEcCNACELwBSFXyq4qpAw4IARUAAIhCGAFwAcABBg==&rs=AOn4CLAQ9SnUbYRcqnnwnj8G-Eytp0UOXw,Jaime Gabaldoni,external-reference,embed_link_and_summarize_only
Wtjp0De-Qbg,https://www.youtube.com/watch?v=Wtjp0De-Qbg,Pagani Huayra Roadster BC | Primeras Impresiones [POV-HD],1997.0,,videos,https://i.ytimg.com/vi/Wtjp0De-Qbg/hqdefault.jpg?sqp=-oaymwEcCNACELwBSFXyq4qpAw4IARUAAIhCGAFwAcABBg==&rs=AOn4CLCaj7HHbz9Wbtz6Qli4A_23LVaWIw,Jaime Gabaldoni,external-reference,embed_link_and_summarize_only
KEJDR6EfUWM,https://www.youtube.com/watch?v=KEJDR6EfUWM,Pagani Huayra Roadster BC | POV [HD],288.0,,videos,https://i.ytimg.com/vi/KEJDR6EfUWM/hqdefault.jpg?sqp=-oaymwEcCNACELwBSFXyq4qpAw4IARUAAIhCGAFwAcABBg==&rs=AOn4CLDecwo6tgLrC0tt1YH5_Vukp18Qcg,Jaime Gabaldoni,external-reference,embed_link_and_summarize_only
_i-qATH7iF8,https://www.youtube.com/watch?v=_i-qATH7iF8,Volkswagen Jetta GLI S 2021 | Primeras Impresiones [POV-HD],1642.0,,videos,https://i.ytimg.com/vi/_i-qATH7iF8/hqdefault.jpg?sqp=-oaymwEcCNACELwBSFXyq4qpAw4IARUAAIhCGAFwAcABBg==&rs=AOn4CLC1cgacO1_eQUqTC1iTWxhjFuI6IQ,Jaime Gabaldoni,external-reference,embed_link_and_summarize_only
fUHA5RKOG5I,https://www.youtube.com/watch?v=fUHA5RKOG5I,Volkswagen Jetta GLI S 2021 | POV [HD],229.0,,videos,https://i.ytimg.com/vi/fUHA5RKOG5I/hqdefault.jpg?sqp=-oaymwEcCNACELwBSFXyq4qpAw4IARUAAIhCGAFwAcABBg==&rs=AOn4CLA9adsoENuL3atEacQgQTcPBiWQpg,Jaime Gabaldoni,external-reference,embed_link_and_summarize_only
NvNURZMS7fc,https://www.youtube.com/watch?v=NvNURZMS7fc,Sea-Doo RXP-X & RXT-X 300 2021 | Primeras Impresiones [POV-HD],942.0,,videos,https://i.ytimg.com/vi/NvNURZMS7fc/hqdefault.jpg?sqp=-oaymwEcCNACELwBSFXyq4qpAw4IARUAAIhCGAFwAcABBg==&rs=AOn4CLBBw5Sco2cY4hEXybCjQiUGLGly_Q,Jaime Gabaldoni,external-reference,embed_link_and_summarize_only
QRTcHG3WXlU,https://www.youtube.com/watch?v=QRTcHG3WXlU,Sea-Doo RXP-X 300 2021 | POV [HD],240.0,,videos,https://i.ytimg.com/vi/QRTcHG3WXlU/hqdefault.jpg?sqp=-oaymwEcCNACELwBSFXyq4qpAw4IARUAAIhCGAFwAcABBg==&rs=AOn4CLBqghrPlhMyrF75jDvisJvOVo5CDg,Jaime Gabaldoni,external-reference,embed_link_and_summarize_only
vQU3YIX4Q1Y,https://www.youtube.com/watch?v=vQU3YIX4Q1Y,Acura TLX Type S 2021 - Primeras Impresiones [POV-HD],2098.0,,videos,https://i.ytimg.com/vi/vQU3YIX4Q1Y/hqdefault.jpg?sqp=-oaymwEcCNACELwBSFXyq4qpAw4IARUAAIhCGAFwAcABBg==&rs=AOn4CLAtPQiovd2M2LkLwXmw7YY6K_w94g,Jaime Gabaldoni,external-reference,embed_link_and_summarize_only
B46kRwDEODA,https://www.youtube.com/watch?v=B46kRwDEODA,Acura TLX Type S 2021 - POV [HD],244.0,,videos,https://i.ytimg.com/vi/B46kRwDEODA/hqdefault.jpg?sqp=-oaymwEcCNACELwBSFXyq4qpAw4IARUAAIhCGAFwAcABBg==&rs=AOn4CLBRDh88b7IQxTxMP11aaklCpsQZEw,Jaime Gabaldoni,external-reference,embed_link_and_summarize_only
R7T0FRvSxVo,https://www.youtube.com/watch?v=R7T0FRvSxVo,Hyundai Tucson Limited AWD 2022 Primeras Impresiones [HD],1395.0,,videos,https://i.ytimg.com/vi/R7T0FRvSxVo/hqdefault.jpg?sqp=-oaymwEcCNACELwBSFXyq4qpAw4IARUAAIhCGAFwAcABBg==&rs=AOn4CLDyE8QgAELTj3gzMEiSxfwowUx6KQ,Jaime Gabaldoni,external-reference,embed_link_and_summarize_only
xF6_YEW2Bxc,https://www.youtube.com/watch?v=xF6_YEW2Bxc,Hyundai Tucson Limited AWD 2022 [POV - HD],278.0,,videos,https://i.ytimg.com/vi/xF6_YEW2Bxc/hqdefault.jpg?sqp=-oaymwEcCNACELwBSFXyq4qpAw4IARUAAIhCGAFwAcABBg==&rs=AOn4CLDNwtjco5B5szjvB4meUEdtDzreaw,Jaime Gabaldoni,external-reference,embed_link_and_summarize_only
oRmTfSAAJYs,https://www.youtube.com/watch?v=oRmTfSAAJYs,Toyota Sequoia TRD Pro 2021 | Primeras Impresiones [POV-HD],1837.0,,videos,https://i.ytimg.com/vi/oRmTfSAAJYs/hqdefault.jpg?sqp=-oaymwEcCNACELwBSFXyq4qpAw4IARUAAIhCGAFwAcABBg==&rs=AOn4CLCnpwf1-a7gOzasAHRebVzhBQo7FQ,Jaime Gabaldoni,external-reference,embed_link_and_summarize_only
hMezPMHNwao,https://www.youtube.com/watch?v=hMezPMHNwao,Toyota Sequoia TRD Pro 2021 | POV [HD],405.0,,videos,https://i.ytimg.com/vi/hMezPMHNwao/hqdefault.jpg?sqp=-oaymwEcCNACELwBSFXyq4qpAw4IARUAAIhCGAFwAcABBg==&rs=AOn4CLDnxq2Rmo2NURTcrT07YgoMAhhOBw,Jaime Gabaldoni,external-reference,embed_link_and_summarize_only
zg5se2sbVrc,https://www.youtube.com/watch?v=zg5se2sbVrc,Ford Bronco Sport Badlands 2021 | Primeras Impresiones [POV-HD],1707.0,,videos,https://i.ytimg.com/vi/zg5se2sbVrc/hqdefault.jpg?sqp=-oaymwEcCNACELwBSFXyq4qpAw4IARUAAIhCGAFwAcABBg==&rs=AOn4CLCru7a8kN96CJ3SWNzSaHn4wnKBUA,Jaime Gabaldoni,external-reference,embed_link_and_summarize_only
kqcXLeO2mQc,https://www.youtube.com/watch?v=kqcXLeO2mQc,Ford Bronco Sport Badlands 2021 | POV [HD],311.0,,videos,https://i.ytimg.com/vi/kqcXLeO2mQc/hqdefault.jpg?sqp=-oaymwEcCNACELwBSFXyq4qpAw4IARUAAIhCGAFwAcABBg==&rs=AOn4CLBqXv968-6-D0pEjK4L0rDru4kgpg,Jaime Gabaldoni,external-reference,embed_link_and_summarize_only
RWMgt7HFaoM,https://www.youtube.com/watch?v=RWMgt7HFaoM,Acura RSX Type S 2006 | Primeras Impresiones [POV-HD],976.0,,videos,https://i.ytimg.com/vi/RWMgt7HFaoM/hqdefault.jpg?sqp=-oaymwEcCNACELwBSFXyq4qpAw4IARUAAIhCGAFwAcABBg==&rs=AOn4CLBHFnNU43GCdQO_Y6JifdV_riz6eg,Jaime Gabaldoni,external-reference,embed_link_and_summarize_only
069IWSAFKuo,https://www.youtube.com/watch?v=069IWSAFKuo,Acura RSX Type S 2006 | POV [HD],199.0,,videos,https://i.ytimg.com/vi/069IWSAFKuo/hqdefault.jpg?sqp=-oaymwEcCNACELwBSFXyq4qpAw4IARUAAIhCGAFwAcABBg==&rs=AOn4CLAMz-86NRm4Ts9Vubvfiur2bS_zmg,Jaime Gabaldoni,external-reference,embed_link_and_summarize_only
KeKBcZMKoBs,https://www.youtube.com/watch?v=KeKBcZMKoBs,Mazda Mazda6 2021 | Primeras Impresiones [POV-HD],1875.0,,videos,https://i.ytimg.com/vi/KeKBcZMKoBs/hqdefault.jpg?sqp=-oaymwEcCNACELwBSFXyq4qpAw4IARUAAIhCGAFwAcABBg==&rs=AOn4CLB0Ers3cTk74cUIBXAgWR6ODLZ3_g,Jaime Gabaldoni,external-reference,embed_link_and_summarize_only
-LBlgpcDg5Q,https://www.youtube.com/watch?v=-LBlgpcDg5Q,Mazda Mazda6 Signature 2021 | POV [HD],290.0,,videos,https://i.ytimg.com/vi/-LBlgpcDg5Q/hqdefault.jpg?sqp=-oaymwEcCNACELwBSFXyq4qpAw4IARUAAIhCGAFwAcABBg==&rs=AOn4CLDZOnknIDD5ywW8zTvRdwBiiCUTbA,Jaime Gabaldoni,external-reference,embed_link_and_summarize_only
yC1RMZjDu5c,https://www.youtube.com/watch?v=yC1RMZjDu5c,Cadillac CT6 2.0T 2016 | Detalles [POV- HD],1424.0,,videos,https://i.ytimg.com/vi/yC1RMZjDu5c/hqdefault.jpg?sqp=-oaymwEcCNACELwBSFXyq4qpAw4IARUAAIhCGAFwAcABBg==&rs=AOn4CLDXfGzSjgXb4P1-TufuuPGcUJLSGw,Jaime Gabaldoni,external-reference,embed_link_and_summarize_only
PiD8dAx0ep4,https://www.youtube.com/watch?v=PiD8dAx0ep4,Cadillac CT6 2.0T 2016 | POV [HD],249.0,,videos,https://i.ytimg.com/vi/PiD8dAx0ep4/hqdefault.jpg?sqp=-oaymwEcCNACELwBSFXyq4qpAw4IARUAAIhCGAFwAcABBg==&rs=AOn4CLAKz8NIFRpT5Ssh9OdCyxWLvji-qQ,Jaime Gabaldoni,external-reference,embed_link_and_summarize_only
-BBmeO8_1NA,https://www.youtube.com/watch?v=-BBmeO8_1NA,Toyota Sienna XSE FWD 2021 | Primeras Impresiones [POV-HD],1556.0,,videos,https://i.ytimg.com/vi/-BBmeO8_1NA/hqdefault.jpg?sqp=-oaymwEcCNACELwBSFXyq4qpAw4IARUAAIhCGAFwAcABBg==&rs=AOn4CLDP0IERkTfq0H7Zy3MK9VxGwXBqWQ,Jaime Gabaldoni,external-reference,embed_link_and_summarize_only
6r4469x65zs,https://www.youtube.com/watch?v=6r4469x65zs,Toyota Sienna XSE FWD 2021 | POV [HD],378.0,,videos,https://i.ytimg.com/vi/6r4469x65zs/hqdefault.jpg?sqp=-oaymwEcCNACELwBSFXyq4qpAw4IARUAAIhCGAFwAcABBg==&rs=AOn4CLDfOmrvPOoQVB1NjDBT99c1TFDQ0A,Jaime Gabaldoni,external-reference,embed_link_and_summarize_only
OX1uYh1-qCM,https://www.youtube.com/watch?v=OX1uYh1-qCM,Hyundai Kona Electric 2021 | Primeras Impresiones,1532.0,,videos,https://i.ytimg.com/vi/OX1uYh1-qCM/hqdefault.jpg?sqp=-oaymwEcCNACELwBSFXyq4qpAw4IARUAAIhCGAFwAcABBg==&rs=AOn4CLCV6TC35DtBKVo-xn3Dt2ifaLvQ7Q,Jaime Gabaldoni,external-reference,embed_link_and_summarize_only
WvXUFJ6FXIU,https://www.youtube.com/watch?v=WvXUFJ6FXIU,Hyundai Kona Electric Ultimate 2021 | POV [HD],246.0,,videos,https://i.ytimg.com/vi/WvXUFJ6FXIU/hqdefault.jpg?sqp=-oaymwEcCNACELwBSFXyq4qpAw4IARUAAIhCGAFwAcABBg==&rs=AOn4CLBIV1f6ojKBwpHXhp4esvRNOws_Qg,Jaime Gabaldoni,external-reference,embed_link_and_summarize_only
5Nqi5VOO9Ww,https://www.youtube.com/watch?v=5Nqi5VOO9Ww,Jeep Wrangler 392 (V8) | Primeras Impresiones [POV-HD],1719.0,,videos,https://i.ytimg.com/vi/5Nqi5VOO9Ww/hqdefault.jpg?sqp=-oaymwEcCNACELwBSFXyq4qpAw4IARUAAIhCGAFwAcABBg==&rs=AOn4CLBmc8G8F-lYQb45zMltHbZ9z7tZIg,Jaime Gabaldoni,external-reference,embed_link_and_summarize_only
HWR-VZvDHX0,https://www.youtube.com/watch?v=HWR-VZvDHX0,Jeep Wrangler 392 (V8) | POV [HD],354.0,,videos,https://i.ytimg.com/vi/HWR-VZvDHX0/hqdefault.jpg?sqp=-oaymwEcCNACELwBSFXyq4qpAw4IARUAAIhCGAFwAcABBg==&rs=AOn4CLBjcO8l3LacHep_aWNpH3y7d9tByQ,Jaime Gabaldoni,external-reference,embed_link_and_summarize_only
2qrDkl0jXww,https://www.youtube.com/watch?v=2qrDkl0jXww,Chevrolet Corvette C7 Stingray Z51 2014 | Detalles [POV-HD],1293.0,,videos,https://i.ytimg.com/vi/2qrDkl0jXww/hqdefault.jpg?sqp=-oaymwEcCNACELwBSFXyq4qpAw4IARUAAIhCGAFwAcABBg==&rs=AOn4CLBNIfYkDvpKb5AFZwHUesTor4_Mww,Jaime Gabaldoni,external-reference,embed_link_and_summarize_only
LbS6XQrmybQ,https://www.youtube.com/watch?v=LbS6XQrmybQ,Chevrolet Corvette C7 Stingray Z51 2014 | POV [HD],242.0,,videos,https://i.ytimg.com/vi/LbS6XQrmybQ/hqdefault.jpg?sqp=-oaymwEcCNACELwBSFXyq4qpAw4IARUAAIhCGAFwAcABBg==&rs=AOn4CLAdeBJeBNI5gkAUeHWfvQD7nOkhRA,Jaime Gabaldoni,external-reference,embed_link_and_summarize_only
zdUHu18Sf6U,https://www.youtube.com/watch?v=zdUHu18Sf6U,Kia K5 GT-Line 2021 - Primeras Impresiones [POV-HD],1581.0,,videos,https://i.ytimg.com/vi/zdUHu18Sf6U/hqdefault.jpg?sqp=-oaymwEcCNACELwBSFXyq4qpAw4IARUAAIhCGAFwAcABBg==&rs=AOn4CLCWCN3SrSrhvOgd2h7z33yv7hoL0A,Jaime Gabaldoni,external-reference,embed_link_and_summarize_only
43TQ6bM-aTo,https://www.youtube.com/watch?v=43TQ6bM-aTo,Kia K5 GT-Line 2021 - POV [HD],243.0,,videos,https://i.ytimg.com/vi/43TQ6bM-aTo/hqdefault.jpg?sqp=-oaymwEcCNACELwBSFXyq4qpAw4IARUAAIhCGAFwAcABBg==&rs=AOn4CLAY89173OBdseU17NaYk68vZF6B_w,Jaime Gabaldoni,external-reference,embed_link_and_summarize_only
55SBgnhI_rA,https://www.youtube.com/watch?v=55SBgnhI_rA,Infiniti QX55 2022 | Primeras Impresiones [HD],1671.0,,videos,https://i.ytimg.com/vi/55SBgnhI_rA/hqdefault.jpg?sqp=-oaymwEcCNACELwBSFXyq4qpAw4IARUAAIhCGAFwAcABBg==&rs=AOn4CLCooQjrxWS6lFgVzvI4sLRHwtsNvg,Jaime Gabaldoni,external-reference,embed_link_and_summarize_only
6vKsc3CzZGc,https://www.youtube.com/watch?v=6vKsc3CzZGc,Mercedes-Maybach GLS600 | Recovery Mode,153.0,,videos,https://i.ytimg.com/vi/6vKsc3CzZGc/hqdefault.jpg?sqp=-oaymwEcCNACELwBSFXyq4qpAw4IARUAAIhCGAFwAcABBg==&rs=AOn4CLBNMyXf4swq5BmZqssM5o60E0PH-g,Jaime Gabaldoni,external-reference,embed_link_and_summarize_only
YCPRsNBlGyA,https://www.youtube.com/watch?v=YCPRsNBlGyA,Infiniti QX55 2022 | POV [HD],342.0,,videos,https://i.ytimg.com/vi/YCPRsNBlGyA/hqdefault.jpg?sqp=-oaymwEcCNACELwBSFXyq4qpAw4IARUAAIhCGAFwAcABBg==&rs=AOn4CLBn6rEHgrdHOcRWhskXKmTSD2Qh5Q,Jaime Gabaldoni,external-reference,embed_link_and_summarize_only
h0NIBTDqe98,https://www.youtube.com/watch?v=h0NIBTDqe98,Aston Martin Vantage Roadster 2021 | Primeras Impresiones [HD-POV],1670.0,,videos,https://i.ytimg.com/vi/h0NIBTDqe98/hqdefault.jpg?sqp=-oaymwEcCNACELwBSFXyq4qpAw4IARUAAIhCGAFwAcABBg==&rs=AOn4CLBUTMPJUal9828-E7hENdWi5FCO3Q,Jaime Gabaldoni,external-reference,embed_link_and_summarize_only
2SKIW1F-nCw,https://www.youtube.com/watch?v=2SKIW1F-nCw,Aston Martin Vantage Roadster 2021 | POV [HD],307.0,,videos,https://i.ytimg.com/vi/2SKIW1F-nCw/hqdefault.jpg?sqp=-oaymwEcCNACELwBSFXyq4qpAw4IARUAAIhCGAFwAcABBg==&rs=AOn4CLCxWq08qZr3s7oXL3JH3c5pE6jILg,Jaime Gabaldoni,external-reference,embed_link_and_summarize_only
KF5EA_oEj2c,https://www.youtube.com/watch?v=KF5EA_oEj2c,Mitsubishi Outlander 2022 | Primeras Impresiones [POV-HD],1701.0,,videos,https://i.ytimg.com/vi/KF5EA_oEj2c/hqdefault.jpg?sqp=-oaymwEcCNACELwBSFXyq4qpAw4IARUAAIhCGAFwAcABBg==&rs=AOn4CLDwVzJ-44SSoia9lQIKz92OLcdf4A,Jaime Gabaldoni,external-reference,embed_link_and_summarize_only
JhFUVP2kdFg,https://www.youtube.com/watch?v=JhFUVP2kdFg,Mitsubishi Outlander 2022 | POV [HD],331.0,,videos,https://i.ytimg.com/vi/JhFUVP2kdFg/hqdefault.jpg?sqp=-oaymwEcCNACELwBSFXyq4qpAw4IARUAAIhCGAFwAcABBg==&rs=AOn4CLBWxiDhjZEdTyRsZFcp3iMgikKY9A,Jaime Gabaldoni,external-reference,embed_link_and_summarize_only
ZQiwmqtzP7I,https://www.youtube.com/watch?v=ZQiwmqtzP7I,Bugatti Chiron Pur Sport | Primeras Impresiones [POV-HD],1759.0,,videos,https://i.ytimg.com/vi/ZQiwmqtzP7I/hqdefault.jpg?sqp=-oaymwEcCNACELwBSFXyq4qpAw4IARUAAIhCGAFwAcABBg==&rs=AOn4CLBQMysT_RyHam2VgakVAlniUqlCww,Jaime Gabaldoni,external-reference,embed_link_and_summarize_only
n40BVmktDoM,https://www.youtube.com/watch?v=n40BVmktDoM,Bugatti Chiron Pur Sport | POV [HD],262.0,,videos,https://i.ytimg.com/vi/n40BVmktDoM/hqdefault.jpg?sqp=-oaymwEcCNACELwBSFXyq4qpAw4IARUAAIhCGAFwAcABBg==&rs=AOn4CLB-oFbG3if04DnnY6YOcTuQI-HRZw,Jaime Gabaldoni,external-reference,embed_link_and_summarize_only
7bcwQg2-xrQ,https://www.youtube.com/watch?v=7bcwQg2-xrQ,Polaris Slingshot R 2021 | Primeras Impresiones [POV-HD],1382.0,,videos,https://i.ytimg.com/vi/7bcwQg2-xrQ/hqdefault.jpg?sqp=-oaymwEcCNACELwBSFXyq4qpAw4IARUAAIhCGAFwAcABBg==&rs=AOn4CLA1NMSuqJcUGjv2FSrmBsURv9l7sw,Jaime Gabaldoni,external-reference,embed_link_and_summarize_only
YOZW00d2-XI,https://www.youtube.com/watch?v=YOZW00d2-XI,Polaris Slingshot R 2021 | POV [HD],259.0,,videos,https://i.ytimg.com/vi/YOZW00d2-XI/hqdefault.jpg?sqp=-oaymwEcCNACELwBSFXyq4qpAw4IARUAAIhCGAFwAcABBg==&rs=AOn4CLDpBcjVBb0qibsNHXnxoQCySO_vXg,Jaime Gabaldoni,external-reference,embed_link_and_summarize_only
1G6dX-4Gd-I,https://www.youtube.com/watch?v=1G6dX-4Gd-I,Mercedes-AMG GLE 63s Coupe 2021 | Primeras Impresiones [POV-HD],1631.0,,videos,https://i.ytimg.com/vi/1G6dX-4Gd-I/hqdefault.jpg?sqp=-oaymwEcCNACELwBSFXyq4qpAw4IARUAAIhCGAFwAcABBg==&rs=AOn4CLCG94is23Q2s5mSvvlI6c1v8aDESA,Jaime Gabaldoni,external-reference,embed_link_and_summarize_only
4vgkGBfj3PA,https://www.youtube.com/watch?v=4vgkGBfj3PA,Mercedes-AMG GLE 63s Coupe 2021 | POV [HD],353.0,,videos,https://i.ytimg.com/vi/4vgkGBfj3PA/hqdefault.jpg?sqp=-oaymwEcCNACELwBSFXyq4qpAw4IARUAAIhCGAFwAcABBg==&rs=AOn4CLAM52FMjhl4o5MS4itfRJB4zmWN9A,Jaime Gabaldoni,external-reference,embed_link_and_summarize_only
nTLc9bG1kt0,https://www.youtube.com/watch?v=nTLc9bG1kt0,Lamborghini Huracan EVO RWD Spyder | Primeras Impresiones [POV - HD],1990.0,,videos,https://i.ytimg.com/vi/nTLc9bG1kt0/hqdefault.jpg?sqp=-oaymwEcCNACELwBSFXyq4qpAw4IARUAAIhCGAFwAcABBg==&rs=AOn4CLA5yaIG-Be7LjJGYy6YcxBpgbwJpQ,Jaime Gabaldoni,external-reference,embed_link_and_summarize_only
NOtfOGrJP2Y,https://www.youtube.com/watch?v=NOtfOGrJP2Y,Lamborghini Huracan EVO RWD Spyder | POV [HD],305.0,,videos,https://i.ytimg.com/vi/NOtfOGrJP2Y/hqdefault.jpg?sqp=-oaymwEcCNACELwBSFXyq4qpAw4IARUAAIhCGAFwAcABBg==&rs=AOn4CLAZlKVZTmJpouwrAlIiFGfk_Gd7ow,Jaime Gabaldoni,external-reference,embed_link_and_summarize_only
m0b4yreJml0,https://www.youtube.com/watch?v=m0b4yreJml0,Mazda MX-5 Miata RF Club 2021 | Primeras Impresiones [POV | HD],1687.0,,videos,https://i.ytimg.com/vi/m0b4yreJml0/hqdefault.jpg?sqp=-oaymwEcCNACELwBSFXyq4qpAw4IARUAAIhCGAFwAcABBg==&rs=AOn4CLDaXhiNJW_NrSW7T_U8_0tUr3kJPw,Jaime Gabaldoni,external-reference,embed_link_and_summarize_only
rwzAfpzK1eU,https://www.youtube.com/watch?v=rwzAfpzK1eU,Mazda MX-5 Miata RF Club 2021 | POV [HD],284.0,,videos,https://i.ytimg.com/vi/rwzAfpzK1eU/hqdefault.jpg?sqp=-oaymwEcCNACELwBSFXyq4qpAw4IARUAAIhCGAFwAcABBg==&rs=AOn4CLDAudq7V6ZmGzY9BT_SVKwXD-cSug,Jaime Gabaldoni,external-reference,embed_link_and_summarize_only
u4ZDjn2T9Vg,https://www.youtube.com/watch?v=u4ZDjn2T9Vg,BMW M4 G82 2021 | Primeras Impresiones [POV-HD],2223.0,,videos,https://i.ytimg.com/vi/u4ZDjn2T9Vg/hqdefault.jpg?sqp=-oaymwEcCNACELwBSFXyq4qpAw4IARUAAIhCGAFwAcABBg==&rs=AOn4CLD9kKul84QvSkgBJO1m2Gqf4TVUkQ,Jaime Gabaldoni,external-reference,embed_link_and_summarize_only
B1alyIgqlz4,https://www.youtube.com/watch?v=B1alyIgqlz4,BMW M4 G82 2021 | POV [HD],344.0,,videos,https://i.ytimg.com/vi/B1alyIgqlz4/hqdefault.jpg?sqp=-oaymwEcCNACELwBSFXyq4qpAw4IARUAAIhCGAFwAcABBg==&rs=AOn4CLA4R8GxLQiMCBugKSpvjfRfDdFprA,Jaime Gabaldoni,external-reference,embed_link_and_summarize_only
P7A3_xvcoWI,https://www.youtube.com/watch?v=P7A3_xvcoWI,Cadillac CT5-V 2021 | Primeras Impresiones [POV / HD],2192.0,,videos,https://i.ytimg.com/vi/P7A3_xvcoWI/hqdefault.jpg?sqp=-oaymwEcCNACELwBSFXyq4qpAw4IARUAAIhCGAFwAcABBg==&rs=AOn4CLCRLjmiP6r1fWkKL-IU2faC5LwwTA,Jaime Gabaldoni,external-reference,embed_link_and_summarize_only
TBFKojSJxQY,https://www.youtube.com/watch?v=TBFKojSJxQY,Cadillac CT5-V 2021 | POV [HD],293.0,,videos,https://i.ytimg.com/vi/TBFKojSJxQY/hqdefault.jpg?sqp=-oaymwEcCNACELwBSFXyq4qpAw4IARUAAIhCGAFwAcABBg==&rs=AOn4CLC9vOHjy9YpUkq4_i7ojTR4wn-z_Q,Jaime Gabaldoni,external-reference,embed_link_and_summarize_only
jh8tq9Nykpg,https://www.youtube.com/watch?v=jh8tq9Nykpg,Ford F-150 / Lobo Híbrida 2021 | Primeras Impresiones [POV - HD],2017.0,,videos,https://i.ytimg.com/vi/jh8tq9Nykpg/hqdefault.jpg?sqp=-oaymwEcCNACELwBSFXyq4qpAw4IARUAAIhCGAFwAcABBg==&rs=AOn4CLAjO2ccX-45B-TqKFmIKMqb5GLqeg,Jaime Gabaldoni,external-reference,embed_link_and_summarize_only
-mweyo05w4o,https://www.youtube.com/watch?v=-mweyo05w4o,Ford F-150/Lobo PowerBoost Platinum 2021 | POV [HD],539.0,,videos,https://i.ytimg.com/vi/-mweyo05w4o/hqdefault.jpg?sqp=-oaymwEcCNACELwBSFXyq4qpAw4IARUAAIhCGAFwAcABBg==&rs=AOn4CLBDt6Wlt_Y-Txj0lpEbC0kvB1MTPA,Jaime Gabaldoni,external-reference,embed_link_and_summarize_only
jjT8kSEWZso,https://www.youtube.com/watch?v=jjT8kSEWZso,Lexus GX460 Limited 2021 | Primeras Impresiones [HD],1823.0,,videos,https://i.ytimg.com/vi/jjT8kSEWZso/hqdefault.jpg?sqp=-oaymwEcCNACELwBSFXyq4qpAw4IARUAAIhCGAFwAcABBg==&rs=AOn4CLAudPxfK_-VemNDKWmvJnEXWCX-rg,Jaime Gabaldoni,external-reference,embed_link_and_summarize_only
b6CMh929v0c,https://www.youtube.com/watch?v=b6CMh929v0c,Lexus GX460 Limited 2021 | POV [HD],388.0,,videos,https://i.ytimg.com/vi/b6CMh929v0c/hqdefault.jpg?sqp=-oaymwEcCNACELwBSFXyq4qpAw4IARUAAIhCGAFwAcABBg==&rs=AOn4CLBxwaDUbguXb1_ZcoYxgA3iwoqgUA,Jaime Gabaldoni,external-reference,embed_link_and_summarize_only
tpHVHt8zLUM,https://www.youtube.com/watch?v=tpHVHt8zLUM,Dodge Durango SRT Hellcat 2021 | Primeras Impresiones [HD],2016.0,,videos,https://i.ytimg.com/vi/tpHVHt8zLUM/hqdefault.jpg?sqp=-oaymwEcCNACELwBSFXyq4qpAw4IARUAAIhCGAFwAcABBg==&rs=AOn4CLCx6_MWkUEwrq0fgA8MkN7Irx5PDQ,Jaime Gabaldoni,external-reference,embed_link_and_summarize_only
8HD8OjkeLh8,https://www.youtube.com/watch?v=8HD8OjkeLh8,Dodge Durango SRT Hellcat 2021 | POV [HD],358.0,,videos,https://i.ytimg.com/vi/8HD8OjkeLh8/hqdefault.jpg?sqp=-oaymwEcCNACELwBSFXyq4qpAw4IARUAAIhCGAFwAcABBg==&rs=AOn4CLCG6iO4mfs0qiZUubgHMiMbfEmyHQ,Jaime Gabaldoni,external-reference,embed_link_and_summarize_only
N2R-u6gYEGI,https://www.youtube.com/watch?v=N2R-u6gYEGI,Volkswagen Atlas Cross Sport 2021 | Primeras Impresiones [HD],1482.0,,videos,https://i.ytimg.com/vi/N2R-u6gYEGI/hqdefault.jpg?sqp=-oaymwEcCNACELwBSFXyq4qpAw4IARUAAIhCGAFwAcABBg==&rs=AOn4CLDuUrfhEsQi4MeQ_KQPaLCi94IQeA,Jaime Gabaldoni,external-reference,embed_link_and_summarize_only
_2_0I5vgWfo,https://www.youtube.com/watch?v=_2_0I5vgWfo,Volkswagen Atlas Cross Sport V6 SE R-Line 2021 | POV [HD],299.0,,videos,https://i.ytimg.com/vi/_2_0I5vgWfo/hqdefault.jpg?sqp=-oaymwEcCNACELwBSFXyq4qpAw4IARUAAIhCGAFwAcABBg==&rs=AOn4CLDHatTqGM-Y_c_W1ECv6aXRwURZ1w,Jaime Gabaldoni,external-reference,embed_link_and_summarize_only
QNs2B__0oNg,https://www.youtube.com/watch?v=QNs2B__0oNg,Kia Sorento Hybrid EX 2021 | Primeras Impresiones,1685.0,,videos,https://i.ytimg.com/vi/QNs2B__0oNg/hqdefault.jpg?sqp=-oaymwEcCNACELwBSFXyq4qpAw4IARUAAIhCGAFwAcABBg==&rs=AOn4CLDdWy2unL1WHz1Xm501gk51ECTI0Q,Jaime Gabaldoni,external-reference,embed_link_and_summarize_only
6TB1lmjLSa8,https://www.youtube.com/watch?v=6TB1lmjLSa8,Kia Sorento Hybrid 2021 | POV [HD],351.0,,videos,https://i.ytimg.com/vi/6TB1lmjLSa8/hqdefault.jpg?sqp=-oaymwEcCNACELwBSFXyq4qpAw4IARUAAIhCGAFwAcABBg==&rs=AOn4CLCfC4YPWJlQmKaLGqvJdjGmtkkKHA,Jaime Gabaldoni,external-reference,embed_link_and_summarize_only
gEVlgwzBEvM,https://www.youtube.com/watch?v=gEVlgwzBEvM,Honda Accord Sport 2.0t 2021 | Primeras Impresiones [HD],1342.0,,videos,https://i.ytimg.com/vi/gEVlgwzBEvM/hqdefault.jpg?sqp=-oaymwEcCNACELwBSFXyq4qpAw4IARUAAIhCGAFwAcABBg==&rs=AOn4CLBvG2Xg-s0m2hh2sKySpMKTZz4I-g,Jaime Gabaldoni,external-reference,embed_link_and_summarize_only
ssc8lYb5Ov8,https://www.youtube.com/watch?v=ssc8lYb5Ov8,Honda Accord Sport 2.0t 2021 | POV [HD],248.0,,videos,https://i.ytimg.com/vi/ssc8lYb5Ov8/hqdefault.jpg?sqp=-oaymwEcCNACELwBSFXyq4qpAw4IARUAAIhCGAFwAcABBg==&rs=AOn4CLBSGyKdTZyEULipXaGsjr7fn86hTw,Jaime Gabaldoni,external-reference,embed_link_and_summarize_only
tMWGfioE9Rk,https://www.youtube.com/watch?v=tMWGfioE9Rk,Subaru WRX STi 2021 | Primeras Impresiones POV [HD],1775.0,,videos,https://i.ytimg.com/vi/tMWGfioE9Rk/hqdefault.jpg?sqp=-oaymwEcCNACELwBSFXyq4qpAw4IARUAAIhCGAFwAcABBg==&rs=AOn4CLAuamMM5VxBQgWnhu98xKBks7ygqQ,Jaime Gabaldoni,external-reference,embed_link_and_summarize_only
37up43y7N2M,https://www.youtube.com/watch?v=37up43y7N2M,Subaru WRX STi Limited 2021 | POV [HD],315.0,,videos,https://i.ytimg.com/vi/37up43y7N2M/hqdefault.jpg?sqp=-oaymwEcCNACELwBSFXyq4qpAw4IARUAAIhCGAFwAcABBg==&rs=AOn4CLA8LWKVuvUinqh0R6bHn9qXkIdC9w,Jaime Gabaldoni,external-reference,embed_link_and_summarize_only
FUH2WMC4KYU,https://www.youtube.com/watch?v=FUH2WMC4KYU,Audi SQ5 Premium 3.0 TFSI Quattro | Primeras Impresiones POV [HD],1595.0,,videos,https://i.ytimg.com/vi/FUH2WMC4KYU/hqdefault.jpg?sqp=-oaymwEcCNACELwBSFXyq4qpAw4IARUAAIhCGAFwAcABBg==&rs=AOn4CLC4i2iAdUkgqU2uMPKAFzswSwRXJA,Jaime Gabaldoni,external-reference,embed_link_and_summarize_only
GsYu-w1oDoE,https://www.youtube.com/watch?v=GsYu-w1oDoE,Audi SQ5 2021 | POV [HD],254.0,,videos,https://i.ytimg.com/vi/GsYu-w1oDoE/hqdefault.jpg?sqp=-oaymwEcCNACELwBSFXyq4qpAw4IARUAAIhCGAFwAcABBg==&rs=AOn4CLCjapSab0TVM--gsiopQCCTiba7ng,Jaime Gabaldoni,external-reference,embed_link_and_summarize_only
-bt0IqpZml8,https://www.youtube.com/watch?v=-bt0IqpZml8,Nissan Sentra SR 2021 | POV [HD],285.0,,videos,https://i.ytimg.com/vi/-bt0IqpZml8/hqdefault.jpg?sqp=-oaymwEcCNACELwBSFXyq4qpAw4IARUAAIhCGAFwAcABBg==&rs=AOn4CLB0NDJHv2ByZUFodjOtL1HkXdIsfg,Jaime Gabaldoni,external-reference,embed_link_and_summarize_only
MKPV1xnORJc,https://www.youtube.com/watch?v=MKPV1xnORJc,Nissan Sentra SR 2021 | Primeras Impresiones POV [HD],1275.0,,videos,https://i.ytimg.com/vi/MKPV1xnORJc/hqdefault.jpg?sqp=-oaymwEcCNACELwBSFXyq4qpAw4IARUAAIhCGAFwAcABBg==&rs=AOn4CLAdLj-uadizlBMNK_PzCPc5hB6r3A,Jaime Gabaldoni,external-reference,embed_link_and_summarize_only
y39hHClFZXg,https://www.youtube.com/watch?v=y39hHClFZXg,Acura MDX 2022 | Primeras Impresiones | POV [HD],1221.0,,videos,https://i.ytimg.com/vi/y39hHClFZXg/hqdefault.jpg?sqp=-oaymwEcCNACELwBSFXyq4qpAw4IARUAAIhCGAFwAcABBg==&rs=AOn4CLB_6p_LGdDpG-luwhxCL5I_7j62_Q,Jaime Gabaldoni,external-reference,embed_link_and_summarize_only
eX_L2ftV7Pw,https://www.youtube.com/watch?v=eX_L2ftV7Pw,Ram TRX 2021 | POV [HD],327.0,,videos,https://i.ytimg.com/vi/eX_L2ftV7Pw/hqdefault.jpg?sqp=-oaymwEcCNACELwBSFXyq4qpAw4IARUAAIhCGAFwAcABBg==&rs=AOn4CLCpDw8GmLuP5_Z0hYf4b52vFachKg,Jaime Gabaldoni,external-reference,embed_link_and_summarize_only
TTzA6e6CI3g,https://www.youtube.com/watch?v=TTzA6e6CI3g,Ram 1500 TRX 2021 | Primeras Impresiones POV [HD],1303.0,,videos,https://i.ytimg.com/vi/TTzA6e6CI3g/hqdefault.jpg?sqp=-oaymwEcCNACELwBSFXyq4qpAw4IARUAAIhCGAFwAcABBg==&rs=AOn4CLDP-m82insdl41ZZGVL1PucK3ahSw,Jaime Gabaldoni,external-reference,embed_link_and_summarize_only
qgk-5pD5cmE,https://www.youtube.com/watch?v=qgk-5pD5cmE,Acura MDX A-Spec 2022 | POV [HD],280.0,,videos,https://i.ytimg.com/vi/qgk-5pD5cmE/hqdefault.jpg?sqp=-oaymwEcCNACELwBSFXyq4qpAw4IARUAAIhCGAFwAcABBg==&rs=AOn4CLCtS4gS4_t9I1w-agJ4KkI6weJrBg,Jaime Gabaldoni,external-reference,embed_link_and_summarize_only
8ZjASkrTyB8,https://www.youtube.com/watch?v=8ZjASkrTyB8,Toyota RAV4 Prime XSE 2021 | POV [HD],313.0,,videos,https://i.ytimg.com/vi/8ZjASkrTyB8/hqdefault.jpg?sqp=-oaymwEcCNACELwBSFXyq4qpAw4IARUAAIhCGAFwAcABBg==&rs=AOn4CLAUGyzTqy6-EKfwManraMBfHw3S9g,Jaime Gabaldoni,external-reference,embed_link_and_summarize_only
pmABzToZWco,https://www.youtube.com/watch?v=pmABzToZWco,Hyundai Veloster N 2021 | POV [HD],292.0,,videos,https://i.ytimg.com/vi/pmABzToZWco/hqdefault.jpg?sqp=-oaymwEcCNACELwBSFXyq4qpAw4IARUAAIhCGAFwAcABBg==&rs=AOn4CLATKya0DFGUEPJFgy4sQlkeJ_ym4g,Jaime Gabaldoni,external-reference,embed_link_and_summarize_only
faRYWFp1FJo,https://www.youtube.com/watch?v=faRYWFp1FJo,Toyota RAV4 Prime XSE 2021 | Primeras Impresiones,1000.0,,videos,https://i.ytimg.com/vi/faRYWFp1FJo/hqdefault.jpg?sqp=-oaymwEcCNACELwBSFXyq4qpAw4IARUAAIhCGAFwAcABBg==&rs=AOn4CLDOPLwm3sYnrv0ic98_74rpgDKlcw,Jaime Gabaldoni,external-reference,embed_link_and_summarize_only
IfOX0mxh4Kg,https://www.youtube.com/watch?v=IfOX0mxh4Kg,Hyundai Veloster N 2021 | Primeras impresiones POV [HD],1574.0,,videos,https://i.ytimg.com/vi/IfOX0mxh4Kg/hqdefault.jpg?sqp=-oaymwEcCNACELwBSFXyq4qpAw4IARUAAIhCGAFwAcABBg==&rs=AOn4CLDn-1zA6xNrXYMyGrQD8DNaerk0uA,Jaime Gabaldoni,external-reference,embed_link_and_summarize_only
edfuClceM6A,https://www.youtube.com/watch?v=edfuClceM6A,Una vuelta A Bordo del Lexus ES 300h Ultra Luxury 2021 - POV [HD],690.0,,videos,https://i.ytimg.com/vi/edfuClceM6A/hqdefault.jpg?sqp=-oaymwEcCNACELwBSFXyq4qpAw4IARUAAIhCGAFwAcABBg==&rs=AOn4CLB0YGWLt9DaV5jJF8x-ah8UOqeKAg,Jaime Gabaldoni,external-reference,embed_link_and_summarize_only
_TnqcydWEcw,https://www.youtube.com/watch?v=_TnqcydWEcw,Ford Mustang Mach-E First Edition 2021 | POV [HD],319.0,,videos,https://i.ytimg.com/vi/_TnqcydWEcw/hqdefault.jpg?sqp=-oaymwEcCNACELwBSFXyq4qpAw4IARUAAIhCGAFwAcABBg==&rs=AOn4CLD3JyuijbzoN5QbWnuRjMn3krsPBQ,Jaime Gabaldoni,external-reference,embed_link_and_summarize_only
dB4PPcm0fCo,https://www.youtube.com/watch?v=dB4PPcm0fCo,Lexus ES 300h Ultra Luxury 2021 | POV [HD],289.0,,videos,https://i.ytimg.com/vi/dB4PPcm0fCo/hqdefault.jpg?sqp=-oaymwEcCNACELwBSFXyq4qpAw4IARUAAIhCGAFwAcABBg==&rs=AOn4CLDj6OJYiCR1nMQmg6EmE0s4P77_fw,Jaime Gabaldoni,external-reference,embed_link_and_summarize_only
vRzGQv3v2fQ,https://www.youtube.com/watch?v=vRzGQv3v2fQ,Honda Civic CRX Si 1985 | POV [HD],298.0,,videos,https://i.ytimg.com/vi/vRzGQv3v2fQ/hqdefault.jpg?sqp=-oaymwEcCNACELwBSFXyq4qpAw4IARUAAIhCGAFwAcABBg==&rs=AOn4CLBCb5lvA8KmugXc3TkNT-8PCLjJCg,Jaime Gabaldoni,external-reference,embed_link_and_summarize_only
I9GJq5hfRtI,https://www.youtube.com/watch?v=I9GJq5hfRtI,Mercedes-Maybach GLS 600 2021 | POV [HD],399.0,,videos,https://i.ytimg.com/vi/I9GJq5hfRtI/hqdefault.jpg?sqp=-oaymwEcCNACELwBSFXyq4qpAw4IARUAAIhCGAFwAcABBg==&rs=AOn4CLDgrIY8cion5gKJKfLgNhCCHjnqsQ,Jaime Gabaldoni,external-reference,embed_link_and_summarize_only
ufOMYVr-kGs,https://www.youtube.com/watch?v=ufOMYVr-kGs,Volkswagen Jetta R-Line 2021 | POV [HD],246.0,,videos,https://i.ytimg.com/vi/ufOMYVr-kGs/hqdefault.jpg?sqp=-oaymwEcCNACELwBSFXyq4qpAw4IARUAAIhCGAFwAcABBg==&rs=AOn4CLCcCqRMzPgtmDh60MXayGSix9KtEg,Jaime Gabaldoni,external-reference,embed_link_and_summarize_only
7pB6qkctlH0,https://www.youtube.com/watch?v=7pB6qkctlH0,Honda Prelude Type-SH 1999 | POV [HD],253.0,,videos,https://i.ytimg.com/vi/7pB6qkctlH0/hqdefault.jpg?sqp=-oaymwEcCNACELwBSFXyq4qpAw4IARUAAIhCGAFwAcABBg==&rs=AOn4CLD-D1sgq7bxZfGZI_lY6_mKvLOpMg,Jaime Gabaldoni,external-reference,embed_link_and_summarize_only
0PgWqE7eqRM,https://www.youtube.com/watch?v=0PgWqE7eqRM,Chevrolet Tahoe Z71 2021 | POV [HD],344.0,,videos,https://i.ytimg.com/vi/0PgWqE7eqRM/hqdefault.jpg?sqp=-oaymwEcCNACELwBSFXyq4qpAw4IARUAAIhCGAFwAcABBg==&rs=AOn4CLAb6C7qJTqaP2wkRv7Rc5u7KSPzNA,Jaime Gabaldoni,external-reference,embed_link_and_summarize_only
0SwOgYhIPzI,https://www.youtube.com/watch?v=0SwOgYhIPzI,Volkswagen Arteon SEL R-Line 4MOTION 2021 | POV [HD],245.0,,videos,https://i.ytimg.com/vi/0SwOgYhIPzI/hqdefault.jpg?sqp=-oaymwEcCNACELwBSFXyq4qpAw4IARUAAIhCGAFwAcABBg==&rs=AOn4CLBirCdI_Mv-SLRmMIM1Tj3LUm4WHQ,Jaime Gabaldoni,external-reference,embed_link_and_summarize_only
YitUC_j7ML8,https://www.youtube.com/watch?v=YitUC_j7ML8,Mercedes-Benz E450 4MATIC Cabriolet 2021 | POV [HD],273.0,,videos,https://i.ytimg.com/vi/YitUC_j7ML8/hqdefault.jpg?sqp=-oaymwEcCNACELwBSFXyq4qpAw4IARUAAIhCGAFwAcABBg==&rs=AOn4CLC_yyc2Tidj5bDFwpaLuUkGxnSB6Q,Jaime Gabaldoni,external-reference,embed_link_and_summarize_only
p67ZVCJrLeQ,https://www.youtube.com/watch?v=p67ZVCJrLeQ,Volkswagen ID.4 1st Edition 2021 | POV [HD],221.0,,videos,https://i.ytimg.com/vi/p67ZVCJrLeQ/hqdefault.jpg?sqp=-oaymwEcCNACELwBSFXyq4qpAw4IARUAAIhCGAFwAcABBg==&rs=AOn4CLAlcyq4G5FJ8g8BxLgEerOta93VWw,Jaime Gabaldoni,external-reference,embed_link_and_summarize_only
_lICov4kerU,https://www.youtube.com/watch?v=_lICov4kerU,Toyota Supra 3.0 2021 | POV [HD],259.0,,videos,https://i.ytimg.com/vi/_lICov4kerU/hqdefault.jpg?sqp=-oaymwEcCNACELwBSFXyq4qpAw4IARUAAIhCGAFwAcABBg==&rs=AOn4CLDYAmTkUHV28dUBvxZZBgBdxN_bsw,Jaime Gabaldoni,external-reference,embed_link_and_summarize_only
8yzUxLYBqaM,https://www.youtube.com/watch?v=8yzUxLYBqaM,Nissan Armada / Patrol Platinum 2021 | POV [HD],332.0,,videos,https://i.ytimg.com/vi/8yzUxLYBqaM/hqdefault.jpg?sqp=-oaymwEcCNACELwBSFXyq4qpAw4IARUAAIhCGAFwAcABBg==&rs=AOn4CLAvcSAbxT7m__-jOPMb3OFAat9fUg,Jaime Gabaldoni,external-reference,embed_link_and_summarize_only
488L9j-dphY,https://www.youtube.com/watch?v=488L9j-dphY,Dodge Charger SRT Hellcat Redeye Widebody 2021 | POV [HD],235.0,,videos,https://i.ytimg.com/vi/488L9j-dphY/hqdefault.jpg?sqp=-oaymwEcCNACELwBSFXyq4qpAw4IARUAAIhCGAFwAcABBg==&rs=AOn4CLB5aRdpXK9VBK-tDB7hCswXeuEmNw,Jaime Gabaldoni,external-reference,embed_link_and_summarize_only
6oDe0A716Ig,https://www.youtube.com/watch?v=6oDe0A716Ig,Mazda CX-5 Signature AWD 2021 | POV [HD],195.0,,videos,https://i.ytimg.com/vi/6oDe0A716Ig/hqdefault.jpg?sqp=-oaymwEcCNACELwBSFXyq4qpAw4IARUAAIhCGAFwAcABBg==&rs=AOn4CLASijpuc16sA6SoF7Ey7bXVr7fOhA,Jaime Gabaldoni,external-reference,embed_link_and_summarize_only
HlVCKKzqpD4,https://www.youtube.com/watch?v=HlVCKKzqpD4,Nissan Rogue / X-Trail Platinum 2021 | POV [HD],217.0,,videos,https://i.ytimg.com/vi/HlVCKKzqpD4/hqdefault.jpg?sqp=-oaymwEcCNACELwBSFXyq4qpAw4IARUAAIhCGAFwAcABBg==&rs=AOn4CLCUTKH6dRvs7XU8NmDMpY5qvC8YPA,Jaime Gabaldoni,external-reference,embed_link_and_summarize_only
ADtOv98HfdQ,https://www.youtube.com/watch?v=ADtOv98HfdQ,Volkswagen Atlas / Teramont V6 SEL Premium R-Line 2021 | POV [HD],288.0,,videos,https://i.ytimg.com/vi/ADtOv98HfdQ/hqdefault.jpg?sqp=-oaymwEcCNACELwBSFXyq4qpAw4IARUAAIhCGAFwAcABBg==&rs=AOn4CLCPK0DPdFEKsqZH2JpY60pGdyEUCQ,Jaime Gabaldoni,external-reference,embed_link_and_summarize_only
yzApNz9Qj0A,https://www.youtube.com/watch?v=yzApNz9Qj0A,Toyota Sienna Limited 2021 | POV [HD],241.0,,videos,https://i.ytimg.com/vi/yzApNz9Qj0A/hqdefault.jpg?sqp=-oaymwEcCNACELwBSFXyq4qpAw4IARUAAIhCGAFwAcABBg==&rs=AOn4CLBXKiut3LN2pc3XcVF9aSTe7YJJcw,Jaime Gabaldoni,external-reference,embed_link_and_summarize_only
lKEDQiMzLWI,https://www.youtube.com/watch?v=lKEDQiMzLWI,Lexus NX 300h Sport AWD 2021 | POV [HD],240.0,,videos,https://i.ytimg.com/vi/lKEDQiMzLWI/hqdefault.jpg?sqp=-oaymwEcCNACELwBSFXyq4qpAw4IARUAAIhCGAFwAcABBg==&rs=AOn4CLCckzkwiBv2CZe9E6qbeatQkBz0yQ,Jaime Gabaldoni,external-reference,embed_link_and_summarize_only
W_zA133JCLs,https://www.youtube.com/watch?v=W_zA133JCLs,Cadillac XT6 Sport AWD 2021 | POV [HD],232.0,,videos,https://i.ytimg.com/vi/W_zA133JCLs/hqdefault.jpg?sqp=-oaymwEcCNACELwBSFXyq4qpAw4IARUAAIhCGAFwAcABBg==&rs=AOn4CLBz6d1hrQRwTv9dmLZ8R0Vppt1UDQ,Jaime Gabaldoni,external-reference,embed_link_and_summarize_only
ZJvSF4orVnU,https://www.youtube.com/watch?v=ZJvSF4orVnU,Chevrolet Tahoe RST 2021 | POV [HD],276.0,,videos,https://i.ytimg.com/vi/ZJvSF4orVnU/hqdefault.jpg?sqp=-oaymwEcCNACELwBSFXyq4qpAw4IARUAAIhCGAFwAcABBg==&rs=AOn4CLCVvCwSdoGgVy2eIA3UIG1DPTNZ6A,Jaime Gabaldoni,external-reference,embed_link_and_summarize_only
8Z3--fR42ZU,https://www.youtube.com/watch?v=8Z3--fR42ZU,Audi RS7 Sportback Quattro 2021 | POV [HD],239.0,,videos,https://i.ytimg.com/vi/8Z3--fR42ZU/hqdefault.jpg?sqp=-oaymwEcCNACELwBSFXyq4qpAw4IARUAAIhCGAFwAcABBg==&rs=AOn4CLAjHKUSPjQ7LIeLWakB2w-q6IgyNg,Jaime Gabaldoni,external-reference,embed_link_and_summarize_only
AJChzDUaGz8,https://www.youtube.com/watch?v=AJChzDUaGz8,Ford F150 PowerBoost King Ranch 2021 | POV [HD],263.0,,videos,https://i.ytimg.com/vi/AJChzDUaGz8/hqdefault.jpg?sqp=-oaymwEcCNACELwBSFXyq4qpAw4IARUAAIhCGAFwAcABBg==&rs=AOn4CLCcgynwffBRzPMlKoiOfRyUfsHsrQ,Jaime Gabaldoni,external-reference,embed_link_and_summarize_only
7LtvMP0C6oY,https://www.youtube.com/watch?v=7LtvMP0C6oY,Honda CR-V Touring AWD 2020 | POV [HD],245.0,,videos,https://i.ytimg.com/vi/7LtvMP0C6oY/hqdefault.jpg?sqp=-oaymwEcCNACELwBSFXyq4qpAw4IARUAAIhCGAFwAcABBg==&rs=AOn4CLBpP42TSv7fSdQZcevC1tnC1K8nag,Jaime Gabaldoni,external-reference,embed_link_and_summarize_only
t5DFFRp3eN0,https://www.youtube.com/watch?v=t5DFFRp3eN0,Rolls-Royce Cullinan Black Badge 2020 | POV [HD],260.0,,videos,https://i.ytimg.com/vi/t5DFFRp3eN0/hqdefault.jpg?sqp=-oaymwEcCNACELwBSFXyq4qpAw4IARUAAIhCGAFwAcABBg==&rs=AOn4CLBjP-FZBCge1NvrcINo7Jhr-takNw,Jaime Gabaldoni,external-reference,embed_link_and_summarize_only
nkrBrdfPX74,https://www.youtube.com/watch?v=nkrBrdfPX74,Mazda Mazda3 2.5T AWD 2021 | POV [HD],211.0,,videos,https://i.ytimg.com/vi/nkrBrdfPX74/hqdefault.jpg?sqp=-oaymwEcCNACELwBSFXyq4qpAw4IARUAAIhCGAFwAcABBg==&rs=AOn4CLDAauR-DFIgkjkxmKu6MggMn0PWOw,Jaime Gabaldoni,external-reference,embed_link_and_summarize_only
8qQQfWMV_o0,https://www.youtube.com/watch?v=8qQQfWMV_o0,Toyota Corolla SE 2021 | POV [HD],205.0,,videos,https://i.ytimg.com/vi/8qQQfWMV_o0/hqdefault.jpg?sqp=-oaymwEcCNACELwBSFXyq4qpAw4IARUAAIhCGAFwAcABBg==&rs=AOn4CLCodqCcxSmhGmmenx3dVgEwo-Ri8w,Jaime Gabaldoni,external-reference,embed_link_and_summarize_only
qhcXAPRsQLY,https://www.youtube.com/watch?v=qhcXAPRsQLY,[HD] Rolls-Royce Ghost 2021 | Iluminacion,64.0,,videos,https://i.ytimg.com/vi/qhcXAPRsQLY/hqdefault.jpg?sqp=-oaymwEcCNACELwBSFXyq4qpAw4IARUAAIhCGAFwAcABBg==&rs=AOn4CLDuGDwClawgdIQL-wpESneoVnaVvw,Jaime Gabaldoni,external-reference,embed_link_and_summarize_only
GAgGTIeTpuQ,https://www.youtube.com/watch?v=GAgGTIeTpuQ,Genesis G80 RWD 3.5T 2021...y un café,2945.0,,videos,https://i.ytimg.com/vi/GAgGTIeTpuQ/hqdefault.jpg?sqp=-oaymwEcCNACELwBSFXyq4qpAw4IARUAAIhCGAFwAcABBg==&rs=AOn4CLBe0bvYpj5Tn_kng-Y-SmT3-ifY7w,Jaime Gabaldoni,external-reference,embed_link_and_summarize_only
8_GNVtH96x4,https://www.youtube.com/watch?v=8_GNVtH96x4,Genesis G80 RWD 3.5T 2021 | POV [HD],256.0,,videos,https://i.ytimg.com/vi/8_GNVtH96x4/hqdefault.jpg?sqp=-oaymwEcCNACELwBSFXyq4qpAw4IARUAAIhCGAFwAcABBg==&rs=AOn4CLCaXzmxZZIKnkesKJ9J7i1jsJcuhg,Jaime Gabaldoni,external-reference,embed_link_and_summarize_only
Jl_rVimtpgU,https://www.youtube.com/watch?v=Jl_rVimtpgU,Rolls-Royce Ghost 2021 | POV [HD],192.0,,videos,https://i.ytimg.com/vi/Jl_rVimtpgU/hqdefault.jpg?sqp=-oaymwEcCNACELwBSFXyq4qpAw4IARUAAIhCGAFwAcABBg==&rs=AOn4CLDN9TKCNfXNdyliDWgS661hHvU8nw,Jaime Gabaldoni,external-reference,embed_link_and_summarize_only
_rlvk0Kzcho,https://www.youtube.com/watch?v=_rlvk0Kzcho,Volkswagen Golf Mk7 2020 | POV [HD],198.0,,videos,https://i.ytimg.com/vi/_rlvk0Kzcho/hqdefault.jpg?sqp=-oaymwEcCNACELwBSFXyq4qpAw4IARUAAIhCGAFwAcABBg==&rs=AOn4CLCpcC6n44GqD7-34-d0HuRz_-4YUA,Jaime Gabaldoni,external-reference,embed_link_and_summarize_only
q72Q1J9VjHE,https://www.youtube.com/watch?v=q72Q1J9VjHE,Land Rover Defender 110 P400 SE 2020 | POV [HD],240.0,,videos,https://i.ytimg.com/vi/q72Q1J9VjHE/hqdefault.jpg?sqp=-oaymwEcCNACELwBSFXyq4qpAw4IARUAAIhCGAFwAcABBg==&rs=AOn4CLBVXDr0_U61HuD2dLRkjW5bllYI-Q,Jaime Gabaldoni,external-reference,embed_link_and_summarize_only
VDgS3b1aQrs,https://www.youtube.com/watch?v=VDgS3b1aQrs,RAM 1500 TRX 2021 | POV [HD],256.0,,videos,https://i.ytimg.com/vi/VDgS3b1aQrs/hqdefault.jpg?sqp=-oaymwEcCNACELwBSFXyq4qpAw4IARUAAIhCGAFwAcABBg==&rs=AOn4CLCDt33GaVKaFBIeBK2QWX0vZHOk2w,Jaime Gabaldoni,external-reference,embed_link_and_summarize_only
z8IKqgQbVw0,https://www.youtube.com/watch?v=z8IKqgQbVw0,Cadillac Escalade ESV 2021 | POV [HD],364.0,,videos,https://i.ytimg.com/vi/z8IKqgQbVw0/hqdefault.jpg?sqp=-oaymwEcCNACELwBSFXyq4qpAw4IARUAAIhCGAFwAcABBg==&rs=AOn4CLAznrXqmNzK1HmixZmDoTdpGYxRzg,Jaime Gabaldoni,external-reference,embed_link_and_summarize_only
sPFq2Uivf3g,https://www.youtube.com/watch?v=sPFq2Uivf3g,Lexus IS 350 F Sport RWD 2021 | POV [HD],211.0,,videos,https://i.ytimg.com/vi/sPFq2Uivf3g/hqdefault.jpg?sqp=-oaymwEcCNACELwBSFXyq4qpAw4IARUAAIhCGAFwAcABBg==&rs=AOn4CLABAuwLHQPO_qDEeebeLi9RDGEz9A,Jaime Gabaldoni,external-reference,embed_link_and_summarize_only
fwxIWLykO5c,https://www.youtube.com/watch?v=fwxIWLykO5c,Chevrolet TrailBlazer RS AWD 2021 | POV [HD],206.0,,videos,https://i.ytimg.com/vi/fwxIWLykO5c/hqdefault.jpg?sqp=-oaymwEcCNACELwBSFXyq4qpAw4IARUAAIhCGAFwAcABBg==&rs=AOn4CLDAS6BOvUy5Fkm_9ETzDaLmtdVo8A,Jaime Gabaldoni,external-reference,embed_link_and_summarize_only
u426wrZv4D4,https://www.youtube.com/watch?v=u426wrZv4D4,Acura TLX A-Spec SH-AWD 2021 | POV [HD],210.0,,videos,https://i.ytimg.com/vi/u426wrZv4D4/hqdefault.jpg?sqp=-oaymwEcCNACELwBSFXyq4qpAw4IARUAAIhCGAFwAcABBg==&rs=AOn4CLDRU7UI7UgjHZVGY9_KuAuLIBxZTQ,Jaime Gabaldoni,external-reference,embed_link_and_summarize_only
MNK4fB3KeeM,https://www.youtube.com/watch?v=MNK4fB3KeeM,Hyundai Ioniq Hybrid 2020 | POV [HD],175.0,,videos,https://i.ytimg.com/vi/MNK4fB3KeeM/hqdefault.jpg?sqp=-oaymwEcCNACELwBSFXyq4qpAw4IARUAAIhCGAFwAcABBg==&rs=AOn4CLALp66rG46WS8QHNP1uZljukQPDaQ,Jaime Gabaldoni,external-reference,embed_link_and_summarize_only
5EeZ2OQfsJ0,https://www.youtube.com/watch?v=5EeZ2OQfsJ0,Toyota Prius Anniversary Edition 2021 | POV [HD],169.0,,videos,https://i.ytimg.com/vi/5EeZ2OQfsJ0/hqdefault.jpg?sqp=-oaymwEcCNACELwBSFXyq4qpAw4IARUAAIhCGAFwAcABBg==&rs=AOn4CLBl061Ebt2K6z9hI9o4r1YhRrvO2Q,Jaime Gabaldoni,external-reference,embed_link_and_summarize_only
i5SxyVIV2jk,https://www.youtube.com/watch?v=i5SxyVIV2jk,Volkswagen Tiguan SEL 2020 | POV [HD],214.0,,videos,https://i.ytimg.com/vi/i5SxyVIV2jk/hqdefault.jpg?sqp=-oaymwEcCNACELwBSFXyq4qpAw4IARUAAIhCGAFwAcABBg==&rs=AOn4CLDSwZmfNY6bHOyudsyBOQ6Q9zEwww,Jaime Gabaldoni,external-reference,embed_link_and_summarize_only
bEfM7QUs6nw,https://www.youtube.com/watch?v=bEfM7QUs6nw,McLaren GT 2020 | POV [HD],204.0,,videos,https://i.ytimg.com/vi/bEfM7QUs6nw/hqdefault.jpg?sqp=-oaymwEcCNACELwBSFXyq4qpAw4IARUAAIhCGAFwAcABBg==&rs=AOn4CLCpd4buTQ2pV2AICvz6xi9GROw8jA,Jaime Gabaldoni,external-reference,embed_link_and_summarize_only
GCxLlPbbiaM,https://www.youtube.com/watch?v=GCxLlPbbiaM,Honda Odyssey Elite 2021 | POV [HD],216.0,,videos,https://i.ytimg.com/vi/GCxLlPbbiaM/hqdefault.jpg?sqp=-oaymwEcCNACELwBSFXyq4qpAw4IARUAAIhCGAFwAcABBg==&rs=AOn4CLBtwhqJ4qgMCBOqXLhn-8DkaIV7ag,Jaime Gabaldoni,external-reference,embed_link_and_summarize_only
ChwVpz1f0tk,https://www.youtube.com/watch?v=ChwVpz1f0tk,Chrysler Pacifica Hybrid 2020 | POV [HD],200.0,,videos,https://i.ytimg.com/vi/ChwVpz1f0tk/hqdefault.jpg?sqp=-oaymwEcCNACELwBSFXyq4qpAw4IARUAAIhCGAFwAcABBg==&rs=AOn4CLAxv-SCHGM9BAm5icZPuQv2L5imqw,Jaime Gabaldoni,external-reference,embed_link_and_summarize_only
c180U5x18Uc,https://www.youtube.com/watch?v=c180U5x18Uc,Toyota Corolla APEX Edition 2021 | POV [HD],182.0,,videos,https://i.ytimg.com/vi/c180U5x18Uc/hqdefault.jpg?sqp=-oaymwEcCNACELwBSFXyq4qpAw4IARUAAIhCGAFwAcABBg==&rs=AOn4CLBcs_ujyMgo8wl1Afa044-eb9of3A,Jaime Gabaldoni,external-reference,embed_link_and_summarize_only
YusvYqfGE0k,https://www.youtube.com/watch?v=YusvYqfGE0k,Lexus NX 300 F Sport 2020 | POV [HD],188.0,,videos,https://i.ytimg.com/vi/YusvYqfGE0k/hqdefault.jpg?sqp=-oaymwEcCNACELwBSFXyq4qpAw4IARUAAIhCGAFwAcABBg==&rs=AOn4CLBD7m0pbBUVRO0PbWHKAfp3NSiYFQ,Jaime Gabaldoni,external-reference,embed_link_and_summarize_only
dDZhgy71biY,https://www.youtube.com/watch?v=dDZhgy71biY,Volkswagen Atlas Cross Sport 2.0 turbo 2020 | POV [HD],161.0,,videos,https://i.ytimg.com/vi/dDZhgy71biY/hqdefault.jpg?sqp=-oaymwEcCNACELwBSFXyq4qpAw4IARUAAIhCGAFwAcABBg==&rs=AOn4CLDHORjHjeg1hcZBdcMBFgDhujiBWw,Jaime Gabaldoni,external-reference,embed_link_and_summarize_only
pYNTUJYsDsI,https://www.youtube.com/watch?v=pYNTUJYsDsI,Hyundai Sonata Limited 2020 | POV [HD],187.0,,videos,https://i.ytimg.com/vi/pYNTUJYsDsI/hqdefault.jpg?sqp=-oaymwEcCNACELwBSFXyq4qpAw4IARUAAIhCGAFwAcABBg==&rs=AOn4CLC3Y_KN9E6goGycCP9dwFrndVeM_A,Jaime Gabaldoni,external-reference,embed_link_and_summarize_only
3ppXVmcbric,https://www.youtube.com/watch?v=3ppXVmcbric,Toyota Highlander Platinum V6 AWD 2020 | POV [HD],180.0,,videos,https://i.ytimg.com/vi/3ppXVmcbric/hqdefault.jpg?sqp=-oaymwEcCNACELwBSFXyq4qpAw4IARUAAIhCGAFwAcABBg==&rs=AOn4CLDRKFzaIaZcTZbrWfPtCyR5G44XNQ,Jaime Gabaldoni,external-reference,embed_link_and_summarize_only
HMzkVMjv_YA,https://www.youtube.com/watch?v=HMzkVMjv_YA,Genesis G70 2.0T Sport RWD 2020 | POV,172.0,,videos,https://i.ytimg.com/vi/HMzkVMjv_YA/hqdefault.jpg?sqp=-oaymwEcCNACELwBSFXyq4qpAw4IARUAAIhCGAFwAcABBg==&rs=AOn4CLCosXhz__oytA3K894lO86xGFcZRA,Jaime Gabaldoni,external-reference,embed_link_and_summarize_only
_9HfcZUnzs4,https://www.youtube.com/watch?v=_9HfcZUnzs4,Honda Civic Type R 2020 | POV [HD],182.0,,videos,https://i.ytimg.com/vi/_9HfcZUnzs4/hqdefault.jpg?sqp=-oaymwEcCNACELwBSFXyq4qpAw4IARUAAIhCGAFwAcABBg==&rs=AOn4CLDQ1MzbV37BVxGD9G3XW89dXaK_VA,Jaime Gabaldoni,external-reference,embed_link_and_summarize_only
Jfn5RKjAgVM,https://www.youtube.com/watch?v=Jfn5RKjAgVM,Jaguar F-Type R-Dynamic AWD Convertible 2021 | POV [HD],178.0,,videos,https://i.ytimg.com/vi/Jfn5RKjAgVM/hqdefault.jpg?sqp=-oaymwEcCNACELwBSFXyq4qpAw4IARUAAIhCGAFwAcABBg==&rs=AOn4CLBX9SBQZrCUuE6b0mOed6ji0ER7ow,Jaime Gabaldoni,external-reference,embed_link_and_summarize_only
xFPaxL2sS6U,https://www.youtube.com/watch?v=xFPaxL2sS6U,Toyota Camry TRD 2020 | POV [HD],164.0,,videos,https://i.ytimg.com/vi/xFPaxL2sS6U/hqdefault.jpg?sqp=-oaymwEcCNACELwBSFXyq4qpAw4IARUAAIhCGAFwAcABBg==&rs=AOn4CLApyBkLsK-XKNVbHhxapLozvFUd3A,Jaime Gabaldoni,external-reference,embed_link_and_summarize_only
m58xx_T_p4I,https://www.youtube.com/watch?v=m58xx_T_p4I,Lincoln Aviator Reserve AWD 2020 | POV [HD],172.0,,videos,https://i.ytimg.com/vi/m58xx_T_p4I/hqdefault.jpg?sqp=-oaymwEcCNACELwBSFXyq4qpAw4IARUAAIhCGAFwAcABBg==&rs=AOn4CLD7-nDOAWv6gN7BQUNxaYBSeVdkVg,Jaime Gabaldoni,external-reference,embed_link_and_summarize_only
Q2LEnH9iPAM,https://www.youtube.com/watch?v=Q2LEnH9iPAM,Genesis GV80 V6 Prestige 2021 | Encendido [HD],87.0,,videos,https://i.ytimg.com/vi/Q2LEnH9iPAM/hqdefault.jpg?sqp=-oaymwEcCNACELwBSFXyq4qpAw4IARUAAIhCGAFwAcABBg==&rs=AOn4CLD8lUAdInGhy-ej_lWL3gj75hsPWA,Jaime Gabaldoni,external-reference,embed_link_and_summarize_only
Hnl3fyjg3iA,https://www.youtube.com/watch?v=Hnl3fyjg3iA,Honda Civic Si Sedan 2020 | POV [HD],178.0,,videos,https://i.ytimg.com/vi/Hnl3fyjg3iA/hqdefault.jpg?sqp=-oaymwEcCNACELwBSFXyq4qpAw4IARUAAIhCGAFwAcABBg==&rs=AOn4CLB2mYl24M1huNaNTZazo2K-zLughA,Jaime Gabaldoni,external-reference,embed_link_and_summarize_only
9C51nSt8tis,https://www.youtube.com/watch?v=9C51nSt8tis,Ford Transit Passenger Van XLT 2020 | POV  [HD],166.0,,videos,https://i.ytimg.com/vi/9C51nSt8tis/hqdefault.jpg?sqp=-oaymwEcCNACELwBSFXyq4qpAw4IARUAAIhCGAFwAcABBg==&rs=AOn4CLDwN2IxrM4VtPSoXwR99FGKHj6oQg,Jaime Gabaldoni,external-reference,embed_link_and_summarize_only
1Oy0wHSnCag,https://www.youtube.com/watch?v=1Oy0wHSnCag,Lexus LC 500 Convertible 2021 | POV [HD],170.0,,videos,https://i.ytimg.com/vi/1Oy0wHSnCag/hqdefault.jpg?sqp=-oaymwEcCNACELwBSFXyq4qpAw4IARUAAIhCGAFwAcABBg==&rs=AOn4CLAkgQ3bZdWDnCXFvBO9P7hBh4D7Bg,Jaime Gabaldoni,external-reference,embed_link_and_summarize_only
YC2JxOiKzHQ,https://www.youtube.com/watch?v=YC2JxOiKzHQ,Toyota Venza Limited 2021 | Encendido [HD],83.0,,videos,https://i.ytimg.com/vi/YC2JxOiKzHQ/hqdefault.jpg?sqp=-oaymwEcCNACELwBSFXyq4qpAw4IARUAAIhCGAFwAcABBg==&rs=AOn4CLCq8J9rntt7RPd1Rvs0ciDTX4I08A,Jaime Gabaldoni,external-reference,embed_link_and_summarize_only
52NwZgYSps4,https://www.youtube.com/watch?v=52NwZgYSps4,Nissan GT-R NISMO 2020 | POV [HD],178.0,,videos,https://i.ytimg.com/vi/52NwZgYSps4/hqdefault.jpg?sqp=-oaymwEcCNACELwBSFXyq4qpAw4IARUAAIhCGAFwAcABBg==&rs=AOn4CLDUAzCJRcOTN896VzuyFTNKtiqmzg,Jaime Gabaldoni,external-reference,embed_link_and_summarize_only
uj6lEjOtsEo,https://www.youtube.com/watch?v=uj6lEjOtsEo,Lexus GX460 Luxury 2020 | Encendido,91.0,,videos,https://i.ytimg.com/vi/uj6lEjOtsEo/hqdefault.jpg?sqp=-oaymwEcCNACELwBSFXyq4qpAw4IARUAAIhCGAFwAcABBg==&rs=AOn4CLDjfJDtu0Daa-0iOzTHwfWfZbxqKg,Jaime Gabaldoni,external-reference,embed_link_and_summarize_only
Kk2MTuGeFLI,https://www.youtube.com/watch?v=Kk2MTuGeFLI,Nissan Frontier PRO-4x 2020 | Encendido,75.0,,videos,https://i.ytimg.com/vi/Kk2MTuGeFLI/hqdefault.jpg?sqp=-oaymwEcCNACELwBSFXyq4qpAw4IARUAAIhCGAFwAcABBg==&rs=AOn4CLA-LLFC3tNxpSr1iEAoa8W6epZ3Uw,Jaime Gabaldoni,external-reference,embed_link_and_summarize_only
DWogty8JiVs,https://www.youtube.com/watch?v=DWogty8JiVs,Mazda CX-30 Premium 2020 | Encendido,83.0,,videos,https://i.ytimg.com/vi/DWogty8JiVs/hqdefault.jpg?sqp=-oaymwEcCNACELwBSFXyq4qpAw4IARUAAIhCGAFwAcABBg==&rs=AOn4CLAaQKOD3zBbPr6pjJCwf2ioBYGEow,Jaime Gabaldoni,external-reference,embed_link_and_summarize_only
DePLxIpTQrA,https://www.youtube.com/watch?v=DePLxIpTQrA,Subaru Outback ONYX Edition 2020 | Encendido,77.0,,videos,https://i.ytimg.com/vi/DePLxIpTQrA/hqdefault.jpg?sqp=-oaymwEcCNACELwBSFXyq4qpAw4IARUAAIhCGAFwAcABBg==&rs=AOn4CLD6kWKx_yZH6eY9CrqGhgYhGwINfA,Jaime Gabaldoni,external-reference,embed_link_and_summarize_only
jXPz14ThaD0,https://www.youtube.com/watch?v=jXPz14ThaD0,Volvo XC90 T8 E-AWD Inscription 2020 | Encendido,80.0,,videos,https://i.ytimg.com/vi/jXPz14ThaD0/hqdefault.jpg?sqp=-oaymwEcCNACELwBSFXyq4qpAw4IARUAAIhCGAFwAcABBg==&rs=AOn4CLBVlXwCHYMxCyVGvrzvRfgEBORg_g,Jaime Gabaldoni,external-reference,embed_link_and_summarize_only
3FKyGhTA7Sw,https://www.youtube.com/watch?v=3FKyGhTA7Sw,Chevrolet Corvette Stingray C8 2020 | Encendido,71.0,,videos,https://i.ytimg.com/vi/3FKyGhTA7Sw/hqdefault.jpg?sqp=-oaymwEcCNACELwBSFXyq4qpAw4IARUAAIhCGAFwAcABBg==&rs=AOn4CLDqN59UtAT51iSrePLJjkyXEjKT4w,Jaime Gabaldoni,external-reference,embed_link_and_summarize_only
0vmBUIWdgVE,https://www.youtube.com/watch?v=0vmBUIWdgVE,Toyota RAV4 Prime SE 2021 | Encendido,76.0,,videos,https://i.ytimg.com/vi/0vmBUIWdgVE/hqdefault.jpg?sqp=-oaymwEcCNACELwBSFXyq4qpAw4IARUAAIhCGAFwAcABBg==&rs=AOn4CLDGEdVtFkzWSp6cB5gdgkVVu6H42w,Jaime Gabaldoni,external-reference,embed_link_and_summarize_only
qFBxCuqfSvg,https://www.youtube.com/watch?v=qFBxCuqfSvg,Honda CR-V Hybrid 2020 | Encendido,75.0,,videos,https://i.ytimg.com/vi/qFBxCuqfSvg/hqdefault.jpg?sqp=-oaymwEcCNACELwBSFXyq4qpAw4IARUAAIhCGAFwAcABBg==&rs=AOn4CLDWQbkZPQyhEMEaALzdGZeztFDdBA,Jaime Gabaldoni,external-reference,embed_link_and_summarize_only
MRLpXj7Mkq4,https://www.youtube.com/watch?v=MRLpXj7Mkq4,RAM 1500 Limited EcoDiesel 4x4 2020 | Encendido,71.0,,videos,https://i.ytimg.com/vi/MRLpXj7Mkq4/hqdefault.jpg?sqp=-oaymwEcCNACELwBSFXyq4qpAw4IARUAAIhCGAFwAcABBg==&rs=AOn4CLDLtNut9nY-vrDIB8Kz2GIemEp95A,Jaime Gabaldoni,external-reference,embed_link_and_summarize_only
LD0IWux3uBg,https://www.youtube.com/watch?v=LD0IWux3uBg,Audi R8 Performance 2020 | Encendido,66.0,,videos,https://i.ytimg.com/vi/LD0IWux3uBg/hqdefault.jpg?sqp=-oaymwEcCNACELwBSFXyq4qpAw4IARUAAIhCGAFwAcABBg==&rs=AOn4CLCB4y9jSpk3tNmCylL5BMinudQRIQ,Jaime Gabaldoni,external-reference,embed_link_and_summarize_only
O7gm0Q8lD5k,https://www.youtube.com/watch?v=O7gm0Q8lD5k,Nissan Murano 2020 | Encendido,62.0,,videos,https://i.ytimg.com/vi/O7gm0Q8lD5k/hqdefault.jpg?sqp=-oaymwEcCNACELwBSFXyq4qpAw4IARUAAIhCGAFwAcABBg==&rs=AOn4CLAGPqTtszBbhlcgJDHBGIVWlrdXEQ,Jaime Gabaldoni,external-reference,embed_link_and_summarize_only
JwhknRO_RSY,https://www.youtube.com/watch?v=JwhknRO_RSY,Hyundai Sonata Hybrid 2020 | Encendido,64.0,,videos,https://i.ytimg.com/vi/JwhknRO_RSY/hqdefault.jpg?sqp=-oaymwEcCNACELwBSFXyq4qpAw4IARUAAIhCGAFwAcABBg==&rs=AOn4CLADMhBmDNtKgUHY181EF602hUDLsg,Jaime Gabaldoni,external-reference,embed_link_and_summarize_only
UG5TYHDphWI,https://www.youtube.com/watch?v=UG5TYHDphWI,BMW M8 Gran Coupe 2020 | Encendido,63.0,,videos,https://i.ytimg.com/vi/UG5TYHDphWI/hqdefault.jpg?sqp=-oaymwEcCNACELwBSFXyq4qpAw4IARUAAIhCGAFwAcABBg==&rs=AOn4CLBdXI-a9K-ovl-T1-Uy-TNWOVFxcQ,Jaime Gabaldoni,external-reference,embed_link_and_summarize_only
hmT_OWnCZvg,https://www.youtube.com/watch?v=hmT_OWnCZvg,Dodge Charger SRT Hellcat 2020 | Encendido,62.0,,videos,https://i.ytimg.com/vi/hmT_OWnCZvg/hqdefault.jpg?sqp=-oaymwEcCNACELwBSFXyq4qpAw4IARUAAIhCGAFwAcABBg==&rs=AOn4CLCGfarrGebEcRAqdbJh1p7tzyMGEw,Jaime Gabaldoni,external-reference,embed_link_and_summarize_only
XI3l2xhh_u4,https://www.youtube.com/watch?v=XI3l2xhh_u4,McLaren 720s Spider 2020 | Encendido,62.0,,videos,https://i.ytimg.com/vi/XI3l2xhh_u4/hqdefault.jpg?sqp=-oaymwEcCNACELwBSFXyq4qpAw4IARUAAIhCGAFwAcABBg==&rs=AOn4CLD5UTN14FwcvRbrtG4mEYmbdADg0Q,Jaime Gabaldoni,external-reference,embed_link_and_summarize_only
IzqHyY8KCjs,https://www.youtube.com/watch?v=IzqHyY8KCjs,Nissan LEAF SV Plus 2020 | Encendido,62.0,,videos,https://i.ytimg.com/vi/IzqHyY8KCjs/hqdefault.jpg?sqp=-oaymwEcCNACELwBSFXyq4qpAw4IARUAAIhCGAFwAcABBg==&rs=AOn4CLDBNCmyt1EZX40fpUlONEzE1O6wDg,Jaime Gabaldoni,external-reference,embed_link_and_summarize_only
mrlVuXVYGyk,https://www.youtube.com/watch?v=mrlVuXVYGyk,Aston Martin Vantage 2020 | Encendido,62.0,,videos,https://i.ytimg.com/vi/mrlVuXVYGyk/hqdefault.jpg?sqp=-oaymwEcCNACELwBSFXyq4qpAw4IARUAAIhCGAFwAcABBg==&rs=AOn4CLBprkx2qvlFWKS5YwYqf-j8Yng2hQ,Jaime Gabaldoni,external-reference,embed_link_and_summarize_only
uAfnaoE7DqE,https://www.youtube.com/watch?v=uAfnaoE7DqE,Ford Explorer Platinum 2020 | Encendido,63.0,,videos,https://i.ytimg.com/vi/uAfnaoE7DqE/hqdefault.jpg?sqp=-oaymwEcCNACELwBSFXyq4qpAw4IARUAAIhCGAFwAcABBg==&rs=AOn4CLCQeFDgM1nK0Q3sYvM3W7-HC-O9Lg,Jaime Gabaldoni,external-reference,embed_link_and_summarize_only
4F4-RJXIb68,https://www.youtube.com/watch?v=4F4-RJXIb68,Range Rover Velar SVAutobiography 2020 | Encendido,62.0,,videos,https://i.ytimg.com/vi/4F4-RJXIb68/hqdefault.jpg?sqp=-oaymwEcCNACELwBSFXyq4qpAw4IARUAAIhCGAFwAcABBg==&rs=AOn4CLBXWWfZPNOMsw2qckb-PSxzol6PnQ,Jaime Gabaldoni,external-reference,embed_link_and_summarize_only
47Ol2-qdwXU,https://www.youtube.com/watch?v=47Ol2-qdwXU,Fiat 500X Trekking Plus AWD 2020 Encendido,64.0,,videos,https://i.ytimg.com/vi/47Ol2-qdwXU/hqdefault.jpg?sqp=-oaymwEcCNACELwBSFXyq4qpAw4IARUAAIhCGAFwAcABBg==&rs=AOn4CLAoJTqREbM59WxsQhuVTvEFtgoCTg,Jaime Gabaldoni,external-reference,embed_link_and_summarize_only
5z3jIepDC_A,https://www.youtube.com/watch?v=5z3jIepDC_A,Polaris Slingshot R 2020 | Encendido,63.0,,videos,https://i.ytimg.com/vi/5z3jIepDC_A/hqdefault.jpg?sqp=-oaymwEcCNACELwBSFXyq4qpAw4IARUAAIhCGAFwAcABBg==&rs=AOn4CLCXsCjYjeBXj1QICJAcqvk0HwtzhQ,Jaime Gabaldoni,external-reference,embed_link_and_summarize_only
iH7Nuv-QoTI,https://www.youtube.com/watch?v=iH7Nuv-QoTI,Jeep Gladiator Mojave 2020 | Encendido,62.0,,videos,https://i.ytimg.com/vi/iH7Nuv-QoTI/hqdefault.jpg?sqp=-oaymwEcCNACELwBSFXyq4qpAw4IARUAAIhCGAFwAcABBg==&rs=AOn4CLA2HocwkKXEqHZjDqWg10KmSQWtEQ,Jaime Gabaldoni,external-reference,embed_link_and_summarize_only
C-fcrTo0dH8,https://www.youtube.com/watch?v=C-fcrTo0dH8,Nissan TITAN Platinum Reserve Crew Cab 2020 | Encendido,62.0,,videos,https://i.ytimg.com/vi/C-fcrTo0dH8/hqdefault.jpg?sqp=-oaymwEcCNACELwBSFXyq4qpAw4IARUAAIhCGAFwAcABBg==&rs=AOn4CLBFI4HPwDtqkifI7d2LoR8HkIV4xg,Jaime Gabaldoni,external-reference,embed_link_and_summarize_only
bUR_yRCSgdc,https://www.youtube.com/watch?v=bUR_yRCSgdc,Toyota Supra 3.0 2021 | Encendido,63.0,,videos,https://i.ytimg.com/vi/bUR_yRCSgdc/hqdefault.jpg?sqp=-oaymwEcCNACELwBSFXyq4qpAw4IARUAAIhCGAFwAcABBg==&rs=AOn4CLC_ud_TrohtZBVRhTaHZAN6dXDYkQ,Jaime Gabaldoni,external-reference,embed_link_and_summarize_only
13WK4IMOcBI,https://www.youtube.com/watch?v=13WK4IMOcBI,Toyota Supra 2.0 2021 | Encendido,63.0,,videos,https://i.ytimg.com/vi/13WK4IMOcBI/hqdefault.jpg?sqp=-oaymwEcCNACELwBSFXyq4qpAw4IARUAAIhCGAFwAcABBg==&rs=AOn4CLCDEWOftAbwdspVpOfGYgYfxmvSkQ,Jaime Gabaldoni,external-reference,embed_link_and_summarize_only
JBTqAOkHdQ4,https://www.youtube.com/watch?v=JBTqAOkHdQ4,Dodge Charger SRT Scat Pack Widebody 2020 | Encendido,63.0,,videos,https://i.ytimg.com/vi/JBTqAOkHdQ4/hqdefault.jpg?sqp=-oaymwEcCNACELwBSFXyq4qpAw4IARUAAIhCGAFwAcABBg==&rs=AOn4CLBglCFhFLw_k_9jODUQA0Zl42VJ1Q,Jaime Gabaldoni,external-reference,embed_link_and_summarize_only
Qqk45xSSz2U,https://www.youtube.com/watch?v=Qqk45xSSz2U,Hyundai Kona Ultimate 2020 | Detalels en vivo,1805.0,,videos,https://i.ytimg.com/vi/Qqk45xSSz2U/hqdefault.jpg?sqp=-oaymwEcCNACELwBSFXyq4qpAw4IARUAAIhCGAFwAcABBg==&rs=AOn4CLANz3PJ1yh36idgKPe4skUwEw3tSw,Jaime Gabaldoni,external-reference,embed_link_and_summarize_only
wmGg3N5e7og,https://www.youtube.com/watch?v=wmGg3N5e7og,Hyundai Kona Ultimate 2020 | Encendido,62.0,,videos,https://i.ytimg.com/vi/wmGg3N5e7og/hqdefault.jpg?sqp=-oaymwEcCNACELwBSFXyq4qpAw4IARUAAIhCGAFwAcABBg==&rs=AOn4CLAWFUjSiaTe6-dSPBNIYD6Vz5pDmQ,Jaime Gabaldoni,external-reference,embed_link_and_summarize_only
_tjRmMUJz4U,https://www.youtube.com/watch?v=_tjRmMUJz4U,Luca Gabaldoni on the 2020 Lamborghini Aventador SVJ Roadster (Subtítulos Español),282.0,,videos,https://i.ytimg.com/vi/_tjRmMUJz4U/hqdefault.jpg?sqp=-oaymwEcCNACELwBSFXyq4qpAw4IARUAAIhCGAFwAcABBg==&rs=AOn4CLBBO547ldegVlfqj-g55YQBJmEkvw,Jaime Gabaldoni,external-reference,embed_link_and_summarize_only
VO_MmtM9Mrg,https://www.youtube.com/watch?v=VO_MmtM9Mrg,Ford Mustang Shelby GT500 2020 | Encendido,64.0,,videos,https://i.ytimg.com/vi/VO_MmtM9Mrg/hqdefault.jpg?sqp=-oaymwEcCNACELwBSFXyq4qpAw4IARUAAIhCGAFwAcABBg==&rs=AOn4CLBK9WgtBKEiqjbWxQeQ36_-X8jeew,Jaime Gabaldoni,external-reference,embed_link_and_summarize_only
eIpbCHOTgRM,https://www.youtube.com/watch?v=eIpbCHOTgRM,Alfa Romeo Stelvio Quadrifoglio 2020 | Detalles en vivo,1912.0,,videos,https://i.ytimg.com/vi/eIpbCHOTgRM/hqdefault.jpg?sqp=-oaymwEcCNACELwBSFXyq4qpAw4IARUAAIhCGAFwAcABBg==&rs=AOn4CLBnoBeiKtuBvItGbYTmE97Tzt5K6Q,Jaime Gabaldoni,external-reference,embed_link_and_summarize_only
Fgs3EW-fccM,https://www.youtube.com/watch?v=Fgs3EW-fccM,Alfa Romeo Stelvio Quadrifoglio 2020 | Encendido,62.0,,videos,https://i.ytimg.com/vi/Fgs3EW-fccM/hqdefault.jpg?sqp=-oaymwEcCNACELwBSFXyq4qpAw4IARUAAIhCGAFwAcABBg==&rs=AOn4CLAtlMS-Xz66sTMNIFI0-BYFeXT80g,Jaime Gabaldoni,external-reference,embed_link_and_summarize_only
us9HyF6WC3g,https://www.youtube.com/watch?v=us9HyF6WC3g,Volkswagen Atlas Cross Sport 2020 | Detalles en vivo,1413.0,,videos,https://i.ytimg.com/vi/us9HyF6WC3g/hqdefault.jpg?sqp=-oaymwEcCNACELwBSFXyq4qpAw4IARUAAIhCGAFwAcABBg==&rs=AOn4CLA7pB8vVW8O8AMOiLlh1tjgbxUXvQ,Jaime Gabaldoni,external-reference,embed_link_and_summarize_only
hILX7tSvUTU,https://www.youtube.com/watch?v=hILX7tSvUTU,Volkswagen Atlas Cross Sport 2020 | Encendido,62.0,,videos,https://i.ytimg.com/vi/hILX7tSvUTU/hqdefault.jpg?sqp=-oaymwEcCNACELwBSFXyq4qpAw4IARUAAIhCGAFwAcABBg==&rs=AOn4CLDRYMzD5zzedPnURmF4TeqTgos7-Q,Jaime Gabaldoni,external-reference,embed_link_and_summarize_only
bFROMegiMmI,https://www.youtube.com/watch?v=bFROMegiMmI,Nissan Altima 2020 | Detalles en vivo,1550.0,,videos,https://i.ytimg.com/vi/bFROMegiMmI/hqdefault.jpg?sqp=-oaymwEcCNACELwBSFXyq4qpAw4IARUAAIhCGAFwAcABBg==&rs=AOn4CLAnuo9l5rmpBIXA3Oy3CfL0myiZ4g,Jaime Gabaldoni,external-reference,embed_link_and_summarize_only
t1JmWLZxmfc,https://www.youtube.com/watch?v=t1JmWLZxmfc,Nissan Altima 2020 | Encendido,61.0,,videos,https://i.ytimg.com/vi/t1JmWLZxmfc/hqdefault.jpg?sqp=-oaymwEcCNACELwBSFXyq4qpAw4IARUAAIhCGAFwAcABBg==&rs=AOn4CLCnFQ2YoQ2tFBAYjWC9KKaBFlEdpw,Jaime Gabaldoni,external-reference,embed_link_and_summarize_only
DMOxOZKMUnE,https://www.youtube.com/watch?v=DMOxOZKMUnE,Chevrolet Corvette 2020 | Encendido,62.0,,videos,https://i.ytimg.com/vi/DMOxOZKMUnE/hqdefault.jpg?sqp=-oaymwEcCNACELwBSFXyq4qpAw4IARUAAIhCGAFwAcABBg==&rs=AOn4CLDcje09JCun3mGvSkoXKT3ikGvpXQ,Jaime Gabaldoni,external-reference,embed_link_and_summarize_only
U4x21SYp3GU,https://www.youtube.com/watch?v=U4x21SYp3GU,Lincoln Navigator 2020 | Detalles en vivo,1825.0,,videos,https://i.ytimg.com/vi/U4x21SYp3GU/hqdefault.jpg?sqp=-oaymwEcCNACELwBSFXyq4qpAw4IARUAAIhCGAFwAcABBg==&rs=AOn4CLCzoMypp8pKiIrF7iaKirwwr41v1g,Jaime Gabaldoni,external-reference,embed_link_and_summarize_only
Snd6mBOTIAE,https://www.youtube.com/watch?v=Snd6mBOTIAE,Lincoln Navigator 2020 | Encendido,61.0,,videos,https://i.ytimg.com/vi/Snd6mBOTIAE/hqdefault.jpg?sqp=-oaymwEcCNACELwBSFXyq4qpAw4IARUAAIhCGAFwAcABBg==&rs=AOn4CLB_Vzl0hq4e7RbruzSwdCyC8GP0Bw,Jaime Gabaldoni,external-reference,embed_link_and_summarize_only
PZPHF4bJDLs,https://www.youtube.com/watch?v=PZPHF4bJDLs,Lamborghini Aventador SVJ Roadster 2020 | Detalles en vivo,1861.0,,videos,https://i.ytimg.com/vi/PZPHF4bJDLs/hqdefault.jpg?sqp=-oaymwEcCNACELwBSFXyq4qpAw4IARUAAIhCGAFwAcABBg==&rs=AOn4CLApak3JbJbv5Fax1YqUnmUV0XwUCQ,Jaime Gabaldoni,external-reference,embed_link_and_summarize_only
l3Qb75UTKCI,https://www.youtube.com/watch?v=l3Qb75UTKCI,Lamborghini Aventador SVJ Roadster 2020 | Encendido,62.0,,videos,https://i.ytimg.com/vi/l3Qb75UTKCI/hqdefault.jpg?sqp=-oaymwEcCNACELwBSFXyq4qpAw4IARUAAIhCGAFwAcABBg==&rs=AOn4CLBvfIxpXrBCdamSJlguF722Yy-riQ,Jaime Gabaldoni,external-reference,embed_link_and_summarize_only
o1UPrPc2ER4,https://www.youtube.com/watch?v=o1UPrPc2ER4,Nissan Rogue / X-Trail 2020 | Detalles en Vivo,1310.0,,videos,https://i.ytimg.com/vi/o1UPrPc2ER4/hqdefault.jpg?sqp=-oaymwEcCNACELwBSFXyq4qpAw4IARUAAIhCGAFwAcABBg==&rs=AOn4CLBrXXrUZVT4S2nLhz9d41VCe5tWJw,Jaime Gabaldoni,external-reference,embed_link_and_summarize_only
eErDFyTJDrA,https://www.youtube.com/watch?v=eErDFyTJDrA,Nissan Rogue 2020 | Encendido,61.0,,videos,https://i.ytimg.com/vi/eErDFyTJDrA/hqdefault.jpg?sqp=-oaymwEcCNACELwBSFXyq4qpAw4IARUAAIhCGAFwAcABBg==&rs=AOn4CLB0mdipUgChp0nzlocumktU_wTpBg,Jaime Gabaldoni,external-reference,embed_link_and_summarize_only
jaVRBpdwBrw,https://www.youtube.com/watch?v=jaVRBpdwBrw,Mercedes-AMG GTC Roadster 2020 | Detalles en Vivo,1570.0,,videos,https://i.ytimg.com/vi/jaVRBpdwBrw/hqdefault.jpg?sqp=-oaymwEcCNACELwBSFXyq4qpAw4IARUAAIhCGAFwAcABBg==&rs=AOn4CLC0NjGMzlg2CEBD-V6t5AuT0GfsEQ,Jaime Gabaldoni,external-reference,embed_link_and_summarize_only
Ay09ZE0Hxks,https://www.youtube.com/watch?v=Ay09ZE0Hxks,Mercedes-AMG GTC Roadster 2020 | Encendido,62.0,,videos,https://i.ytimg.com/vi/Ay09ZE0Hxks/hqdefault.jpg?sqp=-oaymwEcCNACELwBSFXyq4qpAw4IARUAAIhCGAFwAcABBg==&rs=AOn4CLBi_DSvxjgo-iKFj0KyZ2-6Kbrt_w,Jaime Gabaldoni,external-reference,embed_link_and_summarize_only
IFEHx-2B5zo,https://www.youtube.com/watch?v=IFEHx-2B5zo,Lexus RX 350L 2020 | Detalles en Vivo,1843.0,,videos,https://i.ytimg.com/vi/IFEHx-2B5zo/hqdefault.jpg?sqp=-oaymwEcCNACELwBSFXyq4qpAw4IARUAAIhCGAFwAcABBg==&rs=AOn4CLCEb5flr-TBcqrxeo0pIXMLWWRPcA,Jaime Gabaldoni,external-reference,embed_link_and_summarize_only
ZFsG21nmDP8,https://www.youtube.com/watch?v=ZFsG21nmDP8,Lexus RX 350L 2020 | Encendido,65.0,,videos,https://i.ytimg.com/vi/ZFsG21nmDP8/hqdefault.jpg?sqp=-oaymwEcCNACELwBSFXyq4qpAw4IARUAAIhCGAFwAcABBg==&rs=AOn4CLAZNqFvYR8OPPgrCXJ--DVX76nwKw,Jaime Gabaldoni,external-reference,embed_link_and_summarize_only
9LUhqg1Fm70,https://www.youtube.com/watch?v=9LUhqg1Fm70,Mercedes-AMG GLC63 2020 | Detalles en Vivo,2004.0,,videos,https://i.ytimg.com/vi/9LUhqg1Fm70/hqdefault.jpg?sqp=-oaymwEcCNACELwBSFXyq4qpAw4IARUAAIhCGAFwAcABBg==&rs=AOn4CLBN1s1sTK9sJYXngOMLemRP-ScB-A,Jaime Gabaldoni,external-reference,embed_link_and_summarize_only
bc2-35SRq5E,https://www.youtube.com/watch?v=bc2-35SRq5E,Mercedes-AMG GLC 63 2020 | Encendido,65.0,,videos,https://i.ytimg.com/vi/bc2-35SRq5E/hqdefault.jpg?sqp=-oaymwEcCNACELwBSFXyq4qpAw4IARUAAIhCGAFwAcABBg==&rs=AOn4CLAcBSm7E7HAoUuVUy8GuB3yyNROdw,Jaime Gabaldoni,external-reference,embed_link_and_summarize_only
dlXauRgM-_A,https://www.youtube.com/watch?v=dlXauRgM-_A,CAMINO A LA META | RESUMEN,1580.0,,videos,https://i.ytimg.com/vi/dlXauRgM-_A/hqdefault.jpg?sqp=-oaymwEcCNACELwBSFXyq4qpAw4IARUAAIhCGAFwAcABBg==&rs=AOn4CLB-Jr33WAjeZ6H6OXg3Xx0ic5WaJQ,Jaime Gabaldoni,external-reference,embed_link_and_summarize_only
OuQ9cVcfovM,https://www.youtube.com/watch?v=OuQ9cVcfovM,2020 Lexus RC-F Track Edition - 2ra Parte - Detalles en Vivo,844.0,,videos,https://i.ytimg.com/vi/OuQ9cVcfovM/hqdefault.jpg?sqp=-oaymwEcCNACELwBSFXyq4qpAw4IARUAAIhCGAFwAcABBg==&rs=AOn4CLB3SouAKG1Q9cd7GP4TUVBb-KaqxQ,Jaime Gabaldoni,external-reference,embed_link_and_summarize_only
PIX9MF6j8X4,https://www.youtube.com/watch?v=PIX9MF6j8X4,2020 Lexus RC-F Track Edition - 1ra Parte - Detalles en Vivo,844.0,,videos,https://i.ytimg.com/vi/PIX9MF6j8X4/hqdefault.jpg?sqp=-oaymwEcCNACELwBSFXyq4qpAw4IARUAAIhCGAFwAcABBg==&rs=AOn4CLBczZdpP4OOpo5FQ1wg-KiaC1ol5g,Jaime Gabaldoni,external-reference,embed_link_and_summarize_only
K08aTN0OkR8,https://www.youtube.com/watch?v=K08aTN0OkR8,Lexus RC-F 2020 Track Edition | Encendido,64.0,,videos,https://i.ytimg.com/vi/K08aTN0OkR8/hqdefault.jpg?sqp=-oaymwEcCNACELwBSFXyq4qpAw4IARUAAIhCGAFwAcABBg==&rs=AOn4CLDVUnYw7gcHuvPRiS1AxElT3oeffw,Jaime Gabaldoni,external-reference,embed_link_and_summarize_only
dPRcqCbBSLU,https://www.youtube.com/watch?v=dPRcqCbBSLU,Chevrolet Camaro LT1 2020 | Detalles en Vivo (360p),1723.0,,videos,https://i.ytimg.com/vi/dPRcqCbBSLU/hqdefault.jpg?sqp=-oaymwEcCNACELwBSFXyq4qpAw4IARUAAIhCGAFwAcABBg==&rs=AOn4CLC9mQ-wtxNXpiludl1TeefOrxOZCQ,Jaime Gabaldoni,external-reference,embed_link_and_summarize_only
9tDy-lg9uno,https://www.youtube.com/watch?v=9tDy-lg9uno,Chevrolet Camaro LT1 2020 | Encendido,61.0,,videos,https://i.ytimg.com/vi/9tDy-lg9uno/hqdefault.jpg?sqp=-oaymwEcCNACELwBSFXyq4qpAw4IARUAAIhCGAFwAcABBg==&rs=AOn4CLB8KqVcHtY2og6FngotpBDRhxgNJg,Jaime Gabaldoni,external-reference,embed_link_and_summarize_only
md-ufgSVKnU,https://www.youtube.com/watch?v=md-ufgSVKnU,Nissan Pathfinder 2020 Rock Creek Edition | Detalles en Vivo,1472.0,,videos,https://i.ytimg.com/vi/md-ufgSVKnU/hqdefault.jpg?sqp=-oaymwEcCNACELwBSFXyq4qpAw4IARUAAIhCGAFwAcABBg==&rs=AOn4CLB8RBwYxFWuR30mEjGJ2lDz0wZL0w,Jaime Gabaldoni,external-reference,embed_link_and_summarize_only
Jh-Vd9GnVFo,https://www.youtube.com/watch?v=Jh-Vd9GnVFo,Nissan Pathfinder 2020 Rock Creek Edition | Encendido,63.0,,videos,https://i.ytimg.com/vi/Jh-Vd9GnVFo/hqdefault.jpg?sqp=-oaymwEcCNACELwBSFXyq4qpAw4IARUAAIhCGAFwAcABBg==&rs=AOn4CLBBh3HfazOdlDPr0gYTVc846O-_Eg,Jaime Gabaldoni,external-reference,embed_link_and_summarize_only
WwdgHR70D2E,https://www.youtube.com/watch?v=WwdgHR70D2E,Chevrolet Silverado HD2500 2020 | Detalles en Vivo,2211.0,,videos,https://i.ytimg.com/vi/WwdgHR70D2E/hqdefault.jpg?sqp=-oaymwEcCNACELwBSFXyq4qpAw4IARUAAIhCGAFwAcABBg==&rs=AOn4CLD0MtSc9b_6qF5Rb713EUM3TbNWJg,Jaime Gabaldoni,external-reference,embed_link_and_summarize_only
Vw5v1YuKZ3c,https://www.youtube.com/watch?v=Vw5v1YuKZ3c,Chevrolet Silverado 2500HD Duramax 2020,62.0,,videos,https://i.ytimg.com/vi/Vw5v1YuKZ3c/hqdefault.jpg?sqp=-oaymwEcCNACELwBSFXyq4qpAw4IARUAAIhCGAFwAcABBg==&rs=AOn4CLCL5jyi4FpynRVz7SbwsWNgEkNJBw,Jaime Gabaldoni,external-reference,embed_link_and_summarize_only
cim8aB3A6T4,https://www.youtube.com/watch?v=cim8aB3A6T4,Toyota Highlander Hybrid 2020 | Detalles en vivo,1724.0,,videos,https://i.ytimg.com/vi/cim8aB3A6T4/hqdefault.jpg?sqp=-oaymwEcCNACELwBSFXyq4qpAw4IARUAAIhCGAFwAcABBg==&rs=AOn4CLBUB_Xxmet6oobpiKlIGRkkmxt4lg,Jaime Gabaldoni,external-reference,embed_link_and_summarize_only
TCzSDO1rYjA,https://www.youtube.com/watch?v=TCzSDO1rYjA,Toyota Highlander Hybrid 2020 | Encendido,64.0,,videos,https://i.ytimg.com/vi/TCzSDO1rYjA/hqdefault.jpg?sqp=-oaymwEcCNACELwBSFXyq4qpAw4IARUAAIhCGAFwAcABBg==&rs=AOn4CLCW00u7yBgAIux3sZZSmQjrYeNuwQ,Jaime Gabaldoni,external-reference,embed_link_and_summarize_only
HRCfFT89-78,https://www.youtube.com/watch?v=HRCfFT89-78,Mazda MX-5 Cup 2019 | Detalles en vivo (feat. Luca Gabaldoni),1306.0,,videos,https://i.ytimg.com/vi/HRCfFT89-78/hqdefault.jpg?sqp=-oaymwEcCNACELwBSFXyq4qpAw4IARUAAIhCGAFwAcABBg==&rs=AOn4CLA79fEGnrMdeEX-W--koWMmIFvTiA,Jaime Gabaldoni,external-reference,embed_link_and_summarize_only
_Pzu26oAbf8,https://www.youtube.com/watch?v=_Pzu26oAbf8,Mazda MX-5 Cup 2019 de Battery Tender | Encendido,64.0,,videos,https://i.ytimg.com/vi/_Pzu26oAbf8/hqdefault.jpg?sqp=-oaymwEcCNACELwBSFXyq4qpAw4IARUAAIhCGAFwAcABBg==&rs=AOn4CLC-unayx1FXh2vY2xTn3gucxsxnpg,Jaime Gabaldoni,external-reference,embed_link_and_summarize_only
V4XAl7LXfeo,https://www.youtube.com/watch?v=V4XAl7LXfeo,COMPITIENDO EN LA FINAL DEL MX-5 CUP | CAMINO A LA META | EPISODIO FINAL,836.0,,videos,https://i.ytimg.com/vi/V4XAl7LXfeo/hqdefault.jpg?sqp=-oaymwEcCNACELwBSFXyq4qpAw4IARUAAIhCGAFwAcABBg==&rs=AOn4CLD9YgQZKQLBk1GPdAbGgd2REZFg5w,Jaime Gabaldoni,external-reference,embed_link_and_summarize_only
IGP6t7tP7Fo,https://www.youtube.com/watch?v=IGP6t7tP7Fo,Ford Mustang GT 2019 Convertible | Detalles en vivo,2020.0,,videos,https://i.ytimg.com/vi/IGP6t7tP7Fo/hqdefault.jpg?sqp=-oaymwEcCNACELwBSFXyq4qpAw4IARUAAIhCGAFwAcABBg==&rs=AOn4CLC79pE4mVNCL1gHIIoSFBjaAfW6Og,Jaime Gabaldoni,external-reference,embed_link_and_summarize_only
Q7lKy4oAo2Q,https://www.youtube.com/watch?v=Q7lKy4oAo2Q,Nissan Armada Platinum Reserve 2020 | Detalles en vivo,1329.0,,videos,https://i.ytimg.com/vi/Q7lKy4oAo2Q/hqdefault.jpg?sqp=-oaymwEcCNACELwBSFXyq4qpAw4IARUAAIhCGAFwAcABBg==&rs=AOn4CLDuvt6Q6ijm3mrUJ0fGsVm-vc5PCw,Jaime Gabaldoni,external-reference,embed_link_and_summarize_only
9kMnxFwt5aQ,https://www.youtube.com/watch?v=9kMnxFwt5aQ,Nissan Armada Platinum Reserve 2020 | Encendido,63.0,,videos,https://i.ytimg.com/vi/9kMnxFwt5aQ/hqdefault.jpg?sqp=-oaymwEcCNACELwBSFXyq4qpAw4IARUAAIhCGAFwAcABBg==&rs=AOn4CLDGW10OZaVgktvRoQnCjU8ciZ8Llg,Jaime Gabaldoni,external-reference,embed_link_and_summarize_only
foeZJsRwNg8,https://www.youtube.com/watch?v=foeZJsRwNg8,Range Rover Sport HSE 2019 | Encendido,65.0,,videos,https://i.ytimg.com/vi/foeZJsRwNg8/hqdefault.jpg?sqp=-oaymwEcCNACELwBSFXyq4qpAw4IARUAAIhCGAFwAcABBg==&rs=AOn4CLAf_2ly1r0qzvxaFrWoJIpH8lr4Qg,Jaime Gabaldoni,external-reference,embed_link_and_summarize_only
pM4H6xpxFek,https://www.youtube.com/watch?v=pM4H6xpxFek,Mazda CX-30 2020 | Detalles en vivo,620.0,,videos,https://i.ytimg.com/vi/pM4H6xpxFek/hqdefault.jpg?sqp=-oaymwEcCNACELwBSFXyq4qpAw4IARUAAIhCGAFwAcABBg==&rs=AOn4CLCrM4V0KVICgORY-MEqQ1pNDBhNCg,Jaime Gabaldoni,external-reference,embed_link_and_summarize_only
BZIqtoq0Ess,https://www.youtube.com/watch?v=BZIqtoq0Ess,Dodge Challenger R/T Scat Pack Widebody 50 Aniversario | Detalles en vivo,583.0,,videos,https://i.ytimg.com/vi/BZIqtoq0Ess/hqdefault.jpg?sqp=-oaymwEcCNACELwBSFXyq4qpAw4IARUAAIhCGAFwAcABBg==&rs=AOn4CLD76tqQIrg7tnLFTGNmlwd4j8L06Q,Jaime Gabaldoni,external-reference,embed_link_and_summarize_only
KPZbDUkFm_U,https://www.youtube.com/watch?v=KPZbDUkFm_U,Nissan Sentra 2020 | Detalles en vivo,1183.0,,videos,https://i.ytimg.com/vi/KPZbDUkFm_U/hqdefault.jpg?sqp=-oaymwEcCNACELwBSFXyq4qpAw4IARUAAIhCGAFwAcABBg==&rs=AOn4CLAFIS1_qxXs8d2YlKi0C3vn5RhFkA,Jaime Gabaldoni,external-reference,embed_link_and_summarize_only
2hi9PkmDa6k,https://www.youtube.com/watch?v=2hi9PkmDa6k,Bollinger B1 y B2 | Detalles en vivo,1398.0,,videos,https://i.ytimg.com/vi/2hi9PkmDa6k/hqdefault.jpg?sqp=-oaymwEcCNACELwBSFXyq4qpAw4IARUAAIhCGAFwAcABBg==&rs=AOn4CLCg7yXcOfgNO2aKMPz5jpfa38TuIA,Jaime Gabaldoni,external-reference,embed_link_and_summarize_only
KX95V7hbjNk,https://www.youtube.com/watch?v=KX95V7hbjNk,Ford Mustang Mach-E 2021 | Detalles en vivo,953.0,,videos,https://i.ytimg.com/vi/KX95V7hbjNk/hqdefault.jpg?sqp=-oaymwEcCNACELwBSFXyq4qpAw4IARUAAIhCGAFwAcABBg==&rs=AOn4CLAp4NSbhbTIPABc2x99c5baqt7HBA,Jaime Gabaldoni,external-reference,embed_link_and_summarize_only
zDCWgO_Vs3A,https://www.youtube.com/watch?v=zDCWgO_Vs3A,Lexus LC 500 Convertible 2020 | Detalles en vivo,867.0,,videos,https://i.ytimg.com/vi/zDCWgO_Vs3A/hqdefault.jpg?sqp=-oaymwEcCNACELwBSFXyq4qpAw4IARUAAIhCGAFwAcABBg==&rs=AOn4CLBNpHR6orHBxiik4c51puYChQe0Ew,Jaime Gabaldoni,external-reference,embed_link_and_summarize_only
0FCLWYaXYok,https://www.youtube.com/watch?v=0FCLWYaXYok,Ford Mustang GT 2019 Convertible | Encendido,62.0,,videos,https://i.ytimg.com/vi/0FCLWYaXYok/hqdefault.jpg?sqp=-oaymwEcCNACELwBSFXyq4qpAw4IARUAAIhCGAFwAcABBg==&rs=AOn4CLAzhxz-cO_qsCX8_IZNiHFiBFcZaw,Jaime Gabaldoni,external-reference,embed_link_and_summarize_only
jej7yqwBhOE,https://www.youtube.com/watch?v=jej7yqwBhOE,Nissan Titan PRO-4X 2020 | Detalles en vivo,1456.0,,videos,https://i.ytimg.com/vi/jej7yqwBhOE/hqdefault.jpg?sqp=-oaymwEcCNACELwBSFXyq4qpAw4IARUAAIhCGAFwAcABBg==&rs=AOn4CLD33X1Rsq3RzHkgMn5pfInWVSxQsg,Jaime Gabaldoni,external-reference,embed_link_and_summarize_only
MjHMdMmvui4,https://www.youtube.com/watch?v=MjHMdMmvui4,Nissan Titan PRO-4X 2020 | Encendido,62.0,,videos,https://i.ytimg.com/vi/MjHMdMmvui4/hqdefault.jpg?sqp=-oaymwEcCNACELwBSFXyq4qpAw4IARUAAIhCGAFwAcABBg==&rs=AOn4CLCkbu2RC07kKWb4A0sCyik_apEmFg,Jaime Gabaldoni,external-reference,embed_link_and_summarize_only
AWWN3t_O8s0,https://www.youtube.com/watch?v=AWWN3t_O8s0,Chevrolet Corvette Stingray 2020 | Encendido,63.0,,videos,https://i.ytimg.com/vi/AWWN3t_O8s0/hqdefault.jpg?sqp=-oaymwEcCNACELwBSFXyq4qpAw4IARUAAIhCGAFwAcABBg==&rs=AOn4CLDB6FT92fNcaTMJ97b4-q4wgDEfCQ,Jaime Gabaldoni,external-reference,embed_link_and_summarize_only
G1wEbytkgHI,https://www.youtube.com/watch?v=G1wEbytkgHI,Nissan GT-R NISMO 2020 | Detalles en vivo,2176.0,,videos,https://i.ytimg.com/vi/G1wEbytkgHI/hqdefault.jpg?sqp=-oaymwEcCNACELwBSFXyq4qpAw4IARUAAIhCGAFwAcABBg==&rs=AOn4CLC-qfhgfwKOwSenST5XjuE1Mzu6qQ,Jaime Gabaldoni,external-reference,embed_link_and_summarize_only
DNgXGmjTGcA,https://www.youtube.com/watch?v=DNgXGmjTGcA,Nissan GT-R NISMO 2020 | Encendido,62.0,,videos,https://i.ytimg.com/vi/DNgXGmjTGcA/hqdefault.jpg?sqp=-oaymwEcCNACELwBSFXyq4qpAw4IARUAAIhCGAFwAcABBg==&rs=AOn4CLCx4ppNkBSZxyLcV6IAsTebKHGWiw,Jaime Gabaldoni,external-reference,embed_link_and_summarize_only
MZXs1_K-0Eo,https://www.youtube.com/watch?v=MZXs1_K-0Eo,ENTRENAMIENTO PARA SER PILOTO | CAMINO A LA META | EPISODIO 2,557.0,,videos,https://i.ytimg.com/vi/MZXs1_K-0Eo/hqdefault.jpg?sqp=-oaymwEcCNACELwBSFXyq4qpAw4IARUAAIhCGAFwAcABBg==&rs=AOn4CLBijDdh_I39Q-ibZqWAAqBCvs_ieQ,Jaime Gabaldoni,external-reference,embed_link_and_summarize_only
Y7VyPpfrkAI,https://www.youtube.com/watch?v=Y7VyPpfrkAI,Honda Civic Si 2020 | Detalles en vivo,662.0,,videos,https://i.ytimg.com/vi/Y7VyPpfrkAI/hqdefault.jpg?sqp=-oaymwEcCNACELwBSFXyq4qpAw4IARUAAIhCGAFwAcABBg==&rs=AOn4CLB5Ajb6TqC1QJf0wCvQ_yHopPPD4g,Jaime Gabaldoni,external-reference,embed_link_and_summarize_only
RbhSIfTG4zc,https://www.youtube.com/watch?v=RbhSIfTG4zc,Honda Civic Si 2020 | Encendido,62.0,,videos,https://i.ytimg.com/vi/RbhSIfTG4zc/hqdefault.jpg?sqp=-oaymwEcCNACELwBSFXyq4qpAw4IARUAAIhCGAFwAcABBg==&rs=AOn4CLBaf3KR1rTAqSQU8y00RjeC5e776Q,Jaime Gabaldoni,external-reference,embed_link_and_summarize_only
nKkdPcTARQw,https://www.youtube.com/watch?v=nKkdPcTARQw,GMC Sierra 2500 HD AT4 2020 | Detalles en vivo,2324.0,,videos,https://i.ytimg.com/vi/nKkdPcTARQw/hqdefault.jpg?sqp=-oaymwEcCNACELwBSFXyq4qpAw4IARUAAIhCGAFwAcABBg==&rs=AOn4CLBhMUd1mEQ9BT35b5sl_qNFDucaSA,Jaime Gabaldoni,external-reference,embed_link_and_summarize_only
8UJS002Ra20,https://www.youtube.com/watch?v=8UJS002Ra20,GMC Sierra 2500 HD AT4 2020 | Encendido,61.0,,videos,https://i.ytimg.com/vi/8UJS002Ra20/hqdefault.jpg?sqp=-oaymwEcCNACELwBSFXyq4qpAw4IARUAAIhCGAFwAcABBg==&rs=AOn4CLDQHj6KAR_sQrtBqGcvmPo_2-yapg,Jaime Gabaldoni,external-reference,embed_link_and_summarize_only
NmeOwSvUvdo,https://www.youtube.com/watch?v=NmeOwSvUvdo,Ford Mustang Shelby GT500 2020 | Encendido,63.0,,videos,https://i.ytimg.com/vi/NmeOwSvUvdo/hqdefault.jpg?sqp=-oaymwEcCNACELwBSFXyq4qpAw4IARUAAIhCGAFwAcABBg==&rs=AOn4CLBHfDDs8UPUkAKog-j6GLwyEHkTUg,Jaime Gabaldoni,external-reference,embed_link_and_summarize_only
2HuvN5NND30,https://www.youtube.com/watch?v=2HuvN5NND30,Subaru Legacy 2020 | Detalles en vivo,1667.0,,videos,https://i.ytimg.com/vi/2HuvN5NND30/hqdefault.jpg?sqp=-oaymwEcCNACELwBSFXyq4qpAw4IARUAAIhCGAFwAcABBg==&rs=AOn4CLCylmhO0gats02aUloogCxbXRC8AQ,Jaime Gabaldoni,external-reference,embed_link_and_summarize_only
N8GywFkDbMc,https://www.youtube.com/watch?v=N8GywFkDbMc,Subaru Legacy XT 2020 | Encendido,62.0,,videos,https://i.ytimg.com/vi/N8GywFkDbMc/hqdefault.jpg?sqp=-oaymwEcCNACELwBSFXyq4qpAw4IARUAAIhCGAFwAcABBg==&rs=AOn4CLCx7Qob7ktKO9jDFsyNi2byAKHNyQ,Jaime Gabaldoni,external-reference,embed_link_and_summarize_only
U3BL_yC6528,https://www.youtube.com/watch?v=U3BL_yC6528,Nissan Leaf 2019 | Detalles en vivo,1312.0,,videos,https://i.ytimg.com/vi/U3BL_yC6528/hqdefault.jpg?sqp=-oaymwEcCNACELwBSFXyq4qpAw4IARUAAIhCGAFwAcABBg==&rs=AOn4CLBCmy3YLxxQZU6tZGmv08Gw4r5L_g,Jaime Gabaldoni,external-reference,embed_link_and_summarize_only
FYJEpFcW7W4,https://www.youtube.com/watch?v=FYJEpFcW7W4,Nissan Leaf Plus 2019 | Encendido,61.0,,videos,https://i.ytimg.com/vi/FYJEpFcW7W4/hqdefault.jpg?sqp=-oaymwEcCNACELwBSFXyq4qpAw4IARUAAIhCGAFwAcABBg==&rs=AOn4CLCNAw4xF91LmC8lEEkDrXr-5tT6dQ,Jaime Gabaldoni,external-reference,embed_link_and_summarize_only
7608JIpr5pA,https://www.youtube.com/watch?v=7608JIpr5pA,Aston Martin Vantage 2020 AMR-Spec | Encendido,62.0,,videos,https://i.ytimg.com/vi/7608JIpr5pA/hqdefault.jpg?sqp=-oaymwEcCNACELwBSFXyq4qpAw4IARUAAIhCGAFwAcABBg==&rs=AOn4CLBRX23iZwN-We9H8ycVqakw5DqmzQ,Jaime Gabaldoni,external-reference,embed_link_and_summarize_only
3ULkdjlzeDU,https://www.youtube.com/watch?v=3ULkdjlzeDU,ME CONVERTIRE EN PILOTO DE CARRERAS | CAMINO A LA META |  EPISODIO 1,244.0,,videos,https://i.ytimg.com/vi/3ULkdjlzeDU/hqdefault.jpg?sqp=-oaymwEcCNACELwBSFXyq4qpAw4IARUAAIhCGAFwAcABBg==&rs=AOn4CLAzNwtIkPTVdWNMD_Jot3ja_Q4SqA,Jaime Gabaldoni,external-reference,embed_link_and_summarize_only
6psDfrCiNuo,https://www.youtube.com/watch?v=6psDfrCiNuo,Nissan Versa SR 2020 | Detalles en vivo,1557.0,,videos,https://i.ytimg.com/vi/6psDfrCiNuo/hqdefault.jpg?sqp=-oaymwEcCNACELwBSFXyq4qpAw4IARUAAIhCGAFwAcABBg==&rs=AOn4CLBHjo9lX8x-wwR3IxDwgutKnPnzFA,Jaime Gabaldoni,external-reference,embed_link_and_summarize_only
uS7itteBIss,https://www.youtube.com/watch?v=uS7itteBIss,Nissan Versa SR 2020 | Encendido,65.0,,videos,https://i.ytimg.com/vi/uS7itteBIss/hqdefault.jpg?sqp=-oaymwEcCNACELwBSFXyq4qpAw4IARUAAIhCGAFwAcABBg==&rs=AOn4CLBg7T4wASi7gbwRnYYO2rarCWwp8Q,Jaime Gabaldoni,external-reference,embed_link_and_summarize_only
AodSGuNUk_I,https://www.youtube.com/watch?v=AodSGuNUk_I,Mazda CX-9 Signature 2019 | Detalles en vivo,1582.0,,videos,https://i.ytimg.com/vi/AodSGuNUk_I/hqdefault.jpg?sqp=-oaymwEcCNACELwBSFXyq4qpAw4IARUAAIhCGAFwAcABBg==&rs=AOn4CLDRcBKmvq2CYpR8tWtmm6O8P6JfcQ,Jaime Gabaldoni,external-reference,embed_link_and_summarize_only
tcvCeQp4w1s,https://www.youtube.com/watch?v=tcvCeQp4w1s,Mazda CX-9 Signature 2019 | Encendido,62.0,,videos,https://i.ytimg.com/vi/tcvCeQp4w1s/hqdefault.jpg?sqp=-oaymwEcCNACELwBSFXyq4qpAw4IARUAAIhCGAFwAcABBg==&rs=AOn4CLAZRic6BetS1gYvtWusN9W-XNiKTA,Jaime Gabaldoni,external-reference,embed_link_and_summarize_only
NCjmYfYLMTs,https://www.youtube.com/watch?v=NCjmYfYLMTs,Audi Q3 Prestige S line 2019 | Encendido,63.0,,videos,https://i.ytimg.com/vi/NCjmYfYLMTs/hqdefault.jpg?sqp=-oaymwEcCNACELwBSFXyq4qpAw4IARUAAIhCGAFwAcABBg==&rs=AOn4CLCInFi9XQlKl6mD8R6H4kqBTFD5Vg,Jaime Gabaldoni,external-reference,embed_link_and_summarize_only
OPcRn52SUdg,https://www.youtube.com/watch?v=OPcRn52SUdg,Aston Martin DBS Superleggera Volante 2020 | Detalles en vivo,1775.0,,videos,https://i.ytimg.com/vi/OPcRn52SUdg/hqdefault.jpg?sqp=-oaymwEcCNACELwBSFXyq4qpAw4IARUAAIhCGAFwAcABBg==&rs=AOn4CLAIszzGhG_PdhqHrt6hJp4GC4Ty-w,Jaime Gabaldoni,external-reference,embed_link_and_summarize_only
-XLDbU2wblM,https://www.youtube.com/watch?v=-XLDbU2wblM,Toyota Avalon TRD 2020 | Detalles en vivo,1018.0,,videos,https://i.ytimg.com/vi/-XLDbU2wblM/hqdefault.jpg?sqp=-oaymwEcCNACELwBSFXyq4qpAw4IARUAAIhCGAFwAcABBg==&rs=AOn4CLAFdOVUT1NysdReUFKcqEJak-Cy8g,Jaime Gabaldoni,external-reference,embed_link_and_summarize_only
qI8lee1uQH0,https://www.youtube.com/watch?v=qI8lee1uQH0,Toyota Avalon TRD 2020 | Encendido,61.0,,videos,https://i.ytimg.com/vi/qI8lee1uQH0/hqdefault.jpg?sqp=-oaymwEcCNACELwBSFXyq4qpAw4IARUAAIhCGAFwAcABBg==&rs=AOn4CLAD3CcvttVezTgOWgvMWy35hrsT2A,Jaime Gabaldoni,external-reference,embed_link_and_summarize_only
_wep5V4Zu4o,https://www.youtube.com/watch?v=_wep5V4Zu4o,Toyota Camry TRD 2020 | Detalles en vivo,541.0,,videos,https://i.ytimg.com/vi/_wep5V4Zu4o/hqdefault.jpg?sqp=-oaymwEcCNACELwBSFXyq4qpAw4IARUAAIhCGAFwAcABBg==&rs=AOn4CLDPp6QfzH_nEABYUm9mI-3m9VwcHw,Jaime Gabaldoni,external-reference,embed_link_and_summarize_only
CGurctOfn9I,https://www.youtube.com/watch?v=CGurctOfn9I,Mazda MX-5 'Miata' Club RF 2019 | Encendido,63.0,,videos,https://i.ytimg.com/vi/CGurctOfn9I/hqdefault.jpg?sqp=-oaymwEcCNACELwBSFXyq4qpAw4IARUAAIhCGAFwAcABBg==&rs=AOn4CLDwsZRDYJJfQu7vO8K6S19kDXP1AA,Jaime Gabaldoni,external-reference,embed_link_and_summarize_only
CczIFu5K1wk,https://www.youtube.com/watch?v=CczIFu5K1wk,Nissan 370Z 2020 50 Aniversario 2020 | Detalles en vivo,1101.0,,videos,https://i.ytimg.com/vi/CczIFu5K1wk/hqdefault.jpg?sqp=-oaymwEcCNACELwBSFXyq4qpAw4IARUAAIhCGAFwAcABBg==&rs=AOn4CLB-7BBFJzXBEWIoAit3E9PjDYJidw,Jaime Gabaldoni,external-reference,embed_link_and_summarize_only
1Q2307a73OI,https://www.youtube.com/watch?v=1Q2307a73OI,Nissan 370Z 2020 50 Aniversario  | Encendido,63.0,,videos,https://i.ytimg.com/vi/1Q2307a73OI/hqdefault.jpg?sqp=-oaymwEcCNACELwBSFXyq4qpAw4IARUAAIhCGAFwAcABBg==&rs=AOn4CLBm5fcfnqvJymWgTmd1H2sc3gCRvQ,Jaime Gabaldoni,external-reference,embed_link_and_summarize_only
j0mGYhrqjtU,https://www.youtube.com/watch?v=j0mGYhrqjtU,Maserati GranTurismo MC Sportline 2019 Convertible | Detalles en vivo,2000.0,,videos,https://i.ytimg.com/vi/j0mGYhrqjtU/hqdefault.jpg?sqp=-oaymwEcCNACELwBSFXyq4qpAw4IARUAAIhCGAFwAcABBg==&rs=AOn4CLDwXvpLbrFhTdHmjLbqZQ75O4e3LA,Jaime Gabaldoni,external-reference,embed_link_and_summarize_only
eTQKVDCEX28,https://www.youtube.com/watch?v=eTQKVDCEX28,Maserati GranTurismo MC Sportline 2019 Convertible | Encendido,62.0,,videos,https://i.ytimg.com/vi/eTQKVDCEX28/hqdefault.jpg?sqp=-oaymwEcCNACELwBSFXyq4qpAw4IARUAAIhCGAFwAcABBg==&rs=AOn4CLDjLfQqULXxJoiTOYPZNYIvQmN4Rg,Jaime Gabaldoni,external-reference,embed_link_and_summarize_only
SEQ9hx5lY5Q,https://www.youtube.com/watch?v=SEQ9hx5lY5Q,Lincoln MKC 2019 Black Label | Detalles en vivo,1421.0,,videos,https://i.ytimg.com/vi/SEQ9hx5lY5Q/hqdefault.jpg?sqp=-oaymwEcCNACELwBSFXyq4qpAw4IARUAAIhCGAFwAcABBg==&rs=AOn4CLAxjrv83UFjwK1gXPCxXN_lfHy-Zg,Jaime Gabaldoni,external-reference,embed_link_and_summarize_only
N9FXQnUPgvs,https://www.youtube.com/watch?v=N9FXQnUPgvs,Lincoln MKC 2019 Black Label | Encendido,61.0,,videos,https://i.ytimg.com/vi/N9FXQnUPgvs/hqdefault.jpg?sqp=-oaymwEcCNACELwBSFXyq4qpAw4IARUAAIhCGAFwAcABBg==&rs=AOn4CLBJ4NNVuDOAjjx4sRK85aVjkaKE8Q,Jaime Gabaldoni,external-reference,embed_link_and_summarize_only
QXtl0is7S4I,https://www.youtube.com/watch?v=QXtl0is7S4I,Mazda CX-5 Signature 2019 | Detalles en vivo,1809.0,,videos,https://i.ytimg.com/vi/QXtl0is7S4I/hqdefault.jpg?sqp=-oaymwEcCNACELwBSFXyq4qpAw4IARUAAIhCGAFwAcABBg==&rs=AOn4CLBplKOHIt0HsohcQ94VXa2S_OKTeg,Jaime Gabaldoni,external-reference,embed_link_and_summarize_only
8fJq0qb7Jn4,https://www.youtube.com/watch?v=8fJq0qb7Jn4,Mazda CX-5 Signature 2019 | Encendido,61.0,,videos,https://i.ytimg.com/vi/8fJq0qb7Jn4/hqdefault.jpg?sqp=-oaymwEcCNACELwBSFXyq4qpAw4IARUAAIhCGAFwAcABBg==&rs=AOn4CLB6VZ2decOK6hwsC5poMXZHTWdipw,Jaime Gabaldoni,external-reference,embed_link_and_summarize_only
7OnZly9i1MU,https://www.youtube.com/watch?v=7OnZly9i1MU,Porsche 911 Targa 4 GTS 2019 | Detalles en vivo (feat. Luca Gabaldoni),1473.0,,videos,https://i.ytimg.com/vi/7OnZly9i1MU/hqdefault.jpg?sqp=-oaymwEcCNACELwBSFXyq4qpAw4IARUAAIhCGAFwAcABBg==&rs=AOn4CLAqN74QMLVx2MNlo9up9nSdrysAdQ,Jaime Gabaldoni,external-reference,embed_link_and_summarize_only
C24dSTXMF_E,https://www.youtube.com/watch?v=C24dSTXMF_E,Porsche 911 Targa 4 GTS 2019 | Encendido,63.0,,videos,https://i.ytimg.com/vi/C24dSTXMF_E/hqdefault.jpg?sqp=-oaymwEcCNACELwBSFXyq4qpAw4IARUAAIhCGAFwAcABBg==&rs=AOn4CLCHkZsPjgg-5PiuLQQmt6Q32Un-5g,Jaime Gabaldoni,external-reference,embed_link_and_summarize_only
S58BgSYxS-o,https://www.youtube.com/watch?v=S58BgSYxS-o,Jaguar F-Pace SVR 2019 | Detalles en vivo,1969.0,,videos,https://i.ytimg.com/vi/S58BgSYxS-o/hqdefault.jpg?sqp=-oaymwEcCNACELwBSFXyq4qpAw4IARUAAIhCGAFwAcABBg==&rs=AOn4CLBuc4Zx_tGpsgBq2Y5rvFO8gwTWHg,Jaime Gabaldoni,external-reference,embed_link_and_summarize_only
7Z7d04HLOQs,https://www.youtube.com/watch?v=7Z7d04HLOQs,Jaguar F-Pace SVR 2019 | Encendido,62.0,,videos,https://i.ytimg.com/vi/7Z7d04HLOQs/hqdefault.jpg?sqp=-oaymwEcCNACELwBSFXyq4qpAw4IARUAAIhCGAFwAcABBg==&rs=AOn4CLD90yCqoJdrUBoV7PMWl0ehyWSBwA,Jaime Gabaldoni,external-reference,embed_link_and_summarize_only
mmPER10kvFk,https://www.youtube.com/watch?v=mmPER10kvFk,Range Rover Evoque 2020 | Detalles en vivo (feat. Luca Gabaldoni),1977.0,,videos,https://i.ytimg.com/vi/mmPER10kvFk/hqdefault.jpg?sqp=-oaymwEcCNACELwBSFXyq4qpAw4IARUAAIhCGAFwAcABBg==&rs=AOn4CLBZx0hil4C7fArAwEhYtNhUI4KnCw,Jaime Gabaldoni,external-reference,embed_link_and_summarize_only
eqm72YAQ1hI,https://www.youtube.com/watch?v=eqm72YAQ1hI,Range Rover Evoque 2020 | Encendido,62.0,,videos,https://i.ytimg.com/vi/eqm72YAQ1hI/hqdefault.jpg?sqp=-oaymwEcCNACELwBSFXyq4qpAw4IARUAAIhCGAFwAcABBg==&rs=AOn4CLD9K53WWHkQgxkqxfDoR5k54M8r7Q,Jaime Gabaldoni,external-reference,embed_link_and_summarize_only
GkNv1-qS1aI,https://www.youtube.com/watch?v=GkNv1-qS1aI,Lexus LC500 2019 | Detalles en vivo,1662.0,,videos,https://i.ytimg.com/vi/GkNv1-qS1aI/hqdefault.jpg?sqp=-oaymwEcCNACELwBSFXyq4qpAw4IARUAAIhCGAFwAcABBg==&rs=AOn4CLCFKJ36PxXxV5geq6RcfqBTBcd38A,Jaime Gabaldoni,external-reference,embed_link_and_summarize_only
snppWPBio0g,https://www.youtube.com/watch?v=snppWPBio0g,Lexus LC500 2019 | Encendido,62.0,,videos,https://i.ytimg.com/vi/snppWPBio0g/hqdefault.jpg?sqp=-oaymwEcCNACELwBSFXyq4qpAw4IARUAAIhCGAFwAcABBg==&rs=AOn4CLAaDpAXrR_4vvmEJgVNT_RqUAevJQ,Jaime Gabaldoni,external-reference,embed_link_and_summarize_only
bWkwjT3wuJU,https://www.youtube.com/watch?v=bWkwjT3wuJU,Genesis G70 2019 | Detalles en vivo,1810.0,,videos,https://i.ytimg.com/vi/bWkwjT3wuJU/hqdefault.jpg?sqp=-oaymwEcCNACELwBSFXyq4qpAw4IARUAAIhCGAFwAcABBg==&rs=AOn4CLA5a54KFJFKcUjcQHSg-cC_bm6aQQ,Jaime Gabaldoni,external-reference,embed_link_and_summarize_only
HgLZuUoG1hE,https://www.youtube.com/watch?v=HgLZuUoG1hE,Genesis G70 3.3T 2019 | Encendido,63.0,,videos,https://i.ytimg.com/vi/HgLZuUoG1hE/hqdefault.jpg?sqp=-oaymwEcCNACELwBSFXyq4qpAw4IARUAAIhCGAFwAcABBg==&rs=AOn4CLDGngEWIWbVi77mmDu1PmeFn8Z-yQ,Jaime Gabaldoni,external-reference,embed_link_and_summarize_only
msZOVgdrFGM,https://www.youtube.com/watch?v=msZOVgdrFGM,Aston Martin DBS Superleggera Volante | Encendido,62.0,,videos,https://i.ytimg.com/vi/msZOVgdrFGM/hqdefault.jpg?sqp=-oaymwEcCNACELwBSFXyq4qpAw4IARUAAIhCGAFwAcABBg==&rs=AOn4CLC0GiJQL4q-rPCeAhqivyV1qMWFLQ,Jaime Gabaldoni,external-reference,embed_link_and_summarize_only
-74YcCeY_jE,https://www.youtube.com/watch?v=-74YcCeY_jE,Chrysler Pacifica Hybrid 2019 | Detalles en vivo,1556.0,,videos,https://i.ytimg.com/vi/-74YcCeY_jE/hqdefault.jpg?sqp=-oaymwEcCNACELwBSFXyq4qpAw4IARUAAIhCGAFwAcABBg==&rs=AOn4CLDmjwIM4onaEE-8b1Vi9i6ikFS3PA,Jaime Gabaldoni,external-reference,embed_link_and_summarize_only
eun-KT_9q_s,https://www.youtube.com/watch?v=eun-KT_9q_s,Chrysler Pacifica Hybrid 2019 | Encendido,63.0,,videos,https://i.ytimg.com/vi/eun-KT_9q_s/hqdefault.jpg?sqp=-oaymwEcCNACELwBSFXyq4qpAw4IARUAAIhCGAFwAcABBg==&rs=AOn4CLA41Wj0JXzbrBwLsiVlsqKeAx84CA,Jaime Gabaldoni,external-reference,embed_link_and_summarize_only
RwJHJKCqGIE,https://www.youtube.com/watch?v=RwJHJKCqGIE,Nissan Titan Platinum Reserve 2019 | Detalles en vivo,1328.0,,videos,https://i.ytimg.com/vi/RwJHJKCqGIE/hqdefault.jpg?sqp=-oaymwEcCNACELwBSFXyq4qpAw4IARUAAIhCGAFwAcABBg==&rs=AOn4CLBKyOhxcd049uLiNWJgss-omN0d7A,Jaime Gabaldoni,external-reference,embed_link_and_summarize_only
LtrThqPyG2U,https://www.youtube.com/watch?v=LtrThqPyG2U,Nissan Titan Platinum Select 2019 | Encendido,61.0,,videos,https://i.ytimg.com/vi/LtrThqPyG2U/hqdefault.jpg?sqp=-oaymwEcCNACELwBSFXyq4qpAw4IARUAAIhCGAFwAcABBg==&rs=AOn4CLDEv-xgZiPg4Lu5dWqOs70Q-Rxr5Q,Jaime Gabaldoni,external-reference,embed_link_and_summarize_only
4ZpRRCTf02E,https://www.youtube.com/watch?v=4ZpRRCTf02E,BMW M850i X-Drive 2019 | Detalles en vivo (feat. Luca Gabaldoni),1501.0,,videos,https://i.ytimg.com/vi/4ZpRRCTf02E/hqdefault.jpg?sqp=-oaymwEcCNACELwBSFXyq4qpAw4IARUAAIhCGAFwAcABBg==&rs=AOn4CLDAou_xQTVMKV_WLponzqmGSoN0yw,Jaime Gabaldoni,external-reference,embed_link_and_summarize_only
KwLj1HRD2nM,https://www.youtube.com/watch?v=KwLj1HRD2nM,BMW M850i X Drive 2019 | Encendido,62.0,,videos,https://i.ytimg.com/vi/KwLj1HRD2nM/hqdefault.jpg?sqp=-oaymwEcCNACELwBSFXyq4qpAw4IARUAAIhCGAFwAcABBg==&rs=AOn4CLDnEg5ClzcjWs6q_8gx2Y1Kkjn2hw,Jaime Gabaldoni,external-reference,embed_link_and_summarize_only
adTuzB4TOkM,https://www.youtube.com/watch?v=adTuzB4TOkM,Audi A7 2019 | Detalles en vivo,1348.0,,videos,https://i.ytimg.com/vi/adTuzB4TOkM/hqdefault.jpg?sqp=-oaymwEcCNACELwBSFXyq4qpAw4IARUAAIhCGAFwAcABBg==&rs=AOn4CLA50zz58-XBgA7BAstPlbIE8F_vdA,Jaime Gabaldoni,external-reference,embed_link_and_summarize_only
eNEDI16a-Zs,https://www.youtube.com/watch?v=eNEDI16a-Zs,Audi A7 2019 | Encendido,62.0,,videos,https://i.ytimg.com/vi/eNEDI16a-Zs/hqdefault.jpg?sqp=-oaymwEcCNACELwBSFXyq4qpAw4IARUAAIhCGAFwAcABBg==&rs=AOn4CLBl__9gwM1Y4MVSlTXetIGLMtfVmg,Jaime Gabaldoni,external-reference,embed_link_and_summarize_only
Aww-n4pJkEc,https://www.youtube.com/watch?v=Aww-n4pJkEc,Chevrolet Blazer 2019 | Detalles en vivo,1810.0,,videos,https://i.ytimg.com/vi/Aww-n4pJkEc/hqdefault.jpg?sqp=-oaymwEcCNACELwBSFXyq4qpAw4IARUAAIhCGAFwAcABBg==&rs=AOn4CLBkdwtvQ8EemregeuOHJMcbZryJyA,Jaime Gabaldoni,external-reference,embed_link_and_summarize_only
dOF4U88rW2Q,https://www.youtube.com/watch?v=dOF4U88rW2Q,Chevrolet Blazer RS 2019 | Encendido,62.0,,videos,https://i.ytimg.com/vi/dOF4U88rW2Q/hqdefault.jpg?sqp=-oaymwEcCNACELwBSFXyq4qpAw4IARUAAIhCGAFwAcABBg==&rs=AOn4CLDAhttz_e-ZAvLZPvsPCKEoGJeC7Q,Jaime Gabaldoni,external-reference,embed_link_and_summarize_only
piVr2T88SaI,https://www.youtube.com/watch?v=piVr2T88SaI,Jeep Wrangler JL Rubicon por MOPAR | Detalles en vivo,1511.0,,videos,https://i.ytimg.com/vi/piVr2T88SaI/hqdefault.jpg?sqp=-oaymwEcCNACELwBSFXyq4qpAw4IARUAAIhCGAFwAcABBg==&rs=AOn4CLCHrsR6LjSAT58rTj_kuJzya5cLjw,Jaime Gabaldoni,external-reference,embed_link_and_summarize_only
_w5nxLXDOSQ,https://www.youtube.com/watch?v=_w5nxLXDOSQ,Jeep Wrangler JL Rubicon por MOPAR | Encendido,62.0,,videos,https://i.ytimg.com/vi/_w5nxLXDOSQ/hqdefault.jpg?sqp=-oaymwEcCNACELwBSFXyq4qpAw4IARUAAIhCGAFwAcABBg==&rs=AOn4CLCdooOte66Ri6KhpRcVNyemHMh4SA,Jaime Gabaldoni,external-reference,embed_link_and_summarize_only
jU3SXgLH75g,https://www.youtube.com/watch?v=jU3SXgLH75g,Volkswagen Jetta GLI 2019 | Detalles en vivo,1203.0,,videos,https://i.ytimg.com/vi/jU3SXgLH75g/hqdefault.jpg?sqp=-oaymwEcCNACELwBSFXyq4qpAw4IARUAAIhCGAFwAcABBg==&rs=AOn4CLCLmog2MwqrmvZtQt6ogQdFBnuU7A,Jaime Gabaldoni,external-reference,embed_link_and_summarize_only
oIVeuagSEzA,https://www.youtube.com/watch?v=oIVeuagSEzA,Ford Mustang Shelby GT350 2019 | Encendido,62.0,,videos,https://i.ytimg.com/vi/oIVeuagSEzA/hqdefault.jpg?sqp=-oaymwEcCNACELwBSFXyq4qpAw4IARUAAIhCGAFwAcABBg==&rs=AOn4CLAP3MOCq_qh614V6M0NOcrqMQjU0g,Jaime Gabaldoni,external-reference,embed_link_and_summarize_only
Los-XV3qSUY,https://www.youtube.com/watch?v=Los-XV3qSUY,Toyota Supra 2020 | Encendido,62.0,,videos,https://i.ytimg.com/vi/Los-XV3qSUY/hqdefault.jpg?sqp=-oaymwEcCNACELwBSFXyq4qpAw4IARUAAIhCGAFwAcABBg==&rs=AOn4CLCxApcoVejqJL4dOoDUZWqScQlMiQ,Jaime Gabaldoni,external-reference,embed_link_and_summarize_only
XV3i9tNWACI,https://www.youtube.com/watch?v=XV3i9tNWACI,Volkswagen Arteon 2019 | Encendido,62.0,,videos,https://i.ytimg.com/vi/XV3i9tNWACI/hqdefault.jpg?sqp=-oaymwEcCNACELwBSFXyq4qpAw4IARUAAIhCGAFwAcABBg==&rs=AOn4CLCFdunFF96uSw4O-i1QcnLOLdMNyw,Jaime Gabaldoni,external-reference,embed_link_and_summarize_only
fA5SmVxP7PI,https://www.youtube.com/watch?v=fA5SmVxP7PI,Indian FTR 1200 S 2019 | Encendido,62.0,,videos,https://i.ytimg.com/vi/fA5SmVxP7PI/hqdefault.jpg?sqp=-oaymwEcCNACELwBSFXyq4qpAw4IARUAAIhCGAFwAcABBg==&rs=AOn4CLD1FjZYVR6p-YLWvXZozSVzkAUb0w,Jaime Gabaldoni,external-reference,embed_link_and_summarize_only
gFYjMDp3kGE,https://www.youtube.com/watch?v=gFYjMDp3kGE,McLaren 720s 2019 | Detalles en vivo,2292.0,,videos,https://i.ytimg.com/vi/gFYjMDp3kGE/hqdefault.jpg?sqp=-oaymwEcCNACELwBSFXyq4qpAw4IARUAAIhCGAFwAcABBg==&rs=AOn4CLArHc0qsa-MWUe6vyC2_IU-RxpCQw,Jaime Gabaldoni,external-reference,embed_link_and_summarize_only
pukBWbEylvU,https://www.youtube.com/watch?v=pukBWbEylvU,McLaren 720s 2019 | Encendido,62.0,,videos,https://i.ytimg.com/vi/pukBWbEylvU/hqdefault.jpg?sqp=-oaymwEcCNACELwBSFXyq4qpAw4IARUAAIhCGAFwAcABBg==&rs=AOn4CLBUNOhvd6L-ib9-YTiFfjOyA1jWoQ,Jaime Gabaldoni,external-reference,embed_link_and_summarize_only
_QxoAsHhK90,https://www.youtube.com/watch?v=_QxoAsHhK90,Mini Cooper S 2019 | Encendido,62.0,,videos,https://i.ytimg.com/vi/_QxoAsHhK90/hqdefault.jpg?sqp=-oaymwEcCNACELwBSFXyq4qpAw4IARUAAIhCGAFwAcABBg==&rs=AOn4CLAGwoIVmfTLAAmoM3AcFEMbaFsHtQ,Jaime Gabaldoni,external-reference,embed_link_and_summarize_only
hRsi_a_flRk,https://www.youtube.com/watch?v=hRsi_a_flRk,Kia Telluride 2020 | Detalles en vivo,1885.0,,videos,https://i.ytimg.com/vi/hRsi_a_flRk/hqdefault.jpg?sqp=-oaymwEcCNACELwBSFXyq4qpAw4IARUAAIhCGAFwAcABBg==&rs=AOn4CLBJJuIEgG-Vew_OTBwdCJYDsfKfjg,Jaime Gabaldoni,external-reference,embed_link_and_summarize_only
yK8J_7u6eSo,https://www.youtube.com/watch?v=yK8J_7u6eSo,Kia Telluride 2020 | Encendido,64.0,,videos,https://i.ytimg.com/vi/yK8J_7u6eSo/hqdefault.jpg?sqp=-oaymwEcCNACELwBSFXyq4qpAw4IARUAAIhCGAFwAcABBg==&rs=AOn4CLCiYjOekW6x_eSyAZzc4p4Wolsalg,Jaime Gabaldoni,external-reference,embed_link_and_summarize_only
KA7uaw76I_A,https://www.youtube.com/watch?v=KA7uaw76I_A,Lincoln Corsair 2020 | Detalles en vivo desde NYIAS,639.0,,videos,https://i.ytimg.com/vi/KA7uaw76I_A/hqdefault.jpg?sqp=-oaymwEcCNACELwBSFXyq4qpAw4IARUAAIhCGAFwAcABBg==&rs=AOn4CLBgl3ZLUeFrqMbX0ZaDkafd9nyecA,Jaime Gabaldoni,external-reference,embed_link_and_summarize_only
atqf5BvkKzk,https://www.youtube.com/watch?v=atqf5BvkKzk,Volkswagen Tarok Concept | NY Auto Show 2019,555.0,,videos,https://i.ytimg.com/vi/atqf5BvkKzk/hqdefault.jpg?sqp=-oaymwEcCNACELwBSFXyq4qpAw4IARUAAIhCGAFwAcABBg==&rs=AOn4CLBJkNKSXkqkVAoAT5ovRn3t3ukZLA,Jaime Gabaldoni,external-reference,embed_link_and_summarize_only
ArE_60Hnc6E,https://www.youtube.com/watch?v=ArE_60Hnc6E,Lamborghini Huracán EVO 2020 | Detalles en vivo desde NY,609.0,,videos,https://i.ytimg.com/vi/ArE_60Hnc6E/hqdefault.jpg?sqp=-oaymwEcCNACELwBSFXyq4qpAw4IARUAAIhCGAFwAcABBg==&rs=AOn4CLAZi9kssMC4bI-bzCUg4n2Ar62YQw,Jaime Gabaldoni,external-reference,embed_link_and_summarize_only
6Y-jLD6otMo,https://www.youtube.com/watch?v=6Y-jLD6otMo,Nissan GT-R 2020 | Detalles en vivo desde NY 2019,591.0,,videos,https://i.ytimg.com/vi/6Y-jLD6otMo/hqdefault.jpg?sqp=-oaymwEcCNACELwBSFXyq4qpAw4IARUAAIhCGAFwAcABBg==&rs=AOn4CLCSB6wVrhye-xOQd6OLoti8jDfQvA,Jaime Gabaldoni,external-reference,embed_link_and_summarize_only
CzA7uw5dNqc,https://www.youtube.com/watch?v=CzA7uw5dNqc,Jeep Gladiator 2020 | Encendido,61.0,,videos,https://i.ytimg.com/vi/CzA7uw5dNqc/hqdefault.jpg?sqp=-oaymwEcCNACELwBSFXyq4qpAw4IARUAAIhCGAFwAcABBg==&rs=AOn4CLBrSZmLru5xm_1ZzV5wFVYfzV7G7A,Jaime Gabaldoni,external-reference,embed_link_and_summarize_only
a-Z_fZrQa3g,https://www.youtube.com/watch?v=a-Z_fZrQa3g,RAM 3500 Heavy Duty 2019 | Detalles en vivo,1559.0,,videos,https://i.ytimg.com/vi/a-Z_fZrQa3g/hqdefault.jpg?sqp=-oaymwEcCNACELwBSFXyq4qpAw4IARUAAIhCGAFwAcABBg==&rs=AOn4CLCH6P70EFHBJsSb3kc9Nf9bKLJyVg,Jaime Gabaldoni,external-reference,embed_link_and_summarize_only
jR3_a6royL8,https://www.youtube.com/watch?v=jR3_a6royL8,Ram 3500 Heavy Duty 2019 | Encendido,63.0,,videos,https://i.ytimg.com/vi/jR3_a6royL8/hqdefault.jpg?sqp=-oaymwEcCNACELwBSFXyq4qpAw4IARUAAIhCGAFwAcABBg==&rs=AOn4CLASqUeYM0_u_2MQLGqzTgEqpTkmnQ,Jaime Gabaldoni,external-reference,embed_link_and_summarize_only
y2HC50Drl-c,https://www.youtube.com/watch?v=y2HC50Drl-c,Volkswagen Jetta GLI 2019 | Encendido,63.0,,videos,https://i.ytimg.com/vi/y2HC50Drl-c/hqdefault.jpg?sqp=-oaymwEcCNACELwBSFXyq4qpAw4IARUAAIhCGAFwAcABBg==&rs=AOn4CLDcweb1ulAXBgVOvOfZAIPC2OKvWg,Jaime Gabaldoni,external-reference,embed_link_and_summarize_only
enfBAHoHzwA,https://www.youtube.com/watch?v=enfBAHoHzwA,Nissan Kicks 2019 | Detalles en vivo,1313.0,,videos,https://i.ytimg.com/vi/enfBAHoHzwA/hqdefault.jpg?sqp=-oaymwEcCNACELwBSFXyq4qpAw4IARUAAIhCGAFwAcABBg==&rs=AOn4CLCLFjIvIiUj7wLc0MqKe4og0IG9zg,Jaime Gabaldoni,external-reference,embed_link_and_summarize_only
hEiQkHChfBs,https://www.youtube.com/watch?v=hEiQkHChfBs,Nissan Kicks 2019 | Encendido,62.0,,videos,https://i.ytimg.com/vi/hEiQkHChfBs/hqdefault.jpg?sqp=-oaymwEcCNACELwBSFXyq4qpAw4IARUAAIhCGAFwAcABBg==&rs=AOn4CLCAF6OryniU15UDc6RB_hJGl8280A,Jaime Gabaldoni,external-reference,embed_link_and_summarize_only
kSMuW-ZZvIg,https://www.youtube.com/watch?v=kSMuW-ZZvIg,Mercedes-AMG S63 2019 Coupe - Detalles en vivo,1715.0,,videos,https://i.ytimg.com/vi/kSMuW-ZZvIg/hqdefault.jpg?sqp=-oaymwEcCNACELwBSFXyq4qpAw4IARUAAIhCGAFwAcABBg==&rs=AOn4CLAr5hHdAM8PAtiPiWK3Gl1Jnyr5qQ,Jaime Gabaldoni,external-reference,embed_link_and_summarize_only
e4evkcPeJIc,https://www.youtube.com/watch?v=e4evkcPeJIc,Mercedes-AMG S63 2019 Coupe - Encendido,62.0,,videos,https://i.ytimg.com/vi/e4evkcPeJIc/hqdefault.jpg?sqp=-oaymwEcCNACELwBSFXyq4qpAw4IARUAAIhCGAFwAcABBg==&rs=AOn4CLB76nox7cgyMNHKWEZYk_571riXdQ,Jaime Gabaldoni,external-reference,embed_link_and_summarize_only
RaV7yamBqHU,https://www.youtube.com/watch?v=RaV7yamBqHU,Volkswagen Tiguan 2.0T SE 2019 | Detalles en vivo,1537.0,,videos,https://i.ytimg.com/vi/RaV7yamBqHU/hqdefault.jpg?sqp=-oaymwEcCNACELwBSFXyq4qpAw4IARUAAIhCGAFwAcABBg==&rs=AOn4CLBQQjFFWqjElykEvzgLR7nhz2NLLg,Jaime Gabaldoni,external-reference,embed_link_and_summarize_only
owTi9YjedF8,https://www.youtube.com/watch?v=owTi9YjedF8,Volkswagen Tiguan 2.0T SE 2019 | Encendido,64.0,,videos,https://i.ytimg.com/vi/owTi9YjedF8/hqdefault.jpg?sqp=-oaymwEcCNACELwBSFXyq4qpAw4IARUAAIhCGAFwAcABBg==&rs=AOn4CLCFXNU7ux-ld3WXd4ot10ZDg0S9hg,Jaime Gabaldoni,external-reference,embed_link_and_summarize_only
lP5lYhmEKFc,https://www.youtube.com/watch?v=lP5lYhmEKFc,Ferrari Testarossa | Detalles en vivo,996.0,,videos,https://i.ytimg.com/vi/lP5lYhmEKFc/hqdefault.jpg?sqp=-oaymwEcCNACELwBSFXyq4qpAw4IARUAAIhCGAFwAcABBg==&rs=AOn4CLDQAL2H4RNO4e3HZvKfq2gZgnHpAw,Jaime Gabaldoni,external-reference,embed_link_and_summarize_only
rISj-9HTWos,https://www.youtube.com/watch?v=rISj-9HTWos,Mercedes-AMG G63 2019 | Detalles en vivo,1864.0,,videos,https://i.ytimg.com/vi/rISj-9HTWos/hqdefault.jpg?sqp=-oaymwEcCNACELwBSFXyq4qpAw4IARUAAIhCGAFwAcABBg==&rs=AOn4CLC6biEoIfH_FS5FOWKymISj96tBrQ,Jaime Gabaldoni,external-reference,embed_link_and_summarize_only
3kR7z1mHIKw,https://www.youtube.com/watch?v=3kR7z1mHIKw,Mercedes-AMG G63 2019 | Encendido,62.0,,videos,https://i.ytimg.com/vi/3kR7z1mHIKw/hqdefault.jpg?sqp=-oaymwEcCNACELwBSFXyq4qpAw4IARUAAIhCGAFwAcABBg==&rs=AOn4CLChwg1-Tkk4ASR0DdCRQrHvFbXUyQ,Jaime Gabaldoni,external-reference,embed_link_and_summarize_only
3yXBmUBCn1o,https://www.youtube.com/watch?v=3yXBmUBCn1o,RAM 2500 Heavy Duty 2019 | Encendido,61.0,,videos,https://i.ytimg.com/vi/3yXBmUBCn1o/hqdefault.jpg?sqp=-oaymwEcCNACELwBSFXyq4qpAw4IARUAAIhCGAFwAcABBg==&rs=AOn4CLAklUx9XwCc7IKiKSH4cpdSzttgeQ,Jaime Gabaldoni,external-reference,embed_link_and_summarize_only
4KPoL_NCncA,https://www.youtube.com/watch?v=4KPoL_NCncA,Nissan 370Z Roadster 2019 | Detalles en vivo,1450.0,,videos,https://i.ytimg.com/vi/4KPoL_NCncA/hqdefault.jpg?sqp=-oaymwEcCNACELwBSFXyq4qpAw4IARUAAIhCGAFwAcABBg==&rs=AOn4CLCzsyPk5XbtzD8Ju0Qpjc8mpbbxBA,Jaime Gabaldoni,external-reference,embed_link_and_summarize_only
MI1aPCXvRt0,https://www.youtube.com/watch?v=MI1aPCXvRt0,Nissan 370Z Roadster 2019 | Encendido,62.0,,videos,https://i.ytimg.com/vi/MI1aPCXvRt0/hqdefault.jpg?sqp=-oaymwEcCNACELwBSFXyq4qpAw4IARUAAIhCGAFwAcABBg==&rs=AOn4CLA7Uae7vIq5aE5oVn69ZDuHWj-XUw,Jaime Gabaldoni,external-reference,embed_link_and_summarize_only
_v8Hl7UVmT0,https://www.youtube.com/watch?v=_v8Hl7UVmT0,BMW M5 Competition 2019 | Detalles en vivo (Imagen vertical),1641.0,,videos,https://i.ytimg.com/vi/_v8Hl7UVmT0/hqdefault.jpg?sqp=-oaymwEcCNACELwBSFXyq4qpAw4IARUAAIhCGAFwAcABBg==&rs=AOn4CLCXbtNBwndeCo9Vr3myGbPktKJ_-w,Jaime Gabaldoni,external-reference,embed_link_and_summarize_only
4Angf0LXRpU,https://www.youtube.com/watch?v=4Angf0LXRpU,BMW M5 Competition Exhaust Sound,62.0,,videos,https://i.ytimg.com/vi/4Angf0LXRpU/hqdefault.jpg?sqp=-oaymwEcCNACELwBSFXyq4qpAw4IARUAAIhCGAFwAcABBg==&rs=AOn4CLCvbAgOOs7bH5CygirQyv77GcOuzw,Jaime Gabaldoni,external-reference,embed_link_and_summarize_only
tBOK-UlXo3s,https://www.youtube.com/watch?v=tBOK-UlXo3s,BMW i8 Roadster 2019 | Detalles en vivo (Imagenes vertical),882.0,,videos,https://i.ytimg.com/vi/tBOK-UlXo3s/hqdefault.jpg?sqp=-oaymwEcCNACELwBSFXyq4qpAw4IARUAAIhCGAFwAcABBg==&rs=AOn4CLDDDrRaAIpK_eHys3nRCM306CiBcA,Jaime Gabaldoni,external-reference,embed_link_and_summarize_only
GwAsdkRHNdI,https://www.youtube.com/watch?v=GwAsdkRHNdI,BMW i8 Roadster 2019 | Encendido,58.0,,videos,https://i.ytimg.com/vi/GwAsdkRHNdI/hqdefault.jpg?sqp=-oaymwEcCNACELwBSFXyq4qpAw4IARUAAIhCGAFwAcABBg==&rs=AOn4CLDiB6o6I61LUSAV5EaC0asxmfo1KQ,Jaime Gabaldoni,external-reference,embed_link_and_summarize_only
HqxA3q5cvhk,https://www.youtube.com/watch?v=HqxA3q5cvhk,BMW Alpina B7 2020 | Detalles en vivo (Imagenes en Vertical),1977.0,,videos,https://i.ytimg.com/vi/HqxA3q5cvhk/hqdefault.jpg?sqp=-oaymwEcCNACELwBSFXyq4qpAw4IARUAAIhCGAFwAcABBg==&rs=AOn4CLD__uLjiZZ88_dIkgKcX97LIf-K2w,Jaime Gabaldoni,external-reference,embed_link_and_summarize_only
FM38pQ_dWiw,https://www.youtube.com/watch?v=FM38pQ_dWiw,BMW ALPINA B7 2020 | Encendido,61.0,,videos,https://i.ytimg.com/vi/FM38pQ_dWiw/hqdefault.jpg?sqp=-oaymwEcCNACELwBSFXyq4qpAw4IARUAAIhCGAFwAcABBg==&rs=AOn4CLBTY4tTH3MzdVs4h5MbuewAKWxI8g,Jaime Gabaldoni,external-reference,embed_link_and_summarize_only
DUmOtXmBPWM,https://www.youtube.com/watch?v=DUmOtXmBPWM,Hyundai Santa Fe 2019 | Detalles en vivo (Imagenes en Vertical),1557.0,,videos,https://i.ytimg.com/vi/DUmOtXmBPWM/hqdefault.jpg?sqp=-oaymwEcCNACELwBSFXyq4qpAw4IARUAAIhCGAFwAcABBg==&rs=AOn4CLD8tNL5DxN6YRjEvpQcrFfAsByEXQ,Jaime Gabaldoni,external-reference,embed_link_and_summarize_only
yDjn2uDUcoU,https://www.youtube.com/watch?v=yDjn2uDUcoU,Hyundai Santa Fe 2019 | Encendido,61.0,,videos,https://i.ytimg.com/vi/yDjn2uDUcoU/hqdefault.jpg?sqp=-oaymwEcCNACELwBSFXyq4qpAw4IARUAAIhCGAFwAcABBg==&rs=AOn4CLA4HXezQ_iHAxip02SCQffMIHteag,Jaime Gabaldoni,external-reference,embed_link_and_summarize_only
cgKQBa2NDIw,https://www.youtube.com/watch?v=cgKQBa2NDIw,Mazda MX-5 Miata 30 Aniversario | Detalles en vivo (Imagenes en Vertical),880.0,,videos,https://i.ytimg.com/vi/cgKQBa2NDIw/hqdefault.jpg?sqp=-oaymwEcCNACELwBSFXyq4qpAw4IARUAAIhCGAFwAcABBg==&rs=AOn4CLDnInMmJUDjZdahEgswLELDT41AkQ,Jaime Gabaldoni,external-reference,embed_link_and_summarize_only
GZEScog1c7g,https://www.youtube.com/watch?v=GZEScog1c7g,Acura NSX 2019 | Detalles en vivo (Imagenes en Vertical),2626.0,,videos,https://i.ytimg.com/vi/GZEScog1c7g/hqdefault.jpg?sqp=-oaymwEcCNACELwBSFXyq4qpAw4IARUAAIhCGAFwAcABBg==&rs=AOn4CLBNNTrposQurq7_BODV5QTgaroV1w,Jaime Gabaldoni,external-reference,embed_link_and_summarize_only
y_AM80Xhs8I,https://www.youtube.com/watch?v=y_AM80Xhs8I,Acura NSX 2019 | Encendido,64.0,,videos,https://i.ytimg.com/vi/y_AM80Xhs8I/hqdefault.jpg?sqp=-oaymwEcCNACELwBSFXyq4qpAw4IARUAAIhCGAFwAcABBg==&rs=AOn4CLBtwejLyFRXA5iszDlliWVy-FIgbQ,Jaime Gabaldoni,external-reference,embed_link_and_summarize_only
46aKsKvKcJw,https://www.youtube.com/watch?v=46aKsKvKcJw,Ford F-150 Harley Davidson 2019 | Detalles en vivo (Imagenes en Vertical),624.0,,videos,https://i.ytimg.com/vi/46aKsKvKcJw/hqdefault.jpg?sqp=-oaymwEcCNACELwBSFXyq4qpAw4IARUAAIhCGAFwAcABBg==&rs=AOn4CLCImK1n6IiGMbhaNoTqhPzlOsmHjA,Jaime Gabaldoni,external-reference,embed_link_and_summarize_only
5uZvT-3A5gc,https://www.youtube.com/watch?v=5uZvT-3A5gc,Volkswagen Jetta GLI 2020 | Detalles en vivo (Imagenes en Vertical),739.0,,videos,https://i.ytimg.com/vi/5uZvT-3A5gc/hqdefault.jpg?sqp=-oaymwEcCNACELwBSFXyq4qpAw4IARUAAIhCGAFwAcABBg==&rs=AOn4CLDKutKqopHI25p3UIcRnLSFZx50cA,Jaime Gabaldoni,external-reference,embed_link_and_summarize_only
BZ1go33cRaM,https://www.youtube.com/watch?v=BZ1go33cRaM,Mercedes-Benz E450 Coupe 2019 | Detalles en vivo (Imagenes en Vertical),2398.0,,videos,https://i.ytimg.com/vi/BZ1go33cRaM/hqdefault.jpg?sqp=-oaymwEcCNACELwBSFXyq4qpAw4IARUAAIhCGAFwAcABBg==&rs=AOn4CLD1vSlPxmey4voUVjhs-ilxvaTO3g,Jaime Gabaldoni,external-reference,embed_link_and_summarize_only
hEi6eYlNxdc,https://www.youtube.com/watch?v=hEi6eYlNxdc,Mercedes-Benz E450 Coupe 2019 | Encendido,64.0,,videos,https://i.ytimg.com/vi/hEi6eYlNxdc/hqdefault.jpg?sqp=-oaymwE2CNACELwBSFXyq4qpAygIARUAAIhCGAFwAcABBvABAfgB_gmAAtAFigIMCAAQARhlIF4oVjAP&rs=AOn4CLDOtTdnRyTkOwmlH_wZiTef4VFpiw,Jaime Gabaldoni,external-reference,embed_link_and_summarize_only
gWYb1jB-RJI,https://www.youtube.com/watch?v=gWYb1jB-RJI,Nissan Rogue Sport 2019 | Encendido,64.0,,videos,https://i.ytimg.com/vi/gWYb1jB-RJI/hqdefault.jpg?sqp=-oaymwEcCNACELwBSFXyq4qpAw4IARUAAIhCGAFwAcABBg==&rs=AOn4CLAwoiRj0qrnDqAAenr0KqcW_bkv9g,Jaime Gabaldoni,external-reference,embed_link_and_summarize_only
YvNFP88m8Bg,https://www.youtube.com/watch?v=YvNFP88m8Bg,Acura MDX A-Spec 2019 | Encendido,63.0,,videos,https://i.ytimg.com/vi/YvNFP88m8Bg/hqdefault.jpg?sqp=-oaymwEcCNACELwBSFXyq4qpAw4IARUAAIhCGAFwAcABBg==&rs=AOn4CLBTYQaEtTPTep2_iOO8dUemSzIBIA,Jaime Gabaldoni,external-reference,embed_link_and_summarize_only
2MPjrcyt0yo,https://www.youtube.com/watch?v=2MPjrcyt0yo,Audi Q8 2019 | Detalles en vivo (Imagenes en Vertical),1646.0,,videos,https://i.ytimg.com/vi/2MPjrcyt0yo/hqdefault.jpg?sqp=-oaymwEcCNACELwBSFXyq4qpAw4IARUAAIhCGAFwAcABBg==&rs=AOn4CLCpeBJwadYFeYupg8s0-4D3mvWTfg,Jaime Gabaldoni,external-reference,embed_link_and_summarize_only
90CDUeCp9sY,https://www.youtube.com/watch?v=90CDUeCp9sY,Audi Q8 2019 | Encendido,61.0,,videos,https://i.ytimg.com/vi/90CDUeCp9sY/hqdefault.jpg?sqp=-oaymwE2CNACELwBSFXyq4qpAygIARUAAIhCGAFwAcABBvABAfgB_gmAAtAFigIMCAAQARhlIFIoUTAP&rs=AOn4CLAbFxcF9SP_ZtA0B6OKi-ea58ISdw,Jaime Gabaldoni,external-reference,embed_link_and_summarize_only
1falqkrPNPc,https://www.youtube.com/watch?v=1falqkrPNPc,Ford Mustang Shelby GT500 2020 | A Bordo,473.0,,videos,https://i.ytimg.com/vi/1falqkrPNPc/hqdefault.jpg?sqp=-oaymwEcCNACELwBSFXyq4qpAw4IARUAAIhCGAFwAcABBg==&rs=AOn4CLDaicP7FzXnqPFpq9hzcPZ4M9BE0g,Jaime Gabaldoni,external-reference,embed_link_and_summarize_only
VWYN2FN3spM,https://www.youtube.com/watch?v=VWYN2FN3spM,Subaru WRX STi S209 | A Bordo en vivo desde NAIAS,530.0,,videos,https://i.ytimg.com/vi/VWYN2FN3spM/hqdefault.jpg?sqp=-oaymwE2CNACELwBSFXyq4qpAygIARUAAIhCGAFwAcABBvABAfgB_gmAAtAFigIMCAAQARhyIEcoRDAP&rs=AOn4CLAOTsw69VSFeHeF1low4h4l6hGkCw,Jaime Gabaldoni,external-reference,embed_link_and_summarize_only
K7DWPRtTBMI,https://www.youtube.com/watch?v=K7DWPRtTBMI,RAM Heavy Duty 2019 | Detalles en vivo desde NAIAS,842.0,,videos,https://i.ytimg.com/vi/K7DWPRtTBMI/hqdefault.jpg?sqp=-oaymwEcCNACELwBSFXyq4qpAw4IARUAAIhCGAFwAcABBg==&rs=AOn4CLDo5iUeq9dvXugnkXpRTc2UGPw9mA,Jaime Gabaldoni,external-reference,embed_link_and_summarize_only
3Mjitj63mdk,https://www.youtube.com/watch?v=3Mjitj63mdk,Toyota Supra 2020 | A Bordo en vivo desde NAIAS,607.0,,videos,https://i.ytimg.com/vi/3Mjitj63mdk/hqdefault.jpg?sqp=-oaymwEcCNACELwBSFXyq4qpAw4IARUAAIhCGAFwAcABBg==&rs=AOn4CLCNBWp6P_gG1FTWheQgWVMgoSUX5w,Jaime Gabaldoni,external-reference,embed_link_and_summarize_only
zcbjcbmdlZ0,https://www.youtube.com/watch?v=zcbjcbmdlZ0,Range Rover Sport P400e 2019 | Detalles en vivo,2208.0,,videos,https://i.ytimg.com/vi/zcbjcbmdlZ0/hqdefault.jpg?sqp=-oaymwE2CNACELwBSFXyq4qpAygIARUAAIhCGAFwAcABBvABAfgB_gmAAtAFigIMCAAQARhlIEYoRjAP&rs=AOn4CLBkskXnE9hTU_HfNvnuBH9xLlSpTA,Jaime Gabaldoni,external-reference,embed_link_and_summarize_only
N9cirJk6Bw8,https://www.youtube.com/watch?v=N9cirJk6Bw8,Range Rover Sport P400e 2019 | Encendido,62.0,,videos,https://i.ytimg.com/vi/N9cirJk6Bw8/hqdefault.jpg?sqp=-oaymwEcCNACELwBSFXyq4qpAw4IARUAAIhCGAFwAcABBg==&rs=AOn4CLBxNhJNxpKlyKrbRxocd2JkDHPIxw,Jaime Gabaldoni,external-reference,embed_link_and_summarize_only
DrlwJLm_yb8,https://www.youtube.com/watch?v=DrlwJLm_yb8,Lamborghini Countach LP5000 QV 1988 | Encendido,61.0,,videos,https://i.ytimg.com/vi/DrlwJLm_yb8/hqdefault.jpg?sqp=-oaymwEcCNACELwBSFXyq4qpAw4IARUAAIhCGAFwAcABBg==&rs=AOn4CLAZ5lA2j-lEGmpTLmPaSruz84AkJA,Jaime Gabaldoni,external-reference,embed_link_and_summarize_only
PJjJS3GBwEk,https://www.youtube.com/watch?v=PJjJS3GBwEk,Nissan Armada Platinum Reserve 2019 | Detalles en vivo,1921.0,,videos,https://i.ytimg.com/vi/PJjJS3GBwEk/hqdefault.jpg?sqp=-oaymwEcCNACELwBSFXyq4qpAw4IARUAAIhCGAFwAcABBg==&rs=AOn4CLAOnXzrjgo78Ny5GpICDILwpYh2Rw,Jaime Gabaldoni,external-reference,embed_link_and_summarize_only
6HpROJutBf0,https://www.youtube.com/watch?v=6HpROJutBf0,Nissan Armada Platinum Reserve 2019 | Encendido,62.0,,videos,https://i.ytimg.com/vi/6HpROJutBf0/hqdefault.jpg?sqp=-oaymwEcCNACELwBSFXyq4qpAw4IARUAAIhCGAFwAcABBg==&rs=AOn4CLCfMdrnqeAHX-yJuBTl2cQvMhtghg,Jaime Gabaldoni,external-reference,embed_link_and_summarize_only
6mf01-xS9QY,https://www.youtube.com/watch?v=6mf01-xS9QY,Nissan Murano Platinum 2018 | Encendido,62.0,,videos,https://i.ytimg.com/vi/6mf01-xS9QY/hqdefault.jpg?sqp=-oaymwEcCNACELwBSFXyq4qpAw4IARUAAIhCGAFwAcABBg==&rs=AOn4CLCUNSNxJ3E0fWXe_Ivf3xIiYbM2DA,Jaime Gabaldoni,external-reference,embed_link_and_summarize_only
1NruQxw4sy8,https://www.youtube.com/watch?v=1NruQxw4sy8,Mercedes-AMG GT c Roadster | Detalles en vivo,2077.0,,videos,https://i.ytimg.com/vi/1NruQxw4sy8/hqdefault.jpg?sqp=-oaymwEcCNACELwBSFXyq4qpAw4IARUAAIhCGAFwAcABBg==&rs=AOn4CLBeJPZkUGSXjxnsxp7qJw4E-r8jiw,Jaime Gabaldoni,external-reference,embed_link_and_summarize_only
W9xyKAy3ljs,https://www.youtube.com/watch?v=W9xyKAy3ljs,Mercedes-AMG GT c Roadster | Encendido,62.0,,videos,https://i.ytimg.com/vi/W9xyKAy3ljs/hqdefault.jpg?sqp=-oaymwEcCNACELwBSFXyq4qpAw4IARUAAIhCGAFwAcABBg==&rs=AOn4CLCZxkSS4ZZSjJIq-LNLULXbHa8MUw,Jaime Gabaldoni,external-reference,embed_link_and_summarize_only
Ez9grzlxUoI,https://www.youtube.com/watch?v=Ez9grzlxUoI,Ford Ranger 2019 | Encendido,62.0,,videos,https://i.ytimg.com/vi/Ez9grzlxUoI/hqdefault.jpg?sqp=-oaymwEcCNACELwBSFXyq4qpAw4IARUAAIhCGAFwAcABBg==&rs=AOn4CLAMhkJnOz8YcT1IJdFak056s5BKOg,Jaime Gabaldoni,external-reference,embed_link_and_summarize_only
kCicB-bARec,https://www.youtube.com/watch?v=kCicB-bARec,Cadillac CTS-V Sedán 2019 | Detalles en vivo,2083.0,,videos,https://i.ytimg.com/vi/kCicB-bARec/hqdefault.jpg?sqp=-oaymwEcCNACELwBSFXyq4qpAw4IARUAAIhCGAFwAcABBg==&rs=AOn4CLBas6WFDhr-KTwqA-FFkiwGWFrPag,Jaime Gabaldoni,external-reference,embed_link_and_summarize_only
e7raYHHZBr0,https://www.youtube.com/watch?v=e7raYHHZBr0,Cadillac CTS-V Sedán 2019 | Encendido,62.0,,videos,https://i.ytimg.com/vi/e7raYHHZBr0/hqdefault.jpg?sqp=-oaymwEcCNACELwBSFXyq4qpAw4IARUAAIhCGAFwAcABBg==&rs=AOn4CLBRTIQAWo3UgacZpiexMUom-5KT0A,Jaime Gabaldoni,external-reference,embed_link_and_summarize_only
W9nrUviX4YA,https://www.youtube.com/watch?v=W9nrUviX4YA,Audi e-tron | Detalles en vivo,2140.0,,videos,https://i.ytimg.com/vi/W9nrUviX4YA/hqdefault.jpg?sqp=-oaymwEcCNACELwBSFXyq4qpAw4IARUAAIhCGAFwAcABBg==&rs=AOn4CLAcVBCgRbuCk4r1MDFAeOGIwaW2sw,Jaime Gabaldoni,external-reference,embed_link_and_summarize_only
pYWR3JUzOKs,https://www.youtube.com/watch?v=pYWR3JUzOKs,Audi e-tron | Encendido,63.0,,videos,https://i.ytimg.com/vi/pYWR3JUzOKs/hqdefault.jpg?sqp=-oaymwEcCNACELwBSFXyq4qpAw4IARUAAIhCGAFwAcABBg==&rs=AOn4CLD9MGVB8wkDw6pyLSpFdlOYjsOv_A,Jaime Gabaldoni,external-reference,embed_link_and_summarize_only
EwCBvnm2LV4,https://www.youtube.com/watch?v=EwCBvnm2LV4,Rezvani TANK Military Edition 2018 | Detalles en vivo,1212.0,,videos,https://i.ytimg.com/vi/EwCBvnm2LV4/hqdefault.jpg?sqp=-oaymwEcCNACELwBSFXyq4qpAw4IARUAAIhCGAFwAcABBg==&rs=AOn4CLDg4tCN7n4CPT8o86j9pgTJjc2ASg,Jaime Gabaldoni,external-reference,embed_link_and_summarize_only
jBjmdRVBcIQ,https://www.youtube.com/watch?v=jBjmdRVBcIQ,Rezvani TANK Military Edition 2018 | Encendido,63.0,,videos,https://i.ytimg.com/vi/jBjmdRVBcIQ/hqdefault.jpg?sqp=-oaymwEcCNACELwBSFXyq4qpAw4IARUAAIhCGAFwAcABBg==&rs=AOn4CLDWCW5gG8KB9hvwNDLHqLC7UZU3bw,Jaime Gabaldoni,external-reference,embed_link_and_summarize_only
VDPn1BuILtc,https://www.youtube.com/watch?v=VDPn1BuILtc,Mercedes-AMG E63 S 2018 | Detalles en vivo,2088.0,,videos,https://i.ytimg.com/vi/VDPn1BuILtc/hqdefault.jpg?sqp=-oaymwEcCNACELwBSFXyq4qpAw4IARUAAIhCGAFwAcABBg==&rs=AOn4CLCyUgntPCZYHHoRSEZqrQdXLuBiog,Jaime Gabaldoni,external-reference,embed_link_and_summarize_only
N6jxca_Gvx8,https://www.youtube.com/watch?v=N6jxca_Gvx8,Mercedes-AMG E63 S 2018 | Encendido,62.0,,videos,https://i.ytimg.com/vi/N6jxca_Gvx8/hqdefault.jpg?sqp=-oaymwEcCNACELwBSFXyq4qpAw4IARUAAIhCGAFwAcABBg==&rs=AOn4CLD2uBKVvdCYdRnFfoJ7B4u4yK5r1g,Jaime Gabaldoni,external-reference,embed_link_and_summarize_only
ZUMO-S7qpqA,https://www.youtube.com/watch?v=ZUMO-S7qpqA,Jaguar I-Pace HSE 2019 | Detalles en vivo,2097.0,,videos,https://i.ytimg.com/vi/ZUMO-S7qpqA/hqdefault.jpg?sqp=-oaymwEcCNACELwBSFXyq4qpAw4IARUAAIhCGAFwAcABBg==&rs=AOn4CLAqFA79-FsRG0n72YVTTsA3DtOrPg,Jaime Gabaldoni,external-reference,embed_link_and_summarize_only
HresaL56ds4,https://www.youtube.com/watch?v=HresaL56ds4,Jaguar I-Pace HSE 2019 | Encendido,62.0,,videos,https://i.ytimg.com/vi/HresaL56ds4/hqdefault.jpg?sqp=-oaymwEcCNACELwBSFXyq4qpAw4IARUAAIhCGAFwAcABBg==&rs=AOn4CLCLvOI5LovExZyZx2WRrdYzKSe6ZA,Jaime Gabaldoni,external-reference,embed_link_and_summarize_only
rKbptgvbPoY,https://www.youtube.com/watch?v=rKbptgvbPoY,Jaguar XE SV Project 8 | Detalles en vivo,2189.0,,videos,https://i.ytimg.com/vi/rKbptgvbPoY/hqdefault.jpg?sqp=-oaymwE2CNACELwBSFXyq4qpAygIARUAAIhCGAFwAcABBvABAfgB_gmAAtAFigIMCAAQARhlIEooQjAP&rs=AOn4CLCYaropc97uSpVRob_hl3wUfB0YOw,Jaime Gabaldoni,external-reference,embed_link_and_summarize_only
jkMfxc-f1X8,https://www.youtube.com/watch?v=jkMfxc-f1X8,Jaguar XE SV Project 8 | Encendido,62.0,,videos,https://i.ytimg.com/vi/jkMfxc-f1X8/hqdefault.jpg?sqp=-oaymwEcCNACELwBSFXyq4qpAw4IARUAAIhCGAFwAcABBg==&rs=AOn4CLDwWf1dJ3KrotLQ6J91er-ZLlIKJA,Jaime Gabaldoni,external-reference,embed_link_and_summarize_only
GtJdEk8jNxU,https://www.youtube.com/watch?v=GtJdEk8jNxU,Dodge Challenger SRT Hellcat Redeye | Detalles en vivo,2319.0,,videos,https://i.ytimg.com/vi/GtJdEk8jNxU/hqdefault.jpg?sqp=-oaymwEcCNACELwBSFXyq4qpAw4IARUAAIhCGAFwAcABBg==&rs=AOn4CLDb3UwUUff6-EMN3A__HE4-Dq9dPg,Jaime Gabaldoni,external-reference,embed_link_and_summarize_only
B8AVqahRIo4,https://www.youtube.com/watch?v=B8AVqahRIo4,Dodge Challenger SRT Hellcat Redeye | Encendido,62.0,,videos,https://i.ytimg.com/vi/B8AVqahRIo4/hqdefault.jpg?sqp=-oaymwEcCNACELwBSFXyq4qpAw4IARUAAIhCGAFwAcABBg==&rs=AOn4CLCmA0zdmSW954s-08Ol-wscIEVI8A,Jaime Gabaldoni,external-reference,embed_link_and_summarize_only
qG-qeBJpse8,https://www.youtube.com/watch?v=qG-qeBJpse8,Ford Mustang GT 2018 | Detalles en vivo,1837.0,,videos,https://i.ytimg.com/vi/qG-qeBJpse8/hqdefault.jpg?sqp=-oaymwEcCNACELwBSFXyq4qpAw4IARUAAIhCGAFwAcABBg==&rs=AOn4CLBBL5MJ8Rl7qgCh5nRBKPkyejxO0A,Jaime Gabaldoni,external-reference,embed_link_and_summarize_only
xDT_dXN-Zcs,https://www.youtube.com/watch?v=xDT_dXN-Zcs,Ford Mustang GT 2018 | Encendido,62.0,,videos,https://i.ytimg.com/vi/xDT_dXN-Zcs/hqdefault.jpg?sqp=-oaymwEcCNACELwBSFXyq4qpAw4IARUAAIhCGAFwAcABBg==&rs=AOn4CLDhpbB-1AYeRX9ORmtQ6aHqIIIa-Q,Jaime Gabaldoni,external-reference,embed_link_and_summarize_only
1yKVMUTVZ5I,https://www.youtube.com/watch?v=1yKVMUTVZ5I,Subaru Forester Limited 2019 | Detalles en vivo,2388.0,,videos,https://i.ytimg.com/vi/1yKVMUTVZ5I/hqdefault.jpg?sqp=-oaymwEcCNACELwBSFXyq4qpAw4IARUAAIhCGAFwAcABBg==&rs=AOn4CLC-02qwTMr_IJAwK-llMhpnSQIGYA,Jaime Gabaldoni,external-reference,embed_link_and_summarize_only
zsoHGdz2_7o,https://www.youtube.com/watch?v=zsoHGdz2_7o,Subaru Forester Limited 2019 | Encendido,62.0,,videos,https://i.ytimg.com/vi/zsoHGdz2_7o/hqdefault.jpg?sqp=-oaymwEcCNACELwBSFXyq4qpAw4IARUAAIhCGAFwAcABBg==&rs=AOn4CLBER8IjTM3Xeo7E7Ze_-b77fmC6LQ,Jaime Gabaldoni,external-reference,embed_link_and_summarize_only
4FR8S9Bv6mo,https://www.youtube.com/watch?v=4FR8S9Bv6mo,Jeep Cherokee Overland 2019 | Detalles en vivo,885.0,,videos,https://i.ytimg.com/vi/4FR8S9Bv6mo/hqdefault.jpg?sqp=-oaymwEcCNACELwBSFXyq4qpAw4IARUAAIhCGAFwAcABBg==&rs=AOn4CLDHIJ3mL1rWBijV29zDleTWs_YSnA,Jaime Gabaldoni,external-reference,embed_link_and_summarize_only
R-5q2cZNGPw,https://www.youtube.com/watch?v=R-5q2cZNGPw,Jeep Cherokee Overland 2019 | Encendido,62.0,,videos,https://i.ytimg.com/vi/R-5q2cZNGPw/hqdefault.jpg?sqp=-oaymwEcCNACELwBSFXyq4qpAw4IARUAAIhCGAFwAcABBg==&rs=AOn4CLBEpDiJp_Oc1Hmu_Wvcx4VIVQ5fnQ,Jaime Gabaldoni,external-reference,embed_link_and_summarize_only
BQ4teWN1xhY,https://www.youtube.com/watch?v=BQ4teWN1xhY,AIMExpo 2018 - En vivo,1917.0,,videos,https://i.ytimg.com/vi/BQ4teWN1xhY/hqdefault.jpg?sqp=-oaymwEcCNACELwBSFXyq4qpAw4IARUAAIhCGAFwAcABBg==&rs=AOn4CLBp6ochHzN1hBUcXQZjHUGsKQ5pYw,Jaime Gabaldoni,external-reference,embed_link_and_summarize_only
pJsCRlSRzBI,https://www.youtube.com/watch?v=pJsCRlSRzBI,Rolls-Royce Cullinan | Encendido,62.0,,videos,https://i.ytimg.com/vi/pJsCRlSRzBI/hqdefault.jpg?sqp=-oaymwE2CNACELwBSFXyq4qpAygIARUAAIhCGAFwAcABBvABAfgB_gmAAtAFigIMCAAQARhlIFIoPzAP&rs=AOn4CLA-Wwuc74hd3CXmj1dSx-Q_h-9QfA,Jaime Gabaldoni,external-reference,embed_link_and_summarize_only
WTeoyrAPGR8,https://www.youtube.com/watch?v=WTeoyrAPGR8,Chevrolet Silverado LTZ 2019 | Detalles en vivo,1963.0,,videos,https://i.ytimg.com/vi/WTeoyrAPGR8/hqdefault.jpg?sqp=-oaymwEcCNACELwBSFXyq4qpAw4IARUAAIhCGAFwAcABBg==&rs=AOn4CLDOWUsFNbKFDT4aftB5OHHhw6phbQ,Jaime Gabaldoni,external-reference,embed_link_and_summarize_only
GA-SUmUtxMA,https://www.youtube.com/watch?v=GA-SUmUtxMA,Chevrolet Silverado LTZ 2019 - Encendido,62.0,,videos,https://i.ytimg.com/vi/GA-SUmUtxMA/hqdefault.jpg?sqp=-oaymwE2CNACELwBSFXyq4qpAygIARUAAIhCGAFwAcABBvABAfgB_gmAAtAFigIMCAAQARhlIF8oUzAP&rs=AOn4CLAszBkV3e_n-_rJ4sdvTEUAobRVCQ,Jaime Gabaldoni,external-reference,embed_link_and_summarize_only
Utnhrch8byk,https://www.youtube.com/watch?v=Utnhrch8byk,Miami Auto Show 2018 | En Vivo,2438.0,,videos,https://i.ytimg.com/vi/Utnhrch8byk/hqdefault.jpg?sqp=-oaymwEcCNACELwBSFXyq4qpAw4IARUAAIhCGAFwAcABBg==&rs=AOn4CLDqU-HFyBM0ONG-u3O6V--mwAtQkQ,Jaime Gabaldoni,external-reference,embed_link_and_summarize_only
88C2_g_Tc3k,https://www.youtube.com/watch?v=88C2_g_Tc3k,Jeep Nacho Concept | Detalles en vivo,1503.0,,videos,https://i.ytimg.com/vi/88C2_g_Tc3k/hqdefault.jpg?sqp=-oaymwEcCNACELwBSFXyq4qpAw4IARUAAIhCGAFwAcABBg==&rs=AOn4CLBjKzJrrfP8V0ZApo9g7IN03Vg8IA,Jaime Gabaldoni,external-reference,embed_link_and_summarize_only
R9DFfm2OUvE,https://www.youtube.com/watch?v=R9DFfm2OUvE,Jeep Nacho Concept | Encendido,62.0,,videos,https://i.ytimg.com/vi/R9DFfm2OUvE/hqdefault.jpg?sqp=-oaymwEcCNACELwBSFXyq4qpAw4IARUAAIhCGAFwAcABBg==&rs=AOn4CLD6c5kLvNJ9ZsTKVXf0rkkFmZUeaQ,Jaime Gabaldoni,external-reference,embed_link_and_summarize_only
UVXdnjBDOwk,https://www.youtube.com/watch?v=UVXdnjBDOwk,Subaru BRZ tS STi 2018 | Detalles en vivo,1779.0,,videos,https://i.ytimg.com/vi/UVXdnjBDOwk/hqdefault.jpg?sqp=-oaymwEcCNACELwBSFXyq4qpAw4IARUAAIhCGAFwAcABBg==&rs=AOn4CLAUXvdOc1LOl25hZsnLxrEBerB6KQ,Jaime Gabaldoni,external-reference,embed_link_and_summarize_only
y2rNCc7HWvU,https://www.youtube.com/watch?v=y2rNCc7HWvU,Subaru BRZ tS STi 2018 | Encendido,64.0,,videos,https://i.ytimg.com/vi/y2rNCc7HWvU/hqdefault.jpg?sqp=-oaymwEcCNACELwBSFXyq4qpAw4IARUAAIhCGAFwAcABBg==&rs=AOn4CLAlOlZlpj7271MYoWBN1jTenA2S6g,Jaime Gabaldoni,external-reference,embed_link_and_summarize_only
TKVv1ldSl5E,https://www.youtube.com/watch?v=TKVv1ldSl5E,Chevrolet Traverse Redline Edition 2018 | Detalles en vivo,2280.0,,videos,https://i.ytimg.com/vi/TKVv1ldSl5E/hqdefault.jpg?sqp=-oaymwEcCNACELwBSFXyq4qpAw4IARUAAIhCGAFwAcABBg==&rs=AOn4CLBNkHKJBt9YReqj_c6Tg74w-Dagag,Jaime Gabaldoni,external-reference,embed_link_and_summarize_only
usiaG0VwnuQ,https://www.youtube.com/watch?v=usiaG0VwnuQ,Chevrolet Traverse Redline Edition | Encendido,63.0,,videos,https://i.ytimg.com/vi/usiaG0VwnuQ/hqdefault.jpg?sqp=-oaymwEcCNACELwBSFXyq4qpAw4IARUAAIhCGAFwAcABBg==&rs=AOn4CLBD1MhChZMURK_TY6QKEjp8g2xHYQ,Jaime Gabaldoni,external-reference,embed_link_and_summarize_only
5Phenz-SXvE,https://www.youtube.com/watch?v=5Phenz-SXvE,Nissan Armada/Patrol 2018 | Detalles en vivo,1730.0,,videos,https://i.ytimg.com/vi/5Phenz-SXvE/hqdefault.jpg?sqp=-oaymwEcCNACELwBSFXyq4qpAw4IARUAAIhCGAFwAcABBg==&rs=AOn4CLBTTcgiV9Z3iBYLUDMfZZImy_1joQ,Jaime Gabaldoni,external-reference,embed_link_and_summarize_only
LCQ1T5jm2cw,https://www.youtube.com/watch?v=LCQ1T5jm2cw,Nissan Armada / Patrol 2018 | Encendido,62.0,,videos,https://i.ytimg.com/vi/LCQ1T5jm2cw/hqdefault.jpg?sqp=-oaymwEcCNACELwBSFXyq4qpAw4IARUAAIhCGAFwAcABBg==&rs=AOn4CLBTJjzMMrgtGsmpdRipNzf2HGvwCA,Jaime Gabaldoni,external-reference,embed_link_and_summarize_only
zfPZbtlUKlU,https://www.youtube.com/watch?v=zfPZbtlUKlU,Porsche Panamera Turbo Sport Turismo 2018 | Detalles en vivo,2159.0,,videos,https://i.ytimg.com/vi/zfPZbtlUKlU/hqdefault.jpg?sqp=-oaymwEcCNACELwBSFXyq4qpAw4IARUAAIhCGAFwAcABBg==&rs=AOn4CLC273mCGtqQZL6R_Z2NFX1_1Doepg,Jaime Gabaldoni,external-reference,embed_link_and_summarize_only
2xCQJ2MKCSg,https://www.youtube.com/watch?v=2xCQJ2MKCSg,Porsche Panamera Turbo Sport Turismo 2018 | Encendido,63.0,,videos,https://i.ytimg.com/vi/2xCQJ2MKCSg/hqdefault.jpg?sqp=-oaymwEcCNACELwBSFXyq4qpAw4IARUAAIhCGAFwAcABBg==&rs=AOn4CLD1RBupx_vrug2rghdHz6Z4Wiyuow,Jaime Gabaldoni,external-reference,embed_link_and_summarize_only
27Wxb7jsmQA,https://www.youtube.com/watch?v=27Wxb7jsmQA,McLaren 570S Spider 2018 | Detalles en vivo,3104.0,,videos,https://i.ytimg.com/vi/27Wxb7jsmQA/hqdefault.jpg?sqp=-oaymwEcCNACELwBSFXyq4qpAw4IARUAAIhCGAFwAcABBg==&rs=AOn4CLDSi1yWttvTUOOCdI1yL0sYHJjq4A,Jaime Gabaldoni,external-reference,embed_link_and_summarize_only
a4Zk4-WaiWA,https://www.youtube.com/watch?v=a4Zk4-WaiWA,McLaren 570S Spider 2018 | Encendido,62.0,,videos,https://i.ytimg.com/vi/a4Zk4-WaiWA/hqdefault.jpg?sqp=-oaymwEcCNACELwBSFXyq4qpAw4IARUAAIhCGAFwAcABBg==&rs=AOn4CLDxC2WAXnontrm1XVjoNWJcyNBXqg,Jaime Gabaldoni,external-reference,embed_link_and_summarize_only
xmhJHwjpOYg,https://www.youtube.com/watch?v=xmhJHwjpOYg,Lexus UX 200 F Sport 2019 | Detalles en vivo,1787.0,,videos,https://i.ytimg.com/vi/xmhJHwjpOYg/hqdefault.jpg?sqp=-oaymwEcCNACELwBSFXyq4qpAw4IARUAAIhCGAFwAcABBg==&rs=AOn4CLC9TyjePU0FF-WErd1QosPECcKraw,Jaime Gabaldoni,external-reference,embed_link_and_summarize_only
hLJvpwMcJyw,https://www.youtube.com/watch?v=hLJvpwMcJyw,Lexus UX 200 F Sport 2019 | Encendido,63.0,,videos,https://i.ytimg.com/vi/hLJvpwMcJyw/hqdefault.jpg?sqp=-oaymwEcCNACELwBSFXyq4qpAw4IARUAAIhCGAFwAcABBg==&rs=AOn4CLDTwMjrTT_vDZDbyJsN7cdd_hyszw,Jaime Gabaldoni,external-reference,embed_link_and_summarize_only
zh-mhXqwzdA,https://www.youtube.com/watch?v=zh-mhXqwzdA,Genesis Essentia concept | Detalles en vivo,1518.0,,videos,https://i.ytimg.com/vi/zh-mhXqwzdA/hqdefault.jpg?sqp=-oaymwEcCNACELwBSFXyq4qpAw4IARUAAIhCGAFwAcABBg==&rs=AOn4CLCN9eom-OdYST8t9SdyyncL0MBEhQ,Jaime Gabaldoni,external-reference,embed_link_and_summarize_only
VPJFU84FfX4,https://www.youtube.com/watch?v=VPJFU84FfX4,Genesis Essentia concept | Encendido,57.0,,videos,https://i.ytimg.com/vi/VPJFU84FfX4/hqdefault.jpg?sqp=-oaymwEcCNACELwBSFXyq4qpAw4IARUAAIhCGAFwAcABBg==&rs=AOn4CLCZQke3neWvUTFQ0EHTptzNzYatoQ,Jaime Gabaldoni,external-reference,embed_link_and_summarize_only
f8ADqjK6d1A,https://www.youtube.com/watch?v=f8ADqjK6d1A,2018 Lamborghini Huracan Performante Spyder | Detalles en vivo,1461.0,,videos,https://i.ytimg.com/vi/f8ADqjK6d1A/hqdefault.jpg?sqp=-oaymwEcCNACELwBSFXyq4qpAw4IARUAAIhCGAFwAcABBg==&rs=AOn4CLAZN8mmEBhIptSmX0clFxfRpMJ5Zw,Jaime Gabaldoni,external-reference,embed_link_and_summarize_only
7xr7NeUN2D0,https://www.youtube.com/watch?v=7xr7NeUN2D0,Lamborghini Huracan Performante Spyder 2018 | Encendido,63.0,,videos,https://i.ytimg.com/vi/7xr7NeUN2D0/hqdefault.jpg?sqp=-oaymwEcCNACELwBSFXyq4qpAw4IARUAAIhCGAFwAcABBg==&rs=AOn4CLDqv1y_y5HZ9R67LEBZgGZO_8DaLg,Jaime Gabaldoni,external-reference,embed_link_and_summarize_only
HSzJiZiNlc8,https://www.youtube.com/watch?v=HSzJiZiNlc8,Genesis G80 Ultimate 5.0 2018 | Detalles en vivo,2332.0,,videos,https://i.ytimg.com/vi/HSzJiZiNlc8/hqdefault.jpg?sqp=-oaymwEcCNACELwBSFXyq4qpAw4IARUAAIhCGAFwAcABBg==&rs=AOn4CLBR-TYs9ZpL2cHXQ6MKGJedK30_1A,Jaime Gabaldoni,external-reference,embed_link_and_summarize_only
LuEUtxaQYLw,https://www.youtube.com/watch?v=LuEUtxaQYLw,Genesis G80 Ultimate 5.0 2018 | Encendido,63.0,,videos,https://i.ytimg.com/vi/LuEUtxaQYLw/hqdefault.jpg?sqp=-oaymwEcCNACELwBSFXyq4qpAw4IARUAAIhCGAFwAcABBg==&rs=AOn4CLDftHBV6CEJWmbDE3g00xK_S9KslQ,Jaime Gabaldoni,external-reference,embed_link_and_summarize_only
b0WoflVl3Kg,https://www.youtube.com/watch?v=b0WoflVl3Kg,Infiniti Q60 Sports Coupe Red Sport 400 2018 | Detalles en vivo,2119.0,,videos,https://i.ytimg.com/vi/b0WoflVl3Kg/hqdefault.jpg?sqp=-oaymwEcCNACELwBSFXyq4qpAw4IARUAAIhCGAFwAcABBg==&rs=AOn4CLBuIplO5VA47DMaIxYXJS0z2GL38Q,Jaime Gabaldoni,external-reference,embed_link_and_summarize_only
6cpphleyPfw,https://www.youtube.com/watch?v=6cpphleyPfw,Infiniti Q60 Sports Coupe Red Sport 400 2018 | Encendido,62.0,,videos,https://i.ytimg.com/vi/6cpphleyPfw/hqdefault.jpg?sqp=-oaymwEcCNACELwBSFXyq4qpAw4IARUAAIhCGAFwAcABBg==&rs=AOn4CLAiU9Y7g8Mqfa2bXy-JlWE2cmHgRg,Jaime Gabaldoni,external-reference,embed_link_and_summarize_only
dgK_vsIXCT4,https://www.youtube.com/watch?v=dgK_vsIXCT4,Chevrolet Silverado LT Trailboss 2019 | Detalles en vivo,1650.0,,videos,https://i.ytimg.com/vi/dgK_vsIXCT4/hqdefault.jpg?sqp=-oaymwEcCNACELwBSFXyq4qpAw4IARUAAIhCGAFwAcABBg==&rs=AOn4CLDrxorVyadWAu0UZQ_udBG58_vjiw,Jaime Gabaldoni,external-reference,embed_link_and_summarize_only
ouwHreW311Q,https://www.youtube.com/watch?v=ouwHreW311Q,Chevrolet Silverado LT Trailboss 2019 | Encendido,61.0,,videos,https://i.ytimg.com/vi/ouwHreW311Q/hqdefault.jpg?sqp=-oaymwEcCNACELwBSFXyq4qpAw4IARUAAIhCGAFwAcABBg==&rs=AOn4CLCn3eSgs75lBqcWb8MwD9wfiMInSQ,Jaime Gabaldoni,external-reference,embed_link_and_summarize_only
08AyPQ9XF74,https://www.youtube.com/watch?v=08AyPQ9XF74,Ford Mustang Bullitt 2019 | Detalles en vivo,688.0,,videos,https://i.ytimg.com/vi/08AyPQ9XF74/hqdefault.jpg?sqp=-oaymwEcCNACELwBSFXyq4qpAw4IARUAAIhCGAFwAcABBg==&rs=AOn4CLDMEa35k3bAxWin1M8QsQvB17eFZw,Jaime Gabaldoni,external-reference,embed_link_and_summarize_only
HGG3tUL2qJQ,https://www.youtube.com/watch?v=HGG3tUL2qJQ,Ford Mustang Bullitt 2019 | Encendido,61.0,,videos,https://i.ytimg.com/vi/HGG3tUL2qJQ/hqdefault.jpg?sqp=-oaymwEcCNACELwBSFXyq4qpAw4IARUAAIhCGAFwAcABBg==&rs=AOn4CLCGHrzW_h8AeHP6164FVK0VRfGKGw,Jaime Gabaldoni,external-reference,embed_link_and_summarize_only
EyyB_tN9g9s,https://www.youtube.com/watch?v=EyyB_tN9g9s,Hyundai Accent 2018 | Detalles en vivo,2467.0,,videos,https://i.ytimg.com/vi/EyyB_tN9g9s/hqdefault.jpg?sqp=-oaymwEcCNACELwBSFXyq4qpAw4IARUAAIhCGAFwAcABBg==&rs=AOn4CLALBTsT8Gl9Byz7NKFYUeystSbt0w,Jaime Gabaldoni,external-reference,embed_link_and_summarize_only
C4sZS23T5RU,https://www.youtube.com/watch?v=C4sZS23T5RU,Hyundai Accent 2018 | Encendido,62.0,,videos,https://i.ytimg.com/vi/C4sZS23T5RU/hqdefault.jpg?sqp=-oaymwEcCNACELwBSFXyq4qpAw4IARUAAIhCGAFwAcABBg==&rs=AOn4CLBBFleXjwNIwbHeOFM__F2pUfeAQA,Jaime Gabaldoni,external-reference,embed_link_and_summarize_only
9JOpMuW-TK4,https://www.youtube.com/watch?v=9JOpMuW-TK4,Infiniti QX50 2019 | Detalle en vivo,3283.0,,videos,https://i.ytimg.com/vi/9JOpMuW-TK4/hqdefault.jpg?sqp=-oaymwEcCNACELwBSFXyq4qpAw4IARUAAIhCGAFwAcABBg==&rs=AOn4CLCQIrwinINylDpKnxwpF2XcRzCdmg,Jaime Gabaldoni,external-reference,embed_link_and_summarize_only
tgvOxGsWQOg,https://www.youtube.com/watch?v=tgvOxGsWQOg,Infiniti QX50 2019 | Encendido,61.0,,videos,https://i.ytimg.com/vi/tgvOxGsWQOg/hqdefault.jpg?sqp=-oaymwEcCNACELwBSFXyq4qpAw4IARUAAIhCGAFwAcABBg==&rs=AOn4CLC_SxH4KEko6q505ea8JXNiqNtxqg,Jaime Gabaldoni,external-reference,embed_link_and_summarize_only
XnqQ96puYLQ,https://www.youtube.com/watch?v=XnqQ96puYLQ,Toyota Tundra TRD Pro 2019 | Detalles en vivo,894.0,,videos,https://i.ytimg.com/vi/XnqQ96puYLQ/hqdefault.jpg?sqp=-oaymwEcCNACELwBSFXyq4qpAw4IARUAAIhCGAFwAcABBg==&rs=AOn4CLCbL9dxHOoiH0n1jRjmDxYhQy3xmw,Jaime Gabaldoni,external-reference,embed_link_and_summarize_only
zgTIKQgAxXo,https://www.youtube.com/watch?v=zgTIKQgAxXo,Toyota Tundra TRD Pro V8 Exhaust Sound,62.0,,videos,https://i.ytimg.com/vi/zgTIKQgAxXo/hqdefault.jpg?sqp=-oaymwEcCNACELwBSFXyq4qpAw4IARUAAIhCGAFwAcABBg==&rs=AOn4CLCYf6Q_GQGePcqjksLEuEgLNu_yYQ,Jaime Gabaldoni,external-reference,embed_link_and_summarize_only
eFoRhr8VJf8,https://www.youtube.com/watch?v=eFoRhr8VJf8,Toyota Tacoma TRD Pro 2019 | Detalles en vivo,1707.0,,videos,https://i.ytimg.com/vi/eFoRhr8VJf8/hqdefault.jpg?sqp=-oaymwEcCNACELwBSFXyq4qpAw4IARUAAIhCGAFwAcABBg==&rs=AOn4CLDJiL7BFBIWD06IJ6T9S2-zsUxhmQ,Jaime Gabaldoni,external-reference,embed_link_and_summarize_only
m_UspSzCZXM,https://www.youtube.com/watch?v=m_UspSzCZXM,Toyota Tacoma TRD Pro 2019 | Encendido,61.0,,videos,https://i.ytimg.com/vi/m_UspSzCZXM/hqdefault.jpg?sqp=-oaymwEcCNACELwBSFXyq4qpAw4IARUAAIhCGAFwAcABBg==&rs=AOn4CLBr2TY8aIVNDFqnxA3lRUSZkGu3Fw,Jaime Gabaldoni,external-reference,embed_link_and_summarize_only
De28XE9EKnM,https://www.youtube.com/watch?v=De28XE9EKnM,Aston Martin DBS Superleggera 2019 | Detalles en vivo,1618.0,,videos,https://i.ytimg.com/vi/De28XE9EKnM/hqdefault.jpg?sqp=-oaymwEcCNACELwBSFXyq4qpAw4IARUAAIhCGAFwAcABBg==&rs=AOn4CLCZRtG7ZfHO2yIUy1p12Fdyd-CGBA,Jaime Gabaldoni,external-reference,embed_link_and_summarize_only
cOP3UYrbOUQ,https://www.youtube.com/watch?v=cOP3UYrbOUQ,Aston Martin DBS Superleggera 2019 | Encendido,62.0,,videos,https://i.ytimg.com/vi/cOP3UYrbOUQ/hqdefault.jpg?sqp=-oaymwEcCNACELwBSFXyq4qpAw4IARUAAIhCGAFwAcABBg==&rs=AOn4CLAvU6TXMcrbESt3N13UuQ0yaEZIUg,Jaime Gabaldoni,external-reference,embed_link_and_summarize_only
AFHD5uD3ZNc,https://www.youtube.com/watch?v=AFHD5uD3ZNc,Cadillac XTS V-Sport 2018 | Detalles en vivo,2351.0,,videos,https://i.ytimg.com/vi/AFHD5uD3ZNc/hqdefault.jpg?sqp=-oaymwEcCNACELwBSFXyq4qpAw4IARUAAIhCGAFwAcABBg==&rs=AOn4CLARWuwRat-XFuud7yswQ_1h41IniQ,Jaime Gabaldoni,external-reference,embed_link_and_summarize_only
vcMKRQYRBMY,https://www.youtube.com/watch?v=vcMKRQYRBMY,Cadillac XTS V-Sport 2018 | Encendido,62.0,,videos,https://i.ytimg.com/vi/vcMKRQYRBMY/hqdefault.jpg?sqp=-oaymwEcCNACELwBSFXyq4qpAw4IARUAAIhCGAFwAcABBg==&rs=AOn4CLA8si6B3Ny37ZKfHutzZXF3YdNuoA,Jaime Gabaldoni,external-reference,embed_link_and_summarize_only
BQyT7ehAt_Y,https://www.youtube.com/watch?v=BQyT7ehAt_Y,Audi A4 2.0T Premium 2018 | Detalles en vivo,2643.0,,videos,https://i.ytimg.com/vi/BQyT7ehAt_Y/hqdefault.jpg?sqp=-oaymwEcCNACELwBSFXyq4qpAw4IARUAAIhCGAFwAcABBg==&rs=AOn4CLAJMQLJPaok29MXee8Qy33LOga7tw,Jaime Gabaldoni,external-reference,embed_link_and_summarize_only
mlfcPUZKCMI,https://www.youtube.com/watch?v=mlfcPUZKCMI,Audi A4 2.0T Premium 2018 | Encendido,62.0,,videos,https://i.ytimg.com/vi/mlfcPUZKCMI/hqdefault.jpg?sqp=-oaymwEcCNACELwBSFXyq4qpAw4IARUAAIhCGAFwAcABBg==&rs=AOn4CLCoOwWkAIOZkccxjIW2krju5k9zQQ,Jaime Gabaldoni,external-reference,embed_link_and_summarize_only
Y8l3KtV4jSc,https://www.youtube.com/watch?v=Y8l3KtV4jSc,Cadillac CTS-V 2018 | Detalles en vivo - 2da Parte,1241.0,,videos,https://i.ytimg.com/vi/Y8l3KtV4jSc/hqdefault.jpg?sqp=-oaymwE2CNACELwBSFXyq4qpAygIARUAAIhCGAFwAcABBvABAfgB_gmAAtAFigIMCAAQARhGIGUoZTAP&rs=AOn4CLA1yBSRp4bDBSDhGsYiICWbPjuVsQ,Jaime Gabaldoni,external-reference,embed_link_and_summarize_only
PqTR9cfD7hE,https://www.youtube.com/watch?v=PqTR9cfD7hE,Cadillac CTS-V 2018 | Detalles en vivo - 1ra Parte,883.0,,videos,https://i.ytimg.com/vi/PqTR9cfD7hE/hqdefault.jpg?sqp=-oaymwEcCNACELwBSFXyq4qpAw4IARUAAIhCGAFwAcABBg==&rs=AOn4CLDrLHbwQIosKG-rYurSYFJdSU65OQ,Jaime Gabaldoni,external-reference,embed_link_and_summarize_only
b5AYmsagMiE,https://www.youtube.com/watch?v=b5AYmsagMiE,Cadillac CTS-V 2018 | Encendido,62.0,,videos,https://i.ytimg.com/vi/b5AYmsagMiE/hqdefault.jpg?sqp=-oaymwEcCNACELwBSFXyq4qpAw4IARUAAIhCGAFwAcABBg==&rs=AOn4CLCR9j1r1tAZ8woLCFyvKeL13P-BfA,Jaime Gabaldoni,external-reference,embed_link_and_summarize_only
Ufx3dQo3OpM,https://www.youtube.com/watch?v=Ufx3dQo3OpM,Rolls-Royce Cullinan | Detalles en vivo,1421.0,,videos,https://i.ytimg.com/vi/Ufx3dQo3OpM/hqdefault.jpg?sqp=-oaymwEcCNACELwBSFXyq4qpAw4IARUAAIhCGAFwAcABBg==&rs=AOn4CLANqIkTV4Zw5v3cy4K6-kqIHsp8Pg,Jaime Gabaldoni,external-reference,embed_link_and_summarize_only
6WvS8BKj-sY,https://www.youtube.com/watch?v=6WvS8BKj-sY,Jaguar E-Pace 2018 | Detalles en vivo,2268.0,,videos,https://i.ytimg.com/vi/6WvS8BKj-sY/hqdefault.jpg?sqp=-oaymwEcCNACELwBSFXyq4qpAw4IARUAAIhCGAFwAcABBg==&rs=AOn4CLBfFzOkfe3EAkIMPGy0GPavCFq8NQ,Jaime Gabaldoni,external-reference,embed_link_and_summarize_only
FXgE_HaFXSE,https://www.youtube.com/watch?v=FXgE_HaFXSE,Jaguar E-Pace 2018 | Encendido,62.0,,videos,https://i.ytimg.com/vi/FXgE_HaFXSE/hqdefault.jpg?sqp=-oaymwEcCNACELwBSFXyq4qpAw4IARUAAIhCGAFwAcABBg==&rs=AOn4CLAO4RRK_rUg-ocKjrj5fBH3sxbhLQ,Jaime Gabaldoni,external-reference,embed_link_and_summarize_only
LQb7-wDGkPg,https://www.youtube.com/watch?v=LQb7-wDGkPg,Nissan Titan Midnight Edition 2018 | Detalles en vivo (feat. Luca Gabaldoni),1701.0,,videos,https://i.ytimg.com/vi/LQb7-wDGkPg/hqdefault.jpg?sqp=-oaymwEcCNACELwBSFXyq4qpAw4IARUAAIhCGAFwAcABBg==&rs=AOn4CLCePZPL4yJkkYnd6Sry9GKyaIvbHQ,Jaime Gabaldoni,external-reference,embed_link_and_summarize_only
xgCLKXk5PSk,https://www.youtube.com/watch?v=xgCLKXk5PSk,Nissan Titan Midnight Edition 2018 | Encendido,62.0,,videos,https://i.ytimg.com/vi/xgCLKXk5PSk/hqdefault.jpg?sqp=-oaymwEcCNACELwBSFXyq4qpAw4IARUAAIhCGAFwAcABBg==&rs=AOn4CLBhVr8TAAwfoHCtbSk9NxyE7fVdWg,Jaime Gabaldoni,external-reference,embed_link_and_summarize_only
x9e2degfdDc,https://www.youtube.com/watch?v=x9e2degfdDc,Acura RDX 2019 | Detalles en vivo,2047.0,,videos,https://i.ytimg.com/vi/x9e2degfdDc/hqdefault.jpg?sqp=-oaymwEcCNACELwBSFXyq4qpAw4IARUAAIhCGAFwAcABBg==&rs=AOn4CLD94W0F1G8SBAWJRSjCULtGusqS0g,Jaime Gabaldoni,external-reference,embed_link_and_summarize_only
AiihZwSVzxg,https://www.youtube.com/watch?v=AiihZwSVzxg,Acura RDX A-Spec 2019 | Encendido,64.0,,videos,https://i.ytimg.com/vi/AiihZwSVzxg/hqdefault.jpg?sqp=-oaymwEcCNACELwBSFXyq4qpAw4IARUAAIhCGAFwAcABBg==&rs=AOn4CLCspad7rt0o8YgzWc04g8vA_m0bCg,Jaime Gabaldoni,external-reference,embed_link_and_summarize_only
hTVi2FCzSLI,https://www.youtube.com/watch?v=hTVi2FCzSLI,Mitsubishi Eclipse Cross 2018 - Detalles en vivo,2275.0,,videos,https://i.ytimg.com/vi/hTVi2FCzSLI/hqdefault.jpg?sqp=-oaymwEcCNACELwBSFXyq4qpAw4IARUAAIhCGAFwAcABBg==&rs=AOn4CLC3iZrMjqIdkATqQLec-_eyF2gpDQ,Jaime Gabaldoni,external-reference,embed_link_and_summarize_only
KOy5lXWNATM,https://www.youtube.com/watch?v=KOy5lXWNATM,Mitsubishi Eclipse Cross 2018 - Encendido,65.0,,videos,https://i.ytimg.com/vi/KOy5lXWNATM/hqdefault.jpg?sqp=-oaymwEcCNACELwBSFXyq4qpAw4IARUAAIhCGAFwAcABBg==&rs=AOn4CLAbEA0H-qCUpQcYqHtM9OrL66n1PQ,Jaime Gabaldoni,external-reference,embed_link_and_summarize_only
IeKjm9pxO74,https://www.youtube.com/watch?v=IeKjm9pxO74,Aston Martin AMR - Detalles en vivo,1188.0,,videos,https://i.ytimg.com/vi/IeKjm9pxO74/hqdefault.jpg?sqp=-oaymwEcCNACELwBSFXyq4qpAw4IARUAAIhCGAFwAcABBg==&rs=AOn4CLD9kZee6y2GIm5_kF1Ctc52fB-6nQ,Jaime Gabaldoni,external-reference,embed_link_and_summarize_only
S1-X3uAzvgI,https://www.youtube.com/watch?v=S1-X3uAzvgI,Audi Q7 2.0T 2018 - Detalles en vivo,2441.0,,videos,https://i.ytimg.com/vi/S1-X3uAzvgI/hqdefault.jpg?sqp=-oaymwEcCNACELwBSFXyq4qpAw4IARUAAIhCGAFwAcABBg==&rs=AOn4CLBUJokbVcuA5c8b-cOGSj3BETypMw,Jaime Gabaldoni,external-reference,embed_link_and_summarize_only
_VOKxVgzXdw,https://www.youtube.com/watch?v=_VOKxVgzXdw,Audi Q7 2.0T 2018 | Encendido,61.0,,videos,https://i.ytimg.com/vi/_VOKxVgzXdw/hqdefault.jpg?sqp=-oaymwEcCNACELwBSFXyq4qpAw4IARUAAIhCGAFwAcABBg==&rs=AOn4CLCZMLSSqisxE57ffBeW_c16rHMf6Q,Jaime Gabaldoni,external-reference,embed_link_and_summarize_only
rN-Wa82qclU,https://www.youtube.com/watch?v=rN-Wa82qclU,Chevrolet Silverado 1500 LTZ Z71 2018 | Detalle en vivo (feat. Luca Gabaldoni),1949.0,,videos,https://i.ytimg.com/vi/rN-Wa82qclU/hqdefault.jpg?sqp=-oaymwEcCNACELwBSFXyq4qpAw4IARUAAIhCGAFwAcABBg==&rs=AOn4CLCw9-WxK42AQOxGT2yOSo3NqY0fJA,Jaime Gabaldoni,external-reference,embed_link_and_summarize_only
o-ern40kxfI,https://www.youtube.com/watch?v=o-ern40kxfI,Chevrolet Silverado 1500 LTZ Z71 2018 | Encendido,60.0,,videos,https://i.ytimg.com/vi/o-ern40kxfI/hqdefault.jpg?sqp=-oaymwEcCNACELwBSFXyq4qpAw4IARUAAIhCGAFwAcABBg==&rs=AOn4CLD_kh1ggddKzm7cW0K0DrD76cX-UQ,Jaime Gabaldoni,external-reference,embed_link_and_summarize_only
8jHWh_f0uQM,https://www.youtube.com/watch?v=8jHWh_f0uQM,Jeep Cherokee 2019 | A Bordo en vivo,2353.0,,videos,https://i.ytimg.com/vi/8jHWh_f0uQM/hqdefault.jpg?sqp=-oaymwEcCNACELwBSFXyq4qpAw4IARUAAIhCGAFwAcABBg==&rs=AOn4CLBXtEqkAShIOboPE5LtxizGybfV7A,Jaime Gabaldoni,external-reference,embed_link_and_summarize_only
ngYmk3OrVxY,https://www.youtube.com/watch?v=ngYmk3OrVxY,Jeep Cherokee 2019 | Encendido,62.0,,videos,https://i.ytimg.com/vi/ngYmk3OrVxY/hqdefault.jpg?sqp=-oaymwEcCNACELwBSFXyq4qpAw4IARUAAIhCGAFwAcABBg==&rs=AOn4CLB4dNkOh6MQTX45IUp_puka4UB0Gw,Jaime Gabaldoni,external-reference,embed_link_and_summarize_only
yfJKsFLKI9o,https://www.youtube.com/watch?v=yfJKsFLKI9o,Lexus IS350 2018 | A Bordo en vivo,2428.0,,videos,https://i.ytimg.com/vi/yfJKsFLKI9o/hqdefault.jpg?sqp=-oaymwEcCNACELwBSFXyq4qpAw4IARUAAIhCGAFwAcABBg==&rs=AOn4CLCQvjoMqUhYxDLD6VgVjqHuyrOGPw,Jaime Gabaldoni,external-reference,embed_link_and_summarize_only
JSbBZJzyHMk,https://www.youtube.com/watch?v=JSbBZJzyHMk,Lexus IS350 2018 | Encendido,62.0,,videos,https://i.ytimg.com/vi/JSbBZJzyHMk/hqdefault.jpg?sqp=-oaymwEcCNACELwBSFXyq4qpAw4IARUAAIhCGAFwAcABBg==&rs=AOn4CLB6vw1bThcWzo8OpCyLGsqydd0Fww,Jaime Gabaldoni,external-reference,embed_link_and_summarize_only
LIVtepasx_Y,https://www.youtube.com/watch?v=LIVtepasx_Y,Toyota Avalon 2019 - Detalles en vivo,2210.0,,videos,https://i.ytimg.com/vi/LIVtepasx_Y/hqdefault.jpg?sqp=-oaymwEcCNACELwBSFXyq4qpAw4IARUAAIhCGAFwAcABBg==&rs=AOn4CLAxNPbzCZEX0FSDLc6ZU8nQ3lnQ3w,Jaime Gabaldoni,external-reference,embed_link_and_summarize_only
qjY03pLUL4Q,https://www.youtube.com/watch?v=qjY03pLUL4Q,Toyota Avalon 2019 - Encendido,61.0,,videos,https://i.ytimg.com/vi/qjY03pLUL4Q/hqdefault.jpg?sqp=-oaymwEcCNACELwBSFXyq4qpAw4IARUAAIhCGAFwAcABBg==&rs=AOn4CLDSgSFmPUtO_KB9tHsS64dPfEkRuA,Jaime Gabaldoni,external-reference,embed_link_and_summarize_only
nqUhAAUki40,https://www.youtube.com/watch?v=nqUhAAUki40,Toyota Corolla Hatchback 2019 - Detalles en vivo,1481.0,,videos,https://i.ytimg.com/vi/nqUhAAUki40/hqdefault.jpg?sqp=-oaymwEcCNACELwBSFXyq4qpAw4IARUAAIhCGAFwAcABBg==&rs=AOn4CLAq4pQzU_y7Wg-3NAMCsCleJyogYA,Jaime Gabaldoni,external-reference,embed_link_and_summarize_only
BXtgBblz4F0,https://www.youtube.com/watch?v=BXtgBblz4F0,Toyota Corolla Hatchback 2019 - Encendido,61.0,,videos,https://i.ytimg.com/vi/BXtgBblz4F0/hqdefault.jpg?sqp=-oaymwEcCNACELwBSFXyq4qpAw4IARUAAIhCGAFwAcABBg==&rs=AOn4CLBbtkXATuFkc0ATLDWxx3_nuFfVuA,Jaime Gabaldoni,external-reference,embed_link_and_summarize_only
9jdGumGQll8,https://www.youtube.com/watch?v=9jdGumGQll8,BMW i3S 2018 - Detalles en vivo,2085.0,,videos,https://i.ytimg.com/vi/9jdGumGQll8/hqdefault.jpg?sqp=-oaymwEcCNACELwBSFXyq4qpAw4IARUAAIhCGAFwAcABBg==&rs=AOn4CLBpuA4_cfOl2G-2Oug6RV3cVIkg-g,Jaime Gabaldoni,external-reference,embed_link_and_summarize_only
-I6K-hSIE00,https://www.youtube.com/watch?v=-I6K-hSIE00,BMW i3S 2018 - Encendido,61.0,,videos,https://i.ytimg.com/vi/-I6K-hSIE00/hqdefault.jpg?sqp=-oaymwEcCNACELwBSFXyq4qpAw4IARUAAIhCGAFwAcABBg==&rs=AOn4CLD6m_ZXdUipsnyukveFk-DwtLYqdQ,Jaime Gabaldoni,external-reference,embed_link_and_summarize_only
dXGUtvx1uE0,https://www.youtube.com/watch?v=dXGUtvx1uE0,Mitsubishi Outlander PHEV Hybrid 2018 | Detalles en vivo,2456.0,,videos,https://i.ytimg.com/vi/dXGUtvx1uE0/hqdefault.jpg?sqp=-oaymwEcCNACELwBSFXyq4qpAw4IARUAAIhCGAFwAcABBg==&rs=AOn4CLApEU2MQFYfQSanEaiDP_qXeVy0PQ,Jaime Gabaldoni,external-reference,embed_link_and_summarize_only
5jtGRlvT9G4,https://www.youtube.com/watch?v=5jtGRlvT9G4,Mitsubishi Outlander PHEV Hybrid 2018 | Encendido,62.0,,videos,https://i.ytimg.com/vi/5jtGRlvT9G4/hqdefault.jpg?sqp=-oaymwEcCNACELwBSFXyq4qpAw4IARUAAIhCGAFwAcABBg==&rs=AOn4CLC97MOGDv_C7Ug8ATB_DTlNLu9TzA,Jaime Gabaldoni,external-reference,embed_link_and_summarize_only
k6F0fiO6FDE,https://www.youtube.com/watch?v=k6F0fiO6FDE,Rimac C_Two Hypercar - Detalles en vivo,765.0,,videos,https://i.ytimg.com/vi/k6F0fiO6FDE/hqdefault.jpg?sqp=-oaymwEcCNACELwBSFXyq4qpAw4IARUAAIhCGAFwAcABBg==&rs=AOn4CLDpk5aVo83skF6MZ88quW0jW-rhtA,Jaime Gabaldoni,external-reference,embed_link_and_summarize_only
JLEt2OAPz-Q,https://www.youtube.com/watch?v=JLEt2OAPz-Q,Autos Show Internacional de Nueva York 2018 - A Bordo en vivo,3334.0,,videos,https://i.ytimg.com/vi/JLEt2OAPz-Q/hqdefault.jpg?sqp=-oaymwEcCNACELwBSFXyq4qpAw4IARUAAIhCGAFwAcABBg==&rs=AOn4CLCcaEFVYVrAu-Uers4IUrHsIFXO6w,Jaime Gabaldoni,external-reference,embed_link_and_summarize_only
X-4RWEl1VQo,https://www.youtube.com/watch?v=X-4RWEl1VQo,Nissan GT-R Track Edition 2018 | Detalles en vivo (feat. Sergio Gabaldoni),2465.0,,videos,https://i.ytimg.com/vi/X-4RWEl1VQo/hqdefault.jpg?sqp=-oaymwEcCNACELwBSFXyq4qpAw4IARUAAIhCGAFwAcABBg==&rs=AOn4CLDveSNrm7i0s3Cbo8saE6fu9BRvzw,Jaime Gabaldoni,external-reference,embed_link_and_summarize_only
_cb4od7Tim8,https://www.youtube.com/watch?v=_cb4od7Tim8,Nissan GT-R Track Edition 2018 - Encendido,62.0,,videos,https://i.ytimg.com/vi/_cb4od7Tim8/hqdefault.jpg?sqp=-oaymwEcCNACELwBSFXyq4qpAw4IARUAAIhCGAFwAcABBg==&rs=AOn4CLCcCFyF42f4RNX6nVf-TTzyfaIMWg,Jaime Gabaldoni,external-reference,embed_link_and_summarize_only
I9qygT9e1Mg,https://www.youtube.com/watch?v=I9qygT9e1Mg,Volkswagen Golf GTI 2018 | Detalles en vivo,1928.0,,videos,https://i.ytimg.com/vi/I9qygT9e1Mg/hqdefault.jpg?sqp=-oaymwEcCNACELwBSFXyq4qpAw4IARUAAIhCGAFwAcABBg==&rs=AOn4CLDHBFF9iwJB_rEqP5GhqM_vASLTkw,Jaime Gabaldoni,external-reference,embed_link_and_summarize_only
PevDWaCMVLc,https://www.youtube.com/watch?v=PevDWaCMVLc,Volkswagen Golf GTI 2018 - Encendido,62.0,,videos,https://i.ytimg.com/vi/PevDWaCMVLc/hqdefault.jpg?sqp=-oaymwEcCNACELwBSFXyq4qpAw4IARUAAIhCGAFwAcABBg==&rs=AOn4CLAlQBagyqbiNOZFM3P0OC922bfjqg,Jaime Gabaldoni,external-reference,embed_link_and_summarize_only
LRDyS1dEe2Y,https://www.youtube.com/watch?v=LRDyS1dEe2Y,RAM 1500 2019 - Encendido,65.0,,videos,https://i.ytimg.com/vi/LRDyS1dEe2Y/hqdefault.jpg?sqp=-oaymwEcCNACELwBSFXyq4qpAw4IARUAAIhCGAFwAcABBg==&rs=AOn4CLD2pqN2h075ZIwOE3bsB2xoXQS8Xw,Jaime Gabaldoni,external-reference,embed_link_and_summarize_only
M13oxtZgOV0,https://www.youtube.com/watch?v=M13oxtZgOV0,Alfa Romeo Stelvio Quadrifoglio 2018 | Detalles en vivo,1397.0,,videos,https://i.ytimg.com/vi/M13oxtZgOV0/hqdefault.jpg?sqp=-oaymwEcCNACELwBSFXyq4qpAw4IARUAAIhCGAFwAcABBg==&rs=AOn4CLDovLWFpV6Dk1KpjtCxuNIbOlw-Ow,Jaime Gabaldoni,external-reference,embed_link_and_summarize_only
CZEHA2NwIKo,https://www.youtube.com/watch?v=CZEHA2NwIKo,Alfa Romeo Stelvio Quadrifoglio 2018 | Encendido,61.0,,videos,https://i.ytimg.com/vi/CZEHA2NwIKo/hqdefault.jpg?sqp=-oaymwEcCNACELwBSFXyq4qpAw4IARUAAIhCGAFwAcABBg==&rs=AOn4CLCYxOb198MIuor3T1sAT3cvlNr_Ig,Jaime Gabaldoni,external-reference,embed_link_and_summarize_only
CpnSBOyF_jQ,https://www.youtube.com/watch?v=CpnSBOyF_jQ,Hyundai Elantra GT Sport 2018 | Detalles en vivo,1436.0,,videos,https://i.ytimg.com/vi/CpnSBOyF_jQ/hqdefault.jpg?sqp=-oaymwEcCNACELwBSFXyq4qpAw4IARUAAIhCGAFwAcABBg==&rs=AOn4CLCn7FpSLuk0EAC9-Or85-1Jwk_LGg,Jaime Gabaldoni,external-reference,embed_link_and_summarize_only
NEcO8ZQUuW8,https://www.youtube.com/watch?v=NEcO8ZQUuW8,Hyundai Elantra GT Sport 2018 | Encendido,61.0,,videos,https://i.ytimg.com/vi/NEcO8ZQUuW8/hqdefault.jpg?sqp=-oaymwE2CNACELwBSFXyq4qpAygIARUAAIhCGAFwAcABBvABAfgB_gmAAtAFigIMCAAQARhkIGQoZDAP&rs=AOn4CLAaMa-qRXRAsGTM7xk_FnIhoelu9g,Jaime Gabaldoni,external-reference,embed_link_and_summarize_only
Xt3Tnxvkl9I,https://www.youtube.com/watch?v=Xt3Tnxvkl9I,Audi RS5 2018 - Detalles en vivo,1358.0,,videos,https://i.ytimg.com/vi/Xt3Tnxvkl9I/hqdefault.jpg?sqp=-oaymwEcCNACELwBSFXyq4qpAw4IARUAAIhCGAFwAcABBg==&rs=AOn4CLAH6IF246jCYTyRJisO682U8AqR7Q,Jaime Gabaldoni,external-reference,embed_link_and_summarize_only
yGTOPID6ASI,https://www.youtube.com/watch?v=yGTOPID6ASI,Audi RS 5 2018 - Encendido,62.0,,videos,https://i.ytimg.com/vi/yGTOPID6ASI/hqdefault.jpg?sqp=-oaymwEcCNACELwBSFXyq4qpAw4IARUAAIhCGAFwAcABBg==&rs=AOn4CLC1wYwZLZaeywPWCYWakiPWrGP5Yw,Jaime Gabaldoni,external-reference,embed_link_and_summarize_only
kmOi17FNV5s,https://www.youtube.com/watch?v=kmOi17FNV5s,Audi S5 Sportback 2018 - Detalles en vivo,2238.0,,videos,https://i.ytimg.com/vi/kmOi17FNV5s/hqdefault.jpg?sqp=-oaymwEcCNACELwBSFXyq4qpAw4IARUAAIhCGAFwAcABBg==&rs=AOn4CLBHjhm-xRjPfGT8gJ62_csH9tt_BA,Jaime Gabaldoni,external-reference,embed_link_and_summarize_only
hP_VBGcDEb4,https://www.youtube.com/watch?v=hP_VBGcDEb4,Audi S5 Sportback 2018 - Encendido,64.0,,videos,https://i.ytimg.com/vi/hP_VBGcDEb4/hqdefault.jpg?sqp=-oaymwEcCNACELwBSFXyq4qpAw4IARUAAIhCGAFwAcABBg==&rs=AOn4CLBqVkl83EtFc3wvqi_o0nZ3keDFgg,Jaime Gabaldoni,external-reference,embed_link_and_summarize_only
11LaUehsdZk,https://www.youtube.com/watch?v=11LaUehsdZk,Auto Show de Chicago 2018 - A Bordo En Vivo,1218.0,,videos,https://i.ytimg.com/vi/11LaUehsdZk/hqdefault.jpg?sqp=-oaymwEcCNACELwBSFXyq4qpAw4IARUAAIhCGAFwAcABBg==&rs=AOn4CLCqQwG8mqzX8ua6yizdMvHmZ3Do8g,Jaime Gabaldoni,external-reference,embed_link_and_summarize_only
eMaDcJuUslI,https://www.youtube.com/watch?v=eMaDcJuUslI,GMC Canyon Denali 2018 - Detalles EnVivo,2343.0,,videos,https://i.ytimg.com/vi/eMaDcJuUslI/hqdefault.jpg?sqp=-oaymwEcCNACELwBSFXyq4qpAw4IARUAAIhCGAFwAcABBg==&rs=AOn4CLAZUN7RuzIxMSK8eQJQcrc6-b5R1g,Jaime Gabaldoni,external-reference,embed_link_and_summarize_only
1IVGSAIkKDA,https://www.youtube.com/watch?v=1IVGSAIkKDA,GMC Canyon Denali 2018 Diesel - Encendido,62.0,,videos,https://i.ytimg.com/vi/1IVGSAIkKDA/hqdefault.jpg?sqp=-oaymwEcCNACELwBSFXyq4qpAw4IARUAAIhCGAFwAcABBg==&rs=AOn4CLAVcjiaIHKzlc3nDkRN8pZH29ncGA,Jaime Gabaldoni,external-reference,embed_link_and_summarize_only
2AvSMk9SyAk,https://www.youtube.com/watch?v=2AvSMk9SyAk,Mercedes-AMG GLS 63 2018 - Detalles En Vivo,2430.0,,videos,https://i.ytimg.com/vi/2AvSMk9SyAk/hqdefault.jpg?sqp=-oaymwEcCNACELwBSFXyq4qpAw4IARUAAIhCGAFwAcABBg==&rs=AOn4CLD3usrByXwUMLkS3Joca4p9J88vMQ,Jaime Gabaldoni,external-reference,embed_link_and_summarize_only
V94i1Vt6Y1o,https://www.youtube.com/watch?v=V94i1Vt6Y1o,Mercedes-AMG GLS 63 2018 - Encendido,63.0,,videos,https://i.ytimg.com/vi/V94i1Vt6Y1o/hqdefault.jpg?sqp=-oaymwEcCNACELwBSFXyq4qpAw4IARUAAIhCGAFwAcABBg==&rs=AOn4CLBm20AjdWnlXk-DIJabfExhOjaoYQ,Jaime Gabaldoni,external-reference,embed_link_and_summarize_only
5wQRfxNnrfk,https://www.youtube.com/watch?v=5wQRfxNnrfk,Mazda CX-9 2018 - Encendido,61.0,,videos,https://i.ytimg.com/vi/5wQRfxNnrfk/hqdefault.jpg?sqp=-oaymwEcCNACELwBSFXyq4qpAw4IARUAAIhCGAFwAcABBg==&rs=AOn4CLBALuDPljEeqzx7Fnv8maFQ0yBGZg,Jaime Gabaldoni,external-reference,embed_link_and_summarize_only
vVK9MyIqbtw,https://www.youtube.com/watch?v=vVK9MyIqbtw,Mazda CX-9 2018 - Detalles En Vivo,1951.0,,videos,https://i.ytimg.com/vi/vVK9MyIqbtw/hqdefault.jpg?sqp=-oaymwEcCNACELwBSFXyq4qpAw4IARUAAIhCGAFwAcABBg==&rs=AOn4CLCi8Z-nzMHYjOIKo4GGTIxh4gQIxA,Jaime Gabaldoni,external-reference,embed_link_and_summarize_only
YX7i1nN3zg0,https://www.youtube.com/watch?v=YX7i1nN3zg0,Genesis G80 Sport 2018 - Detalles en Vivo,2267.0,,videos,https://i.ytimg.com/vi/YX7i1nN3zg0/hqdefault.jpg?sqp=-oaymwEcCNACELwBSFXyq4qpAw4IARUAAIhCGAFwAcABBg==&rs=AOn4CLBm1RA9jx3wgZq6MpIfuvlGkX1bZA,Jaime Gabaldoni,external-reference,embed_link_and_summarize_only
STZakOh-OZ8,https://www.youtube.com/watch?v=STZakOh-OZ8,Genesis G80 Sport 2018 - Encendido,62.0,,videos,https://i.ytimg.com/vi/STZakOh-OZ8/hqdefault.jpg?sqp=-oaymwEcCNACELwBSFXyq4qpAw4IARUAAIhCGAFwAcABBg==&rs=AOn4CLAVgdjJIJV-Ci_Dh9KGMRW7olcfsQ,Jaime Gabaldoni,external-reference,embed_link_and_summarize_only
t1xNk_LwGhk,https://www.youtube.com/watch?v=t1xNk_LwGhk,Honda CRF1000L Africa Twin 2017 - Encendido,48.0,,videos,https://i.ytimg.com/vi/t1xNk_LwGhk/hqdefault.jpg?sqp=-oaymwEcCNACELwBSFXyq4qpAw4IARUAAIhCGAFwAcABBg==&rs=AOn4CLAEK7UJsbDxL-0ZXwfKko4fqd398Q,Jaime Gabaldoni,external-reference,embed_link_and_summarize_only
WfGul-U1rGo,https://www.youtube.com/watch?v=WfGul-U1rGo,Range Rover Sport SVR 2017 - Detalles en vivo,1995.0,,videos,https://i.ytimg.com/vi/WfGul-U1rGo/hqdefault.jpg?sqp=-oaymwEcCNACELwBSFXyq4qpAw4IARUAAIhCGAFwAcABBg==&rs=AOn4CLDFkX0UGWipIoHtfCH0eBnNIPpwXA,Jaime Gabaldoni,external-reference,embed_link_and_summarize_only
k6L097B-JVc,https://www.youtube.com/watch?v=k6L097B-JVc,Range Rover Sport SVR 2017 - Encendido,62.0,,videos,https://i.ytimg.com/vi/k6L097B-JVc/hqdefault.jpg?sqp=-oaymwEcCNACELwBSFXyq4qpAw4IARUAAIhCGAFwAcABBg==&rs=AOn4CLArE1swkTFy9zx26Ql16uV95fsF_g,Jaime Gabaldoni,external-reference,embed_link_and_summarize_only
sRrDW_1OvEM,https://www.youtube.com/watch?v=sRrDW_1OvEM,Mercedes-AMG S65 2018 - Detalles en vivo,2742.0,,videos,https://i.ytimg.com/vi/sRrDW_1OvEM/hqdefault.jpg?sqp=-oaymwEcCNACELwBSFXyq4qpAw4IARUAAIhCGAFwAcABBg==&rs=AOn4CLDBxTtkUaLqGevy7Fq0hUY7mSJxlQ,Jaime Gabaldoni,external-reference,embed_link_and_summarize_only
7vYoz_O5AiY,https://www.youtube.com/watch?v=7vYoz_O5AiY,Mercedes-AMG S65 2018 - Encendido,62.0,,videos,https://i.ytimg.com/vi/7vYoz_O5AiY/hqdefault.jpg?sqp=-oaymwEcCNACELwBSFXyq4qpAw4IARUAAIhCGAFwAcABBg==&rs=AOn4CLBX9c0eEo_nnZ7-ugBmhF67kZcgvg,Jaime Gabaldoni,external-reference,embed_link_and_summarize_only
ifYpI0ofGNA,https://www.youtube.com/watch?v=ifYpI0ofGNA,Nissan Rogue 2018 - Detalles en vivo,3137.0,,videos,https://i.ytimg.com/vi/ifYpI0ofGNA/hqdefault.jpg?sqp=-oaymwEcCNACELwBSFXyq4qpAw4IARUAAIhCGAFwAcABBg==&rs=AOn4CLDRomJpdUH3DzS1sW6PG13Q_akUqQ,Jaime Gabaldoni,external-reference,embed_link_and_summarize_only
K3OYZmT-Ifw,https://www.youtube.com/watch?v=K3OYZmT-Ifw,Saleen S1 - Detalles en vivo,1090.0,,videos,https://i.ytimg.com/vi/K3OYZmT-Ifw/hqdefault.jpg?sqp=-oaymwEcCNACELwBSFXyq4qpAw4IARUAAIhCGAFwAcABBg==&rs=AOn4CLB4VlOCl8JcEl38Cvg-GTVp_6MQDw,Jaime Gabaldoni,external-reference,embed_link_and_summarize_only
NHsjj5whpBQ,https://www.youtube.com/watch?v=NHsjj5whpBQ,Mercedes-AMG Project ONE - Detalles en vivo,420.0,,videos,https://i.ytimg.com/vi/NHsjj5whpBQ/hqdefault.jpg?sqp=-oaymwEcCNACELwBSFXyq4qpAw4IARUAAIhCGAFwAcABBg==&rs=AOn4CLAEPmmc1Y0fHbTtANM5flQ4zu7oaQ,Jaime Gabaldoni,external-reference,embed_link_and_summarize_only
7vK4mz-RbF0,https://www.youtube.com/watch?v=7vK4mz-RbF0,Jeep Wrangler 2018 - Detalles en vivo,1089.0,,videos,https://i.ytimg.com/vi/7vK4mz-RbF0/hqdefault.jpg?sqp=-oaymwEcCNACELwBSFXyq4qpAw4IARUAAIhCGAFwAcABBg==&rs=AOn4CLA4f0qXPu0LbwHFul6vvvVOQpVGHw,Jaime Gabaldoni,external-reference,embed_link_and_summarize_only
cjr7cPP72AI,https://www.youtube.com/watch?v=cjr7cPP72AI,Porsche GT2 RS - Detalles en vivo,1108.0,,videos,https://i.ytimg.com/vi/cjr7cPP72AI/hqdefault.jpg?sqp=-oaymwEcCNACELwBSFXyq4qpAw4IARUAAIhCGAFwAcABBg==&rs=AOn4CLAlMM17GunWTa88f0Htz3flDLxa6g,Jaime Gabaldoni,external-reference,embed_link_and_summarize_only
7YE0jZ3Db5o,https://www.youtube.com/watch?v=7YE0jZ3Db5o,Hyundai Accent 2018 - Detalle en vivo,1255.0,,videos,https://i.ytimg.com/vi/7YE0jZ3Db5o/hqdefault.jpg?sqp=-oaymwEcCNACELwBSFXyq4qpAw4IARUAAIhCGAFwAcABBg==&rs=AOn4CLBZ_vIDZxvMpk2tbLTBs0B7GfVQcQ,Jaime Gabaldoni,external-reference,embed_link_and_summarize_only
G_OV_BsZWts,https://www.youtube.com/watch?v=G_OV_BsZWts,Chevrolet Colorado ZR2 2017 - Detalles en vivo,2516.0,,videos,https://i.ytimg.com/vi/G_OV_BsZWts/hqdefault.jpg?sqp=-oaymwEcCNACELwBSFXyq4qpAw4IARUAAIhCGAFwAcABBg==&rs=AOn4CLCT6ashY0Zjmwj-u3jPYoxJDt4tYA,Jaime Gabaldoni,external-reference,embed_link_and_summarize_only
i8XgmAcq9Ic,https://www.youtube.com/watch?v=i8XgmAcq9Ic,Honda Civic Type R - Detalles en vivo,2668.0,,videos,https://i.ytimg.com/vi/i8XgmAcq9Ic/hqdefault.jpg?sqp=-oaymwEcCNACELwBSFXyq4qpAw4IARUAAIhCGAFwAcABBg==&rs=AOn4CLC9wmsWPoVeHt6-QB2WkLqNn4q4FQ,Jaime Gabaldoni,external-reference,embed_link_and_summarize_only
wue3j0xfA9k,https://www.youtube.com/watch?v=wue3j0xfA9k,Chevrolet Traverse 2018 - Detalles en vivo,2017.0,,videos,https://i.ytimg.com/vi/wue3j0xfA9k/hqdefault.jpg?sqp=-oaymwEcCNACELwBSFXyq4qpAw4IARUAAIhCGAFwAcABBg==&rs=AOn4CLBz1jZppLb0v38KC41onb5_b5PTwQ,Jaime Gabaldoni,external-reference,embed_link_and_summarize_only
XZcVZ2xYC7Y,https://www.youtube.com/watch?v=XZcVZ2xYC7Y,Ford Mustang EcoBoost 2018 - Detalles en vivo,1130.0,,videos,https://i.ytimg.com/vi/XZcVZ2xYC7Y/hqdefault.jpg?sqp=-oaymwEcCNACELwBSFXyq4qpAw4IARUAAIhCGAFwAcABBg==&rs=AOn4CLD_aYc9q1xtXCs-fAlGboNfbk7b0w,Jaime Gabaldoni,external-reference,embed_link_and_summarize_only
DIQCN2BG9Xs,https://www.youtube.com/watch?v=DIQCN2BG9Xs,Ford Mustang EcoBoost 2018 - Encendido,61.0,,videos,https://i.ytimg.com/vi/DIQCN2BG9Xs/hqdefault.jpg?sqp=-oaymwEcCNACELwBSFXyq4qpAw4IARUAAIhCGAFwAcABBg==&rs=AOn4CLCxheh-5vnZvnXE0kh958fE0MOpzQ,Jaime Gabaldoni,external-reference,embed_link_and_summarize_only
OIjE5sZUKFQ,https://www.youtube.com/watch?v=OIjE5sZUKFQ,Bugatti Chiron - Encendido,61.0,,videos,https://i.ytimg.com/vi/OIjE5sZUKFQ/hqdefault.jpg?sqp=-oaymwEcCNACELwBSFXyq4qpAw4IARUAAIhCGAFwAcABBg==&rs=AOn4CLDh3Qwsc4EMbrfjQzX3Kt1vgVE4rQ,Jaime Gabaldoni,external-reference,embed_link_and_summarize_only
r1LnMcszG5w,https://www.youtube.com/watch?v=r1LnMcszG5w,Aston Martin DB11 V8 2018 - Detalles en vivo,1703.0,,videos,https://i.ytimg.com/vi/r1LnMcszG5w/hqdefault.jpg?sqp=-oaymwEcCNACELwBSFXyq4qpAw4IARUAAIhCGAFwAcABBg==&rs=AOn4CLAffSDEXwsQTYZ3QKljjbh4KuY-lg,Jaime Gabaldoni,external-reference,embed_link_and_summarize_only
AINMTMD520s,https://www.youtube.com/watch?v=AINMTMD520s,Aston Martin DB11 V8 2018 - Encendido,61.0,,videos,https://i.ytimg.com/vi/AINMTMD520s/hqdefault.jpg?sqp=-oaymwEcCNACELwBSFXyq4qpAw4IARUAAIhCGAFwAcABBg==&rs=AOn4CLCe-Tn2pupqwWKLQIFHUpQ5dMtR8Q,Jaime Gabaldoni,external-reference,embed_link_and_summarize_only
tl6sh1c_hIw,https://www.youtube.com/watch?v=tl6sh1c_hIw,Ford Expedition 2018 - A Bordo En Vivo,1758.0,,videos,https://i.ytimg.com/vi/tl6sh1c_hIw/hqdefault.jpg?sqp=-oaymwEcCNACELwBSFXyq4qpAw4IARUAAIhCGAFwAcABBg==&rs=AOn4CLCgDoIF_mnaBo4cVKvBRGfv7b6xvA,Jaime Gabaldoni,external-reference,embed_link_and_summarize_only
8oGRTQJsPDA,https://www.youtube.com/watch?v=8oGRTQJsPDA,Ariel Atom 3S 2017 - Detalles En Vivo,912.0,,videos,https://i.ytimg.com/vi/8oGRTQJsPDA/hqdefault.jpg?sqp=-oaymwEcCNACELwBSFXyq4qpAw4IARUAAIhCGAFwAcABBg==&rs=AOn4CLB5nn4NKPZi1ib7MU99LKPrJqVgAw,Jaime Gabaldoni,external-reference,embed_link_and_summarize_only
Xr3QG7R5zow,https://www.youtube.com/watch?v=Xr3QG7R5zow,Ariel Atom 3S 2017 - Encendido,49.0,,videos,https://i.ytimg.com/vi/Xr3QG7R5zow/hqdefault.jpg?sqp=-oaymwEcCNACELwBSFXyq4qpAw4IARUAAIhCGAFwAcABBg==&rs=AOn4CLB3JQIPYWwQTGFy6migfbFhcrFBow,Jaime Gabaldoni,external-reference,embed_link_and_summarize_only
sNwQ_q5phaw,https://www.youtube.com/watch?v=sNwQ_q5phaw,Volkswagen Atlas 2018 - Detalles en Vivo,2068.0,,videos,https://i.ytimg.com/vi/sNwQ_q5phaw/hqdefault.jpg?sqp=-oaymwEcCNACELwBSFXyq4qpAw4IARUAAIhCGAFwAcABBg==&rs=AOn4CLCes8qqxh4g78kM04zYACH-wdDd6g,Jaime Gabaldoni,external-reference,embed_link_and_summarize_only
W0iVkXkagGg,https://www.youtube.com/watch?v=W0iVkXkagGg,Infiniti Q60 S 2017 - Detalles en vivo,1199.0,,videos,https://i.ytimg.com/vi/W0iVkXkagGg/hqdefault.jpg?sqp=-oaymwEcCNACELwBSFXyq4qpAw4IARUAAIhCGAFwAcABBg==&rs=AOn4CLDT9NUJjT4Dk-n0l45kjtqpEJptCw,Jaime Gabaldoni,external-reference,embed_link_and_summarize_only
1eXVFKlggHQ,https://www.youtube.com/watch?v=1eXVFKlggHQ,BMW M550i XDrive 2018 - Encendido,60.0,,videos,https://i.ytimg.com/vi/1eXVFKlggHQ/hqdefault.jpg?sqp=-oaymwEcCNACELwBSFXyq4qpAw4IARUAAIhCGAFwAcABBg==&rs=AOn4CLBmi5XismlFpJJnGxDPTKMu3wRlrw,Jaime Gabaldoni,external-reference,embed_link_and_summarize_only
J8mNCZuCQYs,https://www.youtube.com/watch?v=J8mNCZuCQYs,Infiniti Q60 S 2017 - Encendido,59.0,,videos,https://i.ytimg.com/vi/J8mNCZuCQYs/hqdefault.jpg?sqp=-oaymwEcCNACELwBSFXyq4qpAw4IARUAAIhCGAFwAcABBg==&rs=AOn4CLBhfzk69P0yO0A1mX0QTFuTmVpi-Q,Jaime Gabaldoni,external-reference,embed_link_and_summarize_only
3C6p4K2bfSk,https://www.youtube.com/watch?v=3C6p4K2bfSk,Ram 1500 Night Edition 2017 - Detalles En Vivo,989.0,,videos,https://i.ytimg.com/vi/3C6p4K2bfSk/hqdefault.jpg?sqp=-oaymwEcCNACELwBSFXyq4qpAw4IARUAAIhCGAFwAcABBg==&rs=AOn4CLD4Yj6EPXQ9gB6L7H2M6nUp9GfMNw,Jaime Gabaldoni,external-reference,embed_link_and_summarize_only
CLTt2P6N-RU,https://www.youtube.com/watch?v=CLTt2P6N-RU,Ram 1500 Night Edition 2017 - Encendido,49.0,,videos,https://i.ytimg.com/vi/CLTt2P6N-RU/hqdefault.jpg?sqp=-oaymwEcCNACELwBSFXyq4qpAw4IARUAAIhCGAFwAcABBg==&rs=AOn4CLDH-nJCGDg7vfxHWDdjAfwGOtbG_Q,Jaime Gabaldoni,external-reference,embed_link_and_summarize_only
O1Gorw7KFR8,https://www.youtube.com/watch?v=O1Gorw7KFR8,Volkswagen Golf TSI 2017 - Encendido,52.0,,videos,https://i.ytimg.com/vi/O1Gorw7KFR8/hqdefault.jpg?sqp=-oaymwEcCNACELwBSFXyq4qpAw4IARUAAIhCGAFwAcABBg==&rs=AOn4CLCFxyeuTS-6ubF9cpZU3u1rtSVraQ,Jaime Gabaldoni,external-reference,embed_link_and_summarize_only
2dhyT5XYsoY,https://www.youtube.com/watch?v=2dhyT5XYsoY,BMW 540i 2017 - Estacionamiento a control remoto,465.0,,videos,https://i.ytimg.com/vi/2dhyT5XYsoY/hqdefault.jpg?sqp=-oaymwEcCNACELwBSFXyq4qpAw4IARUAAIhCGAFwAcABBg==&rs=AOn4CLCMgbom3Du1tlIJwT4b-h3IaiQQwA,Jaime Gabaldoni,external-reference,embed_link_and_summarize_only
WlqdX4_7EJo,https://www.youtube.com/watch?v=WlqdX4_7EJo,BMW 540i 2017 - Detalles En Vivo (feat. Luca Gabaldoni),2989.0,,videos,https://i.ytimg.com/vi/WlqdX4_7EJo/hqdefault.jpg?sqp=-oaymwEcCNACELwBSFXyq4qpAw4IARUAAIhCGAFwAcABBg==&rs=AOn4CLDQK3WEJh5Pvx6dW_r5UhKALCu2Yw,Jaime Gabaldoni,external-reference,embed_link_and_summarize_only
ccaNDHSGO7U,https://www.youtube.com/watch?v=ccaNDHSGO7U,BMW 540i 2017 - Encendido,57.0,,videos,https://i.ytimg.com/vi/ccaNDHSGO7U/hqdefault.jpg?sqp=-oaymwEcCNACELwBSFXyq4qpAw4IARUAAIhCGAFwAcABBg==&rs=AOn4CLAL60rAySGv85sHGYiz8-YGhbWnGA,Jaime Gabaldoni,external-reference,embed_link_and_summarize_only
Q-uc1SW_mEI,https://www.youtube.com/watch?v=Q-uc1SW_mEI,Jeep Grand Cherokee TrackHawk 2018 - Detalles En Vivo,1851.0,,videos,https://i.ytimg.com/vi/Q-uc1SW_mEI/hqdefault.jpg?sqp=-oaymwEcCNACELwBSFXyq4qpAw4IARUAAIhCGAFwAcABBg==&rs=AOn4CLDfWEp8anodpDkoSdCbrSQg4jde9Q,Jaime Gabaldoni,external-reference,embed_link_and_summarize_only
qYCEjOOLdx0,https://www.youtube.com/watch?v=qYCEjOOLdx0,Jeep Grand Cherokee TrackHawk 2018 - Encendido,50.0,,videos,https://i.ytimg.com/vi/qYCEjOOLdx0/hqdefault.jpg?sqp=-oaymwEcCNACELwBSFXyq4qpAw4IARUAAIhCGAFwAcABBg==&rs=AOn4CLBs2zDo9tS4FsiuZjBIzrzqdW5jCA,Jaime Gabaldoni,external-reference,embed_link_and_summarize_only
bsA8YAfLU-A,https://www.youtube.com/watch?v=bsA8YAfLU-A,Subaru WRX STi 2018 - Detalles En Vivo,2876.0,,videos,https://i.ytimg.com/vi/bsA8YAfLU-A/hqdefault.jpg?sqp=-oaymwEcCNACELwBSFXyq4qpAw4IARUAAIhCGAFwAcABBg==&rs=AOn4CLCWcazwXVb833ITTB8AT81cM8xhXA,Jaime Gabaldoni,external-reference,embed_link_and_summarize_only
PdbHOM1LZOY,https://www.youtube.com/watch?v=PdbHOM1LZOY,Subaru WRX STi 2018 - Encendido,58.0,,videos,https://i.ytimg.com/vi/PdbHOM1LZOY/hqdefault.jpg?sqp=-oaymwEcCNACELwBSFXyq4qpAw4IARUAAIhCGAFwAcABBg==&rs=AOn4CLDXp2imt2sAW3uB6s449MHeECixZA,Jaime Gabaldoni,external-reference,embed_link_and_summarize_only
feDen6ICCyo,https://www.youtube.com/watch?v=feDen6ICCyo,Gooding @ Pebble Beach 2017 - A Bordo En Vivo,3007.0,,videos,https://i.ytimg.com/vi/feDen6ICCyo/hqdefault.jpg?sqp=-oaymwE2CNACELwBSFXyq4qpAygIARUAAIhCGAFwAcABBvABAfgB1AaAAuADigIMCAAQARhyIEkoPTAP&rs=AOn4CLDofp2obl6CDbelK7Zi7eacljztlQ,Jaime Gabaldoni,external-reference,embed_link_and_summarize_only
VBC7J6b8CqA,https://www.youtube.com/watch?v=VBC7J6b8CqA,Pebble Beach Concours d’Elegance 2017 - A Bordo En Vivo,1132.0,,videos,https://i.ytimg.com/vi/VBC7J6b8CqA/hqdefault.jpg?sqp=-oaymwEcCNACELwBSFXyq4qpAw4IARUAAIhCGAFwAcABBg==&rs=AOn4CLC2iT7FQ8HbdTmfGQbfrLm0_qgMOQ,Jaime Gabaldoni,external-reference,embed_link_and_summarize_only
LU14MkY1cCk,https://www.youtube.com/watch?v=LU14MkY1cCk,Lamborghini Countach  @ Concorso Italiano Monterey 2017,40.0,,videos,https://i.ytimg.com/vi/LU14MkY1cCk/hqdefault.jpg?sqp=-oaymwEcCNACELwBSFXyq4qpAw4IARUAAIhCGAFwAcABBg==&rs=AOn4CLBEHS2vyKAX4gZLIKbpup1rCuLU7Q,Jaime Gabaldoni,external-reference,embed_link_and_summarize_only
z82nQ5KQgjg,https://www.youtube.com/watch?v=z82nQ5KQgjg,Mazda CX-5 2017 - Encendido,45.0,,videos,https://i.ytimg.com/vi/z82nQ5KQgjg/hqdefault.jpg?sqp=-oaymwEcCNACELwBSFXyq4qpAw4IARUAAIhCGAFwAcABBg==&rs=AOn4CLA7IpercvnAU8KXkYDXQftFmPEAdg,Jaime Gabaldoni,external-reference,embed_link_and_summarize_only
4091LwuMNtM,https://www.youtube.com/watch?v=4091LwuMNtM,Ford F-150 Limited 2018 - Encendido,61.0,,videos,https://i.ytimg.com/vi/4091LwuMNtM/hqdefault.jpg?sqp=-oaymwEcCNACELwBSFXyq4qpAw4IARUAAIhCGAFwAcABBg==&rs=AOn4CLD4P6stMzoRB8XgiSuP4F-fOhWn_g,Jaime Gabaldoni,external-reference,embed_link_and_summarize_only
V-DKO4rKYYc,https://www.youtube.com/watch?v=V-DKO4rKYYc,Ford F-150 King Ranch 2018 - A Bordo En Vivo,2271.0,,videos,https://i.ytimg.com/vi/V-DKO4rKYYc/hqdefault.jpg?sqp=-oaymwE2CNACELwBSFXyq4qpAygIARUAAIhCGAFwAcABBvABAfgB1AaAAuADigIMCAAQARhZIFsoZTAP&rs=AOn4CLCTHJMosEARcCLheStDCdjmMjJzog,Jaime Gabaldoni,external-reference,embed_link_and_summarize_only
TLJyCZJflZI,https://www.youtube.com/watch?v=TLJyCZJflZI,Ford F-150 King Ranch 2018 - Encendido,52.0,,videos,https://i.ytimg.com/vi/TLJyCZJflZI/hqdefault.jpg?sqp=-oaymwEcCNACELwBSFXyq4qpAw4IARUAAIhCGAFwAcABBg==&rs=AOn4CLBMRl8Pda4wFVFzFOJ0QwCdvZa31Q,Jaime Gabaldoni,external-reference,embed_link_and_summarize_only
9QEBgvDlyg4,https://www.youtube.com/watch?v=9QEBgvDlyg4,Indian Chieftain 2018 - Encendido,58.0,,videos,https://i.ytimg.com/vi/9QEBgvDlyg4/hqdefault.jpg?sqp=-oaymwE2CNACELwBSFXyq4qpAygIARUAAIhCGAFwAcABBvABAfgB_gmAAtAFigIMCAAQARhlIFwoPTAP&rs=AOn4CLClpI_dDxA9lSKFvTvGwAJkGKY-Iw,Jaime Gabaldoni,external-reference,embed_link_and_summarize_only
Pwi-3fFpzwo,https://www.youtube.com/watch?v=Pwi-3fFpzwo,BMW M2 2017 M Parts & Accesories - Encendido,61.0,,videos,https://i.ytimg.com/vi/Pwi-3fFpzwo/hqdefault.jpg?sqp=-oaymwEcCNACELwBSFXyq4qpAw4IARUAAIhCGAFwAcABBg==&rs=AOn4CLDXWIfkdA3YSBdUtxewwwvJ1NEeRA,Jaime Gabaldoni,external-reference,embed_link_and_summarize_only
VH1kgLofZPk,https://www.youtube.com/watch?v=VH1kgLofZPk,BMW M2 2017 - Detalles En Vivo,1553.0,,videos,https://i.ytimg.com/vi/VH1kgLofZPk/hqdefault.jpg?sqp=-oaymwE2CNACELwBSFXyq4qpAygIARUAAIhCGAFwAcABBvABAfgB1AaAAuADigIMCAAQARhyIE4oQDAP&rs=AOn4CLA5oSjFGQ302lcKR9ihw0vfV8Y9Fg,Jaime Gabaldoni,external-reference,embed_link_and_summarize_only
aKEjuEzkCdY,https://www.youtube.com/watch?v=aKEjuEzkCdY,BMW M2 2017 - Encendido,57.0,,videos,https://i.ytimg.com/vi/aKEjuEzkCdY/hqdefault.jpg?sqp=-oaymwEcCNACELwBSFXyq4qpAw4IARUAAIhCGAFwAcABBg==&rs=AOn4CLAlfQIETkeBfCTcytcMRD0vsHVKfQ,Jaime Gabaldoni,external-reference,embed_link_and_summarize_only
NThnAv_4ou4,https://www.youtube.com/watch?v=NThnAv_4ou4,Alfa Romeo Stelvio 2018 - A Bordo En Vivo (feat. Luca Gabaldoni),2385.0,,videos,https://i.ytimg.com/vi/NThnAv_4ou4/hqdefault.jpg?sqp=-oaymwEcCNACELwBSFXyq4qpAw4IARUAAIhCGAFwAcABBg==&rs=AOn4CLAibDmKe0geMfpe1Fyh_ksOokRblQ,Jaime Gabaldoni,external-reference,embed_link_and_summarize_only
HvQSxhasJzQ,https://www.youtube.com/watch?v=HvQSxhasJzQ,Alfa Romeo Stelvio 2018 - Encendido,61.0,,videos,https://i.ytimg.com/vi/HvQSxhasJzQ/hqdefault.jpg?sqp=-oaymwE2CNACELwBSFXyq4qpAygIARUAAIhCGAFwAcABBvABAfgB_gmAAtAFigIMCAAQARhDIFkocjAP&rs=AOn4CLB3dPIHxU3rqTHT74dafEM4cCxRdQ,Jaime Gabaldoni,external-reference,embed_link_and_summarize_only
vM2uhaKgQdQ,https://www.youtube.com/watch?v=vM2uhaKgQdQ,Mopar Mile High Block Party 2017 - A Bordo En Vivo,1286.0,,videos,https://i.ytimg.com/vi/vM2uhaKgQdQ/hqdefault.jpg?sqp=-oaymwEcCNACELwBSFXyq4qpAw4IARUAAIhCGAFwAcABBg==&rs=AOn4CLBwwSTs0SRHZYP6u-xpSgMotBirZA,Jaime Gabaldoni,external-reference,embed_link_and_summarize_only
MDRS9Dadcvg,https://www.youtube.com/watch?v=MDRS9Dadcvg,Funny Car - A Bordo En Vivo,806.0,,videos,https://i.ytimg.com/vi/MDRS9Dadcvg/hqdefault.jpg?sqp=-oaymwE2CNACELwBSFXyq4qpAygIARUAAIhCGAFwAcABBvABAfgB1AaAAuADigIMCAAQARhlIFgoUDAP&rs=AOn4CLDscPC4NIQkDlK8EtJpW3AUbpoKQw,Jaime Gabaldoni,external-reference,embed_link_and_summarize_only
npSpW1XHsrQ,https://www.youtube.com/watch?v=npSpW1XHsrQ,Jaguar F-Type SVR Convertible 2017 - A Bordo En Vivo (feat. Luca Gabaldoni),2578.0,,videos,https://i.ytimg.com/vi/npSpW1XHsrQ/hqdefault.jpg?sqp=-oaymwE2CNACELwBSFXyq4qpAygIARUAAIhCGAFwAcABBvABAfgB1AaAAuADigIMCAAQARhlIEsoPDAP&rs=AOn4CLBkSgY24nY6VeBjRBi0TKo9gNw_Fg,Jaime Gabaldoni,external-reference,embed_link_and_summarize_only
PCgGSW9IQnU,https://www.youtube.com/watch?v=PCgGSW9IQnU,Jaguar F-Type SVR Convertible 2017 - Encendido,59.0,,videos,https://i.ytimg.com/vi/PCgGSW9IQnU/hqdefault.jpg?sqp=-oaymwEcCNACELwBSFXyq4qpAw4IARUAAIhCGAFwAcABBg==&rs=AOn4CLDVgugaeQAcX63ch0D3VKo6rSURtg,Jaime Gabaldoni,external-reference,embed_link_and_summarize_only
XzE1IOCDTlU,https://www.youtube.com/watch?v=XzE1IOCDTlU,Dodge Challenger Demon 2018 - Detalles En Vivo,1567.0,,videos,https://i.ytimg.com/vi/XzE1IOCDTlU/hqdefault.jpg?sqp=-oaymwE2CNACELwBSFXyq4qpAygIARUAAIhCGAFwAcABBvABAfgB1AaAAuADigIMCAAQARhlIFEoSjAP&rs=AOn4CLDTzZPXQ0augdfV_aPGxI5lIZwQLQ,Jaime Gabaldoni,external-reference,embed_link_and_summarize_only
Nj4TMeNG5tE,https://www.youtube.com/watch?v=Nj4TMeNG5tE,Dodge Challenger Demon Exhaust Sound,51.0,,videos,https://i.ytimg.com/vi/Nj4TMeNG5tE/hqdefault.jpg?sqp=-oaymwEcCNACELwBSFXyq4qpAw4IARUAAIhCGAFwAcABBg==&rs=AOn4CLB0ZWI4dYjpgE0M43z2yWkHgweUPQ,Jaime Gabaldoni,external-reference,embed_link_and_summarize_only
_IXm1x-f2fI,https://www.youtube.com/watch?v=_IXm1x-f2fI,Chevrolet Bolt 2017 - A Bordo En Vivo (feat. Luca Gabaldoni),2722.0,,videos,https://i.ytimg.com/vi/_IXm1x-f2fI/hqdefault.jpg?sqp=-oaymwEcCNACELwBSFXyq4qpAw4IARUAAIhCGAFwAcABBg==&rs=AOn4CLC2TG6dKLo7_O-Jima57BG0sKNgLg,Jaime Gabaldoni,external-reference,embed_link_and_summarize_only
0Y3EDvI80gQ,https://www.youtube.com/watch?v=0Y3EDvI80gQ,Chevrolet Bolt 2017 - Encendido,49.0,,videos,https://i.ytimg.com/vi/0Y3EDvI80gQ/hqdefault.jpg?sqp=-oaymwE2CNACELwBSFXyq4qpAygIARUAAIhCGAFwAcABBvABAfgB_gmAAtAFigIMCAAQARhmIGYoZjAP&rs=AOn4CLBybTNoEGbskaVqcbv0pfl9cHVJEg,Jaime Gabaldoni,external-reference,embed_link_and_summarize_only
m5zmtB62RnQ,https://www.youtube.com/watch?v=m5zmtB62RnQ,Subaru BRZ 2017 - A Bordo En Vivo (feat. Luca Gabaldoni),1502.0,,videos,https://i.ytimg.com/vi/m5zmtB62RnQ/hqdefault.jpg?sqp=-oaymwEcCNACELwBSFXyq4qpAw4IARUAAIhCGAFwAcABBg==&rs=AOn4CLDymEn0S-tm68tGRu_SFzngQW-R4w,Jaime Gabaldoni,external-reference,embed_link_and_summarize_only
JjAbovqv0cs,https://www.youtube.com/watch?v=JjAbovqv0cs,Subaru BRZ 2017 - Encendido,58.0,,videos,https://i.ytimg.com/vi/JjAbovqv0cs/hqdefault.jpg?sqp=-oaymwE2CNACELwBSFXyq4qpAygIARUAAIhCGAFwAcABBvABAfgB_gmAAtAFigIMCAAQARhRIGUoLzAP&rs=AOn4CLAJI0L040cCQpAyvL-95RLmP5ou3Q,Jaime Gabaldoni,external-reference,embed_link_and_summarize_only
t_DUJrtE-40,https://www.youtube.com/watch?v=t_DUJrtE-40,Land Rover Discovery 2017 - A Bordo En Vivo (feat. Luca Gabaldoni),3021.0,,videos,https://i.ytimg.com/vi/t_DUJrtE-40/hqdefault.jpg?sqp=-oaymwEcCNACELwBSFXyq4qpAw4IARUAAIhCGAFwAcABBg==&rs=AOn4CLDMsKkv9zAZ-o7Uja1iYgSJ9U-HMQ,Jaime Gabaldoni,external-reference,embed_link_and_summarize_only
JDzZ_sExITo,https://www.youtube.com/watch?v=JDzZ_sExITo,Land Rover Discovery 2017 - Encendido,53.0,,videos,https://i.ytimg.com/vi/JDzZ_sExITo/hqdefault.jpg?sqp=-oaymwEcCNACELwBSFXyq4qpAw4IARUAAIhCGAFwAcABBg==&rs=AOn4CLDaqtNxhn_xMibI9otC_zynfqqAVA,Jaime Gabaldoni,external-reference,embed_link_and_summarize_only
U37ewWSXTjY,https://www.youtube.com/watch?v=U37ewWSXTjY,Jeep Switchback - Detalles En Vivo,1053.0,,videos,https://i.ytimg.com/vi/U37ewWSXTjY/hqdefault.jpg?sqp=-oaymwE2CNACELwBSFXyq4qpAygIARUAAIhCGAFwAcABBvABAfgB1AaAAuADigIMCAAQARhlIEwoRDAP&rs=AOn4CLCJDxhwjg9WZbiK9W1BOq4AiPuQOQ,Jaime Gabaldoni,external-reference,embed_link_and_summarize_only
RMfptCrWSzk,https://www.youtube.com/watch?v=RMfptCrWSzk,Jeep Switchback concept - Encendido,48.0,,videos,https://i.ytimg.com/vi/RMfptCrWSzk/hqdefault.jpg?sqp=-oaymwE2CNACELwBSFXyq4qpAygIARUAAIhCGAFwAcABBvABAfgB_gmAAtAFigIMCAAQARhJIEwoZTAP&rs=AOn4CLD5NxUFfFt3SRj295FhyiMlIMVCIQ,Jaime Gabaldoni,external-reference,embed_link_and_summarize_only
n1qI7n5vO_8,https://www.youtube.com/watch?v=n1qI7n5vO_8,Chevrolet Silverado 3500HD Diesel CrewCab 2017 - Encendido,54.0,,videos,https://i.ytimg.com/vi/n1qI7n5vO_8/hqdefault.jpg?sqp=-oaymwEcCNACELwBSFXyq4qpAw4IARUAAIhCGAFwAcABBg==&rs=AOn4CLAOWb1PZY7TtPBf_VZxXlDRi64xcw,Jaime Gabaldoni,external-reference,embed_link_and_summarize_only
mmw8Ln_o4ys,https://www.youtube.com/watch?v=mmw8Ln_o4ys,Jaguar XF-S 2017 - A Bordo En Vivo (feat. Luca Gabaldoni),1254.0,,videos,https://i.ytimg.com/vi/mmw8Ln_o4ys/hqdefault.jpg?sqp=-oaymwEcCNACELwBSFXyq4qpAw4IARUAAIhCGAFwAcABBg==&rs=AOn4CLBI7lZAhbIEThe5j4izzvyqlkoWnQ,Jaime Gabaldoni,external-reference,embed_link_and_summarize_only
bCAYb2lNqxw,https://www.youtube.com/watch?v=bCAYb2lNqxw,Jaguar XF-S 2017 - Encendido,61.0,,videos,https://i.ytimg.com/vi/bCAYb2lNqxw/hqdefault.jpg?sqp=-oaymwE2CNACELwBSFXyq4qpAygIARUAAIhCGAFwAcABBvABAfgB_gmAAtAFigIMCAAQARhPIFUoZTAP&rs=AOn4CLCXOWS7OLTBVBXYSI4p9ayBXFxK4A,Jaime Gabaldoni,external-reference,embed_link_and_summarize_only
81XQBrqoN8c,https://www.youtube.com/watch?v=81XQBrqoN8c,Toyota Camry 2018 - A Bordo En Vivo,1169.0,,videos,https://i.ytimg.com/vi/81XQBrqoN8c/hqdefault.jpg?sqp=-oaymwE2CNACELwBSFXyq4qpAygIARUAAIhCGAFwAcABBvABAfgB1AaAAuADigIMCAAQARhlIE4oRjAP&rs=AOn4CLAoXSWEluHyWxT6z1izw4Y4aQS5Og,Jaime Gabaldoni,external-reference,embed_link_and_summarize_only
UUYhsAwDuCU,https://www.youtube.com/watch?v=UUYhsAwDuCU,Toyota Camry 2018 - Encendido,52.0,,videos,https://i.ytimg.com/vi/UUYhsAwDuCU/hqdefault.jpg?sqp=-oaymwE2CNACELwBSFXyq4qpAygIARUAAIhCGAFwAcABBvABAfgB_gmAAtAFigIMCAAQARhlIGUoWjAP&rs=AOn4CLB_h2K8CXLl4SZ-ZIlyipv-5amWmg,Jaime Gabaldoni,external-reference,embed_link_and_summarize_only
inWiqv7LTg0,https://www.youtube.com/watch?v=inWiqv7LTg0,Honda Civic Type R 2017 - A Bordo En Vivo,2009.0,,videos,https://i.ytimg.com/vi/inWiqv7LTg0/hqdefault.jpg?sqp=-oaymwEcCNACELwBSFXyq4qpAw4IARUAAIhCGAFwAcABBg==&rs=AOn4CLCCwMAEPrtfxXIWAyCcgqEkYupt2w,Jaime Gabaldoni,external-reference,embed_link_and_summarize_only
OAOyoSXpZQo,https://www.youtube.com/watch?v=OAOyoSXpZQo,Honda Civic Type R 2017 - Encendido,59.0,,videos,https://i.ytimg.com/vi/OAOyoSXpZQo/hqdefault.jpg?sqp=-oaymwEcCNACELwBSFXyq4qpAw4IARUAAIhCGAFwAcABBg==&rs=AOn4CLAVjLmg-IjANXEJY6_xeFjWU1OKng,Jaime Gabaldoni,external-reference,embed_link_and_summarize_only
CvaXPXpUJ1A,https://www.youtube.com/watch?v=CvaXPXpUJ1A,Nissan 370Z Roadster 2017 - Encendido,54.0,,videos,https://i.ytimg.com/vi/CvaXPXpUJ1A/hqdefault.jpg?sqp=-oaymwE2CNACELwBSFXyq4qpAygIARUAAIhCGAFwAcABBvABAfgB_gmAAtAFigIMCAAQARhHIEwoZTAP&rs=AOn4CLAht98R5_otcU8S83f52PxTqarbwg,Jaime Gabaldoni,external-reference,embed_link_and_summarize_only
Tp7xIL8PM4o,https://www.youtube.com/watch?v=Tp7xIL8PM4o,Chevrolet Camaro ZL1 2017 - Encendido,54.0,,videos,https://i.ytimg.com/vi/Tp7xIL8PM4o/hqdefault.jpg?sqp=-oaymwEcCNACELwBSFXyq4qpAw4IARUAAIhCGAFwAcABBg==&rs=AOn4CLBTcDgyeWpu5q1MJiRp9wn7rCqZjA,Jaime Gabaldoni,external-reference,embed_link_and_summarize_only
PDH6L14TqcQ,https://www.youtube.com/watch?v=PDH6L14TqcQ,Mercedes-AMG C43 2017 - Encendido,51.0,,videos,https://i.ytimg.com/vi/PDH6L14TqcQ/hqdefault.jpg?sqp=-oaymwEcCNACELwBSFXyq4qpAw4IARUAAIhCGAFwAcABBg==&rs=AOn4CLD2N86Gyv4oFjSkkKQYYO3GF080JA,Jaime Gabaldoni,external-reference,embed_link_and_summarize_only
QYDjLLDtEcw,https://www.youtube.com/watch?v=QYDjLLDtEcw,Audi A8L 2017 - Sistema de Iluminación,46.0,,videos,https://i.ytimg.com/vi/QYDjLLDtEcw/hqdefault.jpg?sqp=-oaymwE2CNACELwBSFXyq4qpAygIARUAAIhCGAFwAcABBvABAfgB_gmAAtAFigIMCAAQARhyIEkoPzAP&rs=AOn4CLCDXa4QaZjUFmfSPROjHC9bHDWU5Q,Jaime Gabaldoni,external-reference,embed_link_and_summarize_only
YDjH8ipC4gU,https://www.youtube.com/watch?v=YDjH8ipC4gU,Audi A8L 2017 - Detalles en vivo,2013.0,,videos,https://i.ytimg.com/vi/YDjH8ipC4gU/hqdefault.jpg?sqp=-oaymwE2CNACELwBSFXyq4qpAygIARUAAIhCGAFwAcABBvABAfgB1AaAAuADigIMCAAQARhyIEooRjAP&rs=AOn4CLCZWT4H5KAIbx-RGeAE-WZfnpS4Kg,Jaime Gabaldoni,external-reference,embed_link_and_summarize_only
jkyt-aRivx8,https://www.youtube.com/watch?v=jkyt-aRivx8,Audi A8L 2017 - Encendido,49.0,,videos,https://i.ytimg.com/vi/jkyt-aRivx8/hqdefault.jpg?sqp=-oaymwEcCNACELwBSFXyq4qpAw4IARUAAIhCGAFwAcABBg==&rs=AOn4CLCBs1LJY3UAWb-ZIzzZA4oWonYLNg,Jaime Gabaldoni,external-reference,embed_link_and_summarize_only
GDHubV6ESwM,https://www.youtube.com/watch?v=GDHubV6ESwM,Honda Civic Si 2017 - Encendido,55.0,,videos,https://i.ytimg.com/vi/GDHubV6ESwM/hqdefault.jpg?sqp=-oaymwE2CNACELwBSFXyq4qpAygIARUAAIhCGAFwAcABBvABAfgB_gmAAtAFigIMCAAQARg-IEcocjAP&rs=AOn4CLAjBW3AnQIo27u18UEjo1fB3ZrIvw,Jaime Gabaldoni,external-reference,embed_link_and_summarize_only
1OSkXZwhMNc,https://www.youtube.com/watch?v=1OSkXZwhMNc,Despertando al Alfa Romeo 4c 2017,92.0,,videos,https://i.ytimg.com/vi/1OSkXZwhMNc/hqdefault.jpg?sqp=-oaymwEcCNACELwBSFXyq4qpAw4IARUAAIhCGAFwAcABBg==&rs=AOn4CLDCgTgiex2cYIFhrYFSxhCqqveW9w,Jaime Gabaldoni,external-reference,embed_link_and_summarize_only
FCnbAdNQu34,https://www.youtube.com/watch?v=FCnbAdNQu34,Atascado en el fango con el Lexus LX570 2017 - A Bordo En Vivo,681.0,,videos,https://i.ytimg.com/vi/FCnbAdNQu34/hqdefault.jpg?sqp=-oaymwEcCNACELwBSFXyq4qpAw4IARUAAIhCGAFwAcABBg==&rs=AOn4CLAujSvlYZ6C-NoD6K4AiuzkIM9NaA,Jaime Gabaldoni,external-reference,embed_link_and_summarize_only
Rcy0_LBCMFY,https://www.youtube.com/watch?v=Rcy0_LBCMFY,Mercedes-AMG C63 S 2017 - Sistema de iluminación,141.0,,videos,https://i.ytimg.com/vi/Rcy0_LBCMFY/hqdefault.jpg?sqp=-oaymwE2CNACELwBSFXyq4qpAygIARUAAIhCGAFwAcABBvABAfgB_gmAAtAFigIMCAAQARhyIE8oOzAP&rs=AOn4CLCo850QNfozmO91PcHskvU2KdbQpA,Jaime Gabaldoni,external-reference,embed_link_and_summarize_only
b_Vc1yiSHbs,https://www.youtube.com/watch?v=b_Vc1yiSHbs,Mercedes-AMG C63 S 2017 - A Bordo En Vivo,2898.0,,videos,https://i.ytimg.com/vi/b_Vc1yiSHbs/hqdefault.jpg?sqp=-oaymwE2CNACELwBSFXyq4qpAygIARUAAIhCGAFwAcABBvABAfgB1AaAAuADigIMCAAQARhlIGUoZTAP&rs=AOn4CLAHUaqcxJ4AGKNJ7Wyry2RYcToOdg,Jaime Gabaldoni,external-reference,embed_link_and_summarize_only
lnaF7f-cg7E,https://www.youtube.com/watch?v=lnaF7f-cg7E,Despertando al Mercedes-AMG C63 S,60.0,,videos,https://i.ytimg.com/vi/lnaF7f-cg7E/hqdefault.jpg?sqp=-oaymwEcCNACELwBSFXyq4qpAw4IARUAAIhCGAFwAcABBg==&rs=AOn4CLCH_-W5xJZMYeCG33Bx2QLoC3UTwQ,Jaime Gabaldoni,external-reference,embed_link_and_summarize_only
Eux79CYLq1k,https://www.youtube.com/watch?v=Eux79CYLq1k,Lincoln Continental 2017- Sistema de iluminación,190.0,,videos,https://i.ytimg.com/vi/Eux79CYLq1k/hqdefault.jpg?sqp=-oaymwE2CNACELwBSFXyq4qpAygIARUAAIhCGAFwAcABBvABAfgB_gmAAtAFigIMCAAQARh_IBwoIzAP&rs=AOn4CLBwb71jTGAkiqJ0R5lXdEQ7-8dmlQ,Jaime Gabaldoni,external-reference,embed_link_and_summarize_only
Ei7BcfabDc4,https://www.youtube.com/watch?v=Ei7BcfabDc4,Lincoln Contiental 2018 - A Bordo En Vivo,3412.0,,videos,https://i.ytimg.com/vi/Ei7BcfabDc4/hqdefault.jpg?sqp=-oaymwE2CNACELwBSFXyq4qpAygIARUAAIhCGAFwAcABBvABAfgB1AaAAuADigIMCAAQARhOIEsoZTAP&rs=AOn4CLBD8rNhA_jI9zBNUYJTnc2pkEtjug,Jaime Gabaldoni,external-reference,embed_link_and_summarize_only
CpS8ZDMn-bA,https://www.youtube.com/watch?v=CpS8ZDMn-bA,Despertando al Lincoln Continental 2017,48.0,,videos,https://i.ytimg.com/vi/CpS8ZDMn-bA/hqdefault.jpg?sqp=-oaymwEcCNACELwBSFXyq4qpAw4IARUAAIhCGAFwAcABBg==&rs=AOn4CLBtuI2QYYsoo_lphAOxpqqi07h7bw,Jaime Gabaldoni,external-reference,embed_link_and_summarize_only
xL_nxvxCK0w,https://www.youtube.com/watch?v=xL_nxvxCK0w,Audi A5 2018 - A Bordo En Vivo,3092.0,,videos,https://i.ytimg.com/vi/xL_nxvxCK0w/hqdefault.jpg?sqp=-oaymwE2CNACELwBSFXyq4qpAygIARUAAIhCGAFwAcABBvABAfgB1AaAAuADigIMCAAQARhlIFkoUDAP&rs=AOn4CLChFZhnx095n-zoCFsKQgAg8k_YxQ,Jaime Gabaldoni,external-reference,embed_link_and_summarize_only
5iQx5CS4vCc,https://www.youtube.com/watch?v=5iQx5CS4vCc,Despertando al Audi A5 2018,50.0,,videos,https://i.ytimg.com/vi/5iQx5CS4vCc/hqdefault.jpg?sqp=-oaymwEcCNACELwBSFXyq4qpAw4IARUAAIhCGAFwAcABBg==&rs=AOn4CLCJrzBbNMLzC2_GpPH8KqVGN1ty4Q,Jaime Gabaldoni,external-reference,embed_link_and_summarize_only
zVJEU0cZR54,https://www.youtube.com/watch?v=zVJEU0cZR54,BMW M760i XDrive 2017 - A Bordo En Vivo,2281.0,,videos,https://i.ytimg.com/vi/zVJEU0cZR54/hqdefault.jpg?sqp=-oaymwEcCNACELwBSFXyq4qpAw4IARUAAIhCGAFwAcABBg==&rs=AOn4CLBMluogHiq2UOpHrmslGGMsC3HVdA,Jaime Gabaldoni,external-reference,embed_link_and_summarize_only
cN9Er-pDPWE,https://www.youtube.com/watch?v=cN9Er-pDPWE,BMW 760i M 2017 - Encendido,48.0,,videos,https://i.ytimg.com/vi/cN9Er-pDPWE/hqdefault.jpg?sqp=-oaymwEcCNACELwBSFXyq4qpAw4IARUAAIhCGAFwAcABBg==&rs=AOn4CLByofLeAn0fVOYvx-4qHk2MkPf0-g,Jaime Gabaldoni,external-reference,embed_link_and_summarize_only
oyfTSn2qrVU,https://www.youtube.com/watch?v=oyfTSn2qrVU,Despertando al Acura NSX 2017,43.0,,videos,https://i.ytimg.com/vi/oyfTSn2qrVU/hqdefault.jpg?sqp=-oaymwEcCNACELwBSFXyq4qpAw4IARUAAIhCGAFwAcABBg==&rs=AOn4CLBw0fhPjClOL9By5TIv3bVHosPdbw,Jaime Gabaldoni,external-reference,embed_link_and_summarize_only
CyjJQ6kxju0,https://www.youtube.com/watch?v=CyjJQ6kxju0,Ford F150 Raptor 2017 - A Bordo En Vivo,2159.0,,videos,https://i.ytimg.com/vi/CyjJQ6kxju0/hqdefault.jpg?sqp=-oaymwEcCNACELwBSFXyq4qpAw4IARUAAIhCGAFwAcABBg==&rs=AOn4CLBkGgNZEXwI0fNDVSSrKFcMVtZocw,Jaime Gabaldoni,external-reference,embed_link_and_summarize_only
fZUwYx4RvkY,https://www.youtube.com/watch?v=fZUwYx4RvkY,Rolls Royce Wraith Black Badge 2017 - Interior,23.0,,videos,https://i.ytimg.com/vi/fZUwYx4RvkY/hqdefault.jpg?sqp=-oaymwE2CNACELwBSFXyq4qpAygIARUAAIhCGAFwAcABBvABAfgB_gmAAtAFigIMCAAQARhlIFEoPTAP&rs=AOn4CLD5bqt2pQTPSy1O7XDERZtyYC5tZw,Jaime Gabaldoni,external-reference,embed_link_and_summarize_only
g2xNV3mknMs,https://www.youtube.com/watch?v=g2xNV3mknMs,Audi A3 Sportback e-tron 2017 - A Bordo En Vivo,2263.0,,videos,https://i.ytimg.com/vi/g2xNV3mknMs/hqdefault.jpg?sqp=-oaymwEcCNACELwBSFXyq4qpAw4IARUAAIhCGAFwAcABBg==&rs=AOn4CLA2hoz2yZtoX3HwXJepqzusKyb1CQ,Jaime Gabaldoni,external-reference,embed_link_and_summarize_only
wSbCNNk2yas,https://www.youtube.com/watch?v=wSbCNNk2yas,Jeep Wrangler Unlimited Rubicon Hard Rock 2017 - A Bordo En Vivo,2034.0,,videos,https://i.ytimg.com/vi/wSbCNNk2yas/hqdefault.jpg?sqp=-oaymwEcCNACELwBSFXyq4qpAw4IARUAAIhCGAFwAcABBg==&rs=AOn4CLBd4p261bPk-2W9zMXuh8JtsEHCXQ,Jaime Gabaldoni,external-reference,embed_link_and_summarize_only
TsunfCN_NSo,https://www.youtube.com/watch?v=TsunfCN_NSo,Despertando al Jeep Wrangler Unlimited Rubicon Hard Rock 2017,53.0,,videos,https://i.ytimg.com/vi/TsunfCN_NSo/hqdefault.jpg?sqp=-oaymwE2CNACELwBSFXyq4qpAygIARUAAIhCGAFwAcABBvABAfgB_gmAAtAFigIMCAAQARhVIFUoZTAP&rs=AOn4CLB02Gp5ixpJLOLssuWx-K2hEodXtA,Jaime Gabaldoni,external-reference,embed_link_and_summarize_only
AZ2y6CZ3gdg,https://www.youtube.com/watch?v=AZ2y6CZ3gdg,Mercedes-AMG S65 Cabriolet 2017,40.0,,videos,https://i.ytimg.com/vi/AZ2y6CZ3gdg/hqdefault.jpg?sqp=-oaymwE2CNACELwBSFXyq4qpAygIARUAAIhCGAFwAcABBvABAfgB_gmAAtAFigIMCAAQARh_IBMoJTAP&rs=AOn4CLDGPkZE9qVxHZwpPYOZWMNfskSOpQ,Jaime Gabaldoni,external-reference,embed_link_and_summarize_only
P7YnUcV6DeM,https://www.youtube.com/watch?v=P7YnUcV6DeM,Audi Q7 2017 - A Bordo En Vivo,2493.0,,videos,https://i.ytimg.com/vi/P7YnUcV6DeM/hqdefault.jpg?sqp=-oaymwE2CNACELwBSFXyq4qpAygIARUAAIhCGAFwAcABBvABAfgB1AaAAuADigIMCAAQARhlIFEoSjAP&rs=AOn4CLBFGl_e-nvlTCNgpRkFc56b85wvIg,Jaime Gabaldoni,external-reference,embed_link_and_summarize_only
UU0NqtOHWoY,https://www.youtube.com/watch?v=UU0NqtOHWoY,Despertando al Audi Q7 2017,53.0,,videos,https://i.ytimg.com/vi/UU0NqtOHWoY/hqdefault.jpg?sqp=-oaymwEcCNACELwBSFXyq4qpAw4IARUAAIhCGAFwAcABBg==&rs=AOn4CLBKKoK-h6li6b2qvJYC4PeH3CIg8A,Jaime Gabaldoni,external-reference,embed_link_and_summarize_only
YvCTpiPsTK8,https://www.youtube.com/watch?v=YvCTpiPsTK8,Mercedes-AMG S65 Cabriolet 2017 - A Bordo En Vivo,2281.0,,videos,https://i.ytimg.com/vi/YvCTpiPsTK8/hqdefault.jpg?sqp=-oaymwEcCNACELwBSFXyq4qpAw4IARUAAIhCGAFwAcABBg==&rs=AOn4CLDKjjoMq32TFR7QcwMXWNeTlBli6A,Jaime Gabaldoni,external-reference,embed_link_and_summarize_only
oZ0EemukUs8,https://www.youtube.com/watch?v=oZ0EemukUs8,Despertando al Mercedes-AMG S65 Cabriolet 2017,61.0,,videos,https://i.ytimg.com/vi/oZ0EemukUs8/hqdefault.jpg?sqp=-oaymwEcCNACELwBSFXyq4qpAw4IARUAAIhCGAFwAcABBg==&rs=AOn4CLAiNPkh0N-DFt_m3vhIvWeTpmD9Lg,Jaime Gabaldoni,external-reference,embed_link_and_summarize_only
6oip6wsgGWw,https://www.youtube.com/watch?v=6oip6wsgGWw,Fiat 124 Spider Abarth 2017 - A Bordo En Vivo,2187.0,,videos,https://i.ytimg.com/vi/6oip6wsgGWw/hqdefault.jpg?sqp=-oaymwE2CNACELwBSFXyq4qpAygIARUAAIhCGAFwAcABBvABAfgB1AaAAuADigIMCAAQARhyIE0oPzAP&rs=AOn4CLC1hF2Z-uul6Qckia643KMmeTIPoQ,Jaime Gabaldoni,external-reference,embed_link_and_summarize_only
xZ9azzLNodo,https://www.youtube.com/watch?v=xZ9azzLNodo,Despertando al Fiat 124 Spider Abarth 2017,64.0,,videos,https://i.ytimg.com/vi/xZ9azzLNodo/hqdefault.jpg?sqp=-oaymwEcCNACELwBSFXyq4qpAw4IARUAAIhCGAFwAcABBg==&rs=AOn4CLDNKWhkWKHHGNInO-z-lL2pt1FEeA,Jaime Gabaldoni,external-reference,embed_link_and_summarize_only
7ARNnTq3yqI,https://www.youtube.com/watch?v=7ARNnTq3yqI,En Vivo - A Bordo del Rolls-Royce Dawn 2017,2149.0,,videos,https://i.ytimg.com/vi/7ARNnTq3yqI/hqdefault.jpg?sqp=-oaymwEcCNACELwBSFXyq4qpAw4IARUAAIhCGAFwAcABBg==&rs=AOn4CLALwE0IuIFkjgWHVhwS3qat9TkBFg,Jaime Gabaldoni,external-reference,embed_link_and_summarize_only
63D-fuS2DKw,https://www.youtube.com/watch?v=63D-fuS2DKw,Rolls-Royce Dawn 2017 | Encendido,54.0,,videos,https://i.ytimg.com/vi/63D-fuS2DKw/hqdefault.jpg?sqp=-oaymwEcCNACELwBSFXyq4qpAw4IARUAAIhCGAFwAcABBg==&rs=AOn4CLBZqWe0zypXT1v5NZthQYKC8ejTcw,Jaime Gabaldoni,external-reference,embed_link_and_summarize_only
eaPmuRD9Fo4,https://www.youtube.com/watch?v=eaPmuRD9Fo4,En Vivo - A Bordo del Nissan Titan Pro4x 2017,2228.0,,videos,https://i.ytimg.com/vi/eaPmuRD9Fo4/hqdefault.jpg?sqp=-oaymwEcCNACELwBSFXyq4qpAw4IARUAAIhCGAFwAcABBg==&rs=AOn4CLDgViCtVVbSNmauEa7s_IZ236_QQw,Jaime Gabaldoni,external-reference,embed_link_and_summarize_only
-SVa4YjIFJU,https://www.youtube.com/watch?v=-SVa4YjIFJU,Despertando al Nissan Titan Pro4x 2017 2017,52.0,,videos,https://i.ytimg.com/vi/-SVa4YjIFJU/hqdefault.jpg?sqp=-oaymwE2CNACELwBSFXyq4qpAygIARUAAIhCGAFwAcABBvABAfgB_gmAAtAFigIMCAAQARhpIGkoaTAP&rs=AOn4CLBJGgDapWT4oVOlbWJ2b-K3ehJ9hg,Jaime Gabaldoni,external-reference,embed_link_and_summarize_only
wtn3NldCswg,https://www.youtube.com/watch?v=wtn3NldCswg,En Vivo - A Bordo del Toyota Concept i,453.0,,videos,https://i.ytimg.com/vi/wtn3NldCswg/hqdefault.jpg?sqp=-oaymwE2CNACELwBSFXyq4qpAygIARUAAIhCGAFwAcABBvABAfgB1AaAAuADigIMCAAQARhlIEooSjAP&rs=AOn4CLBuHVcQP0u1c_WhaxKIrtHqv3xkRA,Jaime Gabaldoni,external-reference,embed_link_and_summarize_only
2tV3bo1w6rU,https://www.youtube.com/watch?v=2tV3bo1w6rU,En Vivo - A Bordo del Chrysler Portal Concept,983.0,,videos,https://i.ytimg.com/vi/2tV3bo1w6rU/hqdefault.jpg?sqp=-oaymwE2CNACELwBSFXyq4qpAygIARUAAIhCGAFwAcABBvABAfgB1AaAAuADigIMCAAQARhlIFEoSzAP&rs=AOn4CLCO18GLVgt6O-zTVeg1B8ymSzhfdQ,Jaime Gabaldoni,external-reference,embed_link_and_summarize_only
SP761nE7yqc,https://www.youtube.com/watch?v=SP761nE7yqc,En Vivo - A Bordo del Fiat 124 Spider 2017,1816.0,,videos,https://i.ytimg.com/vi/SP761nE7yqc/hqdefault.jpg?sqp=-oaymwEcCNACELwBSFXyq4qpAw4IARUAAIhCGAFwAcABBg==&rs=AOn4CLB0yYAiP_lJKO8Tiray_5sr3zXxfg,Jaime Gabaldoni,external-reference,embed_link_and_summarize_only
UfQdUWKzmlg,https://www.youtube.com/watch?v=UfQdUWKzmlg,Despertando al Fiat 124 Spider 2017,33.0,,videos,https://i.ytimg.com/vi/UfQdUWKzmlg/hqdefault.jpg?sqp=-oaymwE2CNACELwBSFXyq4qpAygIARUAAIhCGAFwAcABBvABAfgB_gmAAtAFigIMCAAQARhkIGUoOjAP&rs=AOn4CLAMTkZHx4V6He0nk4YbC58aelbtsw,Jaime Gabaldoni,external-reference,embed_link_and_summarize_only
ob9a-X7n0ts,https://www.youtube.com/watch?v=ob9a-X7n0ts,En Vivo - A Bordo del Mercedes-Benz S550e Plug-In Hybrid 2017,2382.0,,videos,https://i.ytimg.com/vi/ob9a-X7n0ts/hqdefault.jpg?sqp=-oaymwE2CNACELwBSFXyq4qpAygIARUAAIhCGAFwAcABBvABAfgB1AaAAuADigIMCAAQARhlIFYoSjAP&rs=AOn4CLAHYbtX3cxm8eCYNuueMViZ9YPoXA,Jaime Gabaldoni,external-reference,embed_link_and_summarize_only
1NhrC9qIQDI,https://www.youtube.com/watch?v=1NhrC9qIQDI,Despertando al Mercedes-Benz S550e Plug-In Hybrid 2017,54.0,,videos,https://i.ytimg.com/vi/1NhrC9qIQDI/hqdefault.jpg?sqp=-oaymwEcCNACELwBSFXyq4qpAw4IARUAAIhCGAFwAcABBg==&rs=AOn4CLAPvvibXwFWcZ-r-E_3opDy1-zSpw,Jaime Gabaldoni,external-reference,embed_link_and_summarize_only
NNxSUcEwOWg,https://www.youtube.com/watch?v=NNxSUcEwOWg,En Vivo - A Bordo del Toyota Tacoma TRDPro 2017,2227.0,,videos,https://i.ytimg.com/vi/NNxSUcEwOWg/hqdefault.jpg?sqp=-oaymwEcCNACELwBSFXyq4qpAw4IARUAAIhCGAFwAcABBg==&rs=AOn4CLC4kG3tqFwZEGLOh-Wop0HLUZKodQ,Jaime Gabaldoni,external-reference,embed_link_and_summarize_only
sdCoyIDRlIw,https://www.youtube.com/watch?v=sdCoyIDRlIw,Despertando al Toyota Tacome TRDPro 2017,46.0,,videos,https://i.ytimg.com/vi/sdCoyIDRlIw/hqdefault.jpg?sqp=-oaymwEcCNACELwBSFXyq4qpAw4IARUAAIhCGAFwAcABBg==&rs=AOn4CLBY3XwPtit5yLn-ZisEhEufs0kZ0w,Jaime Gabaldoni,external-reference,embed_link_and_summarize_only
teNcQh8AigE,https://www.youtube.com/watch?v=teNcQh8AigE,Despertando al Infiniti Q60s 2017,48.0,,videos,https://i.ytimg.com/vi/teNcQh8AigE/hqdefault.jpg?sqp=-oaymwE2CNACELwBSFXyq4qpAygIARUAAIhCGAFwAcABBvABAfgB_gmAAtAFigIMCAAQARhOIFooZTAP&rs=AOn4CLAXLMR7zgUi_urTKkO_iEbnlFXKPQ,Jaime Gabaldoni,external-reference,embed_link_and_summarize_only
l61Qydcdtuc,https://www.youtube.com/watch?v=l61Qydcdtuc,Despertando al Mercedes-AMG S63 Cabriolet 2017,51.0,,videos,https://i.ytimg.com/vi/l61Qydcdtuc/hqdefault.jpg?sqp=-oaymwEcCNACELwBSFXyq4qpAw4IARUAAIhCGAFwAcABBg==&rs=AOn4CLCcDvwY8s4crIE9X_4pPEAAJq3Guw,Jaime Gabaldoni,external-reference,embed_link_and_summarize_only
-DC1Exl_uBU,https://www.youtube.com/watch?v=-DC1Exl_uBU,Despertando al Subaru Impreza 2017,40.0,,videos,https://i.ytimg.com/vi/-DC1Exl_uBU/hqdefault.jpg?sqp=-oaymwE2CNACELwBSFXyq4qpAygIARUAAIhCGAFwAcABBvABAfgB_gmAAtAFigIMCAAQARhBIEkoZTAP&rs=AOn4CLDDdqnXGEa0iwyveRcK5myIMk6OZw,Jaime Gabaldoni,external-reference,embed_link_and_summarize_only
2npIKrEhTaw,https://www.youtube.com/watch?v=2npIKrEhTaw,Ford F-150 Raptor 2017 | Encendido,41.0,,videos,https://i.ytimg.com/vi/2npIKrEhTaw/hqdefault.jpg?sqp=-oaymwEcCNACELwBSFXyq4qpAw4IARUAAIhCGAFwAcABBg==&rs=AOn4CLBa1NAbdFPnFt28_doKlmevEWWkag,Jaime Gabaldoni,external-reference,embed_link_and_summarize_only
S0xgqND8HZs,https://www.youtube.com/watch?v=S0xgqND8HZs,Despertando al Infiniti QX30s 2017,51.0,,videos,https://i.ytimg.com/vi/S0xgqND8HZs/hqdefault.jpg?sqp=-oaymwEcCNACELwBSFXyq4qpAw4IARUAAIhCGAFwAcABBg==&rs=AOn4CLDTvIoFmKk_yWQ7uOgKGRwW8-Z07w,Jaime Gabaldoni,external-reference,embed_link_and_summarize_only
52J_y2iSaQw,https://www.youtube.com/watch?v=52J_y2iSaQw,En Vivo - A Bordo del Infiniti QX30S 2017,1431.0,,videos,https://i.ytimg.com/vi/52J_y2iSaQw/hqdefault.jpg?sqp=-oaymwE2CNACELwBSFXyq4qpAygIARUAAIhCGAFwAcABBvABAfgB1AaAAuADigIMCAAQARhlIE8oPzAP&rs=AOn4CLDaMUDbPcOzG1jCROrVCwfhnKDSdQ,Jaime Gabaldoni,external-reference,embed_link_and_summarize_only
WBvBP3yAkGs,https://www.youtube.com/watch?v=WBvBP3yAkGs,En Vivo - A Bordo desde Los Angeles Auto Show 2016,3953.0,,videos,https://i.ytimg.com/vi/WBvBP3yAkGs/hqdefault.jpg?sqp=-oaymwEcCNACELwBSFXyq4qpAw4IARUAAIhCGAFwAcABBg==&rs=AOn4CLBFNUhaZXgDNNpRM-SP-8L9hVfo_A,Jaime Gabaldoni,external-reference,embed_link_and_summarize_only
-9ORiQLymT4,https://www.youtube.com/watch?v=-9ORiQLymT4,En Vivo - A Bordo del Alfa Romeo 4c,2591.0,,videos,https://i.ytimg.com/vi/-9ORiQLymT4/hqdefault.jpg?sqp=-oaymwEcCNACELwBSFXyq4qpAw4IARUAAIhCGAFwAcABBg==&rs=AOn4CLDozup_oM-K45gfPAqLBjYaN2cLKg,Jaime Gabaldoni,external-reference,embed_link_and_summarize_only
pM-3LFbQaMo,https://www.youtube.com/watch?v=pM-3LFbQaMo,SEMA 2016,3850.0,,videos,https://i.ytimg.com/vi/pM-3LFbQaMo/hqdefault.jpg?sqp=-oaymwE2CNACELwBSFXyq4qpAygIARUAAIhCGAFwAcABBvABAfgB3gOAAuADigIMCAAQARhlIFYoTTAP&rs=AOn4CLBSxGoHZjCLYUzxTt5VD7Akd8Wz-w,Jaime Gabaldoni,external-reference,embed_link_and_summarize_only
73H0UD3qPos,https://www.youtube.com/watch?v=73H0UD3qPos,Despertando al Alfa Romeo Giulia Quadrifoglio 2017,50.0,,videos,https://i.ytimg.com/vi/73H0UD3qPos/hqdefault.jpg?sqp=-oaymwEcCNACELwBSFXyq4qpAw4IARUAAIhCGAFwAcABBg==&rs=AOn4CLCRUbonvv91noTZj4Yvn0qdQXt6SA,Jaime Gabaldoni,external-reference,embed_link_and_summarize_only
7VxeQuwdN8k,https://www.youtube.com/watch?v=7VxeQuwdN8k,En Vivo - A Bordo del Fiat 500c Abarth 2016,3312.0,,videos,https://i.ytimg.com/vi/7VxeQuwdN8k/hqdefault.jpg?sqp=-oaymwEcCNACELwBSFXyq4qpAw4IARUAAIhCGAFwAcABBg==&rs=AOn4CLCS-h304Q9LsnPYiGJQfTzwnHNr3A,Jaime Gabaldoni,external-reference,embed_link_and_summarize_only
3oIxGFv3PqQ,https://www.youtube.com/watch?v=3oIxGFv3PqQ,En Vivo - A Bordo del Chevrolet Silverado HD 2017,2362.0,,videos,https://i.ytimg.com/vi/3oIxGFv3PqQ/hqdefault.jpg?sqp=-oaymwEcCNACELwBSFXyq4qpAw4IARUAAIhCGAFwAcABBg==&rs=AOn4CLBDh71qOGbcUHyOn0N3fUPHlFObMA,Jaime Gabaldoni,external-reference,embed_link_and_summarize_only
RnqYId2nutI,https://www.youtube.com/watch?v=RnqYId2nutI,En Vivo - A Bordo del Jaguar F-Type SVR 2017,2771.0,,videos,https://i.ytimg.com/vi/RnqYId2nutI/hqdefault.jpg?sqp=-oaymwEcCNACELwBSFXyq4qpAw4IARUAAIhCGAFwAcABBg==&rs=AOn4CLAgmAhFvQHxGzeK1K-4loxwJCuMgg,Jaime Gabaldoni,external-reference,embed_link_and_summarize_only
Y2hwZoKxnO0,https://www.youtube.com/watch?v=Y2hwZoKxnO0,Despertando al Jaguar F-Type SVR 2017,46.0,,videos,https://i.ytimg.com/vi/Y2hwZoKxnO0/hqdefault.jpg?sqp=-oaymwE2CNACELwBSFXyq4qpAygIARUAAIhCGAFwAcABBvABAfgB_gmAAtAFigIMCAAQARgjID0ofzAP&rs=AOn4CLBtCXiTRYKoy8So5_5XQmXgZrqWpQ,Jaime Gabaldoni,external-reference,embed_link_and_summarize_only
yqzVx1CKh5I,https://www.youtube.com/watch?v=yqzVx1CKh5I,En Vivo - Miami International Auto Show 2016,3607.0,,videos,https://i.ytimg.com/vi/yqzVx1CKh5I/hqdefault.jpg?sqp=-oaymwE2CNACELwBSFXyq4qpAygIARUAAIhCGAFwAcABBvABAfgB5gKAAugCigIMCAAQARhAIEwoZTAP&rs=AOn4CLCFTygiZ6FXB_cHneT-XT3OZSBWwA,Jaime Gabaldoni,external-reference,embed_link_and_summarize_only
U5YkjCI2DoA,https://www.youtube.com/watch?v=U5YkjCI2DoA,Despertando al Volkswagen Tiguan 2017,38.0,,videos,https://i.ytimg.com/vi/U5YkjCI2DoA/hqdefault.jpg?sqp=-oaymwE2CNACELwBSFXyq4qpAygIARUAAIhCGAFwAcABBvABAfgB1AaAAuADigIMCAAQARg5IFEofzAP&rs=AOn4CLBnCQsiMB2jetTtY0WkQFk3l8BI-g,Jaime Gabaldoni,external-reference,embed_link_and_summarize_only
zM4gWrED7m4,https://www.youtube.com/watch?v=zM4gWrED7m4,En Vivo - A Bordo del Volkswagen Tiguan 2017,1841.0,,videos,https://i.ytimg.com/vi/zM4gWrED7m4/hqdefault.jpg?sqp=-oaymwEcCNACELwBSFXyq4qpAw4IARUAAIhCGAFwAcABBg==&rs=AOn4CLDDAy1KIe2pCav_cREiZd38v8apZg,Jaime Gabaldoni,external-reference,embed_link_and_summarize_only
u-Z8CaSgDzc,https://www.youtube.com/watch?v=u-Z8CaSgDzc,En Vivo - A Bordo del BMW 750i 2016,4628.0,,videos,https://i.ytimg.com/vi/u-Z8CaSgDzc/hqdefault.jpg?sqp=-oaymwEcCNACELwBSFXyq4qpAw4IARUAAIhCGAFwAcABBg==&rs=AOn4CLBPQ5iS-VVDxqWr6MRj7fYsJs5e5g,Jaime Gabaldoni,external-reference,embed_link_and_summarize_only
kjxlF_MqG-o,https://www.youtube.com/watch?v=kjxlF_MqG-o,Despertando al BMW 750i 2016,34.0,,videos,https://i.ytimg.com/vi/kjxlF_MqG-o/hqdefault.jpg?sqp=-oaymwE2CNACELwBSFXyq4qpAygIARUAAIhCGAFwAcABBvABAfgB1AaAAuADigIMCAAQARhlIGUoZTAP&rs=AOn4CLBP2Ec7Yx6BSN43LdNTIBcKk0gs0A,Jaime Gabaldoni,external-reference,embed_link_and_summarize_only
1CwkFYx6_mg,https://www.youtube.com/watch?v=1CwkFYx6_mg,Despertando al Mini Cooper Clubman 2016,37.0,,videos,https://i.ytimg.com/vi/1CwkFYx6_mg/hqdefault.jpg?sqp=-oaymwEcCNACELwBSFXyq4qpAw4IARUAAIhCGAFwAcABBg==&rs=AOn4CLDIByZ634L3twbjZJB6mBA7arc0tQ,Jaime Gabaldoni,external-reference,embed_link_and_summarize_only
T2yzNbK4F4s,https://www.youtube.com/watch?v=T2yzNbK4F4s,En Vivo - A Bordo del Mini Cooper Clubman 2016,2966.0,,videos,https://i.ytimg.com/vi/T2yzNbK4F4s/hqdefault.jpg?sqp=-oaymwE2CNACELwBSFXyq4qpAygIARUAAIhCGAFwAcABBvABAfgBzgWAAtAFigIMCAAQARhyIE4oQDAP&rs=AOn4CLBUUwBSJmFV-O3uE-J-BdGOEyO3Sg,Jaime Gabaldoni,external-reference,embed_link_and_summarize_only
xMPynGCUHqk,https://www.youtube.com/watch?v=xMPynGCUHqk,En Vivo - A Bordo del Subaru BRZ 2017,2169.0,,videos,https://i.ytimg.com/vi/xMPynGCUHqk/hqdefault.jpg?sqp=-oaymwEcCNACELwBSFXyq4qpAw4IARUAAIhCGAFwAcABBg==&rs=AOn4CLBy33qh59YMiXYMwdqaUBmrBgLDBQ,Jaime Gabaldoni,external-reference,embed_link_and_summarize_only
SNNU15spdtU,https://www.youtube.com/watch?v=SNNU15spdtU,Despertando al Subaru BRZ 2017,49.0,,videos,https://i.ytimg.com/vi/SNNU15spdtU/hqdefault.jpg?sqp=-oaymwE2CNACELwBSFXyq4qpAygIARUAAIhCGAFwAcABBvABAfgB_gmAAtAFigIMCAAQARhlIFgoUTAP&rs=AOn4CLDveYG6iYG9v6TxqyWTuA3op048zw,Jaime Gabaldoni,external-reference,embed_link_and_summarize_only
3SKCdKYNwkw,https://www.youtube.com/watch?v=3SKCdKYNwkw,Despertando al Ford F-250 Super Duty 2017,40.0,,videos,https://i.ytimg.com/vi/3SKCdKYNwkw/hqdefault.jpg?sqp=-oaymwE2CNACELwBSFXyq4qpAygIARUAAIhCGAFwAcABBvABAfgB_gmAAtAFigIMCAAQARhlIFQoQTAP&rs=AOn4CLDUvGbqmdMhIPzMKm0m9V1qyz2bAQ,Jaime Gabaldoni,external-reference,embed_link_and_summarize_only
TyRdNr4SSCo,https://www.youtube.com/watch?v=TyRdNr4SSCo,En Vivo - A Bordo del Honda Civic Coupe 2016,1841.0,,videos,https://i.ytimg.com/vi/TyRdNr4SSCo/hqdefault.jpg?sqp=-oaymwEcCNACELwBSFXyq4qpAw4IARUAAIhCGAFwAcABBg==&rs=AOn4CLAe42SIJZqfAh845wMQP6P_wKiIfw,Jaime Gabaldoni,external-reference,embed_link_and_summarize_only
AjJv-AwY_MY,https://www.youtube.com/watch?v=AjJv-AwY_MY,Despertando al Honda Civic Coupe 2016,41.0,,videos,https://i.ytimg.com/vi/AjJv-AwY_MY/hqdefault.jpg?sqp=-oaymwE2CNACELwBSFXyq4qpAygIARUAAIhCGAFwAcABBvABAfgB_gmAAtAFigIMCAAQARhUIFYoZTAP&rs=AOn4CLBUiOKPpTjZPzarXOOb2iQJpVWZcQ,Jaime Gabaldoni,external-reference,embed_link_and_summarize_only
FZgakvySuWg,https://www.youtube.com/watch?v=FZgakvySuWg,En Vivo - A Bordo del Lexus GS F 2016,2088.0,,videos,https://i.ytimg.com/vi/FZgakvySuWg/hqdefault.jpg?sqp=-oaymwEcCNACELwBSFXyq4qpAw4IARUAAIhCGAFwAcABBg==&rs=AOn4CLDSGP6XKft0slqO6nOnuJIcnA-YSg,Jaime Gabaldoni,external-reference,embed_link_and_summarize_only
EJyM7YSCD4c,https://www.youtube.com/watch?v=EJyM7YSCD4c,Despertando al Lexus GS F 2016,47.0,,videos,https://i.ytimg.com/vi/EJyM7YSCD4c/hqdefault.jpg?sqp=-oaymwE2CNACELwBSFXyq4qpAygIARUAAIhCGAFwAcABBvABAfgB_gmAAtAFigIMCAAQARhTIGUoJzAP&rs=AOn4CLDxdbd4s3ykoaz4ZLfn5bG6_OEvXA,Jaime Gabaldoni,external-reference,embed_link_and_summarize_only
8me3mGdBJYU,https://www.youtube.com/watch?v=8me3mGdBJYU,En Vivo - A Bordo del Audi A4 2017,3087.0,,videos,https://i.ytimg.com/vi/8me3mGdBJYU/hqdefault.jpg?sqp=-oaymwEcCNACELwBSFXyq4qpAw4IARUAAIhCGAFwAcABBg==&rs=AOn4CLCwXsGnAB2K8AYCrf4pUHPlrIspLQ,Jaime Gabaldoni,external-reference,embed_link_and_summarize_only
fpfM00xXYuc,https://www.youtube.com/watch?v=fpfM00xXYuc,Despertando al Audi A4 2017,42.0,,videos,https://i.ytimg.com/vi/fpfM00xXYuc/hqdefault.jpg?sqp=-oaymwE2CNACELwBSFXyq4qpAygIARUAAIhCGAFwAcABBvABAfgB_gmAAtAFigIMCAAQARhlIF8oVTAP&rs=AOn4CLDmcBXbi90CFbjXO1BGcQBqlvzRbg,Jaime Gabaldoni,external-reference,embed_link_and_summarize_only
1vYT1li0xuQ,https://www.youtube.com/watch?v=1vYT1li0xuQ,En Vivo - A Bordo del Dodge Charger SRT Hellcat,3072.0,,videos,https://i.ytimg.com/vi/1vYT1li0xuQ/hqdefault.jpg?sqp=-oaymwEcCNACELwBSFXyq4qpAw4IARUAAIhCGAFwAcABBg==&rs=AOn4CLCdGZrrDpTXBdOiG2jQ1XAW9Kp6_A,Jaime Gabaldoni,external-reference,embed_link_and_summarize_only
QZ7JpiWzDk8,https://www.youtube.com/watch?v=QZ7JpiWzDk8,Despertando al Dodge Charger SRT Hellcat 2016,33.0,,videos,https://i.ytimg.com/vi/QZ7JpiWzDk8/hqdefault.jpg?sqp=-oaymwEcCNACELwBSFXyq4qpAw4IARUAAIhCGAFwAcABBg==&rs=AOn4CLAChmB5L7HcI3fiAgXNqkV3FlyU6g,Jaime Gabaldoni,external-reference,embed_link_and_summarize_only
Ia3-rsHv4PM,https://www.youtube.com/watch?v=Ia3-rsHv4PM,En Vivo - A Bordo del Audi R8 2017,2783.0,,videos,https://i.ytimg.com/vi/Ia3-rsHv4PM/hqdefault.jpg?sqp=-oaymwEcCNACELwBSFXyq4qpAw4IARUAAIhCGAFwAcABBg==&rs=AOn4CLC28B2fjoG9U2ony61bT2dOeN-6fQ,Jaime Gabaldoni,external-reference,embed_link_and_summarize_only
TUzDOaws3jY,https://www.youtube.com/watch?v=TUzDOaws3jY,Despertando al Audi R8 2017,47.0,,videos,https://i.ytimg.com/vi/TUzDOaws3jY/hqdefault.jpg?sqp=-oaymwEcCNACELwBSFXyq4qpAw4IARUAAIhCGAFwAcABBg==&rs=AOn4CLCKvM0WOmnd2zcQGaKlVYre4kgw9A,Jaime Gabaldoni,external-reference,embed_link_and_summarize_only
ln_VZ2w44jk,https://www.youtube.com/watch?v=ln_VZ2w44jk,En Vivo A Bordo de la BMW R nine T 2016,784.0,,videos,https://i.ytimg.com/vi/ln_VZ2w44jk/hqdefault.jpg?sqp=-oaymwE2CNACELwBSFXyq4qpAygIARUAAIhCGAFwAcABBvABAfgBzgWAAtAFigIMCAAQARheIF4oXjAP&rs=AOn4CLBE7_eX98TB3YBw7EWrdPoxAEj3pg,Jaime Gabaldoni,external-reference,embed_link_and_summarize_only
R4Vwa84jn_w,https://www.youtube.com/watch?v=R4Vwa84jn_w,Despertando al Jaguar F-Pace 2017,39.0,,videos,https://i.ytimg.com/vi/R4Vwa84jn_w/hqdefault.jpg?sqp=-oaymwE2CNACELwBSFXyq4qpAygIARUAAIhCGAFwAcABBvABAfgB_gmAAtAFigIMCAAQARhTIFooZTAP&rs=AOn4CLCi4XzNJ3iw-bg-NotS1tg1wFUw5w,Jaime Gabaldoni,external-reference,embed_link_and_summarize_only
s6gqslltBXg,https://www.youtube.com/watch?v=s6gqslltBXg,En Vivo - A Bordo del Jaguar F-Pace 2017 (2da parte),1284.0,,videos,https://i.ytimg.com/vi/s6gqslltBXg/hqdefault.jpg?sqp=-oaymwE2CNACELwBSFXyq4qpAygIARUAAIhCGAFwAcABBvABAfgBzgWAAtAFigIMCAAQARhyIEcoOzAP&rs=AOn4CLB2qlPytbI62KFizomx48RS9S9Cgw,Jaime Gabaldoni,external-reference,embed_link_and_summarize_only
y9qtgMgZFSs,https://www.youtube.com/watch?v=y9qtgMgZFSs,En Vivo - A Bordo del Jaguar F-Pace 2017 (1ra parte),1358.0,,videos,https://i.ytimg.com/vi/y9qtgMgZFSs/hqdefault.jpg?sqp=-oaymwE2CNACELwBSFXyq4qpAygIARUAAIhCGAFwAcABBvABAfgBzgWAAtAFigIMCAAQARhTIFgoZTAP&rs=AOn4CLD7IyES7FzV_1vEFZwItU5vbgT0DA,Jaime Gabaldoni,external-reference,embed_link_and_summarize_only
4KQSZdVidMk,https://www.youtube.com/watch?v=4KQSZdVidMk,Forza Motorsports 6 - Sesion Julio 16 2016 - Corvette C7 Z06 @ Road America,257.0,,videos,https://i.ytimg.com/vi/4KQSZdVidMk/hqdefault.jpg?sqp=-oaymwE2CNACELwBSFXyq4qpAygIARUAAIhCGAFwAcABBvABAfgB_gmAAtAFigIMCAAQARhlIGMoUzAP&rs=AOn4CLC6kKX1C5Fcm9VCxQzf93a296Ip2Q,Jaime Gabaldoni,external-reference,embed_link_and_summarize_only
eMN-P-oe2Hg,https://www.youtube.com/watch?v=eMN-P-oe2Hg,Despertando a la BMW F800GS Adventure 2016,26.0,,videos,https://i.ytimg.com/vi/eMN-P-oe2Hg/hqdefault.jpg?sqp=-oaymwE2CNACELwBSFXyq4qpAygIARUAAIhCGAFwAcABBvABAfgB_gmAAtAFigIMCAAQARhQIFcoZTAP&rs=AOn4CLBu0TYixpMyQii8ew48WmEK9hJpiQ,Jaime Gabaldoni,external-reference,embed_link_and_summarize_only
4J3P8Jl8gvQ,https://www.youtube.com/watch?v=4J3P8Jl8gvQ,En Vivo - A Bordo del Range Rover Sport Td6 2016,1783.0,,videos,https://i.ytimg.com/vi/4J3P8Jl8gvQ/hqdefault.jpg?sqp=-oaymwEcCNACELwBSFXyq4qpAw4IARUAAIhCGAFwAcABBg==&rs=AOn4CLAM7QXHkQOzKTXBeWBQmEYLTZX_FQ,Jaime Gabaldoni,external-reference,embed_link_and_summarize_only
8e7O9aVks5E,https://www.youtube.com/watch?v=8e7O9aVks5E,En Vivo - A Bordo del Chrysler Pacifica 2017,1345.0,,videos,https://i.ytimg.com/vi/8e7O9aVks5E/hqdefault.jpg?sqp=-oaymwEcCNACELwBSFXyq4qpAw4IARUAAIhCGAFwAcABBg==&rs=AOn4CLDLF8BXM0v3S78go-8g2COMK9mz1Q,Jaime Gabaldoni,external-reference,embed_link_and_summarize_only
lisPbb2Ks4M,https://www.youtube.com/watch?v=lisPbb2Ks4M,Despertando al BMW S1000RR 2016,27.0,,videos,https://i.ytimg.com/vi/lisPbb2Ks4M/hqdefault.jpg?sqp=-oaymwEcCNACELwBSFXyq4qpAw4IARUAAIhCGAFwAcABBg==&rs=AOn4CLDKk16HtYvCiwryZaDp58TX2nj1jg,Jaime Gabaldoni,external-reference,embed_link_and_summarize_only
LhylNM0LEPs,https://www.youtube.com/watch?v=LhylNM0LEPs,En Vivo A Bordo del  Cadillac CTS-V 2016,1925.0,,videos,https://i.ytimg.com/vi/LhylNM0LEPs/hqdefault.jpg?sqp=-oaymwE2CNACELwBSFXyq4qpAygIARUAAIhCGAFwAcABBvABAfgBzgWAAtAFigIMCAAQARhlIFsoUDAP&rs=AOn4CLCeKInVEgf8q67G_0KN2kO94rCyhA,Jaime Gabaldoni,external-reference,embed_link_and_summarize_only
noTVlxh146E,https://www.youtube.com/watch?v=noTVlxh146E,Despertando al Cadillac CTS-V 2016,44.0,,videos,https://i.ytimg.com/vi/noTVlxh146E/hqdefault.jpg?sqp=-oaymwEcCNACELwBSFXyq4qpAw4IARUAAIhCGAFwAcABBg==&rs=AOn4CLAHQ2LRBEpyN7mPR02mBv7QpE8PHw,Jaime Gabaldoni,external-reference,embed_link_and_summarize_only
6rHGAcboP_g,https://www.youtube.com/watch?v=6rHGAcboP_g,Forza Motorsport 6 - Sabado 25 Junio,266.0,,videos,https://i.ytimg.com/vi/6rHGAcboP_g/hqdefault.jpg?sqp=-oaymwE2CNACELwBSFXyq4qpAygIARUAAIhCGAFwAcABBvABAfgB_gmAAtAFigIMCAAQARhlIGAoVTAP&rs=AOn4CLBg-agIuQVFuiD1S63eISW8_4YXrg,Jaime Gabaldoni,external-reference,embed_link_and_summarize_only
qoWIiwsA08w,https://www.youtube.com/watch?v=qoWIiwsA08w,En Vivo Detalles del Bugatti Chiron,1422.0,,videos,https://i.ytimg.com/vi/qoWIiwsA08w/hqdefault.jpg?sqp=-oaymwEcCNACELwBSFXyq4qpAw4IARUAAIhCGAFwAcABBg==&rs=AOn4CLA7R8tVK61VLGe_0lOx3DWmLz7eug,Jaime Gabaldoni,external-reference,embed_link_and_summarize_only
N4EULgMGsyg,https://www.youtube.com/watch?v=N4EULgMGsyg,En Vivo A Bordo del Ford F150 Raptor 2017,1179.0,,videos,https://i.ytimg.com/vi/N4EULgMGsyg/hqdefault.jpg?sqp=-oaymwEcCNACELwBSFXyq4qpAw4IARUAAIhCGAFwAcABBg==&rs=AOn4CLBIHO1Q1IiIX8Gj4vKzdXMzwdjCnw,Jaime Gabaldoni,external-reference,embed_link_and_summarize_only
970xoy1gN-4,https://www.youtube.com/watch?v=970xoy1gN-4,Forza Motorsport 6 - Domingo 12 Junio,231.0,,videos,https://i.ytimg.com/vi/970xoy1gN-4/hqdefault.jpg?sqp=-oaymwE2CNACELwBSFXyq4qpAygIARUAAIhCGAFwAcABBvABAfgB_gmAAtAFigIMCAAQARhlIGEoVjAP&rs=AOn4CLAfIX_zeNvIv4A6yZedo4DXYwjKOQ,Jaime Gabaldoni,external-reference,embed_link_and_summarize_only
g0TaShJ4LUw,https://www.youtube.com/watch?v=g0TaShJ4LUw,En Vivo A Bordo del Toyota Land Cruiser 2016,2087.0,,videos,https://i.ytimg.com/vi/g0TaShJ4LUw/hqdefault.jpg?sqp=-oaymwEcCNACELwBSFXyq4qpAw4IARUAAIhCGAFwAcABBg==&rs=AOn4CLBMLlrgJsdnZB-VQ6bpkH_CYZhUsA,Jaime Gabaldoni,external-reference,embed_link_and_summarize_only
yFudQ5uIfgY,https://www.youtube.com/watch?v=yFudQ5uIfgY,En Vivo A Bordo del Rolls Royce Wraith 2016,2923.0,,videos,https://i.ytimg.com/vi/yFudQ5uIfgY/hqdefault.jpg?sqp=-oaymwE2CNACELwBSFXyq4qpAygIARUAAIhCGAFwAcABBvABAfgBzgWAAtAFigIMCAAQARhyIFAoRTAP&rs=AOn4CLDtDBd369wXCCCSXkRUfsxkICZRPA,Jaime Gabaldoni,external-reference,embed_link_and_summarize_only
4SV9OAV_GOc,https://www.youtube.com/watch?v=4SV9OAV_GOc,A Bordo en Vivo Marzo 2016,1643.0,,videos,https://i.ytimg.com/vi/4SV9OAV_GOc/hqdefault.jpg?sqp=-oaymwE2CNACELwBSFXyq4qpAygIARUAAIhCGAFwAcABBvABAfgBzgWAAtAFigIMCAAQARhlIFQoQzAP&rs=AOn4CLAsKXLmNQTz_ycjC6TIcKgct-r1TQ,Jaime Gabaldoni,external-reference,embed_link_and_summarize_only
xRD20wfBMAA,https://www.youtube.com/watch?v=xRD20wfBMAA,RAM Power Wagon en el Auto Show de Chicago,141.0,,videos,https://i.ytimg.com/vi/xRD20wfBMAA/hqdefault.jpg?sqp=-oaymwE2CNACELwBSFXyq4qpAygIARUAAIhCGAFwAcABBvABAfgB_gmAAtAFigIMCAAQARh_IDIoKDAP&rs=AOn4CLBm-MqCd31IqL9D1zo0sSZ56_qI_Q,Jaime Gabaldoni,external-reference,embed_link_and_summarize_only
NLRR9Hjcujo,https://www.youtube.com/watch?v=NLRR9Hjcujo,Luca y McQueen jugando en el parque - 1ra prueba camara 360,431.0,,videos,https://i.ytimg.com/vi/NLRR9Hjcujo/hqdefault.jpg?sqp=-oaymwE2CNACELwBSFXyq4qpAygIARUAAIhCGAFwAcABBvABAfgB_gmAAtAFigIMCAAQARgtIC0ofzAP&rs=AOn4CLAKLczkJq6uO-e80vQbkb5Dt84Nlg,Jaime Gabaldoni,external-reference,embed_link_and_summarize_only
SIKvTT4nBuo,https://www.youtube.com/watch?v=SIKvTT4nBuo,Detalles del Honda HR-V 2015,2197.0,,videos,https://i.ytimg.com/vi/SIKvTT4nBuo/hqdefault.jpg?sqp=-oaymwEcCNACELwBSFXyq4qpAw4IARUAAIhCGAFwAcABBg==&rs=AOn4CLCUhegwXW2fS_vJ_oc6ICWj6SXZNw,Jaime Gabaldoni,external-reference,embed_link_and_summarize_only
H6dtYPJIVZU,https://www.youtube.com/watch?v=H6dtYPJIVZU,Detalles del Chevrolet Corvette C7 Z06 2015 Convertible,2929.0,,videos,https://i.ytimg.com/vi/H6dtYPJIVZU/hqdefault.jpg?sqp=-oaymwE2CNACELwBSFXyq4qpAygIARUAAIhCGAFwAcABBvABAfgBtgSAAsACigIMCAAQARhsIGwobDAP&rs=AOn4CLC_ns5f2n049Gvhm3ofsXDlPpuJng,Jaime Gabaldoni,external-reference,embed_link_and_summarize_only
gbu2I1NEs-A,https://www.youtube.com/watch?v=gbu2I1NEs-A,Detalles del Chevrolet Camaro 2SS 2015,2679.0,,videos,https://i.ytimg.com/vi/gbu2I1NEs-A/hqdefault.jpg?sqp=-oaymwE2CNACELwBSFXyq4qpAygIARUAAIhCGAFwAcABBvABAfgBtgSAAsACigIMCAAQARhlIFMoSjAP&rs=AOn4CLBjCcVS3B6AxQqjKI-BXyoJ2izOIA,Jaime Gabaldoni,external-reference,embed_link_and_summarize_only
kzEyZFGSbpE,https://www.youtube.com/watch?v=kzEyZFGSbpE,Detalles del Lexus RC350 2015,2368.0,,videos,https://i.ytimg.com/vi/kzEyZFGSbpE/hqdefault.jpg?sqp=-oaymwE2CNACELwBSFXyq4qpAygIARUAAIhCGAFwAcABBvABAfgBtgSAAsACigIMCAAQARhOIFMoZTAP&rs=AOn4CLAxGe22xApW5Gsv_JvHFMyMhboJMg,Jaime Gabaldoni,external-reference,embed_link_and_summarize_only
5A40AqqLYi4,https://www.youtube.com/watch?v=5A40AqqLYi4,Detalles del Range Rover Sport V8 SVR 2015,1789.0,,videos,https://i.ytimg.com/vi/5A40AqqLYi4/hqdefault.jpg?sqp=-oaymwE2CNACELwBSFXyq4qpAygIARUAAIhCGAFwAcABBvABAfgBtgSAAsACigIMCAAQARhfIF8oXzAP&rs=AOn4CLCmhZ4y7vFA7HfIctutuZ9kjogDMQ,Jaime Gabaldoni,external-reference,embed_link_and_summarize_only
5noL3li1ymo,https://www.youtube.com/watch?v=5noL3li1ymo,Detalles del Cadillac CTS Sedan 2015,1795.0,,videos,https://i.ytimg.com/vi/5noL3li1ymo/hqdefault.jpg?sqp=-oaymwEcCNACELwBSFXyq4qpAw4IARUAAIhCGAFwAcABBg==&rs=AOn4CLBQ6yFJeWSPZ3BpHX-Bn0miBTpJrw,Jaime Gabaldoni,external-reference,embed_link_and_summarize_only
mceuJp7YAjw,https://www.youtube.com/watch?v=mceuJp7YAjw,Detalles del Dodge Viper SRT ACR 2016,782.0,,videos,https://i.ytimg.com/vi/mceuJp7YAjw/hqdefault.jpg?sqp=-oaymwEcCNACELwBSFXyq4qpAw4IARUAAIhCGAFwAcABBg==&rs=AOn4CLCJLbpwpkLTNKe5I6smxpsYPx_iPg,Jaime Gabaldoni,external-reference,embed_link_and_summarize_only
I0ux4gDA4zo,https://www.youtube.com/watch?v=I0ux4gDA4zo,Detalles del Lexus IS350 C 2015,2160.0,,videos,https://i.ytimg.com/vi/I0ux4gDA4zo/hqdefault.jpg?sqp=-oaymwEcCNACELwBSFXyq4qpAw4IARUAAIhCGAFwAcABBg==&rs=AOn4CLDhsS3eVMnfOxXlRJ3Y8GwE6nyWig,Jaime Gabaldoni,external-reference,embed_link_and_summarize_only
x0fG085wydg,https://www.youtube.com/watch?v=x0fG085wydg,Detalles del  Scion FR-S / Toyota GT86 2015,1572.0,,videos,https://i.ytimg.com/vi/x0fG085wydg/hqdefault.jpg?sqp=-oaymwE2CNACELwBSFXyq4qpAygIARUAAIhCGAFwAcABBvABAfgBvgKAArgEigIMCAAQARhTIFkoZTAP&rs=AOn4CLDnRhSu19VK-x3DOFSkBab4T94rYg,Jaime Gabaldoni,external-reference,embed_link_and_summarize_only
-xe1SFAb7jU,https://www.youtube.com/watch?v=-xe1SFAb7jU,Presentacion del Alfa Romeo Giulia desde Milan Italia,3369.0,,videos,https://i.ytimg.com/vi/-xe1SFAb7jU/hqdefault.jpg?sqp=-oaymwE2CNACELwBSFXyq4qpAygIARUAAIhCGAFwAcABBvABAfgBjAKAAuADigIMCAAQARgTICkofzAP&rs=AOn4CLAk4QN2n48brGzmcR8KAxObu2IBcw,Jaime Gabaldoni,external-reference,embed_link_and_summarize_only
kIUU9x3vMb0,https://www.youtube.com/watch?v=kIUU9x3vMb0,Detalles del Rolls Royce Wraith 2015,2344.0,,videos,https://i.ytimg.com/vi/kIUU9x3vMb0/hqdefault.jpg?sqp=-oaymwE2CNACELwBSFXyq4qpAygIARUAAIhCGAFwAcABBvABAfgBtgSAAsACigIMCAAQARhlIFYoTTAP&rs=AOn4CLCGA4cqd45-3h1mhSaORZUh3Ag8Xg,Jaime Gabaldoni,external-reference,embed_link_and_summarize_only
hFr3WHcOCJo,https://www.youtube.com/watch?v=hFr3WHcOCJo,OnBoard Cadillac ATS-V 2016,331.0,,videos,https://i.ytimg.com/vi/hFr3WHcOCJo/hqdefault.jpg?sqp=-oaymwEcCNACELwBSFXyq4qpAw4IARUAAIhCGAFwAcABBg==&rs=AOn4CLBCcdhakH4RYyt7ga9Nj-VbS6y-Pg,Jaime Gabaldoni,external-reference,embed_link_and_summarize_only
955nn0PVa7g,https://www.youtube.com/watch?v=955nn0PVa7g,New York International Auto Show 2015 (Español),1219.0,,videos,https://i.ytimg.com/vi/955nn0PVa7g/hqdefault.jpg?sqp=-oaymwEcCNACELwBSFXyq4qpAw4IARUAAIhCGAFwAcABBg==&rs=AOn4CLDLBFxd_TphGlmwKfZZ3BLQ-kFfZA,Jaime Gabaldoni,external-reference,embed_link_and_summarize_only
i6HML_iX9h0,https://www.youtube.com/watch?v=i6HML_iX9h0,Onboard 2015 Volkswagen Golf SportWagen TDI,68.0,,videos,https://i.ytimg.com/vi/i6HML_iX9h0/hqdefault.jpg?sqp=-oaymwEcCNACELwBSFXyq4qpAw4IARUAAIhCGAFwAcABBg==&rs=AOn4CLAJb-M5eIKwDT3rS5wLn6qMhgYyHQ,Jaime Gabaldoni,external-reference,embed_link_and_summarize_only
PyK6BBkrkUU,https://www.youtube.com/watch?v=PyK6BBkrkUU,Onboard Chevrolet Camaro Z/28 2015,374.0,,videos,https://i.ytimg.com/vi/PyK6BBkrkUU/hqdefault.jpg?sqp=-oaymwEcCNACELwBSFXyq4qpAw4IARUAAIhCGAFwAcABBg==&rs=AOn4CLAH-W41L2Agwtyh59wN9TVZ2mTrBA,Jaime Gabaldoni,external-reference,embed_link_and_summarize_only
ea-3EwFSWRw,https://www.youtube.com/watch?v=ea-3EwFSWRw,Onboard Volkswagen Golf R 2015 manual euro-spec,165.0,,videos,https://i.ytimg.com/vi/ea-3EwFSWRw/hqdefault.jpg?sqp=-oaymwEcCNACELwBSFXyq4qpAw4IARUAAIhCGAFwAcABBg==&rs=AOn4CLCNKPGbK7HAal-msscZDwjI8syFfA,Jaime Gabaldoni,external-reference,embed_link_and_summarize_only
30iYBMigiPs,https://www.youtube.com/watch?v=30iYBMigiPs,Onboard Nissan 370Z Homestead Miami Speedway,479.0,,videos,https://i.ytimg.com/vi/30iYBMigiPs/hqdefault.jpg?sqp=-oaymwE2CNACELwBSFXyq4qpAygIARUAAIhCGAFwAcABBvABAfgB_gmAAtAFigIMCAAQARhlIF0oVTAP&rs=AOn4CLA1xZskMb8c1yQy8Cyw6wskdfi5Dg,Jaime Gabaldoni,external-reference,embed_link_and_summarize_only
E6BKnu1ZSMY,https://www.youtube.com/watch?v=E6BKnu1ZSMY,Onboard Toyota Tundra 2014 - Off road,233.0,,videos,https://i.ytimg.com/vi/E6BKnu1ZSMY/hqdefault.jpg?sqp=-oaymwEcCNACELwBSFXyq4qpAw4IARUAAIhCGAFwAcABBg==&rs=AOn4CLDWgsHFQgnUlDcaPg5S07iZUB_mCg,Jaime Gabaldoni,external-reference,embed_link_and_summarize_only
23kQ-jVGG-0,https://www.youtube.com/watch?v=23kQ-jVGG-0,"Luca Gabaldoni with Franca December9, 2006",39.0,,videos,https://i.ytimg.com/vi/23kQ-jVGG-0/hqdefault.jpg?sqp=-oaymwEcCNACELwBSFXyq4qpAw4IARUAAIhCGAFwAcABBg==&rs=AOn4CLCWyH-RCQVkST2RyLf_tpKgV1IFpA,Jaime Gabaldoni,external-reference,embed_link_and_summarize_only
PElVWnRx9lw,https://www.youtube.com/watch?v=PElVWnRx9lw,"Luca Ripping - June 23rd, 2013",26.0,,videos,https://i.ytimg.com/vi/PElVWnRx9lw/hqdefault.jpg?sqp=-oaymwEcCNACELwBSFXyq4qpAw4IARUAAIhCGAFwAcABBg==&rs=AOn4CLCrBXckfsXsMt65zp_7cPMMuv7Q9w,Jaime Gabaldoni,external-reference,embed_link_and_summarize_only
F-HZHmByuNk,https://www.youtube.com/watch?v=F-HZHmByuNk,"Luca & I surfing on June 22, 2013",306.0,,videos,https://i.ytimg.com/vi/F-HZHmByuNk/hqdefault.jpg?sqp=-oaymwE2CNACELwBSFXyq4qpAygIARUAAIhCGAFwAcABBvABAfgB_gSAAuADigIMCAAQARg-IEsofzAP&rs=AOn4CLAxpQzcbDisQR5vm_qIu4dT3ZrIuw,Jaime Gabaldoni,external-reference,embed_link_and_summarize_only
zRRfPpB4Yq8,https://www.youtube.com/watch?v=zRRfPpB4Yq8,Lightning over Coral Gables,681.0,,videos,https://i.ytimg.com/vi/zRRfPpB4Yq8/hqdefault.jpg?sqp=-oaymwE2CNACELwBSFXyq4qpAygIARUAAIhCGAFwAcABBvABAfgB_gmAAtAFigIMCAAQARhHIEYoWTAP&rs=AOn4CLDGDw40x2_l6d3qzQ3MMfdAGntJZg,Jaime Gabaldoni,external-reference,embed_link_and_summarize_only
H7sT-klpcFw,https://www.youtube.com/watch?v=H7sT-klpcFw,Aelerando un Porsche GT3 2007,39.0,,videos,https://i.ytimg.com/vi/H7sT-klpcFw/hqdefault.jpg?sqp=-oaymwE2CNACELwBSFXyq4qpAygIARUAAIhCGAFwAcABBvABAfgB_gmAAtAFigIMCAAQARhlIFEoQTAP&rs=AOn4CLCywao94cZp_RMZzg7budjw2a_t3g,Jaime Gabaldoni,external-reference,embed_link_and_summarize_only
sUMOJGeylmE,https://www.youtube.com/watch?v=sUMOJGeylmE,"Luca Jiu-Jitsu October 3, 2012",139.0,,videos,https://i.ytimg.com/vi/sUMOJGeylmE/hqdefault.jpg?sqp=-oaymwEcCNACELwBSFXyq4qpAw4IARUAAIhCGAFwAcABBg==&rs=AOn4CLBaGkojJ75cgAiLGxzvXZr6JehOig,Jaime Gabaldoni,external-reference,embed_link_and_summarize_only
KhOFkIIyJkE,https://www.youtube.com/watch?v=KhOFkIIyJkE,"Luca's 1st Jiu-Jitsu class August 10, 2012",59.0,,videos,https://i.ytimg.com/vi/KhOFkIIyJkE/hqdefault.jpg?sqp=-oaymwEcCNACELwBSFXyq4qpAw4IARUAAIhCGAFwAcABBg==&rs=AOn4CLBK6xyPV5okdrw7Mo7RQpHKm0ne3g,Jaime Gabaldoni,external-reference,embed_link_and_summarize_only
2pwLvwA4V-I,https://www.youtube.com/watch?v=2pwLvwA4V-I,Blooper- probando el Lexus IS350 FSport 2014,125.0,,videos,https://i.ytimg.com/vi/2pwLvwA4V-I/hqdefault.jpg?sqp=-oaymwE2CNACELwBSFXyq4qpAygIARUAAIhCGAFwAcABBvABAfgB_gmAAtAFigIMCAAQARhlIGUoZTAP&rs=AOn4CLBR0FkCm0mBb-bEjVJQ5ClhpDAB2g,Jaime Gabaldoni,external-reference,embed_link_and_summarize_only
PRpVaw9JEW0,https://www.youtube.com/watch?v=PRpVaw9JEW0,"South Florida Storm - May 23, 2013",79.0,,videos,https://i.ytimg.com/vi/PRpVaw9JEW0/hqdefault.jpg?sqp=-oaymwEcCNACELwBSFXyq4qpAw4IARUAAIhCGAFwAcABBg==&rs=AOn4CLCgIf2sh_dSZQ-OPxX8_LhBGfb9RQ,Jaime Gabaldoni,external-reference,embed_link_and_summarize_only
3vkDKbWF7qU,https://www.youtube.com/watch?v=3vkDKbWF7qU,Luca Gabaldoni- Front Flip Training 19 Mayo 2013,11.0,,videos,https://i.ytimg.com/vi/3vkDKbWF7qU/hqdefault.jpg?sqp=-oaymwEcCNACELwBSFXyq4qpAw4IARUAAIhCGAFwAcABBg==&rs=AOn4CLD-XUZYz7_4UTeGHxoyHJqIGLjtjg,Jaime Gabaldoni,external-reference,embed_link_and_summarize_only
ANYyhC8IZjg,https://www.youtube.com/watch?v=ANYyhC8IZjg,Luca Gabaldoni Piano Demo Class 13 May 2013,21.0,,videos,https://i.ytimg.com/vi/ANYyhC8IZjg/hqdefault.jpg?sqp=-oaymwEcCNACELwBSFXyq4qpAw4IARUAAIhCGAFwAcABBg==&rs=AOn4CLB0AwvLu0xfdVWzoyZDbnL8-UHmCA,Jaime Gabaldoni,external-reference,embed_link_and_summarize_only
ifhGv89IT9Q,https://www.youtube.com/watch?v=ifhGv89IT9Q,Luca Gabaldoni - Skateboarding night Session -19 February 2012,33.0,,videos,https://i.ytimg.com/vi/ifhGv89IT9Q/hqdefault.jpg?sqp=-oaymwEcCNACELwBSFXyq4qpAw4IARUAAIhCGAFwAcABBg==&rs=AOn4CLCskD1eR3zy7HZs6N4_eZ2_OnpBIg,Jaime Gabaldoni,external-reference,embed_link_and_summarize_only
T82ozVfFEL4,https://www.youtube.com/watch?v=T82ozVfFEL4,Luca Gabaldoni diving board jump,23.0,,videos,https://i.ytimg.com/vi/T82ozVfFEL4/hqdefault.jpg?sqp=-oaymwE2CNACELwBSFXyq4qpAygIARUAAIhCGAFwAcABBvABAfgB_gSAAuADigIMCAAQARhlIGUoZTAP&rs=AOn4CLBKo1NlytIP2vqpooJJ1pAM6nBHyw,Jaime Gabaldoni,external-reference,embed_link_and_summarize_only
W_0kAEXx5EQ,https://www.youtube.com/watch?v=W_0kAEXx5EQ,Onboard Fiat 500 Abarth Cabrio 2013,269.0,,videos,https://i.ytimg.com/vi/W_0kAEXx5EQ/hqdefault.jpg?sqp=-oaymwEcCNACELwBSFXyq4qpAw4IARUAAIhCGAFwAcABBg==&rs=AOn4CLCCAamE5AdqC4-ynJjXnes1vWj71A,Jaime Gabaldoni,external-reference,embed_link_and_summarize_only
cSq_Z1fvMho,https://www.youtube.com/watch?v=cSq_Z1fvMho,"OnBoard 2014 Jeep Grand Cherokee SRT @ Circuit of the Americas in Austin, Texas",367.0,,videos,https://i.ytimg.com/vi/cSq_Z1fvMho/hqdefault.jpg?sqp=-oaymwE2CNACELwBSFXyq4qpAygIARUAAIhCGAFwAcABBvABAfgB_gmAAtAFigIMCAAQARhlIGUoVTAP&rs=AOn4CLD9jOPObg2dA7HvuMqTsEm3lXrOHQ,Jaime Gabaldoni,external-reference,embed_link_and_summarize_only
SIWxVcpI6Uk,https://www.youtube.com/watch?v=SIWxVcpI6Uk,"Amelia Earhart MTB Park April 19, 2012 (onboard)",2254.0,,videos,https://i.ytimg.com/vi/SIWxVcpI6Uk/hqdefault.jpg?sqp=-oaymwE2CNACELwBSFXyq4qpAygIARUAAIhCGAFwAcABBvABAfgB_gmAAtAFigIMCAAQARhTIGUoQjAP&rs=AOn4CLAQbEJ8JxzeZVbUDQBGDQslsiNbcw,Jaime Gabaldoni,external-reference,embed_link_and_summarize_only
vOCF9Vf1S6A,https://www.youtube.com/shorts/vOCF9Vf1S6A,2026 Cadillac CT5-V Blackwing: Lujo americano con alma de pista | Jaime Gabaldoni,,,shorts,https://i.ytimg.com/vi/vOCF9Vf1S6A/oar2.jpg?sqp=-oaymwEgCJUDEOAESFWQAgHyq4qpAw8IARUAAIhCcAHAAQbIAQE=&rs=AOn4CLDru3hu6U4uY0rvgzrzyoY8dAPVgw&usqp=CCk,Jaime Gabaldoni,external-reference,embed_link_and_summarize_only
rsJ6lgrJfLs,https://www.youtube.com/shorts/rsJ6lgrJfLs,2026 Cadillac CT5-V Blackwing: Uno de los mejores sedanes deportivos | Jaime Gabaldoni,,,shorts,https://i.ytimg.com/vi/rsJ6lgrJfLs/oar2.jpg?sqp=-oaymwEgCJUDEOAESFWQAgHyq4qpAw8IARUAAIhCcAHAAQbIAQE=&rs=AOn4CLBw-0exjUv8r4ZmDUXhWnacNeGBOQ&usqp=CCk,Jaime Gabaldoni,external-reference,embed_link_and_summarize_only
0yoA6DnmVlo,https://www.youtube.com/shorts/0yoA6DnmVlo,Mitsubishi Outlander SEL Premium 2026: Más tecnología y Confort Híbrido | Jaime Gabaldoni,,,shorts,https://i.ytimg.com/vi/0yoA6DnmVlo/oardefault.jpg?sqp=-oaymwEgCJUDEOAESFWQAgHyq4qpAw8IARUAAIhCcAHAAQbIAQE=&rs=AOn4CLCd2sfaL24je3nQKDFdzRptTX07uQ&usqp=CCk,Jaime Gabaldoni,external-reference,embed_link_and_summarize_only
K0s6A6leSJI,https://www.youtube.com/shorts/K0s6A6leSJI,"Mitsubishi Outlander 2026: ¿La comprarías por $46,300? | Jaime Gabaldoni",,,shorts,https://i.ytimg.com/vi/K0s6A6leSJI/oar2.jpg?sqp=-oaymwEgCJUDEOAESFWQAgHyq4qpAw8IARUAAIhCcAHAAQbIAQE=&rs=AOn4CLAbkLN7DLHgvRcdGF_pC99v0lFPWw&usqp=CCk,Jaime Gabaldoni,external-reference,embed_link_and_summarize_only
OUXWv2j4tj8,https://www.youtube.com/shorts/OUXWv2j4tj8,Mitsubishi Outlander 2026: Detalles que ya necesitan renovación | Jaime Gabaldoni,,,shorts,https://i.ytimg.com/vi/OUXWv2j4tj8/oar2.jpg?sqp=-oaymwEgCJUDEOAESFWQAgHyq4qpAw8IARUAAIhCcAHAAQbIAQE=&rs=AOn4CLAV0FUVwFmMQkYnwvQwCqdke0dESA&usqp=CCk,Jaime Gabaldoni,external-reference,embed_link_and_summarize_only
O-5L0rSHfJU,https://www.youtube.com/shorts/O-5L0rSHfJU,2026 Lexus TX 550h+ Luxury: Sistema de entretenimiento premium | Jaime Gabaldoni,,,shorts,https://i.ytimg.com/vi/O-5L0rSHfJU/oar2.jpg?sqp=-oaymwEgCJUDEOAESFWQAgHyq4qpAw8IARUAAIhCcAHAAQbIAQE=&rs=AOn4CLCHLu2SH7y3BU9dgj69S_1x70oNCA&usqp=CCk,Jaime Gabaldoni,external-reference,embed_link_and_summarize_only
dQwV935IWBk,https://www.youtube.com/shorts/dQwV935IWBk,2026 Lexus TX 550h+ Luxury: SUV híbrida con motor V6 | Jaime Gabaldoni,,,shorts,https://i.ytimg.com/vi/dQwV935IWBk/oar2.jpg?sqp=-oaymwEgCJUDEOAESFWQAgHyq4qpAw8IARUAAIhCcAHAAQbIAQE=&rs=AOn4CLAA4oN9auSmEBYWIr05txAoN9YcIg&usqp=CCk,Jaime Gabaldoni,external-reference,embed_link_and_summarize_only
qGdZksT5OhM,https://www.youtube.com/shorts/qGdZksT5OhM,"2026 Jeep Wrangler 4-Door Rubicon X: Tecnología, lujo y espíritu off-road 🔥 | Jaime Gabaldoni",,,shorts,https://i.ytimg.com/vi/qGdZksT5OhM/oar2.jpg?sqp=-oaymwEgCJUDEOAESFWQAgHyq4qpAw8IARUAAIhCcAHAAQbIAQE=&rs=AOn4CLCvekDaspt7gp1Et9EqLEQm-3Mf8g&usqp=CCk,Jaime Gabaldoni,external-reference,embed_link_and_summarize_only
jXlI1fkALxU,https://www.youtube.com/shorts/jXlI1fkALxU,2026 Jeep Wrangler 4-Door Rubicon X: ¿El Wrangler mejor equipado? | Jaime Gabaldoni,,,shorts,https://i.ytimg.com/vi/jXlI1fkALxU/oar2.jpg?sqp=-oaymwEgCJUDEOAESFWQAgHyq4qpAw8IARUAAIhCcAHAAQbIAQE=&rs=AOn4CLC_38bpdaBaYY5R8217t4atgLN4iA&usqp=CCk,Jaime Gabaldoni,external-reference,embed_link_and_summarize_only
mJ7mPLQJhdA,https://www.youtube.com/shorts/mJ7mPLQJhdA,2026 Toyota RAV4 GR Sport: Híbrido enchufable de 3 MOTORES eléctricos | Jaime Gabaldoni,,,shorts,https://i.ytimg.com/vi/mJ7mPLQJhdA/oardefault.jpg?sqp=-oaymwEgCJUDEOAESFWQAgHyq4qpAw8IARUAAIhCcAHAAQbIAQE=&rs=AOn4CLAxzabcTBdr6YuUB4voI1uAEgIdFw&usqp=CCk,Jaime Gabaldoni,external-reference,embed_link_and_summarize_only
a_iV7ImQlFA,https://www.youtube.com/shorts/a_iV7ImQlFA,"Lexus LC500 Convertible Inspiration Series 2026: ¿Vale los $120,400? | Jaime Gabaldoni",,,shorts,https://i.ytimg.com/vi/a_iV7ImQlFA/oar2.jpg?sqp=-oaymwEgCJUDEOAESFWQAgHyq4qpAw8IARUAAIhCcAHAAQbIAQE=&rs=AOn4CLBfh8mF49bgSb8JooZPw56cRuKqZQ&usqp=CCk,Jaime Gabaldoni,external-reference,embed_link_and_summarize_only
AHNAq0x49rY,https://www.youtube.com/shorts/AHNAq0x49rY,"Subaru Outback Wilderness 2026: Más capaz, más aventurera y más motor | Jaime Gabaldoni",,,shorts,https://i.ytimg.com/vi/AHNAq0x49rY/oardefault.jpg?sqp=-oaymwEgCJUDEOAESFWQAgHyq4qpAw8IARUAAIhCcAHAAQbIAQE=&rs=AOn4CLAt-6TalQPxmZ-dMRDjIrgb_9z3kw&usqp=CCk,Jaime Gabaldoni,external-reference,embed_link_and_summarize_only
xPGBMBWklvo,https://www.youtube.com/shorts/xPGBMBWklvo,Subaru Outback Wilderness 2026: Funciones pensadas para la aventura | Jaime Gabaldoni,,,shorts,https://i.ytimg.com/vi/xPGBMBWklvo/oar2.jpg?sqp=-oaymwEgCJUDEOAESFWQAgHyq4qpAw8IARUAAIhCcAHAAQbIAQE=&rs=AOn4CLCkGI-cL0dSdHF4vQ0P-kpioVeVAg&usqp=CCk,Jaime Gabaldoni,external-reference,embed_link_and_summarize_only
B_9AdbNasBI,https://www.youtube.com/shorts/B_9AdbNasBI,Subaru Outback Wilderness 2026: Diseñada para salir del pavimento | Jaime Gabaldoni,,,shorts,https://i.ytimg.com/vi/B_9AdbNasBI/oar2.jpg?sqp=-oaymwEgCJUDEOAESFWQAgHyq4qpAw8IARUAAIhCcAHAAQbIAQE=&rs=AOn4CLDy7ZgHtDBojvYl5mi-5a62CalWRA&usqp=CCk,Jaime Gabaldoni,external-reference,embed_link_and_summarize_only
CCRKM08tQN0,https://www.youtube.com/shorts/CCRKM08tQN0,TOYOTA Sequoia TRD-Pro 2026: Consumo IMPRESIONANTE 🔥 | Jaime Gabaldoni,,,shorts,https://i.ytimg.com/vi/CCRKM08tQN0/oar2.jpg?sqp=-oaymwEgCJUDEOAESFWQAgHyq4qpAw8IARUAAIhCcAHAAQbIAQE=&rs=AOn4CLCr43d_Jy7LHQP3aIp7zZ3aNhf-rw&usqp=CCk,Jaime Gabaldoni,external-reference,embed_link_and_summarize_only
NviAthnT8PM,https://www.youtube.com/shorts/NviAthnT8PM,TOYOTA Sequoia TRD-Pro 2026: La SUV más BRUTAL de Toyota | Jaime Gabaldoni,,,shorts,https://i.ytimg.com/vi/NviAthnT8PM/oar2.jpg?sqp=-oaymwEgCJUDEOAESFWQAgHyq4qpAw8IARUAAIhCcAHAAQbIAQE=&rs=AOn4CLCBm9AILpl6XkNDd9HICOgAFqaOLQ&usqp=CCk,Jaime Gabaldoni,external-reference,embed_link_and_summarize_only
LefQJzgEolQ,https://www.youtube.com/shorts/LefQJzgEolQ,Lexus LC 500 2026: El deportivo analógico que tienes que considerar 💎 | Jaime Gabaldoni,,,shorts,https://i.ytimg.com/vi/LefQJzgEolQ/oar2.jpg?sqp=-oaymwEgCJUDEOAESFWQAgHyq4qpAw8IARUAAIhCcAHAAQbIAQE=&rs=AOn4CLB0iTcXOWAI9C__-7u6f3D4tbKtRA&usqp=CCk,Jaime Gabaldoni,external-reference,embed_link_and_summarize_only
NhdcaGVjbbc,https://www.youtube.com/shorts/NhdcaGVjbbc,Toyota RAV4 Woodland Hybrid 2026: SUV híbrida off-road @AutoProyecto | Jaime Gabaldoni,,,shorts,https://i.ytimg.com/vi/NhdcaGVjbbc/oardefault.jpg?sqp=-oaymwEgCJUDEOAESFWQAgHyq4qpAw8IARUAAIhCcAHAAQbIAQE=&rs=AOn4CLAMxiyGQPGd2foRXrzkl11Qpfzfvw&usqp=CCk,Jaime Gabaldoni,external-reference,embed_link_and_summarize_only
SrWU5M4OIXs,https://www.youtube.com/shorts/SrWU5M4OIXs,Lexus LC500 2026 Convertible 😢 El fin de un ícono V8 | Jaime Gabaldoni,,,shorts,https://i.ytimg.com/vi/SrWU5M4OIXs/oar2.jpg?sqp=-oaymwEgCJUDEOAESFWQAgHyq4qpAw8IARUAAIhCcAHAAQbIAQE=&rs=AOn4CLDhd5bRvUNtVL-IdqkeXq8gmEZlWA&usqp=CCk,Jaime Gabaldoni,external-reference,embed_link_and_summarize_only
tHBmEsY4A24,https://www.youtube.com/shorts/tHBmEsY4A24,"Chevrolet Silverado 1500 LTZ 2026: V8, lujo y capacidad de remolque 💪 | Jaime Gabaldoni",,,shorts,https://i.ytimg.com/vi/tHBmEsY4A24/oardefault.jpg?sqp=-oaymwEgCJUDEOAESFWQAgHyq4qpAw8IARUAAIhCcAHAAQbIAQE=&rs=AOn4CLDtgiSTCU6C_eLo99DS3XPS6IAOCw&usqp=CCk,Jaime Gabaldoni,external-reference,embed_link_and_summarize_only
SNt9tVV3Mjs,https://www.youtube.com/shorts/SNt9tVV3Mjs,"Toyota GR Supra 2026 Final Edition: 382 HP, edición limitada y pura adrenalina 🔥 | Jaime Gabaldoni",,,shorts,https://i.ytimg.com/vi/SNt9tVV3Mjs/oardefault.jpg?sqp=-oaymwEgCJUDEOAESFWQAgHyq4qpAw8IARUAAIhCcAHAAQbIAQE=&rs=AOn4CLBiFB_W32imbpEDg5VIbIO0gV0TiQ&usqp=CCk,Jaime Gabaldoni,external-reference,embed_link_and_summarize_only
Zi0QS3hvuqw,https://www.youtube.com/shorts/Zi0QS3hvuqw,Toyota GR Supra 2026 Final Edition: Interior y sensaciones reales 🏁 | Jaime Gabaldoni,,,shorts,https://i.ytimg.com/vi/Zi0QS3hvuqw/oardefault.jpg?sqp=-oaymwEgCJUDEOAESFWQAgHyq4qpAw8IARUAAIhCcAHAAQbIAQE=&rs=AOn4CLAAolpPzOO_k6CUm59JhrHVavy-cw&usqp=CCk,Jaime Gabaldoni,external-reference,embed_link_and_summarize_only
cE86NEQO8uc,https://www.youtube.com/shorts/cE86NEQO8uc,Toyota GR Supra 2026 Final Edition: El adiós perfecto a un ícono 🔥 | Jaime Gabaldoni,,,shorts,https://i.ytimg.com/vi/cE86NEQO8uc/oardefault.jpg?sqp=-oaymwEgCJUDEOAESFWQAgHyq4qpAw8IARUAAIhCcAHAAQbIAQE=&rs=AOn4CLB1qkHggACaoHYiHiv7egSyK7oEqA&usqp=CCk,Jaime Gabaldoni,external-reference,embed_link_and_summarize_only
vMRfNFMp8AM,https://www.youtube.com/shorts/vMRfNFMp8AM,Mazda CX-70 2026: ¿Mejor que el CX-90 sin tercera fila? 🤔 | Jaime Gabaldoni,,,shorts,https://i.ytimg.com/vi/vMRfNFMp8AM/oar2.jpg?sqp=-oaymwEgCJUDEOAESFWQAgHyq4qpAw8IARUAAIhCcAHAAQbIAQE=&rs=AOn4CLDnKg5p6WWZz_TDAdSBnlt77h29Ag&usqp=CCk,Jaime Gabaldoni,external-reference,embed_link_and_summarize_only
APx2sT3aIt8,https://www.youtube.com/shorts/APx2sT3aIt8,¡BRUTAL! Mazda CX-70 Turbo S 2026: 340 hp híbridos y 0-60 en 6.2s 🔥 | Jaime Gabaldoni,,,shorts,https://i.ytimg.com/vi/APx2sT3aIt8/oar2.jpg?sqp=-oaymwEgCJUDEOAESFWQAgHyq4qpAw8IARUAAIhCcAHAAQbIAQE=&rs=AOn4CLA4xCHV3y8BOKLyzTXVtlDDZsgVdQ&usqp=CCk,Jaime Gabaldoni,external-reference,embed_link_and_summarize_only
Xh-5OEANnm0,https://www.youtube.com/shorts/Xh-5OEANnm0,Chrysler Pacifica 2027: ¿Vale la pena? Cambios clave y adiós al híbrido 😳 | Jaime Gabaldoni,,,shorts,https://i.ytimg.com/vi/Xh-5OEANnm0/oardefault.jpg?sqp=-oaymwEgCJUDEOAESFWQAgHyq4qpAw8IARUAAIhCcAHAAQbIAQE=&rs=AOn4CLDVI4PSiPZQEPwSln3m06clALVoMA&usqp=CCk,Jaime Gabaldoni,external-reference,embed_link_and_summarize_only
55jsNB9vVwQ,https://www.youtube.com/shorts/55jsNB9vVwQ,El detalle que NO has notado en los SUV eléctricos ⚡️😮 @MGColombia-25 | Jaime Gabaldoni,,,shorts,https://i.ytimg.com/vi/55jsNB9vVwQ/oardefault.jpg?sqp=-oaymwEgCJUDEOAESFWQAgHyq4qpAw8IARUAAIhCcAHAAQbIAQE=&rs=AOn4CLDakCxOuRdkfXwNdOPYUJUeH-VeOA&usqp=CCk,Jaime Gabaldoni,external-reference,embed_link_and_summarize_only
lWp9R5VhZaI,https://www.youtube.com/shorts/lWp9R5VhZaI,"🤔 ¿Lo compras? Mazda CX-90 Turbo S 2026: Consumo, autonomía y 0-60 🚀 | Jaime Gabaldoni",,,shorts,https://i.ytimg.com/vi/lWp9R5VhZaI/oar2.jpg?sqp=-oaymwEgCJUDEOAESFWQAgHyq4qpAw8IARUAAIhCcAHAAQbIAQE=&rs=AOn4CLCrukLA9dVUZihaTirP1xgQQKlRtw&usqp=CCk,Jaime Gabaldoni,external-reference,embed_link_and_summarize_only
RONwmu8kWLo,https://www.youtube.com/shorts/RONwmu8kWLo,Mazda CX-90 Turbo S 2026: 340 hp de potencia en una SUV de tres filas 🔥 | Jaime Gabaldoni,,,shorts,https://i.ytimg.com/vi/RONwmu8kWLo/oar2.jpg?sqp=-oaymwEgCJUDEOAESFWQAgHyq4qpAw8IARUAAIhCcAHAAQbIAQE=&rs=AOn4CLCgTgHPTuFQdjvJ6Kctf0TnBeZl9w&usqp=CCk,Jaime Gabaldoni,external-reference,embed_link_and_summarize_only
hYV1aymL6Ck,https://www.youtube.com/shorts/hYV1aymL6Ck,Subaru Outback Wilderness 2026: Nuevo interior y X-Mode ¿mejora real? 🏔️ | Jaime Gabaldoni,,,shorts,https://i.ytimg.com/vi/hYV1aymL6Ck/oar2.jpg?sqp=-oaymwEgCJUDEOAESFWQAgHyq4qpAw8IARUAAIhCcAHAAQbIAQE=&rs=AOn4CLDxgYTUq7uhaHq7UjVgSfDOsf4rgQ&usqp=CCk,Jaime Gabaldoni,external-reference,embed_link_and_summarize_only
1njaFn106ps,https://www.youtube.com/shorts/1njaFn106ps,Subaru Outback Wilderness 2026: Motor bóxer turbo y diseño inteligente 🔥 | Jaime Gabaldoni,,,shorts,https://i.ytimg.com/vi/1njaFn106ps/oar2.jpg?sqp=-oaymwEgCJUDEOAESFWQAgHyq4qpAw8IARUAAIhCcAHAAQbIAQE=&rs=AOn4CLBqvUPgw-ILjCiPiNaHJ4KU0P6LBg&usqp=CCk,Jaime Gabaldoni,external-reference,embed_link_and_summarize_only
Z7NGfNcVp9o,https://www.youtube.com/shorts/Z7NGfNcVp9o,Dodge Durango América 250th Anniversary Edition: Una SUV muy americana | Jaime Gabaldoni,,,shorts,https://i.ytimg.com/vi/Z7NGfNcVp9o/oardefault.jpg?sqp=-oaymwEgCJUDEOAESFWQAgHyq4qpAw8IARUAAIhCcAHAAQbIAQE=&rs=AOn4CLC_KP1Utq6e60iDjuERg9nutoVmQA&usqp=CCk,Jaime Gabaldoni,external-reference,embed_link_and_summarize_only
3t4PaU22V-w,https://www.youtube.com/shorts/3t4PaU22V-w,"Volkswagen Golf R 2026: 328 hp y AWD, ¿el rey de los hot hatch? 😳 | Jaime Gabaldoni",,,shorts,https://i.ytimg.com/vi/3t4PaU22V-w/oar2.jpg?sqp=-oaymwEgCJUDEOAESFWQAgHyq4qpAw8IARUAAIhCcAHAAQbIAQE=&rs=AOn4CLDFmap9aMtgEFldQ3NPbNj6cu-HQA&usqp=CCk,Jaime Gabaldoni,external-reference,embed_link_and_summarize_only
bezqlt7PdDM,https://www.youtube.com/shorts/bezqlt7PdDM,Volkswagen Golf R 2026: Más caro que el GTI… ¿pero vale la pena? 🤔 | Jaime Gabaldoni,,,shorts,https://i.ytimg.com/vi/bezqlt7PdDM/oar2.jpg?sqp=-oaymwEgCJUDEOAESFWQAgHyq4qpAw8IARUAAIhCcAHAAQbIAQE=&rs=AOn4CLANfys0EuSWUGgYqIFuL1ArUhWyLA&usqp=CCk,Jaime Gabaldoni,external-reference,embed_link_and_summarize_only
rQR5BGUo-VM,https://www.youtube.com/shorts/rQR5BGUo-VM,Nissan Leaf 2026: Pantallas de 14.3” y sistema multimedia ¿vale la pena? ⚡ | Jaime Gabaldoni,,,shorts,https://i.ytimg.com/vi/rQR5BGUo-VM/oar2.jpg?sqp=-oaymwEgCJUDEOAESFWQAgHyq4qpAw8IARUAAIhCcAHAAQbIAQE=&rs=AOn4CLBg7aZxjviQa6Nwrg_wMmA-q_yIGA&usqp=CCk,Jaime Gabaldoni,external-reference,embed_link_and_summarize_only
94YuBa3pUMY,https://www.youtube.com/shorts/94YuBa3pUMY,Nissan Leaf 2026: ¿Cómo funciona la regeneración con levas? ⚡ | Jaime Gabaldoni,,,shorts,https://i.ytimg.com/vi/94YuBa3pUMY/oardefault.jpg?sqp=-oaymwEgCJUDEOAESFWQAgHyq4qpAw8IARUAAIhCcAHAAQbIAQE=&rs=AOn4CLAdd1-n2XBrd_PzhLVlGKNBwK9YBQ&usqp=CCk,Jaime Gabaldoni,external-reference,embed_link_and_summarize_only
b2CRMDsmFuo,https://www.youtube.com/shorts/b2CRMDsmFuo,Lexus LC 500 Convertible 2026: Edición limitada Inspiration Series | Jaime Gabaldoni,,,shorts,https://i.ytimg.com/vi/b2CRMDsmFuo/oardefault.jpg?sqp=-oaymwEgCJUDEOAESFWQAgHyq4qpAw8IARUAAIhCcAHAAQbIAQE=&rs=AOn4CLAKTdAxuDx-qDSzPIpguuJyGfxdBA&usqp=CCk,Jaime Gabaldoni,external-reference,embed_link_and_summarize_only
PaEPGL0Iyxk,https://www.youtube.com/shorts/PaEPGL0Iyxk,Lexus LC 500 Convertible 2026: El último Lexus LC y su V8 😢 | Jaime Gabaldoni,,,shorts,https://i.ytimg.com/vi/PaEPGL0Iyxk/oar2.jpg?sqp=-oaymwEgCJUDEOAESFWQAgHyq4qpAw8IARUAAIhCcAHAAQbIAQE=&rs=AOn4CLA8QL_KLzc6ywcLVFKC17DFv3mncg&usqp=CCk,Jaime Gabaldoni,external-reference,embed_link_and_summarize_only
XrrB-EPkjG4,https://www.youtube.com/shorts/XrrB-EPkjG4,Volkswagen Atlas 2027 en el #NAIAS | Jaime Gabaldoni,,,shorts,https://i.ytimg.com/vi/XrrB-EPkjG4/oardefault.jpg?sqp=-oaymwEgCJUDEOAESFWQAgHyq4qpAw8IARUAAIhCcAHAAQbIAQE=&rs=AOn4CLDPxH--LASHdqI32O4rYCnHL7KxeA&usqp=CCk,Jaime Gabaldoni,external-reference,embed_link_and_summarize_only
WTtDxrxi2Io,https://www.youtube.com/shorts/WTtDxrxi2Io,Chevrolet Corvette C8 ZR1 2025 se corona como el carro del año 👑🥳 | Jaime Gabaldoni,,,shorts,https://i.ytimg.com/vi/WTtDxrxi2Io/oardefault.jpg?sqp=-oaymwEgCJUDEOAESFWQAgHyq4qpAw8IARUAAIhCcAHAAQbIAQE=&rs=AOn4CLBrbMUwwjh_MFJV3KHF3UV1pxTC6Q&usqp=CCk,Jaime Gabaldoni,external-reference,embed_link_and_summarize_only
eoW6izWEP1I,https://www.youtube.com/shorts/eoW6izWEP1I,Aston Martin Vantage S Roadster 2026: $250.000 por este deportivo de lujo | Jaime Gabaldoni,,,shorts,https://i.ytimg.com/vi/eoW6izWEP1I/oardefault.jpg?sqp=-oaymwEgCJUDEOAESFWQAgHyq4qpAw8IARUAAIhCcAHAAQbIAQE=&rs=AOn4CLCL1qyeVsm8Hn50ko7-Le8KBQdPCw&usqp=CCk,Jaime Gabaldoni,external-reference,embed_link_and_summarize_only
4xLoVSY-0OQ,https://www.youtube.com/shorts/4xLoVSY-0OQ,Genesis G90 Wingback: El sedán más impresionante del New York Auto Show 2026 | Jaime Gabaldoni,,,shorts,https://i.ytimg.com/vi/4xLoVSY-0OQ/oardefault.jpg?sqp=-oaymwEgCJUDEOAESFWQAgHyq4qpAw8IARUAAIhCcAHAAQbIAQE=&rs=AOn4CLC2R_BYJp6BtAZi9-kdeGzLyujhNQ&usqp=CCk,Jaime Gabaldoni,external-reference,embed_link_and_summarize_only
t6_v4DS-AGY,https://www.youtube.com/shorts/t6_v4DS-AGY,Aston Martin Vantage S Roadster 2026: modos de manejo y carácter deportivo 🔥 | Jaime Gabaldoni,,,shorts,https://i.ytimg.com/vi/t6_v4DS-AGY/oardefault.jpg?sqp=-oaymwEgCJUDEOAESFWQAgHyq4qpAw8IARUAAIhCcAHAAQbIAQE=&rs=AOn4CLBbx1zY7rw9o2o6tf70uHudbBldFQ&usqp=CCk,Jaime Gabaldoni,external-reference,embed_link_and_summarize_only
omdEjI2ZeWY,https://www.youtube.com/shorts/omdEjI2ZeWY,Aston Martin Vantage S Roadster 2026: ingeniería y diseño puro 🏁 | Jaime Gabaldoni,,,shorts,https://i.ytimg.com/vi/omdEjI2ZeWY/oar2.jpg?sqp=-oaymwEgCJUDEOAESFWQAgHyq4qpAw8IARUAAIhCcAHAAQbIAQE=&rs=AOn4CLC3ub9WHdkybvPDXFYvd638BnYCuw&usqp=CCk,Jaime Gabaldoni,external-reference,embed_link_and_summarize_only
_77Kk4MHCR4,https://www.youtube.com/shorts/_77Kk4MHCR4,Mitsubishi Outlander 2026: ¿Su tecnología es anticuada? 🤔 | Jaime Gabaldoni,,,shorts,https://i.ytimg.com/vi/_77Kk4MHCR4/oardefault.jpg?sqp=-oaymwEgCJUDEOAESFWQAgHyq4qpAw8IARUAAIhCcAHAAQbIAQE=&rs=AOn4CLAJC3IB-WAuUU67Ntbf-7sGPTFuCg&usqp=CCk,Jaime Gabaldoni,external-reference,embed_link_and_summarize_only
RPkcgQjU4eY,https://www.youtube.com/shorts/RPkcgQjU4eY,2026 Mitsubishi Outlander SEL Premium AWD ⚡ más torque y mejor consumo | Jaime Gabaldoni,,,shorts,https://i.ytimg.com/vi/RPkcgQjU4eY/oar2.jpg?sqp=-oaymwEgCJUDEOAESFWQAgHyq4qpAw8IARUAAIhCcAHAAQbIAQE=&rs=AOn4CLAZnxwcjlacSSCnBdmFpFW7-zb0-g&usqp=CCk,Jaime Gabaldoni,external-reference,embed_link_and_summarize_only
pso2Z6Tjmaw,https://www.youtube.com/shorts/pso2Z6Tjmaw,Hyundai Boulder Concept en el New York International Auto Show 2026 | Jaime Gabaldoni,,,shorts,https://i.ytimg.com/vi/pso2Z6Tjmaw/oardefault.jpg?sqp=-oaymwEgCJUDEOAESFWQAgHyq4qpAw8IARUAAIhCcAHAAQbIAQE=&rs=AOn4CLCUU9dI8gxsjlChcEKmwqX1CqHc_Q&usqp=CCk,Jaime Gabaldoni,external-reference,embed_link_and_summarize_only
LHeNEjgKdxQ,https://www.youtube.com/shorts/LHeNEjgKdxQ,El gato eléctrico que no sabías que necesitabas #temu #haul #gadgets | Jaime Gabaldoni,,,shorts,https://i.ytimg.com/vi/LHeNEjgKdxQ/oardefault.jpg?sqp=-oaymwEgCJUDEOAESFWQAgHyq4qpAw8IARUAAIhCcAHAAQbIAQE=&rs=AOn4CLCKWbtcWb1IsyYHBmBQL6KHmXsf8A&usqp=CCk,Jaime Gabaldoni,external-reference,embed_link_and_summarize_only
ENacmPy9k9Y,https://www.youtube.com/shorts/ENacmPy9k9Y,Chevrolet Corvette C8 Grand Sport: ¿Qué lo hace tan especial? | Jaime Gabaldoni,,,shorts,https://i.ytimg.com/vi/ENacmPy9k9Y/oardefault.jpg?sqp=-oaymwEgCJUDEOAESFWQAgHyq4qpAw8IARUAAIhCcAHAAQbIAQE=&rs=AOn4CLBhoZ-60YqoUwFfscUq2bS66I10sQ&usqp=CCk,Jaime Gabaldoni,external-reference,embed_link_and_summarize_only
BddvRErXpYk,https://www.youtube.com/shorts/BddvRErXpYk,"¿Chevrolet Corvette C9? 2,000 hp eléctricos y el futuro superdeportivo #Concepto | Jaime Gabaldoni",,,shorts,https://i.ytimg.com/vi/BddvRErXpYk/oar2.jpg?sqp=-oaymwEgCJUDEOAESFWQAgHyq4qpAw8IARUAAIhCcAHAAQbIAQE=&rs=AOn4CLCCEy65A5-n7Uego5LLPXEopUCoDg&usqp=CCk,Jaime Gabaldoni,external-reference,embed_link_and_summarize_only
yyubj3XB0E4,https://www.youtube.com/shorts/yyubj3XB0E4,Chrysler Pacifica 2026: la minivan que sigue dominando el segmento | Jaime Gabaldoni,,,shorts,https://i.ytimg.com/vi/yyubj3XB0E4/oardefault.jpg?sqp=-oaymwEgCJUDEOAESFWQAgHyq4qpAw8IARUAAIhCcAHAAQbIAQE=&rs=AOn4CLDw_qoaBZpi2loXc2h0yI4REmGLBw&usqp=CCk,Jaime Gabaldoni,external-reference,embed_link_and_summarize_only
Gsy2P-N_d7k,https://www.youtube.com/shorts/Gsy2P-N_d7k,Chevrolet Corvette Grand Sport en el New York International Auto Show 2026 | Jaime Gabaldoni,,,shorts,https://i.ytimg.com/vi/Gsy2P-N_d7k/oar2.jpg?sqp=-oaymwEgCJUDEOAESFWQAgHyq4qpAw8IARUAAIhCcAHAAQbIAQE=&rs=AOn4CLDa6NlGYlsGFuPs1K8l1wVNLq_SGQ&usqp=CCk,Jaime Gabaldoni,external-reference,embed_link_and_summarize_only
5E9w0eWD6ew,https://www.youtube.com/shorts/5E9w0eWD6ew,New York International Auto Show: Esto NO es un carro… es una locura sobre ruedas | Jaime Gabaldoni,,,shorts,https://i.ytimg.com/vi/5E9w0eWD6ew/oar2.jpg?sqp=-oaymwEgCJUDEOAESFWQAgHyq4qpAw8IARUAAIhCcAHAAQbIAQE=&rs=AOn4CLCkA9xE4WWQi660KuuJRmcHTBe9JQ&usqp=CCk,Jaime Gabaldoni,external-reference,embed_link_and_summarize_only
DZEBNRRJ6XU,https://www.youtube.com/shorts/DZEBNRRJ6XU,"Dodge Charger Sixpack 2026: EVOLUCIÓN, TECNOLOGÍA Y ESENCIA 🔥 | Jaime Gabaldoni",,,shorts,https://i.ytimg.com/vi/DZEBNRRJ6XU/oar2.jpg?sqp=-oaymwEgCJUDEOAESFWQAgHyq4qpAw8IARUAAIhCcAHAAQbIAQE=&rs=AOn4CLASRrqs2bx7McGA25q-NdRUj-lrLA&usqp=CCk,Jaime Gabaldoni,external-reference,embed_link_and_summarize_only
pBTvvYqUEbo,https://www.youtube.com/shorts/pBTvvYqUEbo,Dodge Charger Sixpack 2026 🔥 420 hp twin-turbo | Jaime Gabaldoni,,,shorts,https://i.ytimg.com/vi/pBTvvYqUEbo/oar2.jpg?sqp=-oaymwEgCJUDEOAESFWQAgHyq4qpAw8IARUAAIhCcAHAAQbIAQE=&rs=AOn4CLAJGINxY9NfwQ40R_00xj5XAFSfGA&usqp=CCk,Jaime Gabaldoni,external-reference,embed_link_and_summarize_only
blSn44fkffA,https://www.youtube.com/shorts/blSn44fkffA,"$50,000 por el Dodge Charger Sixpack R/T AWD 2026 🤔 ¿Te lo comprarías? | Jaime Gabaldoni",,,shorts,https://i.ytimg.com/vi/blSn44fkffA/oardefault.jpg?sqp=-oaymwEgCJUDEOAESFWQAgHyq4qpAw8IARUAAIhCcAHAAQbIAQE=&rs=AOn4CLDJRoibtppVNO2X6KqMyI8rL28S0w&usqp=CCk,Jaime Gabaldoni,external-reference,embed_link_and_summarize_only
oHBJQZ06N4E,https://www.youtube.com/shorts/oHBJQZ06N4E,Chevrolet Corvette ZR1 2026: Motor V8 Twin Turbo de 1064 HP 🔥 | Jaime Gabaldoni,,,shorts,https://i.ytimg.com/vi/oHBJQZ06N4E/oar2.jpg?sqp=-oaymwEgCJUDEOAESFWQAgHyq4qpAw8IARUAAIhCcAHAAQbIAQE=&rs=AOn4CLBQ_HXpWi-aMoqJ9Y1t2X0XX05A8Q&usqp=CCk,Jaime Gabaldoni,external-reference,embed_link_and_summarize_only
2FHFhLDDwPg,https://www.youtube.com/shorts/2FHFhLDDwPg,Chevrolet Corvette ZR1 2026: Precios oficiales 💰🔥 | Jaime Gabaldoni,,,shorts,https://i.ytimg.com/vi/2FHFhLDDwPg/oar2.jpg?sqp=-oaymwEgCJUDEOAESFWQAgHyq4qpAw8IARUAAIhCcAHAAQbIAQE=&rs=AOn4CLDCs7qNagY96O7tPxcrwNNH8Ra41w&usqp=CCk,Jaime Gabaldoni,external-reference,embed_link_and_summarize_only
9e6BLgwU1NE,https://www.youtube.com/shorts/9e6BLgwU1NE,Genesis G90 3.5T E-SC Prestige Black AWD 2026: V6 Twin Turbo Mild Hybrid 409 HP | Jaime Gabaldoni,,,shorts,https://i.ytimg.com/vi/9e6BLgwU1NE/oar2.jpg?sqp=-oaymwEgCJUDEOAESFWQAgHyq4qpAw8IARUAAIhCcAHAAQbIAQE=&rs=AOn4CLDexOA0U7jD37luhnVDJ8yhSyTdNg&usqp=CCk,Jaime Gabaldoni,external-reference,embed_link_and_summarize_only
wLhadI4S2Q4,https://www.youtube.com/shorts/wLhadI4S2Q4,Genesis G90 3.5T E-SC Prestige Black AWD 2026: La limusina coreana AWD | Jaime Gabaldoni,,,shorts,https://i.ytimg.com/vi/wLhadI4S2Q4/oar2.jpg?sqp=-oaymwEgCJUDEOAESFWQAgHyq4qpAw8IARUAAIhCcAHAAQbIAQE=&rs=AOn4CLBTFr1c3V0YVHJo0qKKVuXnHKja8g&usqp=CCk,Jaime Gabaldoni,external-reference,embed_link_and_summarize_only
mnTslV8mXMI,https://www.youtube.com/shorts/mnTslV8mXMI,Subaru Trailseeker EV Limited: Interior digital y sensación futurista ⚡ | Jaime Gabaldoni,,,shorts,https://i.ytimg.com/vi/mnTslV8mXMI/oar2.jpg?sqp=-oaymwEgCJUDEOAESFWQAgHyq4qpAw8IARUAAIhCcAHAAQbIAQE=&rs=AOn4CLCEuZWMm13bo04SebVnHRMtSjG9DA&usqp=CCk,Jaime Gabaldoni,external-reference,embed_link_and_summarize_only
CEygg5gUevs,https://www.youtube.com/shorts/CEygg5gUevs,"Subaru Trailseeker EV Limited: Espacio, tecnología y detalles eléctricos ⚡ | Jaime Gabaldoni",,,shorts,https://i.ytimg.com/vi/CEygg5gUevs/oar2.jpg?sqp=-oaymwEgCJUDEOAESFWQAgHyq4qpAw8IARUAAIhCcAHAAQbIAQE=&rs=AOn4CLCgxgFmu0I3sQg5GQ73wU2UB0R87Q&usqp=CCk,Jaime Gabaldoni,external-reference,embed_link_and_summarize_only
_9hRMnpA8fU,https://www.youtube.com/shorts/_9hRMnpA8fU,Kia Telluride 2027: ¿Qué tan capaz es en off-road esta versión? | Jaime Gabaldoni,,,shorts,https://i.ytimg.com/vi/_9hRMnpA8fU/oar2.jpg?sqp=-oaymwEgCJUDEOAESFWQAgHyq4qpAw8IARUAAIhCcAHAAQbIAQE=&rs=AOn4CLDpBeoLnBfZoxteFK4lkQ9SJV1CNA&usqp=CCk,Jaime Gabaldoni,external-reference,embed_link_and_summarize_only
wtTOmBALPMU,https://www.youtube.com/shorts/wtTOmBALPMU,Kia Telluride 2027: Interior más cómodo y tecnológico que nunca | Jaime Gabaldoni,,,shorts,https://i.ytimg.com/vi/wtTOmBALPMU/oar2.jpg?sqp=-oaymwEgCJUDEOAESFWQAgHyq4qpAw8IARUAAIhCcAHAAQbIAQE=&rs=AOn4CLBQQgxPeQvWj-S3Bb8w-gMaMvedMw&usqp=CCk,Jaime Gabaldoni,external-reference,embed_link_and_summarize_only
WDr3z0CtFJg,https://www.youtube.com/shorts/WDr3z0CtFJg,"Hyundai Santa Fe HEV Limited 2026: Híbrida, AWD y rines de 20 | Jaime Gabaldoni",,,shorts,https://i.ytimg.com/vi/WDr3z0CtFJg/oar2.jpg?sqp=-oaymwEgCJUDEOAESFWQAgHyq4qpAw8IARUAAIhCcAHAAQbIAQE=&rs=AOn4CLCniZV6mS4RgKWYgyFBA7wvOSeuxg&usqp=CCk,Jaime Gabaldoni,external-reference,embed_link_and_summarize_only
Yn1pC5khLDs,https://www.youtube.com/shorts/Yn1pC5khLDs,Hyundai Santa Fe HEV Limited 2026: ¿Vale los $48.800? | Jaime Gabaldoni,,,shorts,https://i.ytimg.com/vi/Yn1pC5khLDs/oar2.jpg?sqp=-oaymwEgCJUDEOAESFWQAgHyq4qpAw8IARUAAIhCcAHAAQbIAQE=&rs=AOn4CLCogu0idIxBBaV-dT3N36uD0_43Mg&usqp=CCk,Jaime Gabaldoni,external-reference,embed_link_and_summarize_only
urvSoMZgwOw,https://www.youtube.com/shorts/urvSoMZgwOw,"$126,000 por este Rivian R1T Quad, ¿Los pagarías? 💸 | Jaime Gabaldoni",,,shorts,https://i.ytimg.com/vi/urvSoMZgwOw/oardefault.jpg?sqp=-oaymwEgCJUDEOAESFWQAgHyq4qpAw8IARUAAIhCcAHAAQbIAQE=&rs=AOn4CLCNBBeIGOAudyk-JMunoV9a1WYlEA&usqp=CCk,Jaime Gabaldoni,external-reference,embed_link_and_summarize_only
2jmJcKeUBcc,https://www.youtube.com/shorts/2jmJcKeUBcc,"Toyota Grand Highlander 2026: 362 HP, 0-60 en 7s y todo el equipamiento | Jaime Gabaldoni",,,shorts,https://i.ytimg.com/vi/2jmJcKeUBcc/oardefault.jpg?sqp=-oaymwEgCJUDEOAESFWQAgHyq4qpAw8IARUAAIhCcAHAAQbIAQE=&rs=AOn4CLCA-Uj5u3EWs8a8E-oh5LN7UZy35w&usqp=CCk,Jaime Gabaldoni,external-reference,embed_link_and_summarize_only
OQrrVpq6mGg,https://www.youtube.com/shorts/OQrrVpq6mGg,Toyota Grand Highlander 2026 i-Force MAX Platinum: ¿Confiar en su batería híbrida? | Jaime Gabaldoni,,,shorts,https://i.ytimg.com/vi/OQrrVpq6mGg/oar2.jpg?sqp=-oaymwEgCJUDEOAESFWQAgHyq4qpAw8IARUAAIhCcAHAAQbIAQE=&rs=AOn4CLBEVfubmiuiRyQT_U9tO75EApx9Jg&usqp=CCk,Jaime Gabaldoni,external-reference,embed_link_and_summarize_only
48kCSuS3NOs,https://www.youtube.com/shorts/48kCSuS3NOs,Toyota Grand Highlander 2026 i Force MAX Platinum: Una SUV grande con buen manejo | Jaime Gabaldoni,,,shorts,https://i.ytimg.com/vi/48kCSuS3NOs/oar2.jpg?sqp=-oaymwEgCJUDEOAESFWQAgHyq4qpAw8IARUAAIhCcAHAAQbIAQE=&rs=AOn4CLBS-QH6CbmQut6nzANV5vYRI8RZEA&usqp=CCk,Jaime Gabaldoni,external-reference,embed_link_and_summarize_only
U_V4e75Fl3c,https://www.youtube.com/shorts/U_V4e75Fl3c,Interior y tecnología de la Chevrolet Silverado 1500 LTZ 2026 | Jaime Gabaldoni,,,shorts,https://i.ytimg.com/vi/U_V4e75Fl3c/oar2.jpg?sqp=-oaymwEgCJUDEOAESFWQAgHyq4qpAw8IARUAAIhCcAHAAQbIAQE=&rs=AOn4CLBkJVXORx7C8n90TUC8N7zCUR1N4g&usqp=CCk,Jaime Gabaldoni,external-reference,embed_link_and_summarize_only
GlycHQj3n9g,https://www.youtube.com/shorts/GlycHQj3n9g,Chevrolet Silverado 1500 LTZ 2026 🔥 V8 5.3L de 355 hp | Jaime Gabaldoni,,,shorts,https://i.ytimg.com/vi/GlycHQj3n9g/oar2.jpg?sqp=-oaymwEgCJUDEOAESFWQAgHyq4qpAw8IARUAAIhCcAHAAQbIAQE=&rs=AOn4CLAMvkj3rwnbGnHX0rbL0VkqEI_toQ&usqp=CCk,Jaime Gabaldoni,external-reference,embed_link_and_summarize_only
FBFuSDCEHhw,https://www.youtube.com/shorts/FBFuSDCEHhw,"$39,200 por este Mazda 3 Turbo Hatchback 2026 ¿Lo pagarías? | Jaime Gabaldoni",,,shorts,https://i.ytimg.com/vi/FBFuSDCEHhw/oardefault.jpg?sqp=-oaymwEgCJUDEOAESFWQAgHyq4qpAw8IARUAAIhCcAHAAQbIAQE=&rs=AOn4CLCQG6x1G_rcNwZswGBCLn85l0FlZg&usqp=CCk,Jaime Gabaldoni,external-reference,embed_link_and_summarize_only
GkHLmvOWRmQ,https://www.youtube.com/shorts/GkHLmvOWRmQ,Diseño y dimensiones del Mazda CX-90 Turbo S Premium Plus | Jaime Gabaldoni,,,shorts,https://i.ytimg.com/vi/GkHLmvOWRmQ/oar2.jpg?sqp=-oaymwEgCJUDEOAESFWQAgHyq4qpAw8IARUAAIhCcAHAAQbIAQE=&rs=AOn4CLBoHpd1xps_QKr6erOXZITj9lxAAA&usqp=CCk,Jaime Gabaldoni,external-reference,embed_link_and_summarize_only
96ztpxtVEkA,https://www.youtube.com/shorts/96ztpxtVEkA,"💰 ¿$59,500 por el Mazda CX-90 Turbo S Premium Plus 2026? Precio y rivales | Jaime Gabaldoni",,,shorts,https://i.ytimg.com/vi/96ztpxtVEkA/oar2.jpg?sqp=-oaymwEgCJUDEOAESFWQAgHyq4qpAw8IARUAAIhCcAHAAQbIAQE=&rs=AOn4CLD3v65MjLi8z1agXRN2ajhM50S8TA&usqp=CCk,Jaime Gabaldoni,external-reference,embed_link_and_summarize_only
KvVhPXSDAq8,https://www.youtube.com/shorts/KvVhPXSDAq8,Pantalla y controles del Chrysler Pacifica Pinnacle 2026 | Jaime Gabaldoni,,,shorts,https://i.ytimg.com/vi/KvVhPXSDAq8/oar2.jpg?sqp=-oaymwEgCJUDEOAESFWQAgHyq4qpAw8IARUAAIhCcAHAAQbIAQE=&rs=AOn4CLAIyPZlhJszehokPwoHHq6mcfLZ3Q&usqp=CCk,Jaime Gabaldoni,external-reference,embed_link_and_summarize_only
arhqGxWaUcg,https://www.youtube.com/shorts/arhqGxWaUcg,Chrysler Pacifica Pinnacle 2026 🔧 V6 3.6L bajo el capó | Jaime Gabaldoni,,,shorts,https://i.ytimg.com/vi/arhqGxWaUcg/oar2.jpg?sqp=-oaymwEgCJUDEOAESFWQAgHyq4qpAw8IARUAAIhCcAHAAQbIAQE=&rs=AOn4CLB24R_sSTRu-72c-CmqHWuBVlw5aw&usqp=CCk,Jaime Gabaldoni,external-reference,embed_link_and_summarize_only
ZQaX9ZkgC4E,https://www.youtube.com/shorts/ZQaX9ZkgC4E,Interior nocturno del Nissan Armada NISMO 2026 🌙 ¿Qué tal se ve? | Jaime Gabaldoni,,,shorts,https://i.ytimg.com/vi/ZQaX9ZkgC4E/oar2.jpg?sqp=-oaymwEgCJUDEOAESFWQAgHyq4qpAw8IARUAAIhCcAHAAQbIAQE=&rs=AOn4CLDi3PCdOUbIsDVrQDsDrKJTT36DAw&usqp=CCk,Jaime Gabaldoni,external-reference,embed_link_and_summarize_only
ZGdm5dFNXOo,https://www.youtube.com/shorts/ZGdm5dFNXOo,Nissan Armada / Patrol NISMO 2026 🔥 V6 twin-turbo de 460 hp | Jaime Gabaldoni,,,shorts,https://i.ytimg.com/vi/ZGdm5dFNXOo/oar2.jpg?sqp=-oaymwEgCJUDEOAESFWQAgHyq4qpAw8IARUAAIhCcAHAAQbIAQE=&rs=AOn4CLCxozX_3GtNHeROCoNclYskfl5ZGg&usqp=CCk,Jaime Gabaldoni,external-reference,embed_link_and_summarize_only
XlfoZGWbPK8,https://www.youtube.com/shorts/XlfoZGWbPK8,"Nissan Armada/Patrol NISMO 2026: ¿Vale los $84,000? | Jaime Gabaldoni",,,shorts,https://i.ytimg.com/vi/XlfoZGWbPK8/oardefault.jpg?sqp=-oaymwEgCJUDEOAESFWQAgHyq4qpAw8IARUAAIhCcAHAAQbIAQE=&rs=AOn4CLCTmok5jAHiVPqyBYdVjSid3ecytg&usqp=CCk,Jaime Gabaldoni,external-reference,embed_link_and_summarize_only
YJYDGRItl1Y,https://www.youtube.com/shorts/YJYDGRItl1Y,Final Carro del Año: Cadillac Escalade Platinum vs. Chevrolet Corvette C8 ZR1 | Jaime Gabaldoni,,,shorts,https://i.ytimg.com/vi/YJYDGRItl1Y/oardefault.jpg?sqp=-oaymwEgCJUDEOAESFWQAgHyq4qpAw8IARUAAIhCcAHAAQbIAQE=&rs=AOn4CLA_IcNpbIpzJa6MvkSVD9BizQ2oWg&usqp=CCk,Jaime Gabaldoni,external-reference,embed_link_and_summarize_only
BtTpbiOWpHA,https://www.youtube.com/shorts/BtTpbiOWpHA,🚘 Mercedes-Maybach SL 680 Monogram Edition 2026: 577 hp de lujo absoluto | Jaime Gabaldoni,,,shorts,https://i.ytimg.com/vi/BtTpbiOWpHA/oardefault.jpg?sqp=-oaymwEgCJUDEOAESFWQAgHyq4qpAw8IARUAAIhCcAHAAQbIAQE=&rs=AOn4CLABuoffVfZHP5yHOVpbja9sn8VskQ&usqp=CCk,Jaime Gabaldoni,external-reference,embed_link_and_summarize_only
8z3XiXiDbY0,https://www.youtube.com/shorts/8z3XiXiDbY0,"Mercedes-Maybach SL680 Monogram Edition: ¿Pagarías $240,000 por él? | Jaime Gabaldoni",,,shorts,https://i.ytimg.com/vi/8z3XiXiDbY0/oar2.jpg?sqp=-oaymwEgCJUDEOAESFWQAgHyq4qpAw8IARUAAIhCcAHAAQbIAQE=&rs=AOn4CLBXrbuKV_MhNJXhUaBIBFTVOrZvIg&usqp=CCk,Jaime Gabaldoni,external-reference,embed_link_and_summarize_only
IfR-va8bmiU,https://www.youtube.com/shorts/IfR-va8bmiU,Mercedes-Maybach SL 680 Monogram Series 2026: El convertible más exclusivo | Jaime Gabaldoni,,,shorts,https://i.ytimg.com/vi/IfR-va8bmiU/oar2.jpg?sqp=-oaymwEgCJUDEOAESFWQAgHyq4qpAw8IARUAAIhCcAHAAQbIAQE=&rs=AOn4CLD0_HeXgz1fuvgTRS-k2KV27pu87w&usqp=CCk,Jaime Gabaldoni,external-reference,embed_link_and_summarize_only
FaqD4QWI38U,https://www.youtube.com/shorts/FaqD4QWI38U,Lexus RZ 550e AWD: ¿Demasiada dependencia de la pantalla? 🤔 | Jaime Gabaldoni,,,shorts,https://i.ytimg.com/vi/FaqD4QWI38U/oar2.jpg?sqp=-oaymwEgCJUDEOAESFWQAgHyq4qpAw8IARUAAIhCcAHAAQbIAQE=&rs=AOn4CLBrBbkpsgqP_oxEqlzW8yNg80eQ9Q&usqp=CCk,Jaime Gabaldoni,external-reference,embed_link_and_summarize_only
WQJJjDG42v8,https://www.youtube.com/shorts/WQJJjDG42v8,¿Sin rueda de repuesto? 😳 Espacio trasero del 2026 Lexus RZ 550e F Sport AWD | Jaime Gabaldoni,,,shorts,https://i.ytimg.com/vi/WQJJjDG42v8/oar2.jpg?sqp=-oaymwEgCJUDEOAESFWQAgHyq4qpAw8IARUAAIhCcAHAAQbIAQE=&rs=AOn4CLBhNXdbqtbJS3GwqWj9PQLS0vEyoQ&usqp=CCk,Jaime Gabaldoni,external-reference,embed_link_and_summarize_only
Cjcy5GV9EEQ,https://www.youtube.com/shorts/Cjcy5GV9EEQ,"Audi SQ5 2025: $72,720 por este auto ¿lo comprarías? | Jaime Gabaldoni",,,shorts,https://i.ytimg.com/vi/Cjcy5GV9EEQ/oar2.jpg?sqp=-oaymwEgCJUDEOAESFWQAgHyq4qpAw8IARUAAIhCcAHAAQbIAQE=&rs=AOn4CLAl1pDgKN-8x1mRN79SrneINR-5CA&usqp=CCk,Jaime Gabaldoni,external-reference,embed_link_and_summarize_only
A6DMcGSapT4,https://www.youtube.com/shorts/A6DMcGSapT4,⚡ Energy Flow y modos de manejo en la Toyota Grand Highlander MAX 2026 | Jaime Gabaldoni,,,shorts,https://i.ytimg.com/vi/A6DMcGSapT4/oar2.jpg?sqp=-oaymwEgCJUDEOAESFWQAgHyq4qpAw8IARUAAIhCcAHAAQbIAQE=&rs=AOn4CLA8Tx37jDnsg3Q2kvNgq_hCNrua9A&usqp=CCk,Jaime Gabaldoni,external-reference,embed_link_and_summarize_only
qgnos9xcbDo,https://www.youtube.com/shorts/qgnos9xcbDo,Toyota Grand Highlander Platinum MAX 2026 ⚡ 362 hp híbridos 🤯 | Jaime Gabaldoni,,,shorts,https://i.ytimg.com/vi/qgnos9xcbDo/oar2.jpg?sqp=-oaymwEgCJUDEOAESFWQAgHyq4qpAw8IARUAAIhCcAHAAQbIAQE=&rs=AOn4CLBGsJnwMS42CW3LzSrwYeA24HlXkQ&usqp=CCk,Jaime Gabaldoni,external-reference,embed_link_and_summarize_only
rh6vEFQFqx4,https://www.youtube.com/shorts/rh6vEFQFqx4,"Toyota Crown Platinum 2026: ¿Vale $56,660? Precios y rivales directos ⚡ | Jaime Gabaldoni",,,shorts,https://i.ytimg.com/vi/rh6vEFQFqx4/oar2.jpg?sqp=-oaymwEgCJUDEOAESFWQAgHyq4qpAw8IARUAAIhCcAHAAQbIAQE=&rs=AOn4CLBd6Jp3H5Hhhx0ISmZ1BFeOjkwKBg&usqp=CCk,Jaime Gabaldoni,external-reference,embed_link_and_summarize_only
ORt4giQ9UJA,https://www.youtube.com/shorts/ORt4giQ9UJA,Toyota Crown Platinum 2026: 340 HP HÍBRIDOS y 400 lb-pie de torque ⚡🔥 | Jaime Gabaldoni,,,shorts,https://i.ytimg.com/vi/ORt4giQ9UJA/oar2.jpg?sqp=-oaymwEgCJUDEOAESFWQAgHyq4qpAw8IARUAAIhCcAHAAQbIAQE=&rs=AOn4CLAbwrvXiDa2c6lCmP31FBS-nW2WDQ&usqp=CCk,Jaime Gabaldoni,external-reference,embed_link_and_summarize_only
c7NLLHc8p6w,https://www.youtube.com/shorts/c7NLLHc8p6w,2026 Mercedes-Benz EQE 320+ SUV: Analizamos su tecnología interior | Jaime Gabaldoni,,,shorts,https://i.ytimg.com/vi/c7NLLHc8p6w/oar2.jpg?sqp=-oaymwEgCJUDEOAESFWQAgHyq4qpAw8IARUAAIhCcAHAAQbIAQE=&rs=AOn4CLBM82Au4I3Bw0V23BnI8BcxTTxcIw&usqp=CCk,Jaime Gabaldoni,external-reference,embed_link_and_summarize_only
37u235Z26Eg,https://www.youtube.com/shorts/37u235Z26Eg,2026 Mercedes-Benz EQE 320+ SUV: ¡Un lujo eléctrico! | Jaime Gabaldoni,,,shorts,https://i.ytimg.com/vi/37u235Z26Eg/oar2.jpg?sqp=-oaymwEgCJUDEOAESFWQAgHyq4qpAw8IARUAAIhCcAHAAQbIAQE=&rs=AOn4CLBHWjty2i_RGBwI3mWAJURKki-Y8w&usqp=CCk,Jaime Gabaldoni,external-reference,embed_link_and_summarize_only
Fov5r0j59H0,https://www.youtube.com/shorts/Fov5r0j59H0,🚗 Toyota Crown 2026 Platinum: 340 HP Híbrido Turbo ¿Sedán o Liftback?,,,shorts,https://i.ytimg.com/vi/Fov5r0j59H0/oardefault.jpg?sqp=-oaymwEgCJUDEOAESFWQAgHyq4qpAw8IARUAAIhCcAHAAQbIAQE=&rs=AOn4CLDGiDe9iwxseSAK9oEpdI56Cl1pSw&usqp=CCk,Jaime Gabaldoni,external-reference,embed_link_and_summarize_only
_-nT19c3g7o,https://www.youtube.com/shorts/_-nT19c3g7o,"$82,000 por este Cadillac Vistiq Sport 2026 ⚡ ¿Los vale? | Jaime Gabaldoni",,,shorts,https://i.ytimg.com/vi/_-nT19c3g7o/oardefault.jpg?sqp=-oaymwEgCJUDEOAESFWQAgHyq4qpAw8IARUAAIhCcAHAAQbIAQE=&rs=AOn4CLDynd4qBMBWiMJBRP0iOJaVs35-lA&usqp=CCk,Jaime Gabaldoni,external-reference,embed_link_and_summarize_only
36sTq1YzdOo,https://www.youtube.com/shorts/36sTq1YzdOo,Casa Hopi 🏜️ Cultura ancestral y Skywalk en el Gran Cañón | Jaime Gabaldoni,,,shorts,https://i.ytimg.com/vi/36sTq1YzdOo/oardefault.jpg?sqp=-oaymwEgCJUDEOAESFWQAgHyq4qpAw8IARUAAIhCcAHAAQbIAQE=&rs=AOn4CLBJhg89jSbdB4gXCHiOq2FtwXNjKA&usqp=CCk,Jaime Gabaldoni,external-reference,embed_link_and_summarize_only
1pedBfgJZ64,https://www.youtube.com/shorts/1pedBfgJZ64,🦅 Eagle Point & Guano Point | Grand Canyon West en moto (BMW R1250 RT) | Jaime Gabaldoni,,,shorts,https://i.ytimg.com/vi/1pedBfgJZ64/oardefault.jpg?sqp=-oaymwEgCJUDEOAESFWQAgHyq4qpAw8IARUAAIhCcAHAAQbIAQE=&rs=AOn4CLBDxqWWMgagZw2qrOmCswIMvCqe7Q&usqp=CCk,Jaime Gabaldoni,external-reference,embed_link_and_summarize_only
z0ETgciiIv4,https://www.youtube.com/shorts/z0ETgciiIv4,Hyundai IONIQ 9 2026 🖥️ Doble pantalla de 12.3” y controles físicos | Jaime Gabaldoni,,,shorts,https://i.ytimg.com/vi/z0ETgciiIv4/oar2.jpg?sqp=-oaymwEgCJUDEOAESFWQAgHyq4qpAw8IARUAAIhCcAHAAQbIAQE=&rs=AOn4CLCuHvbt2qbVEiPyAqKnhsa8AflV4A&usqp=CCk,Jaime Gabaldoni,external-reference,embed_link_and_summarize_only
fvXA1dkPhmI,https://www.youtube.com/shorts/fvXA1dkPhmI,Hyundai IONIQ 9 Calligraphy 2026 ⚡ Cámaras 360° y tecnología premium | Jaime Gabaldoni,,,shorts,https://i.ytimg.com/vi/fvXA1dkPhmI/oar2.jpg?sqp=-oaymwEgCJUDEOAESFWQAgHyq4qpAw8IARUAAIhCcAHAAQbIAQE=&rs=AOn4CLA18WhOl4w4F1CublYWJ1F2uOI12w&usqp=CCk,Jaime Gabaldoni,external-reference,embed_link_and_summarize_only
B4CEvNVrU-c,https://www.youtube.com/shorts/B4CEvNVrU-c,🤔🚗 Nissan Sentra SR 2026 por $32.000 ¿Los vale? ¡Veamos! | Jaime Gabaldoni,,,shorts,https://i.ytimg.com/vi/B4CEvNVrU-c/oardefault.jpg?sqp=-oaymwEgCJUDEOAESFWQAgHyq4qpAw8IARUAAIhCcAHAAQbIAQE=&rs=AOn4CLBribWXDj_rLWYa_c1lBnzR64I7Qg&usqp=CCk,Jaime Gabaldoni,external-reference,embed_link_and_summarize_only
4dHBP85UGU8,https://www.youtube.com/shorts/4dHBP85UGU8,2026 Nissan Armada / Patrol NISMO 🚀 - 460 hp del V6 twin-turbo | Jaime Gabaldoni,,,shorts,https://i.ytimg.com/vi/4dHBP85UGU8/oar2.jpg?sqp=-oaymwEgCJUDEOAESFWQAgHyq4qpAw8IARUAAIhCcAHAAQbIAQE=&rs=AOn4CLCaI4UMF4nikCSLBSNnVuQcT9froA&usqp=CCk,Jaime Gabaldoni,external-reference,embed_link_and_summarize_only
XhJM00tixEA,https://www.youtube.com/shorts/XhJM00tixEA,🚙 2026 Nissan Armada / Patrol NISMO: ¿Construcción anticuada o más resistente? | Jaime Gabaldoni,,,shorts,https://i.ytimg.com/vi/XhJM00tixEA/oar2.jpg?sqp=-oaymwEgCJUDEOAESFWQAgHyq4qpAw8IARUAAIhCcAHAAQbIAQE=&rs=AOn4CLAYi0H8POm4O1n9FLD9E-91_fF_Lg&usqp=CCk,Jaime Gabaldoni,external-reference,embed_link_and_summarize_only
FyF_OMbhQCY,https://www.youtube.com/shorts/FyF_OMbhQCY,Cadillac Escalade 🆚 Toyota Tacoma TRD Pro ¿Con cuál te quedas? | Jaime Gabaldoni,,,shorts,https://i.ytimg.com/vi/FyF_OMbhQCY/oardefault.jpg?sqp=-oaymwEgCJUDEOAESFWQAgHyq4qpAw8IARUAAIhCcAHAAQbIAQE=&rs=AOn4CLAsJN79AAmToaNSj03GsO1nsBXaHg&usqp=CCk,Jaime Gabaldoni,external-reference,embed_link_and_summarize_only
9xn4xIqbQzc,https://www.youtube.com/shorts/9xn4xIqbQzc,"Audi A6 2026 💰 ¿Vale los $75,000? Precios y rivales | Jaime Gabaldoni",,,shorts,https://i.ytimg.com/vi/9xn4xIqbQzc/oar2.jpg?sqp=-oaymwEgCJUDEOAESFWQAgHyq4qpAw8IARUAAIhCcAHAAQbIAQE=&rs=AOn4CLBFjuWlcgqCVa0JZePwI9QpnZ5uaw&usqp=CCk,Jaime Gabaldoni,external-reference,embed_link_and_summarize_only
AvLQbZCVIBw,https://www.youtube.com/shorts/AvLQbZCVIBw,"Audi A6 2026 🚀 350+ hp, AWD y dirección en las 4 ruedas | Jaime Gabaldoni",,,shorts,https://i.ytimg.com/vi/AvLQbZCVIBw/oar2.jpg?sqp=-oaymwEgCJUDEOAESFWQAgHyq4qpAw8IARUAAIhCcAHAAQbIAQE=&rs=AOn4CLDWEE_n1Glq0hb1nqTgNHp6QUsyyw&usqp=CCk,Jaime Gabaldoni,external-reference,embed_link_and_summarize_only
2_3b0-QgBXw,https://www.youtube.com/shorts/2_3b0-QgBXw,Volé en helicóptero por el Gran Cañón | Jaime Gabaldoni,,,shorts,https://i.ytimg.com/vi/2_3b0-QgBXw/oardefault.jpg?sqp=-oaymwEgCJUDEOAESFWQAgHyq4qpAw8IARUAAIhCcAHAAQbIAQE=&rs=AOn4CLBh2H-wvMtIobWRztPJwWxj84-U3A&usqp=CCk,Jaime Gabaldoni,external-reference,embed_link_and_summarize_only
ygoALpO2PzE,https://www.youtube.com/shorts/ygoALpO2PzE,Grand Canyon West en moto: La mejor forma de explorar este lugar mágico | Jaime Gabaldoni,,,shorts,https://i.ytimg.com/vi/ygoALpO2PzE/oardefault.jpg?sqp=-oaymwEgCJUDEOAESFWQAgHyq4qpAw8IARUAAIhCcAHAAQbIAQE=&rs=AOn4CLBDF9TpRCZ4IBqXD6sxY_BOMFe5Ig&usqp=CCk,Jaime Gabaldoni,external-reference,embed_link_and_summarize_only
j57JCNePOCU,https://www.youtube.com/shorts/j57JCNePOCU,Chevrolet Silverado EV Trail Boss 2026: La pickup eléctrica off-road más radical | Jaime Gabaldoni,,,shorts,https://i.ytimg.com/vi/j57JCNePOCU/oardefault.jpg?sqp=-oaymwEgCJUDEOAESFWQAgHyq4qpAw8IARUAAIhCcAHAAQbIAQE=&rs=AOn4CLBShJBAOjXdjaO9CuOkPVebvKiEQA&usqp=CCk,Jaime Gabaldoni,external-reference,embed_link_and_summarize_only
oZ_xOUrdtnQ,https://www.youtube.com/shorts/oZ_xOUrdtnQ,BMW R 1250 RT 2023: Tecnología touring que sí marca diferencia | Jaime Gabaldoni,,,shorts,https://i.ytimg.com/vi/oZ_xOUrdtnQ/oar2.jpg?sqp=-oaymwEgCJUDEOAESFWQAgHyq4qpAw8IARUAAIhCcAHAAQbIAQE=&rs=AOn4CLAZcQeEyAMfYFsxkHqz6Lz7PUvrkw&usqp=CCk,Jaime Gabaldoni,external-reference,embed_link_and_summarize_only
tWrvj12C2Pc,https://www.youtube.com/shorts/tWrvj12C2Pc,BMW R1250 RT: Touring alemán con alma deportiva | Jaime Gabaldoni,,,shorts,https://i.ytimg.com/vi/tWrvj12C2Pc/oar2.jpg?sqp=-oaymwEgCJUDEOAESFWQAgHyq4qpAw8IARUAAIhCcAHAAQbIAQE=&rs=AOn4CLCFr4qAw5h_IL83I5Epz0DV5D49GQ&usqp=CCk,Jaime Gabaldoni,external-reference,embed_link_and_summarize_only
Lbj5Wffgi-A,https://www.youtube.com/shorts/Lbj5Wffgi-A,"¿Vale la pena el Nissan Sentra 2026? ⛽ Autonomía, peso y 0–60 mph | Jaime Gabaldoni",,,shorts,https://i.ytimg.com/vi/Lbj5Wffgi-A/oar2.jpg?sqp=-oaymwEgCJUDEOAESFWQAgHyq4qpAw8IARUAAIhCcAHAAQbIAQE=&rs=AOn4CLAsT9ex28MT7dExcIAUjKmcdBZSDQ&usqp=CCk,Jaime Gabaldoni,external-reference,embed_link_and_summarize_only
V-OukxFzDmA,https://www.youtube.com/shorts/V-OukxFzDmA,"Nissan Sentra 2026 🚗 No es rápido, pero tiene estilo | Jaime Gabaldoni",,,shorts,https://i.ytimg.com/vi/V-OukxFzDmA/oar2.jpg?sqp=-oaymwEgCJUDEOAESFWQAgHyq4qpAw8IARUAAIhCcAHAAQbIAQE=&rs=AOn4CLCedeyZ61EZSGe212EQy0y-0GHMHg&usqp=CCk,Jaime Gabaldoni,external-reference,embed_link_and_summarize_only
RTr8be4sVoc,https://www.youtube.com/shorts/RTr8be4sVoc,"Hyundai Palisade Hybrid 2026: ¿Pagarías $61,125 por esta SUV de 3 filas? | Jaime Gabaldoni",,,shorts,https://i.ytimg.com/vi/RTr8be4sVoc/oardefault.jpg?sqp=-oaymwEgCJUDEOAESFWQAgHyq4qpAw8IARUAAIhCcAHAAQbIAQE=&rs=AOn4CLBfWFuhsZqK6QL3UwGTXmP9DyQKxA&usqp=CCk,Jaime Gabaldoni,external-reference,embed_link_and_summarize_only
wLTK2OtvRwU,https://www.youtube.com/shorts/wLTK2OtvRwU,"Genesis GV80 Prestige Black 2026: $85,400 por este SUV de lujo | Jaime Gabaldoni",,,shorts,https://i.ytimg.com/vi/wLTK2OtvRwU/oardefault.jpg?sqp=-oaymwEgCJUDEOAESFWQAgHyq4qpAw8IARUAAIhCcAHAAQbIAQE=&rs=AOn4CLDEXAbPTrpyiRfK3OkTV2uU58pepg&usqp=CCk,Jaime Gabaldoni,external-reference,embed_link_and_summarize_only
nm8Wjepby9M,https://www.youtube.com/shorts/nm8Wjepby9M,"Kia K4 Hatchback 2026: Precio, versiones y por qué es una gran opción 🔥 | Jaime Gabaldoni",,,shorts,https://i.ytimg.com/vi/nm8Wjepby9M/oar2.jpg?sqp=-oaymwEgCJUDEOAESFWQAgHyq4qpAw8IARUAAIhCcAHAAQbIAQE=&rs=AOn4CLBU_jov8H0RBeikMZ1w5cDdvolF5Q&usqp=CCk,Jaime Gabaldoni,external-reference,embed_link_and_summarize_only
2CuFePLu3R4,https://www.youtube.com/shorts/2CuFePLu3R4,Kia K4 Hatchback 2026: Vistazo detallado | Jaime Gabaldoni,,,shorts,https://i.ytimg.com/vi/2CuFePLu3R4/oar2.jpg?sqp=-oaymwEgCJUDEOAESFWQAgHyq4qpAw8IARUAAIhCcAHAAQbIAQE=&rs=AOn4CLDPwhjKKyQGX_JLaOOAONGCsOIzCA&usqp=CCk,Jaime Gabaldoni,external-reference,embed_link_and_summarize_only
VmVwEBexW1M,https://www.youtube.com/shorts/VmVwEBexW1M,Cadillac Escalade IQ 2026: Tecnología extrema y lujo eléctrico total | Jaime Gabaldoni,,,shorts,https://i.ytimg.com/vi/VmVwEBexW1M/oar2.jpg?sqp=-oaymwEgCJUDEOAESFWQAgHyq4qpAw8IARUAAIhCcAHAAQbIAQE=&rs=AOn4CLC1S2GnPyoFNNVZuOlipeCoJj6WUw&usqp=CCk,Jaime Gabaldoni,external-reference,embed_link_and_summarize_only
xlUFSOlLfNQ,https://www.youtube.com/shorts/xlUFSOlLfNQ,Cadillac Escalade IQ 2026: ¿La mejor SUV eléctrica de la historia? | Jaime Gabaldoni,,,shorts,https://i.ytimg.com/vi/xlUFSOlLfNQ/oar2.jpg?sqp=-oaymwEgCJUDEOAESFWQAgHyq4qpAw8IARUAAIhCcAHAAQbIAQE=&rs=AOn4CLBSmv0d-Mvilw1yAU7Pulxba4Qntg&usqp=CCk,Jaime Gabaldoni,external-reference,embed_link_and_summarize_only
BzcXv9b6dBA,https://www.youtube.com/shorts/BzcXv9b6dBA,"Cadillac Escalade IQ 2026: ¿Vale los $158,000? | Jaime Gabaldoni",,,shorts,https://i.ytimg.com/vi/BzcXv9b6dBA/oardefault.jpg?sqp=-oaymwEgCJUDEOAESFWQAgHyq4qpAw8IARUAAIhCcAHAAQbIAQE=&rs=AOn4CLB75qUCyEKt1co6ZSBIpuceuaIs4Q&usqp=CCk,Jaime Gabaldoni,external-reference,embed_link_and_summarize_only
Ugy2P8f5Rcg,https://www.youtube.com/shorts/Ugy2P8f5Rcg,"Rivian R1T Quad Motor 2026: Tecnología, modos de manejo y off-road | Jaime Gabaldoni",,,shorts,https://i.ytimg.com/vi/Ugy2P8f5Rcg/oar2.jpg?sqp=-oaymwEgCJUDEOAESFWQAgHyq4qpAw8IARUAAIhCcAHAAQbIAQE=&rs=AOn4CLCiPkCORNjEB4YT8DrJUncACfisXg&usqp=CCk,Jaime Gabaldoni,external-reference,embed_link_and_summarize_only
8r9Q9WJcENs,https://www.youtube.com/shorts/8r9Q9WJcENs,"Rivian R1T Quad Motor 2026: Diseño, color y novedades | Jaime Gabaldoni",,,shorts,https://i.ytimg.com/vi/8r9Q9WJcENs/oar2.jpg?sqp=-oaymwEgCJUDEOAESFWQAgHyq4qpAw8IARUAAIhCcAHAAQbIAQE=&rs=AOn4CLAUG7FUsFy2FetaXrJq5hzp-ofypw&usqp=CCk,Jaime Gabaldoni,external-reference,embed_link_and_summarize_only
2JSvOpQOtks,https://www.youtube.com/shorts/2JSvOpQOtks,"$76,800 por este Audi Q6 e-tron Quattro 2025… ¿Lo pagarías?  | Jaime Gabaldoni",,,shorts,https://i.ytimg.com/vi/2JSvOpQOtks/oardefault.jpg?sqp=-oaymwEgCJUDEOAESFWQAgHyq4qpAw8IARUAAIhCcAHAAQbIAQE=&rs=AOn4CLBqOtOeVKMZ_whEUq4mLJpbDbalDQ&usqp=CCk,Jaime Gabaldoni,external-reference,embed_link_and_summarize_only
yXgoWmWOtxc,https://www.youtube.com/shorts/yXgoWmWOtxc,"Ford Expedition King Ranch 2025 🚙 V6 twin-turbo, espacio y potencia | Jaime Gabaldoni",,,shorts,https://i.ytimg.com/vi/yXgoWmWOtxc/oardefault.jpg?sqp=-oaymwEgCJUDEOAESFWQAgHyq4qpAw8IARUAAIhCcAHAAQbIAQE=&rs=AOn4CLDll-LKLrXHSSK5k_RCq5QzznJRGA&usqp=CCk,Jaime Gabaldoni,external-reference,embed_link_and_summarize_only
7g9o9xdKZI4,https://www.youtube.com/shorts/7g9o9xdKZI4,Lucid Gravity 2026: Una aerodinámica que sorprende | Jaime Gabaldoni,,,shorts,https://i.ytimg.com/vi/7g9o9xdKZI4/oar2.jpg?sqp=-oaymwEgCJUDEOAESFWQAgHyq4qpAw8IARUAAIhCcAHAAQbIAQE=&rs=AOn4CLCY3qkmGv3qw4wkbBS01kvrbCn2oA&usqp=CCk,Jaime Gabaldoni,external-reference,embed_link_and_summarize_only
Id05r3516bA,https://www.youtube.com/shorts/Id05r3516bA,"Lucid Gravity 2026: Un SUV eléctrico familiar de $96,550 | Jaime Gabaldoni",,,shorts,https://i.ytimg.com/vi/Id05r3516bA/oar2.jpg?sqp=-oaymwEgCJUDEOAESFWQAgHyq4qpAw8IARUAAIhCcAHAAQbIAQE=&rs=AOn4CLCko6p5NkMOJlumSrQvHEpmILqEiA&usqp=CCk,Jaime Gabaldoni,external-reference,embed_link_and_summarize_only
4ivPAUptn44,https://www.youtube.com/shorts/4ivPAUptn44,Cadillac Escalade IQ 2026: Tecnología futurista y lujo eléctrico total | Jaime Gabaldoni,,,shorts,https://i.ytimg.com/vi/4ivPAUptn44/oar2.jpg?sqp=-oaymwEgCJUDEOAESFWQAgHyq4qpAw8IARUAAIhCcAHAAQbIAQE=&rs=AOn4CLDcxXPdkCMw1Vwdvvcknz6YcortFQ&usqp=CCk,Jaime Gabaldoni,external-reference,embed_link_and_summarize_only
_kGvyz55_n4,https://www.youtube.com/shorts/_kGvyz55_n4,Cadillac Escalade IQ 2026: Un SUV eléctrico brutal | Jaime Gabaldoni,,,shorts,https://i.ytimg.com/vi/_kGvyz55_n4/oar2.jpg?sqp=-oaymwEgCJUDEOAESFWQAgHyq4qpAw8IARUAAIhCcAHAAQbIAQE=&rs=AOn4CLBmGiSW6jur1YgwDPA7vVB6toJvKQ&usqp=CCk,Jaime Gabaldoni,external-reference,embed_link_and_summarize_only
PlRN35hrHpY,https://www.youtube.com/shorts/PlRN35hrHpY,"$37,000 por este Volkswagen Taos SEL 2026 🤔 ¿Los vale? | Jaime Gabaldoni",,,shorts,https://i.ytimg.com/vi/PlRN35hrHpY/oar2.jpg?sqp=-oaymwEgCJUDEOAESFWQAgHyq4qpAw8IARUAAIhCcAHAAQbIAQE=&rs=AOn4CLA7IwoVki-lTFjCntT5Gx6R8OSp_g&usqp=CCk,Jaime Gabaldoni,external-reference,embed_link_and_summarize_only
x4w0tyH3LVg,https://www.youtube.com/shorts/x4w0tyH3LVg,"Ford Expedition King Ranch 2025: tecnología, remolque y lujo americano | Jaime Gabaldoni",,,shorts,https://i.ytimg.com/vi/x4w0tyH3LVg/oar2.jpg?sqp=-oaymwEgCJUDEOAESFWQAgHyq4qpAw8IARUAAIhCcAHAAQbIAQE=&rs=AOn4CLBJSUz8nYwIBibsbnAkvGIZoliCWA&usqp=CCk,Jaime Gabaldoni,external-reference,embed_link_and_summarize_only
OixR0STgqTQ,https://www.youtube.com/shorts/OixR0STgqTQ,Ford Expedition King Ranch 2025 ¿La SUV ideal para adultos mayores y familias? | Jaime Gabaldoni,,,shorts,https://i.ytimg.com/vi/OixR0STgqTQ/oar2.jpg?sqp=-oaymwEgCJUDEOAESFWQAgHyq4qpAw8IARUAAIhCcAHAAQbIAQE=&rs=AOn4CLBJMshoGIrlfI9W595cEa9B8Okkzw&usqp=CCk,Jaime Gabaldoni,external-reference,embed_link_and_summarize_only
F0aO1-gNLHQ,https://www.youtube.com/shorts/F0aO1-gNLHQ,"Jeep Wagoneer S First Edition: interior, materiales y volante calefaccionado 🔥 | Jaime Gabaldoni",,,shorts,https://i.ytimg.com/vi/F0aO1-gNLHQ/oar2.jpg?sqp=-oaymwEgCJUDEOAESFWQAgHyq4qpAw8IARUAAIhCcAHAAQbIAQE=&rs=AOn4CLAv31HOo_V4Tx97ZHonfCRgOvL14w&usqp=CCk,Jaime Gabaldoni,external-reference,embed_link_and_summarize_only
L1XRdQ_8NX0,https://www.youtube.com/shorts/L1XRdQ_8NX0,Jeep Wagoneer S First Edition: ¡GRACIAS! Mantiene el botón de encendido 👌 | Jaime Gabaldoni,,,shorts,https://i.ytimg.com/vi/L1XRdQ_8NX0/oar2.jpg?sqp=-oaymwEgCJUDEOAESFWQAgHyq4qpAw8IARUAAIhCcAHAAQbIAQE=&rs=AOn4CLCPY1J54KNtvTapw3Co85LFo7IzPA&usqp=CCk,Jaime Gabaldoni,external-reference,embed_link_and_summarize_only
rc5mvOEpFZg,https://www.youtube.com/shorts/rc5mvOEpFZg,Toyota Corolla FX 🆚 Volkswagen Golf GTI S Vota por tu favorito en los comentarios #Shorts,,,shorts,https://i.ytimg.com/vi/rc5mvOEpFZg/oardefault.jpg?sqp=-oaymwEgCJUDEOAESFWQAgHyq4qpAw8IARUAAIhCcAHAAQbIAQE=&rs=AOn4CLA821aqq_hFvRjy1AMdkjXHRtezkQ&usqp=CCk,Jaime Gabaldoni,external-reference,embed_link_and_summarize_only
Um0wl7lgVLE,https://www.youtube.com/shorts/Um0wl7lgVLE,Dodge Durango SRT 🆚 Cadillac Escalade Vota por tu favorito en los comentarios #Shorts,,,shorts,https://i.ytimg.com/vi/Um0wl7lgVLE/oardefault.jpg?sqp=-oaymwEgCJUDEOAESFWQAgHyq4qpAw8IARUAAIhCcAHAAQbIAQE=&rs=AOn4CLAdfzFWGyLGVi4OOSPT-ndcpAKxUQ&usqp=CCk,Jaime Gabaldoni,external-reference,embed_link_and_summarize_only
o_dNASYXwsI,https://www.youtube.com/shorts/o_dNASYXwsI,Jeep Wrangler 392 🆚 Toyota Tacoma TRD-Pro Vota en los comentarios por tu favorito #shorts,,,shorts,https://i.ytimg.com/vi/o_dNASYXwsI/oardefault.jpg?sqp=-oaymwEgCJUDEOAESFWQAgHyq4qpAw8IARUAAIhCcAHAAQbIAQE=&rs=AOn4CLCjO9DyGuS3Rx3telL9J73O8jn4Fw&usqp=CCk,Jaime Gabaldoni,external-reference,embed_link_and_summarize_only
0lXkyMTvW7k,https://www.youtube.com/shorts/0lXkyMTvW7k,Aston Martin Vanquish 🆚 Chevrolet Corvette ZR1 Vota por tu favorito en los comentarios👇🏻,,,shorts,https://i.ytimg.com/vi/0lXkyMTvW7k/oardefault.jpg?sqp=-oaymwEgCJUDEOAESFWQAgHyq4qpAw8IARUAAIhCcAHAAQbIAQE=&rs=AOn4CLBSSEiTVTfLbQGaZA6z3QJECDu-jg&usqp=CCk,Jaime Gabaldoni,external-reference,embed_link_and_summarize_only
s4sZzvAVeCQ,https://www.youtube.com/shorts/s4sZzvAVeCQ,Ford Expedition King Ranch 2025: cuesta USD 65.000… ¿lo vale? 🤠 | Jaime Gabaldoni,,,shorts,https://i.ytimg.com/vi/s4sZzvAVeCQ/oar2.jpg?sqp=-oaymwEgCJUDEOAESFWQAgHyq4qpAw8IARUAAIhCcAHAAQbIAQE=&rs=AOn4CLDFegQUhLR2qpaP-IFKwxhlK3NIbA&usqp=CCk,Jaime Gabaldoni,external-reference,embed_link_and_summarize_only
RzwpYvJlMdw,https://www.youtube.com/shorts/RzwpYvJlMdw,"Ford Expedition King Ranch 2025: sin V8, ahora V6 Twin Turbo 🤠 | Jaime Gabaldoni",,,shorts,https://i.ytimg.com/vi/RzwpYvJlMdw/oar2.jpg?sqp=-oaymwEgCJUDEOAESFWQAgHyq4qpAw8IARUAAIhCcAHAAQbIAQE=&rs=AOn4CLCFdmCjKy7WMaEGjQxP80dai0K5mQ&usqp=CCk,Jaime Gabaldoni,external-reference,embed_link_and_summarize_only
f6P-dXAUfIU,https://www.youtube.com/shorts/f6P-dXAUfIU,Polestar 4 Dual Motor Performance 2026: Interior premium que sorprende 😮 | Jaime Gabaldoni,,,shorts,https://i.ytimg.com/vi/f6P-dXAUfIU/oar2.jpg?sqp=-oaymwEgCJUDEOAESFWQAgHyq4qpAw8IARUAAIhCcAHAAQbIAQE=&rs=AOn4CLARVocIg0F7VU6Hq6jE_LKZVIuPXw&usqp=CCk,Jaime Gabaldoni,external-reference,embed_link_and_summarize_only
GT4yGWnhwcI,https://www.youtube.com/shorts/GT4yGWnhwcI,Polestar 4 Dual Motor Performance 2026: ¡SIN parabrisas trasero! | Jaime Gabaldoni,,,shorts,https://i.ytimg.com/vi/GT4yGWnhwcI/oar2.jpg?sqp=-oaymwEgCJUDEOAESFWQAgHyq4qpAw8IARUAAIhCcAHAAQbIAQE=&rs=AOn4CLD-vbWF63zM-nuF1rRzp44zpAfnSQ&usqp=CCk,Jaime Gabaldoni,external-reference,embed_link_and_summarize_only
JVIMrTA15dg,https://www.youtube.com/shorts/JVIMrTA15dg,Nissan Sentra 2026 vs. Toyota Corolla FX 2025 | Jaime Gabaldoni,,,shorts,https://i.ytimg.com/vi/JVIMrTA15dg/oardefault.jpg?sqp=-oaymwEgCJUDEOAESFWQAgHyq4qpAw8IARUAAIhCcAHAAQbIAQE=&rs=AOn4CLCoBKskQVuT_qfPXs-uq5AA7C1loQ&usqp=CCk,Jaime Gabaldoni,external-reference,embed_link_and_summarize_only
Vo6krU7f5Zw,https://www.youtube.com/shorts/Vo6krU7f5Zw,"Mazda CX-5 Turbo 2025: ¿Vale los $40,755? | Jaime Gabaldoni",,,shorts,https://i.ytimg.com/vi/Vo6krU7f5Zw/oardefault.jpg?sqp=-oaymwEgCJUDEOAESFWQAgHyq4qpAw8IARUAAIhCcAHAAQbIAQE=&rs=AOn4CLDZBIvdngorhV0zAX_4G9gc7CH-4A&usqp=CCk,Jaime Gabaldoni,external-reference,embed_link_and_summarize_only
GGgTIu_qeQI,https://www.youtube.com/shorts/GGgTIu_qeQI,Mazda CX-5 Turbo 2025: Comparaciones con competidores directos | Jaime Gabaldoni,,,shorts,https://i.ytimg.com/vi/GGgTIu_qeQI/oar2.jpg?sqp=-oaymwEgCJUDEOAESFWQAgHyq4qpAw8IARUAAIhCcAHAAQbIAQE=&rs=AOn4CLByvuHwL2WIeoEW137gEF2T8bMphw&usqp=CCk,Jaime Gabaldoni,external-reference,embed_link_and_summarize_only
4P1q9rzbLxg,https://www.youtube.com/shorts/4P1q9rzbLxg,Mazda CX-5 Turbo 2025: Recuentos finales | Jaime Gabaldoni,,,shorts,https://i.ytimg.com/vi/4P1q9rzbLxg/oar2.jpg?sqp=-oaymwEgCJUDEOAESFWQAgHyq4qpAw8IARUAAIhCcAHAAQbIAQE=&rs=AOn4CLA_buHM5z8-R9t0CKgPisTqONtY_A&usqp=CCk,Jaime Gabaldoni,external-reference,embed_link_and_summarize_only
gAa4cHJg2bs,https://www.youtube.com/shorts/gAa4cHJg2bs,SUVs: Dodge Durango SRT HAMMERHEAD vs. Toyota 4Runner TRD Pro | Jaime Gabaldoni,,,shorts,https://i.ytimg.com/vi/gAa4cHJg2bs/oardefault.jpg?sqp=-oaymwEgCJUDEOAESFWQAgHyq4qpAw8IARUAAIhCcAHAAQbIAQE=&rs=AOn4CLArtKMJVonUqTPPvC0RLzetiGb3Ow&usqp=CCk,Jaime Gabaldoni,external-reference,embed_link_and_summarize_only
GiMcornHQ8U,https://www.youtube.com/shorts/GiMcornHQ8U,Segmento Deportivos: Chevrolet Corvette C8 ZR1 vs. Cadillac CT5-V Blackwing | Jaime Gabaldoni,,,shorts,https://i.ytimg.com/vi/GiMcornHQ8U/oardefault.jpg?sqp=-oaymwEgCJUDEOAESFWQAgHyq4qpAw8IARUAAIhCcAHAAQbIAQE=&rs=AOn4CLB4QbMdSYeKtHqTZ7dd6_1a0x5RLQ&usqp=CCk,Jaime Gabaldoni,external-reference,embed_link_and_summarize_only
0_DqT6XNrfI,https://www.youtube.com/shorts/0_DqT6XNrfI,Aston Martin Vanquish vs. Bentley Continental GT Speed | Jaime Gabaldoni,,,shorts,https://i.ytimg.com/vi/0_DqT6XNrfI/oar2.jpg?sqp=-oaymwEgCJUDEOAESFWQAgHyq4qpAw8IARUAAIhCcAHAAQbIAQE=&rs=AOn4CLAG6EmWSPRaa_om0AIF2MEN6IpEog&usqp=CCk,Jaime Gabaldoni,external-reference,embed_link_and_summarize_only
gRt5l2-JidI,https://www.youtube.com/shorts/gRt5l2-JidI,"Mercedes-AMG CLE 53 Coupé 2026: ¿Vale los $89,000? | Jaime Gabaldoni",,,shorts,https://i.ytimg.com/vi/gRt5l2-JidI/oardefault.jpg?sqp=-oaymwEgCJUDEOAESFWQAgHyq4qpAw8IARUAAIhCcAHAAQbIAQE=&rs=AOn4CLBPZ8vpSRzRCgWeRP8N0ay8j6AoHg&usqp=CCk,Jaime Gabaldoni,external-reference,embed_link_and_summarize_only
65oRGu-n778,https://www.youtube.com/shorts/65oRGu-n778,Chevrolet Colorado ZR2 Bison vs. Toyota Tacoma TRD Pro Hybrid | Jaime Gabaldoni,,,shorts,https://i.ytimg.com/vi/65oRGu-n778/oardefault.jpg?sqp=-oaymwEgCJUDEOAESFWQAgHyq4qpAw8IARUAAIhCcAHAAQbIAQE=&rs=AOn4CLDqJ5-sbNAwFydThlAMRrImUKpaSg&usqp=CCk,Jaime Gabaldoni,external-reference,embed_link_and_summarize_only
_PgJzQ5N_wM,https://www.youtube.com/shorts/_PgJzQ5N_wM,Hatchbacks Deportivos: Volkswagen Golf GTI S 2025 vs. Mazda 3 Turbo Hatchback | Jaime Gabaldoni,,,shorts,https://i.ytimg.com/vi/_PgJzQ5N_wM/oardefault.jpg?sqp=-oaymwEgCJUDEOAESFWQAgHyq4qpAw8IARUAAIhCcAHAAQbIAQE=&rs=AOn4CLCMlhHcB51X_IT-rVA33fWYfX3-_g&usqp=CCk,Jaime Gabaldoni,external-reference,embed_link_and_summarize_only
WJ5JIT0GQB0,https://www.youtube.com/shorts/WJ5JIT0GQB0,SUV de lujo: Cadillac Escalade Sport Platinum vs. Ford Expedition King Ranch | Jaime Gabaldoni,,,shorts,https://i.ytimg.com/vi/WJ5JIT0GQB0/oardefault.jpg?sqp=-oaymwEgCJUDEOAESFWQAgHyq4qpAw8IARUAAIhCcAHAAQbIAQE=&rs=AOn4CLBWSwLVLrbM5aRvgp3adhHwB2EJjA&usqp=CCk,Jaime Gabaldoni,external-reference,embed_link_and_summarize_only
NAYyR0dRavY,https://www.youtube.com/shorts/NAYyR0dRavY,Batalla Todoterreno: GMC Hummer EV SUV vs. Jeep Wrangler 392 ⚡🔥 | Jaime Gabaldoni,,,shorts,https://i.ytimg.com/vi/NAYyR0dRavY/oardefault.jpg?sqp=-oaymwEgCJUDEOAESFWQAgHyq4qpAw8IARUAAIhCcAHAAQbIAQE=&rs=AOn4CLCHlj3fbYuR6-OhvENmSQ_TialrbQ&usqp=CCk,Jaime Gabaldoni,external-reference,embed_link_and_summarize_only
QIIdJ6BUOKM,https://www.youtube.com/shorts/QIIdJ6BUOKM,Ferrari SF90 XX: El Ferrari híbrido más extremo jamás creado | Jaime Gabaldoni,,,shorts,https://i.ytimg.com/vi/QIIdJ6BUOKM/oar2.jpg?sqp=-oaymwEgCJUDEOAESFWQAgHyq4qpAw8IARUAAIhCcAHAAQbIAQE=&rs=AOn4CLDLxxrLxCE5xqQuk-Vl-Nf92-03jw&usqp=CCk,Jaime Gabaldoni,external-reference,embed_link_and_summarize_only
dLOC70hItuM,https://www.youtube.com/shorts/dLOC70hItuM,Ferrari 288 GTO 1985: Uno de los autos más deseados de todos los tiempos | Jaime Gabaldoni,,,shorts,https://i.ytimg.com/vi/dLOC70hItuM/oar2.jpg?sqp=-oaymwEgCJUDEOAESFWQAgHyq4qpAw8IARUAAIhCcAHAAQbIAQE=&rs=AOn4CLAHb71vnqFSDCVDZ0YemstngO562A&usqp=CCk,Jaime Gabaldoni,external-reference,embed_link_and_summarize_only
U125i7tT5bY,https://www.youtube.com/shorts/U125i7tT5bY,Torneo: ¿Cuál es el mejor auto del 2025? | Jaime Gabaldoni,,,shorts,https://i.ytimg.com/vi/U125i7tT5bY/oardefault.jpg?sqp=-oaymwEgCJUDEOAESFWQAgHyq4qpAw8IARUAAIhCcAHAAQbIAQE=&rs=AOn4CLAIDL7elQqVVRwpmmLKZJe5LuB16A&usqp=CCk,Jaime Gabaldoni,external-reference,embed_link_and_summarize_only
INKHzfbPOyY,https://www.youtube.com/shorts/INKHzfbPOyY,"Hyundai Palisade Hybrid 2026: Potencia, consumo y autonomía | Jaime Gabaldoni",,,shorts,https://i.ytimg.com/vi/INKHzfbPOyY/oar2.jpg?sqp=-oaymwEgCJUDEOAESFWQAgHyq4qpAw8IARUAAIhCcAHAAQbIAQE=&rs=AOn4CLAUQb83O54Yi2PNhKbNF0H-zFgYPA&usqp=CCk,Jaime Gabaldoni,external-reference,embed_link_and_summarize_only
j_yg8J5JGSU,https://www.youtube.com/shorts/j_yg8J5JGSU,Hyundai Palisade Hybrid 2026: ¿Pagarías $58.400 por esta SUV? | Jaime Gabaldoni,,,shorts,https://i.ytimg.com/vi/j_yg8J5JGSU/oar2.jpg?sqp=-oaymwEgCJUDEOAESFWQAgHyq4qpAw8IARUAAIhCcAHAAQbIAQE=&rs=AOn4CLAOrakdGkaKI-OjJ097OEEDieKSbg&usqp=CCk,Jaime Gabaldoni,external-reference,embed_link_and_summarize_only
JBob4KYTfQc,https://www.youtube.com/shorts/JBob4KYTfQc,Japan Mobility Show: Lexus LS - Un interior de otro mundo | Jaime Gabaldoni,,,shorts,https://i.ytimg.com/vi/JBob4KYTfQc/oar2.jpg?sqp=-oaymwEgCJUDEOAESFWQAgHyq4qpAw8IARUAAIhCcAHAAQbIAQE=&rs=AOn4CLA7mXMuLUCe2HGzLJN3gwQiUTw7Fw&usqp=CCk,Jaime Gabaldoni,external-reference,embed_link_and_summarize_only
_6dunp6C0Rk,https://www.youtube.com/shorts/_6dunp6C0Rk,Japan Mobility Show: ¡El nuevo MEGADRON de Lexus! | Jaime Gabaldoni,,,shorts,https://i.ytimg.com/vi/_6dunp6C0Rk/oar2.jpg?sqp=-oaymwEgCJUDEOAESFWQAgHyq4qpAw8IARUAAIhCcAHAAQbIAQE=&rs=AOn4CLBOWlwHIUKbbFtkmTv1MUIhhjMVMQ&usqp=CCk,Jaime Gabaldoni,external-reference,embed_link_and_summarize_only
_EngTodHEqI,https://www.youtube.com/shorts/_EngTodHEqI,"Infiniti QX80 Sport 2026: ¿Vale los $107,000? | Jaime Gabaldoni",,,shorts,https://i.ytimg.com/vi/_EngTodHEqI/oardefault.jpg?sqp=-oaymwEgCJUDEOAESFWQAgHyq4qpAw8IARUAAIhCcAHAAQbIAQE=&rs=AOn4CLBCxmOuvE-5MnHTvvE90G47SzvTJA&usqp=CCk,Jaime Gabaldoni,external-reference,embed_link_and_summarize_only
Fl4_uHVnTwU,https://www.youtube.com/shorts/Fl4_uHVnTwU,Daihatsu K-Open: la mini-van de trabajo del futuro | Jaime Gabaldoni,,,shorts,https://i.ytimg.com/vi/Fl4_uHVnTwU/oar2.jpg?sqp=-oaymwEgCJUDEOAESFWQAgHyq4qpAw8IARUAAIhCcAHAAQbIAQE=&rs=AOn4CLD--M_voXoYE-HsujRW3km3K4rqWw&usqp=CCk,Jaime Gabaldoni,external-reference,embed_link_and_summarize_only
p_JMnrL_HL4,https://www.youtube.com/shorts/p_JMnrL_HL4,Aston Martin Vanquish 2025: ¿Pagarías $552.600 por este superdeportivo? | Jaime Gabaldoni,,,shorts,https://i.ytimg.com/vi/p_JMnrL_HL4/oar2.jpg?sqp=-oaymwEgCJUDEOAESFWQAgHyq4qpAw8IARUAAIhCcAHAAQbIAQE=&rs=AOn4CLBxp6lSG06TikQ70JkjiYjzwx8g_g&usqp=CCk,Jaime Gabaldoni,external-reference,embed_link_and_summarize_only
I2Ri3QU7r0c,https://www.youtube.com/shorts/I2Ri3QU7r0c,Aston Martin Vanquish 2025: Distribución de potencia sin igual | Jaime Gabaldoni,,,shorts,https://i.ytimg.com/vi/I2Ri3QU7r0c/oar2.jpg?sqp=-oaymwEgCJUDEOAESFWQAgHyq4qpAw8IARUAAIhCcAHAAQbIAQE=&rs=AOn4CLBUulm_XOj4JTB0FzaHu_J8HnPwoQ&usqp=CCk,Jaime Gabaldoni,external-reference,embed_link_and_summarize_only
bXymQfZzON4,https://www.youtube.com/shorts/bXymQfZzON4,Audi SQ5 2025: ¡Así suena su motor! | Jaime Gabaldoni,,,shorts,https://i.ytimg.com/vi/bXymQfZzON4/oar2.jpg?sqp=-oaymwEgCJUDEOAESFWQAgHyq4qpAw8IARUAAIhCcAHAAQbIAQE=&rs=AOn4CLCaPl9GZaLLZ528s49BJhu-tGS4oA&usqp=CCk,Jaime Gabaldoni,external-reference,embed_link_and_summarize_only
FoK2gZuE8Ek,https://www.youtube.com/shorts/FoK2gZuE8Ek,Chevrolet Silverado EV Trail Boss 2026: Analizamos su capacidad de carga | Jaime Gabaldoni,,,shorts,https://i.ytimg.com/vi/FoK2gZuE8Ek/oar2.jpg?sqp=-oaymwEgCJUDEOAESFWQAgHyq4qpAw8IARUAAIhCcAHAAQbIAQE=&rs=AOn4CLChDR_gr4B30ztHs4itKVSK-mdA4Q&usqp=CCk,Jaime Gabaldoni,external-reference,embed_link_and_summarize_only
s3pU1lBv59Y,https://www.youtube.com/shorts/s3pU1lBv59Y,Chevrolet Silverado EV Trail Boss 2026: Sistema Sidewinder y dirección 4 ruedas | Jaime Gabaldoni,,,shorts,https://i.ytimg.com/vi/s3pU1lBv59Y/oar2.jpg?sqp=-oaymwEgCJUDEOAESFWQAgHyq4qpAw8IARUAAIhCcAHAAQbIAQE=&rs=AOn4CLBcvLfz_WCt0v0QRC-Kz2vNRn9geg&usqp=CCk,Jaime Gabaldoni,external-reference,embed_link_and_summarize_only
gCNIiOwiS8s,https://www.youtube.com/shorts/gCNIiOwiS8s,Audi SQ5 2025: Detalles del motor y rendimiento | Jaime Gabaldoni,,,shorts,https://i.ytimg.com/vi/gCNIiOwiS8s/oar2.jpg?sqp=-oaymwEgCJUDEOAESFWQAgHyq4qpAw8IARUAAIhCcAHAAQbIAQE=&rs=AOn4CLDfU9pJoTXaB_KAhPdEWq8ZgZtY6A&usqp=CCk,Jaime Gabaldoni,external-reference,embed_link_and_summarize_only
TwpH5qg9JDs,https://www.youtube.com/shorts/TwpH5qg9JDs,Subaru Forester Hybrid 2025: Todo lo que debes saber del SUV híbrido | Jaime Gabaldoni,,,shorts,https://i.ytimg.com/vi/TwpH5qg9JDs/oardefault.jpg?sqp=-oaymwEgCJUDEOAESFWQAgHyq4qpAw8IARUAAIhCcAHAAQbIAQE=&rs=AOn4CLAr2gvjuHHzBAIqsQ6Fb9vIuw_SwA&usqp=CCk,Jaime Gabaldoni,external-reference,embed_link_and_summarize_only
g82ycWk1WqQ,https://www.youtube.com/shorts/g82ycWk1WqQ,Toyota Corolla FX 2025: Todo lo nuevo de este deportivo | Jaime Gabaldoni,,,shorts,https://i.ytimg.com/vi/g82ycWk1WqQ/oardefault.jpg?sqp=-oaymwEgCJUDEOAESFWQAgHyq4qpAw8IARUAAIhCcAHAAQbIAQE=&rs=AOn4CLAK_IZpRgDiLDktnlWVbciD7XATEg&usqp=CCk,Jaime Gabaldoni,external-reference,embed_link_and_summarize_only
h5Ouzj7HXKk,https://www.youtube.com/shorts/h5Ouzj7HXKk,La nueva Toyota Land Cruiser FJ no es tan pequeña como parecía | Jaime Gabaldoni,,,shorts,https://i.ytimg.com/vi/h5Ouzj7HXKk/oar2.jpg?sqp=-oaymwEgCJUDEOAESFWQAgHyq4qpAw8IARUAAIhCcAHAAQbIAQE=&rs=AOn4CLAlB8xh1Nq52MtvSIR9t6n42Kbo8g&usqp=CCk,Jaime Gabaldoni,external-reference,embed_link_and_summarize_only
v_6SxCILlSI,https://www.youtube.com/shorts/v_6SxCILlSI,Toyota Corolla FX 2025: ¿Vale la pena esta versión especial? | Jaime Gabaldoni,,,shorts,https://i.ytimg.com/vi/v_6SxCILlSI/oar2.jpg?sqp=-oaymwEgCJUDEOAESFWQAgHyq4qpAw8IARUAAIhCcAHAAQbIAQE=&rs=AOn4CLBPyxuq0OmuDpTD7bgwsIinGIPg3Q&usqp=CCk,Jaime Gabaldoni,external-reference,embed_link_and_summarize_only
2YYStGB1MP8,https://www.youtube.com/shorts/2YYStGB1MP8,"Toyota Corolla: Bueno, bonito y barato | Jaime Gabaldoni",,,shorts,https://i.ytimg.com/vi/2YYStGB1MP8/oar2.jpg?sqp=-oaymwEgCJUDEOAESFWQAgHyq4qpAw8IARUAAIhCcAHAAQbIAQE=&rs=AOn4CLBx7-Bpwq0h7xjFzZujNyv2QQbUtA&usqp=CCk,Jaime Gabaldoni,external-reference,embed_link_and_summarize_only
mcCidXAvdFE,https://www.youtube.com/shorts/mcCidXAvdFE,Aston Martin Vanquish 2025: El brutal V12 de 825 HP explicado | Jaime Gabaldoni,,,shorts,https://i.ytimg.com/vi/mcCidXAvdFE/oar2.jpg?sqp=-oaymwEgCJUDEOAESFWQAgHyq4qpAw8IARUAAIhCcAHAAQbIAQE=&rs=AOn4CLAQr-o-QfxztCCBUvOGjeAyCPx0Bw&usqp=CCk,Jaime Gabaldoni,external-reference,embed_link_and_summarize_only
2DRR8eWkhXI,https://www.youtube.com/shorts/2DRR8eWkhXI,Genesis GV80: Todo lo que debes saber sobre su motor | Jaime Gabaldoni,,,shorts,https://i.ytimg.com/vi/2DRR8eWkhXI/oar2.jpg?sqp=-oaymwEgCJUDEOAESFWQAgHyq4qpAw8IARUAAIhCcAHAAQbIAQE=&rs=AOn4CLAGJeZfF2phe1hk6Poo2nsBh_FNvQ&usqp=CCk,Jaime Gabaldoni,external-reference,embed_link_and_summarize_only
r5YqZyyZ8AE,https://www.youtube.com/shorts/r5YqZyyZ8AE,Aston Martin Vanquish 2025: La increíble evolución del ícono | Jaime Gabaldoni,,,shorts,https://i.ytimg.com/vi/r5YqZyyZ8AE/oar2.jpg?sqp=-oaymwEgCJUDEOAESFWQAgHyq4qpAw8IARUAAIhCcAHAAQbIAQE=&rs=AOn4CLCK95zfNudSgT6BCfdmYDImoj1ELA&usqp=CCk,Jaime Gabaldoni,external-reference,embed_link_and_summarize_only
mKY3O1pr3UM,https://www.youtube.com/shorts/mKY3O1pr3UM,Genesis GV80: Un vistazo al nuevo SUV | Jaime Gabaldoni,,,shorts,https://i.ytimg.com/vi/mKY3O1pr3UM/oar2.jpg?sqp=-oaymwEgCJUDEOAESFWQAgHyq4qpAw8IARUAAIhCcAHAAQbIAQE=&rs=AOn4CLA-D0eUcUvu6GKhAadAgUfllobnEg&usqp=CCk,Jaime Gabaldoni,external-reference,embed_link_and_summarize_only
Wq5OHm5KK_8,https://www.youtube.com/shorts/Wq5OHm5KK_8,Japan Mobility Show: Sillas de ruedas que parecen traídas del futuro ♿🚀 | Jaime Gabaldoni,,,shorts,https://i.ytimg.com/vi/Wq5OHm5KK_8/oar2.jpg?sqp=-oaymwEgCJUDEOAESFWQAgHyq4qpAw8IARUAAIhCcAHAAQbIAQE=&rs=AOn4CLDnj5_YDygo-XCk2-qtFfi3zFpaqA&usqp=CCk,Jaime Gabaldoni,external-reference,embed_link_and_summarize_only
rj6SwBuV20g,https://www.youtube.com/shorts/rj6SwBuV20g,Japan Mobility Show: Así luce la movilidad del futuro 👨‍🦽 | Jaime Gabaldoni,,,shorts,https://i.ytimg.com/vi/rj6SwBuV20g/oar2.jpg?sqp=-oaymwEgCJUDEOAESFWQAgHyq4qpAw8IARUAAIhCcAHAAQbIAQE=&rs=AOn4CLCSF-LTw6LxmAV1AYk0s_PYCoIAnQ&usqp=CCk,Jaime Gabaldoni,external-reference,embed_link_and_summarize_only
vyMMEoyHwlY,https://www.youtube.com/shorts/vyMMEoyHwlY,¡¿Un auto para bebés?! | Jaime Gabaldoni,,,shorts,https://i.ytimg.com/vi/vyMMEoyHwlY/oar2.jpg?sqp=-oaymwEgCJUDEOAESFWQAgHyq4qpAw8IARUAAIhCcAHAAQbIAQE=&rs=AOn4CLDR_XQV8f5MrBa9EKU5eymPyrU3Ng&usqp=CCk,Jaime Gabaldoni,external-reference,embed_link_and_summarize_only
5RKwDsOt45I,https://www.youtube.com/shorts/5RKwDsOt45I,Toyota lanza un vehículo de trabajo exclusivo para África | Jaime Gabaldoni,,,shorts,https://i.ytimg.com/vi/5RKwDsOt45I/oar2.jpg?sqp=-oaymwEgCJUDEOAESFWQAgHyq4qpAw8IARUAAIhCcAHAAQbIAQE=&rs=AOn4CLDSaPpySAlMQMwLWeaI2GxC9gnHKg&usqp=CCk,Jaime Gabaldoni,external-reference,embed_link_and_summarize_only
00bnBagKwXE,https://www.youtube.com/shorts/00bnBagKwXE,Toyota ya piensa en el futuro del delivery autónomo | Jaime Gabaldoni,,,shorts,https://i.ytimg.com/vi/00bnBagKwXE/oar2.jpg?sqp=-oaymwEgCJUDEOAESFWQAgHyq4qpAw8IARUAAIhCcAHAAQbIAQE=&rs=AOn4CLD4kZDiJI1KX5bRrWg2nuMzHj58yQ&usqp=CCk,Jaime Gabaldoni,external-reference,embed_link_and_summarize_only
KIqJpe-FJUE,https://www.youtube.com/shorts/KIqJpe-FJUE,Toyota está llevando las vans de trabajo a otro nivel | Jaime Gabaldoni,,,shorts,https://i.ytimg.com/vi/KIqJpe-FJUE/oar2.jpg?sqp=-oaymwEgCJUDEOAESFWQAgHyq4qpAw8IARUAAIhCcAHAAQbIAQE=&rs=AOn4CLAU7rHaODwNoi6wl6hjbw-kYhFheQ&usqp=CCk,Jaime Gabaldoni,external-reference,embed_link_and_summarize_only
Pfg7emWJ6kQ,https://www.youtube.com/shorts/Pfg7emWJ6kQ,Toyota está evolucionando y esto es una prueba de ello | Jaime Gabaldoni,,,shorts,https://i.ytimg.com/vi/Pfg7emWJ6kQ/oar2.jpg?sqp=-oaymwEgCJUDEOAESFWQAgHyq4qpAw8IARUAAIhCcAHAAQbIAQE=&rs=AOn4CLDgV8SpdXUsKx-7uyVlH3-YHV42_A&usqp=CCk,Jaime Gabaldoni,external-reference,embed_link_and_summarize_only
b6uVue8kE7c,https://www.youtube.com/shorts/b6uVue8kE7c,Toyota Corolla: Así evolucionará el auto más vendido del mundo | Jaime Gabaldoni,,,shorts,https://i.ytimg.com/vi/b6uVue8kE7c/oar2.jpg?sqp=-oaymwEgCJUDEOAESFWQAgHyq4qpAw8IARUAAIhCcAHAAQbIAQE=&rs=AOn4CLBcVn4oiaI7GD0dcPNEYPOOQcrhOg&usqp=CCk,Jaime Gabaldoni,external-reference,embed_link_and_summarize_only
brvgPe3WyOk,https://www.youtube.com/shorts/brvgPe3WyOk,Japan Mobility Show: ¿Así lucirán las ambulancias del futuro? 🚑🤯 | Jaime Gabaldoni,,,shorts,https://i.ytimg.com/vi/brvgPe3WyOk/oar2.jpg?sqp=-oaymwEgCJUDEOAESFWQAgHyq4qpAw8IARUAAIhCcAHAAQbIAQE=&rs=AOn4CLCFJKnUJ25AkueS_ZgAQlFcv5ZLnQ&usqp=CCk,Jaime Gabaldoni,external-reference,embed_link_and_summarize_only
GNwNWBfYquE,https://www.youtube.com/shorts/GNwNWBfYquE,Japan Mobility Show: Toyota apuesta por llevar la movilidad a todos | Jaime Gabaldoni,,,shorts,https://i.ytimg.com/vi/GNwNWBfYquE/oar2.jpg?sqp=-oaymwEgCJUDEOAESFWQAgHyq4qpAw8IARUAAIhCcAHAAQbIAQE=&rs=AOn4CLAs4EGhYoRi8wPai3E2AHrcE_eBuw&usqp=CCk,Jaime Gabaldoni,external-reference,embed_link_and_summarize_only
BtZBfzFXbd8,https://www.youtube.com/shorts/BtZBfzFXbd8,"GMC Sierra EV AT4 Max Range 2026: cabina amplia, silenciosa y premium | Jaime Gabaldoni",,,shorts,https://i.ytimg.com/vi/BtZBfzFXbd8/oar2.jpg?sqp=-oaymwEgCJUDEOAESFWQAgHyq4qpAw8IARUAAIhCcAHAAQbIAQE=&rs=AOn4CLAmK9jC5OnoiLdMOZi0_XHBKYJpsw&usqp=CCk,Jaime Gabaldoni,external-reference,embed_link_and_summarize_only
-eGCSdUnpto,https://www.youtube.com/shorts/-eGCSdUnpto,GMC Sierra EV AT4 Max Range 2026: Autonomía extrema y tecnología total | Jaime Gabaldoni,,,shorts,https://i.ytimg.com/vi/-eGCSdUnpto/oardefault.jpg?sqp=-oaymwEgCJUDEOAESFWQAgHyq4qpAw8IARUAAIhCcAHAAQbIAQE=&rs=AOn4CLCodAo3ifi9Bn5IwUeTsnHPwHTxCw&usqp=CCk,Jaime Gabaldoni,external-reference,embed_link_and_summarize_only
NhvYgiGvoTg,https://www.youtube.com/shorts/NhvYgiGvoTg,GMC Sierra EV AT4 Max Range: ¿Pagarías $93.545 por esta pick-up? | Jaime Gabaldoni,,,shorts,https://i.ytimg.com/vi/NhvYgiGvoTg/oar2.jpg?sqp=-oaymwEgCJUDEOAESFWQAgHyq4qpAw8IARUAAIhCcAHAAQbIAQE=&rs=AOn4CLDg5qGRcPf5UBBqwbGI9lS4zSA40Q&usqp=CCk,Jaime Gabaldoni,external-reference,embed_link_and_summarize_only
XPDkRm7f3QQ,https://www.youtube.com/shorts/XPDkRm7f3QQ,Volkswagen Taos 2026: Así luce el interior | Jaime Gabaldoni,,,shorts,https://i.ytimg.com/vi/XPDkRm7f3QQ/oar2.jpg?sqp=-oaymwEgCJUDEOAESFWQAgHyq4qpAw8IARUAAIhCcAHAAQbIAQE=&rs=AOn4CLDoa-rMSd7c4rKfghEWNR8wc14gag&usqp=CCk,Jaime Gabaldoni,external-reference,embed_link_and_summarize_only
uavOwY0YS-M,https://www.youtube.com/shorts/uavOwY0YS-M,Cadillac Vistiq Sport 2026: ¿Pagarías $79.600 por esta SUV eléctrica de lujo? | Jaime Gabaldoni,,,shorts,https://i.ytimg.com/vi/uavOwY0YS-M/oar2.jpg?sqp=-oaymwEgCJUDEOAESFWQAgHyq4qpAw8IARUAAIhCcAHAAQbIAQE=&rs=AOn4CLC5HtsZx09nmaulbaQIoMnBGqGlyA&usqp=CCk,Jaime Gabaldoni,external-reference,embed_link_and_summarize_only
B12NIF4gD6I,https://www.youtube.com/shorts/B12NIF4gD6I,"Volkswagen Taos 2026: Analizamos Motor, Consumo y Desempeño | Jaime Gabaldoni",,,shorts,https://i.ytimg.com/vi/B12NIF4gD6I/oar2.jpg?sqp=-oaymwEgCJUDEOAESFWQAgHyq4qpAw8IARUAAIhCcAHAAQbIAQE=&rs=AOn4CLBB1BvScs3hk9JQ_iDmkTopJAtu_Q&usqp=CCk,Jaime Gabaldoni,external-reference,embed_link_and_summarize_only
agxVqXZDy60,https://www.youtube.com/shorts/agxVqXZDy60,Cadillac Vistiq Sport 2026: Diseño interior | Jaime Gabaldoni,,,shorts,https://i.ytimg.com/vi/agxVqXZDy60/oar2.jpg?sqp=-oaymwEgCJUDEOAESFWQAgHyq4qpAw8IARUAAIhCcAHAAQbIAQE=&rs=AOn4CLBWeE3_IZyU53OwFA_FViORteocNw&usqp=CCk,Jaime Gabaldoni,external-reference,embed_link_and_summarize_only
AO7w8arZTMo,https://www.youtube.com/shorts/AO7w8arZTMo,¡El SUV del futuro! Lujoso y deportivo - LS Coupé Concept | Jaime Gabaldoni,,,shorts,https://i.ytimg.com/vi/AO7w8arZTMo/oar2.jpg?sqp=-oaymwEgCJUDEOAESFWQAgHyq4qpAw8IARUAAIhCcAHAAQbIAQE=&rs=AOn4CLBp6qsW-5BilCNlh3EKGVjxOrF8oA&usqp=CCk,Jaime Gabaldoni,external-reference,embed_link_and_summarize_only
bcLwoBAeTGU,https://www.youtube.com/shorts/bcLwoBAeTGU,"RAM 1500 Limited 2026 V8 HEMI: Pickup grande, potente y tecnológica | Jaime Gabaldoni",,,shorts,https://i.ytimg.com/vi/bcLwoBAeTGU/oardefault.jpg?sqp=-oaymwEgCJUDEOAESFWQAgHyq4qpAw8IARUAAIhCcAHAAQbIAQE=&rs=AOn4CLCeuKIRfY4ShwNpuYYMX15hMTwKfg&usqp=CCk,Jaime Gabaldoni,external-reference,embed_link_and_summarize_only
ev8sUMVWuoQ,https://www.youtube.com/shorts/ev8sUMVWuoQ,Mercedes AMG CLE 53 Coupé 2026: Así luce su motor | Jaime Gabaldoni,,,shorts,https://i.ytimg.com/vi/ev8sUMVWuoQ/oar2.jpg?sqp=-oaymwEgCJUDEOAESFWQAgHyq4qpAw8IARUAAIhCcAHAAQbIAQE=&rs=AOn4CLAihOFKqqcP1XhleV9eJHpX419FvQ&usqp=CCk,Jaime Gabaldoni,external-reference,embed_link_and_summarize_only
5bfAwLlYqL0,https://www.youtube.com/shorts/5bfAwLlYqL0,Mercedes AMG CLE 53 Coupé 2026: Así suena 🔊💥 | Jaime Gabaldoni,,,shorts,https://i.ytimg.com/vi/5bfAwLlYqL0/oar2.jpg?sqp=-oaymwEgCJUDEOAESFWQAgHyq4qpAw8IARUAAIhCcAHAAQbIAQE=&rs=AOn4CLBlok0d4u4S9Ps9gwM_8CbUFAuOWw&usqp=CCk,Jaime Gabaldoni,external-reference,embed_link_and_summarize_only
70qgf7n8IXE,https://www.youtube.com/shorts/70qgf7n8IXE,Dodge Charger Sixpack 2026: Un balance CASI perfecto | Jaime Gabaldoni,,,shorts,https://i.ytimg.com/vi/70qgf7n8IXE/oar2.jpg?sqp=-oaymwEgCJUDEOAESFWQAgHyq4qpAw8IARUAAIhCcAHAAQbIAQE=&rs=AOn4CLDQe_lCJ2-u_GaEPoN_N6kIof3EQQ&usqp=CCk,Jaime Gabaldoni,external-reference,embed_link_and_summarize_only
cKxb6_rPYS0,https://www.youtube.com/shorts/cKxb6_rPYS0,"Dodge Charger Sixpack 2026: ¿Pagarías $69,455 por este muscle car? | Jaime Gabaldoni",,,shorts,https://i.ytimg.com/vi/cKxb6_rPYS0/oar2.jpg?sqp=-oaymwEgCJUDEOAESFWQAgHyq4qpAw8IARUAAIhCcAHAAQbIAQE=&rs=AOn4CLA6JNi8lrWhgdH6WpXWkq8w9s7OKw&usqp=CCk,Jaime Gabaldoni,external-reference,embed_link_and_summarize_only
Gi3ezmo9-Ao,https://www.youtube.com/shorts/Gi3ezmo9-Ao,Nissan Sentra 2026: ¿El mejor Sentra hasta ahora? | Jaime Gabaldoni,,,shorts,https://i.ytimg.com/vi/Gi3ezmo9-Ao/oar2.jpg?sqp=-oaymwEgCJUDEOAESFWQAgHyq4qpAw8IARUAAIhCcAHAAQbIAQE=&rs=AOn4CLByRIrI4n0wdCpNArqtEqSYptpZMA&usqp=CCk,Jaime Gabaldoni,external-reference,embed_link_and_summarize_only
gog2eBVokF0,https://www.youtube.com/shorts/gog2eBVokF0,"Lexus NX350h 2025: ¿Vale la pena por $52,700? | Jaime Gabaldoni",,,shorts,https://i.ytimg.com/vi/gog2eBVokF0/oardefault.jpg?sqp=-oaymwEgCJUDEOAESFWQAgHyq4qpAw8IARUAAIhCcAHAAQbIAQE=&rs=AOn4CLDRVvAaXKVoz86-BnOP6yGlzf79qA&usqp=CCk,Jaime Gabaldoni,external-reference,embed_link_and_summarize_only
JWIVPSrLAfY,https://www.youtube.com/shorts/JWIVPSrLAfY,Chevrolet Corvette E-Ray 2026: $155.900 ¿Los vale? | Jaime Gabaldoni,,,shorts,https://i.ytimg.com/vi/JWIVPSrLAfY/oardefault.jpg?sqp=-oaymwEgCJUDEOAESFWQAgHyq4qpAw8IARUAAIhCcAHAAQbIAQE=&rs=AOn4CLAsCE5EJJESK8eOQebDu_-97KnNPw&usqp=CCk,Jaime Gabaldoni,external-reference,embed_link_and_summarize_only
G-zxjbzzru4,https://www.youtube.com/shorts/G-zxjbzzru4,Lexus Sport Concept: El coupé espectacular que anticipa un motor a combustión | Jaime Gabaldoni,,,shorts,https://i.ytimg.com/vi/G-zxjbzzru4/oar2.jpg?sqp=-oaymwEgCJUDEOAESFWQAgHyq4qpAw8IARUAAIhCcAHAAQbIAQE=&rs=AOn4CLC40qVao-gZ_Y4XV_q0oMJwXX2uuQ&usqp=CCk,Jaime Gabaldoni,external-reference,embed_link_and_summarize_only
1PQfCgpYRU0,https://www.youtube.com/shorts/1PQfCgpYRU0,Toyota Century Sedán 2025: El nuevo ícono del hiperlujo japonés | Jaime Gabaldoni,,,shorts,https://i.ytimg.com/vi/1PQfCgpYRU0/oar2.jpg?sqp=-oaymwEgCJUDEOAESFWQAgHyq4qpAw8IARUAAIhCcAHAAQbIAQE=&rs=AOn4CLBbUE_4M2TM9BusPOFhw0fbvaWJ3g&usqp=CCk,Jaime Gabaldoni,external-reference,embed_link_and_summarize_only
BLFbck25CxU,https://www.youtube.com/shorts/BLFbck25CxU,Nissan Sentra 2026: diferencias entre México y Estados Unidos | Jaime Gabaldoni,,,shorts,https://i.ytimg.com/vi/BLFbck25CxU/oar2.jpg?sqp=-oaymwEgCJUDEOAESFWQAgHyq4qpAw8IARUAAIhCcAHAAQbIAQE=&rs=AOn4CLBsx5TEn_lAyE5VSObty7uJGrc0sA&usqp=CCk,Jaime Gabaldoni,external-reference,embed_link_and_summarize_only
tu1BUxBVRP0,https://www.youtube.com/shorts/tu1BUxBVRP0,Nissan Sentra 2026: diseño renovado y estilo tipo coupé | Jaime Gabaldoni,,,shorts,https://i.ytimg.com/vi/tu1BUxBVRP0/oar2.jpg?sqp=-oaymwEgCJUDEOAESFWQAgHyq4qpAw8IARUAAIhCcAHAAQbIAQE=&rs=AOn4CLDtnrRwVgVZrSwLsfro6uNn89jWcg&usqp=CCk,Jaime Gabaldoni,external-reference,embed_link_and_summarize_only
UPP-dHN8QwE,https://www.youtube.com/shorts/UPP-dHN8QwE,Dodge Stellantis 2025: ¿El regreso de los Muscle Cars? | Jaime Gabaldoni,,,shorts,https://i.ytimg.com/vi/UPP-dHN8QwE/oar2.jpg?sqp=-oaymwEgCJUDEOAESFWQAgHyq4qpAw8IARUAAIhCcAHAAQbIAQE=&rs=AOn4CLCMVePJSLhR5iVCkAeQUPM0DDdVkw&usqp=CCk,Jaime Gabaldoni,external-reference,embed_link_and_summarize_only
eOE808pS3W8,https://www.youtube.com/shorts/eOE808pS3W8,Japan Mobility Show: Toyota Century (Concept) | Jaime Gabaldoni,,,shorts,https://i.ytimg.com/vi/eOE808pS3W8/oar2.jpg?sqp=-oaymwEgCJUDEOAESFWQAgHyq4qpAw8IARUAAIhCcAHAAQbIAQE=&rs=AOn4CLB6QkTWqhoqJ9USI6BaXuMhz4zSUg&usqp=CCk,Jaime Gabaldoni,external-reference,embed_link_and_summarize_only
ZkRjQiCeHf8,https://www.youtube.com/shorts/ZkRjQiCeHf8,Cadillac Escalade vs. Ford Expedition King Ranch 🆚 ¿Cuál SUV de lujo prefieres? | Jaime Gabaldoni,,,shorts,https://i.ytimg.com/vi/ZkRjQiCeHf8/oardefault.jpg?sqp=-oaymwEgCJYDEOEESFWQAgHyq4qpAw8IARUAAIhCcAHAAQbIAQE=&rs=AOn4CLCLfHimXF4qVq-8Q3dw7hz4qeY5Eg&usqp=CCk,Jaime Gabaldoni,external-reference,embed_link_and_summarize_only
VZXWs6jp5Ag,https://www.youtube.com/shorts/VZXWs6jp5Ag,Japan Mobility Show: SUV japonesa sorprende con diseño tipo Genesis | Jaime Gabaldoni,,,shorts,https://i.ytimg.com/vi/VZXWs6jp5Ag/oar2.jpg?sqp=-oaymwEgCJUDEOAESFWQAgHyq4qpAw8IARUAAIhCcAHAAQbIAQE=&rs=AOn4CLD6sC3HlMa3aTEvYCfhU6_8AfizNg&usqp=CCk,Jaime Gabaldoni,external-reference,embed_link_and_summarize_only
Fm8KH8uzucA,https://www.youtube.com/shorts/Fm8KH8uzucA,"Lexus NX 350h 2025, ¿Vale lo que cuesta? | Jaime Gabaldoni",,,shorts,https://i.ytimg.com/vi/Fm8KH8uzucA/oar2.jpg?sqp=-oaymwEgCJUDEOAESFWQAgHyq4qpAw8IARUAAIhCcAHAAQbIAQE=&rs=AOn4CLAPGWFabf8jcaPWdOiuGG-vci6NGg&usqp=CCk,Jaime Gabaldoni,external-reference,embed_link_and_summarize_only
oKRFPgLaTmo,https://www.youtube.com/shorts/oKRFPgLaTmo,Resuelvo todas tus dudas sobre la Lexus NX 350h | Jaime Gabaldoni,,,shorts,https://i.ytimg.com/vi/oKRFPgLaTmo/oar2.jpg?sqp=-oaymwEgCJUDEOAESFWQAgHyq4qpAw8IARUAAIhCcAHAAQbIAQE=&rs=AOn4CLC94i_RVYoXUEG2Mnq7qcjLKGkc_g&usqp=CCk,Jaime Gabaldoni,external-reference,embed_link_and_summarize_only
PWKaka244pE,https://www.youtube.com/shorts/PWKaka244pE,"Infiniti QX60 Sport 2026: Motor Turbo, torque y desempeño Real | Reseña SUV | Jaime Gabaldoni",,,shorts,https://i.ytimg.com/vi/PWKaka244pE/oar2.jpg?sqp=-oaymwEgCJUDEOAESFWQAgHyq4qpAw8IARUAAIhCcAHAAQbIAQE=&rs=AOn4CLBrhZyBEzcTh7uJ27t58p59KVHHSQ&usqp=CCk,Jaime Gabaldoni,external-reference,embed_link_and_summarize_only
JqK8CLiIyGE,https://www.youtube.com/shorts/JqK8CLiIyGE,"Infiniti QX60 Sport 2026: Diseño, dimensiones y detalles | Jaime Gabaldoni",,,shorts,https://i.ytimg.com/vi/JqK8CLiIyGE/oar2.jpg?sqp=-oaymwEgCJUDEOAESFWQAgHyq4qpAw8IARUAAIhCcAHAAQbIAQE=&rs=AOn4CLDlsnRuabGiPXtJ_4zKiR7ZPMhaOw&usqp=CCk,Jaime Gabaldoni,external-reference,embed_link_and_summarize_only
0xvSwrNg7jo,https://www.youtube.com/shorts/0xvSwrNg7jo,Primer día en el Tokyo Motor Show 2025 | Jaime Gabaldoni,,,shorts,https://i.ytimg.com/vi/0xvSwrNg7jo/oar2.jpg?sqp=-oaymwEgCJUDEOAESFWQAgHyq4qpAw8IARUAAIhCcAHAAQbIAQE=&rs=AOn4CLAiQit6T8Cd5WRUfvLy4WjcE-TUhg&usqp=CCk,Jaime Gabaldoni,external-reference,embed_link_and_summarize_only
mBdGIZM5AdY,https://www.youtube.com/shorts/mBdGIZM5AdY,Cadillac OPTIQ Sport 2025 – ⚡ SUV eléctrico premium | Jaime Gabaldoni,,,shorts,https://i.ytimg.com/vi/mBdGIZM5AdY/oar2.jpg?sqp=-oaymwEgCJUDEOAESFWQAgHyq4qpAw8IARUAAIhCcAHAAQbIAQE=&rs=AOn4CLBjgSd7AtpiIX0SCGeor8Dkm5UYyQ&usqp=CCk,Jaime Gabaldoni,external-reference,embed_link_and_summarize_only
z53tPP211OI,https://www.youtube.com/shorts/z53tPP211OI,"Cadillac Optiq Sport 2025: ¿vale la pena por $60,000? | Jaime Gabaldoni",,,shorts,https://i.ytimg.com/vi/z53tPP211OI/oar2.jpg?sqp=-oaymwEgCJUDEOAESFWQAgHyq4qpAw8IARUAAIhCcAHAAQbIAQE=&rs=AOn4CLDJm7NxL37nyXVNWfNKBCti2dHnBg&usqp=CCk,Jaime Gabaldoni,external-reference,embed_link_and_summarize_only
51VnUbtY_uU,https://www.youtube.com/shorts/51VnUbtY_uU,Así suena el Chevrolet Corvette C8 E-Ray 2026 😱🔥 | Jaime Gabaldoni,,,shorts,https://i.ytimg.com/vi/51VnUbtY_uU/oar2.jpg?sqp=-oaymwEgCJUDEOAESFWQAgHyq4qpAw8IARUAAIhCcAHAAQbIAQE=&rs=AOn4CLD0Khea0EvyJAN02uFTylSHVFF7Yg&usqp=CCk,Jaime Gabaldoni,external-reference,embed_link_and_summarize_only
WXuQbfXMu38,https://www.youtube.com/shorts/WXuQbfXMu38,Chevrolet Corvette C8 E-Ray 2026: ¡Una obra de arte! | Jaime Gabaldoni,,,shorts,https://i.ytimg.com/vi/WXuQbfXMu38/oar2.jpg?sqp=-oaymwEgCJUDEOAESFWQAgHyq4qpAw8IARUAAIhCcAHAAQbIAQE=&rs=AOn4CLCWDASH-wLflWJPsMMEk1-u7pJ8uw&usqp=CCk,Jaime Gabaldoni,external-reference,embed_link_and_summarize_only
X_92BYUTf0o,https://www.youtube.com/shorts/X_92BYUTf0o,Rumbo a Japón y al Tokyo Motor Show 2025 | Jaime Gabaldoni,,,shorts,https://i.ytimg.com/vi/X_92BYUTf0o/oardefault.jpg?sqp=-oaymwEgCJUDEOAESFWQAgHyq4qpAw8IARUAAIhCcAHAAQbIAQE=&rs=AOn4CLCbALZclmiDAhhqtKDU7_ubUvxYbg&usqp=CCk,Jaime Gabaldoni,external-reference,embed_link_and_summarize_only
FOu8mxoV3po,https://www.youtube.com/shorts/FOu8mxoV3po,"Cadillac OPTIQ 2025: ¿Vale los $62,310? | Reseña SUV | Jaime Gabaldoni",,,shorts,https://i.ytimg.com/vi/FOu8mxoV3po/oardefault.jpg?sqp=-oaymwEgCJUDEOAESFWQAgHyq4qpAw8IARUAAIhCcAHAAQbIAQE=&rs=AOn4CLDgqFzrwKdf3i5MveW4r5QGmVz7CQ&usqp=CCk,Jaime Gabaldoni,external-reference,embed_link_and_summarize_only
ZQqn2kVDWCI,https://www.youtube.com/shorts/ZQqn2kVDWCI,Toyota Land Cruiser FJ 2026: Renace una leyenda del off-road | Lanzamiento | Jaime Gabaldoni,,,shorts,https://i.ytimg.com/vi/ZQqn2kVDWCI/oardefault.jpg?sqp=-oaymwEgCJUDEOAESFWQAgHyq4qpAw8IARUAAIhCcAHAAQbIAQE=&rs=AOn4CLBClKiycOTGlzPa3s6-1vTTin55Uw&usqp=CCk,Jaime Gabaldoni,external-reference,embed_link_and_summarize_only
EvUZupwJsfc,https://www.youtube.com/shorts/EvUZupwJsfc,Dodge Charger Daytona Scat Pack 2026: ¿Pagarías $70.400 por él? | Jaime Gabaldoni,,,shorts,https://i.ytimg.com/vi/EvUZupwJsfc/oar2.jpg?sqp=-oaymwEgCJUDEOAESFWQAgHyq4qpAw8IARUAAIhCcAHAAQbIAQE=&rs=AOn4CLCP9CtzeDMl-fkuhCa6CHJn8U75YA&usqp=CCk,Jaime Gabaldoni,external-reference,embed_link_and_summarize_only
UK_cYaD5cuc,https://www.youtube.com/shorts/UK_cYaD5cuc,Toyota Supra vs. Nissan Z ¿Cuál suena mejor? 🆚 | Jaime Gabaldoni,,,shorts,https://i.ytimg.com/vi/UK_cYaD5cuc/oardefault.jpg?sqp=-oaymwEgCJUDEOAESFWQAgHyq4qpAw8IARUAAIhCcAHAAQbIAQE=&rs=AOn4CLCOIZoKTPv5peCUmiv22i1uUyv5Zw&usqp=CCk,Jaime Gabaldoni,external-reference,embed_link_and_summarize_only
EaGuzya6gmE,https://www.youtube.com/shorts/EaGuzya6gmE,Dodge Charger Daytona 2026: Potencia eléctrica y sonido brutal | Prueba de manejo | Jaime Gabaldoni,,,shorts,https://i.ytimg.com/vi/EaGuzya6gmE/oar2.jpg?sqp=-oaymwEgCJUDEOAESFWQAgHyq4qpAw8IARUAAIhCcAHAAQbIAQE=&rs=AOn4CLBH7tTRonVP7Oe0ovA2ginvxP4zEA&usqp=CCk,Jaime Gabaldoni,external-reference,embed_link_and_summarize_only
BNUL50ATx9k,https://www.youtube.com/shorts/BNUL50ATx9k,Dodge Charger Daytona 2026: Un interior de lujo para un carro eléctrico | Jaime Gabaldoni,,,shorts,https://i.ytimg.com/vi/BNUL50ATx9k/oar2.jpg?sqp=-oaymwEgCJUDEOAESFWQAgHyq4qpAw8IARUAAIhCcAHAAQbIAQE=&rs=AOn4CLBBW0pYbxO3z09VpqimLjt3dclzTg&usqp=CCk,Jaime Gabaldoni,external-reference,embed_link_and_summarize_only
xdEZTVpXHEA,https://www.youtube.com/shorts/xdEZTVpXHEA,Infiniti QX80 Sport 2026: $107.000 de puro lujo 👌 | Jaime Gabaldoni,,,shorts,https://i.ytimg.com/vi/xdEZTVpXHEA/oar2.jpg?sqp=-oaymwEgCJUDEOAESFWQAgHyq4qpAw8IARUAAIhCcAHAAQbIAQE=&rs=AOn4CLDbG-4vonl196zYvqPBjwWypSI3GQ&usqp=CCk,Jaime Gabaldoni,external-reference,embed_link_and_summarize_only
M7gw72bGn4o,https://www.youtube.com/shorts/M7gw72bGn4o,Infiniti QX80 Sport 2026 ¡Despertando a la bestia! | Jaime Gabaldoni,,,shorts,https://i.ytimg.com/vi/M7gw72bGn4o/oar2.jpg?sqp=-oaymwEgCJUDEOAESFWQAgHyq4qpAw8IARUAAIhCcAHAAQbIAQE=&rs=AOn4CLC8d5pu3vrMVLgxZVuRGjG-DTpDLA&usqp=CCk,Jaime Gabaldoni,external-reference,embed_link_and_summarize_only
SQAJ8JKWuKU,https://www.youtube.com/shorts/SQAJ8JKWuKU,"Dodge Charger Daytona 2026: ¿Pagarías $70,375 por este muscle car eléctrico? ⚡ | Jaime Gabaldoni",,,shorts,https://i.ytimg.com/vi/SQAJ8JKWuKU/oardefault.jpg?sqp=-oaymwEgCJUDEOAESFWQAgHyq4qpAw8IARUAAIhCcAHAAQbIAQE=&rs=AOn4CLAJmnAmE0DiZvn-bqlw8jVk3V1KPg&usqp=CCk,Jaime Gabaldoni,external-reference,embed_link_and_summarize_only
ue3PrA_byXA,https://www.youtube.com/shorts/ue3PrA_byXA,Toyota Corolla FX 2025: ¡Escucha su sonido deportivo en modo Sport! | Jaime Gabaldoni,,,shorts,https://i.ytimg.com/vi/ue3PrA_byXA/oar2.jpg?sqp=-oaymwEgCJUDEOAESFWQAgHyq4qpAw8IARUAAIhCcAHAAQbIAQE=&rs=AOn4CLAocNC16DcIJ7UUrNBCALKv8un8zA&usqp=CCk,Jaime Gabaldoni,external-reference,embed_link_and_summarize_only
FFJBCM2xV3c,https://www.youtube.com/shorts/FFJBCM2xV3c,GMC Sierra EV AT4 2026: La pickup eléctrica todoterreno que sorprende al mercado | Jaime Gabaldoni,,,shorts,https://i.ytimg.com/vi/FFJBCM2xV3c/oar2.jpg?sqp=-oaymwEgCJUDEOAESFWQAgHyq4qpAw8IARUAAIhCcAHAAQbIAQE=&rs=AOn4CLBHawh81Wgp88jvcoyouRZ50pMijw&usqp=CCk,Jaime Gabaldoni,external-reference,embed_link_and_summarize_only
FeO6ZxFLm0c,https://www.youtube.com/shorts/FeO6ZxFLm0c,"GMC Sierra EV AT4 2026: Carga rápida, autonomía y tecnología de 350 kW | Jaime Gabaldoni",,,shorts,https://i.ytimg.com/vi/FeO6ZxFLm0c/oar2.jpg?sqp=-oaymwEgCJUDEOAESFWQAgHyq4qpAw8IARUAAIhCcAHAAQbIAQE=&rs=AOn4CLAk9LqkXeA7zlSF4DquBmz51_-8aQ&usqp=CCk,Jaime Gabaldoni,external-reference,embed_link_and_summarize_only
8hgpYLccRr0,https://www.youtube.com/shorts/8hgpYLccRr0,GMC Sierra EV AT4 2026: ¡Casi 4 toneladas y acelera de 0 a 60 mph en 4.3 segundos! | Jaime Gabaldoni,,,shorts,https://i.ytimg.com/vi/8hgpYLccRr0/oar2.jpg?sqp=-oaymwEgCJUDEOAESFWQAgHyq4qpAw8IARUAAIhCcAHAAQbIAQE=&rs=AOn4CLAR-g9Rew0YLQEqVgMctmVJ4-za_w&usqp=CCk,Jaime Gabaldoni,external-reference,embed_link_and_summarize_only
pzcGqxT-XXU,https://www.youtube.com/shorts/pzcGqxT-XXU,"Infiniti QX80 Autobiography 2025: ¿Vale los $112,600? | Reseña SUV | Jaime Gabaldoni",,,shorts,https://i.ytimg.com/vi/pzcGqxT-XXU/oardefault.jpg?sqp=-oaymwEgCJUDEOAESFWQAgHyq4qpAw8IARUAAIhCcAHAAQbIAQE=&rs=AOn4CLBdxzAVbx2-7tPikcfMlM1EzCrNxA&usqp=CCk,Jaime Gabaldoni,external-reference,embed_link_and_summarize_only
tSnMBt6tfLo,https://www.youtube.com/shorts/tSnMBt6tfLo,Toyota 4Runner TRD Pro 2025: Comportamiento Dinámico y Off-Road | Prueba de manejo | Jaime Gabaldoni,,,shorts,https://i.ytimg.com/vi/tSnMBt6tfLo/oar2.jpg?sqp=-oaymwEgCJUDEOAESFWQAgHyq4qpAw8IARUAAIhCcAHAAQbIAQE=&rs=AOn4CLASR3EUkOeF-K45Ki07vnVdwMR4Nw&usqp=CCk,Jaime Gabaldoni,external-reference,embed_link_and_summarize_only
ME1snEMIHvA,https://www.youtube.com/shorts/ME1snEMIHvA,Toyota 4Runner TRD Pro 2025: Especificaciones Técnicas | Jaime Gabaldoni,,,shorts,https://i.ytimg.com/vi/ME1snEMIHvA/oar2.jpg?sqp=-oaymwEgCJUDEOAESFWQAgHyq4qpAw8IARUAAIhCcAHAAQbIAQE=&rs=AOn4CLAK9jWsQ2q_0FldWhTttxXkDV6FZQ&usqp=CCk,Jaime Gabaldoni,external-reference,embed_link_and_summarize_only
1KJsR4zOoa0,https://www.youtube.com/shorts/1KJsR4zOoa0,"Toyota 4Runner TRD Pro 2025: Conclusiones, Versiones y Competidores | Reseña SUV | Jaime Gabaldoni",,,shorts,https://i.ytimg.com/vi/1KJsR4zOoa0/oar2.jpg?sqp=-oaymwEgCJUDEOAESFWQAgHyq4qpAw8IARUAAIhCcAHAAQbIAQE=&rs=AOn4CLADsW8zcn0xyRoq1VVeQ759qwQQjw&usqp=CCk,Jaime Gabaldoni,external-reference,embed_link_and_summarize_only
3D5yrXfbcjU,https://www.youtube.com/shorts/3D5yrXfbcjU,Chevrolet Camaro ZL1 vs. Ford Mustang Shelby GT500 🆚 | Jaime Gabaldoni,,,shorts,https://i.ytimg.com/vi/3D5yrXfbcjU/oardefault.jpg?sqp=-oaymwEgCJUDEOAESFWQAgHyq4qpAw8IARUAAIhCcAHAAQbIAQE=&rs=AOn4CLASKy6QElWEXwd8bQ8JKK4bKn771A&usqp=CCk,Jaime Gabaldoni,external-reference,embed_link_and_summarize_only
fxYo0JiMoqg,https://www.youtube.com/shorts/fxYo0JiMoqg,"Toyota 4Runner TRD Pro 2025: ¿Vale los $73,388? | Reseña SUV | Jaime Gabaldoni",,,shorts,https://i.ytimg.com/vi/fxYo0JiMoqg/oardefault.jpg?sqp=-oaymwEgCJUDEOAESFWQAgHyq4qpAw8IARUAAIhCcAHAAQbIAQE=&rs=AOn4CLABbAozF_e297UUeNO8NKSOORap4g&usqp=CCk,Jaime Gabaldoni,external-reference,embed_link_and_summarize_only
NSPXRE26SdE,https://www.youtube.com/shorts/NSPXRE26SdE,"Volkswagen Tiguan 2025: ¿Vale los $41,635? | Reseña SUV | Jaime Gabaldoni",,,shorts,https://i.ytimg.com/vi/NSPXRE26SdE/oardefault.jpg?sqp=-oaymwEgCJUDEOAESFWQAgHyq4qpAw8IARUAAIhCcAHAAQbIAQE=&rs=AOn4CLCRMwHO-iHaUYD7wcIqC5GbvFyttA&usqp=CCk,Jaime Gabaldoni,external-reference,embed_link_and_summarize_only
pZVkMhnG0vY,https://www.youtube.com/shorts/pZVkMhnG0vY,Lamborghini Aventador SVJ vs. McLaren 720s 🆚| Jaime Gabaldoni,,,shorts,https://i.ytimg.com/vi/pZVkMhnG0vY/oardefault.jpg?sqp=-oaymwEgCJUDEOAESFWQAgHyq4qpAw8IARUAAIhCcAHAAQbIAQE=&rs=AOn4CLDrLBBc9jeZKWsAJt2aY7CuzBxf0A&usqp=CCk,Jaime Gabaldoni,external-reference,embed_link_and_summarize_only
tr10MV6qUbM,https://www.youtube.com/shorts/tr10MV6qUbM,"$132,515 por este Cadillac Escalade Sport Platinum 2025💎¿Vale cada dólar? | Jaime Gabaldoni",,,shorts,https://i.ytimg.com/vi/tr10MV6qUbM/oardefault.jpg?sqp=-oaymwEgCJUDEOAESFWQAgHyq4qpAw8IARUAAIhCcAHAAQbIAQE=&rs=AOn4CLB8m7fpzonXW8JiE1Zo8GXh5QP_9g&usqp=CCk,Jaime Gabaldoni,external-reference,embed_link_and_summarize_only
IH94Rsdcqmc,https://www.youtube.com/shorts/IH94Rsdcqmc,Nissan Frontier 2025 vs Toyota Tacoma 2025 🆚 Pickups medianas cara a cara | Jaime Gabaldoni,,,shorts,https://i.ytimg.com/vi/IH94Rsdcqmc/oardefault.jpg?sqp=-oaymwEgCJUDEOAESFWQAgHyq4qpAw8IARUAAIhCcAHAAQbIAQE=&rs=AOn4CLBkfpf6YDbwPo4o6gtaefl6omsm3w&usqp=CCk,Jaime Gabaldoni,external-reference,embed_link_and_summarize_only
gzbTa1xqF9s,https://www.youtube.com/shorts/gzbTa1xqF9s,Kia Sportage Hybrid 2026: SUV híbrida renovada | Reseña SUV | Jaime Gabaldoni,,,shorts,https://i.ytimg.com/vi/gzbTa1xqF9s/oardefault.jpg?sqp=-oaymwEgCJUDEOAESFWQAgHyq4qpAw8IARUAAIhCcAHAAQbIAQE=&rs=AOn4CLDbURC-EJZ4VpbrMFwO8H7EvaFqIA&usqp=CCk,Jaime Gabaldoni,external-reference,embed_link_and_summarize_only
awg-pxOkpKg,https://www.youtube.com/shorts/awg-pxOkpKg,"Nissan Murano Platinum 2025: SUV de lujo por $54,450 ¿Vale la pena? | Reseña SUV | Jaime Gabaldoni",,,shorts,https://i.ytimg.com/vi/awg-pxOkpKg/oardefault.jpg?sqp=-oaymwEgCJUDEOAESFWQAgHyq4qpAw8IARUAAIhCcAHAAQbIAQE=&rs=AOn4CLCg98fuN8BBPqGJLXUoNzhyuCSiWw&usqp=CCk,Jaime Gabaldoni,external-reference,embed_link_and_summarize_only
D_Nw6XjTF5E,https://www.youtube.com/shorts/D_Nw6XjTF5E,Chevrolet Suburban RST 2025 vs Ford Expedition 2025 🆚 SUV Full-Size | Jaime Gabaldoni,,,shorts,https://i.ytimg.com/vi/D_Nw6XjTF5E/oardefault.jpg?sqp=-oaymwEgCJUDEOAESFWQAgHyq4qpAw8IARUAAIhCcAHAAQbIAQE=&rs=AOn4CLCK8CbkPS0sBNYHoxte4CzhGQgzuA&usqp=CCk,Jaime Gabaldoni,external-reference,embed_link_and_summarize_only
seve2rbt3GA,https://www.youtube.com/shorts/seve2rbt3GA,"RAM 2500 HD 2025: Cummins Turbo Diesel 430 HP y lujo por $84,540 | Reseña Pickup | Jaime Gabaldoni",,,shorts,https://i.ytimg.com/vi/seve2rbt3GA/oardefault.jpg?sqp=-oaymwEgCJUDEOAESFWQAgHyq4qpAw8IARUAAIhCcAHAAQbIAQE=&rs=AOn4CLDaAH-Y_FWyCLbsaTUspvRifTnyOQ&usqp=CCk,Jaime Gabaldoni,external-reference,embed_link_and_summarize_only
Wop6rG1kh3Y,https://www.youtube.com/shorts/Wop6rG1kh3Y,"Buick Envista ST 2025: SUV Coupé por $29,475 💵 ¿Vale la pena? | Jaime Gabaldoni #Shorts",,,shorts,https://i.ytimg.com/vi/Wop6rG1kh3Y/oardefault.jpg?sqp=-oaymwEgCJUDEOAESFWQAgHyq4qpAw8IARUAAIhCcAHAAQbIAQE=&rs=AOn4CLAA1t9ki9JnAax9fgnteZU1gRs-gQ&usqp=CCk,Jaime Gabaldoni,external-reference,embed_link_and_summarize_only
2dAmHyOPRBI,https://www.youtube.com/shorts/2dAmHyOPRBI,Audi R8 V10 vs Dodge Challenger SRT Demon 🆚 Europa vs Muscle Car | Jaime Gabaldoni,,,shorts,https://i.ytimg.com/vi/2dAmHyOPRBI/oardefault.jpg?sqp=-oaymwEgCJUDEOAESFWQAgHyq4qpAw8IARUAAIhCcAHAAQbIAQE=&rs=AOn4CLBtUj-ChKAETUOcAQXFUIA6W5oGSg&usqp=CCk,Jaime Gabaldoni,external-reference,embed_link_and_summarize_only
9HG6kqB_M_A,https://www.youtube.com/shorts/9HG6kqB_M_A,Volvo XC90 PHEV 2026: SUV Híbrido de Lujo con 455 HP ⚡ | Reseña SUV | Jaime Gabaldoni,,,shorts,https://i.ytimg.com/vi/9HG6kqB_M_A/oardefault.jpg?sqp=-oaymwEgCJUDEOAESFWQAgHyq4qpAw8IARUAAIhCcAHAAQbIAQE=&rs=AOn4CLBMCrFZ2tdNhMTugXnqPKqi-eF5Kg&usqp=CCk,Jaime Gabaldoni,external-reference,embed_link_and_summarize_only
OjOCB10-KJ4,https://www.youtube.com/shorts/OjOCB10-KJ4,Pagani Huayra BC vs Bugatti Chiron Pür Sport: duelo extremo de hiperdeportivos | Jaime Gabaldoni,,,shorts,https://i.ytimg.com/vi/OjOCB10-KJ4/oardefault.jpg?sqp=-oaymwEgCJUDEOAESFWQAgHyq4qpAw8IARUAAIhCcAHAAQbIAQE=&rs=AOn4CLDw286LRwzzh2xYoEOXF86xWsst6g&usqp=CCk,Jaime Gabaldoni,external-reference,embed_link_and_summarize_only
7CzmNUyVToE,https://www.youtube.com/shorts/7CzmNUyVToE,"Indian Chieftain PowerPlus 2025: lujo, potencia y precio de $26,000 #Shorts | Jaime Gabaldoni",,,shorts,https://i.ytimg.com/vi/7CzmNUyVToE/oardefault.jpg?sqp=-oaymwEgCJUDEOAESFWQAgHyq4qpAw8IARUAAIhCcAHAAQbIAQE=&rs=AOn4CLBM6-pLjN5r97AAlUtmVoofqyMZHQ&usqp=CCk,Jaime Gabaldoni,external-reference,embed_link_and_summarize_only
_s6_S7TiM4U,https://www.youtube.com/shorts/_s6_S7TiM4U,Toyota GR Corolla vs Honda Civic Type-R: el mejor hot hatch 2025 | Comparativa | Jaime Gabaldoni,,,shorts,https://i.ytimg.com/vi/_s6_S7TiM4U/oardefault.jpg?sqp=-oaymwEgCJUDEOAESFWQAgHyq4qpAw8IARUAAIhCcAHAAQbIAQE=&rs=AOn4CLBmkPYmjMf81esxm6e7vqB5q89jIA&usqp=CCk,Jaime Gabaldoni,external-reference,embed_link_and_summarize_only
65ARPlCi090,https://www.youtube.com/shorts/65ARPlCi090,"Nissan Z Performance 2025: ¿Vale los $55,985? | Jaime Gabaldoni",,,shorts,https://i.ytimg.com/vi/65ARPlCi090/oardefault.jpg?sqp=-oaymwEgCJUDEOAESFWQAgHyq4qpAw8IARUAAIhCcAHAAQbIAQE=&rs=AOn4CLAz6HbHBIVn9erkTLKqC4QMEK0JyQ&usqp=CCk,Jaime Gabaldoni,external-reference,embed_link_and_summarize_only
OWHeyM1xk5g,https://www.youtube.com/shorts/OWHeyM1xk5g,Nissan GT-R R35 vs Porsche 718 Cayman 4.0 GTS | Duelo de Deportivos | Jaime Gabaldoni,,,shorts,https://i.ytimg.com/vi/OWHeyM1xk5g/oardefault.jpg?sqp=-oaymwEgCJUDEOAESFWQAgHyq4qpAw8IARUAAIhCcAHAAQbIAQE=&rs=AOn4CLAVggecbvb7k_L3_wWY6paI_cvyTA&usqp=CCk,Jaime Gabaldoni,external-reference,embed_link_and_summarize_only
RazZESaKIUo,https://www.youtube.com/shorts/RazZESaKIUo,"Toyota Tacoma TRD Pro Hybrid 2025: ¿Vale $67,410? | Reseña | Jaime Gabaldoni",,,shorts,https://i.ytimg.com/vi/RazZESaKIUo/oardefault.jpg?sqp=-oaymwEgCJUDEOAESFWQAgHyq4qpAw8IARUAAIhCcAHAAQbIAQE=&rs=AOn4CLCoiprWBFr5h1RtIf69E_Y74KxyJQ&usqp=CCk,Jaime Gabaldoni,external-reference,embed_link_and_summarize_only
dKSHgZBsmCI,https://www.youtube.com/shorts/dKSHgZBsmCI,Lexus LX700h 2025: SUV híbrida de lujo con 457 HP | Reseña SUV | Jaime Gabaldoni,,,shorts,https://i.ytimg.com/vi/dKSHgZBsmCI/oardefault.jpg?sqp=-oaymwEgCJUDEOAESFWQAgHyq4qpAw8IARUAAIhCcAHAAQbIAQE=&rs=AOn4CLAY0W60TRIKTFS7NArgvX5Nc9GzLQ&usqp=CCk,Jaime Gabaldoni,external-reference,embed_link_and_summarize_only
pphQFtUMZ1A,https://www.youtube.com/shorts/pphQFtUMZ1A,Bentley Continental GT Speed vs. Aston Martin DB12 🆚 | Comparativa | Jaime Gabaldoni,,,shorts,https://i.ytimg.com/vi/pphQFtUMZ1A/oardefault.jpg?sqp=-oaymwEgCJUDEOAESFWQAgHyq4qpAw8IARUAAIhCcAHAAQbIAQE=&rs=AOn4CLDf1jLlaZ8aC4ht01NW3Xh061xcww&usqp=CCk,Jaime Gabaldoni,external-reference,embed_link_and_summarize_only
QvzzkQGwA88,https://www.youtube.com/shorts/QvzzkQGwA88,Mazda CX-90 PHEV 2025: SUV híbrido enchufable de 323 HP | Reseña SUV | Jaime Gabaldoni,,,shorts,https://i.ytimg.com/vi/QvzzkQGwA88/oardefault.jpg?sqp=-oaymwEgCJUDEOAESFWQAgHyq4qpAw8IARUAAIhCcAHAAQbIAQE=&rs=AOn4CLAiRq8Cf0Cm39Wp8POrJxVQSDK3YA&usqp=CCk,Jaime Gabaldoni,external-reference,embed_link_and_summarize_only
gbeddr6q-9E,https://www.youtube.com/shorts/gbeddr6q-9E,VW Golf GTI 2025 vs. Mazda 3 Turbo 2025 ¿Cuál es el mejor hot hatch? | Comparativa | Jaime Gabaldoni,,,shorts,https://i.ytimg.com/vi/gbeddr6q-9E/oardefault.jpg?sqp=-oaymwEgCJUDEOAESFWQAgHyq4qpAw8IARUAAIhCcAHAAQbIAQE=&rs=AOn4CLBGzIYvIiX-JT0MgxGbdBflhWBRfg&usqp=CCk,Jaime Gabaldoni,external-reference,embed_link_and_summarize_only
Rz0SVEGQuYw,https://www.youtube.com/shorts/Rz0SVEGQuYw,"Hyundai Palisade Calligraphy 2026: ¿Vale $55,555? | Reseña SUV | Jaime Gabaldoni",,,shorts,https://i.ytimg.com/vi/Rz0SVEGQuYw/oardefault.jpg?sqp=-oaymwEgCJUDEOAESFWQAgHyq4qpAw8IARUAAIhCcAHAAQbIAQE=&rs=AOn4CLDdLZiVFUR53876xDXdEOwe5Q3E9g&usqp=CCk,Jaime Gabaldoni,external-reference,embed_link_and_summarize_only
7p-90p0NUyU,https://www.youtube.com/shorts/7p-90p0NUyU,Corvette C8 ZR1 2025 vs Ford Mustang Dark Horse ⚡ ¿Cuál prefieres? #Shorts | Jaime Gabaldoni,,,shorts,https://i.ytimg.com/vi/7p-90p0NUyU/oar2.jpg?sqp=-oaymwEgCJUDEOAESFWQAgHyq4qpAw8IARUAAIhCcAHAAQbIAQE=&rs=AOn4CLDYLHGxTvS5Xn0hML_IPYaUBjD9Ew&usqp=CCk,Jaime Gabaldoni,external-reference,embed_link_and_summarize_only
k3BlZyiWZAQ,https://www.youtube.com/shorts/k3BlZyiWZAQ,Mercedes-AMG GT63 Coupé 2025: Potencia brutal y lujo total | Reseña | Jaime Gabaldoni,,,shorts,https://i.ytimg.com/vi/k3BlZyiWZAQ/oardefault.jpg?sqp=-oaymwEgCJUDEOAESFWQAgHyq4qpAw8IARUAAIhCcAHAAQbIAQE=&rs=AOn4CLBLAEdNtVP6LusYUuEE6AE6YM7CJg&usqp=CCk,Jaime Gabaldoni,external-reference,embed_link_and_summarize_only
zOqcKDu96VI,https://www.youtube.com/shorts/zOqcKDu96VI,Audi SQ7 2025: SUV con motor V8 biturbo | Reseña | Jaime Gabaldoni,,,shorts,https://i.ytimg.com/vi/zOqcKDu96VI/oardefault.jpg?sqp=-oaymwEgCJUDEOAESFWQAgHyq4qpAw8IARUAAIhCcAHAAQbIAQE=&rs=AOn4CLAEzGDLzDfJj-UgSSqpfWMSrUyiWg&usqp=CCk,Jaime Gabaldoni,external-reference,embed_link_and_summarize_only
orgm6QOkD0Q,https://www.youtube.com/shorts/orgm6QOkD0Q,Charger Daytona vs. Challenger SRT ¿El eléctrico o el supercargado? | Comparativa | Jaime Gabaldoni,,,shorts,https://i.ytimg.com/vi/orgm6QOkD0Q/oardefault.jpg?sqp=-oaymwEgCJUDEOAESFWQAgHyq4qpAw8IARUAAIhCcAHAAQbIAQE=&rs=AOn4CLC_Ws0ypi-c-QqKDNLLp8YJh2JslQ&usqp=CCk,Jaime Gabaldoni,external-reference,embed_link_and_summarize_only
FGVxJG1GpBk,https://www.youtube.com/shorts/FGVxJG1GpBk,"Volkswagen Golf GTI 2025: ¿Vale $33,680? | Reseña | Jaime Gabaldoni",,,shorts,https://i.ytimg.com/vi/FGVxJG1GpBk/oardefault.jpg?sqp=-oaymwEgCJUDEOAESFWQAgHyq4qpAw8IARUAAIhCcAHAAQbIAQE=&rs=AOn4CLA-A8cIdKhnX9lpVBuOVvpBEQTNkw&usqp=CCk,Jaime Gabaldoni,external-reference,embed_link_and_summarize_only
qvJVLBO0IW4,https://www.youtube.com/shorts/qvJVLBO0IW4,Cadillac CT5-V Blackwing vs. Audi RS7: ¿Con cuál te quedas?  | Comparativa | Jaime Gabaldoni,,,shorts,https://i.ytimg.com/vi/qvJVLBO0IW4/oardefault.jpg?sqp=-oaymwEgCJUDEOAESFWQAgHyq4qpAw8IARUAAIhCcAHAAQbIAQE=&rs=AOn4CLDhFjnpxArWSM8cDivz2FqkyxINww&usqp=CCk,Jaime Gabaldoni,external-reference,embed_link_and_summarize_only
JOmS1aCeckw,https://www.youtube.com/shorts/JOmS1aCeckw,¿Sabías que puedes mover tu auto con la llave? | Jaime Gabaldoni,,,shorts,https://i.ytimg.com/vi/JOmS1aCeckw/oardefault.jpg?sqp=-oaymwEgCJUDEOAESFWQAgHyq4qpAw8IARUAAIhCcAHAAQbIAQE=&rs=AOn4CLDoBvGUOl68u9KtzMYqny9apeJQKw&usqp=CCk,Jaime Gabaldoni,external-reference,embed_link_and_summarize_only
K5qeNt8wJOk,https://www.youtube.com/shorts/K5qeNt8wJOk,Genesis GV70 2026: Lujo coreano con motor V6 twin turbo | Reseña SUV | Jaime Gabaldoni,,,shorts,https://i.ytimg.com/vi/K5qeNt8wJOk/oardefault.jpg?sqp=-oaymwEgCJUDEOAESFWQAgHyq4qpAw8IARUAAIhCcAHAAQbIAQE=&rs=AOn4CLDAlToayepIN_udeKvWk-QjhFY7vw&usqp=CCk,Jaime Gabaldoni,external-reference,embed_link_and_summarize_only
-GtfBK7ZGc8,https://www.youtube.com/shorts/-GtfBK7ZGc8,"Range Rover P400 SE 2025: lujo, potencia y tecnología mild hybrid | Reseña SUV | Jaime Gabaldoni",,,shorts,https://i.ytimg.com/vi/-GtfBK7ZGc8/oardefault.jpg?sqp=-oaymwEgCJUDEOAESFWQAgHyq4qpAw8IARUAAIhCcAHAAQbIAQE=&rs=AOn4CLDWqFw7u3bE44lwgd24AnOAM7CiwA&usqp=CCk,Jaime Gabaldoni,external-reference,embed_link_and_summarize_only
FTSEzKisd8Q,https://www.youtube.com/shorts/FTSEzKisd8Q,"$48,680 por este Nissan Rogue (X-Trail) Platinum 2025 🚙 ¿Vale la pena? #Shorts | Jaime Gabaldoni",,,shorts,https://i.ytimg.com/vi/FTSEzKisd8Q/oardefault.jpg?sqp=-oaymwEgCJUDEOAESFWQAgHyq4qpAw8IARUAAIhCcAHAAQbIAQE=&rs=AOn4CLBuin9KOlCZpjG67jZQ9Lumo2BG-Q&usqp=CCk,Jaime Gabaldoni,external-reference,embed_link_and_summarize_only
_Px5FmzeIFY,https://www.youtube.com/shorts/_Px5FmzeIFY,"GMC Sierra EV Denali 2025: pickup eléctrica de 760 HP por $102,400 #Shorts | Jaime Gabaldoni",,,shorts,https://i.ytimg.com/vi/_Px5FmzeIFY/oardefault.jpg?sqp=-oaymwEgCJUDEOAESFWQAgHyq4qpAw8IARUAAIhCcAHAAQbIAQE=&rs=AOn4CLBgBbeJ0Da5gaRMtsW3Go_D04ImZw&usqp=CCk,Jaime Gabaldoni,external-reference,embed_link_and_summarize_only
u6uR9jPwfOM,https://www.youtube.com/shorts/u6uR9jPwfOM,"Mercedes-Benz G580 2025: SUV eléctrica de lujo con 579 HP por $182,500 #Shorts | Jaime Gabaldoni",,,shorts,https://i.ytimg.com/vi/u6uR9jPwfOM/oardefault.jpg?sqp=-oaymwEgCJUDEOAESFWQAgHyq4qpAw8IARUAAIhCcAHAAQbIAQE=&rs=AOn4CLAJwWqN3Jsi__SvvrLqX_ny80maNQ&usqp=CCk,Jaime Gabaldoni,external-reference,embed_link_and_summarize_only
ehGYlHr0OsU,https://www.youtube.com/shorts/ehGYlHr0OsU,"Lincoln Aviator Reserve 2025: $83,300 por este SUV de lujo ¿Lo vale? | Jaime Gabaldoni",,,shorts,https://i.ytimg.com/vi/ehGYlHr0OsU/oardefault.jpg?sqp=-oaymwEgCJUDEOAESFWQAgHyq4qpAw8IARUAAIhCcAHAAQbIAQE=&rs=AOn4CLB8PcPqDDT0Y8O87ldDprkMntvjhA&usqp=CCk,Jaime Gabaldoni,external-reference,embed_link_and_summarize_only
dJIi-CYHkDo,https://www.youtube.com/shorts/dJIi-CYHkDo,"$58,500 por este Jeep Gladiator Willys 2025 🚙💥 ¿Lo comprarías? | Jaime Gabaldoni",,,shorts,https://i.ytimg.com/vi/dJIi-CYHkDo/oardefault.jpg?sqp=-oaymwEgCJUDEOAESFWQAgHyq4qpAw8IARUAAIhCcAHAAQbIAQE=&rs=AOn4CLDaDLvLr7JdTJSjuqjsZXGmjNIcwg&usqp=CCk,Jaime Gabaldoni,external-reference,embed_link_and_summarize_only
3yEwklw6p4g,https://www.youtube.com/shorts/3yEwklw6p4g,Porsche 718 Cayman GTS 4.0 2025: Detalles y Especificaciones | Jaime Gabaldoni,,,shorts,https://i.ytimg.com/vi/3yEwklw6p4g/oardefault.jpg?sqp=-oaymwEgCJUDEOAESFWQAgHyq4qpAw8IARUAAIhCcAHAAQbIAQE=&rs=AOn4CLAVAb-6cMlD4q6LdhUFsRNDCILKoQ&usqp=CCk,Jaime Gabaldoni,external-reference,embed_link_and_summarize_only
SvfFCcRQOkk,https://www.youtube.com/shorts/SvfFCcRQOkk,"Audi SQ5 2025: $74,800 por este #Audi #SQ5, ¿los vale? | Reseña SUV | Jaime Gabaldoni",,,shorts,https://i.ytimg.com/vi/SvfFCcRQOkk/oardefault.jpg?sqp=-oaymwEgCJUDEOAESFWQAgHyq4qpAw8IARUAAIhCcAHAAQbIAQE=&rs=AOn4CLANwxsVpA-SCSiV5LaPqiP3OS4zhg&usqp=CCk,Jaime Gabaldoni,external-reference,embed_link_and_summarize_only
tEkd-rGnuOI,https://www.youtube.com/shorts/tEkd-rGnuOI,"$67,795 por este Audi S5 2025, ¿los vale? #Shorts | Jaime Gabaldoni",,,shorts,https://i.ytimg.com/vi/tEkd-rGnuOI/oardefault.jpg?sqp=-oaymwEgCJUDEOAESFWQAgHyq4qpAw8IARUAAIhCcAHAAQbIAQE=&rs=AOn4CLCmsiXy9GrmGT6vJhevjmqp_lo98Q&usqp=CCk,Jaime Gabaldoni,external-reference,embed_link_and_summarize_only
jbxOI74v2lI,https://www.youtube.com/shorts/jbxOI74v2lI,Corvette ZR1X “ZORA” 2026: Híbrido Bestial de 1250 hp ⚡🦈| Jaime Gabaldoni,,,shorts,https://i.ytimg.com/vi/jbxOI74v2lI/oardefault.jpg?sqp=-oaymwEgCJUDEOAESFWQAgHyq4qpAw8IARUAAIhCcAHAAQbIAQE=&rs=AOn4CLDKk7lqUMBuUMcMOOS2iQgih471gA&usqp=CCk,Jaime Gabaldoni,external-reference,embed_link_and_summarize_only
O4qeW4nOCEw,https://www.youtube.com/shorts/O4qeW4nOCEw,"Chevrolet Suburban RST 2025: ¿Vale $91,610? | Reseña SUV | Jaime Gabaldoni",,,shorts,https://i.ytimg.com/vi/O4qeW4nOCEw/oardefault.jpg?sqp=-oaymwEgCJUDEOAESFWQAgHyq4qpAw8IARUAAIhCcAHAAQbIAQE=&rs=AOn4CLD0NiKPOKOn0xmwG1zqz_SZtgMNjA&usqp=CCk,Jaime Gabaldoni,external-reference,embed_link_and_summarize_only
uqsOAlByUsw,https://www.youtube.com/shorts/uqsOAlByUsw,"Chevrolet Corvette C8 ZR1 2025: $196,000 por 1064 HP ¿Vale la pena? | Jaime Gabaldoni #Shorts",,,shorts,https://i.ytimg.com/vi/uqsOAlByUsw/oardefault.jpg?sqp=-oaymwEgCJUDEOAESFWQAgHyq4qpAw8IARUAAIhCcAHAAQbIAQE=&rs=AOn4CLB5yMTNSP6TsqQ_ooVR3XUuDQz7ww&usqp=CCk,Jaime Gabaldoni,external-reference,embed_link_and_summarize_only
kornOa-Zdxc,https://www.youtube.com/shorts/kornOa-Zdxc,Así reaccionó Marc Crosas al ver la nueva Hyundai Palisade 2026 🤩🚙💥 | Reseña | Jaime Gabaldoni,,,shorts,https://i.ytimg.com/vi/kornOa-Zdxc/oardefault.jpg?sqp=-oaymwEgCJUDEOAESFWQAgHyq4qpAw8IARUAAIhCcAHAAQbIAQE=&rs=AOn4CLA7TGuyHb6JE93Gc9GhOhX0fD_DEw&usqp=CCk,Jaime Gabaldoni,external-reference,embed_link_and_summarize_only
Mv5zlOIVfhc,https://www.youtube.com/shorts/Mv5zlOIVfhc,"Aston Martin DB12 Volante 2025: $330,000 por este convertible. ¿Los vale? | Jaime Gabaldoni",,,shorts,https://i.ytimg.com/vi/Mv5zlOIVfhc/oardefault.jpg?sqp=-oaymwEgCJUDEOAESFWQAgHyq4qpAw8IARUAAIhCcAHAAQbIAQE=&rs=AOn4CLCU2FuUjrmQvJW1POzZSEV3NyK_TA&usqp=CCk,Jaime Gabaldoni,external-reference,embed_link_and_summarize_only
LNRKJXwgkvE,https://www.youtube.com/shorts/LNRKJXwgkvE,Chevrolet Corvette ZR1: #POV #Corvette #ZR1 #COTA | POV | Jaime Gabaldoni,,,shorts,https://i.ytimg.com/vi/LNRKJXwgkvE/oar2.jpg?sqp=-oaymwEdCJsEENAFSFWQAgHyq4qpAwwIARUAAIhCcAHAAQY=&rs=AOn4CLBvcOltnjC2UOlBm851Elw5M9Ik3w&usqp=CCk,Jaime Gabaldoni,external-reference,embed_link_and_summarize_only
1NSibFzAjNw,https://www.youtube.com/shorts/1NSibFzAjNw,Nuevo Interior del Chevrolet Corvette 2026 #Shorts | Jaime Gabaldoni,,,shorts,https://i.ytimg.com/vi/1NSibFzAjNw/oardefault.jpg?sqp=-oaymwEgCJUDEOAESFWQAgHyq4qpAw8IARUAAIhCcAHAAQbIAQE=&rs=AOn4CLAsjUuDp12A7RKSsIGA-RpD7CpQ3g&usqp=CCk,Jaime Gabaldoni,external-reference,embed_link_and_summarize_only
3bQyMOflD_4,https://www.youtube.com/shorts/3bQyMOflD_4,"$79,500 por esta Ford Expedition Platinum Max 2025, ¿los vale? | Jaime Gabaldoni",,,shorts,https://i.ytimg.com/vi/3bQyMOflD_4/oardefault.jpg?sqp=-oaymwEgCJUDEOAESFWQAgHyq4qpAw8IARUAAIhCcAHAAQbIAQE=&rs=AOn4CLAk9qz_JzuHJvSyOJ8ND-p-MeJymg&usqp=CCk,Jaime Gabaldoni,external-reference,embed_link_and_summarize_only
33CM5zVeFCs,https://www.youtube.com/shorts/33CM5zVeFCs,"Cadillac Escalade IQ 2025: $163,305, ¿los vale? | Reseña SUV | Jaime Gabaldoni",,,shorts,https://i.ytimg.com/vi/33CM5zVeFCs/oardefault.jpg?sqp=-oaymwEgCJUDEOAESFWQAgHyq4qpAw8IARUAAIhCcAHAAQbIAQE=&rs=AOn4CLAcLa4OjvmbI7v0QvAeRDvgg8NaLA&usqp=CCk,Jaime Gabaldoni,external-reference,embed_link_and_summarize_only
6hOLmRxp3Is,https://www.youtube.com/shorts/6hOLmRxp3Is,Chevrolet Colorado ZR2 Bison 2025: ¿la mejor pickup todoterreno? | Reseña | Jaime Gabaldoni,,,shorts,https://i.ytimg.com/vi/6hOLmRxp3Is/oardefault.jpg?sqp=-oaymwEgCJUDEOAESFWQAgHyq4qpAw8IARUAAIhCcAHAAQbIAQE=&rs=AOn4CLATCtdgvD-1lB1ZLWZ8IMZGq73czA&usqp=CCk,Jaime Gabaldoni,external-reference,embed_link_and_summarize_only
7KvpQJiHLjo,https://www.youtube.com/shorts/7KvpQJiHLjo,"Mazda 3 Turbo Hatchback 2025: ¿vale los $38,800? 🤔💸 | Jaime Gabaldoni",,,shorts,https://i.ytimg.com/vi/7KvpQJiHLjo/oardefault.jpg?sqp=-oaymwEgCJUDEOAESFWQAgHyq4qpAw8IARUAAIhCcAHAAQbIAQE=&rs=AOn4CLDMEGC8sz9TmmeT6dQKSyenmqVmvQ&usqp=CCk,Jaime Gabaldoni,external-reference,embed_link_and_summarize_only
uVGKhZ2g8xc,https://www.youtube.com/shorts/uVGKhZ2g8xc,"Cadillac CT5-V Blackwing 2025: $124,000, ¿los vale? #Shorts #Cadillac | Reseña | Jaime Gabaldoni",,,shorts,https://i.ytimg.com/vi/uVGKhZ2g8xc/oardefault.jpg?sqp=-oaymwEgCJUDEOAESFWQAgHyq4qpAw8IARUAAIhCcAHAAQbIAQE=&rs=AOn4CLBWVichCpUsrKMNXhZoYX4z3cmhAQ&usqp=CCk,Jaime Gabaldoni,external-reference,embed_link_and_summarize_only
Hf50B5uQgwo,https://www.youtube.com/shorts/Hf50B5uQgwo,"Nissan Frontier 2025: ¿Vale $47,750? | Reseña Pickup | Jaime Gabaldoni",,,shorts,https://i.ytimg.com/vi/Hf50B5uQgwo/oardefault.jpg?sqp=-oaymwEgCJUDEOAESFWQAgHyq4qpAw8IARUAAIhCcAHAAQbIAQE=&rs=AOn4CLCHR6F_5pnFSOBqmuDxQmWWDTBrqA&usqp=CCk,Jaime Gabaldoni,external-reference,embed_link_and_summarize_only
6zGJ2EgHrpo,https://www.youtube.com/shorts/6zGJ2EgHrpo,"$71,990 por el RAM 1500 RHO 2025 ¿Vale la pena esta pickup? | Reseña | Jaime Gabaldoni",,,shorts,https://i.ytimg.com/vi/6zGJ2EgHrpo/oardefault.jpg?sqp=-oaymwEgCJUDEOAESFWQAgHyq4qpAw8IARUAAIhCcAHAAQbIAQE=&rs=AOn4CLBqgsFONzZKff70gWUWj8a_Pg-xcw&usqp=CCk,Jaime Gabaldoni,external-reference,embed_link_and_summarize_only
SWIMWeBXIcw,https://www.youtube.com/shorts/SWIMWeBXIcw,Mitsubishi Outlander Sport 2025: ¿Vale la pena este SUV compacto?| Reseña | Jaime Gabaldoni,,,shorts,https://i.ytimg.com/vi/SWIMWeBXIcw/oardefault.jpg?sqp=-oaymwEgCJUDEOAESFWQAgHyq4qpAw8IARUAAIhCcAHAAQbIAQE=&rs=AOn4CLDDczzcV680ftxXwk1glvLlbObsYQ&usqp=CCk,Jaime Gabaldoni,external-reference,embed_link_and_summarize_only
cDcJmfLgz7s,https://www.youtube.com/shorts/cDcJmfLgz7s,"Toyota Corolla Hybrid XLE 2025: ¿Vale $29,129 este sedán híbrido? | Reseña | Jaime Gabaldoni",,,shorts,https://i.ytimg.com/vi/cDcJmfLgz7s/oar2.jpg?sqp=-oaymwEgCJUDEOAESFWQAgHyq4qpAw8IARUAAIhCcAHAAQbIAQE=&rs=AOn4CLAD0SbX9UyxET-6wQavB2XAQER3Yw&usqp=CCk,Jaime Gabaldoni,external-reference,embed_link_and_summarize_only
9KDshj3Du9M,https://www.youtube.com/shorts/9KDshj3Du9M,"$95,000 por este Chevrolet Suburban High Country 2025 ¿Los vale? | Jaime Gabaldoni",,,shorts,https://i.ytimg.com/vi/9KDshj3Du9M/oardefault.jpg?sqp=-oaymwEgCJUDEOAESFWQAgHyq4qpAw8IARUAAIhCcAHAAQbIAQE=&rs=AOn4CLAkSWd9N0VlQljDxfpw-gUeomS_uw&usqp=CCk,Jaime Gabaldoni,external-reference,embed_link_and_summarize_only
r276rT4zhUI,https://www.youtube.com/shorts/r276rT4zhUI,"BMW 330i xDrive Sedán 2025: $57,700, ¿los vale? | Reseña | Jaime Gabaldoni",,,shorts,https://i.ytimg.com/vi/r276rT4zhUI/oardefault.jpg?sqp=-oaymwEgCJUDEOAESFWQAgHyq4qpAw8IARUAAIhCcAHAAQbIAQE=&rs=AOn4CLBnjwACRAlPe6q6SRA48cD6jy40Ww&usqp=CCk,Jaime Gabaldoni,external-reference,embed_link_and_summarize_only
gV3UwPk1ZzE,https://www.youtube.com/shorts/gV3UwPk1ZzE,"Infiniti QX60 Black Edition 2025: $62,745, ¿los vale? | Reseña SUV | Jaime Gabaldoni",,,shorts,https://i.ytimg.com/vi/gV3UwPk1ZzE/oardefault.jpg?sqp=-oaymwEgCJUDEOAESFWQAgHyq4qpAw8IARUAAIhCcAHAAQbIAQE=&rs=AOn4CLBGHhfthpq18GbJk-eh84m7IJCeRw&usqp=CCk,Jaime Gabaldoni,external-reference,embed_link_and_summarize_only
yLl8QTgWYLA,https://www.youtube.com/shorts/yLl8QTgWYLA,"Audi RS7 Performance 2025: ¿Vale $132,000? | Reseña | Jaime Gabaldoni",,,shorts,https://i.ytimg.com/vi/yLl8QTgWYLA/oardefault.jpg?sqp=-oaymwEgCJUDEOAESFWQAgHyq4qpAw8IARUAAIhCcAHAAQbIAQE=&rs=AOn4CLA1B-EisS5HUbmO90fXDJDoxZRjJw&usqp=CCk,Jaime Gabaldoni,external-reference,embed_link_and_summarize_only
7wiJpe60xhU,https://www.youtube.com/shorts/7wiJpe60xhU,"Maserati MC20 2025: ¿Vale US$250,000 este superdeportivo italiano? | Reseña | Jaime Gabaldoni",,,shorts,https://i.ytimg.com/vi/7wiJpe60xhU/oardefault.jpg?sqp=-oaymwEgCJUDEOAESFWQAgHyq4qpAw8IARUAAIhCcAHAAQbIAQE=&rs=AOn4CLDtoarDWGOMUtiij7xbGdJQCYZS_g&usqp=CCk,Jaime Gabaldoni,external-reference,embed_link_and_summarize_only
pDi7wzQlpaw,https://www.youtube.com/shorts/pDi7wzQlpaw,"Rolls Royce Spectre Black Badge 2025: ¿Vale $566,000? | Reseña | Jaime Gabaldoni",,,shorts,https://i.ytimg.com/vi/pDi7wzQlpaw/oardefault.jpg?sqp=-oaymwEgCJUDEOAESFWQAgHyq4qpAw8IARUAAIhCcAHAAQbIAQE=&rs=AOn4CLB9blOCVmfa5jHSXj1GmIA8k4BcIA&usqp=CCk,Jaime Gabaldoni,external-reference,embed_link_and_summarize_only
p-xIv7ZSZiY,https://www.youtube.com/shorts/p-xIv7ZSZiY,Kia K4 GT-Line 2025: Sedán renovado y deportivo | Reseña | Jaime Gabaldoni,,,shorts,https://i.ytimg.com/vi/p-xIv7ZSZiY/oardefault.jpg?sqp=-oaymwEgCJUDEOAESFWQAgHyq4qpAw8IARUAAIhCcAHAAQbIAQE=&rs=AOn4CLAZIFPRQqsPRWyk3ZH27naY2RZnrA&usqp=CCk,Jaime Gabaldoni,external-reference,embed_link_and_summarize_only
72W-4phwZe8,https://www.youtube.com/shorts/72W-4phwZe8,"GMC Yukon AT4 Ultimate 2025: $102,280, ¿los vale? | Reseña SUV | Jaime Gabaldoni",,,shorts,https://i.ytimg.com/vi/72W-4phwZe8/oardefault.jpg?sqp=-oaymwEgCJUDEOAESFWQAgHyq4qpAw8IARUAAIhCcAHAAQbIAQE=&rs=AOn4CLC6lPiWnPo0ium0dKOrVPO-QcXBYQ&usqp=CCk,Jaime Gabaldoni,external-reference,embed_link_and_summarize_only
8sT-7zADjSI,https://www.youtube.com/shorts/8sT-7zADjSI,Dodge Charger Daytona Scatpack 2025: ¿El primer Muscle Car eléctrico? | Jaime Gabaldoni,,,shorts,https://i.ytimg.com/vi/8sT-7zADjSI/oardefault.jpg?sqp=-oaymwEgCJUDEOAESFWQAgHyq4qpAw8IARUAAIhCcAHAAQbIAQE=&rs=AOn4CLBHSQOwcuKRJaJUG-Wjyfm-l77wcQ&usqp=CCk,Jaime Gabaldoni,external-reference,embed_link_and_summarize_only
b6WuDuxcvt8,https://www.youtube.com/shorts/b6WuDuxcvt8,"Jeep Wrangler 4xe Willys ‘41 2025: ¿Vale $61,825 este híbrido legendario? | Jaime Gabaldoni",,,shorts,https://i.ytimg.com/vi/b6WuDuxcvt8/oardefault.jpg?sqp=-oaymwEgCJUDEOAESFWQAgHyq4qpAw8IARUAAIhCcAHAAQbIAQE=&rs=AOn4CLA057-i2FmSP1By1GBg60VeYtTj1Q&usqp=CCk,Jaime Gabaldoni,external-reference,embed_link_and_summarize_only
tlhec3wM178,https://www.youtube.com/shorts/tlhec3wM178,Mercedes-AMG GT63 S E Performance 4-Door Coupé 2025: ¡El nombre más largo! | Jaime Gabaldoni,,,shorts,https://i.ytimg.com/vi/tlhec3wM178/oardefault.jpg?sqp=-oaymwEgCJUDEOAESFWQAgHyq4qpAw8IARUAAIhCcAHAAQbIAQE=&rs=AOn4CLCTlm83gMW03YR8jfX3KWTWX4322w&usqp=CCk,Jaime Gabaldoni,external-reference,embed_link_and_summarize_only
eU94o3sOyig,https://www.youtube.com/shorts/eU94o3sOyig,Dodge Durango SRT Hellcat Hammerhead 2025: SUV con 710 HP y alma de muscle car | Jaime Gabaldoni,,,shorts,https://i.ytimg.com/vi/eU94o3sOyig/oardefault.jpg?sqp=-oaymwEgCJUDEOAESFWQAgHyq4qpAw8IARUAAIhCcAHAAQbIAQE=&rs=AOn4CLB1qXWDNh6O8qXMsKN-6bJt_3jZ4Q&usqp=CCk,Jaime Gabaldoni,external-reference,embed_link_and_summarize_only
bs2oxc8jIrg,https://www.youtube.com/shorts/bs2oxc8jIrg,"Chevrolet Silverado 1500 TrailBoss 2025: pickup V8 de 420 HP por $72,395 #Shorts | Jaime Gabaldoni",,,shorts,https://i.ytimg.com/vi/bs2oxc8jIrg/oardefault.jpg?sqp=-oaymwEgCJUDEOAESFWQAgHyq4qpAw8IARUAAIhCcAHAAQbIAQE=&rs=AOn4CLDcA1tnUh7VA3DMKPRUuYfNATqw0Q&usqp=CCk,Jaime Gabaldoni,external-reference,embed_link_and_summarize_only
VoIXvlbGxx0,https://www.youtube.com/shorts/VoIXvlbGxx0,Audi SQ6 e-tron 2025: Potencia eléctrica y lujo con 509 hp | Lanzamiento | Jaime Gabaldoni,,,shorts,https://i.ytimg.com/vi/VoIXvlbGxx0/oardefault.jpg?sqp=-oaymwEgCJUDEOAESFWQAgHyq4qpAw8IARUAAIhCcAHAAQbIAQE=&rs=AOn4CLCtIiCpuVt6hcF9TH7sig0XHzitKA&usqp=CCk,Jaime Gabaldoni,external-reference,embed_link_and_summarize_only
-IQ43aARlkc,https://www.youtube.com/shorts/-IQ43aARlkc,Mercedes-AMG GT63 S E Performance 2025 | Prueba de manejo | Jaime Gabaldoni,,,shorts,https://i.ytimg.com/vi/-IQ43aARlkc/oardefault.jpg?sqp=-oaymwEgCJUDEOAESFWQAgHyq4qpAw8IARUAAIhCcAHAAQbIAQE=&rs=AOn4CLDbkUtlPaSNc2SgMngjYoKO9ntbSA&usqp=CCk,Jaime Gabaldoni,external-reference,embed_link_and_summarize_only
1D_v-jZ9QRc,https://www.youtube.com/shorts/1D_v-jZ9QRc,Chevrolet Silverado vs. Cheyenne: ¿Por qué cambian de nombre en EE. UU. y México? | Jaime Gabaldoni,,,shorts,https://i.ytimg.com/vi/1D_v-jZ9QRc/oardefault.jpg?sqp=-oaymwEgCJUDEOAESFWQAgHyq4qpAw8IARUAAIhCcAHAAQbIAQE=&rs=AOn4CLB8r8LIpmfR9vSf03xBKjf1T6cA3g&usqp=CCk,Jaime Gabaldoni,external-reference,embed_link_and_summarize_only
NZef6Ri0oik,https://www.youtube.com/shorts/NZef6Ri0oik,Bentley Continental GT Speed 2025 🇬🇧 | 771 HP Híbrido y Lujo Extremo #Shorts | Jaime Gabaldoni,,,shorts,https://i.ytimg.com/vi/NZef6Ri0oik/oardefault.jpg?sqp=-oaymwEgCJUDEOAESFWQAgHyq4qpAw8IARUAAIhCcAHAAQbIAQE=&rs=AOn4CLCt5L0gMin6oTCzk_4-q4hb_IUyQQ&usqp=CCk,Jaime Gabaldoni,external-reference,embed_link_and_summarize_only
hCW4C2GDado,https://www.youtube.com/shorts/hCW4C2GDado,"Nissan Versa SR 2025: $22,330 por el #Nissan #VersaSR | Prueba de manejo | Jaime Gabaldoni",,,shorts,https://i.ytimg.com/vi/hCW4C2GDado/oardefault.jpg?sqp=-oaymwEgCJUDEOAESFWQAgHyq4qpAw8IARUAAIhCcAHAAQbIAQE=&rs=AOn4CLA4PHhG4b_ucpvWUjLqlltgxeM_nQ&usqp=CCk,Jaime Gabaldoni,external-reference,embed_link_and_summarize_only
SSaGyWgFRCM,https://www.youtube.com/shorts/SSaGyWgFRCM,Hyundai Palisade Calligraphy 2024: SUV de lujo y tecnología | Reseña SUV | Jaime Gabaldoni,,,shorts,https://i.ytimg.com/vi/SSaGyWgFRCM/oardefault.jpg?sqp=-oaymwEgCJUDEOAESFWQAgHyq4qpAw8IARUAAIhCcAHAAQbIAQE=&rs=AOn4CLCitvFZdEtmV2F4p3dCMe9mO0N35Q&usqp=CCk,Jaime Gabaldoni,external-reference,embed_link_and_summarize_only
sc7DLgOBSSY,https://www.youtube.com/shorts/sc7DLgOBSSY,Ford Mustang GTD Spirit of America 2025: el más potente y patriótico | Lanzamiento | Jaime Gabaldoni,,,shorts,https://i.ytimg.com/vi/sc7DLgOBSSY/oardefault.jpg?sqp=-oaymwEgCJUDEOAESFWQAgHyq4qpAw8IARUAAIhCcAHAAQbIAQE=&rs=AOn4CLAP6cWPb6noOHpQwtXI-6XXd7S-8w&usqp=CCk,Jaime Gabaldoni,external-reference,embed_link_and_summarize_only
f1Ly6cM2D00,https://www.youtube.com/shorts/f1Ly6cM2D00,"Mercedes-AMG CLE 53 Coupé 2024: Elegancia, potencia y tecnología juntas | Reseña | Jaime Gabaldoni",,,shorts,https://i.ytimg.com/vi/f1Ly6cM2D00/oardefault.jpg?sqp=-oaymwEgCJUDEOAESFWQAgHyq4qpAw8IARUAAIhCcAHAAQbIAQE=&rs=AOn4CLDnUakyBSLSSgi6OYM9TPCrDdV4iA&usqp=CCk,Jaime Gabaldoni,external-reference,embed_link_and_summarize_only
yaBz3kJv2gI,https://www.youtube.com/shorts/yaBz3kJv2gI,Toyota y NVIDIA en CES 2025: Vehículos autónomos con IA Cosmos | Lanzamiento | Jaime Gabaldoni,,,shorts,https://i.ytimg.com/vi/yaBz3kJv2gI/oardefault.jpg?sqp=-oaymwEgCJUDEOAESFWQAgHyq4qpAw8IARUAAIhCcAHAAQbIAQE=&rs=AOn4CLAioTCsdv54LL_RHqY_BR4bWUICrg&usqp=CCk,Jaime Gabaldoni,external-reference,embed_link_and_summarize_only
Gf0jgUjNFi0,https://www.youtube.com/shorts/Gf0jgUjNFi0,Nissan Kicks SR 2025: La versión más equipada del SUV más accesible en EE.UU. | Jaime Gabaldoni,,,shorts,https://i.ytimg.com/vi/Gf0jgUjNFi0/oardefault.jpg?sqp=-oaymwEgCJUDEOAESFWQAgHyq4qpAw8IARUAAIhCcAHAAQbIAQE=&rs=AOn4CLCAO4t4GK7pS8Blkwy1G-jfJBgStA&usqp=CCk,Jaime Gabaldoni,external-reference,embed_link_and_summarize_only
VCpv3ZBU1qM,https://www.youtube.com/shorts/VCpv3ZBU1qM,"Kia K5 GT-Line 2025 — Nuevo Diseño, Tecnología y Detalles del Sedán Deportivo 🚘✨ | Jaime Gabaldoni",,,shorts,https://i.ytimg.com/vi/VCpv3ZBU1qM/oardefault.jpg?sqp=-oaymwEgCJUDEOAESFWQAgHyq4qpAw8IARUAAIhCcAHAAQbIAQE=&rs=AOn4CLASAsSTNZUWb43Gfh8TvzhwscPMng&usqp=CCk,Jaime Gabaldoni,external-reference,embed_link_and_summarize_only
WHcx1KZ5HKA,https://www.youtube.com/shorts/WHcx1KZ5HKA,"Kia K5 GT-Line 2025: Detalles, diseño y confort | Reseña | Jaime Gabaldoni",,,shorts,https://i.ytimg.com/vi/WHcx1KZ5HKA/oardefault.jpg?sqp=-oaymwEgCJUDEOAESFWQAgHyq4qpAw8IARUAAIhCcAHAAQbIAQE=&rs=AOn4CLC_p6CS34W98V5DiS5D12Fawr9pUQ&usqp=CCk,Jaime Gabaldoni,external-reference,embed_link_and_summarize_only
o2bBdVQ09fg,https://www.youtube.com/shorts/o2bBdVQ09fg,KIA K5 GT-Line 2025 - Reseña Detallada | Jaime Gabaldoni,,,shorts,https://i.ytimg.com/vi/o2bBdVQ09fg/oardefault.jpg?sqp=-oaymwEgCJUDEOAESFWQAgHyq4qpAw8IARUAAIhCcAHAAQbIAQE=&rs=AOn4CLCwL8tpTW6N7BPU3S9WrqaHVWAEwg&usqp=CCk,Jaime Gabaldoni,external-reference,embed_link_and_summarize_only
G_A7aTSc0lE,https://www.youtube.com/shorts/G_A7aTSc0lE,"KIA K4 GT-Line 2025 🚗 ¡Nuevo diseño, más tecnología y estilo deportivo! | Jaime Gabaldoni",,,shorts,https://i.ytimg.com/vi/G_A7aTSc0lE/oardefault.jpg?sqp=-oaymwEgCJUDEOAESFWQAgHyq4qpAw8IARUAAIhCcAHAAQbIAQE=&rs=AOn4CLCEXFxN5XzDOp1MCa1wbzAmOtDCHQ&usqp=CCk,Jaime Gabaldoni,external-reference,embed_link_and_summarize_only
j64bripr_iw,https://www.youtube.com/shorts/j64bripr_iw,"🚘 Nuevo KIA K4 GT-Line 2025 | Diseño, Interior y Detalles 🔥 #Shorts | Jaime Gabaldoni",,,shorts,https://i.ytimg.com/vi/j64bripr_iw/oardefault.jpg?sqp=-oaymwEgCJUDEOAESFWQAgHyq4qpAw8IARUAAIhCcAHAAQbIAQE=&rs=AOn4CLD25EgPLCGsnTAkoeX6UgqDi8Eb5A&usqp=CCk,Jaime Gabaldoni,external-reference,embed_link_and_summarize_only
pvthSCAdnEU,https://www.youtube.com/shorts/pvthSCAdnEU,#Kia #K4 2025 #KiaK4,,,shorts,https://i.ytimg.com/vi/pvthSCAdnEU/oardefault.jpg?sqp=-oaymwEgCJUDEOAESFWQAgHyq4qpAw8IARUAAIhCcAHAAQbIAQE=&rs=AOn4CLB1D8n5MGFl526RS8dXiD7n-dNRzw&usqp=CCk,Jaime Gabaldoni,external-reference,embed_link_and_summarize_only
o7ZZIBWCuRI,https://www.youtube.com/shorts/o7ZZIBWCuRI,#Infiniti #QX80 Autograph 2025,,,shorts,https://i.ytimg.com/vi/o7ZZIBWCuRI/oardefault.jpg?sqp=-oaymwEgCJUDEOAESFWQAgHyq4qpAw8IARUAAIhCcAHAAQbIAQE=&rs=AOn4CLCqBlkIwcumVbOX7kkfaeC74Gt3rg&usqp=CCk,Jaime Gabaldoni,external-reference,embed_link_and_summarize_only
v9dRdXE-gHs,https://www.youtube.com/shorts/v9dRdXE-gHs,#Infiniti #QX80 Autograph 2025,,,shorts,https://i.ytimg.com/vi/v9dRdXE-gHs/oardefault.jpg?sqp=-oaymwEgCJUDEOAESFWQAgHyq4qpAw8IARUAAIhCcAHAAQbIAQE=&rs=AOn4CLD1FqOfI3nAkzEujzSw7H0BaFPOOA&usqp=CCk,Jaime Gabaldoni,external-reference,embed_link_and_summarize_only
_aZcQQbUMfs,https://www.youtube.com/shorts/_aZcQQbUMfs,#Infiniti #QX80 Autograph 2025,,,shorts,https://i.ytimg.com/vi/_aZcQQbUMfs/oardefault.jpg?sqp=-oaymwEgCJUDEOAESFWQAgHyq4qpAw8IARUAAIhCcAHAAQbIAQE=&rs=AOn4CLBLGSTuJ6AiiyQJdDtduZUxRvkK5Q&usqp=CCk,Jaime Gabaldoni,external-reference,embed_link_and_summarize_only
LNr-tc8qW-c,https://www.youtube.com/shorts/LNr-tc8qW-c,Detalles del nuevo Subaru Forester Limited 2025 | Jaime Gabaldoni,,,shorts,https://i.ytimg.com/vi/LNr-tc8qW-c/oardefault.jpg?sqp=-oaymwEgCJUDEOAESFWQAgHyq4qpAw8IARUAAIhCcAHAAQbIAQE=&rs=AOn4CLDATOixdXZZSQTUkMKm2aR1NoPHeA&usqp=CCk,Jaime Gabaldoni,external-reference,embed_link_and_summarize_only
pI2CWp6Jw7M,https://www.youtube.com/shorts/pI2CWp6Jw7M,"🚙 Subaru Forester Limited 2025 | ¡Más tecnología, confort y tracción total! | Jaime Gabaldoni",,,shorts,https://i.ytimg.com/vi/pI2CWp6Jw7M/oardefault.jpg?sqp=-oaymwEgCJUDEOAESFWQAgHyq4qpAw8IARUAAIhCcAHAAQbIAQE=&rs=AOn4CLAgZzm8VVEEph-rmOfB_rxro_Skjg&usqp=CCk,Jaime Gabaldoni,external-reference,embed_link_and_summarize_only
mjRxWPgi9A0,https://www.youtube.com/shorts/mjRxWPgi9A0,"🚙 Nuevo Subaru Forester 2025 Limited | ¡Más seguro, espacioso y moderno! 🔥 #Shorts | Jaime Gabaldoni",,,shorts,https://i.ytimg.com/vi/mjRxWPgi9A0/oardefault.jpg?sqp=-oaymwEgCJUDEOAESFWQAgHyq4qpAw8IARUAAIhCcAHAAQbIAQE=&rs=AOn4CLD26j3ivi3MeADRM8tRjpJhkDUsLg&usqp=CCk,Jaime Gabaldoni,external-reference,embed_link_and_summarize_only
jrF39y6fM8k,https://www.youtube.com/shorts/jrF39y6fM8k,GMC Sierra 2500 HD Denali Ultimate 2025 💪 La Pickup de Lujo Más Potente | Jaime Gabaldoni,,,shorts,https://i.ytimg.com/vi/jrF39y6fM8k/oardefault.jpg?sqp=-oaymwEgCJUDEOAESFWQAgHyq4qpAw8IARUAAIhCcAHAAQbIAQE=&rs=AOn4CLCdBoJld5RaQG8PmaqwMsthYCihtA&usqp=CCk,Jaime Gabaldoni,external-reference,embed_link_and_summarize_only
BZKzHDFR9mU,https://www.youtube.com/shorts/BZKzHDFR9mU,#GMC SIERRA 2500 HD #DENALI #ULTIMATE 2025,,,shorts,https://i.ytimg.com/vi/BZKzHDFR9mU/oardefault.jpg?sqp=-oaymwEgCJUDEOAESFWQAgHyq4qpAw8IARUAAIhCcAHAAQbIAQE=&rs=AOn4CLAtUe5F08wSjhKGGv0gSU8C1qnFvA&usqp=CCk,Jaime Gabaldoni,external-reference,embed_link_and_summarize_only
znUHU2EES50,https://www.youtube.com/shorts/znUHU2EES50,Detalles más destacados de la poderosa GMC Sierra 2500 HD Denali Ultimate 2025 | Jaime Gabaldoni,,,shorts,https://i.ytimg.com/vi/znUHU2EES50/oardefault.jpg?sqp=-oaymwEgCJUDEOAESFWQAgHyq4qpAw8IARUAAIhCcAHAAQbIAQE=&rs=AOn4CLBLeeEU0g-tZMwFFWMFFhWcnP2amA&usqp=CCk,Jaime Gabaldoni,external-reference,embed_link_and_summarize_only
uox-IDVrplY,https://www.youtube.com/shorts/uox-IDVrplY,#FORD #MUSTANG MACH-E #RALLY 2024,,,shorts,https://i.ytimg.com/vi/uox-IDVrplY/oardefault.jpg?sqp=-oaymwEgCJUDEOAESFWQAgHyq4qpAw8IARUAAIhCcAHAAQbIAQE=&rs=AOn4CLAb4d5J24b1HwTsPOR00X3MdfC-Fg&usqp=CCk,Jaime Gabaldoni,external-reference,embed_link_and_summarize_only
BSTXCB_seQM,https://www.youtube.com/shorts/BSTXCB_seQM,#FORD #MUSTANG MACH-E #RALLY 2024,,,shorts,https://i.ytimg.com/vi/BSTXCB_seQM/oardefault.jpg?sqp=-oaymwEgCJUDEOAESFWQAgHyq4qpAw8IARUAAIhCcAHAAQbIAQE=&rs=AOn4CLDj0q0yHVteDR2cDrd_plOcVRlAtA&usqp=CCk,Jaime Gabaldoni,external-reference,embed_link_and_summarize_only
LDMIQBmS4oA,https://www.youtube.com/shorts/LDMIQBmS4oA,#FORD #MUSTANG MACH-E #RALLY 2024,,,shorts,https://i.ytimg.com/vi/LDMIQBmS4oA/oardefault.jpg?sqp=-oaymwEgCJUDEOAESFWQAgHyq4qpAw8IARUAAIhCcAHAAQbIAQE=&rs=AOn4CLAz0B1eyNp6boN92-uYhOLKxZrXzg&usqp=CCk,Jaime Gabaldoni,external-reference,embed_link_and_summarize_only
zmqNgwVxiVY,https://www.youtube.com/shorts/zmqNgwVxiVY,#MercedesAMG GT63,,,shorts,https://i.ytimg.com/vi/zmqNgwVxiVY/oardefault.jpg?sqp=-oaymwEgCJUDEOAESFWQAgHyq4qpAw8IARUAAIhCcAHAAQbIAQE=&rs=AOn4CLCrXywi1RMHHRxZTtjp2C3sLzAZbg&usqp=CCk,Jaime Gabaldoni,external-reference,embed_link_and_summarize_only
o6gkQCh3FYE,https://www.youtube.com/shorts/o6gkQCh3FYE,#MercedesAMG GT63,,,shorts,https://i.ytimg.com/vi/o6gkQCh3FYE/oardefault.jpg?sqp=-oaymwEgCJUDEOAESFWQAgHyq4qpAw8IARUAAIhCcAHAAQbIAQE=&rs=AOn4CLCryAbQO6hwFiM7XZ7EF9uFeGAxXA&usqp=CCk,Jaime Gabaldoni,external-reference,embed_link_and_summarize_only
EsWj-yX1i3g,https://www.youtube.com/shorts/EsWj-yX1i3g,#MercedesAMG GT63,,,shorts,https://i.ytimg.com/vi/EsWj-yX1i3g/oardefault.jpg?sqp=-oaymwEgCJUDEOAESFWQAgHyq4qpAw8IARUAAIhCcAHAAQbIAQE=&rs=AOn4CLBaRTfPnHn1qGeZJV-bidi6pVITwQ&usqp=CCk,Jaime Gabaldoni,external-reference,embed_link_and_summarize_only
veU-cQgX-Yw,https://www.youtube.com/shorts/veU-cQgX-Yw,#Kia #EV9 2024 #SouthDadeKia,,,shorts,https://i.ytimg.com/vi/veU-cQgX-Yw/oardefault.jpg?sqp=-oaymwEgCJUDEOAESFWQAgHyq4qpAw8IARUAAIhCcAHAAQbIAQE=&rs=AOn4CLDd7u6I-s4CZYvy5OfRDfTpQuA76A&usqp=CCk,Jaime Gabaldoni,external-reference,embed_link_and_summarize_only
ke5uEOCnucg,https://www.youtube.com/shorts/ke5uEOCnucg,"Volvo XC90 T8 2025: Más lujo, espacio y tecnología híbrida | Reseña SUV | Jaime Gabaldoni",,,shorts,https://i.ytimg.com/vi/ke5uEOCnucg/oardefault.jpg?sqp=-oaymwEgCJUDEOAESFWQAgHyq4qpAw8IARUAAIhCcAHAAQbIAQE=&rs=AOn4CLD55XTouvYBMazf15Tw4fe5jsw-ow&usqp=CCk,Jaime Gabaldoni,external-reference,embed_link_and_summarize_only
0drBEFmvZgU,https://www.youtube.com/shorts/0drBEFmvZgU,"Volvo XC90 T8 2025: Más lujo, tecnología y eficiencia híbrida | Reseña SUV | Jaime Gabaldoni",,,shorts,https://i.ytimg.com/vi/0drBEFmvZgU/oardefault.jpg?sqp=-oaymwEgCJUDEOAESFWQAgHyq4qpAw8IARUAAIhCcAHAAQbIAQE=&rs=AOn4CLAViw-XD2AmI1lcI7mQkMSHMSxjug&usqp=CCk,Jaime Gabaldoni,external-reference,embed_link_and_summarize_only
9qKx2YD-wOQ,https://www.youtube.com/shorts/9qKx2YD-wOQ,Volvo XC90 T8 2025 #Volvo #XC90 T8 2025 | Jaime Gabaldoni,,,shorts,https://i.ytimg.com/vi/9qKx2YD-wOQ/oardefault.jpg?sqp=-oaymwEgCJUDEOAESFWQAgHyq4qpAw8IARUAAIhCcAHAAQbIAQE=&rs=AOn4CLBhiT-OzU8qZcxRN_XctC9zI5UCTA&usqp=CCk,Jaime Gabaldoni,external-reference,embed_link_and_summarize_only
LopdZBISc4U,https://www.youtube.com/shorts/LopdZBISc4U,#Kia #EV9 #SouthDadeKia,,,shorts,https://i.ytimg.com/vi/LopdZBISc4U/oardefault.jpg?sqp=-oaymwEgCJUDEOAESFWQAgHyq4qpAw8IARUAAIhCcAHAAQbIAQE=&rs=AOn4CLDs7W-mmiZsVeB-y70obV3tfz0XnA&usqp=CCk,Jaime Gabaldoni,external-reference,embed_link_and_summarize_only
es0WYeFRwzw,https://www.youtube.com/shorts/es0WYeFRwzw,#Lamborghini #Revuelto #Shorts,,,shorts,https://i.ytimg.com/vi/es0WYeFRwzw/oardefault.jpg?sqp=-oaymwEgCJUDEOAESFWQAgHyq4qpAw8IARUAAIhCcAHAAQbIAQE=&rs=AOn4CLBd6LE62U-NlN-zKLFblfm0hdH1VA&usqp=CCk,Jaime Gabaldoni,external-reference,embed_link_and_summarize_only
ZXddvtjXN6o,https://www.youtube.com/shorts/ZXddvtjXN6o,#Lamborghini #Revuelto #Shorts,,,shorts,https://i.ytimg.com/vi/ZXddvtjXN6o/oardefault.jpg?sqp=-oaymwEgCJUDEOAESFWQAgHyq4qpAw8IARUAAIhCcAHAAQbIAQE=&rs=AOn4CLD3eckS7Q1wgRFQaLpL3hrMb5lOUw&usqp=CCk,Jaime Gabaldoni,external-reference,embed_link_and_summarize_only
yNsgu79Jc9Q,https://www.youtube.com/shorts/yNsgu79Jc9Q,Detalles del Lamborghini Revuelto 2024 #Lamborghini #Revuelto #Shorts 🏎️🔥 | Jaime Gabaldoni,,,shorts,https://i.ytimg.com/vi/yNsgu79Jc9Q/oardefault.jpg?sqp=-oaymwEgCJUDEOAESFWQAgHyq4qpAw8IARUAAIhCcAHAAQbIAQE=&rs=AOn4CLCiMtKuf6srr-FeGyuwJkM2XHSzbA&usqp=CCk,Jaime Gabaldoni,external-reference,embed_link_and_summarize_only
pXcbbiRoZkI,https://www.youtube.com/shorts/pXcbbiRoZkI,#Kia #EV9 #SouthDadeKia,,,shorts,https://i.ytimg.com/vi/pXcbbiRoZkI/oardefault.jpg?sqp=-oaymwEgCJUDEOAESFWQAgHyq4qpAw8IARUAAIhCcAHAAQbIAQE=&rs=AOn4CLAu_ZCNgZi2t17GS6EmgjsqCYUk4w&usqp=CCk,Jaime Gabaldoni,external-reference,embed_link_and_summarize_only
THt09gwEZ6k,https://www.youtube.com/shorts/THt09gwEZ6k,#Jeep #Wrangler #V8,,,shorts,https://i.ytimg.com/vi/THt09gwEZ6k/oardefault.jpg?sqp=-oaymwEgCJUDEOAESFWQAgHyq4qpAw8IARUAAIhCcAHAAQbIAQE=&rs=AOn4CLAfVAuC1unm7oj8ioyg6vG0w9XJuA&usqp=CCk,Jaime Gabaldoni,external-reference,embed_link_and_summarize_only
wlWb2JaUzfU,https://www.youtube.com/shorts/wlWb2JaUzfU,#Jeep #Wrangler #V8,,,shorts,https://i.ytimg.com/vi/wlWb2JaUzfU/oardefault.jpg?sqp=-oaymwEgCJUDEOAESFWQAgHyq4qpAw8IARUAAIhCcAHAAQbIAQE=&rs=AOn4CLAw1cmmrUAp03VqKl_nF0R2pHh0pQ&usqp=CCk,Jaime Gabaldoni,external-reference,embed_link_and_summarize_only
GXNmFCpJO0o,https://www.youtube.com/shorts/GXNmFCpJO0o,Jeep Wrangler 392 Final Edition 2025: El último V8 HEMI | Prueba de manejo | Jaime Gabaldoni,,,shorts,https://i.ytimg.com/vi/GXNmFCpJO0o/oardefault.jpg?sqp=-oaymwEgCJUDEOAESFWQAgHyq4qpAw8IARUAAIhCcAHAAQbIAQE=&rs=AOn4CLCNRBMfqO7T3gPrXpln-ka9EJrTeA&usqp=CCk,Jaime Gabaldoni,external-reference,embed_link_and_summarize_only
iD2--QmZznM,https://www.youtube.com/shorts/iD2--QmZznM,GMC Hummer EV 2025: El SUV eléctrico más poderoso con 3 motores | Jaime Gabaldoni,,,shorts,https://i.ytimg.com/vi/iD2--QmZznM/oardefault.jpg?sqp=-oaymwEgCJUDEOAESFWQAgHyq4qpAw8IARUAAIhCcAHAAQbIAQE=&rs=AOn4CLCFoUS_OOCCqN7dA0bwDtgDdn8yYg&usqp=CCk,Jaime Gabaldoni,external-reference,embed_link_and_summarize_only
oIKJqvwDlts,https://www.youtube.com/shorts/oIKJqvwDlts,#GMC #Hummer EV 2025,,,shorts,https://i.ytimg.com/vi/oIKJqvwDlts/oardefault.jpg?sqp=-oaymwEgCJUDEOAESFWQAgHyq4qpAw8IARUAAIhCcAHAAQbIAQE=&rs=AOn4CLCWi-ffEVZizhJfy2QxN7vS6y4SbQ&usqp=CCk,Jaime Gabaldoni,external-reference,embed_link_and_summarize_only
4hHRn7jzk7I,https://www.youtube.com/shorts/4hHRn7jzk7I,GMC Hummer EV SUV 2025: El eléctrico más poderoso con 3 motores ⚡💪 | Reseña | Jaime Gabaldoni,,,shorts,https://i.ytimg.com/vi/4hHRn7jzk7I/oardefault.jpg?sqp=-oaymwEgCJUDEOAESFWQAgHyq4qpAw8IARUAAIhCcAHAAQbIAQE=&rs=AOn4CLDAjXHm4Jdlq094Ow32agHrGguU6Q&usqp=CCk,Jaime Gabaldoni,external-reference,embed_link_and_summarize_only
bGMTDanGk3Q,https://www.youtube.com/shorts/bGMTDanGk3Q,"Toyota Land Cruiser 1958 2024 🏕️ Potencia, tradición y tecnología híbrida #Shorts | Jaime Gabaldoni",,,shorts,https://i.ytimg.com/vi/bGMTDanGk3Q/oardefault.jpg?sqp=-oaymwEgCJUDEOAESFWQAgHyq4qpAw8IARUAAIhCcAHAAQbIAQE=&rs=AOn4CLCGcAWjoc-EiDGJDGZ-UwuML2q3Eg&usqp=CCk,Jaime Gabaldoni,external-reference,embed_link_and_summarize_only
oOaKg1KDZUg,https://www.youtube.com/shorts/oOaKg1KDZUg,Toyota Land Cruiser 1958 2024: Diseño clásico y fuerza moderna #Shorts | Jaime Gabaldoni,,,shorts,https://i.ytimg.com/vi/oOaKg1KDZUg/oardefault.jpg?sqp=-oaymwEgCJUDEOAESFWQAgHyq4qpAw8IARUAAIhCcAHAAQbIAQE=&rs=AOn4CLBUeKQqmZ3IsCSdz83l6fSAzA1qoQ&usqp=CCk,Jaime Gabaldoni,external-reference,embed_link_and_summarize_only
a6_L8ZXEFgc,https://www.youtube.com/shorts/a6_L8ZXEFgc,Toyota Land Cruiser 1958 2024: El regreso del clásico todoterreno 🔥 | Reseña SUV | Jaime Gabaldoni,,,shorts,https://i.ytimg.com/vi/a6_L8ZXEFgc/oardefault.jpg?sqp=-oaymwEgCJUDEOAESFWQAgHyq4qpAw8IARUAAIhCcAHAAQbIAQE=&rs=AOn4CLB8cXEY0qbXdYZsgke94Q7Ad7xsSg&usqp=CCk,Jaime Gabaldoni,external-reference,embed_link_and_summarize_only
SHE39W8xXB4,https://www.youtube.com/shorts/SHE39W8xXB4,KIA Sorento Plug-In Hybrid 2024 | Jaime Gabaldoni,,,shorts,https://i.ytimg.com/vi/SHE39W8xXB4/oardefault.jpg?sqp=-oaymwEgCJUDEOAESFWQAgHyq4qpAw8IARUAAIhCcAHAAQbIAQE=&rs=AOn4CLC4BuYWrI744Q_YavrCiUWAV_GkTg&usqp=CCk,Jaime Gabaldoni,external-reference,embed_link_and_summarize_only
VbxkPjYVEf8,https://www.youtube.com/shorts/VbxkPjYVEf8,Diferencias entre mercados #Mitsubishi #OutlanderSport,,,shorts,https://i.ytimg.com/vi/VbxkPjYVEf8/oardefault.jpg?sqp=-oaymwEgCJUDEOAESFWQAgHyq4qpAw8IARUAAIhCcAHAAQbIAQE=&rs=AOn4CLAdpbNUewHHFz1jEbTQYLV4lq10xA&usqp=CCk,Jaime Gabaldoni,external-reference,embed_link_and_summarize_only
S3oZ1jK7A6M,https://www.youtube.com/shorts/S3oZ1jK7A6M,Diferencias entre mercados #Mitsubishi #OutlanderSport,,,shorts,https://i.ytimg.com/vi/S3oZ1jK7A6M/oardefault.jpg?sqp=-oaymwEgCJUDEOAESFWQAgHyq4qpAw8IARUAAIhCcAHAAQbIAQE=&rs=AOn4CLDIw821PWla_Bh8pDLL7AhfyKO2Fw&usqp=CCk,Jaime Gabaldoni,external-reference,embed_link_and_summarize_only
URld-TgNHwQ,https://www.youtube.com/shorts/URld-TgNHwQ,Diferencias entre mercados #Mitsubishi #OutlanderSport,,,shorts,https://i.ytimg.com/vi/URld-TgNHwQ/oardefault.jpg?sqp=-oaymwEgCJUDEOAESFWQAgHyq4qpAw8IARUAAIhCcAHAAQbIAQE=&rs=AOn4CLDpa6jhh5ohSPNq4zDO14MNFizMvQ&usqp=CCk,Jaime Gabaldoni,external-reference,embed_link_and_summarize_only
knqP9cDZmdQ,https://www.youtube.com/shorts/knqP9cDZmdQ,#BMW #530i 2024,,,shorts,https://i.ytimg.com/vi/knqP9cDZmdQ/oardefault.jpg?sqp=-oaymwEgCJUDEOAESFWQAgHyq4qpAw8IARUAAIhCcAHAAQbIAQE=&rs=AOn4CLDegR8QDjLhLYiQtSLAB6g6tch8nw&usqp=CCk,Jaime Gabaldoni,external-reference,embed_link_and_summarize_only
Ej8xWXPedGc,https://www.youtube.com/shorts/Ej8xWXPedGc,#BMW #530i 2024,,,shorts,https://i.ytimg.com/vi/Ej8xWXPedGc/oardefault.jpg?sqp=-oaymwEgCJUDEOAESFWQAgHyq4qpAw8IARUAAIhCcAHAAQbIAQE=&rs=AOn4CLCFCJ5dKB2M0Rd1nTZ2sszxaArKoA&usqp=CCk,Jaime Gabaldoni,external-reference,embed_link_and_summarize_only
vAXrERp3-ho,https://www.youtube.com/shorts/vAXrERp3-ho,#BMW #530i 2024,,,shorts,https://i.ytimg.com/vi/vAXrERp3-ho/oardefault.jpg?sqp=-oaymwEgCJUDEOAESFWQAgHyq4qpAw8IARUAAIhCcAHAAQbIAQE=&rs=AOn4CLBGKavpZCqZkCuzuuFgfnN1cD6LMQ&usqp=CCk,Jaime Gabaldoni,external-reference,embed_link_and_summarize_only
6C-aWbM78kw,https://www.youtube.com/shorts/6C-aWbM78kw,Toyota Camry 2025 🔥 #Toyota #Camry 2025 | Jaime Gabaldoni,,,shorts,https://i.ytimg.com/vi/6C-aWbM78kw/oardefault.jpg?sqp=-oaymwEgCJUDEOAESFWQAgHyq4qpAw8IARUAAIhCcAHAAQbIAQE=&rs=AOn4CLB0sSp0I2Xv733JAHBQnrTlQeJ65g&usqp=CCk,Jaime Gabaldoni,external-reference,embed_link_and_summarize_only
fgDBEliB38U,https://www.youtube.com/shorts/fgDBEliB38U,Toyota Camry 2025: Más tecnología y diseño refinado | Reseña | Jaime Gabaldoni,,,shorts,https://i.ytimg.com/vi/fgDBEliB38U/oardefault.jpg?sqp=-oaymwEgCJUDEOAESFWQAgHyq4qpAw8IARUAAIhCcAHAAQbIAQE=&rs=AOn4CLCr-sDc20ad0djDRJZuCuoUCx8TSA&usqp=CCk,Jaime Gabaldoni,external-reference,embed_link_and_summarize_only
xdbdOHKGj9s,https://www.youtube.com/shorts/xdbdOHKGj9s,🚗 Nuevo Toyota Camry 2025 | ¡Ahora solo híbrido! 🔋 | Jaime Gabaldoni,,,shorts,https://i.ytimg.com/vi/xdbdOHKGj9s/oardefault.jpg?sqp=-oaymwEgCJUDEOAESFWQAgHyq4qpAw8IARUAAIhCcAHAAQbIAQE=&rs=AOn4CLCvv1wmYBqikWkCfo3NVDn4vP-3EQ&usqp=CCk,Jaime Gabaldoni,external-reference,embed_link_and_summarize_only
9qLIzD1ciRQ,https://www.youtube.com/shorts/9qLIzD1ciRQ,#Nissan #Kick 2025 #Shorts,,,shorts,https://i.ytimg.com/vi/9qLIzD1ciRQ/oardefault.jpg?sqp=-oaymwEgCJUDEOAESFWQAgHyq4qpAw8IARUAAIhCcAHAAQbIAQE=&rs=AOn4CLCnL8mAR0Q_utPnXjgTqrv7NfIAEA&usqp=CCk,Jaime Gabaldoni,external-reference,embed_link_and_summarize_only
LsZpc3tt5Kw,https://www.youtube.com/shorts/LsZpc3tt5Kw,Detalles del rediseño #Nissan #Kicks 2025 🚙  #Shorts | Jaime Gabaldoni,,,shorts,https://i.ytimg.com/vi/LsZpc3tt5Kw/oardefault.jpg?sqp=-oaymwEgCJUDEOAESFWQAgHyq4qpAw8IARUAAIhCcAHAAQbIAQE=&rs=AOn4CLD1evj2CPzXSYtNUWG9-9vzVgMTEg&usqp=CCk,Jaime Gabaldoni,external-reference,embed_link_and_summarize_only
Qhy70ljo9Vk,https://www.youtube.com/shorts/Qhy70ljo9Vk,"🚘 Nuevo Nissan Kicks 2025 | ¡Más grande, moderno y con nuevo diseño! 🔥 #Shorts | Jaime Gabaldoni",,,shorts,https://i.ytimg.com/vi/Qhy70ljo9Vk/oardefault.jpg?sqp=-oaymwEgCJUDEOAESFWQAgHyq4qpAw8IARUAAIhCcAHAAQbIAQE=&rs=AOn4CLBCgQwDUkTXK2v7pubFH83SdYdiSg&usqp=CCk,Jaime Gabaldoni,external-reference,embed_link_and_summarize_only
R3ob5xswX7A,https://www.youtube.com/shorts/R3ob5xswX7A,Un día de grabación en #SouthDadeKia #EVStudio,,,shorts,https://i.ytimg.com/vi/R3ob5xswX7A/oardefault.jpg?sqp=-oaymwEgCJUDEOAESFWQAgHyq4qpAw8IARUAAIhCcAHAAQbIAQE=&rs=AOn4CLCjsl2iXNaN3uut66lCMGiQQKHI4g&usqp=CCk,Jaime Gabaldoni,external-reference,embed_link_and_summarize_only
HVvMuEs62Kg,https://www.youtube.com/shorts/HVvMuEs62Kg,Toyota Tacoma Trailhunter 2024 ⚙️ #Toyota #Tacoma #TrailHunter | Jaime Gabaldoni,,,shorts,https://i.ytimg.com/vi/HVvMuEs62Kg/oardefault.jpg?sqp=-oaymwEgCJUDEOAESFWQAgHyq4qpAw8IARUAAIhCcAHAAQbIAQE=&rs=AOn4CLBBOKwx_gdJ0eJtVuHVxQURLS67TA&usqp=CCk,Jaime Gabaldoni,external-reference,embed_link_and_summarize_only
9X7XL_Ao3lI,https://www.youtube.com/shorts/9X7XL_Ao3lI,Toyota Tacoma TrailHunter 2024: Detalles de la Pickup Off-Road Híbrida #Shorts | Jaime Gabaldoni,,,shorts,https://i.ytimg.com/vi/9X7XL_Ao3lI/oardefault.jpg?sqp=-oaymwEgCJUDEOAESFWQAgHyq4qpAw8IARUAAIhCcAHAAQbIAQE=&rs=AOn4CLAIMde9rtLqqKnwuTyyhCHXzNAowQ&usqp=CCk,Jaime Gabaldoni,external-reference,embed_link_and_summarize_only
B-ac9HV-5yo,https://www.youtube.com/shorts/B-ac9HV-5yo,La pickup híbrida más aventurera de Toyota ⚡ #Toyota #Tacoma #TrailHunter | Jaime Gabaldoni,,,shorts,https://i.ytimg.com/vi/B-ac9HV-5yo/oardefault.jpg?sqp=-oaymwEgCJUDEOAESFWQAgHyq4qpAw8IARUAAIhCcAHAAQbIAQE=&rs=AOn4CLBGWenXoM0QuS0UHhBiILHELM_mmg&usqp=CCk,Jaime Gabaldoni,external-reference,embed_link_and_summarize_only
AaN0Cs9vDFo,https://www.youtube.com/shorts/AaN0Cs9vDFo,Detalles del #Hyundai #Elantra HEV 2024 🚗⚡ | Jaime Gabaldoni,,,shorts,https://i.ytimg.com/vi/AaN0Cs9vDFo/oardefault.jpg?sqp=-oaymwEgCJUDEOAESFWQAgHyq4qpAw8IARUAAIhCcAHAAQbIAQE=&rs=AOn4CLAK3Js_5d7zCu4WxuZQOIIBd_fiyg&usqp=CCk,Jaime Gabaldoni,external-reference,embed_link_and_summarize_only
v5qKp-CMAPY,https://www.youtube.com/shorts/v5qKp-CMAPY,#Chevrolet #Equinox EV RS 2024,,,shorts,https://i.ytimg.com/vi/v5qKp-CMAPY/oardefault.jpg?sqp=-oaymwEgCJUDEOAESFWQAgHyq4qpAw8IARUAAIhCcAHAAQbIAQE=&rs=AOn4CLALxqD3zrDAJrUoq16s3cwuBS7iaQ&usqp=CCk,Jaime Gabaldoni,external-reference,embed_link_and_summarize_only
7tph8qQMP9U,https://www.youtube.com/shorts/7tph8qQMP9U,Lamborghini Huracán Sterrato 2024: Detalles del Superdeportivo | Reseña | Jaime Gabaldoni,,,shorts,https://i.ytimg.com/vi/7tph8qQMP9U/oardefault.jpg?sqp=-oaymwEgCJUDEOAESFWQAgHyq4qpAw8IARUAAIhCcAHAAQbIAQE=&rs=AOn4CLCZrIzf77u5QN6Fj0efCTYSDmRfhg&usqp=CCk,Jaime Gabaldoni,external-reference,embed_link_and_summarize_only
CbwOBaMEtr4,https://www.youtube.com/shorts/CbwOBaMEtr4,#Lamborghini #Huracan #Sterrato,,,shorts,https://i.ytimg.com/vi/CbwOBaMEtr4/oardefault.jpg?sqp=-oaymwEgCJUDEOAESFWQAgHyq4qpAw8IARUAAIhCcAHAAQbIAQE=&rs=AOn4CLC1i1COFhZzFah1wv81vfA3bdVWmQ&usqp=CCk,Jaime Gabaldoni,external-reference,embed_link_and_summarize_only
ISb1YwNIQmI,https://www.youtube.com/shorts/ISb1YwNIQmI,#AlfaRomeo #Stelvio #Quadrifoglio 2024,,,shorts,https://i.ytimg.com/vi/ISb1YwNIQmI/oardefault.jpg?sqp=-oaymwEgCJUDEOAESFWQAgHyq4qpAw8IARUAAIhCcAHAAQbIAQE=&rs=AOn4CLCqikn1IsLDpUHfPmQyEZ38XCsPdA&usqp=CCk,Jaime Gabaldoni,external-reference,embed_link_and_summarize_only
SdHvKhzTWaw,https://www.youtube.com/shorts/SdHvKhzTWaw,#AlfaRomeo #Stelvio #Quadrifoglio 2024,,,shorts,https://i.ytimg.com/vi/SdHvKhzTWaw/oardefault.jpg?sqp=-oaymwEgCJUDEOAESFWQAgHyq4qpAw8IARUAAIhCcAHAAQbIAQE=&rs=AOn4CLBVDZ9ZiCXjcbRw2VP2d5LQdausPw&usqp=CCk,Jaime Gabaldoni,external-reference,embed_link_and_summarize_only
iOsaL18GcN4,https://www.youtube.com/shorts/iOsaL18GcN4,#AlfaRomeo #Stelvio #Quadrifoglio 2024,,,shorts,https://i.ytimg.com/vi/iOsaL18GcN4/oardefault.jpg?sqp=-oaymwEgCJUDEOAESFWQAgHyq4qpAw8IARUAAIhCcAHAAQbIAQE=&rs=AOn4CLB3uPw3CA0HSzfkiFrYDTEChyDWzw&usqp=CCk,Jaime Gabaldoni,external-reference,embed_link_and_summarize_only
KzXmvqX9U3c,https://www.youtube.com/shorts/KzXmvqX9U3c,👋🏼👋🏼 V10 😭 #Lamborghini: El rugido final del V10 😭🔥 | Sound Experience | Jaime Gabaldoni,,,shorts,https://i.ytimg.com/vi/KzXmvqX9U3c/oar2.jpg?sqp=-oaymwEgCJUDEOAESFWQAgHyq4qpAw8IARUAAIhCcAHAAQbIAQE=&rs=AOn4CLB5V1AZnbNmtYr2B4QHMdGv9SDPIw&usqp=CCk,Jaime Gabaldoni,external-reference,embed_link_and_summarize_only
dJ86UggLwZw,https://www.youtube.com/shorts/dJ86UggLwZw,#BMW #Z4 M40i 2025,,,shorts,https://i.ytimg.com/vi/dJ86UggLwZw/oardefault.jpg?sqp=-oaymwEgCJUDEOAESFWQAgHyq4qpAw8IARUAAIhCcAHAAQbIAQE=&rs=AOn4CLA3Lm8Oi_bM228VrZIDbuKqd4VinA&usqp=CCk,Jaime Gabaldoni,external-reference,embed_link_and_summarize_only
wbnQRhPvtS8,https://www.youtube.com/shorts/wbnQRhPvtS8,BMW Z4 M40i 2025 Ahora con transmisión manual | Jaime Gabaldoni,,,shorts,https://i.ytimg.com/vi/wbnQRhPvtS8/oardefault.jpg?sqp=-oaymwEgCJUDEOAESFWQAgHyq4qpAw8IARUAAIhCcAHAAQbIAQE=&rs=AOn4CLDD1hvs2xorvwL_XEGk_8RGx4dL7A&usqp=CCk,Jaime Gabaldoni,external-reference,embed_link_and_summarize_only
GpC8eD8iF_Q,https://www.youtube.com/shorts/GpC8eD8iF_Q,BMW Z4 M40i 2025 – ¡Ahora con transmisión manual! 💥 | Jaime Gabaldoni,,,shorts,https://i.ytimg.com/vi/GpC8eD8iF_Q/oardefault.jpg?sqp=-oaymwEgCJUDEOAESFWQAgHyq4qpAw8IARUAAIhCcAHAAQbIAQE=&rs=AOn4CLCiD4LLGr3IUvDnx6rKcOg2Ssu9fw&usqp=CCk,Jaime Gabaldoni,external-reference,embed_link_and_summarize_only
_f02xW-HjdI,https://www.youtube.com/shorts/_f02xW-HjdI,¿Quién dijo que mi trabajo es fácil? #Miata,,,shorts,https://i.ytimg.com/vi/_f02xW-HjdI/oardefault.jpg?sqp=-oaymwEgCJUDEOAESFWQAgHyq4qpAw8IARUAAIhCcAHAAQbIAQE=&rs=AOn4CLB-azqwYiH9bHGzyH1TrQUu6nQghA&usqp=CCk,Jaime Gabaldoni,external-reference,embed_link_and_summarize_only
0-AwDPg55EQ,https://www.youtube.com/shorts/0-AwDPg55EQ,🔥 Prueba del Mazda MX-5 Miata 2024 | El Roadster Más Divertido 🚗💨,,,shorts,https://i.ytimg.com/vi/0-AwDPg55EQ/oardefault.jpg?sqp=-oaymwEgCJUDEOAESFWQAgHyq4qpAw8IARUAAIhCcAHAAQbIAQE=&rs=AOn4CLAqQVTu9oPOnfFpqtwzdyBmGX6mMw&usqp=CCk,Jaime Gabaldoni,external-reference,embed_link_and_summarize_only
sDUXJPTZ_wE,https://www.youtube.com/shorts/sDUXJPTZ_wE,Review #Dodge #Durango #SRTHellcat 2024,,,shorts,https://i.ytimg.com/vi/sDUXJPTZ_wE/oardefault.jpg?sqp=-oaymwEgCJUDEOAESFWQAgHyq4qpAw8IARUAAIhCcAHAAQbIAQE=&rs=AOn4CLDc27t1ILhjiMDr3ppWDG4ud8JxNA&usqp=CCk,Jaime Gabaldoni,external-reference,embed_link_and_summarize_only
oO_UVTVv2AY,https://www.youtube.com/shorts/oO_UVTVv2AY,Chevrolet Corvette ZR1 2025: Brutal cold start 🔥 | Jaime Gabaldoni,,,shorts,https://i.ytimg.com/vi/oO_UVTVv2AY/oardefault.jpg?sqp=-oaymwEgCJUDEOAESFWQAgHyq4qpAw8IARUAAIhCcAHAAQbIAQE=&rs=AOn4CLDUU1cALWnTYJg4-yOHcJV9S_6g8A&usqp=CCk,Jaime Gabaldoni,external-reference,embed_link_and_summarize_only
t4-hapxC_ok,https://www.youtube.com/shorts/t4-hapxC_ok,Corvette ZR1 2025 #Shorts,,,shorts,https://i.ytimg.com/vi/t4-hapxC_ok/oardefault.jpg?sqp=-oaymwEgCJUDEOAESFWQAgHyq4qpAw8IARUAAIhCcAHAAQbIAQE=&rs=AOn4CLDHK2pnhMC_5nMRO25SptC7vtlOrw&usqp=CCk,Jaime Gabaldoni,external-reference,embed_link_and_summarize_only
6LFfRVdE0t8,https://www.youtube.com/shorts/6LFfRVdE0t8,Corvette ZR1 2025 #Shorts,,,shorts,https://i.ytimg.com/vi/6LFfRVdE0t8/oardefault.jpg?sqp=-oaymwEgCJUDEOAESFWQAgHyq4qpAw8IARUAAIhCcAHAAQbIAQE=&rs=AOn4CLD4HZQ4ABRLs2wYKyDHgH_IQxXksQ&usqp=CCk,Jaime Gabaldoni,external-reference,embed_link_and_summarize_only
HBnYmzuUsUs,https://www.youtube.com/shorts/HBnYmzuUsUs,Ford Raptor T1+ #Shorts,,,shorts,https://i.ytimg.com/vi/HBnYmzuUsUs/oardefault.jpg?sqp=-oaymwEgCJUDEOAESFWQAgHyq4qpAw8IARUAAIhCcAHAAQbIAQE=&rs=AOn4CLDPf7tTHHOXkWjKDi5ZjaP4dKuk-A&usqp=CCk,Jaime Gabaldoni,external-reference,embed_link_and_summarize_only
s_FfJV0LIRs,https://www.youtube.com/shorts/s_FfJV0LIRs,Nissan Sentra SR 2024: Detalles y Calidad Interior #Shorts | Reseña | Jaime Gabaldoni,,,shorts,https://i.ytimg.com/vi/s_FfJV0LIRs/oardefault.jpg?sqp=-oaymwEgCJUDEOAESFWQAgHyq4qpAw8IARUAAIhCcAHAAQbIAQE=&rs=AOn4CLCEUpgCFRL7TLXaabDumOyuqgISyQ&usqp=CCk,Jaime Gabaldoni,external-reference,embed_link_and_summarize_only
bheTDLneAvk,https://www.youtube.com/shorts/bheTDLneAvk,🔥 Nissan Sentra SR 2024 | Detalles del Sedán Más Elegante de su Clase 🚗 #Shorts | Jaime Gabaldoni,,,shorts,https://i.ytimg.com/vi/bheTDLneAvk/oardefault.jpg?sqp=-oaymwEgCJUDEOAESFWQAgHyq4qpAw8IARUAAIhCcAHAAQbIAQE=&rs=AOn4CLBgr1oTmUtYefFpJjYus93vl8T-yA&usqp=CCk,Jaime Gabaldoni,external-reference,embed_link_and_summarize_only
ct8qw7FyNC8,https://www.youtube.com/shorts/ct8qw7FyNC8,Nissan Sentra SR 2024 #Shorts,,,shorts,https://i.ytimg.com/vi/ct8qw7FyNC8/oardefault.jpg?sqp=-oaymwEgCJUDEOAESFWQAgHyq4qpAw8IARUAAIhCcAHAAQbIAQE=&rs=AOn4CLByS50IvENG-2y-EHET-JknOedGIQ&usqp=CCk,Jaime Gabaldoni,external-reference,embed_link_and_summarize_only
uNkP6F99UR4,https://www.youtube.com/shorts/uNkP6F99UR4,Ya quiero q vean este video #Shorts,,,shorts,https://i.ytimg.com/vi/uNkP6F99UR4/oar2.jpg?sqp=-oaymwEgCJUDEOAESFWQAgHyq4qpAw8IARUAAIhCcAHAAQbIAQE=&rs=AOn4CLAeNMFJWPeYtRXqjqJEjvE5_aoNAw&usqp=CCk,Jaime Gabaldoni,external-reference,embed_link_and_summarize_only
MZ9RIyB-yoQ,https://www.youtube.com/shorts/MZ9RIyB-yoQ,Prueba Lucid Air Pure RWD 2024 #Shorts | Jaime Gabaldoni,,,shorts,https://i.ytimg.com/vi/MZ9RIyB-yoQ/oardefault.jpg?sqp=-oaymwEgCJUDEOAESFWQAgHyq4qpAw8IARUAAIhCcAHAAQbIAQE=&rs=AOn4CLCveVKABClMkk4sSyEDtcuEoJSpWA&usqp=CCk,Jaime Gabaldoni,external-reference,embed_link_and_summarize_only
9nQTqAg2sW4,https://www.youtube.com/shorts/9nQTqAg2sW4,🚀 Ford SuperVan 4.2 en Goodwood 2024 #Shorts | Jaime Gabaldoni,,,shorts,https://i.ytimg.com/vi/9nQTqAg2sW4/oardefault.jpg?sqp=-oaymwEgCJUDEOAESFWQAgHyq4qpAw8IARUAAIhCcAHAAQbIAQE=&rs=AOn4CLB7nM_mjxSiaGt-QZOsyPlEgEzcuA&usqp=CCk,Jaime Gabaldoni,external-reference,embed_link_and_summarize_only
HrST6u-PDQs,https://www.youtube.com/shorts/HrST6u-PDQs,3/3 Genesis Electrified GV70 2024 #Shorts,,,shorts,https://i.ytimg.com/vi/HrST6u-PDQs/oardefault.jpg?sqp=-oaymwEgCJUDEOAESFWQAgHyq4qpAw8IARUAAIhCcAHAAQbIAQE=&rs=AOn4CLD9ylYzFwkOF-bptvnBzH3oHWf7rA&usqp=CCk,Jaime Gabaldoni,external-reference,embed_link_and_summarize_only
uNMkT-zxutU,https://www.youtube.com/shorts/uNMkT-zxutU,2/3 Genesis Electrified GV70 2024 #Shorts,,,shorts,https://i.ytimg.com/vi/uNMkT-zxutU/oardefault.jpg?sqp=-oaymwEgCJUDEOAESFWQAgHyq4qpAw8IARUAAIhCcAHAAQbIAQE=&rs=AOn4CLCU9gz3L8bnzQziPPLn4n6S_VjtpA&usqp=CCk,Jaime Gabaldoni,external-reference,embed_link_and_summarize_only
wJEuTpOhvcI,https://www.youtube.com/shorts/wJEuTpOhvcI,1/3 Genesis Electrified GV70 2024 #Shorts,,,shorts,https://i.ytimg.com/vi/wJEuTpOhvcI/oardefault.jpg?sqp=-oaymwEgCJUDEOAESFWQAgHyq4qpAw8IARUAAIhCcAHAAQbIAQE=&rs=AOn4CLAkyU-v_cQKK2_ksZQtcgoSPC2cHA&usqp=CCk,Jaime Gabaldoni,external-reference,embed_link_and_summarize_only
CTZXiAC27aE,https://www.youtube.com/shorts/CTZXiAC27aE,Mazda CX-70 2025 🚗 ¡Nueva SUV de Mazda! #Shorts | Jaime Gabaldoni,,,shorts,https://i.ytimg.com/vi/CTZXiAC27aE/oardefault.jpg?sqp=-oaymwEgCJUDEOAESFWQAgHyq4qpAw8IARUAAIhCcAHAAQbIAQE=&rs=AOn4CLD-XsVoJ27fllhB27PJ7yreDZbLHQ&usqp=CCk,Jaime Gabaldoni,external-reference,embed_link_and_summarize_only
c4MlmLKhpAs,https://www.youtube.com/shorts/c4MlmLKhpAs,$41k Nissan Ariya 2024 #Shorts,,,shorts,https://i.ytimg.com/vi/c4MlmLKhpAs/oardefault.jpg?sqp=-oaymwEgCJUDEOAESFWQAgHyq4qpAw8IARUAAIhCcAHAAQbIAQE=&rs=AOn4CLCzGnXS8_9nsYIY-xjjBux6toWaLQ&usqp=CCk,Jaime Gabaldoni,external-reference,embed_link_and_summarize_only
Bw5jtFYdAMg,https://www.youtube.com/shorts/Bw5jtFYdAMg,$41k Nissan Ariya 2024 #Shorts,,,shorts,https://i.ytimg.com/vi/Bw5jtFYdAMg/oardefault.jpg?sqp=-oaymwEgCJUDEOAESFWQAgHyq4qpAw8IARUAAIhCcAHAAQbIAQE=&rs=AOn4CLDMuy0vs2ze5DvqdDZDnG9usq4KHg&usqp=CCk,Jaime Gabaldoni,external-reference,embed_link_and_summarize_only
SBzQ2CXIh-g,https://www.youtube.com/shorts/SBzQ2CXIh-g,$41k Nissan Ariya 2024 #Shorts,,,shorts,https://i.ytimg.com/vi/SBzQ2CXIh-g/oardefault.jpg?sqp=-oaymwEgCJUDEOAESFWQAgHyq4qpAw8IARUAAIhCcAHAAQbIAQE=&rs=AOn4CLBqXSXMNzTff2nY5krLyPcMkzPztQ&usqp=CCk,Jaime Gabaldoni,external-reference,embed_link_and_summarize_only
j7Qo0491YQ0,https://www.youtube.com/shorts/j7Qo0491YQ0,Hyundai IONIQ5 Disney Edition #Shorts,,,shorts,https://i.ytimg.com/vi/j7Qo0491YQ0/oardefault.jpg?sqp=-oaymwEgCJUDEOAESFWQAgHyq4qpAw8IARUAAIhCcAHAAQbIAQE=&rs=AOn4CLBw8DG8wu2d0W-giK9-QFjQ2A-1Ew&usqp=CCk,Jaime Gabaldoni,external-reference,embed_link_and_summarize_only
zp0wyLiK9wQ,https://www.youtube.com/shorts/zp0wyLiK9wQ,Hyundai IONIQ5 Disney Edition #Shorts,,,shorts,https://i.ytimg.com/vi/zp0wyLiK9wQ/oardefault.jpg?sqp=-oaymwEgCJUDEOAESFWQAgHyq4qpAw8IARUAAIhCcAHAAQbIAQE=&rs=AOn4CLDC3Bz-dAhqWXU78Qz3YzRSzHykmg&usqp=CCk,Jaime Gabaldoni,external-reference,embed_link_and_summarize_only
d52XXDlZ9lk,https://www.youtube.com/shorts/d52XXDlZ9lk,Hyundai IONIQ5 Disney Edition #Shorts,,,shorts,https://i.ytimg.com/vi/d52XXDlZ9lk/oar2.jpg?sqp=-oaymwEgCJUDEOAESFWQAgHyq4qpAw8IARUAAIhCcAHAAQbIAQE=&rs=AOn4CLBdgKImc9y7k-bzV12dRtF7Pk8nBQ&usqp=CCk,Jaime Gabaldoni,external-reference,embed_link_and_summarize_only
-xvdxmzc5FY,https://www.youtube.com/shorts/-xvdxmzc5FY,Honda Passport TrailSport 2024 #Shorts,,,shorts,https://i.ytimg.com/vi/-xvdxmzc5FY/oardefault.jpg?sqp=-oaymwEgCJUDEOAESFWQAgHyq4qpAw8IARUAAIhCcAHAAQbIAQE=&rs=AOn4CLAxBHTK9LSDA6Y9UqIW2Ow8-GpaVg&usqp=CCk,Jaime Gabaldoni,external-reference,embed_link_and_summarize_only
55ofyU5I4CE,https://www.youtube.com/shorts/55ofyU5I4CE,Chevrolet Equinox EV 2024 #Shorts,,,shorts,https://i.ytimg.com/vi/55ofyU5I4CE/oardefault.jpg?sqp=-oaymwEgCJUDEOAESFWQAgHyq4qpAw8IARUAAIhCcAHAAQbIAQE=&rs=AOn4CLBwUytyTtesDPc8H0j62DQHLCLEog&usqp=CCk,Jaime Gabaldoni,external-reference,embed_link_and_summarize_only
HLHFU_9d39E,https://www.youtube.com/shorts/HLHFU_9d39E,Chevrolet Equinox EV 2024 #Shorts,,,shorts,https://i.ytimg.com/vi/HLHFU_9d39E/oardefault.jpg?sqp=-oaymwEgCJUDEOAESFWQAgHyq4qpAw8IARUAAIhCcAHAAQbIAQE=&rs=AOn4CLD1MvRR2hI5M7kesx5EX6JAA-XP9g&usqp=CCk,Jaime Gabaldoni,external-reference,embed_link_and_summarize_only
6jXhSHgGT9o,https://www.youtube.com/shorts/6jXhSHgGT9o,Chevrolet Equinox EV 2024 #Shorts,,,shorts,https://i.ytimg.com/vi/6jXhSHgGT9o/oardefault.jpg?sqp=-oaymwEgCJUDEOAESFWQAgHyq4qpAw8IARUAAIhCcAHAAQbIAQE=&rs=AOn4CLDxCaO1T3Tkz9i9qfDr3CQkh_5Yhw&usqp=CCk,Jaime Gabaldoni,external-reference,embed_link_and_summarize_only
BegVly8xuKU,https://www.youtube.com/shorts/BegVly8xuKU,Chevrolet Equinox EV 2024 #Shorts | Jaime Gabaldoni,,,shorts,https://i.ytimg.com/vi/BegVly8xuKU/oardefault.jpg?sqp=-oaymwEgCJUDEOAESFWQAgHyq4qpAw8IARUAAIhCcAHAAQbIAQE=&rs=AOn4CLBivm9QYInlbPl0UrxZ5OlPGufCdQ&usqp=CCk,Jaime Gabaldoni,external-reference,embed_link_and_summarize_only
kyHs-j5Saq4,https://www.youtube.com/shorts/kyHs-j5Saq4,Rivian R1S 2025 #Shorts #Bloopers,,,shorts,https://i.ytimg.com/vi/kyHs-j5Saq4/oardefault.jpg?sqp=-oaymwEgCJUDEOAESFWQAgHyq4qpAw8IARUAAIhCcAHAAQbIAQE=&rs=AOn4CLCOYQiIte6iwpOU8scEyVhgAexixQ&usqp=CCk,Jaime Gabaldoni,external-reference,embed_link_and_summarize_only
3kTMF0t_4dE,https://www.youtube.com/shorts/3kTMF0t_4dE,Rivian R1S 2025 Quad-Motor: ¡Aceleración brutal de SUV eléctrica! #Shorts🚀⚡ | Jaime Gabaldoni,,,shorts,https://i.ytimg.com/vi/3kTMF0t_4dE/oardefault.jpg?sqp=-oaymwEgCJUDEOAESFWQAgHyq4qpAw8IARUAAIhCcAHAAQbIAQE=&rs=AOn4CLCBgXHL0N4htV74v0pIJyzb0LEJsQ&usqp=CCk,Jaime Gabaldoni,external-reference,embed_link_and_summarize_only
IEDG2nYt0W4,https://www.youtube.com/shorts/IEDG2nYt0W4,Lincoln Nautilus Black Label 2024: Detalles del SUV más lujoso de Lincoln #Shorts | Jaime Gabaldoni,,,shorts,https://i.ytimg.com/vi/IEDG2nYt0W4/oardefault.jpg?sqp=-oaymwEgCJUDEOAESFWQAgHyq4qpAw8IARUAAIhCcAHAAQbIAQE=&rs=AOn4CLAlIEJ-G7LG3-BJOksLm42Xrnnamw&usqp=CCk,Jaime Gabaldoni,external-reference,embed_link_and_summarize_only
66OFIdD0d0k,https://www.youtube.com/shorts/66OFIdD0d0k,"Lincoln Nautilus Black Label 2024: Lujo, tecnología y diseño impresionante | Jaime Gabaldoni",,,shorts,https://i.ytimg.com/vi/66OFIdD0d0k/oardefault.jpg?sqp=-oaymwEgCJUDEOAESFWQAgHyq4qpAw8IARUAAIhCcAHAAQbIAQE=&rs=AOn4CLDzHVVYZ688IBiqNO6cSo3o8ijyTA&usqp=CCk,Jaime Gabaldoni,external-reference,embed_link_and_summarize_only
nyRxxkoH0bQ,https://www.youtube.com/shorts/nyRxxkoH0bQ,Lincoln Nautilus Black Label 2024 #Shorts,,,shorts,https://i.ytimg.com/vi/nyRxxkoH0bQ/oardefault.jpg?sqp=-oaymwEgCJUDEOAESFWQAgHyq4qpAw8IARUAAIhCcAHAAQbIAQE=&rs=AOn4CLCvPPdrTlNENgoNh69K5kzKvZmmrg&usqp=CCk,Jaime Gabaldoni,external-reference,embed_link_and_summarize_only
-24DRcKrgI0,https://www.youtube.com/shorts/-24DRcKrgI0,Baja San Felipe 250 2024 #Shorts,,,shorts,https://i.ytimg.com/vi/-24DRcKrgI0/oardefault.jpg?sqp=-oaymwEgCJUDEOAESFWQAgHyq4qpAw8IARUAAIhCcAHAAQbIAQE=&rs=AOn4CLAhvvvSRMy1HMmt2skGz6Iq3D6oog&usqp=CCk,Jaime Gabaldoni,external-reference,embed_link_and_summarize_only
b60Vn2PDt1Q,https://www.youtube.com/shorts/b60Vn2PDt1Q,Baja San Felipe 250 2024 #Shorts,,,shorts,https://i.ytimg.com/vi/b60Vn2PDt1Q/oardefault.jpg?sqp=-oaymwEgCJUDEOAESFWQAgHyq4qpAw8IARUAAIhCcAHAAQbIAQE=&rs=AOn4CLAyTvBNTktB1mSGG_14chsPs6myzg&usqp=CCk,Jaime Gabaldoni,external-reference,embed_link_and_summarize_only
UDQmao5WQ5M,https://www.youtube.com/shorts/UDQmao5WQ5M,Baja San Felipe 250 2024 #Shorts 🏁🇲🇽 | Jaime Gabaldoni,,,shorts,https://i.ytimg.com/vi/UDQmao5WQ5M/oardefault.jpg?sqp=-oaymwEgCJUDEOAESFWQAgHyq4qpAw8IARUAAIhCcAHAAQbIAQE=&rs=AOn4CLC2_6rLBoAtKbZvYvMHSsGQkB5scg&usqp=CCk,Jaime Gabaldoni,external-reference,embed_link_and_summarize_only
bHu1OucfGK8,https://www.youtube.com/shorts/bHu1OucfGK8,Ampliando el aérea de carga del Chevrolet Silverado EV RSt #Shorts,,,shorts,https://i.ytimg.com/vi/bHu1OucfGK8/oardefault.jpg?sqp=-oaymwEgCJUDEOAESFWQAgHyq4qpAw8IARUAAIhCcAHAAQbIAQE=&rs=AOn4CLCqYMjhzu1brIjAtzXJMmK-1aSUfg&usqp=CCk,Jaime Gabaldoni,external-reference,embed_link_and_summarize_only
bzKwI9Pa38E,https://www.youtube.com/shorts/bzKwI9Pa38E,Alfa Romeo Giulia Veloce 2024 #Shorts,,,shorts,https://i.ytimg.com/vi/bzKwI9Pa38E/oardefault.jpg?sqp=-oaymwEgCJUDEOAESFWQAgHyq4qpAw8IARUAAIhCcAHAAQbIAQE=&rs=AOn4CLDqEirQYHtvJ9yAKQ-OT5vKvJ_T3A&usqp=CCk,Jaime Gabaldoni,external-reference,embed_link_and_summarize_only
NsMtKjUlgCE,https://www.youtube.com/shorts/NsMtKjUlgCE,"Alfa Romeo Giulia Veloce 2024: Lujo, diseño italiano y deportividad | Reseña | Jaime Gabaldoni",,,shorts,https://i.ytimg.com/vi/NsMtKjUlgCE/oardefault.jpg?sqp=-oaymwEgCJUDEOAESFWQAgHyq4qpAw8IARUAAIhCcAHAAQbIAQE=&rs=AOn4CLCeoqIzwKIXjbiQwmic02j8VPrBFA&usqp=CCk,Jaime Gabaldoni,external-reference,embed_link_and_summarize_only
MfWHecmG6Co,https://www.youtube.com/shorts/MfWHecmG6Co,Alfa Romeo Giulia Veloce 2024 #Shorts,,,shorts,https://i.ytimg.com/vi/MfWHecmG6Co/oar2.jpg?sqp=-oaymwEgCJUDEOAESFWQAgHyq4qpAw8IARUAAIhCcAHAAQbIAQE=&rs=AOn4CLBDR5iK1bejSFDZkwjtmK28_fDJ7A&usqp=CCk,Jaime Gabaldoni,external-reference,embed_link_and_summarize_only
4DA8qWYOCRk,https://www.youtube.com/shorts/4DA8qWYOCRk,Aceleración Chevrolet Silverado EV RST #Shorts,,,shorts,https://i.ytimg.com/vi/4DA8qWYOCRk/oar2.jpg?sqp=-oaymwEgCJUDEOAESFWQAgHyq4qpAw8IARUAAIhCcAHAAQbIAQE=&rs=AOn4CLCo2jbA7phsnYo5ZkQTmnrnktC8Qg&usqp=CCk,Jaime Gabaldoni,external-reference,embed_link_and_summarize_only
62tuJWkXIXE,https://www.youtube.com/shorts/62tuJWkXIXE,Chevrolet Blazer EV 2024 #Shorts,,,shorts,https://i.ytimg.com/vi/62tuJWkXIXE/oardefault.jpg?sqp=-oaymwEgCJUDEOAESFWQAgHyq4qpAw8IARUAAIhCcAHAAQbIAQE=&rs=AOn4CLBw0iZkuD5D0VLOl9rNf9a-S0EUZw&usqp=CCk,Jaime Gabaldoni,external-reference,embed_link_and_summarize_only
1kwnNHpKc0w,https://www.youtube.com/shorts/1kwnNHpKc0w,Chevrolet Blazer EV 2024 #Shorts,,,shorts,https://i.ytimg.com/vi/1kwnNHpKc0w/oardefault.jpg?sqp=-oaymwEgCJUDEOAESFWQAgHyq4qpAw8IARUAAIhCcAHAAQbIAQE=&rs=AOn4CLBN8wTo5zEG5aYW-oyinICieHh1mg&usqp=CCk,Jaime Gabaldoni,external-reference,embed_link_and_summarize_only
QTkOZuZdcog,https://www.youtube.com/shorts/QTkOZuZdcog,Chevrolet Blazer EV 2024 #Shorts,,,shorts,https://i.ytimg.com/vi/QTkOZuZdcog/oardefault.jpg?sqp=-oaymwEgCJUDEOAESFWQAgHyq4qpAw8IARUAAIhCcAHAAQbIAQE=&rs=AOn4CLCYhgGWGwSYhq3eCiTRdxQg3UPNxA&usqp=CCk,Jaime Gabaldoni,external-reference,embed_link_and_summarize_only
TI1Eomm3x_4,https://www.youtube.com/shorts/TI1Eomm3x_4,GMC Sierra 1500 Denali 2025 #Shorts | Jaime Gabaldoni,,,shorts,https://i.ytimg.com/vi/TI1Eomm3x_4/oardefault.jpg?sqp=-oaymwEgCJUDEOAESFWQAgHyq4qpAw8IARUAAIhCcAHAAQbIAQE=&rs=AOn4CLDGfSTgmchI2sqTKYWOWFJeUenF8A&usqp=CCk,Jaime Gabaldoni,external-reference,embed_link_and_summarize_only
D54M6Q0BzUQ,https://www.youtube.com/shorts/D54M6Q0BzUQ,Chevrolet Corvette C8 e-Ray 2024 #Shorts,,,shorts,https://i.ytimg.com/vi/D54M6Q0BzUQ/oardefault.jpg?sqp=-oaymwEgCJUDEOAESFWQAgHyq4qpAw8IARUAAIhCcAHAAQbIAQE=&rs=AOn4CLAa_8NgmD5DoFDWVzTV5idkQwJc0w&usqp=CCk,Jaime Gabaldoni,external-reference,embed_link_and_summarize_only
ZzNCHNpuCeM,https://www.youtube.com/shorts/ZzNCHNpuCeM,Chevrolet Corvette C8 e-Ray 2024 #Shorts,,,shorts,https://i.ytimg.com/vi/ZzNCHNpuCeM/oardefault.jpg?sqp=-oaymwEgCJUDEOAESFWQAgHyq4qpAw8IARUAAIhCcAHAAQbIAQE=&rs=AOn4CLCFSucqo2TiUylC7clijuQf59pcXA&usqp=CCk,Jaime Gabaldoni,external-reference,embed_link_and_summarize_only
p-MUUqCNqDM,https://www.youtube.com/shorts/p-MUUqCNqDM,Chevrolet Corvette C8 e-Ray 2024 #Shorts,,,shorts,https://i.ytimg.com/vi/p-MUUqCNqDM/oardefault.jpg?sqp=-oaymwEgCJUDEOAESFWQAgHyq4qpAw8IARUAAIhCcAHAAQbIAQE=&rs=AOn4CLBgRXZlV0Iq6N2_t0rXMnX5mtwA0w&usqp=CCk,Jaime Gabaldoni,external-reference,embed_link_and_summarize_only
E-CeAIjWqrQ,https://www.youtube.com/shorts/E-CeAIjWqrQ,AstonMartin Vantage 2025 #Shorts,,,shorts,https://i.ytimg.com/vi/E-CeAIjWqrQ/oardefault.jpg?sqp=-oaymwEgCJUDEOAESFWQAgHyq4qpAw8IARUAAIhCcAHAAQbIAQE=&rs=AOn4CLAzbWr9wcT-n2HW8pBEnVITtE7TyA&usqp=CCk,Jaime Gabaldoni,external-reference,embed_link_and_summarize_only
yKXXoOMqC8A,https://www.youtube.com/shorts/yKXXoOMqC8A,Hyundai IONIQ 5 N 2025 #Shorts,,,shorts,https://i.ytimg.com/vi/yKXXoOMqC8A/oardefault.jpg?sqp=-oaymwEgCJUDEOAESFWQAgHyq4qpAw8IARUAAIhCcAHAAQbIAQE=&rs=AOn4CLAqNYWMpUH6aDiTDtZiaTE6VtKVhg&usqp=CCk,Jaime Gabaldoni,external-reference,embed_link_and_summarize_only
U_SzYDson94,https://www.youtube.com/shorts/U_SzYDson94,Ford Maverick Hybrid 2024 #Shorts,,,shorts,https://i.ytimg.com/vi/U_SzYDson94/oardefault.jpg?sqp=-oaymwEgCJUDEOAESFWQAgHyq4qpAw8IARUAAIhCcAHAAQbIAQE=&rs=AOn4CLApsLP63eTQubSEmyP7-3kLtAX2Pg&usqp=CCk,Jaime Gabaldoni,external-reference,embed_link_and_summarize_only
yVlHQ1I5Xfs,https://www.youtube.com/shorts/yVlHQ1I5Xfs,Ford Maverick Hybrid 2024 #Shorts,,,shorts,https://i.ytimg.com/vi/yVlHQ1I5Xfs/oardefault.jpg?sqp=-oaymwEgCJUDEOAESFWQAgHyq4qpAw8IARUAAIhCcAHAAQbIAQE=&rs=AOn4CLDyEYUciRRKQQHjoajMP1_8s2ed7A&usqp=CCk,Jaime Gabaldoni,external-reference,embed_link_and_summarize_only
oDduGjgd5j0,https://www.youtube.com/shorts/oDduGjgd5j0,Ford Maverick Hybrid #Shorts,,,shorts,https://i.ytimg.com/vi/oDduGjgd5j0/oardefault.jpg?sqp=-oaymwEgCJUDEOAESFWQAgHyq4qpAw8IARUAAIhCcAHAAQbIAQE=&rs=AOn4CLAJk__JXjnTw1PBRgkozUCvexWJvQ&usqp=CCk,Jaime Gabaldoni,external-reference,embed_link_and_summarize_only
GBotTgaFoNw,https://www.youtube.com/shorts/GBotTgaFoNw,Indian Scout 2025 #Shorts,,,shorts,https://i.ytimg.com/vi/GBotTgaFoNw/oardefault.jpg?sqp=-oaymwEgCJUDEOAESFWQAgHyq4qpAw8IARUAAIhCcAHAAQbIAQE=&rs=AOn4CLDHd0-g5lA1zZ8mZc_5wFSr-7I5gw&usqp=CCk,Jaime Gabaldoni,external-reference,embed_link_and_summarize_only
ZfkHugxHysw,https://www.youtube.com/shorts/ZfkHugxHysw,Indian Scout 2025 #Shorts,,,shorts,https://i.ytimg.com/vi/ZfkHugxHysw/oardefault.jpg?sqp=-oaymwEgCJUDEOAESFWQAgHyq4qpAw8IARUAAIhCcAHAAQbIAQE=&rs=AOn4CLAfoawo9QR-ONhLoI8sUg9P-lcBXA&usqp=CCk,Jaime Gabaldoni,external-reference,embed_link_and_summarize_only
-7ZeXAteUKc,https://www.youtube.com/shorts/-7ZeXAteUKc,Indian Scout 2025 #Shorts,,,shorts,https://i.ytimg.com/vi/-7ZeXAteUKc/oardefault.jpg?sqp=-oaymwEgCJUDEOAESFWQAgHyq4qpAw8IARUAAIhCcAHAAQbIAQE=&rs=AOn4CLCK8rKMkkeYFZ_ppLqfPX5umUO3yg&usqp=CCk,Jaime Gabaldoni,external-reference,embed_link_and_summarize_only
xOdqdgzdfC8,https://www.youtube.com/shorts/xOdqdgzdfC8,Lexus IS500 F 2024 #shorts,,,shorts,https://i.ytimg.com/vi/xOdqdgzdfC8/oardefault.jpg?sqp=-oaymwEgCJUDEOAESFWQAgHyq4qpAw8IARUAAIhCcAHAAQbIAQE=&rs=AOn4CLC9wpz0-lnOYEccAJuwF1cmOYq3UA&usqp=CCk,Jaime Gabaldoni,external-reference,embed_link_and_summarize_only
ciieKzWn200,https://www.youtube.com/shorts/ciieKzWn200,Lexus IS500 F 2024 #shorts,,,shorts,https://i.ytimg.com/vi/ciieKzWn200/oardefault.jpg?sqp=-oaymwEgCJUDEOAESFWQAgHyq4qpAw8IARUAAIhCcAHAAQbIAQE=&rs=AOn4CLAwgmrQgUrCuiovYMbZlnuVJsxx1A&usqp=CCk,Jaime Gabaldoni,external-reference,embed_link_and_summarize_only
y9nsqd5LfU8,https://www.youtube.com/shorts/y9nsqd5LfU8,Lexus IS500 F 2024 #shorts | Jaime Gabaldoni,,,shorts,https://i.ytimg.com/vi/y9nsqd5LfU8/oardefault.jpg?sqp=-oaymwEgCJUDEOAESFWQAgHyq4qpAw8IARUAAIhCcAHAAQbIAQE=&rs=AOn4CLDe3ED5vS1rs4Lt3bWG0pnV8AoKWQ&usqp=CCk,Jaime Gabaldoni,external-reference,embed_link_and_summarize_only
z_nyFZV49WM,https://www.youtube.com/shorts/z_nyFZV49WM,KIA EV9 2024 #Shorts,,,shorts,https://i.ytimg.com/vi/z_nyFZV49WM/oardefault.jpg?sqp=-oaymwEgCJUDEOAESFWQAgHyq4qpAw8IARUAAIhCcAHAAQbIAQE=&rs=AOn4CLAaEuzEYIlAujp8aq1VU7oFwJKH5A&usqp=CCk,Jaime Gabaldoni,external-reference,embed_link_and_summarize_only
pVP00d06iU0,https://www.youtube.com/shorts/pVP00d06iU0,KIA EV9 2024 #Shorts,,,shorts,https://i.ytimg.com/vi/pVP00d06iU0/oardefault.jpg?sqp=-oaymwEgCJUDEOAESFWQAgHyq4qpAw8IARUAAIhCcAHAAQbIAQE=&rs=AOn4CLB2ogHkFbEYx4zJm7bnu9wZDvsYgA&usqp=CCk,Jaime Gabaldoni,external-reference,embed_link_and_summarize_only
S4J25Z-gGZs,https://www.youtube.com/shorts/S4J25Z-gGZs,KIA EV9 2024 ⚡ SUV 100% eléctrico con 5000 lb de remolque #Shorts | Jaime Gabaldoni,,,shorts,https://i.ytimg.com/vi/S4J25Z-gGZs/oardefault.jpg?sqp=-oaymwEgCJUDEOAESFWQAgHyq4qpAw8IARUAAIhCcAHAAQbIAQE=&rs=AOn4CLDF-ZHwTXB5Rshok4b6yemkASplqw&usqp=CCk,Jaime Gabaldoni,external-reference,embed_link_and_summarize_only
YTtc1rad3fs,https://www.youtube.com/shorts/YTtc1rad3fs,🔥Sonido del Motor del Nissan GT-R R35 2023 #Shorts #GTR | Jaime Gabaldoni,,,shorts,https://i.ytimg.com/vi/YTtc1rad3fs/oardefault.jpg?sqp=-oaymwEgCJUDEOAESFWQAgHyq4qpAw8IARUAAIhCcAHAAQbIAQE=&rs=AOn4CLDqg2jxckkVZ-thNyiQhsrMdUAAPw&usqp=CCk,Jaime Gabaldoni,external-reference,embed_link_and_summarize_only
8SmLnpU2NBE,https://www.youtube.com/shorts/8SmLnpU2NBE,Nissan GT-R R35 2023: El rugido del Godzilla japonés 😍🔥 #ASMR #Shorts | Jaime Gabaldoni,,,shorts,https://i.ytimg.com/vi/8SmLnpU2NBE/oardefault.jpg?sqp=-oaymwEgCJUDEOAESFWQAgHyq4qpAw8IARUAAIhCcAHAAQbIAQE=&rs=AOn4CLBB06kr-X9n3kgjJhV2Q3avke1cYQ&usqp=CCk,Jaime Gabaldoni,external-reference,embed_link_and_summarize_only
Pjboh8xcZYw,https://www.youtube.com/shorts/Pjboh8xcZYw,#Toyota #CorollaCross Hybrid 2024 #Shorts,,,shorts,https://i.ytimg.com/vi/Pjboh8xcZYw/oardefault.jpg?sqp=-oaymwEgCJUDEOAESFWQAgHyq4qpAw8IARUAAIhCcAHAAQbIAQE=&rs=AOn4CLAl_PsCRiCqY_p72AK1G0GyQgtZpA&usqp=CCk,Jaime Gabaldoni,external-reference,embed_link_and_summarize_only
5e6w_Yl92S0,https://www.youtube.com/shorts/5e6w_Yl92S0,#Toyota #CorollaCross Hybrid 2024 #Shorts,,,shorts,https://i.ytimg.com/vi/5e6w_Yl92S0/oar2.jpg?sqp=-oaymwEgCJUDEOAESFWQAgHyq4qpAw8IARUAAIhCcAHAAQbIAQE=&rs=AOn4CLBrbtdH84cwgJFCLdxJBmQRyIhfvg&usqp=CCk,Jaime Gabaldoni,external-reference,embed_link_and_summarize_only
wam0inLZTwc,https://www.youtube.com/shorts/wam0inLZTwc,#Toyota #CorollaCross Hybrid 2024 #Shorts,,,shorts,https://i.ytimg.com/vi/wam0inLZTwc/oardefault.jpg?sqp=-oaymwEgCJUDEOAESFWQAgHyq4qpAw8IARUAAIhCcAHAAQbIAQE=&rs=AOn4CLAee-jsxRPdt6DpmLhM5qQIDx54_A&usqp=CCk,Jaime Gabaldoni,external-reference,embed_link_and_summarize_only
8uwRIynU1xc,https://www.youtube.com/shorts/8uwRIynU1xc,Range Rover Velar 2024 #Shorts,,,shorts,https://i.ytimg.com/vi/8uwRIynU1xc/oardefault.jpg?sqp=-oaymwEgCJUDEOAESFWQAgHyq4qpAw8IARUAAIhCcAHAAQbIAQE=&rs=AOn4CLBHKFabR1Cqi3YFFqYNiXMQLy3d-Q&usqp=CCk,Jaime Gabaldoni,external-reference,embed_link_and_summarize_only
9NKRvhBhudE,https://www.youtube.com/shorts/9NKRvhBhudE,Range Rover Velar 2024 #Shorts,,,shorts,https://i.ytimg.com/vi/9NKRvhBhudE/oardefault.jpg?sqp=-oaymwEgCJUDEOAESFWQAgHyq4qpAw8IARUAAIhCcAHAAQbIAQE=&rs=AOn4CLAXVfRTins2-bl06iJVIopqtUXE1w&usqp=CCk,Jaime Gabaldoni,external-reference,embed_link_and_summarize_only
3QtQhldxHus,https://www.youtube.com/shorts/3QtQhldxHus,Range Rover Velar 2024 #Shorts,,,shorts,https://i.ytimg.com/vi/3QtQhldxHus/oardefault.jpg?sqp=-oaymwEgCJUDEOAESFWQAgHyq4qpAw8IARUAAIhCcAHAAQbIAQE=&rs=AOn4CLDvTkH2cBCbwKRE5z2KVXpi97C1aQ&usqp=CCk,Jaime Gabaldoni,external-reference,embed_link_and_summarize_only
dh5jxRdOqk4,https://www.youtube.com/shorts/dh5jxRdOqk4,Audi S5 Sportback 2024 #shorts,,,shorts,https://i.ytimg.com/vi/dh5jxRdOqk4/oardefault.jpg?sqp=-oaymwEgCJUDEOAESFWQAgHyq4qpAw8IARUAAIhCcAHAAQbIAQE=&rs=AOn4CLCiohdJAF-vr305xFHa2KECYJChhQ&usqp=CCk,Jaime Gabaldoni,external-reference,embed_link_and_summarize_only
Y8CWPADjUDg,https://www.youtube.com/shorts/Y8CWPADjUDg,Audi S5 Sportback 2024 #Shorts,,,shorts,https://i.ytimg.com/vi/Y8CWPADjUDg/oardefault.jpg?sqp=-oaymwEgCJUDEOAESFWQAgHyq4qpAw8IARUAAIhCcAHAAQbIAQE=&rs=AOn4CLDXqBlGVFb0oDC9ZJDHIGiXKUjJFg&usqp=CCk,Jaime Gabaldoni,external-reference,embed_link_and_summarize_only
k0cuRtbzGEo,https://www.youtube.com/shorts/k0cuRtbzGEo,"Audi S5 Sportback 2024: Diseño, potencia y detalles premium #shorts | Reseña | Jaime Gabaldoni",,,shorts,https://i.ytimg.com/vi/k0cuRtbzGEo/oardefault.jpg?sqp=-oaymwEgCJUDEOAESFWQAgHyq4qpAw8IARUAAIhCcAHAAQbIAQE=&rs=AOn4CLDmbyiaCNnNZnduWqw1jlIjlDclBQ&usqp=CCk,Jaime Gabaldoni,external-reference,embed_link_and_summarize_only
SVDPLzb682Q,https://www.youtube.com/shorts/SVDPLzb682Q,Hyundai Palisade Callygraphy #Shorts,,,shorts,https://i.ytimg.com/vi/SVDPLzb682Q/oardefault.jpg?sqp=-oaymwEgCJUDEOAESFWQAgHyq4qpAw8IARUAAIhCcAHAAQbIAQE=&rs=AOn4CLBo2NC9YFK2JIwDk_evYzcWwX4YfA&usqp=CCk,Jaime Gabaldoni,external-reference,embed_link_and_summarize_only
2jRtu3RR_lE,https://www.youtube.com/shorts/2jRtu3RR_lE,Hyundai Palisade Callygraphy #Shorts,,,shorts,https://i.ytimg.com/vi/2jRtu3RR_lE/oardefault.jpg?sqp=-oaymwEgCJUDEOAESFWQAgHyq4qpAw8IARUAAIhCcAHAAQbIAQE=&rs=AOn4CLA56fjKTEyeNzKzH6YTgDyKjRtLGw&usqp=CCk,Jaime Gabaldoni,external-reference,embed_link_and_summarize_only
hepnhXlmZdc,https://www.youtube.com/shorts/hepnhXlmZdc,Hyundai Palisade Callygraphy #Shorts,,,shorts,https://i.ytimg.com/vi/hepnhXlmZdc/oardefault.jpg?sqp=-oaymwEgCJUDEOAESFWQAgHyq4qpAw8IARUAAIhCcAHAAQbIAQE=&rs=AOn4CLCNrFLIY1vyfasHtisjEKA4_O9Vdg&usqp=CCk,Jaime Gabaldoni,external-reference,embed_link_and_summarize_only
XWnA0O3cZtY,https://www.youtube.com/shorts/XWnA0O3cZtY,Génesis GV60 Performance 2024 #Shorts,,,shorts,https://i.ytimg.com/vi/XWnA0O3cZtY/oardefault.jpg?sqp=-oaymwEgCJUDEOAESFWQAgHyq4qpAw8IARUAAIhCcAHAAQbIAQE=&rs=AOn4CLDeGO1z9CwaHb_S3lxD-1KzQAdrkw&usqp=CCk,Jaime Gabaldoni,external-reference,embed_link_and_summarize_only
cL9Jl3E-lU0,https://www.youtube.com/shorts/cL9Jl3E-lU0,Génesis GV60 Performance 2024 #Shorts,,,shorts,https://i.ytimg.com/vi/cL9Jl3E-lU0/oardefault.jpg?sqp=-oaymwEgCJUDEOAESFWQAgHyq4qpAw8IARUAAIhCcAHAAQbIAQE=&rs=AOn4CLCdPtgrVmlqIoWMpeu94kVi5hLG1A&usqp=CCk,Jaime Gabaldoni,external-reference,embed_link_and_summarize_only
tjxSOZcH9XQ,https://www.youtube.com/shorts/tjxSOZcH9XQ,Génesis GV60 Performance 2024 ⚡ Lujo y potencia 100% eléctrica #Shorts | Jaime Gabaldoni,,,shorts,https://i.ytimg.com/vi/tjxSOZcH9XQ/oardefault.jpg?sqp=-oaymwEgCJUDEOAESFWQAgHyq4qpAw8IARUAAIhCcAHAAQbIAQE=&rs=AOn4CLAM8ShKzFeFYSYQU2gRvg1FgHJJhQ&usqp=CCk,Jaime Gabaldoni,external-reference,embed_link_and_summarize_only
7L7L6bKi9Xg,https://www.youtube.com/shorts/7L7L6bKi9Xg,Nissan Versa SR 2024 #Shorts,,,shorts,https://i.ytimg.com/vi/7L7L6bKi9Xg/oardefault.jpg?sqp=-oaymwEgCJUDEOAESFWQAgHyq4qpAw8IARUAAIhCcAHAAQbIAQE=&rs=AOn4CLCUY1M5VeDZqa4ytaay4RAeSBsO1w&usqp=CCk,Jaime Gabaldoni,external-reference,embed_link_and_summarize_only
l4g3yWfedf8,https://www.youtube.com/shorts/l4g3yWfedf8,Nissan Versa SR 2024 #Shorts,,,shorts,https://i.ytimg.com/vi/l4g3yWfedf8/oardefault.jpg?sqp=-oaymwEgCJUDEOAESFWQAgHyq4qpAw8IARUAAIhCcAHAAQbIAQE=&rs=AOn4CLCjCWno8HFaGQT6cvZMnqK-i_ggiw&usqp=CCk,Jaime Gabaldoni,external-reference,embed_link_and_summarize_only
K4z-HMY_huM,https://www.youtube.com/shorts/K4z-HMY_huM,Nissan Versa SR 2024 #Shorts,,,shorts,https://i.ytimg.com/vi/K4z-HMY_huM/oardefault.jpg?sqp=-oaymwEgCJUDEOAESFWQAgHyq4qpAw8IARUAAIhCcAHAAQbIAQE=&rs=AOn4CLD-cOGRaattwcXHB82LhpEuLaoZeQ&usqp=CCk,Jaime Gabaldoni,external-reference,embed_link_and_summarize_only
B8ch6kQY8KY,https://www.youtube.com/shorts/B8ch6kQY8KY,2/2 Fin de semana en Daytona Bike Week MotoAmerica,,,shorts,https://i.ytimg.com/vi/B8ch6kQY8KY/oardefault.jpg?sqp=-oaymwEgCJUDEOAESFWQAgHyq4qpAw8IARUAAIhCcAHAAQbIAQE=&rs=AOn4CLA-BMWXoEZ5q60hjr8dKg9HOZws9A&usqp=CCk,Jaime Gabaldoni,external-reference,embed_link_and_summarize_only
uliJ37fXm_w,https://www.youtube.com/shorts/uliJ37fXm_w,1/2 Fin de semana en Daytona Bike Week MotoAmerica,,,shorts,https://i.ytimg.com/vi/uliJ37fXm_w/oar2.jpg?sqp=-oaymwEgCJUDEOAESFWQAgHyq4qpAw8IARUAAIhCcAHAAQbIAQE=&rs=AOn4CLDF7jkM96zToTFBHVXWpkZPGykUmw&usqp=CCk,Jaime Gabaldoni,external-reference,embed_link_and_summarize_only
OA4HITCw-YQ,https://www.youtube.com/shorts/OA4HITCw-YQ,Mazda 3 Turbo Sedan 2024 #shorts,,,shorts,https://i.ytimg.com/vi/OA4HITCw-YQ/oardefault.jpg?sqp=-oaymwEgCJUDEOAESFWQAgHyq4qpAw8IARUAAIhCcAHAAQbIAQE=&rs=AOn4CLCdGzyxVU7GWLBm_hiQ8r5eIXDpDg&usqp=CCk,Jaime Gabaldoni,external-reference,embed_link_and_summarize_only
LDqQOWN6XpQ,https://www.youtube.com/shorts/LDqQOWN6XpQ,Mazda 3 Turbo Sedan 2024 #shorts,,,shorts,https://i.ytimg.com/vi/LDqQOWN6XpQ/oardefault.jpg?sqp=-oaymwEgCJUDEOAESFWQAgHyq4qpAw8IARUAAIhCcAHAAQbIAQE=&rs=AOn4CLBN0dqivMFaSdv9lGqixY3SAWfsFA&usqp=CCk,Jaime Gabaldoni,external-reference,embed_link_and_summarize_only
DzV3OsfOHoU,https://www.youtube.com/shorts/DzV3OsfOHoU,"Mazda 3 Turbo Sedán 2024: Potencia, Lujo y Tracción AWD #Shorts | Reseña | Jaime Gabaldoni",,,shorts,https://i.ytimg.com/vi/DzV3OsfOHoU/oardefault.jpg?sqp=-oaymwEgCJUDEOAESFWQAgHyq4qpAw8IARUAAIhCcAHAAQbIAQE=&rs=AOn4CLCWBXNTU3geyVkr-I3uFYVLYVb4XA&usqp=CCk,Jaime Gabaldoni,external-reference,embed_link_and_summarize_only
AFXdT-QVE00,https://www.youtube.com/shorts/AFXdT-QVE00,Mercedes-AMG GLS63 2024 #Shorts,,,shorts,https://i.ytimg.com/vi/AFXdT-QVE00/oardefault.jpg?sqp=-oaymwEgCJUDEOAESFWQAgHyq4qpAw8IARUAAIhCcAHAAQbIAQE=&rs=AOn4CLBWrM0nVuk0KsRUqed9wuvDWZYsxw&usqp=CCk,Jaime Gabaldoni,external-reference,embed_link_and_summarize_only
_1QJi12WOzk,https://www.youtube.com/shorts/_1QJi12WOzk,Mercedes-AMG GLS63 2024 #Shorts,,,shorts,https://i.ytimg.com/vi/_1QJi12WOzk/oardefault.jpg?sqp=-oaymwEgCJUDEOAESFWQAgHyq4qpAw8IARUAAIhCcAHAAQbIAQE=&rs=AOn4CLBfhL2ThkCiEaIqDeaSItzGuQApRg&usqp=CCk,Jaime Gabaldoni,external-reference,embed_link_and_summarize_only
xvpJUmRpQeo,https://www.youtube.com/shorts/xvpJUmRpQeo,Mercedes-AMG GLS63 2024 #Shorts,,,shorts,https://i.ytimg.com/vi/xvpJUmRpQeo/oardefault.jpg?sqp=-oaymwEgCJUDEOAESFWQAgHyq4qpAw8IARUAAIhCcAHAAQbIAQE=&rs=AOn4CLB7RfRKM4wvj-sjoEa0O44H0XE6LQ&usqp=CCk,Jaime Gabaldoni,external-reference,embed_link_and_summarize_only
HhhNq4VBI1U,https://www.youtube.com/shorts/HhhNq4VBI1U,BMW M2 2024 #Shorts,,,shorts,https://i.ytimg.com/vi/HhhNq4VBI1U/oardefault.jpg?sqp=-oaymwEgCJUDEOAESFWQAgHyq4qpAw8IARUAAIhCcAHAAQbIAQE=&rs=AOn4CLApQD5VT1jZR-m8AH5SvjG6ZHBK6A&usqp=CCk,Jaime Gabaldoni,external-reference,embed_link_and_summarize_only
Ja0C261-SVc,https://www.youtube.com/shorts/Ja0C261-SVc,BMW M2 2024 #Shorts,,,shorts,https://i.ytimg.com/vi/Ja0C261-SVc/oardefault.jpg?sqp=-oaymwEgCJUDEOAESFWQAgHyq4qpAw8IARUAAIhCcAHAAQbIAQE=&rs=AOn4CLCMNVNwroCWFVgvFNR87gxUQtYeWA&usqp=CCk,Jaime Gabaldoni,external-reference,embed_link_and_summarize_only
IIMzJV4jvCI,https://www.youtube.com/shorts/IIMzJV4jvCI,BMW M2 2024 #Shorts,,,shorts,https://i.ytimg.com/vi/IIMzJV4jvCI/oardefault.jpg?sqp=-oaymwEgCJUDEOAESFWQAgHyq4qpAw8IARUAAIhCcAHAAQbIAQE=&rs=AOn4CLAswkiudZN1UI6cEWh16-wO5Re2Jg&usqp=CCk,Jaime Gabaldoni,external-reference,embed_link_and_summarize_only
XhGa7n9Z8MA,https://www.youtube.com/shorts/XhGa7n9Z8MA,Lexus RC 350  #Shorts #nosemueran,,,shorts,https://i.ytimg.com/vi/XhGa7n9Z8MA/oardefault.jpg?sqp=-oaymwEgCJUDEOAESFWQAgHyq4qpAw8IARUAAIhCcAHAAQbIAQE=&rs=AOn4CLDw0ifKuKxq33xmvTaUOCWdGv0WxA&usqp=CCk,Jaime Gabaldoni,external-reference,embed_link_and_summarize_only
x2WZmFSUehQ,https://www.youtube.com/shorts/x2WZmFSUehQ,Lexus RC 350 #Shorts #nosemueran,,,shorts,https://i.ytimg.com/vi/x2WZmFSUehQ/oardefault.jpg?sqp=-oaymwEgCJUDEOAESFWQAgHyq4qpAw8IARUAAIhCcAHAAQbIAQE=&rs=AOn4CLCkHxchj3ZKHqR2kHIDnY4erJ49uA&usqp=CCk,Jaime Gabaldoni,external-reference,embed_link_and_summarize_only
uk7CGNcaQzA,https://www.youtube.com/shorts/uk7CGNcaQzA,Lexus RC 350 #Shorts #nosemueran,,,shorts,https://i.ytimg.com/vi/uk7CGNcaQzA/oardefault.jpg?sqp=-oaymwEgCJUDEOAESFWQAgHyq4qpAw8IARUAAIhCcAHAAQbIAQE=&rs=AOn4CLBrfAXaiM8AQwxGZmKrDEJ23JkdHw&usqp=CCk,Jaime Gabaldoni,external-reference,embed_link_and_summarize_only
MzEJXtFj0sY,https://www.youtube.com/shorts/MzEJXtFj0sY,Lexus RC 350 #Shorts #nosemueran,,,shorts,https://i.ytimg.com/vi/MzEJXtFj0sY/oardefault.jpg?sqp=-oaymwEgCJUDEOAESFWQAgHyq4qpAw8IARUAAIhCcAHAAQbIAQE=&rs=AOn4CLBzN68cXYqyXfyAts7eQrE05g7awg&usqp=CCk,Jaime Gabaldoni,external-reference,embed_link_and_summarize_only
eF_dcT3CqGA,https://www.youtube.com/shorts/eF_dcT3CqGA,#Chevrolet #Trax 2024 #NoSeMueran,,,shorts,https://i.ytimg.com/vi/eF_dcT3CqGA/oardefault.jpg?sqp=-oaymwEgCJUDEOAESFWQAgHyq4qpAw8IARUAAIhCcAHAAQbIAQE=&rs=AOn4CLDEPilbQ__6oExpI1mEDt5K-vzfig&usqp=CCk,Jaime Gabaldoni,external-reference,embed_link_and_summarize_only
TnDHQc9Ye0o,https://www.youtube.com/shorts/TnDHQc9Ye0o,#Chevrolet #Trax 2024 #NoSeMueran,,,shorts,https://i.ytimg.com/vi/TnDHQc9Ye0o/oardefault.jpg?sqp=-oaymwEgCJUDEOAESFWQAgHyq4qpAw8IARUAAIhCcAHAAQbIAQE=&rs=AOn4CLDFoCgIPPFzAcKifXxAhPAYPHif6g&usqp=CCk,Jaime Gabaldoni,external-reference,embed_link_and_summarize_only
2Wh79tJPevk,https://www.youtube.com/shorts/2Wh79tJPevk,#Chevrolet #Trax 2024 #NoSeMueran,,,shorts,https://i.ytimg.com/vi/2Wh79tJPevk/oardefault.jpg?sqp=-oaymwEgCJUDEOAESFWQAgHyq4qpAw8IARUAAIhCcAHAAQbIAQE=&rs=AOn4CLBYyOgoUpZm6pKLS22lEijYpbbbsg&usqp=CCk,Jaime Gabaldoni,external-reference,embed_link_and_summarize_only
Md9-QK1LjJw,https://www.youtube.com/shorts/Md9-QK1LjJw,#Hyundai #SantaCruz XRT 2024 #nosemueran,,,shorts,https://i.ytimg.com/vi/Md9-QK1LjJw/oardefault.jpg?sqp=-oaymwEgCJUDEOAESFWQAgHyq4qpAw8IARUAAIhCcAHAAQbIAQE=&rs=AOn4CLBKuaW5T_3h9lJkfepui58pkXgKuA&usqp=CCk,Jaime Gabaldoni,external-reference,embed_link_and_summarize_only
HTAZxyXHem8,https://www.youtube.com/shorts/HTAZxyXHem8,#Hyundai #SantaCruz XRT 2024 #nosemueran,,,shorts,https://i.ytimg.com/vi/HTAZxyXHem8/oardefault.jpg?sqp=-oaymwEgCJUDEOAESFWQAgHyq4qpAw8IARUAAIhCcAHAAQbIAQE=&rs=AOn4CLC6rbrc7p0blCggT5-ub26zneDWcw&usqp=CCk,Jaime Gabaldoni,external-reference,embed_link_and_summarize_only
qJHDR1o0KVY,https://www.youtube.com/shorts/qJHDR1o0KVY,#Hyundai #SantaCruz XRT 2024 #nosemueran,,,shorts,https://i.ytimg.com/vi/qJHDR1o0KVY/oardefault.jpg?sqp=-oaymwEgCJUDEOAESFWQAgHyq4qpAw8IARUAAIhCcAHAAQbIAQE=&rs=AOn4CLA2Vu0-RobRUBuqHBv0DLDI345fsQ&usqp=CCk,Jaime Gabaldoni,external-reference,embed_link_and_summarize_only
qV6lc5_L0f0,https://www.youtube.com/shorts/qV6lc5_L0f0,#Chevy #Silverado 2500 ZR2 Bison 2024 #nosemueran,,,shorts,https://i.ytimg.com/vi/qV6lc5_L0f0/oardefault.jpg?sqp=-oaymwEgCJUDEOAESFWQAgHyq4qpAw8IARUAAIhCcAHAAQbIAQE=&rs=AOn4CLAZ4zjbM6LXWDAiFwl151LmbZyjTw&usqp=CCk,Jaime Gabaldoni,external-reference,embed_link_and_summarize_only
pWfqa9dJ6Qw,https://www.youtube.com/shorts/pWfqa9dJ6Qw,#Chevy #Silverado 2500 ZR2 Bison 2024,,,shorts,https://i.ytimg.com/vi/pWfqa9dJ6Qw/oardefault.jpg?sqp=-oaymwEgCJUDEOAESFWQAgHyq4qpAw8IARUAAIhCcAHAAQbIAQE=&rs=AOn4CLC32kpp9KhWTxb8_7rpn5FbgrmEZw&usqp=CCk,Jaime Gabaldoni,external-reference,embed_link_and_summarize_only
mUPxYns22SU,https://www.youtube.com/shorts/mUPxYns22SU,Potencia y Resistencia #Chevy #Silverado 2500 ZR2 Bison 2024 | Jaime Gabaldoni,,,shorts,https://i.ytimg.com/vi/mUPxYns22SU/oardefault.jpg?sqp=-oaymwEgCJUDEOAESFWQAgHyq4qpAw8IARUAAIhCcAHAAQbIAQE=&rs=AOn4CLBTOuD8hsyrieoIFlfPgxp2ZpTNyg&usqp=CCk,Jaime Gabaldoni,external-reference,embed_link_and_summarize_only
m5V-vCXfQBU,https://www.youtube.com/shorts/m5V-vCXfQBU,#RollsRoyce #Ghost #NoSeMueran,,,shorts,https://i.ytimg.com/vi/m5V-vCXfQBU/oardefault.jpg?sqp=-oaymwEgCJUDEOAESFWQAgHyq4qpAw8IARUAAIhCcAHAAQbIAQE=&rs=AOn4CLAz3n2kyeoLeOMVRMncvNSQGl2wEQ&usqp=CCk,Jaime Gabaldoni,external-reference,embed_link_and_summarize_only
ohZy8ByPSOM,https://www.youtube.com/shorts/ohZy8ByPSOM,#RollsRoyce #Ghost #NoSeMueran,,,shorts,https://i.ytimg.com/vi/ohZy8ByPSOM/oardefault.jpg?sqp=-oaymwEgCJUDEOAESFWQAgHyq4qpAw8IARUAAIhCcAHAAQbIAQE=&rs=AOn4CLAu9edDaj9DLAOG6eyUmDTm8T09DQ&usqp=CCk,Jaime Gabaldoni,external-reference,embed_link_and_summarize_only
1iaF9QRq1GI,https://www.youtube.com/shorts/1iaF9QRq1GI,#RollsRoyce #Ghost #NoSeMueran,,,shorts,https://i.ytimg.com/vi/1iaF9QRq1GI/oardefault.jpg?sqp=-oaymwEgCJUDEOAESFWQAgHyq4qpAw8IARUAAIhCcAHAAQbIAQE=&rs=AOn4CLAP43orsPvvxq2ODY0h3N0Cth7yng&usqp=CCk,Jaime Gabaldoni,external-reference,embed_link_and_summarize_only
qg2BAhLdZEU,https://www.youtube.com/shorts/qg2BAhLdZEU,#Jaguar #FType Convertible 2024,,,shorts,https://i.ytimg.com/vi/qg2BAhLdZEU/oardefault.jpg?sqp=-oaymwEgCJUDEOAESFWQAgHyq4qpAw8IARUAAIhCcAHAAQbIAQE=&rs=AOn4CLAJCEK6U1ieismP-NXANn_dCNajWg&usqp=CCk,Jaime Gabaldoni,external-reference,embed_link_and_summarize_only
qCAkrkP0hSo,https://www.youtube.com/shorts/qCAkrkP0hSo,"Jaguar F-Type Convertible 2024: Lujo, potencia y elegancia británica | Reseña | Jaime Gabaldoni",,,shorts,https://i.ytimg.com/vi/qCAkrkP0hSo/oardefault.jpg?sqp=-oaymwEgCJUDEOAESFWQAgHyq4qpAw8IARUAAIhCcAHAAQbIAQE=&rs=AOn4CLBglWBHp2NbcCBeP7I17GfCDRDS0w&usqp=CCk,Jaime Gabaldoni,external-reference,embed_link_and_summarize_only
Mqf2s4CZdJk,https://www.youtube.com/shorts/Mqf2s4CZdJk,Jaguar F-Type Convertible 2024: Despedida con un rugido V8 🔥 | Reseña | Jaime Gabaldoni,,,shorts,https://i.ytimg.com/vi/Mqf2s4CZdJk/oardefault.jpg?sqp=-oaymwEgCJUDEOAESFWQAgHyq4qpAw8IARUAAIhCcAHAAQbIAQE=&rs=AOn4CLB7iIbc9YW8J1bXixsEazYNL7KPZQ&usqp=CCk,Jaime Gabaldoni,external-reference,embed_link_and_summarize_only
MJK1qd_mLbU,https://www.youtube.com/shorts/MJK1qd_mLbU,#NissanZ #NISMO 2024 #NoSeMueran,,,shorts,https://i.ytimg.com/vi/MJK1qd_mLbU/oardefault.jpg?sqp=-oaymwEgCJUDEOAESFWQAgHyq4qpAw8IARUAAIhCcAHAAQbIAQE=&rs=AOn4CLA3_5Y3V97uU-9tUG4rTZTmwO6QKg&usqp=CCk,Jaime Gabaldoni,external-reference,embed_link_and_summarize_only
QG_FQ43Na_8,https://www.youtube.com/shorts/QG_FQ43Na_8,#NissanZ #NISMO 2024 #NoSeMueran,,,shorts,https://i.ytimg.com/vi/QG_FQ43Na_8/oardefault.jpg?sqp=-oaymwEgCJUDEOAESFWQAgHyq4qpAw8IARUAAIhCcAHAAQbIAQE=&rs=AOn4CLBGmxuVDpPykSqI9cUq07rlJB35cA&usqp=CCk,Jaime Gabaldoni,external-reference,embed_link_and_summarize_only
NaikwJLsXeU,https://www.youtube.com/shorts/NaikwJLsXeU,#NissanZ #NISMO 2024 #NoSeMueran,,,shorts,https://i.ytimg.com/vi/NaikwJLsXeU/oardefault.jpg?sqp=-oaymwEgCJUDEOAESFWQAgHyq4qpAw8IARUAAIhCcAHAAQbIAQE=&rs=AOn4CLD4UTx-8MxWfwgsuwvFrnc-jICvmg&usqp=CCk,Jaime Gabaldoni,external-reference,embed_link_and_summarize_only
pE2HjoSWY_U,https://www.youtube.com/shorts/pE2HjoSWY_U,#Chevrolet #Equinox #ACTIV 2025,,,shorts,https://i.ytimg.com/vi/pE2HjoSWY_U/oardefault.jpg?sqp=-oaymwEgCJUDEOAESFWQAgHyq4qpAw8IARUAAIhCcAHAAQbIAQE=&rs=AOn4CLBqp5RDcSsEmmTGl1L_TpHA-PrGvQ&usqp=CCk,Jaime Gabaldoni,external-reference,embed_link_and_summarize_only
UoasDB9ilRg,https://www.youtube.com/shorts/UoasDB9ilRg,#Chevrolet #Equinox #ACTIV 2025,,,shorts,https://i.ytimg.com/vi/UoasDB9ilRg/oardefault.jpg?sqp=-oaymwEgCJUDEOAESFWQAgHyq4qpAw8IARUAAIhCcAHAAQbIAQE=&rs=AOn4CLB_dw_8_Php3-1KcTepAS_kZo7kwg&usqp=CCk,Jaime Gabaldoni,external-reference,embed_link_and_summarize_only
pSS_Ddqsc7c,https://www.youtube.com/shorts/pSS_Ddqsc7c,#Chevrolet #Equinox #ACTIV 2025,,,shorts,https://i.ytimg.com/vi/pSS_Ddqsc7c/oar2.jpg?sqp=-oaymwEgCJUDEOAESFWQAgHyq4qpAw8IARUAAIhCcAHAAQbIAQE=&rs=AOn4CLAqNJCZ9Efbma5gKX0ZPmQC9k9OFw&usqp=CCk,Jaime Gabaldoni,external-reference,embed_link_and_summarize_only
F4Gx29kORL0,https://www.youtube.com/shorts/F4Gx29kORL0,#Chevrolet #Corvette #Z06 2024,,,shorts,https://i.ytimg.com/vi/F4Gx29kORL0/oardefault.jpg?sqp=-oaymwEgCJUDEOAESFWQAgHyq4qpAw8IARUAAIhCcAHAAQbIAQE=&rs=AOn4CLDM5YZ_FzNt6udneVxFGbgy-TQjRg&usqp=CCk,Jaime Gabaldoni,external-reference,embed_link_and_summarize_only
jyUYx0G0W0I,https://www.youtube.com/shorts/jyUYx0G0W0I,#Chevrolet #Corvette #Z06 2024,,,shorts,https://i.ytimg.com/vi/jyUYx0G0W0I/oardefault.jpg?sqp=-oaymwEgCJUDEOAESFWQAgHyq4qpAw8IARUAAIhCcAHAAQbIAQE=&rs=AOn4CLBtWhid-qT_OJ3BcNCx_fsii8H1Xw&usqp=CCk,Jaime Gabaldoni,external-reference,embed_link_and_summarize_only
O_3DKF627VI,https://www.youtube.com/shorts/O_3DKF627VI,#Chevrolet #Corvette #Z06 2024,,,shorts,https://i.ytimg.com/vi/O_3DKF627VI/oardefault.jpg?sqp=-oaymwEgCJUDEOAESFWQAgHyq4qpAw8IARUAAIhCcAHAAQbIAQE=&rs=AOn4CLCYQhLPlYNn0HI26uiNiHkReMPKuQ&usqp=CCk,Jaime Gabaldoni,external-reference,embed_link_and_summarize_only
DO-NDnrVliI,https://www.youtube.com/shorts/DO-NDnrVliI,#Maserati #Levante #Trofeo,,,shorts,https://i.ytimg.com/vi/DO-NDnrVliI/oardefault.jpg?sqp=-oaymwEgCJUDEOAESFWQAgHyq4qpAw8IARUAAIhCcAHAAQbIAQE=&rs=AOn4CLBhnPSjoceV69CnRyevCGJ8nLtqwg&usqp=CCk,Jaime Gabaldoni,external-reference,embed_link_and_summarize_only
g7M4crObIsE,https://www.youtube.com/shorts/g7M4crObIsE,#Maserati #Levante #Trofeo,,,shorts,https://i.ytimg.com/vi/g7M4crObIsE/oardefault.jpg?sqp=-oaymwEgCJUDEOAESFWQAgHyq4qpAw8IARUAAIhCcAHAAQbIAQE=&rs=AOn4CLAw8cvs7U4gJ0xKzpB53EP9Ua8JDQ&usqp=CCk,Jaime Gabaldoni,external-reference,embed_link_and_summarize_only
Ee-bv2MOOtY,https://www.youtube.com/shorts/Ee-bv2MOOtY,Maserati Levante Trofeo 2023: Potencia Ferrari en un SUV de lujo | Reseña | Jaime Gabaldoni,,,shorts,https://i.ytimg.com/vi/Ee-bv2MOOtY/oardefault.jpg?sqp=-oaymwEgCJUDEOAESFWQAgHyq4qpAw8IARUAAIhCcAHAAQbIAQE=&rs=AOn4CLCqhmdNc-AD56rIE668HUugChEv2w&usqp=CCk,Jaime Gabaldoni,external-reference,embed_link_and_summarize_only
rGI88aMvHik,https://www.youtube.com/shorts/rGI88aMvHik,#Kia #Sorento #Hybrid 2023,,,shorts,https://i.ytimg.com/vi/rGI88aMvHik/oardefault.jpg?sqp=-oaymwEgCJUDEOAESFWQAgHyq4qpAw8IARUAAIhCcAHAAQbIAQE=&rs=AOn4CLDoYSaCIDnMBRKVknQ3nsG5LcO8_w&usqp=CCk,Jaime Gabaldoni,external-reference,embed_link_and_summarize_only
Z9gAv5e6f14,https://www.youtube.com/shorts/Z9gAv5e6f14,#Kia #Sorento #Hybrid 2023,,,shorts,https://i.ytimg.com/vi/Z9gAv5e6f14/oardefault.jpg?sqp=-oaymwEgCJUDEOAESFWQAgHyq4qpAw8IARUAAIhCcAHAAQbIAQE=&rs=AOn4CLADa0vvsziaREgGnNCk6CTRFu_roQ&usqp=CCk,Jaime Gabaldoni,external-reference,embed_link_and_summarize_only
YUizEYlU4XY,https://www.youtube.com/shorts/YUizEYlU4XY,#Kia #Sorento #Hybrid 2023,,,shorts,https://i.ytimg.com/vi/YUizEYlU4XY/oardefault.jpg?sqp=-oaymwEgCJUDEOAESFWQAgHyq4qpAw8IARUAAIhCcAHAAQbIAQE=&rs=AOn4CLA60HM3i3RveQRDk24qzwCWqp6GyQ&usqp=CCk,Jaime Gabaldoni,external-reference,embed_link_and_summarize_only
ieOtSJa7mN4,https://www.youtube.com/shorts/ieOtSJa7mN4,Chevrolet Silverado 2500HD ZR2 2024: La pickup más capaz y resistente | Reseña | Jaime Gabaldoni,,,shorts,https://i.ytimg.com/vi/ieOtSJa7mN4/oardefault.jpg?sqp=-oaymwEgCJUDEOAESFWQAgHyq4qpAw8IARUAAIhCcAHAAQbIAQE=&rs=AOn4CLCBa7zOVU7njKOfJBO8IPY83m671A&usqp=CCk,Jaime Gabaldoni,external-reference,embed_link_and_summarize_only
XpY5MoJHIFw,https://www.youtube.com/shorts/XpY5MoJHIFw,Chevrolet Silverado 2500HD ZR2 2024,,,shorts,https://i.ytimg.com/vi/XpY5MoJHIFw/oardefault.jpg?sqp=-oaymwEgCJUDEOAESFWQAgHyq4qpAw8IARUAAIhCcAHAAQbIAQE=&rs=AOn4CLDzuGBpfhyEYv1IRW7v2bm_dAXOjg&usqp=CCk,Jaime Gabaldoni,external-reference,embed_link_and_summarize_only
E1vFQnYUMJI,https://www.youtube.com/shorts/E1vFQnYUMJI,Chevrolet Silverado 2500HD ZR2 2024 | Jaime Gabaldoni,,,shorts,https://i.ytimg.com/vi/E1vFQnYUMJI/oardefault.jpg?sqp=-oaymwEgCJUDEOAESFWQAgHyq4qpAw8IARUAAIhCcAHAAQbIAQE=&rs=AOn4CLAdTOH3K0o6szptvmhQX3x7IT9zxA&usqp=CCk,Jaime Gabaldoni,external-reference,embed_link_and_summarize_only
frZ_IFPgqy8,https://www.youtube.com/shorts/frZ_IFPgqy8,#Mazda #CX30 #NoSeMueran,,,shorts,https://i.ytimg.com/vi/frZ_IFPgqy8/oardefault.jpg?sqp=-oaymwEgCJUDEOAESFWQAgHyq4qpAw8IARUAAIhCcAHAAQbIAQE=&rs=AOn4CLAxS1UWmgPWWLPRdLQAzM5CWcuufQ&usqp=CCk,Jaime Gabaldoni,external-reference,embed_link_and_summarize_only
ryaS0yN2lxQ,https://www.youtube.com/shorts/ryaS0yN2lxQ,#Mazda #CX30 #NoSeMueran,,,shorts,https://i.ytimg.com/vi/ryaS0yN2lxQ/oardefault.jpg?sqp=-oaymwEgCJUDEOAESFWQAgHyq4qpAw8IARUAAIhCcAHAAQbIAQE=&rs=AOn4CLCBY6KMYj1F1T0OxlD5mhNbkpQ_fA&usqp=CCk,Jaime Gabaldoni,external-reference,embed_link_and_summarize_only
Vfzc5PA61n8,https://www.youtube.com/shorts/Vfzc5PA61n8,#Mazda #CX30 #NoSeMueran,,,shorts,https://i.ytimg.com/vi/Vfzc5PA61n8/oardefault.jpg?sqp=-oaymwEgCJUDEOAESFWQAgHyq4qpAw8IARUAAIhCcAHAAQbIAQE=&rs=AOn4CLCMVHziK9DipVCbnPWzetLXYoUjTA&usqp=CCk,Jaime Gabaldoni,external-reference,embed_link_and_summarize_only
oXgoH5WlT8M,https://www.youtube.com/shorts/oXgoH5WlT8M,Mercedes-AMG SL55 Roadster #nosemueran #MercedesAMG,,,shorts,https://i.ytimg.com/vi/oXgoH5WlT8M/oardefault.jpg?sqp=-oaymwEgCJUDEOAESFWQAgHyq4qpAw8IARUAAIhCcAHAAQbIAQE=&rs=AOn4CLBkT1D72e7pIMhZH2Ea1zJOPJdKkw&usqp=CCk,Jaime Gabaldoni,external-reference,embed_link_and_summarize_only
qaHIMpz2jSc,https://www.youtube.com/shorts/qaHIMpz2jSc,Mercedes-AMG SL55 Roadster #nosemueran #MercedesAMG,,,shorts,https://i.ytimg.com/vi/qaHIMpz2jSc/oardefault.jpg?sqp=-oaymwEgCJUDEOAESFWQAgHyq4qpAw8IARUAAIhCcAHAAQbIAQE=&rs=AOn4CLDeKptDjX02Gk145AufkQzN1hWFZw&usqp=CCk,Jaime Gabaldoni,external-reference,embed_link_and_summarize_only
X2vCRumTHP8,https://www.youtube.com/shorts/X2vCRumTHP8,Mercedes-AMG SL55 Roadster  #nosemueran #mercedesamg,,,shorts,https://i.ytimg.com/vi/X2vCRumTHP8/oardefault.jpg?sqp=-oaymwEgCJUDEOAESFWQAgHyq4qpAw8IARUAAIhCcAHAAQbIAQE=&rs=AOn4CLC_c8rQSckuXrPrFFNCpQehlrL3_g&usqp=CCk,Jaime Gabaldoni,external-reference,embed_link_and_summarize_only
v1mqP7mH9XE,https://www.youtube.com/shorts/v1mqP7mH9XE,VinFast VF 8 2024 #VinFast #VinFastVF8 #newVinFastVF8 #VF8 #VinFastPartner,,,shorts,https://i.ytimg.com/vi/v1mqP7mH9XE/oardefault.jpg?sqp=-oaymwEgCJUDEOAESFWQAgHyq4qpAw8IARUAAIhCcAHAAQbIAQE=&rs=AOn4CLCjUE-qfqf6qv6-MQ4vnW9dylOqOw&usqp=CCk,Jaime Gabaldoni,external-reference,embed_link_and_summarize_only
qsNbLmUsQmo,https://www.youtube.com/shorts/qsNbLmUsQmo,VinFast VF 8 2024 #VinFast #VinFastVF8 #newVinFastVF8 #VF8 #VinFastPartner,,,shorts,https://i.ytimg.com/vi/qsNbLmUsQmo/oardefault.jpg?sqp=-oaymwEgCJUDEOAESFWQAgHyq4qpAw8IARUAAIhCcAHAAQbIAQE=&rs=AOn4CLDcB9mMCPZhbECCqLJv8NCHM7AWUw&usqp=CCk,Jaime Gabaldoni,external-reference,embed_link_and_summarize_only
cSxgTfFbrdo,https://www.youtube.com/shorts/cSxgTfFbrdo,VinFast VF 8 2024 #VinFast #VinFastVF8 #newVinFastVF8 #VF8 #VinFastPartner,,,shorts,https://i.ytimg.com/vi/cSxgTfFbrdo/oardefault.jpg?sqp=-oaymwEgCJUDEOAESFWQAgHyq4qpAw8IARUAAIhCcAHAAQbIAQE=&rs=AOn4CLDLttnQ9gg48hPrxiolrjJV6W2lHg&usqp=CCk,Jaime Gabaldoni,external-reference,embed_link_and_summarize_only
itIjFPSV0vY,https://www.youtube.com/shorts/itIjFPSV0vY,Uno de los mejores sonidos de los últimos tiempos #Corvette #C8 #Z06,,,shorts,https://i.ytimg.com/vi/itIjFPSV0vY/oardefault.jpg?sqp=-oaymwEgCJUDEOAESFWQAgHyq4qpAw8IARUAAIhCcAHAAQbIAQE=&rs=AOn4CLCvaRbRR7domdPy9mM-uVFgwNRCbg&usqp=CCk,Jaime Gabaldoni,external-reference,embed_link_and_summarize_only
XFNfq27p_rY,https://www.youtube.com/shorts/XFNfq27p_rY,Costos adicionales cuando ordenas un #RollsRoyce #Lujo #NoSeMueran,,,shorts,https://i.ytimg.com/vi/XFNfq27p_rY/oardefault.jpg?sqp=-oaymwEgCJUDEOAESFWQAgHyq4qpAw8IARUAAIhCcAHAAQbIAQE=&rs=AOn4CLAmeG3vp8bQnwkqA03OhxUpz8CCqQ&usqp=CCk,Jaime Gabaldoni,external-reference,embed_link_and_summarize_only
AnqKpLoRyZQ,https://www.youtube.com/shorts/AnqKpLoRyZQ,#Chevrolet #Silverado1500 #TrailBoss 2023,,,shorts,https://i.ytimg.com/vi/AnqKpLoRyZQ/oardefault.jpg?sqp=-oaymwEgCJUDEOAESFWQAgHyq4qpAw8IARUAAIhCcAHAAQbIAQE=&rs=AOn4CLA7r207aZ-RjUfGoPkn26lqGFve2w&usqp=CCk,Jaime Gabaldoni,external-reference,embed_link_and_summarize_only
wYIfwaMEPag,https://www.youtube.com/shorts/wYIfwaMEPag,#Chevrolet #Silverado1500 #TrailBoss 2023,,,shorts,https://i.ytimg.com/vi/wYIfwaMEPag/oardefault.jpg?sqp=-oaymwEgCJUDEOAESFWQAgHyq4qpAw8IARUAAIhCcAHAAQbIAQE=&rs=AOn4CLDKhASduqwm1MZT9dYus7Kz7m1bYg&usqp=CCk,Jaime Gabaldoni,external-reference,embed_link_and_summarize_only
rm1G2EemNJc,https://www.youtube.com/shorts/rm1G2EemNJc,#Chevrolet #Silverado1500 #TrailBoss 2023,,,shorts,https://i.ytimg.com/vi/rm1G2EemNJc/oardefault.jpg?sqp=-oaymwEgCJUDEOAESFWQAgHyq4qpAw8IARUAAIhCcAHAAQbIAQE=&rs=AOn4CLCH7U5YoWSzpJk06dZRar8VHUcrgA&usqp=CCk,Jaime Gabaldoni,external-reference,embed_link_and_summarize_only
qYiO_wFWyV4,https://www.youtube.com/shorts/qYiO_wFWyV4,Zero DSR-X 2023 #NoSeMueran #ZeroDSRX,,,shorts,https://i.ytimg.com/vi/qYiO_wFWyV4/oardefault.jpg?sqp=-oaymwEgCJUDEOAESFWQAgHyq4qpAw8IARUAAIhCcAHAAQbIAQE=&rs=AOn4CLACyEkWvrtd04sTO-ka4Kt-6iAOow&usqp=CCk,Jaime Gabaldoni,external-reference,embed_link_and_summarize_only
rINi1yjdkko,https://www.youtube.com/shorts/rINi1yjdkko,Zero DSR-X 2023 #NoSeMueran @zeromotorcycles #Zero,,,shorts,https://i.ytimg.com/vi/rINi1yjdkko/oardefault.jpg?sqp=-oaymwEgCJUDEOAESFWQAgHyq4qpAw8IARUAAIhCcAHAAQbIAQE=&rs=AOn4CLAZ4yTyYI_I623lRJXSsRShmKX5CA&usqp=CCk,Jaime Gabaldoni,external-reference,embed_link_and_summarize_only
Ihm0m_Xl2HM,https://www.youtube.com/shorts/Ihm0m_Xl2HM,Toyota GR86 2023 #NoSeMueran,,,shorts,https://i.ytimg.com/vi/Ihm0m_Xl2HM/oardefault.jpg?sqp=-oaymwEgCJUDEOAESFWQAgHyq4qpAw8IARUAAIhCcAHAAQbIAQE=&rs=AOn4CLAEId85XILA7jKxzmibjCBo0kLJBQ&usqp=CCk,Jaime Gabaldoni,external-reference,embed_link_and_summarize_only
CWMoGUWSL1I,https://www.youtube.com/shorts/CWMoGUWSL1I,"November 26, 2023",,,shorts,https://i.ytimg.com/vi/CWMoGUWSL1I/oardefault.jpg?sqp=-oaymwEgCJUDEOAESFWQAgHyq4qpAw8IARUAAIhCcAHAAQbIAQE=&rs=AOn4CLBcWgxzWIu2Pqz_dBBdCpPF8Wz5qQ&usqp=CCk,Jaime Gabaldoni,external-reference,embed_link_and_summarize_only
4hsMg8g2W28,https://www.youtube.com/shorts/4hsMg8g2W28,Toyota GR86 2023 #NoSeMueran,,,shorts,https://i.ytimg.com/vi/4hsMg8g2W28/oardefault.jpg?sqp=-oaymwEgCJUDEOAESFWQAgHyq4qpAw8IARUAAIhCcAHAAQbIAQE=&rs=AOn4CLBna9a7HPuAuctmYUSbrNCMfKjmRw&usqp=CCk,Jaime Gabaldoni,external-reference,embed_link_and_summarize_only
sCtZ4f7QoOY,https://www.youtube.com/shorts/sCtZ4f7QoOY,#Infiniti #Q50S #RedSport 2023 #NoSeMueran,,,shorts,https://i.ytimg.com/vi/sCtZ4f7QoOY/oardefault.jpg?sqp=-oaymwEgCJUDEOAESFWQAgHyq4qpAw8IARUAAIhCcAHAAQbIAQE=&rs=AOn4CLBSLWkhoaq3XI5qfn9lop2DyC95ig&usqp=CCk,Jaime Gabaldoni,external-reference,embed_link_and_summarize_only
Z__NS_XBPIM,https://www.youtube.com/shorts/Z__NS_XBPIM,#Infiniti #Q50S #RedSport 2023 #NoSeMueran,,,shorts,https://i.ytimg.com/vi/Z__NS_XBPIM/oardefault.jpg?sqp=-oaymwEgCJUDEOAESFWQAgHyq4qpAw8IARUAAIhCcAHAAQbIAQE=&rs=AOn4CLDhMJsJQocBKwVfpsEOGi6-ECznfA&usqp=CCk,Jaime Gabaldoni,external-reference,embed_link_and_summarize_only
pzNJHvwDCfc,https://www.youtube.com/shorts/pzNJHvwDCfc,#Infiniti #Q50S #RedSport 2023 #NoSeMueran,,,shorts,https://i.ytimg.com/vi/pzNJHvwDCfc/oardefault.jpg?sqp=-oaymwEgCJUDEOAESFWQAgHyq4qpAw8IARUAAIhCcAHAAQbIAQE=&rs=AOn4CLD95v5pItWeUK3ck1XW7pSsgTRP1Q&usqp=CCk,Jaime Gabaldoni,external-reference,embed_link_and_summarize_only
S807ULJnj-E,https://www.youtube.com/shorts/S807ULJnj-E,Toyota Tundra Capstone 2023 #NoSeMueran #Toyota #Tundra,,,shorts,https://i.ytimg.com/vi/S807ULJnj-E/oardefault.jpg?sqp=-oaymwEgCJUDEOAESFWQAgHyq4qpAw8IARUAAIhCcAHAAQbIAQE=&rs=AOn4CLDgfYS2xxMenVx2ksy7G-l1N5oAKw&usqp=CCk,Jaime Gabaldoni,external-reference,embed_link_and_summarize_only
kW4bdqdlTDg,https://www.youtube.com/shorts/kW4bdqdlTDg,Toyota Tundra Capstone 2023 #NoSeMueran #Toyota #Tundra,,,shorts,https://i.ytimg.com/vi/kW4bdqdlTDg/oardefault.jpg?sqp=-oaymwEgCJUDEOAESFWQAgHyq4qpAw8IARUAAIhCcAHAAQbIAQE=&rs=AOn4CLBSIR5WEvn44Y2HEY1QdgAnqQzFsA&usqp=CCk,Jaime Gabaldoni,external-reference,embed_link_and_summarize_only
1EBCATAUHQY,https://www.youtube.com/shorts/1EBCATAUHQY,Toyota Tundra Capstone 2023 #NoSeMueran #Toyota #Tundra,,,shorts,https://i.ytimg.com/vi/1EBCATAUHQY/oar2.jpg?sqp=-oaymwEgCJUDEOAESFWQAgHyq4qpAw8IARUAAIhCcAHAAQbIAQE=&rs=AOn4CLCUA6cIekZF7wuZ4WMYG3rSrwJGaQ&usqp=CCk,Jaime Gabaldoni,external-reference,embed_link_and_summarize_only
53OyN6edgKo,https://www.youtube.com/shorts/53OyN6edgKo,Chrysler Pacifica Plug-In 2023 #Chrysler #Pacifica #NoSeMueran,,,shorts,https://i.ytimg.com/vi/53OyN6edgKo/oardefault.jpg?sqp=-oaymwEgCJUDEOAESFWQAgHyq4qpAw8IARUAAIhCcAHAAQbIAQE=&rs=AOn4CLCiuuxI96eqWCu8LYAgzqKfQwxE2Q&usqp=CCk,Jaime Gabaldoni,external-reference,embed_link_and_summarize_only
_RFPISLaTg8,https://www.youtube.com/shorts/_RFPISLaTg8,Chrysler Pacifica Plug-In 2023 #Chrysler #Pacifica #NoSeMueran,,,shorts,https://i.ytimg.com/vi/_RFPISLaTg8/oardefault.jpg?sqp=-oaymwEgCJUDEOAESFWQAgHyq4qpAw8IARUAAIhCcAHAAQbIAQE=&rs=AOn4CLCFoIKdpIbD_miSduClmyTp67dmFQ&usqp=CCk,Jaime Gabaldoni,external-reference,embed_link_and_summarize_only
K6iaRtYnwgs,https://www.youtube.com/shorts/K6iaRtYnwgs,Chrysler Pacifica Plug-In 2023 #Chrysler #Pacifica #NoSeMueran,,,shorts,https://i.ytimg.com/vi/K6iaRtYnwgs/oardefault.jpg?sqp=-oaymwEgCJUDEOAESFWQAgHyq4qpAw8IARUAAIhCcAHAAQbIAQE=&rs=AOn4CLBBUbWal4qh8CK6Jw3VsDNMFhV3Mg&usqp=CCk,Jaime Gabaldoni,external-reference,embed_link_and_summarize_only
IC4fKcL5Jbc,https://www.youtube.com/shorts/IC4fKcL5Jbc,#Nissan #Pathfinder 2024 #nosemueran,,,shorts,https://i.ytimg.com/vi/IC4fKcL5Jbc/oardefault.jpg?sqp=-oaymwEgCJUDEOAESFWQAgHyq4qpAw8IARUAAIhCcAHAAQbIAQE=&rs=AOn4CLB4Nc3Vp6JwS68BShowY14nBChfQA&usqp=CCk,Jaime Gabaldoni,external-reference,embed_link_and_summarize_only
UU0cjVCtw7A,https://www.youtube.com/shorts/UU0cjVCtw7A,#Nissan #Pathfinder 2024 #nosemueran,,,shorts,https://i.ytimg.com/vi/UU0cjVCtw7A/oardefault.jpg?sqp=-oaymwEgCJUDEOAESFWQAgHyq4qpAw8IARUAAIhCcAHAAQbIAQE=&rs=AOn4CLAB9zPyefmY63bcnPWEdcyI-jDeAA&usqp=CCk,Jaime Gabaldoni,external-reference,embed_link_and_summarize_only
eki2Dm4DWAg,https://www.youtube.com/shorts/eki2Dm4DWAg,#Nissan #Pathfinder 2024 #nosemueran,,,shorts,https://i.ytimg.com/vi/eki2Dm4DWAg/oardefault.jpg?sqp=-oaymwEgCJUDEOAESFWQAgHyq4qpAw8IARUAAIhCcAHAAQbIAQE=&rs=AOn4CLDgG6_hDe4tPBfBPGv4pzFIwDUrPA&usqp=CCk,Jaime Gabaldoni,external-reference,embed_link_and_summarize_only
n7ognBVmcZU,https://www.youtube.com/shorts/n7ognBVmcZU,#Acura #IntegraTypeS 2024 #NoSeMueran,,,shorts,https://i.ytimg.com/vi/n7ognBVmcZU/oardefault.jpg?sqp=-oaymwEgCJUDEOAESFWQAgHyq4qpAw8IARUAAIhCcAHAAQbIAQE=&rs=AOn4CLAOtxtDBoffCQp3b-ncqRM1MAfggQ&usqp=CCk,Jaime Gabaldoni,external-reference,embed_link_and_summarize_only
Q6VBTZ1Qo7E,https://www.youtube.com/shorts/Q6VBTZ1Qo7E,#Acura #IntegraTypeS 2024 #NoSeMueran,,,shorts,https://i.ytimg.com/vi/Q6VBTZ1Qo7E/oardefault.jpg?sqp=-oaymwEgCJUDEOAESFWQAgHyq4qpAw8IARUAAIhCcAHAAQbIAQE=&rs=AOn4CLDDJJNkc6suZrDPpcIgDDYY1nKFMg&usqp=CCk,Jaime Gabaldoni,external-reference,embed_link_and_summarize_only
qC8YJZsm9GY,https://www.youtube.com/shorts/qC8YJZsm9GY,#Acura #IntegraTypeS 2024 #NoSeMueran,,,shorts,https://i.ytimg.com/vi/qC8YJZsm9GY/oardefault.jpg?sqp=-oaymwEgCJUDEOAESFWQAgHyq4qpAw8IARUAAIhCcAHAAQbIAQE=&rs=AOn4CLA_CynlmqiPi7KDaSvvFnrpMgdkJA&usqp=CCk,Jaime Gabaldoni,external-reference,embed_link_and_summarize_only
QNSnHY3zfB8,https://www.youtube.com/shorts/QNSnHY3zfB8,Volkswagen Atlas CrossSport 2024,,,shorts,https://i.ytimg.com/vi/QNSnHY3zfB8/hq720.jpg?sqp=-oaymwEdCJUDENAFSFXyq4qpAw8IARUAAIhCcAHAAQbQAQE=&rs=AOn4CLAq1tFnV3BQ4DWz2FIg-GlAKrjZBQ,Jaime Gabaldoni,external-reference,embed_link_and_summarize_only
unVeYlwaHg0,https://www.youtube.com/shorts/unVeYlwaHg0,Volkswagen Atlas CrossSport 2024,,,shorts,https://i.ytimg.com/vi/unVeYlwaHg0/hq720.jpg?sqp=-oaymwEdCJUDENAFSFXyq4qpAw8IARUAAIhCcAHAAQbQAQE=&rs=AOn4CLACmakqaDJyQ5HjwpASqwUR1RBd1A,Jaime Gabaldoni,external-reference,embed_link_and_summarize_only
I0ZPDQyw-RE,https://www.youtube.com/shorts/I0ZPDQyw-RE,Volkswagen Atlas CrossSport 2024,,,shorts,https://i.ytimg.com/vi/I0ZPDQyw-RE/hq720.jpg?sqp=-oaymwEdCJUDENAFSFXyq4qpAw8IARUAAIhCcAHAAQbQAQE=&rs=AOn4CLCSRxrEDFYs1d1nBLZbLTN-AZDt6g,Jaime Gabaldoni,external-reference,embed_link_and_summarize_only
K3jVgAU0C2U,https://www.youtube.com/shorts/K3jVgAU0C2U,#Indian #eFTR #Hooligan,,,shorts,https://i.ytimg.com/vi/K3jVgAU0C2U/hq720.jpg?sqp=-oaymwEdCJUDENAFSFXyq4qpAw8IARUAAIhCcAHAAQbQAQE=&rs=AOn4CLDyJYVY6aK3e29fvJDQ21plplthvw,Jaime Gabaldoni,external-reference,embed_link_and_summarize_only
nQoGPcOoBLw,https://www.youtube.com/shorts/nQoGPcOoBLw,Volvo V60 Recharge Polestar 2024,,,shorts,https://i.ytimg.com/vi/nQoGPcOoBLw/hq720.jpg?sqp=-oaymwEdCJUDENAFSFXyq4qpAw8IARUAAIhCcAHAAQbQAQE=&rs=AOn4CLD3QNi-NLmDPRWLtYZqE2ypSZ0P7A,Jaime Gabaldoni,external-reference,embed_link_and_summarize_only
hIbskfW8BHA,https://www.youtube.com/shorts/hIbskfW8BHA,Volvo V60 Recharge Polestar 2024,,,shorts,https://i.ytimg.com/vi/hIbskfW8BHA/hq720.jpg?sqp=-oaymwEdCJUDENAFSFXyq4qpAw8IARUAAIhCcAHAAQbQAQE=&rs=AOn4CLBMJuLt8xrnaG_LSrbcHSUPEm2CQA,Jaime Gabaldoni,external-reference,embed_link_and_summarize_only
dUgn4ptlA9c,https://www.youtube.com/shorts/dUgn4ptlA9c,Volvo V60 Recharge Polestar 2024,,,shorts,https://i.ytimg.com/vi/dUgn4ptlA9c/hq720.jpg?sqp=-oaymwEdCJUDENAFSFXyq4qpAw8IARUAAIhCcAHAAQbQAQE=&rs=AOn4CLCXdibpO5-Wpb6U7Mv2Hc_gYk0xUw,Jaime Gabaldoni,external-reference,embed_link_and_summarize_only
G4OokpWcF-E,https://www.youtube.com/shorts/G4OokpWcF-E,Mercedes-Benz EQS 2023 #NoSeMueran,,,shorts,https://i.ytimg.com/vi/G4OokpWcF-E/hq720.jpg?sqp=-oaymwEdCJUDENAFSFXyq4qpAw8IARUAAIhCcAHAAQbQAQE=&rs=AOn4CLBltj6TvJ4npuFRQ_ulaeKg82wIrg,Jaime Gabaldoni,external-reference,embed_link_and_summarize_only
89ByaLLHnXE,https://www.youtube.com/shorts/89ByaLLHnXE,Mercedes-Benz EQS 2023 #nosemueran,,,shorts,https://i.ytimg.com/vi/89ByaLLHnXE/hq720.jpg?sqp=-oaymwEdCJUDENAFSFXyq4qpAw8IARUAAIhCcAHAAQbQAQE=&rs=AOn4CLDX5Bd4TM8oEMfvKlRzuWEA7p7ebg,Jaime Gabaldoni,external-reference,embed_link_and_summarize_only
cKLleA0Kw7I,https://www.youtube.com/shorts/cKLleA0Kw7I,GMC Canyon AT4X 2023,,,shorts,https://i.ytimg.com/vi/cKLleA0Kw7I/hq720.jpg?sqp=-oaymwEdCJUDENAFSFXyq4qpAw8IARUAAIhCcAHAAQbQAQE=&rs=AOn4CLBkUi97NI2RozpTOBvIt3FRyD2N0g,Jaime Gabaldoni,external-reference,embed_link_and_summarize_only
Li8U8ZHhR6Q,https://www.youtube.com/shorts/Li8U8ZHhR6Q,GMC Canyon AT4X 2023,,,shorts,https://i.ytimg.com/vi/Li8U8ZHhR6Q/hq720.jpg?sqp=-oaymwEdCJUDENAFSFXyq4qpAw8IARUAAIhCcAHAAQbQAQE=&rs=AOn4CLAZw0fi7ExDzoG2vfMHk6_nNV2gwA,Jaime Gabaldoni,external-reference,embed_link_and_summarize_only
VV2eEZd4MXE,https://www.youtube.com/shorts/VV2eEZd4MXE,GMC Canyon AT4X 2023,,,shorts,https://i.ytimg.com/vi/VV2eEZd4MXE/hq720.jpg?sqp=-oaymwEdCJUDENAFSFXyq4qpAw8IARUAAIhCcAHAAQbQAQE=&rs=AOn4CLBGuIb1IAWVmb__xBWsN0EgOAcf9A,Jaime Gabaldoni,external-reference,embed_link_and_summarize_only
PfppJRT9r18,https://www.youtube.com/shorts/PfppJRT9r18,#Honda #PilotTrailSport 2023 #NoSeMueran,,,shorts,https://i.ytimg.com/vi/PfppJRT9r18/hq720.jpg?sqp=-oaymwEdCJUDENAFSFXyq4qpAw8IARUAAIhCcAHAAQbQAQE=&rs=AOn4CLBPY_SCfGfUHHfPlaBkrLwOOm3jVw,Jaime Gabaldoni,external-reference,embed_link_and_summarize_only
cloRsi-xi3E,https://www.youtube.com/shorts/cloRsi-xi3E,#Honda #PilotTrailSport 2023 #NoSeMueran,,,shorts,https://i.ytimg.com/vi/cloRsi-xi3E/hq720.jpg?sqp=-oaymwEdCJUDENAFSFXyq4qpAw8IARUAAIhCcAHAAQbQAQE=&rs=AOn4CLAd3zUWiy-xu1DyGxwh1SBVGD2u7g,Jaime Gabaldoni,external-reference,embed_link_and_summarize_only
LzuLx9b8X08,https://www.youtube.com/shorts/LzuLx9b8X08,Piloto automático nivel 3 #MercedesBenz #DrivePilot,,,shorts,https://i.ytimg.com/vi/LzuLx9b8X08/hq720.jpg?sqp=-oaymwEdCJUDENAFSFXyq4qpAw8IARUAAIhCcAHAAQbQAQE=&rs=AOn4CLAK-9-oOo3ZgfPmG4IfaYFidYT0MA,Jaime Gabaldoni,external-reference,embed_link_and_summarize_only
kzAtXUqjAvA,https://www.youtube.com/shorts/kzAtXUqjAvA,Piloto automático nivel 3 #MercedesBenz #DrivePilot,,,shorts,https://i.ytimg.com/vi/kzAtXUqjAvA/hq720.jpg?sqp=-oaymwEdCJUDENAFSFXyq4qpAw8IARUAAIhCcAHAAQbQAQE=&rs=AOn4CLB1ekog6wC6lsSX3iikbF4qbvZR4A,Jaime Gabaldoni,external-reference,embed_link_and_summarize_only
X5TxBJ6-4sQ,https://www.youtube.com/shorts/X5TxBJ6-4sQ,Hyundai Kona N 2023 @hyundai #KonaN #Hyundai,,,shorts,https://i.ytimg.com/vi/X5TxBJ6-4sQ/hq720.jpg?sqp=-oaymwEdCJUDENAFSFXyq4qpAw8IARUAAIhCcAHAAQbQAQE=&rs=AOn4CLDo8JCvh_trR89nlXvZzSyoIktp_A,Jaime Gabaldoni,external-reference,embed_link_and_summarize_only
aq-vAvpW6ew,https://www.youtube.com/shorts/aq-vAvpW6ew,Hyundai Kona N 2023 @hyundai  #KonaN #Hyundai,,,shorts,https://i.ytimg.com/vi/aq-vAvpW6ew/hq720.jpg?sqp=-oaymwEdCJUDENAFSFXyq4qpAw8IARUAAIhCcAHAAQbQAQE=&rs=AOn4CLBOZRqbC5_uoBBNvO_uACCysqV-nQ,Jaime Gabaldoni,external-reference,embed_link_and_summarize_only
Sw6AbO8wY6M,https://www.youtube.com/shorts/Sw6AbO8wY6M,Hyundai Kona N 2023 @hyundai #KonaN #Hyundai,,,shorts,https://i.ytimg.com/vi/Sw6AbO8wY6M/hq720.jpg?sqp=-oaymwEdCJUDENAFSFXyq4qpAw8IARUAAIhCcAHAAQbQAQE=&rs=AOn4CLDLcuJ9cb5wJAz_XlgC7iGgClwsIQ,Jaime Gabaldoni,external-reference,embed_link_and_summarize_only
furqVeN2iCA,https://www.youtube.com/shorts/furqVeN2iCA,#Toyota #GRCorolla 2023 #NoSeMueran,,,shorts,https://i.ytimg.com/vi/furqVeN2iCA/hq720.jpg?sqp=-oaymwEdCJUDENAFSFXyq4qpAw8IARUAAIhCcAHAAQbQAQE=&rs=AOn4CLC95rBWhS8f1R31qu9875GJYWMmnA,Jaime Gabaldoni,external-reference,embed_link_and_summarize_only
47WnoXHAa1o,https://www.youtube.com/shorts/47WnoXHAa1o,#Toyota #GRCorolla 2023 #NoSeMueran,,,shorts,https://i.ytimg.com/vi/47WnoXHAa1o/hq720.jpg?sqp=-oaymwEdCJUDENAFSFXyq4qpAw8IARUAAIhCcAHAAQbQAQE=&rs=AOn4CLCvLj-aBtI-FOBj1riUZQ9s2xz0Ww,Jaime Gabaldoni,external-reference,embed_link_and_summarize_only
9QbxaE6OdXM,https://www.youtube.com/shorts/9QbxaE6OdXM,#Toyota #GRCorolla #NoSeMueran 2023,,,shorts,https://i.ytimg.com/vi/9QbxaE6OdXM/oar2.jpg?sqp=-oaymwEgCJUDEOAESFWQAgHyq4qpAw8IARUAAIhCcAHAAQbIAQE=&rs=AOn4CLCvHBt7r6Zj8oMZ0ycJsUT6i4dyKw&usqp=CCk,Jaime Gabaldoni,external-reference,embed_link_and_summarize_only
dXgECS9z5TM,https://www.youtube.com/shorts/dXgECS9z5TM,#Toyota #Prius 2023 #NoSeMueran,,,shorts,https://i.ytimg.com/vi/dXgECS9z5TM/hq720.jpg?sqp=-oaymwEdCJUDENAFSFXyq4qpAw8IARUAAIhCcAHAAQbQAQE=&rs=AOn4CLCemV5VxbfOzsC_6WKGnX0Tk2NfIQ,Jaime Gabaldoni,external-reference,embed_link_and_summarize_only
zStqATmeJZo,https://www.youtube.com/shorts/zStqATmeJZo,#Toyota #Prius 2023 #NoSeMueran,,,shorts,https://i.ytimg.com/vi/zStqATmeJZo/hq720.jpg?sqp=-oaymwEdCJUDENAFSFXyq4qpAw8IARUAAIhCcAHAAQbQAQE=&rs=AOn4CLD8t7ITUD8aSq8ZCMe34YwOmxrTGA,Jaime Gabaldoni,external-reference,embed_link_and_summarize_only
stU4nzK-bas,https://www.youtube.com/shorts/stU4nzK-bas,#Toyota #Prius 2023 #NoSeMueran,,,shorts,https://i.ytimg.com/vi/stU4nzK-bas/hq720.jpg?sqp=-oaymwEdCJUDENAFSFXyq4qpAw8IARUAAIhCcAHAAQbQAQE=&rs=AOn4CLC2VQtQ51Pn_nyZuSHuHpNO9rsclQ,Jaime Gabaldoni,external-reference,embed_link_and_summarize_only
mMdu-Ipcsy8,https://www.youtube.com/shorts/mMdu-Ipcsy8,#Lexus #LS500 #FSport 2023,,,shorts,https://i.ytimg.com/vi/mMdu-Ipcsy8/hq720.jpg?sqp=-oaymwEdCJUDENAFSFXyq4qpAw8IARUAAIhCcAHAAQbQAQE=&rs=AOn4CLD0pmDOW3FSb160_28YtoxodV6JDw,Jaime Gabaldoni,external-reference,embed_link_and_summarize_only
wLPvGvHiWhk,https://www.youtube.com/shorts/wLPvGvHiWhk,#Lexus #LS500 #FSport 2023,,,shorts,https://i.ytimg.com/vi/wLPvGvHiWhk/hq720.jpg?sqp=-oaymwEdCJUDENAFSFXyq4qpAw8IARUAAIhCcAHAAQbQAQE=&rs=AOn4CLBNGlKQ4xao-DCXTFmEVQVXJHGN0Q,Jaime Gabaldoni,external-reference,embed_link_and_summarize_only
lZVNxpvG0bE,https://www.youtube.com/shorts/lZVNxpvG0bE,#Audi #S6 2023 #NoSeMueran,,,shorts,https://i.ytimg.com/vi/lZVNxpvG0bE/hq720.jpg?sqp=-oaymwEdCJUDENAFSFXyq4qpAw8IARUAAIhCcAHAAQbQAQE=&rs=AOn4CLAvbxGNVcD5buInbwyoMItMYhM5qg,Jaime Gabaldoni,external-reference,embed_link_and_summarize_only
iqSZoKvdwUY,https://www.youtube.com/shorts/iqSZoKvdwUY,#Audi #S6 2023 #NoSeMueran,,,shorts,https://i.ytimg.com/vi/iqSZoKvdwUY/oar2.jpg?sqp=-oaymwEgCJUDEOAESFWQAgHyq4qpAw8IARUAAIhCcAHAAQbIAQE=&rs=AOn4CLBhzNvgR-1IAUDAje1Fx20_gKPz8w&usqp=CCk,Jaime Gabaldoni,external-reference,embed_link_and_summarize_only
pf3GT59Rtzs,https://www.youtube.com/shorts/pf3GT59Rtzs,#Audi #S6 2023 #NoSeMueran,,,shorts,https://i.ytimg.com/vi/pf3GT59Rtzs/hq720.jpg?sqp=-oaymwEdCJUDENAFSFXyq4qpAw8IARUAAIhCcAHAAQbQAQE=&rs=AOn4CLCKFqTLdpNND12uPVTihW4QAS80-A,Jaime Gabaldoni,external-reference,embed_link_and_summarize_only
zsCeQTk-lpw,https://www.youtube.com/shorts/zsCeQTk-lpw,#Audi #S6 2023 #NoSeMueran,,,shorts,https://i.ytimg.com/vi/zsCeQTk-lpw/hq720.jpg?sqp=-oaymwEdCJUDENAFSFXyq4qpAw8IARUAAIhCcAHAAQbQAQE=&rs=AOn4CLAxVnVB-yoV4EarRds1KWdnDFwagQ,Jaime Gabaldoni,external-reference,embed_link_and_summarize_only
dYmXYOTdGZM,https://www.youtube.com/shorts/dYmXYOTdGZM,#Cadillac #EscaladeV 2023,,,shorts,https://i.ytimg.com/vi/dYmXYOTdGZM/hq720.jpg?sqp=-oaymwEdCJUDENAFSFXyq4qpAw8IARUAAIhCcAHAAQbQAQE=&rs=AOn4CLBqZgVUPZgSlMfrNpEmrIU2MC4Mog,Jaime Gabaldoni,external-reference,embed_link_and_summarize_only
qW8D11blq-Q,https://www.youtube.com/shorts/qW8D11blq-Q,#Cadillac #EscaladeV 2023,,,shorts,https://i.ytimg.com/vi/qW8D11blq-Q/hq720.jpg?sqp=-oaymwEdCJUDENAFSFXyq4qpAw8IARUAAIhCcAHAAQbQAQE=&rs=AOn4CLC4Kj8mdHKFnXUqNwwtr5fxkYoqxg,Jaime Gabaldoni,external-reference,embed_link_and_summarize_only
8n-EeFHnu-w,https://www.youtube.com/shorts/8n-EeFHnu-w,"September 7, 2023",,,shorts,https://i.ytimg.com/vi/8n-EeFHnu-w/hq720.jpg?sqp=-oaymwEdCJUDENAFSFXyq4qpAw8IARUAAIhCcAHAAQbQAQE=&rs=AOn4CLAUKtKlMx9moT2kyqlHtaEuuU0Jkg,Jaime Gabaldoni,external-reference,embed_link_and_summarize_only
oi7d6cTUXvo,https://www.youtube.com/shorts/oi7d6cTUXvo,#Cadillac #EscaladeV 2023,,,shorts,https://i.ytimg.com/vi/oi7d6cTUXvo/oar2.jpg?sqp=-oaymwEgCJUDEOAESFWQAgHyq4qpAw8IARUAAIhCcAHAAQbIAQE=&rs=AOn4CLCX8fapF1bCTGMz18hYVm7Vo9gZKQ&usqp=CCk,Jaime Gabaldoni,external-reference,embed_link_and_summarize_only
lOJfRQfluec,https://www.youtube.com/shorts/lOJfRQfluec,#Chevrolet #ColoradoZR2 #NoSeMueran #automobile,,,shorts,https://i.ytimg.com/vi/lOJfRQfluec/hq720.jpg?sqp=-oaymwEdCJUDENAFSFXyq4qpAw8IARUAAIhCcAHAAQbQAQE=&rs=AOn4CLA0R8rhV6x4Z5w6qwpcRPHXen0DVw,Jaime Gabaldoni,external-reference,embed_link_and_summarize_only
EDhuFw2dVBo,https://www.youtube.com/shorts/EDhuFw2dVBo,#Chevrolet #ColoradoZR2 #NoSeMueran,,,shorts,https://i.ytimg.com/vi/EDhuFw2dVBo/hq720.jpg?sqp=-oaymwEdCJUDENAFSFXyq4qpAw8IARUAAIhCcAHAAQbQAQE=&rs=AOn4CLDE9ALLYH0Q_ii5zyswMZykIJoseQ,Jaime Gabaldoni,external-reference,embed_link_and_summarize_only
b012EIr387Q,https://www.youtube.com/shorts/b012EIr387Q,#Chevrolet #ColoradoZR2 #NoSeMueran,,,shorts,https://i.ytimg.com/vi/b012EIr387Q/oar2.jpg?sqp=-oaymwEgCJUDEOAESFWQAgHyq4qpAw8IARUAAIhCcAHAAQbIAQE=&rs=AOn4CLDSbrp128El4gEiSHBrxYQr183mJA&usqp=CCk,Jaime Gabaldoni,external-reference,embed_link_and_summarize_only
eHb1DbCFHj8,https://www.youtube.com/shorts/eHb1DbCFHj8,Genesis GV70 Eléctrico 2023,,,shorts,https://i.ytimg.com/vi/eHb1DbCFHj8/hq720.jpg?sqp=-oaymwEdCJUDENAFSFXyq4qpAw8IARUAAIhCcAHAAQbQAQE=&rs=AOn4CLBDSlAmP1B0OBoB7Lu8xOJxJXUQVQ,Jaime Gabaldoni,external-reference,embed_link_and_summarize_only
3dCpZ2es8JM,https://www.youtube.com/shorts/3dCpZ2es8JM,Genesis GV70 Eléctrico 2023,,,shorts,https://i.ytimg.com/vi/3dCpZ2es8JM/hq720.jpg?sqp=-oaymwEdCJUDENAFSFXyq4qpAw8IARUAAIhCcAHAAQbQAQE=&rs=AOn4CLDPxqem4r8WHW6C43_Z6zVgqm78WQ,Jaime Gabaldoni,external-reference,embed_link_and_summarize_only
x1QzTVC5omY,https://www.youtube.com/shorts/x1QzTVC5omY,Genesis GV70 Eléctrico 2023,,,shorts,https://i.ytimg.com/vi/x1QzTVC5omY/hq720.jpg?sqp=-oaymwEdCJUDENAFSFXyq4qpAw8IARUAAIhCcAHAAQbQAQE=&rs=AOn4CLASQO40CRU7K7EYch_RuhWyId_QOQ,Jaime Gabaldoni,external-reference,embed_link_and_summarize_only
3tlptox1bf8,https://www.youtube.com/shorts/3tlptox1bf8,¿Cabe un adulto en el baúl de un Mustang?,,,shorts,https://i.ytimg.com/vi/3tlptox1bf8/hq720.jpg?sqp=-oaymwEdCJUDENAFSFXyq4qpAw8IARUAAIhCcAHAAQbQAQE=&rs=AOn4CLAnj7Z911bAP2IeqFtO2s9RLtH-SQ,Jaime Gabaldoni,external-reference,embed_link_and_summarize_only
9pMekpvW9D8,https://www.youtube.com/shorts/9pMekpvW9D8,Mercedes-AMG C43 2023 #nosemueran,,,shorts,https://i.ytimg.com/vi/9pMekpvW9D8/hq720.jpg?sqp=-oaymwEdCJUDENAFSFXyq4qpAw8IARUAAIhCcAHAAQbQAQE=&rs=AOn4CLCWKCY5TrzsbIiUHwvWllA4FFAEpw,Jaime Gabaldoni,external-reference,embed_link_and_summarize_only
MjiG-N4iZxg,https://www.youtube.com/shorts/MjiG-N4iZxg,Mercedes-AMG C43 2023 #nosemueran,,,shorts,https://i.ytimg.com/vi/MjiG-N4iZxg/hq720.jpg?sqp=-oaymwEdCJUDENAFSFXyq4qpAw8IARUAAIhCcAHAAQbQAQE=&rs=AOn4CLCbnbq7PPx7C8saXOvsijHtlXfECQ,Jaime Gabaldoni,external-reference,embed_link_and_summarize_only
ARqPe4xHRts,https://www.youtube.com/shorts/ARqPe4xHRts,Mercedes-AMG C43 2023 #nosemueran,,,shorts,https://i.ytimg.com/vi/ARqPe4xHRts/hq720.jpg?sqp=-oaymwEdCJUDENAFSFXyq4qpAw8IARUAAIhCcAHAAQbQAQE=&rs=AOn4CLDsDRa5kh_3ee3rw7n-8KS5oGQiiQ,Jaime Gabaldoni,external-reference,embed_link_and_summarize_only
qEC8kJAb4Zo,https://www.youtube.com/shorts/qEC8kJAb4Zo,Toyota Crown 2023,,,shorts,https://i.ytimg.com/vi/qEC8kJAb4Zo/hq720.jpg?sqp=-oaymwEdCJUDENAFSFXyq4qpAw8IARUAAIhCcAHAAQbQAQE=&rs=AOn4CLBqxu5DbvE1pwMdQaOBo5f44yn6jg,Jaime Gabaldoni,external-reference,embed_link_and_summarize_only
iLW0UdiW2NE,https://www.youtube.com/shorts/iLW0UdiW2NE,Toyota Crown 2023,,,shorts,https://i.ytimg.com/vi/iLW0UdiW2NE/hq720.jpg?sqp=-oaymwEdCJUDENAFSFXyq4qpAw8IARUAAIhCcAHAAQbQAQE=&rs=AOn4CLByYrdUDxQxsJe44DpXxqdV86xswA,Jaime Gabaldoni,external-reference,embed_link_and_summarize_only
s8scXEwIweY,https://www.youtube.com/shorts/s8scXEwIweY,Toyota Crown 2023,,,shorts,https://i.ytimg.com/vi/s8scXEwIweY/oar2.jpg?sqp=-oaymwEgCJUDEOAESFWQAgHyq4qpAw8IARUAAIhCcAHAAQbIAQE=&rs=AOn4CLCcYuLeUaLl8tEYOKF3digsP4gI7g&usqp=CCk,Jaime Gabaldoni,external-reference,embed_link_and_summarize_only
liORr9AIKCU,https://www.youtube.com/shorts/liORr9AIKCU,Nissan Altima SR 2023,,,shorts,https://i.ytimg.com/vi/liORr9AIKCU/hq720.jpg?sqp=-oaymwEdCJUDENAFSFXyq4qpAw8IARUAAIhCcAHAAQbQAQE=&rs=AOn4CLBmESsKe2HleHVjmh_BiagJdvbxbg,Jaime Gabaldoni,external-reference,embed_link_and_summarize_only
F6ji1sHQuZ8,https://www.youtube.com/shorts/F6ji1sHQuZ8,Nissan Altima SR 2023 #Nissan #AltimaSR #NoSeMueran,,,shorts,https://i.ytimg.com/vi/F6ji1sHQuZ8/hq720.jpg?sqp=-oaymwEdCJUDENAFSFXyq4qpAw8IARUAAIhCcAHAAQbQAQE=&rs=AOn4CLCOvS1Q_zojBjYJY5yETzMGgGY83A,Jaime Gabaldoni,external-reference,embed_link_and_summarize_only
-mX2aihcC10,https://www.youtube.com/shorts/-mX2aihcC10,Nissan Altima SR 2023 #Nissan #AltimaSR #NoSeMueran,,,shorts,https://i.ytimg.com/vi/-mX2aihcC10/hq720.jpg?sqp=-oaymwEdCJUDENAFSFXyq4qpAw8IARUAAIhCcAHAAQbQAQE=&rs=AOn4CLBv5cODPQCRzSEccfcWz-pUIj13JQ,Jaime Gabaldoni,external-reference,embed_link_and_summarize_only
HjV0l4oXr9c,https://www.youtube.com/shorts/HjV0l4oXr9c,Polaris Sportsman XP 1000 2023,,,shorts,https://i.ytimg.com/vi/HjV0l4oXr9c/hq720.jpg?sqp=-oaymwEdCJUDENAFSFXyq4qpAw8IARUAAIhCcAHAAQbQAQE=&rs=AOn4CLC-W3au8_jTRQspH1TmAOYwn46GKA,Jaime Gabaldoni,external-reference,embed_link_and_summarize_only
dT1F1OAg9w4,https://www.youtube.com/shorts/dT1F1OAg9w4,Polaris Sportsman XP 1000 2023,,,shorts,https://i.ytimg.com/vi/dT1F1OAg9w4/hq720.jpg?sqp=-oaymwEdCJUDENAFSFXyq4qpAw8IARUAAIhCcAHAAQbQAQE=&rs=AOn4CLAEbGGqjmsl3O_MaPxWImffkf7isA,Jaime Gabaldoni,external-reference,embed_link_and_summarize_only
pulN3a9XCJw,https://www.youtube.com/shorts/pulN3a9XCJw,Subaru Crosstrek 2.0 2024,,,shorts,https://i.ytimg.com/vi/pulN3a9XCJw/hq720.jpg?sqp=-oaymwEdCJUDENAFSFXyq4qpAw8IARUAAIhCcAHAAQbQAQE=&rs=AOn4CLAPW69_Vo9DPYuZvOP6KKikxqo15A,Jaime Gabaldoni,external-reference,embed_link_and_summarize_only
cWj-GMkLJzw,https://www.youtube.com/shorts/cWj-GMkLJzw,Subaru Crosstrek 2.0 2024,,,shorts,https://i.ytimg.com/vi/cWj-GMkLJzw/hq720.jpg?sqp=-oaymwEdCJUDENAFSFXyq4qpAw8IARUAAIhCcAHAAQbQAQE=&rs=AOn4CLD_2NY9um7BS_iahfdGTPVols6lLg,Jaime Gabaldoni,external-reference,embed_link_and_summarize_only
uf_dsCMGrWE,https://www.youtube.com/shorts/uf_dsCMGrWE,Lexus RZ 450e 2023 #Shorts,,,shorts,https://i.ytimg.com/vi/uf_dsCMGrWE/hq720.jpg?sqp=-oaymwEdCJUDENAFSFXyq4qpAw8IARUAAIhCcAHAAQbQAQE=&rs=AOn4CLBC9erFMHZX3uN5Aj2i01u0JC9fTw,Jaime Gabaldoni,external-reference,embed_link_and_summarize_only
K7lUyhLQK5c,https://www.youtube.com/shorts/K7lUyhLQK5c,Lexus RZ 450e 2023 #Shorts,,,shorts,https://i.ytimg.com/vi/K7lUyhLQK5c/hq720.jpg?sqp=-oaymwEdCJUDENAFSFXyq4qpAw8IARUAAIhCcAHAAQbQAQE=&rs=AOn4CLAPY8axghMQC-DyvrI0vey3wVeddw,Jaime Gabaldoni,external-reference,embed_link_and_summarize_only
o_S3C1V8A8g,https://www.youtube.com/shorts/o_S3C1V8A8g,Lexus RZ 450e 2023 #Shorts,,,shorts,https://i.ytimg.com/vi/o_S3C1V8A8g/hq720.jpg?sqp=-oaymwEdCJUDENAFSFXyq4qpAw8IARUAAIhCcAHAAQbQAQE=&rs=AOn4CLD3Tv0yQxM1rkYZYI8_ZJTv8CokNA,Jaime Gabaldoni,external-reference,embed_link_and_summarize_only
E5afnpEU72w,https://www.youtube.com/shorts/E5afnpEU72w,Indian Sport Chief 2023 #shorts,,,shorts,https://i.ytimg.com/vi/E5afnpEU72w/hq720.jpg?sqp=-oaymwEdCJUDENAFSFXyq4qpAw8IARUAAIhCcAHAAQbQAQE=&rs=AOn4CLBb3cEFjbzvhlxY8xf0p6Vfa_Y7Gg,Jaime Gabaldoni,external-reference,embed_link_and_summarize_only
QxHJlcUy5LA,https://www.youtube.com/shorts/QxHJlcUy5LA,Indian Sport Chief 2023 #shorts,,,shorts,https://i.ytimg.com/vi/QxHJlcUy5LA/hq720.jpg?sqp=-oaymwEdCJUDENAFSFXyq4qpAw8IARUAAIhCcAHAAQbQAQE=&rs=AOn4CLBUInlO8rerOhFemXGG_4NSggxkIA,Jaime Gabaldoni,external-reference,embed_link_and_summarize_only
sxvsj1u9e6I,https://www.youtube.com/shorts/sxvsj1u9e6I,Indian Sport Chief 2023 #shorts,,,shorts,https://i.ytimg.com/vi/sxvsj1u9e6I/hq720.jpg?sqp=-oaymwEdCJUDENAFSFXyq4qpAw8IARUAAIhCcAHAAQbQAQE=&rs=AOn4CLBVN-DGwG7yaQL4d0jEsnShLZrc_Q,Jaime Gabaldoni,external-reference,embed_link_and_summarize_only
zJA9OnY4ER8,https://www.youtube.com/shorts/zJA9OnY4ER8,Despertando al GMC Sierra 1500 AT4X 2023 - Jaime Gabaldoni #Shorts,,,shorts,https://i.ytimg.com/vi/zJA9OnY4ER8/hq720.jpg?sqp=-oaymwEdCJUDENAFSFXyq4qpAw8IARUAAIhCcAHAAQbQAQE=&rs=AOn4CLCw9bMIA9ZMaRfjY0n9VZFPfW77LQ,Jaime Gabaldoni,external-reference,embed_link_and_summarize_only
bSS9llDgsUc,https://www.youtube.com/shorts/bSS9llDgsUc,GMC Sierra 1500 AT4X 2023 #Shorts,,,shorts,https://i.ytimg.com/vi/bSS9llDgsUc/hq720.jpg?sqp=-oaymwEdCJUDENAFSFXyq4qpAw8IARUAAIhCcAHAAQbQAQE=&rs=AOn4CLBMBbnr_epllGagtAW3DxWCiXhsPw,Jaime Gabaldoni,external-reference,embed_link_and_summarize_only
Cy2rAq1EHfo,https://www.youtube.com/shorts/Cy2rAq1EHfo,GMC Sierra 1500 AT4X 2023 #Shorts,,,shorts,https://i.ytimg.com/vi/Cy2rAq1EHfo/hq720.jpg?sqp=-oaymwEdCJUDENAFSFXyq4qpAw8IARUAAIhCcAHAAQbQAQE=&rs=AOn4CLBkMvcrWv-sB_jsa8PKsAN9P7Vt5g,Jaime Gabaldoni,external-reference,embed_link_and_summarize_only
7w8srtw809c,https://www.youtube.com/shorts/7w8srtw809c,GMC Sierra 1500 AT4X 2023 #Shorts,,,shorts,https://i.ytimg.com/vi/7w8srtw809c/hq720.jpg?sqp=-oaymwEdCJUDENAFSFXyq4qpAw8IARUAAIhCcAHAAQbQAQE=&rs=AOn4CLBKKmUcQ-isb957W8eTxaPm2jPgUw,Jaime Gabaldoni,external-reference,embed_link_and_summarize_only
udi71X2O8tU,https://www.youtube.com/shorts/udi71X2O8tU,Toyota bZ4X 2023 #shorts,,,shorts,https://i.ytimg.com/vi/udi71X2O8tU/hq720.jpg?sqp=-oaymwEdCJUDENAFSFXyq4qpAw8IARUAAIhCcAHAAQbQAQE=&rs=AOn4CLBFfEXgnGSj6zBbUtRtAUm1jp9jOg,Jaime Gabaldoni,external-reference,embed_link_and_summarize_only
fO3-LOrn8Jk,https://www.youtube.com/shorts/fO3-LOrn8Jk,Toyota bZ4x 2023 #shorts,,,shorts,https://i.ytimg.com/vi/fO3-LOrn8Jk/hq720.jpg?sqp=-oaymwEdCJUDENAFSFXyq4qpAw8IARUAAIhCcAHAAQbQAQE=&rs=AOn4CLADrMcPL4O9aWglLOOYJEuY7eBgHA,Jaime Gabaldoni,external-reference,embed_link_and_summarize_only
cnF91te1wdM,https://www.youtube.com/shorts/cnF91te1wdM,Historia de la división M de BMW #Shorts,,,shorts,https://i.ytimg.com/vi/cnF91te1wdM/hq720.jpg?sqp=-oaymwEdCJUDENAFSFXyq4qpAw8IARUAAIhCcAHAAQbQAQE=&rs=AOn4CLAKNwHqwSBhr1uC8qvjzKCPFxD6IQ,Jaime Gabaldoni,external-reference,embed_link_and_summarize_only
Hc02geveU4I,https://www.youtube.com/shorts/Hc02geveU4I,Jeep Compass 2023 #shorts,,,shorts,https://i.ytimg.com/vi/Hc02geveU4I/hq720.jpg?sqp=-oaymwEdCJUDENAFSFXyq4qpAw8IARUAAIhCcAHAAQbQAQE=&rs=AOn4CLCPOT58296EnHCNdskLP3zkRGImbw,Jaime Gabaldoni,external-reference,embed_link_and_summarize_only
7CbyBxxdvk8,https://www.youtube.com/shorts/7CbyBxxdvk8,Jeep Compass 2023 #shorts,,,shorts,https://i.ytimg.com/vi/7CbyBxxdvk8/hq720.jpg?sqp=-oaymwEdCJUDENAFSFXyq4qpAw8IARUAAIhCcAHAAQbQAQE=&rs=AOn4CLBDiVM_21hkSSLZZvHiNKlbUmwE6A,Jaime Gabaldoni,external-reference,embed_link_and_summarize_only
L64etn8s7rE,https://www.youtube.com/shorts/L64etn8s7rE,Range Rover Sport P530 2023 #Shorts,,,shorts,https://i.ytimg.com/vi/L64etn8s7rE/hq720.jpg?sqp=-oaymwEdCJUDENAFSFXyq4qpAw8IARUAAIhCcAHAAQbQAQE=&rs=AOn4CLCOe6Bxvl2lZKVte0uu4gS4q2St6w,Jaime Gabaldoni,external-reference,embed_link_and_summarize_only
ClnZAvrzVRE,https://www.youtube.com/shorts/ClnZAvrzVRE,Range Rover Sport P530 2023 #Shorts,,,shorts,https://i.ytimg.com/vi/ClnZAvrzVRE/hq720.jpg?sqp=-oaymwEdCJUDENAFSFXyq4qpAw8IARUAAIhCcAHAAQbQAQE=&rs=AOn4CLBP5sJX0G0bQppgW99x1WMivgNo8A,Jaime Gabaldoni,external-reference,embed_link_and_summarize_only
73CpkkKJy50,https://www.youtube.com/shorts/73CpkkKJy50,Range Rover Sport P530 2023 #Shorts,,,shorts,https://i.ytimg.com/vi/73CpkkKJy50/hq720.jpg?sqp=-oaymwEdCJUDENAFSFXyq4qpAw8IARUAAIhCcAHAAQbQAQE=&rs=AOn4CLBNyRGTVk3hC1Po7_fqbzVonDyepQ,Jaime Gabaldoni,external-reference,embed_link_and_summarize_only
sWL19Be6ReE,https://www.youtube.com/shorts/sWL19Be6ReE,Ford Ranger 2024 #Shorts,,,shorts,https://i.ytimg.com/vi/sWL19Be6ReE/hq720.jpg?sqp=-oaymwEdCJUDENAFSFXyq4qpAw8IARUAAIhCcAHAAQbQAQE=&rs=AOn4CLCaVo2xPBcCvKNBYerWuLJo9Zd4Ug,Jaime Gabaldoni,external-reference,embed_link_and_summarize_only
HiNY0x5WNIM,https://www.youtube.com/shorts/HiNY0x5WNIM,Ford Ranger 2024 #Shorts,,,shorts,https://i.ytimg.com/vi/HiNY0x5WNIM/hq720.jpg?sqp=-oaymwEdCJUDENAFSFXyq4qpAw8IARUAAIhCcAHAAQbQAQE=&rs=AOn4CLCOqE8A9zNOBnKh141_vVjukTEVMA,Jaime Gabaldoni,external-reference,embed_link_and_summarize_only
yAFQMPYESio,https://www.youtube.com/shorts/yAFQMPYESio,Ford Ranger Raptor 2024 #Shorts,,,shorts,https://i.ytimg.com/vi/yAFQMPYESio/hq720.jpg?sqp=-oaymwEdCJUDENAFSFXyq4qpAw8IARUAAIhCcAHAAQbQAQE=&rs=AOn4CLDeuFn9S83IkNRmvj5y_DijTi80UA,Jaime Gabaldoni,external-reference,embed_link_and_summarize_only
9hwytbKgHEE,https://www.youtube.com/shorts/9hwytbKgHEE,Ford Ranger Raptor 2024 #Shorts,,,shorts,https://i.ytimg.com/vi/9hwytbKgHEE/hq720.jpg?sqp=-oaymwEdCJUDENAFSFXyq4qpAw8IARUAAIhCcAHAAQbQAQE=&rs=AOn4CLAcLaAZjGlQ9s6GbGr04sI8_N9D9A,Jaime Gabaldoni,external-reference,embed_link_and_summarize_only
C-OneCsqTIE,https://www.youtube.com/shorts/C-OneCsqTIE,Despertando al Range Rover Sport P530 2023 - Jaime Gabaldoni #Shorts,,,shorts,https://i.ytimg.com/vi/C-OneCsqTIE/hq720.jpg?sqp=-oaymwEdCJUDENAFSFXyq4qpAw8IARUAAIhCcAHAAQbQAQE=&rs=AOn4CLBeOfKFYSx8NnVVTlF577kbF5ZtUg,Jaime Gabaldoni,external-reference,embed_link_and_summarize_only
Pn3QWlYZKoU,https://www.youtube.com/shorts/Pn3QWlYZKoU,1ra Parte - BMW Z4 M40i Roadster 2023,,,shorts,https://i.ytimg.com/vi/Pn3QWlYZKoU/hq720.jpg?sqp=-oaymwEdCJUDENAFSFXyq4qpAw8IARUAAIhCcAHAAQbQAQE=&rs=AOn4CLD7ud_XAIQLf7tdzvW6JyGVFLXjbg,Jaime Gabaldoni,external-reference,embed_link_and_summarize_only
z8hmSV-2fPs,https://www.youtube.com/shorts/z8hmSV-2fPs,2da Parte - BMW Z4 M40i Roadster 2023 #Shorts,,,shorts,https://i.ytimg.com/vi/z8hmSV-2fPs/hq720.jpg?sqp=-oaymwEdCJUDENAFSFXyq4qpAw8IARUAAIhCcAHAAQbQAQE=&rs=AOn4CLC3rBiGqWUORWWOPr8lGdy5e7wpDg,Jaime Gabaldoni,external-reference,embed_link_and_summarize_only
EhfCXmxBkiI,https://www.youtube.com/shorts/EhfCXmxBkiI,Bellísimas luces en el Nissan Z,,,shorts,https://i.ytimg.com/vi/EhfCXmxBkiI/hq720.jpg?sqp=-oaymwEdCJUDENAFSFXyq4qpAw8IARUAAIhCcAHAAQbQAQE=&rs=AOn4CLAf3yGpWgRCgOLg984M4iL9KCP2zg,Jaime Gabaldoni,external-reference,embed_link_and_summarize_only
sY-JNHFOMpM,https://www.youtube.com/shorts/sY-JNHFOMpM,2da Parte- Toyota Sequoia TRD Pro 2023,,,shorts,https://i.ytimg.com/vi/sY-JNHFOMpM/hq720.jpg?sqp=-oaymwEdCJUDENAFSFXyq4qpAw8IARUAAIhCcAHAAQbQAQE=&rs=AOn4CLAkVlwAvKJwJBrDY9Mo37MtYu_Xhw,Jaime Gabaldoni,external-reference,embed_link_and_summarize_only
jgqi8HoYtNc,https://www.youtube.com/shorts/jgqi8HoYtNc,1ra Parte- Toyota Sequoia TRD Pro 2023,,,shorts,https://i.ytimg.com/vi/jgqi8HoYtNc/hq720.jpg?sqp=-oaymwEdCJUDENAFSFXyq4qpAw8IARUAAIhCcAHAAQbQAQE=&rs=AOn4CLAlGIKzgGjaGXR_r40f8LaSGBkEew,Jaime Gabaldoni,external-reference,embed_link_and_summarize_only
wypg2a81xvU,https://www.youtube.com/shorts/wypg2a81xvU,Despertando el Toyota Sequoia TRD Pro 2023 | Jaime Gabaldoni #Shorts,,,shorts,https://i.ytimg.com/vi/wypg2a81xvU/hq720.jpg?sqp=-oaymwEdCJUDENAFSFXyq4qpAw8IARUAAIhCcAHAAQbQAQE=&rs=AOn4CLDEfmY2PE47uHcba2mHYKOwHO2kBQ,Jaime Gabaldoni,external-reference,embed_link_and_summarize_only
7pOrmbNE5HE,https://www.youtube.com/shorts/7pOrmbNE5HE,Lexus RX 350h 2023 - Jaime Gabaldoni #Shorts,,,shorts,https://i.ytimg.com/vi/7pOrmbNE5HE/hq720.jpg?sqp=-oaymwEdCJUDENAFSFXyq4qpAw8IARUAAIhCcAHAAQbQAQE=&rs=AOn4CLACHz8I1Zv6Dg2PjcLFY2OEQ533qA,Jaime Gabaldoni,external-reference,embed_link_and_summarize_only
QgwGc7wMxUQ,https://www.youtube.com/shorts/QgwGc7wMxUQ,Lexus RX 350h 2023 - Jaime Gabaldoni #Shorts,,,shorts,https://i.ytimg.com/vi/QgwGc7wMxUQ/hq720.jpg?sqp=-oaymwEdCJUDENAFSFXyq4qpAw8IARUAAIhCcAHAAQbQAQE=&rs=AOn4CLAKtU9DERyQzR7bDs9uUlrU0EPVVg,Jaime Gabaldoni,external-reference,embed_link_and_summarize_only
tLbDExsjOmM,https://www.youtube.com/shorts/tLbDExsjOmM,Dodge Challenger Ghost Edition 2023 - Jaime Gabaldoni #shorts,,,shorts,https://i.ytimg.com/vi/tLbDExsjOmM/hq720.jpg?sqp=-oaymwEdCJUDENAFSFXyq4qpAw8IARUAAIhCcAHAAQbQAQE=&rs=AOn4CLB-4f19RfKjCPJOgo7w1QHGuBEPBQ,Jaime Gabaldoni,external-reference,embed_link_and_summarize_only
q6H1erupDew,https://www.youtube.com/shorts/q6H1erupDew,Dodge Challenger Ghost Edition 2023 - Jaime Gabaldoni #shorts,,,shorts,https://i.ytimg.com/vi/q6H1erupDew/hq720.jpg?sqp=-oaymwEdCJUDENAFSFXyq4qpAw8IARUAAIhCcAHAAQbQAQE=&rs=AOn4CLCVu7AdmizazGjM4cQAiAx0S58c6A,Jaime Gabaldoni,external-reference,embed_link_and_summarize_only
w5AXAr2rRfg,https://www.youtube.com/shorts/w5AXAr2rRfg,Illumination en el Nissan Versa SR 2023 - Jaime Gabaldoni #shorts,,,shorts,https://i.ytimg.com/vi/w5AXAr2rRfg/hq720.jpg?sqp=-oaymwEdCJUDENAFSFXyq4qpAw8IARUAAIhCcAHAAQbQAQE=&rs=AOn4CLCiJwgYBAkuUO08u7BOxwcay55ljg,Jaime Gabaldoni,external-reference,embed_link_and_summarize_only
89RqkH0CFMA,https://www.youtube.com/shorts/89RqkH0CFMA,BMW i7 xDrive60 2023 - Jaime Gabaldoni #Shorts,,,shorts,https://i.ytimg.com/vi/89RqkH0CFMA/hq720.jpg?sqp=-oaymwEdCJUDENAFSFXyq4qpAw8IARUAAIhCcAHAAQbQAQE=&rs=AOn4CLC8I90eDrXTnMoP2FNuyz_Ygc-hCA,Jaime Gabaldoni,external-reference,embed_link_and_summarize_only
k4xAZHV9skU,https://www.youtube.com/shorts/k4xAZHV9skU,BMW i7 xDrive60 2023 - Jaime Gabaldoni #Shorts,,,shorts,https://i.ytimg.com/vi/k4xAZHV9skU/oar2.jpg?sqp=-oaymwEgCJUDEOAESFWQAgHyq4qpAw8IARUAAIhCcAHAAQbIAQE=&rs=AOn4CLAbP2dUdJCWVcOcPS_PsLpr31_svw&usqp=CCk,Jaime Gabaldoni,external-reference,embed_link_and_summarize_only
6XR7rnSWYGc,https://www.youtube.com/shorts/6XR7rnSWYGc,Alex D Castro MANDA TU AUDIO 📳+1 (305) 224 3949 #AudiosNoSeMueran #Audios #NoSeMueran #shorts,,,shorts,https://i.ytimg.com/vi/6XR7rnSWYGc/hq720.jpg?sqp=-oaymwEdCJUDENAFSFXyq4qpAw8IARUAAIhCcAHAAQbQAQE=&rs=AOn4CLDfe_M2DPtSVFMM4oIUyhqu7oA9og,Jaime Gabaldoni,external-reference,embed_link_and_summarize_only
0VjO17v2XV4,https://www.youtube.com/shorts/0VjO17v2XV4,0 - 60 Honda Civic Type R 2023 #Shorts,,,shorts,https://i.ytimg.com/vi/0VjO17v2XV4/hq720.jpg?sqp=-oaymwEdCJUDENAFSFXyq4qpAw8IARUAAIhCcAHAAQbQAQE=&rs=AOn4CLCIM209om5w_Cx-KlSfgp24GGZ_qw,Jaime Gabaldoni,external-reference,embed_link_and_summarize_only
3BBRpGnD-zU,https://www.youtube.com/shorts/3BBRpGnD-zU,Así se ve el Honda Civic Type R de noche | Jaime Gabaldoni #Shorts,,,shorts,https://i.ytimg.com/vi/3BBRpGnD-zU/hq720.jpg?sqp=-oaymwEdCJUDENAFSFXyq4qpAw8IARUAAIhCcAHAAQbQAQE=&rs=AOn4CLDjYO5Ts127VubNLwSKMWqa7gZs8g,Jaime Gabaldoni,external-reference,embed_link_and_summarize_only
qERhgNO-J4o,https://www.youtube.com/shorts/qERhgNO-J4o,Nissan Armada / Patrol 2023 - Jaime Gabaldoni #Shorts,,,shorts,https://i.ytimg.com/vi/qERhgNO-J4o/hq720.jpg?sqp=-oaymwEdCJUDENAFSFXyq4qpAw8IARUAAIhCcAHAAQbQAQE=&rs=AOn4CLD0_jiCS-_vBJI67D6pG7kMnliTIw,Jaime Gabaldoni,external-reference,embed_link_and_summarize_only
K-aZZViVcj4,https://www.youtube.com/shorts/K-aZZViVcj4,Nissan Armada / Patrol 2023 - Jaime Gabaldoni #Shorts,,,shorts,https://i.ytimg.com/vi/K-aZZViVcj4/hq720.jpg?sqp=-oaymwEdCJUDENAFSFXyq4qpAw8IARUAAIhCcAHAAQbQAQE=&rs=AOn4CLCfWbt-3BmNb-TPgtJN37e5FVrfAw,Jaime Gabaldoni,external-reference,embed_link_and_summarize_only
K26wHz1Rj2I,https://www.youtube.com/shorts/K26wHz1Rj2I,¡Espectacular! Sistema de iluminación del BMW i7 xDrive60 2023,,,shorts,https://i.ytimg.com/vi/K26wHz1Rj2I/oar2.jpg?sqp=-oaymwEgCJUDEOAESFWQAgHyq4qpAw8IARUAAIhCcAHAAQbIAQE=&rs=AOn4CLC_vmo4eb28J3s21Zt_IdkQR3hwlA&usqp=CCk,Jaime Gabaldoni,external-reference,embed_link_and_summarize_only
g2ISC6Wgpp8,https://www.youtube.com/shorts/g2ISC6Wgpp8,Nissan Versa SR 2023 -Jaime Gabaldoni #Shorts,,,shorts,https://i.ytimg.com/vi/g2ISC6Wgpp8/oar2.jpg?sqp=-oaymwEgCJUDEOAESFWQAgHyq4qpAw8IARUAAIhCcAHAAQbIAQE=&rs=AOn4CLC7DFNyXKk82LFp_Yyi-m5EUkW3Yw&usqp=CCk,Jaime Gabaldoni,external-reference,embed_link_and_summarize_only
IEVSsReKBSg,https://www.youtube.com/shorts/IEVSsReKBSg,Nissan Versa SR 2023 -Jaime Gabaldoni #Shorts,,,shorts,https://i.ytimg.com/vi/IEVSsReKBSg/oar2.jpg?sqp=-oaymwEgCJUDEOAESFWQAgHyq4qpAw8IARUAAIhCcAHAAQbIAQE=&rs=AOn4CLC3QvgW7BFoGJ-t6akMqzW9wJtceA&usqp=CCk,Jaime Gabaldoni,external-reference,embed_link_and_summarize_only
0YhGi7BqwsM,https://www.youtube.com/shorts/0YhGi7BqwsM,Ouch! Cuando te comes un cono en la pista con el Corvette C8 Z06,,,shorts,https://i.ytimg.com/vi/0YhGi7BqwsM/oar2.jpg?sqp=-oaymwEgCJUDEOAESFWQAgHyq4qpAw8IARUAAIhCcAHAAQbIAQE=&rs=AOn4CLDfVfzVux_x300dzk1E5KdXZWZAag&usqp=CCk,Jaime Gabaldoni,external-reference,embed_link_and_summarize_only
ac9GG33VlTQ,https://www.youtube.com/shorts/ac9GG33VlTQ,Despertando al Toyota Tundra TRD Pro 2019 #Shorts,,,shorts,https://i.ytimg.com/vi/ac9GG33VlTQ/oar2.jpg?sqp=-oaymwEgCJUDEOAESFWQAgHyq4qpAw8IARUAAIhCcAHAAQbIAQE=&rs=AOn4CLAPgDI6rfZHGLeuuGPINXEktCH6uQ&usqp=CCk,Jaime Gabaldoni,external-reference,embed_link_and_summarize_only
zGRAE2yTBfQ,https://www.youtube.com/shorts/zGRAE2yTBfQ,Mazda CX-5 Turbo 2023 - Jaime Gabaldoni #Shorts,,,shorts,https://i.ytimg.com/vi/zGRAE2yTBfQ/oar2.jpg?sqp=-oaymwEgCJUDEOAESFWQAgHyq4qpAw8IARUAAIhCcAHAAQbIAQE=&rs=AOn4CLBoLQyEhkhTB-oK5tDP7nRxsQV3pg&usqp=CCk,Jaime Gabaldoni,external-reference,embed_link_and_summarize_only
W69K-B0wHzU,https://www.youtube.com/shorts/W69K-B0wHzU,Mazda CX-5 Turbo 2023 - Jaime Gabaldoni #Shorts,,,shorts,https://i.ytimg.com/vi/W69K-B0wHzU/oar2.jpg?sqp=-oaymwEgCJUDEOAESFWQAgHyq4qpAw8IARUAAIhCcAHAAQbIAQE=&rs=AOn4CLBIzVaO-WfK9YYfZKMzvcJFJZQHkg&usqp=CCk,Jaime Gabaldoni,external-reference,embed_link_and_summarize_only
7IuzFe09v40,https://www.youtube.com/shorts/7IuzFe09v40,Iluminación Infiniti Q50 2023 #Shorts,,,shorts,https://i.ytimg.com/vi/7IuzFe09v40/oar2.jpg?sqp=-oaymwEgCJUDEOAESFWQAgHyq4qpAw8IARUAAIhCcAHAAQbIAQE=&rs=AOn4CLDjefNDuvq7tI3kuCG3RgKH5JzQRQ&usqp=CCk,Jaime Gabaldoni,external-reference,embed_link_and_summarize_only
yRYgWLBe2Y0,https://www.youtube.com/shorts/yRYgWLBe2Y0,Motor del Honda Civic Type R 2023 | Jaime Gabaldoni #Shorts,,,shorts,https://i.ytimg.com/vi/yRYgWLBe2Y0/oar2.jpg?sqp=-oaymwEgCJUDEOAESFWQAgHyq4qpAw8IARUAAIhCcAHAAQbIAQE=&rs=AOn4CLB9FrKQDHvM2MSOfOP6AVyOpuXntA&usqp=CCk,Jaime Gabaldoni,external-reference,embed_link_and_summarize_only
i59d9F6FeU0,https://www.youtube.com/shorts/i59d9F6FeU0,Rivian R1S Launch Edition 2023 - Jaime Gabaldoni #Shorts,,,shorts,https://i.ytimg.com/vi/i59d9F6FeU0/oar2.jpg?sqp=-oaymwEgCJUDEOAESFWQAgHyq4qpAw8IARUAAIhCcAHAAQbIAQE=&rs=AOn4CLBDV5gFQYQMNnZSs2drMcO3MpaxbQ&usqp=CCk,Jaime Gabaldoni,external-reference,embed_link_and_summarize_only
i-koj6E6tEA,https://www.youtube.com/shorts/i-koj6E6tEA,Rivian R1S Launch Edition 2023 -  Jaime Gabaldoni #Shorts,,,shorts,https://i.ytimg.com/vi/i-koj6E6tEA/oar2.jpg?sqp=-oaymwEgCJUDEOAESFWQAgHyq4qpAw8IARUAAIhCcAHAAQbIAQE=&rs=AOn4CLArrwBKzg-Sl-VoPrxbcIFSP0yGoA&usqp=CCk,Jaime Gabaldoni,external-reference,embed_link_and_summarize_only
xvzkX6nAwvA,https://www.youtube.com/shorts/xvzkX6nAwvA,El motor atmosférico más poderoso de todos los tiempos - Jaime Gabaldoni #Shorts,,,shorts,https://i.ytimg.com/vi/xvzkX6nAwvA/oar2.jpg?sqp=-oaymwEgCJUDEOAESFWQAgHyq4qpAw8IARUAAIhCcAHAAQbIAQE=&rs=AOn4CLC3n5l27Rja3v2Jc5DI8oERQprGvQ&usqp=CCk,Jaime Gabaldoni,external-reference,embed_link_and_summarize_only
sItox2TdAi4,https://www.youtube.com/shorts/sItox2TdAi4,El motor atmosférico más poderoso de todos los tiempos - Jaime Gabaldoni #Shorts,,,shorts,https://i.ytimg.com/vi/sItox2TdAi4/oar2.jpg?sqp=-oaymwEgCJUDEOAESFWQAgHyq4qpAw8IARUAAIhCcAHAAQbIAQE=&rs=AOn4CLBuh2Tq3PZ_yCiwhP9-6icwC5-78A&usqp=CCk,Jaime Gabaldoni,external-reference,embed_link_and_summarize_only
v-R9CqcrO2k,https://www.youtube.com/shorts/v-R9CqcrO2k,El motor atmosférico más poderoso de todos los tiempos - Jaime Gabaldoni #Shorts,,,shorts,https://i.ytimg.com/vi/v-R9CqcrO2k/oar2.jpg?sqp=-oaymwEgCJUDEOAESFWQAgHyq4qpAw8IARUAAIhCcAHAAQbIAQE=&rs=AOn4CLDPwLPkUHsxN4z2oWxr_OPvR_3LmQ&usqp=CCk,Jaime Gabaldoni,external-reference,embed_link_and_summarize_only
I_yAZXlYXtU,https://www.youtube.com/shorts/I_yAZXlYXtU,El motor atmosférico más poderoso de todos los tiempos - Jaime Gabaldoni #Shorts,,,shorts,https://i.ytimg.com/vi/I_yAZXlYXtU/oar2.jpg?sqp=-oaymwEgCJUDEOAESFWQAgHyq4qpAw8IARUAAIhCcAHAAQbIAQE=&rs=AOn4CLB0davsfCLpWn0om-U8YjEIpxpccA&usqp=CCk,Jaime Gabaldoni,external-reference,embed_link_and_summarize_only
4fQLpxVThbE,https://www.youtube.com/shorts/4fQLpxVThbE,Jaime Gabaldoni: Tremendo golpe que se dió con el Hummer EV #Shorts,,,shorts,https://i.ytimg.com/vi/4fQLpxVThbE/oar2.jpg?sqp=-oaymwEgCJUDEOAESFWQAgHyq4qpAw8IARUAAIhCcAHAAQbIAQE=&rs=AOn4CLBGMmQeVo3Zbk5SJ6VU1ejPpDnd7w&usqp=CCk,Jaime Gabaldoni,external-reference,embed_link_and_summarize_only
ADffLMzzA6Y,https://www.youtube.com/shorts/ADffLMzzA6Y,#Shorts Jeep Wrangler 4xe 2023 | Jaime Gabaldoni,,,shorts,https://i.ytimg.com/vi/ADffLMzzA6Y/oar2.jpg?sqp=-oaymwEgCJUDEOAESFWQAgHyq4qpAw8IARUAAIhCcAHAAQbIAQE=&rs=AOn4CLD6HC1-EH2bn-h7E2fpM08Fx0K9ng&usqp=CCk,Jaime Gabaldoni,external-reference,embed_link_and_summarize_only
LRbF-Xvcjko,https://www.youtube.com/shorts/LRbF-Xvcjko,#Shorts Jeep Wrangler 4xe 2023 | Jaime Gabaldoni,,,shorts,https://i.ytimg.com/vi/LRbF-Xvcjko/oar2.jpg?sqp=-oaymwEgCJUDEOAESFWQAgHyq4qpAw8IARUAAIhCcAHAAQbIAQE=&rs=AOn4CLBKjE3QlmDikU3ijw3vL9WhMYNxGA&usqp=CCk,Jaime Gabaldoni,external-reference,embed_link_and_summarize_only
-YIMd_2lYz8,https://www.youtube.com/shorts/-YIMd_2lYz8,Mercedes-AMG EQE 2023 #Shorts Jaime Gabaldoni,,,shorts,https://i.ytimg.com/vi/-YIMd_2lYz8/oar2.jpg?sqp=-oaymwEgCJUDEOAESFWQAgHyq4qpAw8IARUAAIhCcAHAAQbIAQE=&rs=AOn4CLAH8b2xQ0uBOG5YuC7RN8XSh4Vstg&usqp=CCk,Jaime Gabaldoni,external-reference,embed_link_and_summarize_only
QoFk2MBkLTs,https://www.youtube.com/shorts/QoFk2MBkLTs,Mercedes-Benz EQE 350 2023 #Shorts Jaime Gabaldoni,,,shorts,https://i.ytimg.com/vi/QoFk2MBkLTs/oar2.jpg?sqp=-oaymwEgCJUDEOAESFWQAgHyq4qpAw8IARUAAIhCcAHAAQbIAQE=&rs=AOn4CLAb8YhjbFfBDefi0mSgWu06h9vkKg&usqp=CCk,Jaime Gabaldoni,external-reference,embed_link_and_summarize_only
68XqhPJ-Dgo,https://www.youtube.com/shorts/68XqhPJ-Dgo,Infiniti Q50 2023 #Shorts,,,shorts,https://i.ytimg.com/vi/68XqhPJ-Dgo/oar2.jpg?sqp=-oaymwEgCJUDEOAESFWQAgHyq4qpAw8IARUAAIhCcAHAAQbIAQE=&rs=AOn4CLApR-1zAYBBx5-W9UmSoowrH9uAjQ&usqp=CCk,Jaime Gabaldoni,external-reference,embed_link_and_summarize_only
S5IU1HmA5b4,https://www.youtube.com/shorts/S5IU1HmA5b4,Volvo XC90 Recharge 2023 #Shorts,,,shorts,https://i.ytimg.com/vi/S5IU1HmA5b4/oar2.jpg?sqp=-oaymwEgCJUDEOAESFWQAgHyq4qpAw8IARUAAIhCcAHAAQbIAQE=&rs=AOn4CLAhiTW2C2xcSGCuiUpxmdCgyMXmLg&usqp=CCk,Jaime Gabaldoni,external-reference,embed_link_and_summarize_only
0F7mXq2Zrqw,https://www.youtube.com/shorts/0F7mXq2Zrqw,Nissan Pathfinder Rock Creek Edition 2023 #Shorts,,,shorts,https://i.ytimg.com/vi/0F7mXq2Zrqw/oar2.jpg?sqp=-oaymwEgCJUDEOAESFWQAgHyq4qpAw8IARUAAIhCcAHAAQbIAQE=&rs=AOn4CLCzhLT7DNrlNA-ZQhQN6Rqds-P_NA&usqp=CCk,Jaime Gabaldoni,external-reference,embed_link_and_summarize_only
8DADmT5WPR0,https://www.youtube.com/shorts/8DADmT5WPR0,Despertando al Nissan Versa SR 2023,,,shorts,https://i.ytimg.com/vi/8DADmT5WPR0/oar2.jpg?sqp=-oaymwEgCJUDEOAESFWQAgHyq4qpAw8IARUAAIhCcAHAAQbIAQE=&rs=AOn4CLBoXCr2YcySYqsYs8Itlx5TGV2Qow&usqp=CCk,Jaime Gabaldoni,external-reference,embed_link_and_summarize_only
TKY3DDf-jvI,https://www.youtube.com/shorts/TKY3DDf-jvI,Mazda CX-50 Meridian Edition 2023 | 1ra Parte,,,shorts,https://i.ytimg.com/vi/TKY3DDf-jvI/oar2.jpg?sqp=-oaymwEgCJUDEOAESFWQAgHyq4qpAw8IARUAAIhCcAHAAQbIAQE=&rs=AOn4CLClJ2qkQH1lpDoa_Y1lOJh8pj4p6w&usqp=CCk,Jaime Gabaldoni,external-reference,embed_link_and_summarize_only
kDT2WjZk7MY,https://www.youtube.com/shorts/kDT2WjZk7MY,Mazda CX-50 Meridian Edition 2023 | 2da Parte,,,shorts,https://i.ytimg.com/vi/kDT2WjZk7MY/oar2.jpg?sqp=-oaymwEgCJUDEOAESFWQAgHyq4qpAw8IARUAAIhCcAHAAQbIAQE=&rs=AOn4CLD3GdnlBPb-KaeXJP9Y73HPSGjrPg&usqp=CCk,Jaime Gabaldoni,external-reference,embed_link_and_summarize_only
Ez92-lY3sZw,https://www.youtube.com/shorts/Ez92-lY3sZw,Despertando al Alfa Romeo Stelvio Quadrifoglio 2023 #Shorts #nosemueran,,,shorts,https://i.ytimg.com/vi/Ez92-lY3sZw/oar2.jpg?sqp=-oaymwEgCJUDEOAESFWQAgHyq4qpAw8IARUAAIhCcAHAAQbIAQE=&rs=AOn4CLBtzvpsqlZNT66UuywI9jj4-04aCg&usqp=CCk,Jaime Gabaldoni,external-reference,embed_link_and_summarize_only
R-1Jrm1J0KA,https://www.youtube.com/shorts/R-1Jrm1J0KA,Ford F150 Raptor R 2023 #shorts,,,shorts,https://i.ytimg.com/vi/R-1Jrm1J0KA/oar2.jpg?sqp=-oaymwEgCJUDEOAESFWQAgHyq4qpAw8IARUAAIhCcAHAAQbIAQE=&rs=AOn4CLDjkrjnIxVLWiI0DlPhB5rJjYemtQ&usqp=CCk,Jaime Gabaldoni,external-reference,embed_link_and_summarize_only
WC2jFLix718,https://www.youtube.com/shorts/WC2jFLix718,Chevrolet Corvette Z06 2023 - 2da Parte #Shorts,,,shorts,https://i.ytimg.com/vi/WC2jFLix718/oar2.jpg?sqp=-oaymwEgCJUDEOAESFWQAgHyq4qpAw8IARUAAIhCcAHAAQbIAQE=&rs=AOn4CLDHCbJLt7VH6FZXP9ksY9QN0BXM9A&usqp=CCk,Jaime Gabaldoni,external-reference,embed_link_and_summarize_only
yBTCG4FLdbA,https://www.youtube.com/shorts/yBTCG4FLdbA,Chevrolet Corvette Z06 2023 - 1ra Parte #Shorts,,,shorts,https://i.ytimg.com/vi/yBTCG4FLdbA/oar2.jpg?sqp=-oaymwEgCJUDEOAESFWQAgHyq4qpAw8IARUAAIhCcAHAAQbIAQE=&rs=AOn4CLBLoQ7AA33rMFyWZjod1vRtOLfvCQ&usqp=CCk,Jaime Gabaldoni,external-reference,embed_link_and_summarize_only
bGZL5zuwLJw,https://www.youtube.com/shorts/bGZL5zuwLJw,Bugatti Chiron Super Sport - 2da Parte #Shorts,,,shorts,https://i.ytimg.com/vi/bGZL5zuwLJw/oar2.jpg?sqp=-oaymwEgCJUDEOAESFWQAgHyq4qpAw8IARUAAIhCcAHAAQbIAQE=&rs=AOn4CLCCCiEkow6znw5QvQSct5vUkaAuMg&usqp=CCk,Jaime Gabaldoni,external-reference,embed_link_and_summarize_only
GXKTqiFZfFc,https://www.youtube.com/shorts/GXKTqiFZfFc,Bugatti Chiron Super Sport - 1ra Parte #Shorts,,,shorts,https://i.ytimg.com/vi/GXKTqiFZfFc/oar2.jpg?sqp=-oaymwEgCJUDEOAESFWQAgHyq4qpAw8IARUAAIhCcAHAAQbIAQE=&rs=AOn4CLBdw6SZ88aZ9MP2IgVw-Vuk_O2IDw&usqp=CCk,Jaime Gabaldoni,external-reference,embed_link_and_summarize_only
vikwa1og-l0,https://www.youtube.com/shorts/vikwa1og-l0,Dodge Challenger SRT Hellcat Redeye Jailbreak 2023 - 2da Parte #Shorts,,,shorts,https://i.ytimg.com/vi/vikwa1og-l0/oar2.jpg?sqp=-oaymwEgCJUDEOAESFWQAgHyq4qpAw8IARUAAIhCcAHAAQbIAQE=&rs=AOn4CLC_GBdId5hDJnLJ-lOxupw6zt8iVQ&usqp=CCk,Jaime Gabaldoni,external-reference,embed_link_and_summarize_only
iVddbKnEcD4,https://www.youtube.com/shorts/iVddbKnEcD4,Dodge Challenger SRT Hellcat Redeye Jailbreak 2023 - 1ra Parte #Shorts,,,shorts,https://i.ytimg.com/vi/iVddbKnEcD4/oar2.jpg?sqp=-oaymwEgCJUDEOAESFWQAgHyq4qpAw8IARUAAIhCcAHAAQbIAQE=&rs=AOn4CLCd6GE7Xg7jjtakahkAwR3qExND4A&usqp=CCk,Jaime Gabaldoni,external-reference,embed_link_and_summarize_only
DfxGNCDh_NU,https://www.youtube.com/shorts/DfxGNCDh_NU,Chevrolet Blazer RS 2023 - 1ra Parte #shorts,,,shorts,https://i.ytimg.com/vi/DfxGNCDh_NU/oar2.jpg?sqp=-oaymwEgCJUDEOAESFWQAgHyq4qpAw8IARUAAIhCcAHAAQbIAQE=&rs=AOn4CLBi6wkdO7y_eaYv8Zy0B-W4wguefA&usqp=CCk,Jaime Gabaldoni,external-reference,embed_link_and_summarize_only
-w2E1WIfyrQ,https://www.youtube.com/shorts/-w2E1WIfyrQ,Chevrolet Blazer RS 2023 - 2ra Parte #shorts,,,shorts,https://i.ytimg.com/vi/-w2E1WIfyrQ/oar2.jpg?sqp=-oaymwEgCJUDEOAESFWQAgHyq4qpAw8IARUAAIhCcAHAAQbIAQE=&rs=AOn4CLAYpCn8g2j38BuchhpvhJsdXM6QwQ&usqp=CCk,Jaime Gabaldoni,external-reference,embed_link_and_summarize_only
qF64xsbTCO8,https://www.youtube.com/shorts/qF64xsbTCO8,Toyota GR Supra 3.0T MT 2023 - 1ra Parte #Shorts,,,shorts,https://i.ytimg.com/vi/qF64xsbTCO8/oar2.jpg?sqp=-oaymwEgCJUDEOAESFWQAgHyq4qpAw8IARUAAIhCcAHAAQbIAQE=&rs=AOn4CLClHnbFh_uMjIpL3gRT-LNvlUSlGg&usqp=CCk,Jaime Gabaldoni,external-reference,embed_link_and_summarize_only
vcxhDfgqQNo,https://www.youtube.com/shorts/vcxhDfgqQNo,Toyota GR Supra 3.0T MT 2023 - 2da Parte #shorts,,,shorts,https://i.ytimg.com/vi/vcxhDfgqQNo/oar2.jpg?sqp=-oaymwEgCJUDEOAESFWQAgHyq4qpAw8IARUAAIhCcAHAAQbIAQE=&rs=AOn4CLD2CuRoXKjR4QW8rz8BKM083S6YPw&usqp=CCk,Jaime Gabaldoni,external-reference,embed_link_and_summarize_only
kyoBJxFyQ4w,https://www.youtube.com/shorts/kyoBJxFyQ4w,Volvo XC60 Recharge 2023 - 2da Parte #shorts,,,shorts,https://i.ytimg.com/vi/kyoBJxFyQ4w/oar2.jpg?sqp=-oaymwEgCJUDEOAESFWQAgHyq4qpAw8IARUAAIhCcAHAAQbIAQE=&rs=AOn4CLC-HmC6m2SfDTlj_xBXNSMGMFMRzg&usqp=CCk,Jaime Gabaldoni,external-reference,embed_link_and_summarize_only
UTgDgQynZns,https://www.youtube.com/shorts/UTgDgQynZns,Volvo XC60 Recharge 2023 - 1ra Parte #Shorts,,,shorts,https://i.ytimg.com/vi/UTgDgQynZns/oar2.jpg?sqp=-oaymwEgCJUDEOAESFWQAgHyq4qpAw8IARUAAIhCcAHAAQbIAQE=&rs=AOn4CLAlp1_H0BFfDe7krOYpNaG7kf81Lg&usqp=CCk,Jaime Gabaldoni,external-reference,embed_link_and_summarize_only
1FtwxhK7bHs,https://www.youtube.com/shorts/1FtwxhK7bHs,Lexus LX600 #Shorts,,,shorts,https://i.ytimg.com/vi/1FtwxhK7bHs/hq720_2.jpg?sqp=-oaymwEdCJUDENAFSFXyq4qpAw8IARUAAIhCcAHAAQbQAQE=&rs=AOn4CLApoFYnDmjhgUSeotypaqjbcA4qcA,Jaime Gabaldoni,external-reference,embed_link_and_summarize_only
sa5FgbX6cto,https://www.youtube.com/shorts/sa5FgbX6cto,Lexus LX600 #shorts,,,shorts,https://i.ytimg.com/vi/sa5FgbX6cto/hq720_2.jpg?sqp=-oaymwEdCJUDENAFSFXyq4qpAw8IARUAAIhCcAHAAQbQAQE=&rs=AOn4CLA41ZcnjWJ7RdqtS0DpKQEmurOaAg,Jaime Gabaldoni,external-reference,embed_link_and_summarize_only
cLqTsU1TYEE,https://www.youtube.com/shorts/cLqTsU1TYEE,Ferrari Purosangue 2023 #Shorts,,,shorts,https://i.ytimg.com/vi/cLqTsU1TYEE/hq720_2.jpg?sqp=-oaymwEdCJUDENAFSFXyq4qpAw8IARUAAIhCcAHAAQbQAQE=&rs=AOn4CLCiZ3Tj7PwUfxii9sK_3Et9s7SwlA,Jaime Gabaldoni,external-reference,embed_link_and_summarize_only
wMkCnwixCU4,https://www.youtube.com/shorts/wMkCnwixCU4,Ford Mustang 2024 #Shorts,,,shorts,https://i.ytimg.com/vi/wMkCnwixCU4/hq720_2.jpg?sqp=-oaymwEdCJUDENAFSFXyq4qpAw8IARUAAIhCcAHAAQbQAQE=&rs=AOn4CLA4zjgKa5qKoeo9dC3QK5dLL7HSMA,Jaime Gabaldoni,external-reference,embed_link_and_summarize_only
PdkXmZcbvhE,https://www.youtube.com/shorts/PdkXmZcbvhE,Nissan Kicks 2022 #shorts,,,shorts,https://i.ytimg.com/vi/PdkXmZcbvhE/oar2.jpg?sqp=-oaymwEgCJUDEOAESFWQAgHyq4qpAw8IARUAAIhCcAHAAQbIAQE=&rs=AOn4CLDfnaapbVV9DXcIJsJ7j2R8AcQ9HQ&usqp=CCk,Jaime Gabaldoni,external-reference,embed_link_and_summarize_only
6yv9TNM8Vnw,https://www.youtube.com/shorts/6yv9TNM8Vnw,Hyundai Santa Fe 2022 #Shorts,,,shorts,https://i.ytimg.com/vi/6yv9TNM8Vnw/hq720_2.jpg?sqp=-oaymwEdCJUDENAFSFXyq4qpAw8IARUAAIhCcAHAAQbQAQE=&rs=AOn4CLBEICZsqT1iengbKYho85NaTvuqeQ,Jaime Gabaldoni,external-reference,embed_link_and_summarize_only
ZzOovOuZHHs,https://www.youtube.com/shorts/ZzOovOuZHHs,Hyundai Santa Fe 2022 #Shorts,,,shorts,https://i.ytimg.com/vi/ZzOovOuZHHs/hq720_2.jpg?sqp=-oaymwEdCJUDENAFSFXyq4qpAw8IARUAAIhCcAHAAQbQAQE=&rs=AOn4CLAa5SIqX9JA6UP3Lr0e5W-Vuab7ZA,Jaime Gabaldoni,external-reference,embed_link_and_summarize_only
m-4KpAXUk8g,https://www.youtube.com/shorts/m-4KpAXUk8g,Volkswagen Golf GTI 2022 #shorts,,,shorts,https://i.ytimg.com/vi/m-4KpAXUk8g/hq720_2.jpg?sqp=-oaymwEdCJUDENAFSFXyq4qpAw8IARUAAIhCcAHAAQbQAQE=&rs=AOn4CLD3B2HyetXuX_Sv6aYHp4w5F2LnpA,Jaime Gabaldoni,external-reference,embed_link_and_summarize_only
gVDp-PEF9S8,https://www.youtube.com/shorts/gVDp-PEF9S8,Volkswagen Golf GTI 2022 #shorts,,,shorts,https://i.ytimg.com/vi/gVDp-PEF9S8/oar2.jpg?sqp=-oaymwEgCJUDEOAESFWQAgHyq4qpAw8IARUAAIhCcAHAAQbIAQE=&rs=AOn4CLBJ9AB8R3AWtBxk3_oOU58Iyiasig&usqp=CCk,Jaime Gabaldoni,external-reference,embed_link_and_summarize_only
q_FmOfUvof8,https://www.youtube.com/shorts/q_FmOfUvof8,Toyota Tacoma TRD-Pro 2022 #shorts,,,shorts,https://i.ytimg.com/vi/q_FmOfUvof8/hq720_2.jpg?sqp=-oaymwEdCJUDENAFSFXyq4qpAw8IARUAAIhCcAHAAQbQAQE=&rs=AOn4CLCiASQSLDA9N7h7WhCRXGyJM1QcyA,Jaime Gabaldoni,external-reference,embed_link_and_summarize_only
5xh1gDVprPE,https://www.youtube.com/shorts/5xh1gDVprPE,Toyota Tacoma TRD-Pro 2022 #shorts,,,shorts,https://i.ytimg.com/vi/5xh1gDVprPE/hq720_2.jpg?sqp=-oaymwEdCJUDENAFSFXyq4qpAw8IARUAAIhCcAHAAQbQAQE=&rs=AOn4CLClJ-djpUuQ19sMJsiaQD8B6aX37g,Jaime Gabaldoni,external-reference,embed_link_and_summarize_only
W3A6cv_f8Xw,https://www.youtube.com/shorts/W3A6cv_f8Xw,Mitsubishi Outlander 2022 #shorts,,,shorts,https://i.ytimg.com/vi/W3A6cv_f8Xw/hq720_2.jpg?sqp=-oaymwEdCJUDENAFSFXyq4qpAw8IARUAAIhCcAHAAQbQAQE=&rs=AOn4CLBeDnKp687pEAWyfoXQgk9-0zf13w,Jaime Gabaldoni,external-reference,embed_link_and_summarize_only
Ko6yB1D2Pg0,https://www.youtube.com/shorts/Ko6yB1D2Pg0,Mitsubishi Outlander 2022 #shorts,,,shorts,https://i.ytimg.com/vi/Ko6yB1D2Pg0/hq720_2.jpg?sqp=-oaymwEdCJUDENAFSFXyq4qpAw8IARUAAIhCcAHAAQbQAQE=&rs=AOn4CLBK0VbPV-rl-yW_dAlSOTw6-pZtVA,Jaime Gabaldoni,external-reference,embed_link_and_summarize_only
rMlB1iXDO9k,https://www.youtube.com/shorts/rMlB1iXDO9k,Audi RS 3 Sedan 2022 #shorts,,,shorts,https://i.ytimg.com/vi/rMlB1iXDO9k/hq720_2.jpg?sqp=-oaymwEdCJYDENAFSFXyq4qpAw8IARUAAIhCcAHAAQbQAQE=&rs=AOn4CLDvIEIEGcRUbDqvR7a3oTHQbYIRVg,Jaime Gabaldoni,external-reference,embed_link_and_summarize_only
Ax9p_gF9vh0,https://www.youtube.com/shorts/Ax9p_gF9vh0,Audi RS 3 Sedan 2022 #shorts,,,shorts,https://i.ytimg.com/vi/Ax9p_gF9vh0/hq720_2.jpg?sqp=-oaymwEdCJYDENAFSFXyq4qpAw8IARUAAIhCcAHAAQbQAQE=&rs=AOn4CLCKMlUrDbb0UomGlDwKT3LEDX76ag,Jaime Gabaldoni,external-reference,embed_link_and_summarize_only
cNIMoNzpZrU,https://www.youtube.com/shorts/cNIMoNzpZrU,BMW M4 Competition Convertible 2022  #shorts,,,shorts,https://i.ytimg.com/vi/cNIMoNzpZrU/hq720_2.jpg?sqp=-oaymwEdCJYDENAFSFXyq4qpAw8IARUAAIhCcAHAAQbQAQE=&rs=AOn4CLCBa5F1qvfpjpz2loYBJh0V8kmDCg,Jaime Gabaldoni,external-reference,embed_link_and_summarize_only
-y0f1Ao0PIM,https://www.youtube.com/shorts/-y0f1Ao0PIM,BMW M4 Competition Convertible 2022  #shorts,,,shorts,https://i.ytimg.com/vi/-y0f1Ao0PIM/hq720_2.jpg?sqp=-oaymwEdCJYDENAFSFXyq4qpAw8IARUAAIhCcAHAAQbQAQE=&rs=AOn4CLBfFsDBDozkL7nl_VyxFRbmbffYMg,Jaime Gabaldoni,external-reference,embed_link_and_summarize_only
z2-YKCmD4qU,https://www.youtube.com/shorts/z2-YKCmD4qU,Genesis GV60 2023  #shorts,,,shorts,https://i.ytimg.com/vi/z2-YKCmD4qU/hq720_2.jpg?sqp=-oaymwEdCJYDENAFSFXyq4qpAw8IARUAAIhCcAHAAQbQAQE=&rs=AOn4CLC0qZIp87y-UrLNCuP3j7katTuMWw,Jaime Gabaldoni,external-reference,embed_link_and_summarize_only
dGgRg4DFnJ0,https://www.youtube.com/shorts/dGgRg4DFnJ0,Genesis GV60 2023  #shorts,,,shorts,https://i.ytimg.com/vi/dGgRg4DFnJ0/hq720_2.jpg?sqp=-oaymwEdCJYDENAFSFXyq4qpAw8IARUAAIhCcAHAAQbQAQE=&rs=AOn4CLDg8aYAX5WERrjwlOzFHoVur4qkFQ,Jaime Gabaldoni,external-reference,embed_link_and_summarize_only
nLPjeHR9VYI,https://www.youtube.com/shorts/nLPjeHR9VYI,Hyundai IONIQ 5 2022  #shorts,,,shorts,https://i.ytimg.com/vi/nLPjeHR9VYI/hq720_2.jpg?sqp=-oaymwEdCJYDENAFSFXyq4qpAw8IARUAAIhCcAHAAQbQAQE=&rs=AOn4CLAcUPxVqYiCGPpHOY-RwAd9zD7E4Q,Jaime Gabaldoni,external-reference,embed_link_and_summarize_only
M7QcN3KUkIk,https://www.youtube.com/shorts/M7QcN3KUkIk,Hyundai IONIQ 5 2022  #shorts,,,shorts,https://i.ytimg.com/vi/M7QcN3KUkIk/hq720_2.jpg?sqp=-oaymwEdCJYDENAFSFXyq4qpAw8IARUAAIhCcAHAAQbQAQE=&rs=AOn4CLCywcII1CP6CKfg-2AJURiGdyp6RA,Jaime Gabaldoni,external-reference,embed_link_and_summarize_only
lPOQ1RPKFTQ,https://www.youtube.com/shorts/lPOQ1RPKFTQ,Acura TLX Type-S 2022  #shorts,,,shorts,https://i.ytimg.com/vi/lPOQ1RPKFTQ/hq720_2.jpg?sqp=-oaymwEdCJYDENAFSFXyq4qpAw8IARUAAIhCcAHAAQbQAQE=&rs=AOn4CLAjcQp7HEQ1SSBBQSjpQ9FisRVJHg,Jaime Gabaldoni,external-reference,embed_link_and_summarize_only
-CUKILqD5Co,https://www.youtube.com/shorts/-CUKILqD5Co,Acura TLX Type-S 2022  #shorts,,,shorts,https://i.ytimg.com/vi/-CUKILqD5Co/hq720_2.jpg?sqp=-oaymwEdCJYDENAFSFXyq4qpAw8IARUAAIhCcAHAAQbQAQE=&rs=AOn4CLDvqzHXygjEalpBaLn2yRQowlWweg,Jaime Gabaldoni,external-reference,embed_link_and_summarize_only
2qk8MhSUL4g,https://www.youtube.com/shorts/2qk8MhSUL4g,Volkswagen Jetta SEL 2022  #shorts,,,shorts,https://i.ytimg.com/vi/2qk8MhSUL4g/hq720_2.jpg?sqp=-oaymwEdCJYDENAFSFXyq4qpAw8IARUAAIhCcAHAAQbQAQE=&rs=AOn4CLATxm0vU0Ew6QMeBn-cbvk9SohD8A,Jaime Gabaldoni,external-reference,embed_link_and_summarize_only
aMfJfii9yBg,https://www.youtube.com/shorts/aMfJfii9yBg,Volkswagen Jetta SEL 2022  #shorts,,,shorts,https://i.ytimg.com/vi/aMfJfii9yBg/hq720_2.jpg?sqp=-oaymwEdCJYDENAFSFXyq4qpAw8IARUAAIhCcAHAAQbQAQE=&rs=AOn4CLDj_AXZZRRhM9K0YsYceWwaCSquow,Jaime Gabaldoni,external-reference,embed_link_and_summarize_only
t-lGO-ukLds,https://www.youtube.com/shorts/t-lGO-ukLds,Mercedes-Benz E450 Sedan 2022  #shorts,,,shorts,https://i.ytimg.com/vi/t-lGO-ukLds/hq720_2.jpg?sqp=-oaymwEdCJYDENAFSFXyq4qpAw8IARUAAIhCcAHAAQbQAQE=&rs=AOn4CLD-QyayhJCyZuGEUV6daQFxUJJyQg,Jaime Gabaldoni,external-reference,embed_link_and_summarize_only
agbiaekXMTY,https://www.youtube.com/shorts/agbiaekXMTY,Mercedes-Benz E450 Sedan 2022  #shorts,,,shorts,https://i.ytimg.com/vi/agbiaekXMTY/hq720_2.jpg?sqp=-oaymwEdCJYDENAFSFXyq4qpAw8IARUAAIhCcAHAAQbQAQE=&rs=AOn4CLACWekNFFrLosJbV_hQdORNYSikLw,Jaime Gabaldoni,external-reference,embed_link_and_summarize_only
de7Ocf-S5C8,https://www.youtube.com/shorts/de7Ocf-S5C8,Audi S5 Cabriolet 2022  #shorts,,,shorts,https://i.ytimg.com/vi/de7Ocf-S5C8/hq720_2.jpg?sqp=-oaymwEdCJYDENAFSFXyq4qpAw8IARUAAIhCcAHAAQbQAQE=&rs=AOn4CLBD-ZEvy8Ff27mrJOiQeqvhRxdoQA,Jaime Gabaldoni,external-reference,embed_link_and_summarize_only
3ZIg9JfSfKY,https://www.youtube.com/shorts/3ZIg9JfSfKY,Audi S5 Cabriolet 2022  #shorts,,,shorts,https://i.ytimg.com/vi/3ZIg9JfSfKY/hq720_2.jpg?sqp=-oaymwEdCJYDENAFSFXyq4qpAw8IARUAAIhCcAHAAQbQAQE=&rs=AOn4CLA6iIA45exOGSi_ztbsffA-zMq7Ww,Jaime Gabaldoni,external-reference,embed_link_and_summarize_only
UdbDfEMYqBA,https://www.youtube.com/shorts/UdbDfEMYqBA,Subaru Impreza STi 22B 1998  #shorts,,,shorts,https://i.ytimg.com/vi/UdbDfEMYqBA/hq720_2.jpg?sqp=-oaymwEdCJYDENAFSFXyq4qpAw8IARUAAIhCcAHAAQbQAQE=&rs=AOn4CLCBghG_89nR6dzQCYvOYK4d8zGKzQ,Jaime Gabaldoni,external-reference,embed_link_and_summarize_only
C_4hpKf5jMQ,https://www.youtube.com/shorts/C_4hpKf5jMQ,Subaru Impreza STi 22B 1998  #shorts,,,shorts,https://i.ytimg.com/vi/C_4hpKf5jMQ/hq720_2.jpg?sqp=-oaymwEdCJYDENAFSFXyq4qpAw8IARUAAIhCcAHAAQbQAQE=&rs=AOn4CLDww_52h9lJbDm6MGQu4G9Z_S1pCQ,Jaime Gabaldoni,external-reference,embed_link_and_summarize_only
c2uK_T2F680,https://www.youtube.com/shorts/c2uK_T2F680,Kia Sportage Hybrid 2023 #shorts,,,shorts,https://i.ytimg.com/vi/c2uK_T2F680/hq720_2.jpg?sqp=-oaymwEdCJYDENAFSFXyq4qpAw8IARUAAIhCcAHAAQbQAQE=&rs=AOn4CLBTj-giKdp_Zs0syFn9BL0hq7GYcw,Jaime Gabaldoni,external-reference,embed_link_and_summarize_only
TX0S4rxXAw4,https://www.youtube.com/shorts/TX0S4rxXAw4,Kia Sportage Hybrid 2023 - Detalles,,,shorts,https://i.ytimg.com/vi/TX0S4rxXAw4/hq720_2.jpg?sqp=-oaymwEdCJYDENAFSFXyq4qpAw8IARUAAIhCcAHAAQbQAQE=&rs=AOn4CLBXIesHd6v5g44DGf_RYM8TGFTW5g,Jaime Gabaldoni,external-reference,embed_link_and_summarize_only
9c2FgHOtQRk,https://www.youtube.com/shorts/9c2FgHOtQRk,Acura NSX Type-S 2022,,,shorts,https://i.ytimg.com/vi/9c2FgHOtQRk/hq720_2.jpg?sqp=-oaymwEdCJYDENAFSFXyq4qpAw8IARUAAIhCcAHAAQbQAQE=&rs=AOn4CLDBxmbkvradibyI7MI2acHnjvWyNw,Jaime Gabaldoni,external-reference,embed_link_and_summarize_only
ynehHEDD-FU,https://www.youtube.com/shorts/ynehHEDD-FU,Acura NSX Type-S 2022,,,shorts,https://i.ytimg.com/vi/ynehHEDD-FU/hq720_2.jpg?sqp=-oaymwEdCJYDENAFSFXyq4qpAw8IARUAAIhCcAHAAQbQAQE=&rs=AOn4CLCP6lGi0mOU_w7w1QdfI0f89xtLjQ,Jaime Gabaldoni,external-reference,embed_link_and_summarize_only
c218Q4m08s4,https://www.youtube.com/shorts/c218Q4m08s4,GMC Sierra 1500 Denali Ultimate 2022,,,shorts,https://i.ytimg.com/vi/c218Q4m08s4/hq720_2.jpg?sqp=-oaymwEdCJYDENAFSFXyq4qpAw8IARUAAIhCcAHAAQbQAQE=&rs=AOn4CLBJS1zBnNsTiD9tMZTgXuFcUVFBHQ,Jaime Gabaldoni,external-reference,embed_link_and_summarize_only
rPJpE1iE2W8,https://www.youtube.com/shorts/rPJpE1iE2W8,GMC Sierra 1500 Denali Ultimate 2022,,,shorts,https://i.ytimg.com/vi/rPJpE1iE2W8/hq720_2.jpg?sqp=-oaymwEdCJYDENAFSFXyq4qpAw8IARUAAIhCcAHAAQbQAQE=&rs=AOn4CLCvE1S2JZrM9z6-YyFHAJEHJx_KpA,Jaime Gabaldoni,external-reference,embed_link_and_summarize_only
JCWBAfT0cOQ,https://www.youtube.com/shorts/JCWBAfT0cOQ,Toyota GR Supra 3.0 2022,,,shorts,https://i.ytimg.com/vi/JCWBAfT0cOQ/hq720_2.jpg?sqp=-oaymwEdCJYDENAFSFXyq4qpAw8IARUAAIhCcAHAAQbQAQE=&rs=AOn4CLAEAjSsBhfc-NaniABQVj0giGOm9g,Jaime Gabaldoni,external-reference,embed_link_and_summarize_only
c2UjYgx_hQQ,https://www.youtube.com/shorts/c2UjYgx_hQQ,Toyota GR Supra 3.0 2022,,,shorts,https://i.ytimg.com/vi/c2UjYgx_hQQ/hq720_2.jpg?sqp=-oaymwEdCJYDENAFSFXyq4qpAw8IARUAAIhCcAHAAQbQAQE=&rs=AOn4CLCKQ61BKJsc6vkOSdkmdVjrPhSv6g,Jaime Gabaldoni,external-reference,embed_link_and_summarize_only
ImK7o8anHkU,https://www.youtube.com/shorts/ImK7o8anHkU,Lexus IS500 2022 - Detalles,,,shorts,https://i.ytimg.com/vi/ImK7o8anHkU/hq720_2.jpg?sqp=-oaymwEdCJYDENAFSFXyq4qpAw8IARUAAIhCcAHAAQbQAQE=&rs=AOn4CLAU9XV-PYqai0iWuKQsBeWVkbp4CQ,Jaime Gabaldoni,external-reference,embed_link_and_summarize_only
l4nKXC5twfI,https://www.youtube.com/shorts/l4nKXC5twfI,Genesis GV70 2.5T 2022 - Detalles,,,shorts,https://i.ytimg.com/vi/l4nKXC5twfI/hq720_2.jpg?sqp=-oaymwEdCJYDENAFSFXyq4qpAw8IARUAAIhCcAHAAQbQAQE=&rs=AOn4CLCXEvlVte_PI5WfojhVj7Muak_wOA,Jaime Gabaldoni,external-reference,embed_link_and_summarize_only
C9Qe_0Oit4k,https://www.youtube.com/shorts/C9Qe_0Oit4k,Genesis GV70 2.5T 2022 - Detalles,,,shorts,https://i.ytimg.com/vi/C9Qe_0Oit4k/hq720_2.jpg?sqp=-oaymwEdCJYDENAFSFXyq4qpAw8IARUAAIhCcAHAAQbQAQE=&rs=AOn4CLBSDuMgfNLuHqju41ez-yAbTgEiqQ,Jaime Gabaldoni,external-reference,embed_link_and_summarize_only
j4gwqy8JkHY,https://www.youtube.com/shorts/j4gwqy8JkHY,Mazda CX-50 Turbo 2023 - Detalles,,,shorts,https://i.ytimg.com/vi/j4gwqy8JkHY/hq720_2.jpg?sqp=-oaymwEdCJYDENAFSFXyq4qpAw8IARUAAIhCcAHAAQbQAQE=&rs=AOn4CLAvSPE-zMITnWYiiG75JoYistMZCg,Jaime Gabaldoni,external-reference,embed_link_and_summarize_only
yiXfA6aPomo,https://www.youtube.com/shorts/yiXfA6aPomo,Mazda CX-50 Turbo 2023 - Detalles,,,shorts,https://i.ytimg.com/vi/yiXfA6aPomo/hq720_2.jpg?sqp=-oaymwEdCJYDENAFSFXyq4qpAw8IARUAAIhCcAHAAQbQAQE=&rs=AOn4CLAX33Jh9x-wC8FYueSg0ZMfe3cHhA,Jaime Gabaldoni,external-reference,embed_link_and_summarize_only
b55mue1A1TE,https://www.youtube.com/shorts/b55mue1A1TE,Chevrolet Silverado 1500 ZR2 2022 - Detalles,,,shorts,https://i.ytimg.com/vi/b55mue1A1TE/hq720_2.jpg?sqp=-oaymwEdCJYDENAFSFXyq4qpAw8IARUAAIhCcAHAAQbQAQE=&rs=AOn4CLBmR9BqGqrZHv2rLqjo6CDyXX4BXg,Jaime Gabaldoni,external-reference,embed_link_and_summarize_only
3HsySBVLIo0,https://www.youtube.com/shorts/3HsySBVLIo0,Chevrolet Silverado 1500 ZR2 2022 - Detalles,,,shorts,https://i.ytimg.com/vi/3HsySBVLIo0/hq720_2.jpg?sqp=-oaymwEdCJYDENAFSFXyq4qpAw8IARUAAIhCcAHAAQbQAQE=&rs=AOn4CLD9xyaSontHeGuDXdn2jTC_2mqy5g,Jaime Gabaldoni,external-reference,embed_link_and_summarize_only
j6hGbuLi57s,https://www.youtube.com/shorts/j6hGbuLi57s,Ford F-150 Lightning 2022 - Detalles,,,shorts,https://i.ytimg.com/vi/j6hGbuLi57s/hq720_2.jpg?sqp=-oaymwEdCJYDENAFSFXyq4qpAw8IARUAAIhCcAHAAQbQAQE=&rs=AOn4CLBufDecljTQhiZCJ5JZS1XJnlgKVw,Jaime Gabaldoni,external-reference,embed_link_and_summarize_only
_CvRgGZ8R5E,https://www.youtube.com/shorts/_CvRgGZ8R5E,Ford F-150 Lightning 2022 - Detalles,,,shorts,https://i.ytimg.com/vi/_CvRgGZ8R5E/hq720_2.jpg?sqp=-oaymwEdCJYDENAFSFXyq4qpAw8IARUAAIhCcAHAAQbQAQE=&rs=AOn4CLBvsyGeKtjywzszxSFYkrpnYdCccA,Jaime Gabaldoni,external-reference,embed_link_and_summarize_only
CGEtFxev0Es,https://www.youtube.com/shorts/CGEtFxev0Es,Czinger 21C - Detalles,,,shorts,https://i.ytimg.com/vi/CGEtFxev0Es/hq720_2.jpg?sqp=-oaymwEdCJYDENAFSFXyq4qpAw8IARUAAIhCcAHAAQbQAQE=&rs=AOn4CLCcdz8RxK45vVYNtAOJtCCsRmp5xQ,Jaime Gabaldoni,external-reference,embed_link_and_summarize_only
dLI6qh99CqU,https://www.youtube.com/shorts/dLI6qh99CqU,Czinger 21C - Detalles,,,shorts,https://i.ytimg.com/vi/dLI6qh99CqU/hq720_2.jpg?sqp=-oaymwEdCJYDENAFSFXyq4qpAw8IARUAAIhCcAHAAQbQAQE=&rs=AOn4CLBAGl9cSljnPGhRH4mDCY4ZFxxZAw,Jaime Gabaldoni,external-reference,embed_link_and_summarize_only
J4imj2OeYDw,https://www.youtube.com/shorts/J4imj2OeYDw,Indian Scout Rogue 2022 - Detalles,,,shorts,https://i.ytimg.com/vi/J4imj2OeYDw/hq720_2.jpg?sqp=-oaymwEdCJYDENAFSFXyq4qpAw8IARUAAIhCcAHAAQbQAQE=&rs=AOn4CLCYeWSx36KJ8bOuvwfbNm0gguVbcQ,Jaime Gabaldoni,external-reference,embed_link_and_summarize_only
9iM7IcYCxbk,https://www.youtube.com/shorts/9iM7IcYCxbk,Mercedes-Benz GLE450 2022 - Detalles,,,shorts,https://i.ytimg.com/vi/9iM7IcYCxbk/hq720_2.jpg?sqp=-oaymwEdCJYDENAFSFXyq4qpAw8IARUAAIhCcAHAAQbQAQE=&rs=AOn4CLDIePvAU8IAIh9EMq5F-wgcFuH0uQ,Jaime Gabaldoni,external-reference,embed_link_and_summarize_only
hLe_8UA9Kj8,https://www.youtube.com/shorts/hLe_8UA9Kj8,Nissan Z 2023 - Jaime Gabaldoni #shorts,,,shorts,https://i.ytimg.com/vi/hLe_8UA9Kj8/hq720_2.jpg?sqp=-oaymwEdCJYDENAFSFXyq4qpAw8IARUAAIhCcAHAAQbQAQE=&rs=AOn4CLDpY_THrXbJ4DOAhnR2kJ5EzCdawA,Jaime Gabaldoni,external-reference,embed_link_and_summarize_only
yzxgZ70ElTU,https://www.youtube.com/shorts/yzxgZ70ElTU,Despertando al Mercedes-AMG GT53 2022 - Encendido,,,shorts,https://i.ytimg.com/vi/yzxgZ70ElTU/hq720_2.jpg?sqp=-oaymwEdCJYDENAFSFXyq4qpAw8IARUAAIhCcAHAAQbQAQE=&rs=AOn4CLDf7CscB41WS71x179C_Ho6Y2UOzw,Jaime Gabaldoni,external-reference,embed_link_and_summarize_only
k-pA-mWUcEA,https://www.youtube.com/shorts/k-pA-mWUcEA,Bugatti Chiron Súper Sport - Encendido,,,shorts,https://i.ytimg.com/vi/k-pA-mWUcEA/hq720_2.jpg?sqp=-oaymwEdCJYDENAFSFXyq4qpAw8IARUAAIhCcAHAAQbQAQE=&rs=AOn4CLCcvupAs9ID-FuNJLb8gxpzDDyMWQ,Jaime Gabaldoni,external-reference,embed_link_and_summarize_only
qnmA_3leuA4,https://www.youtube.com/shorts/qnmA_3leuA4,Supercars durante el fin de semana de la #F1 en #Austin #Texas,,,shorts,https://i.ytimg.com/vi/qnmA_3leuA4/hq720_2.jpg?sqp=-oaymwEdCI4CEOADSFXyq4qpAw8IARUAAIhCcAHAAQbQAQE=&rs=AOn4CLD93lpfPLTn9tQvsbQc8Y0i4BGW7w,Jaime Gabaldoni,external-reference,embed_link_and_summarize_only
n10GCY2uxd0,https://www.youtube.com/shorts/n10GCY2uxd0,Ferrari Enzo - 2da parte #shorts #Ferrari #FerrariEnzo #EnzoFerrari #Enzo,,,shorts,https://i.ytimg.com/vi/n10GCY2uxd0/hq720_2.jpg?sqp=-oaymwEdCI4CEOADSFXyq4qpAw8IARUAAIhCcAHAAQbQAQE=&rs=AOn4CLBPwxWgoAXwOFL8VsYuOA4n8WnY0g,Jaime Gabaldoni,external-reference,embed_link_and_summarize_only
UW0mw3uu46s,https://www.youtube.com/shorts/UW0mw3uu46s,Ferrari Enzo - 1ra parte #Shorts #Ferrari #FerrariEnzo #EnzoFerrari #Enzo,,,shorts,https://i.ytimg.com/vi/UW0mw3uu46s/hq720_2.jpg?sqp=-oaymwEdCI4CEOADSFXyq4qpAw8IARUAAIhCcAHAAQbQAQE=&rs=AOn4CLDBTDE-b_ZUUZyn54VGtVKSbDGgkw,Jaime Gabaldoni,external-reference,embed_link_and_summarize_only
6A9M4tFG-Xk,https://www.youtube.com/shorts/6A9M4tFG-Xk,Despertando al Nissan GT-R 2017,,,shorts,https://i.ytimg.com/vi/6A9M4tFG-Xk/hq2.jpg?sqp=-oaymwEdCOgCEOgCSFXyq4qpAw8IARUAAIhCcAHAAQbQAQE=&rs=AOn4CLBraVUUvEl89HdgRD1iBkMdSOxKew,Jaime Gabaldoni,external-reference,embed_link_and_summarize_only
eQGk2CEfYcY,https://www.youtube.com/shorts/eQGk2CEfYcY,Despertando al Mercedes-AMG SL65 2017,,,shorts,https://i.ytimg.com/vi/eQGk2CEfYcY/hq2.jpg?sqp=-oaymwEdCOgCEOgCSFXyq4qpAw8IARUAAIhCcAHAAQbQAQE=&rs=AOn4CLBU3_y6Nq8xPO6-mjXc357QqFwrig,Jaime Gabaldoni,external-reference,embed_link_and_summarize_only
SceIg_BqXQo,https://www.youtube.com/shorts/SceIg_BqXQo,Despertando al Bugatti Veyron 2008 de Floyd Mayweather,,,shorts,https://i.ytimg.com/vi/SceIg_BqXQo/hq2.jpg?sqp=-oaymwEdCOgCEOgCSFXyq4qpAw8IARUAAIhCcAHAAQbQAQE=&rs=AOn4CLABDVSAHwwNolb2-Ikr0tZaEoKT2w,Jaime Gabaldoni,external-reference,embed_link_and_summarize_only
ZNg2sp4b4cM,https://www.youtube.com/shorts/ZNg2sp4b4cM,Despertando al Audi TT S 2016,,,shorts,https://i.ytimg.com/vi/ZNg2sp4b4cM/hq2.jpg?sqp=-oaymwEdCOgCEOgCSFXyq4qpAw8IARUAAIhCcAHAAQbQAQE=&rs=AOn4CLAue58HNEYiG0gi8-BySD8Oebsfjg,Jaime Gabaldoni,external-reference,embed_link_and_summarize_only
T1lv28vha7Q,https://www.youtube.com/shorts/T1lv28vha7Q,Despertando al Chevrolet Cruze 2016,,,shorts,https://i.ytimg.com/vi/T1lv28vha7Q/hq2.jpg?sqp=-oaymwEdCOgCEOgCSFXyq4qpAw8IARUAAIhCcAHAAQbQAQE=&rs=AOn4CLAjEBGKnIGYVRofddJMwigIYYDSaQ,Jaime Gabaldoni,external-reference,embed_link_and_summarize_only
egCepXtAh7g,https://www.youtube.com/shorts/egCepXtAh7g,Despertando al Lexus RX350 2016,,,shorts,https://i.ytimg.com/vi/egCepXtAh7g/hq2.jpg?sqp=-oaymwEdCOgCEOgCSFXyq4qpAw8IARUAAIhCcAHAAQbQAQE=&rs=AOn4CLBQQ_E9YgrX1FwO5qjIDyhobkqcjg,Jaime Gabaldoni,external-reference,embed_link_and_summarize_only
bywSPA-bayg,https://www.youtube.com/shorts/bywSPA-bayg,Despertando al Jeep TrailCat Concept,,,shorts,https://i.ytimg.com/vi/bywSPA-bayg/hq2.jpg?sqp=-oaymwEdCOgCEOgCSFXyq4qpAw8IARUAAIhCcAHAAQbQAQE=&rs=AOn4CLDlbLQYHjMWL8tO8CEHE09jbdmu5A,Jaime Gabaldoni,external-reference,embed_link_and_summarize_only
qj6_GXYZrXQ,https://www.youtube.com/shorts/qj6_GXYZrXQ,Despertando al BMW M4 Convertible 2015,,,shorts,https://i.ytimg.com/vi/qj6_GXYZrXQ/hq720_2.jpg?sqp=-oaymwEdCNAFENAFSFXyq4qpAw8IARUAAIhCcAHAAQbQAQE=&rs=AOn4CLDHLuLR3aJ9kKs-qbiVtctHKaU0iA,Jaime Gabaldoni,external-reference,embed_link_and_summarize_only
HK4oEiOzLS0,https://www.youtube.com/shorts/HK4oEiOzLS0,Despertando al Mercedes-Benz Clase E 2017,,,shorts,https://i.ytimg.com/vi/HK4oEiOzLS0/hq2.jpg?sqp=-oaymwEdCOgCEOgCSFXyq4qpAw8IARUAAIhCcAHAAQbQAQE=&rs=AOn4CLBQ3XFFidB9G4DioIKyPhpAyVTxuA,Jaime Gabaldoni,external-reference,embed_link_and_summarize_only
HIUyG8EgR2Q,https://www.youtube.com/shorts/HIUyG8EgR2Q,Despertando al Rolls Royce Phantom Drophead Coupe,,,shorts,https://i.ytimg.com/vi/HIUyG8EgR2Q/hq2.jpg?sqp=-oaymwEdCOgCEOgCSFXyq4qpAw8IARUAAIhCcAHAAQbQAQE=&rs=AOn4CLC3drOmSZ8MvzYta6j6anJ8SHJP0g,Jaime Gabaldoni,external-reference,embed_link_and_summarize_only
LPxckNRtE1Y,https://www.youtube.com/shorts/LPxckNRtE1Y,Despertando al Range Rover Evoque 2015,,,shorts,https://i.ytimg.com/vi/LPxckNRtE1Y/hq2.jpg?sqp=-oaymwEdCOgCEOgCSFXyq4qpAw8IARUAAIhCcAHAAQbQAQE=&rs=AOn4CLBKHTjw7l_suHToEXHaA3lJ9qN1GQ,Jaime Gabaldoni,external-reference,embed_link_and_summarize_only
rqMFAoxtq7M,https://www.youtube.com/shorts/rqMFAoxtq7M,Despertando al Mercedes-AMG GT S 2016,,,shorts,https://i.ytimg.com/vi/rqMFAoxtq7M/hq2.jpg?sqp=-oaymwEdCOgCEOgCSFXyq4qpAw8IARUAAIhCcAHAAQbQAQE=&rs=AOn4CLASDeuYT0y5zx0c2_pqAVqghpeseg,Jaime Gabaldoni,external-reference,embed_link_and_summarize_only
IawSi3xb0sA,https://www.youtube.com/shorts/IawSi3xb0sA,Despertando al Mercedes-AMG C63 S 2017,,,shorts,https://i.ytimg.com/vi/IawSi3xb0sA/hq2.jpg?sqp=-oaymwEdCOgCEOgCSFXyq4qpAw8IARUAAIhCcAHAAQbQAQE=&rs=AOn4CLAlVZrFm-0c323m7xcKTrhsqRRgtw,Jaime Gabaldoni,external-reference,embed_link_and_summarize_only
ZWhl2LaHH7I,https://www.youtube.com/shorts/ZWhl2LaHH7I,Despertando al BMW M5 2015,,,shorts,https://i.ytimg.com/vi/ZWhl2LaHH7I/hq2.jpg?sqp=-oaymwEdCOgCEOgCSFXyq4qpAw8IARUAAIhCcAHAAQbQAQE=&rs=AOn4CLCzzQGwzahoVup2tvIKwgkHYIVolg,Jaime Gabaldoni,external-reference,embed_link_and_summarize_only
0bb3GZr7Hdk,https://www.youtube.com/shorts/0bb3GZr7Hdk,Despertando al Mercedes Benz CLS AMG 2015,,,shorts,https://i.ytimg.com/vi/0bb3GZr7Hdk/hq2.jpg?sqp=-oaymwEdCOgCEOgCSFXyq4qpAw8IARUAAIhCcAHAAQbQAQE=&rs=AOn4CLBItc7GwjReLYio3xVIx6FlcTV9EQ,Jaime Gabaldoni,external-reference,embed_link_and_summarize_only
Jcc1s8ZTZXw,https://www.youtube.com/shorts/Jcc1s8ZTZXw,Despertando al Dodge Viper SRT ACR 2016,,,shorts,https://i.ytimg.com/vi/Jcc1s8ZTZXw/hq2.jpg?sqp=-oaymwEdCOgCEOgCSFXyq4qpAw8IARUAAIhCcAHAAQbQAQE=&rs=AOn4CLBB4b9m5I59scm29lX69L6udYxOrQ,Jaime Gabaldoni,external-reference,embed_link_and_summarize_only
1y69P27dZE0,https://www.youtube.com/shorts/1y69P27dZE0,Despertando al Chevrolet Corvette C7 Z06 2015,,,shorts,https://i.ytimg.com/vi/1y69P27dZE0/hq2.jpg?sqp=-oaymwEdCOgCEOgCSFXyq4qpAw8IARUAAIhCcAHAAQbQAQE=&rs=AOn4CLDnCu6y7XSgZdkUnzIyZM4Ug7xUzw,Jaime Gabaldoni,external-reference,embed_link_and_summarize_only
Ftnvcxt2H0c,https://www.youtube.com/shorts/Ftnvcxt2H0c,Despertando al Chevrolet Camaro 2SS 2015,,,shorts,https://i.ytimg.com/vi/Ftnvcxt2H0c/hq2.jpg?sqp=-oaymwEdCOgCEOgCSFXyq4qpAw8IARUAAIhCcAHAAQbQAQE=&rs=AOn4CLAskz-Eco-gi0E_RQqtZRA1KS4Ebg,Jaime Gabaldoni,external-reference,embed_link_and_summarize_only
ULnk-epKeeU,https://www.youtube.com/shorts/ULnk-epKeeU,Despertando al Lexus RC350 2015,,,shorts,https://i.ytimg.com/vi/ULnk-epKeeU/hq2.jpg?sqp=-oaymwEdCOgCEOgCSFXyq4qpAw8IARUAAIhCcAHAAQbQAQE=&rs=AOn4CLDOFElfDkyxLvKSdaWuNh8QyBdNmQ,Jaime Gabaldoni,external-reference,embed_link_and_summarize_only
0xiAzM0AOF4,https://www.youtube.com/shorts/0xiAzM0AOF4,Despertando al Range Rover Sport SVR V8 2016,,,shorts,https://i.ytimg.com/vi/0xiAzM0AOF4/hq2.jpg?sqp=-oaymwEdCOgCEOgCSFXyq4qpAw8IARUAAIhCcAHAAQbQAQE=&rs=AOn4CLA0Qml_6q0TiEKus7dkx30CKAp4hw,Jaime Gabaldoni,external-reference,embed_link_and_summarize_only
jmqqODzBTnU,https://www.youtube.com/shorts/jmqqODzBTnU,Despertando al Maserati Gran Turismo Convertible Sport 2015,,,shorts,https://i.ytimg.com/vi/jmqqODzBTnU/hq2.jpg?sqp=-oaymwEdCOgCEOgCSFXyq4qpAw8IARUAAIhCcAHAAQbQAQE=&rs=AOn4CLDhlBhe8IGkBrE-ZeuK7xuBGG1KZA,Jaime Gabaldoni,external-reference,embed_link_and_summarize_only
lWS3djrUD-A,https://www.youtube.com/shorts/lWS3djrUD-A,Despertando al Scion FR-S / Toyota GT86 2015,,,shorts,https://i.ytimg.com/vi/lWS3djrUD-A/hq2.jpg?sqp=-oaymwEdCOgCEOgCSFXyq4qpAw8IARUAAIhCcAHAAQbQAQE=&rs=AOn4CLCxJ-yEpk9CdwTw7qqQqmaNyTl37Q,Jaime Gabaldoni,external-reference,embed_link_and_summarize_only
gTWU1SShMAg,https://www.youtube.com/shorts/gTWU1SShMAg,Despertando al Mazda MX-5 Miata 2016,,,shorts,https://i.ytimg.com/vi/gTWU1SShMAg/hq2.jpg?sqp=-oaymwEdCOgCEOgCSFXyq4qpAw8IARUAAIhCcAHAAQbQAQE=&rs=AOn4CLBwlOA-W9qk5Y4xc37M9NXXobfngw,Jaime Gabaldoni,external-reference,embed_link_and_summarize_only
l2yH-wFFeCM,https://www.youtube.com/shorts/l2yH-wFFeCM,Despertando al Porsche Boxster GTS 2015,,,shorts,https://i.ytimg.com/vi/l2yH-wFFeCM/hq2.jpg?sqp=-oaymwEdCOgCEOgCSFXyq4qpAw8IARUAAIhCcAHAAQbQAQE=&rs=AOn4CLD6TFSapJF10LaXxa1uhOZtbzRG9A,Jaime Gabaldoni,external-reference,embed_link_and_summarize_only
f-xW9zP6XHA,https://www.youtube.com/shorts/f-xW9zP6XHA,Despertando al Alfa Romeo 4C 2015,,,shorts,https://i.ytimg.com/vi/f-xW9zP6XHA/hq2.jpg?sqp=-oaymwEdCOgCEOgCSFXyq4qpAw8IARUAAIhCcAHAAQbQAQE=&rs=AOn4CLDJreMGtnJx-WyfqnNB9ivAOXfA_g,Jaime Gabaldoni,external-reference,embed_link_and_summarize_only
6G77QFYp3oE,https://www.youtube.com/shorts/6G77QFYp3oE,Despertando al Chevrolet Camaro Z/28 2015,,,shorts,https://i.ytimg.com/vi/6G77QFYp3oE/hq2.jpg?sqp=-oaymwEdCOgCEOgCSFXyq4qpAw8IARUAAIhCcAHAAQbQAQE=&rs=AOn4CLCsaTv7t0aOK08xRWoXtmoInKk9gA,Jaime Gabaldoni,external-reference,embed_link_and_summarize_only
hdGLmtuY_58,https://www.youtube.com/shorts/hdGLmtuY_58,Encendiendo al BMW M3 2015,,,shorts,https://i.ytimg.com/vi/hdGLmtuY_58/hq2.jpg?sqp=-oaymwEdCOgCEOgCSFXyq4qpAw8IARUAAIhCcAHAAQbQAQE=&rs=AOn4CLAuV9nvud9yPl8CWKAuNpBHRap2CA,Jaime Gabaldoni,external-reference,embed_link_and_summarize_only
neAQS14wMSE,https://www.youtube.com/shorts/neAQS14wMSE,Encendiendo al GMC Yukon Denali 2015,,,shorts,https://i.ytimg.com/vi/neAQS14wMSE/hq2.jpg?sqp=-oaymwEdCOgCEOgCSFXyq4qpAw8IARUAAIhCcAHAAQbQAQE=&rs=AOn4CLCNQXtzEX_oXH394lNUrdC_LADNEg,Jaime Gabaldoni,external-reference,embed_link_and_summarize_only
SNLA9mU3fe0,https://www.youtube.com/shorts/SNLA9mU3fe0,Ferrari LaFerrari in Miami,,,shorts,https://i.ytimg.com/vi/SNLA9mU3fe0/hq2.jpg?sqp=-oaymwEdCOgCEOgCSFXyq4qpAw8IARUAAIhCcAHAAQbQAQE=&rs=AOn4CLBebey2Qp6Ni77uZG6eJqV4hRjLnQ,Jaime Gabaldoni,external-reference,embed_link_and_summarize_only
6IBUI_xWYuc,https://www.youtube.com/shorts/6IBUI_xWYuc,Encendiendo el Audi S5 Cabrio 2015,,,shorts,https://i.ytimg.com/vi/6IBUI_xWYuc/hq2.jpg?sqp=-oaymwEdCOgCEOgCSFXyq4qpAw8IARUAAIhCcAHAAQbQAQE=&rs=AOn4CLDRFQb8Bx_v0neV3MDMrW4XEaULWg,Jaime Gabaldoni,external-reference,embed_link_and_summarize_only
RlnosvRppRY,https://www.youtube.com/shorts/RlnosvRppRY,Hyundai Blue Link en Smart Watch,,,shorts,https://i.ytimg.com/vi/RlnosvRppRY/hq720_2.jpg?sqp=-oaymwEdCJUDENAFSFXyq4qpAw8IARUAAIhCcAHAAQbQAQE=&rs=AOn4CLDVyWxFgwRJ4YckY7qJH-QOBIUe0g,Jaime Gabaldoni,external-reference,embed_link_and_summarize_only
Gfd5KlVZrFo,https://www.youtube.com/shorts/Gfd5KlVZrFo,Encendiendo el Mercedes-Benz E250 Bluetec 2015,,,shorts,https://i.ytimg.com/vi/Gfd5KlVZrFo/hq2.jpg?sqp=-oaymwEdCOgCEOgCSFXyq4qpAw8IARUAAIhCcAHAAQbQAQE=&rs=AOn4CLAngk4nhb6EQMg3ObEmCXgPSV0IWw,Jaime Gabaldoni,external-reference,embed_link_and_summarize_only
4wkXwT5WPP0,https://www.youtube.com/shorts/4wkXwT5WPP0,Encendiendo al Cadillac Escalade 2015,,,shorts,https://i.ytimg.com/vi/4wkXwT5WPP0/hq2.jpg?sqp=-oaymwEdCOgCEOgCSFXyq4qpAw8IARUAAIhCcAHAAQbQAQE=&rs=AOn4CLDR70lXB7jjbH9dEsdjwMtWClbwNw,Jaime Gabaldoni,external-reference,embed_link_and_summarize_only
3rYPtE-MSZo,https://www.youtube.com/shorts/3rYPtE-MSZo,Abriendo el techo del Porsche 911 Targa 4s,,,shorts,https://i.ytimg.com/vi_webp/3rYPtE-MSZo/oar2.webp?usqp=CCk,Jaime Gabaldoni,external-reference,embed_link_and_summarize_only
RluJhDmeC38,https://www.youtube.com/shorts/RluJhDmeC38,Encendiendo el Audi RS7 2015,,,shorts,https://i.ytimg.com/vi/RluJhDmeC38/hq2.jpg?sqp=-oaymwEdCOgCEOgCSFXyq4qpAw8IARUAAIhCcAHAAQbQAQE=&rs=AOn4CLBbnZRt9YHj9Q3MS5T80--Dp4U-Fw,Jaime Gabaldoni,external-reference,embed_link_and_summarize_only
ueE74uKI_hY,https://www.youtube.com/shorts/ueE74uKI_hY,Encendiendo el Jaguar F-Type 2015,,,shorts,https://i.ytimg.com/vi/ueE74uKI_hY/hq2.jpg?sqp=-oaymwEdCOgCEOgCSFXyq4qpAw8IARUAAIhCcAHAAQbQAQE=&rs=AOn4CLC3A7v6TrFaQ4wBw9sxrlUYehwFRQ,Jaime Gabaldoni,external-reference,embed_link_and_summarize_only
9Dlp3ENWXGY,https://www.youtube.com/shorts/9Dlp3ENWXGY,Encendiendo el Mercedes-Benz G63 AMG 2015,,,shorts,https://i.ytimg.com/vi/9Dlp3ENWXGY/hq2.jpg?sqp=-oaymwEdCOgCEOgCSFXyq4qpAw8IARUAAIhCcAHAAQbQAQE=&rs=AOn4CLAP4d3xTUH6njehP-YWZaXPcqFSTA,Jaime Gabaldoni,external-reference,embed_link_and_summarize_only
f2O_pkXkYbY,https://www.youtube.com/shorts/f2O_pkXkYbY,Encendiendo el Chevrolet SS 2014,,,shorts,https://i.ytimg.com/vi/f2O_pkXkYbY/hq2.jpg?sqp=-oaymwEdCOgCEOgCSFXyq4qpAw8IARUAAIhCcAHAAQbQAQE=&rs=AOn4CLBkoLpb6x1-iU8JCsYVloOXq1c-vA,Jaime Gabaldoni,external-reference,embed_link_and_summarize_only
ITFwIJQNgww,https://www.youtube.com/shorts/ITFwIJQNgww,Encendiendo el Mini Cooper S 2015,,,shorts,https://i.ytimg.com/vi/ITFwIJQNgww/hq2.jpg?sqp=-oaymwEdCOgCEOgCSFXyq4qpAw8IARUAAIhCcAHAAQbQAQE=&rs=AOn4CLD6_Agz_jBQ33X-_675wsVDHHUtBg,Jaime Gabaldoni,external-reference,embed_link_and_summarize_only
fJRNvHeBV28,https://www.youtube.com/shorts/fJRNvHeBV28,Encendiendo el Lexus RC-F 2015,,,shorts,https://i.ytimg.com/vi/fJRNvHeBV28/hq2.jpg?sqp=-oaymwEdCOgCEOgCSFXyq4qpAw8IARUAAIhCcAHAAQbQAQE=&rs=AOn4CLDOSeFTlXg1dwy5i6OkLAPvmcsVNw,Jaime Gabaldoni,external-reference,embed_link_and_summarize_only
NtI-uC7jUbM,https://www.youtube.com/shorts/NtI-uC7jUbM,Encendiendo el Chevrolet Camaro SS 2013,,,shorts,https://i.ytimg.com/vi/NtI-uC7jUbM/hq2.jpg?sqp=-oaymwEdCOgCEOgCSFXyq4qpAw8IARUAAIhCcAHAAQbQAQE=&rs=AOn4CLBaEYIPoFbYcjIxzlk-FaFlLcS22w,Jaime Gabaldoni,external-reference,embed_link_and_summarize_only
vcglU_67PJ4,https://www.youtube.com/shorts/vcglU_67PJ4,Encendiendo el SRT Viper 2014,,,shorts,https://i.ytimg.com/vi/vcglU_67PJ4/hq2.jpg?sqp=-oaymwEdCOgCEOgCSFXyq4qpAw8IARUAAIhCcAHAAQbQAQE=&rs=AOn4CLA_lSYSSPeL-POSAR2AoyhrQaigfA,Jaime Gabaldoni,external-reference,embed_link_and_summarize_only
6oyogNF7Sn4,https://www.youtube.com/shorts/6oyogNF7Sn4,Encendiendo el BMW i8 2015,,,shorts,https://i.ytimg.com/vi/6oyogNF7Sn4/hq2.jpg?sqp=-oaymwEdCOgCEOgCSFXyq4qpAw8IARUAAIhCcAHAAQbQAQE=&rs=AOn4CLCwDxJh5ObjPaQEs1OK1sQqE6EIdA,Jaime Gabaldoni,external-reference,embed_link_and_summarize_only
x9D8WKZFuss,https://www.youtube.com/shorts/x9D8WKZFuss,Encendiendo el Mercedes-Benz SL400 2015,,,shorts,https://i.ytimg.com/vi/x9D8WKZFuss/hq2.jpg?sqp=-oaymwEdCOgCEOgCSFXyq4qpAw8IARUAAIhCcAHAAQbQAQE=&rs=AOn4CLDSx4WfhT6iLxrfJypXGgnpPhTQ1Q,Jaime Gabaldoni,external-reference,embed_link_and_summarize_only
FvrMgn0YeYI,https://www.youtube.com/shorts/FvrMgn0YeYI,Encendiendo el Subaru WRX STI 2015,,,shorts,https://i.ytimg.com/vi/FvrMgn0YeYI/hq2.jpg?sqp=-oaymwEdCOgCEOgCSFXyq4qpAw8IARUAAIhCcAHAAQbQAQE=&rs=AOn4CLCh7pH45C7zKy7fQWxwKatuXvVcPA,Jaime Gabaldoni,external-reference,embed_link_and_summarize_only
qaMS_WmKH8Y,https://www.youtube.com/shorts/qaMS_WmKH8Y,Encendiendo el Ford Mustang GT 50 Aniversario,,,shorts,https://i.ytimg.com/vi/qaMS_WmKH8Y/hq2.jpg?sqp=-oaymwEdCOgCEOgCSFXyq4qpAw8IARUAAIhCcAHAAQbQAQE=&rs=AOn4CLDaJajebmtF4u-LEk7v3FoLxfTWnw,Jaime Gabaldoni,external-reference,embed_link_and_summarize_only
K5cT1OkMrQY,https://www.youtube.com/shorts/K5cT1OkMrQY,Encendiendo el Lamborghini Huracan LP610-4 2015,,,shorts,https://i.ytimg.com/vi/K5cT1OkMrQY/hq2.jpg?sqp=-oaymwEdCOgCEOgCSFXyq4qpAw8IARUAAIhCcAHAAQbQAQE=&rs=AOn4CLBcj9aNbKhulAzxq_u9ooIwUSOe-A,Jaime Gabaldoni,external-reference,embed_link_and_summarize_only
IlxnSRLtgmU,https://www.youtube.com/shorts/IlxnSRLtgmU,Encendiendo el Volkswagen Golf R 2015,,,shorts,https://i.ytimg.com/vi/IlxnSRLtgmU/hq2.jpg?sqp=-oaymwEdCOgCEOgCSFXyq4qpAw8IARUAAIhCcAHAAQbQAQE=&rs=AOn4CLCDLRs5x7J0D3yDY1aexBXo6vPocQ,Jaime Gabaldoni,external-reference,embed_link_and_summarize_only
v7-9PsxErIw,https://www.youtube.com/shorts/v7-9PsxErIw,Encendiendo al Dodge Challenger Hellcat 2015,,,shorts,https://i.ytimg.com/vi/v7-9PsxErIw/hq2.jpg?sqp=-oaymwEdCOgCEOgCSFXyq4qpAw8IARUAAIhCcAHAAQbQAQE=&rs=AOn4CLDdv9Ri3kXrHJrYSJ9DNxdxoP-aQg,Jaime Gabaldoni,external-reference,embed_link_and_summarize_only
HzgazL_tD6E,https://www.youtube.com/shorts/HzgazL_tD6E,Encendiendo al Chevrolet Corvette Z06 2015,,,shorts,https://i.ytimg.com/vi/HzgazL_tD6E/hq2.jpg?sqp=-oaymwEdCOgCEOgCSFXyq4qpAw8IARUAAIhCcAHAAQbQAQE=&rs=AOn4CLAwOqu9Rwq5UZQUlKN87rWgqHzYEA,Jaime Gabaldoni,external-reference,embed_link_and_summarize_only
-uDy2GFPCgo,https://www.youtube.com/shorts/-uDy2GFPCgo,Luca Gabaldoni - Backfliping - 24 March 2012,,,shorts,https://i.ytimg.com/vi/-uDy2GFPCgo/hq720_2.jpg?sqp=-oaymwEdCJUDENAFSFXyq4qpAw8IARUAAIhCcAHAAQbQAQE=&rs=AOn4CLDcg7pvFadaj8yE3nTH0N7yfMYUbw,Jaime Gabaldoni,external-reference,embed_link_and_summarize_only
M0gxSAo4kN8,https://www.youtube.com/shorts/M0gxSAo4kN8,Luca Gabaldoni - Static hair & front flips trampoline - January 14th 2012,,,shorts,https://i.ytimg.com/vi/M0gxSAo4kN8/hq720_2.jpg?sqp=-oaymwEdCJYDENAFSFXyq4qpAw8IARUAAIhCcAHAAQbQAQE=&rs=AOn4CLCoyepsUYw2V6CZwJ6i64npz2od0g,Jaime Gabaldoni,external-reference,embed_link_and_summarize_only
bnNcwgoLZvI,https://www.youtube.com/watch?v=bnNcwgoLZvI,🔴 En Vivo: 2026 Mazda CX-50 Turbo Premium Plus... y un café | Jaime Gabaldoni,2218.0,,streams,https://i.ytimg.com/vi/bnNcwgoLZvI/hqdefault.jpg?sqp=-oaymwEcCNACELwBSFXyq4qpAw4IARUAAIhCGAFwAcABBg==&rs=AOn4CLB8EDgH0tFG6M6VcDF1ndZhR7gq5g,Jaime Gabaldoni,external-reference,embed_link_and_summarize_only
O57FDoKRiTo,https://www.youtube.com/watch?v=O57FDoKRiTo,🔴 En Vivo: 2026 Cadillac CT5-V Blackwing... y un café | Jaime Gabaldoni,2994.0,,streams,https://i.ytimg.com/vi/O57FDoKRiTo/hqdefault.jpg?sqp=-oaymwEcCNACELwBSFXyq4qpAw4IARUAAIhCGAFwAcABBg==&rs=AOn4CLAYe6cHmcgrkOswdVtIX9cCzq3wXg,Jaime Gabaldoni,external-reference,embed_link_and_summarize_only
Kkg4Sy0_bGk,https://www.youtube.com/watch?v=Kkg4Sy0_bGk,🔴 En vivo: 2026 Lexus TX 550h+ Luxury… y un café ☕ | Jaime Gabaldoni,3404.0,,streams,https://i.ytimg.com/vi/Kkg4Sy0_bGk/hqdefault.jpg?sqp=-oaymwEcCNACELwBSFXyq4qpAw4IARUAAIhCGAFwAcABBg==&rs=AOn4CLAqlobRNK7tb5hKZEUGLhaA4VlDOQ,Jaime Gabaldoni,external-reference,embed_link_and_summarize_only
IkmZFSAzjns,https://www.youtube.com/watch?v=IkmZFSAzjns,🔴 En vivo: 2026 Jeep Wrangler 4-Door Rubicon X… y un café ☕ | Jaime Gabaldoni,2587.0,,streams,https://i.ytimg.com/vi/IkmZFSAzjns/hqdefault.jpg?sqp=-oaymwEcCNACELwBSFXyq4qpAw4IARUAAIhCGAFwAcABBg==&rs=AOn4CLCVkflsbpNMUdw3iTUgNu6N0EdCKw,Jaime Gabaldoni,external-reference,embed_link_and_summarize_only
0wjUls_5tgo,https://www.youtube.com/watch?v=0wjUls_5tgo,🔴 En vivo: 2026 TOYOTA Sequoia TRD-Pro… y un café ☕ | Jaime Gabaldoni,2429.0,,streams,https://i.ytimg.com/vi/0wjUls_5tgo/hqdefault.jpg?sqp=-oaymwEcCNACELwBSFXyq4qpAw4IARUAAIhCGAFwAcABBg==&rs=AOn4CLBGDTRnzpyPCBMFZ_uCsRVRdvWSLQ,Jaime Gabaldoni,external-reference,embed_link_and_summarize_only
-PkaPnO0p1c,https://www.youtube.com/watch?v=-PkaPnO0p1c,🔴 En vivo: 2026 CX-70 Turbo S Premium Plus… y un café ☕ | Jaime Gabaldoni,2917.0,,streams,https://i.ytimg.com/vi/-PkaPnO0p1c/hqdefault.jpg?sqp=-oaymwEcCNACELwBSFXyq4qpAw4IARUAAIhCGAFwAcABBg==&rs=AOn4CLByIWkGaqcHNQjw74LXwAOITuCSaw,Jaime Gabaldoni,external-reference,embed_link_and_summarize_only
gHTna2jH_1M,https://www.youtube.com/watch?v=gHTna2jH_1M,🔴 En Vivo: 2026 Subaru Outback Wilderness y un café ☕ | Jaime Gabaldoni,2865.0,,streams,https://i.ytimg.com/vi/gHTna2jH_1M/hqdefault.jpg?sqp=-oaymwEcCNACELwBSFXyq4qpAw4IARUAAIhCGAFwAcABBg==&rs=AOn4CLBA_fbHBYQnCzkEgyxUA4MYVlwIrg,Jaime Gabaldoni,external-reference,embed_link_and_summarize_only
P8lFs68bbZQ,https://www.youtube.com/watch?v=P8lFs68bbZQ,🔴 En Vivo: 2026 Nissan Leaf y un café ☕ | Jaime Gabaldoni,2404.0,,streams,https://i.ytimg.com/vi/P8lFs68bbZQ/hqdefault.jpg?sqp=-oaymwEcCNACELwBSFXyq4qpAw4IARUAAIhCGAFwAcABBg==&rs=AOn4CLCR7tIIpOwvA7f_JfJssBx3B-KdHg,Jaime Gabaldoni,external-reference,embed_link_and_summarize_only
aFRXGYu3X4c,https://www.youtube.com/watch?v=aFRXGYu3X4c,🔴 En Vivo: 2026 Lexus LC 500 Convertible y un café ☕ | Jaime Gabaldoni,3205.0,,streams,https://i.ytimg.com/vi/aFRXGYu3X4c/hqdefault.jpg?sqp=-oaymwEcCNACELwBSFXyq4qpAw4IARUAAIhCGAFwAcABBg==&rs=AOn4CLB7YF-A1UETjk6AcpLSjxkCF2zGmg,Jaime Gabaldoni,external-reference,embed_link_and_summarize_only
cgGSOqbQqWo,https://www.youtube.com/watch?v=cgGSOqbQqWo,🔴 En Vivo: 2026 Mitsubishi Outlander SEL Premium AWD y un café ☕ | Jaime Gabaldoni,2134.0,,streams,https://i.ytimg.com/vi/cgGSOqbQqWo/hqdefault.jpg?sqp=-oaymwEcCNACELwBSFXyq4qpAw4IARUAAIhCGAFwAcABBg==&rs=AOn4CLC8OBanRrXwnjsBO8qhypvto1rufw,Jaime Gabaldoni,external-reference,embed_link_and_summarize_only
2Md_Ly-quHQ,https://www.youtube.com/watch?v=2Md_Ly-quHQ,🔴 En Vivo: New York International Auto Show 2026 🚗 | Jaime Gabaldoni,2480.0,,streams,https://i.ytimg.com/vi/2Md_Ly-quHQ/hqdefault.jpg?sqp=-oaymwEcCNACELwBSFXyq4qpAw4IARUAAIhCGAFwAcABBg==&rs=AOn4CLDufajIEJoqeYU2VuMvwLD2W1d0iQ,Jaime Gabaldoni,external-reference,embed_link_and_summarize_only
ffa7Uvlj1F4,https://www.youtube.com/watch?v=ffa7Uvlj1F4,🔴 En Vivo: Chevrolet Corvette ZR1 2026 y un café ☕ | Jaime Gabaldoni,2355.0,,streams,https://i.ytimg.com/vi/ffa7Uvlj1F4/hqdefault.jpg?sqp=-oaymwEcCNACELwBSFXyq4qpAw4IARUAAIhCGAFwAcABBg==&rs=AOn4CLAEYL_9iZnBewjMad-0YIs4cxXinw,Jaime Gabaldoni,external-reference,embed_link_and_summarize_only
M2mITBERjHQ,https://www.youtube.com/watch?v=M2mITBERjHQ,🔴 En Vivo: Genesis G90 3.5T E-SC Prestige Black AWD 2026 y un café ☕ | Jaime Gabaldoni,1646.0,,streams,https://i.ytimg.com/vi/M2mITBERjHQ/hqdefault.jpg?sqp=-oaymwEcCNACELwBSFXyq4qpAw4IARUAAIhCGAFwAcABBg==&rs=AOn4CLAFXgGnBNcZafzFOK_00nFlafQvrQ,Jaime Gabaldoni,external-reference,embed_link_and_summarize_only
3ArNAeGKsio,https://www.youtube.com/watch?v=3ArNAeGKsio,🔴 En Vivo: 2026 Subaru Trailseeker EV Limited y un café ☕ | Jaime Gabaldoni,1493.0,,streams,https://i.ytimg.com/vi/3ArNAeGKsio/hqdefault.jpg?sqp=-oaymwEcCNACELwBSFXyq4qpAw4IARUAAIhCGAFwAcABBg==&rs=AOn4CLAf_6DUF3MZcuiJED40LhDatqtDrg,Jaime Gabaldoni,external-reference,embed_link_and_summarize_only
S6CcrCbIZsI,https://www.youtube.com/watch?v=S6CcrCbIZsI,🔴 En Vivo: 2026 Hyundai Santa Fe HEV Limited y un café ☕ | Jaime Gabaldoni,2287.0,,streams,https://i.ytimg.com/vi/S6CcrCbIZsI/hqdefault.jpg?sqp=-oaymwEcCNACELwBSFXyq4qpAw4IARUAAIhCGAFwAcABBg==&rs=AOn4CLC54KIqnh8DKL_uYLhC_e3yN_X4hQ,Jaime Gabaldoni,external-reference,embed_link_and_summarize_only
WMFTpnmxbH0,https://www.youtube.com/watch?v=WMFTpnmxbH0,🔴 En Vivo: Chevrolet Silverado 1500 Crew Cab LTZ 2026 y un café ☕ | Jaime Gabaldoni,1782.0,,streams,https://i.ytimg.com/vi/WMFTpnmxbH0/hqdefault.jpg?sqp=-oaymwEcCNACELwBSFXyq4qpAw4IARUAAIhCGAFwAcABBg==&rs=AOn4CLAMhTx3_T0yUrcGOqi5_RaYttM22A,Jaime Gabaldoni,external-reference,embed_link_and_summarize_only
DY428nWWThc,https://www.youtube.com/watch?v=DY428nWWThc,🔴 En Vivo: Mazda CX-90 Turbo S Premium Plus 2026 y un café ☕ | Jaime Gabaldoni,2322.0,,streams,https://i.ytimg.com/vi/DY428nWWThc/hqdefault.jpg?sqp=-oaymwEcCNACELwBSFXyq4qpAw4IARUAAIhCGAFwAcABBg==&rs=AOn4CLBYbE0PVOKKz-ELN_t1gjtcBQ3U7Q,Jaime Gabaldoni,external-reference,embed_link_and_summarize_only
2n9qHDKM3Nc,https://www.youtube.com/watch?v=2n9qHDKM3Nc,🔴 En Vivo: Chrysler Pacifica Pinnacle 2026 y un café ☕ | Jaime Gabaldoni,2333.0,,streams,https://i.ytimg.com/vi/2n9qHDKM3Nc/hqdefault.jpg?sqp=-oaymwEcCNACELwBSFXyq4qpAw4IARUAAIhCGAFwAcABBg==&rs=AOn4CLBVzR20kyl7-3Bg0VXoduQco89tzQ,Jaime Gabaldoni,external-reference,embed_link_and_summarize_only
hzuIcK4RP7o,https://www.youtube.com/watch?v=hzuIcK4RP7o,🔴 En Vivo: 2026 Lexus RZ 550e AWD … y un café | Jaime Gabaldoni,2017.0,,streams,https://i.ytimg.com/vi/hzuIcK4RP7o/hqdefault.jpg?sqp=-oaymwEcCNACELwBSFXyq4qpAw4IARUAAIhCGAFwAcABBg==&rs=AOn4CLCmnFgxMSaka-SjqvWJxyjUPvzmaQ,Jaime Gabaldoni,external-reference,embed_link_and_summarize_only
MDNpgchh7tM,https://www.youtube.com/watch?v=MDNpgchh7tM,🔴 En Vivo: 2026 TOYOTA Grand Highlander Platinum Max... y un café | Jaime Gabaldoni,2931.0,,streams,https://i.ytimg.com/vi/MDNpgchh7tM/hqdefault.jpg?sqp=-oaymwEcCNACELwBSFXyq4qpAw4IARUAAIhCGAFwAcABBg==&rs=AOn4CLD5_kEfYAybj7hEdp63gUGujclc7Q,Jaime Gabaldoni,external-reference,embed_link_and_summarize_only
2u6XQD3lwVk,https://www.youtube.com/watch?v=2u6XQD3lwVk,🔴 En Vivo: Mercedes-Benz EQE SUV 320+ 2026... y un café | Jaime Gabaldoni,1807.0,,streams,https://i.ytimg.com/vi/2u6XQD3lwVk/hqdefault.jpg?sqp=-oaymwEcCNACELwBSFXyq4qpAw4IARUAAIhCGAFwAcABBg==&rs=AOn4CLCu5XR197H7DwavtcEY5v1GzeK6Rg,Jaime Gabaldoni,external-reference,embed_link_and_summarize_only
n9PZilPDefk,https://www.youtube.com/watch?v=n9PZilPDefk,🔴 En Vivo: Mazda 3 Turbo Hatchback 2026... y un café | Jaime Gabaldoni,2668.0,,streams,https://i.ytimg.com/vi/n9PZilPDefk/hqdefault.jpg?sqp=-oaymwEcCNACELwBSFXyq4qpAw4IARUAAIhCGAFwAcABBg==&rs=AOn4CLA66tERbRmiMIgTA3x41KGXJNBvuA,Jaime Gabaldoni,external-reference,embed_link_and_summarize_only
T0RsjMqpU9Q,https://www.youtube.com/watch?v=T0RsjMqpU9Q,🔴 En Vivo: 2026 Nissan Armada / Patrol NISMO y un café | Jaime Gabaldoni,2780.0,,streams,https://i.ytimg.com/vi/T0RsjMqpU9Q/hqdefault.jpg?sqp=-oaymwEcCNACELwBSFXyq4qpAw4IARUAAIhCGAFwAcABBg==&rs=AOn4CLDQEU_UEcyJFkgmSF5sj1M4DEk25A,Jaime Gabaldoni,external-reference,embed_link_and_summarize_only
eEYIgNdq-74,https://www.youtube.com/watch?v=eEYIgNdq-74,🔴 En Vivo: Hyundai IONIQ 9 Calligraphy Design 2026… Revisado y un café | Jaime Gabaldoni,2629.0,,streams,https://i.ytimg.com/vi/eEYIgNdq-74/hqdefault.jpg?sqp=-oaymwEcCNACELwBSFXyq4qpAw4IARUAAIhCGAFwAcABBg==&rs=AOn4CLDZFDhzz-xkEPwpX2e8_DfkxrIxWA,Jaime Gabaldoni,external-reference,embed_link_and_summarize_only
1Uc3SRtdef4,https://www.youtube.com/watch?v=1Uc3SRtdef4,🔴 En Vivo: 2026 Toyota Crown... y un café | Jaime Gabaldoni,2158.0,,streams,https://i.ytimg.com/vi/1Uc3SRtdef4/hqdefault.jpg?sqp=-oaymwEcCNACELwBSFXyq4qpAw4IARUAAIhCGAFwAcABBg==&rs=AOn4CLCzjK5eb_3gJD3A_liW9-iY7ofLbQ,Jaime Gabaldoni,external-reference,embed_link_and_summarize_only
99Ky5cW0KIE,https://www.youtube.com/watch?v=99Ky5cW0KIE,🔴 En Vivo: 2026 Nissan Sentra … y un café | Jaime Gabaldoni,2076.0,,streams,https://i.ytimg.com/vi/99Ky5cW0KIE/hqdefault.jpg?sqp=-oaymwEcCNACELwBSFXyq4qpAw4IARUAAIhCGAFwAcABBg==&rs=AOn4CLApjCt_8WvUf5Sb-YZpgwwQqpzMnQ,Jaime Gabaldoni,external-reference,embed_link_and_summarize_only
yWEwgRnj7oQ,https://www.youtube.com/watch?v=yWEwgRnj7oQ,🔴 En Vivo: Audi Q6 Sportback e-tron 2026... y un café | Jaime Gabaldoni,1627.0,,streams,https://i.ytimg.com/vi/yWEwgRnj7oQ/hqdefault.jpg?sqp=-oaymwEcCNACELwBSFXyq4qpAw4IARUAAIhCGAFwAcABBg==&rs=AOn4CLBlgTgPmWgdoiybaGTWuyGyQs5LMA,Jaime Gabaldoni,external-reference,embed_link_and_summarize_only
e5-MXkS6YBw,https://www.youtube.com/watch?v=e5-MXkS6YBw,🔴 En Vivo: Mercedes-Maybach SL680 Monogram Series 2026... y un café | Jaime Gabaldoni,1675.0,,streams,https://i.ytimg.com/vi/e5-MXkS6YBw/hqdefault.jpg?sqp=-oaymwEcCNACELwBSFXyq4qpAw4IARUAAIhCGAFwAcABBg==&rs=AOn4CLCB6Yez4LVXys25rRE9SW8m4N0jfw,Jaime Gabaldoni,external-reference,embed_link_and_summarize_only
M3mS7cU4i8Q,https://www.youtube.com/watch?v=M3mS7cU4i8Q,🔴 En Vivo: Rivian R1T Quad Motor 2026… y un café | Jaime Gabaldoni,2073.0,,streams,https://i.ytimg.com/vi/M3mS7cU4i8Q/hqdefault.jpg?sqp=-oaymwEcCNACELwBSFXyq4qpAw4IARUAAIhCGAFwAcABBg==&rs=AOn4CLBKVGmCNHbLgqEXuwOD6JSCVUM7wg,Jaime Gabaldoni,external-reference,embed_link_and_summarize_only
UvBIle-wNOg,https://www.youtube.com/watch?v=UvBIle-wNOg,🔴 En Vivo: Cadillac Escalade IQ 2026… y un café | Jaime Gabaldoni,1636.0,,streams,https://i.ytimg.com/vi/UvBIle-wNOg/hqdefault.jpg?sqp=-oaymwEcCNACELwBSFXyq4qpAw4IARUAAIhCGAFwAcABBg==&rs=AOn4CLD3OKZ3Hkp2LCz1qplZhCM4yTsDXg,Jaime Gabaldoni,external-reference,embed_link_and_summarize_only
9Kv5X0R29uo,https://www.youtube.com/watch?v=9Kv5X0R29uo,🔴 En Vivo: American International Moto Expo (AIMEX) 2026 | Jaime Gabaldoni,2393.0,,streams,https://i.ytimg.com/vi/9Kv5X0R29uo/hqdefault.jpg?sqp=-oaymwEcCNACELwBSFXyq4qpAw4IARUAAIhCGAFwAcABBg==&rs=AOn4CLAoaB8_fQKWUDEocA26ENv242IOzQ,Jaime Gabaldoni,external-reference,embed_link_and_summarize_only
O8HdHMCMWZA,https://www.youtube.com/watch?v=O8HdHMCMWZA,🔴 En Vivo: Jeep Wagoneer S First Edition… y un café | Jaime Gabaldoni,1588.0,,streams,https://i.ytimg.com/vi/O8HdHMCMWZA/hqdefault.jpg?sqp=-oaymwEcCNACELwBSFXyq4qpAw4IARUAAIhCGAFwAcABBg==&rs=AOn4CLAvoG11yjoihbzqktWPjHtTgObogg,Jaime Gabaldoni,external-reference,embed_link_and_summarize_only
wj7xO_KzvBE,https://www.youtube.com/watch?v=wj7xO_KzvBE,🔴 En Vivo: Polestar 4 Dual Motor Performance 2026… y un café | Jaime Gabaldoni,1647.0,,streams,https://i.ytimg.com/vi/wj7xO_KzvBE/hqdefault.jpg?sqp=-oaymwEcCNACELwBSFXyq4qpAw4IARUAAIhCGAFwAcABBg==&rs=AOn4CLB2N7VHg1qf8REEHnLGduK8xy_FxA,Jaime Gabaldoni,external-reference,embed_link_and_summarize_only
y3_Ywh0dONw,https://www.youtube.com/watch?v=y3_Ywh0dONw,🔴En Vivo: Lucid Gravity 2026… y un café | Jaime Gabaldoni,2476.0,,streams,https://i.ytimg.com/vi/y3_Ywh0dONw/hqdefault.jpg?sqp=-oaymwEcCNACELwBSFXyq4qpAw4IARUAAIhCGAFwAcABBg==&rs=AOn4CLDE8u6JvUxBsqdosZIarIZH43jvlA,Jaime Gabaldoni,external-reference,embed_link_and_summarize_only
l59s7pz9YKI,https://www.youtube.com/watch?v=l59s7pz9YKI,🔴 En Vivo: Dodge Charger Sixpack ScatPack 2026… y un café | Jaime Gabaldoni,1074.0,,streams,https://i.ytimg.com/vi/l59s7pz9YKI/hqdefault.jpg?sqp=-oaymwEcCNACELwBSFXyq4qpAw4IARUAAIhCGAFwAcABBg==&rs=AOn4CLC6ObTdYxWKzAO1gIpzKybXGOaRXg,Jaime Gabaldoni,external-reference,embed_link_and_summarize_only
ZKxIzVMpk0s,https://www.youtube.com/watch?v=ZKxIzVMpk0s,🔴 En Vivo: Volkswagen Tiguan 2026… y un café | Jaime Gabaldoni,1632.0,,streams,https://i.ytimg.com/vi/ZKxIzVMpk0s/hqdefault.jpg?sqp=-oaymwEcCNACELwBSFXyq4qpAw4IARUAAIhCGAFwAcABBg==&rs=AOn4CLDf4yAenHw-ArJ1OJiqvYlDDQPowQ,Jaime Gabaldoni,external-reference,embed_link_and_summarize_only
55hGvRg_P90,https://www.youtube.com/watch?v=55hGvRg_P90,🔴 En Vivo: Hyundai Palisade Hybrid 2026… y un café | Jaime Gabaldoni,2241.0,,streams,https://i.ytimg.com/vi/55hGvRg_P90/hqdefault.jpg?sqp=-oaymwEcCNACELwBSFXyq4qpAw4IARUAAIhCGAFwAcABBg==&rs=AOn4CLBhXLEskHrWOQOAu9MK8Z-Czb9egw,Jaime Gabaldoni,external-reference,embed_link_and_summarize_only
G7D1SndQiZo,https://www.youtube.com/watch?v=G7D1SndQiZo,🔴 En Vivo: Chevrolet Silverado EV Trail Boss 2026… y un café | Jaime Gabaldoni,1783.0,,streams,https://i.ytimg.com/vi/G7D1SndQiZo/hqdefault.jpg?sqp=-oaymwEcCNACELwBSFXyq4qpAw4IARUAAIhCGAFwAcABBg==&rs=AOn4CLAuCVLcYdkYzLYrBz8Sanx0XpBCWQ,Jaime Gabaldoni,external-reference,embed_link_and_summarize_only
BxxpAb9uKw8,https://www.youtube.com/watch?v=BxxpAb9uKw8,🔴 En Vivo: Audi SQ5 2025 …y un café | Jaime Gabaldoni,1645.0,,streams,https://i.ytimg.com/vi/BxxpAb9uKw8/hqdefault.jpg?sqp=-oaymwEcCNACELwBSFXyq4qpAw4IARUAAIhCGAFwAcABBg==&rs=AOn4CLChVPboL4nas1I1GS4cXxvVpIooJg,Jaime Gabaldoni,external-reference,embed_link_and_summarize_only
zbK1jo_uIhY,https://www.youtube.com/watch?v=zbK1jo_uIhY,🔴 En Vivo: Todo lo que necesitas saber del Aston Martin Vanquish 2025 | Jaime Gabaldoni,2073.0,,streams,https://i.ytimg.com/vi/zbK1jo_uIhY/hqdefault.jpg?sqp=-oaymwEcCNACELwBSFXyq4qpAw4IARUAAIhCGAFwAcABBg==&rs=AOn4CLD2miLBWNdC3tJGbpY6MjuRhYbDLA,Jaime Gabaldoni,external-reference,embed_link_and_summarize_only
_gV4KibYfS0,https://www.youtube.com/watch?v=_gV4KibYfS0,🔴 En Vivo: Genesis GV80 3.5T Prestige Black 2026 …y un café | Jaime Gabaldoni,1674.0,,streams,https://i.ytimg.com/vi/_gV4KibYfS0/hqdefault.jpg?sqp=-oaymwEcCNACELwBSFXyq4qpAw4IARUAAIhCGAFwAcABBg==&rs=AOn4CLDINKpNEYC7X4avGOk6JRz7qmEEgA,Jaime Gabaldoni,external-reference,embed_link_and_summarize_only
A3Pv781HRVg,https://www.youtube.com/watch?v=A3Pv781HRVg,🔴 En Vivo: Cadillac Vistiq Sport AWD 2026… y un café | Jaime Gabaldoni,1548.0,,streams,https://i.ytimg.com/vi/A3Pv781HRVg/hqdefault.jpg?sqp=-oaymwEcCNACELwBSFXyq4qpAw4IARUAAIhCGAFwAcABBg==&rs=AOn4CLDGywToK96Wh8v9dWQ-opaEi6mpCg,Jaime Gabaldoni,external-reference,embed_link_and_summarize_only
MOZAnoH_c5A,https://www.youtube.com/watch?v=MOZAnoH_c5A,🔴 En Vivo: Volkswagen Taos SEL 2026… y un café | Jaime Gabaldoni,1497.0,,streams,https://i.ytimg.com/vi/MOZAnoH_c5A/hqdefault.jpg?sqp=-oaymwEcCNACELwBSFXyq4qpAw4IARUAAIhCGAFwAcABBg==&rs=AOn4CLAsIZ3VpZuBb5l3NkPF6roV7UWO6w,Jaime Gabaldoni,external-reference,embed_link_and_summarize_only
IQbj7dqUktU,https://www.youtube.com/watch?v=IQbj7dqUktU,En Directo: Mercedes-AMG CLE53 Coupe 2026 …y un café,1866.0,,streams,https://i.ytimg.com/vi/IQbj7dqUktU/hqdefault.jpg?sqp=-oaymwEcCNACELwBSFXyq4qpAw4IARUAAIhCGAFwAcABBg==&rs=AOn4CLAPT828luFWCk6bAsdlhlJgXsIUkg,Jaime Gabaldoni,external-reference,embed_link_and_summarize_only
sDBqpDbxGyg,https://www.youtube.com/watch?v=sDBqpDbxGyg,🔴 En Vivo: RAM 1500 Limited 2026...y un café | Jaime Gabaldoni,2109.0,,streams,https://i.ytimg.com/vi/sDBqpDbxGyg/hqdefault.jpg?sqp=-oaymwEcCNACELwBSFXyq4qpAw4IARUAAIhCGAFwAcABBg==&rs=AOn4CLBEypLyM1C1cTGUIr9GghS0M2AP6w,Jaime Gabaldoni,external-reference,embed_link_and_summarize_only
Q3KBYmk1CX4,https://www.youtube.com/watch?v=Q3KBYmk1CX4,🔴 En Vivo: Infiniti QX60 Sport 2026 y un café | Jaime Gabaldoni,1671.0,,streams,https://i.ytimg.com/vi/Q3KBYmk1CX4/hqdefault.jpg?sqp=-oaymwEcCNACELwBSFXyq4qpAw4IARUAAIhCGAFwAcABBg==&rs=AOn4CLCip50GNuZYwz_pLzC9r7CZtngWfw,Jaime Gabaldoni,external-reference,embed_link_and_summarize_only
UhAmHv5-F6M,https://www.youtube.com/watch?v=UhAmHv5-F6M,🔴 En Vivo: Japan Mobility Show 2025 | Novedades y ESTRENOS desde Tokio | Jaime Gabaldoni,2273.0,,streams,https://i.ytimg.com/vi/UhAmHv5-F6M/hqdefault.jpg?sqp=-oaymwEcCNACELwBSFXyq4qpAw4IARUAAIhCGAFwAcABBg==&rs=AOn4CLDRNwRCpM16peEL2Bq6Gq_j7V7rIQ,Jaime Gabaldoni,external-reference,embed_link_and_summarize_only
a8gExtoyIxU,https://www.youtube.com/watch?v=a8gExtoyIxU,En Vivo: Chevrolet Corvette C8 E-Ray 2026... y un café | Jaime Gabaldoni,1807.0,,streams,https://i.ytimg.com/vi/a8gExtoyIxU/hqdefault.jpg?sqp=-oaymwEcCNACELwBSFXyq4qpAw4IARUAAIhCGAFwAcABBg==&rs=AOn4CLB4JDCtMUv9wM59-jG8F3skga5IMA,Jaime Gabaldoni,external-reference,embed_link_and_summarize_only
ZorwV9T1-JU,https://www.youtube.com/watch?v=ZorwV9T1-JU,En Vivo: Audi A6 Sportback e-tron 2026 – La nueva era eléctrica de lujo | Jaime Gabaldoni,1335.0,,streams,https://i.ytimg.com/vi/ZorwV9T1-JU/hqdefault.jpg?sqp=-oaymwEcCNACELwBSFXyq4qpAw4IARUAAIhCGAFwAcABBg==&rs=AOn4CLD_VFdoIU9oY0uFcjvP2ZYMC8H8Kg,Jaime Gabaldoni,external-reference,embed_link_and_summarize_only
K1f2J240TQg,https://www.youtube.com/watch?v=K1f2J240TQg,En vivo: Infiniti QX80 Sport 2026… y un café ☕ | Jaime Gabaldoni,1903.0,,streams,https://i.ytimg.com/vi/K1f2J240TQg/hqdefault.jpg?sqp=-oaymwEcCNACELwBSFXyq4qpAw4IARUAAIhCGAFwAcABBg==&rs=AOn4CLCxeL64_JPUnsLzxe1CzYVFw0qJBg,Jaime Gabaldoni,external-reference,embed_link_and_summarize_only
az8HlW92c38,https://www.youtube.com/watch?v=az8HlW92c38,"En Vivo: Toyota Corolla FX 2025: Detalles, análisis y preguntas ☕ | Jaime Gabaldoni",1453.0,,streams,https://i.ytimg.com/vi/az8HlW92c38/hqdefault.jpg?sqp=-oaymwEcCNACELwBSFXyq4qpAw4IARUAAIhCGAFwAcABBg==&rs=AOn4CLCfvaWNmdN4NosgH6soR473PTwoeA,Jaime Gabaldoni,external-reference,embed_link_and_summarize_only
AMN0wBWDfrM,https://www.youtube.com/watch?v=AMN0wBWDfrM,En Directo: GMC Sierra EV AT4 2026…y un café,1788.0,,streams,https://i.ytimg.com/vi/AMN0wBWDfrM/hqdefault.jpg?sqp=-oaymwEcCNACELwBSFXyq4qpAw4IARUAAIhCGAFwAcABBg==&rs=AOn4CLB9HYzd1CcXVZe-03VaEgZw22i15Q,Jaime Gabaldoni,external-reference,embed_link_and_summarize_only
oaoKgH02DyM,https://www.youtube.com/watch?v=oaoKgH02DyM,"Mazda CX-5 Turbo Premium AWD 2025 - Detalles, preguntas y un café ☕ | Jaime Gabaldoni",1761.0,,streams,https://i.ytimg.com/vi/oaoKgH02DyM/hqdefault.jpg?sqp=-oaymwEcCNACELwBSFXyq4qpAw4IARUAAIhCGAFwAcABBg==&rs=AOn4CLANtpIhoHODL84OUpwR4kuL8Sp5bQ,Jaime Gabaldoni,external-reference,embed_link_and_summarize_only
Eh6KdVOuppg,https://www.youtube.com/watch?v=Eh6KdVOuppg,En Directo: Dodge Charger Daytona 4 Puertas 2026 | Jaime Gabaldoni,1755.0,,streams,https://i.ytimg.com/vi/Eh6KdVOuppg/hqdefault.jpg?sqp=-oaymwEcCNACELwBSFXyq4qpAw4IARUAAIhCGAFwAcABBg==&rs=AOn4CLAJ-_TQdNXq-KWDMkaW6Ld-NXuOWw,Jaime Gabaldoni,external-reference,embed_link_and_summarize_only
-tXMbPrOZ3M,https://www.youtube.com/watch?v=-tXMbPrOZ3M,En Vivo: Audi Q6 e-tron Quattro 2025 | Jaime Gabaldoni,2184.0,,streams,https://i.ytimg.com/vi/-tXMbPrOZ3M/hqdefault.jpg?sqp=-oaymwEcCNACELwBSFXyq4qpAw4IARUAAIhCGAFwAcABBg==&rs=AOn4CLDS3gDm77YRRlvL1z-Vg-sl8BJ4HQ,Jaime Gabaldoni,external-reference,embed_link_and_summarize_only
V89y9mux9hc,https://www.youtube.com/watch?v=V89y9mux9hc,En Directo: Ford Expedition King Ranch 2025…y un café,1940.0,,streams,https://i.ytimg.com/vi/V89y9mux9hc/hqdefault.jpg?sqp=-oaymwEcCNACELwBSFXyq4qpAw4IARUAAIhCGAFwAcABBg==&rs=AOn4CLCegsU_B6RIbXULB1pQ1C_y4tJDyg,Jaime Gabaldoni,external-reference,embed_link_and_summarize_only
7iPLSO9JFuk,https://www.youtube.com/watch?v=7iPLSO9JFuk,En Vivo: Auto Show Miami 2025 | Todas las Novedades y Estrenos | Jaime Gabaldoni,2550.0,,streams,https://i.ytimg.com/vi/7iPLSO9JFuk/hqdefault.jpg?sqp=-oaymwEcCNACELwBSFXyq4qpAw4IARUAAIhCGAFwAcABBg==&rs=AOn4CLDakRr2oVlKirgNh7m2WEgjLo1F3w,Jaime Gabaldoni,external-reference,embed_link_and_summarize_only
q2UoHUl8bJA,https://www.youtube.com/watch?v=q2UoHUl8bJA,En Directo: Volvo EX30 2025…y un café,1361.0,,streams,https://i.ytimg.com/vi/q2UoHUl8bJA/hqdefault.jpg?sqp=-oaymwEcCNACELwBSFXyq4qpAw4IARUAAIhCGAFwAcABBg==&rs=AOn4CLCLwflVxONvQez0exqTFtYF3k9Jzw,Jaime Gabaldoni,external-reference,embed_link_and_summarize_only
bZFLiwRpqKw,https://www.youtube.com/watch?v=bZFLiwRpqKw,"Volkswagen Tiguan 2025 en Vivo ☕: R-Line, Motor Turbo y Novedades | Jaime Gabaldoni",1394.0,,streams,https://i.ytimg.com/vi/bZFLiwRpqKw/hqdefault.jpg?sqp=-oaymwEcCNACELwBSFXyq4qpAw4IARUAAIhCGAFwAcABBg==&rs=AOn4CLDETGoVCStpSivCDQOy23dqBk0icA,Jaime Gabaldoni,external-reference,embed_link_and_summarize_only
9RgwssZwxWk,https://www.youtube.com/watch?v=9RgwssZwxWk,En Vivo: Lexus NX350h 2025 Luxury AWD ☕ Review y Café | Jaime Gabaldoni,1447.0,,streams,https://i.ytimg.com/vi/9RgwssZwxWk/hqdefault.jpg?sqp=-oaymwEcCNACELwBSFXyq4qpAw4IARUAAIhCGAFwAcABBg==&rs=AOn4CLDvRUwjrt2QPc74Qk65OU90OLh0yw,Jaime Gabaldoni,external-reference,embed_link_and_summarize_only
i1XUN9mNScw,https://www.youtube.com/watch?v=i1XUN9mNScw,En Directo: Nissan Z Performance 2025…y un café,1336.0,,streams,https://i.ytimg.com/vi/i1XUN9mNScw/hqdefault.jpg?sqp=-oaymwEcCNACELwBSFXyq4qpAw4IARUAAIhCGAFwAcABBg==&rs=AOn4CLA3O84Uzw6qGRZR5WQFGEjf6H4RLA,Jaime Gabaldoni,external-reference,embed_link_and_summarize_only
ScHFJsMQUrk,https://www.youtube.com/watch?v=ScHFJsMQUrk,En Directo: Indian Chieftain PowerPlus 2025…y un café,1558.0,,streams,https://i.ytimg.com/vi/ScHFJsMQUrk/hqdefault.jpg?sqp=-oaymwEcCNACELwBSFXyq4qpAw4IARUAAIhCGAFwAcABBg==&rs=AOn4CLBwlY-lg8iV4z6WzAZU3HqVPu0ImQ,Jaime Gabaldoni,external-reference,embed_link_and_summarize_only
D0PXawWPhjw,https://www.youtube.com/watch?v=D0PXawWPhjw,En Directo:  Audi SQ6 e-tron 2025…y un café,1632.0,,streams,https://i.ytimg.com/vi/D0PXawWPhjw/hqdefault.jpg?sqp=-oaymwEcCNACELwBSFXyq4qpAw4IARUAAIhCGAFwAcABBg==&rs=AOn4CLB6shT59Vyc_Smp61todFsBs7_PpQ,Jaime Gabaldoni,external-reference,embed_link_and_summarize_only
kpKOMOgXsuU,https://www.youtube.com/watch?v=kpKOMOgXsuU,En Directo:  Buick Envista Sport Touring 2025…y un café,1348.0,,streams,https://i.ytimg.com/vi/kpKOMOgXsuU/hqdefault.jpg?sqp=-oaymwEcCNACELwBSFXyq4qpAw4IARUAAIhCGAFwAcABBg==&rs=AOn4CLAa0xXYb9Lw0qLlLHZTH9tokgicmg,Jaime Gabaldoni,external-reference,embed_link_and_summarize_only
2t0Fkms74EQ,https://www.youtube.com/watch?v=2t0Fkms74EQ,En Directo:  Lexus LX700h F-Sport 2025…y un café,2222.0,,streams,https://i.ytimg.com/vi/2t0Fkms74EQ/hqdefault.jpg?sqp=-oaymwEcCNACELwBSFXyq4qpAw4IARUAAIhCGAFwAcABBg==&rs=AOn4CLA39-f6Mkv1xJlR1ISi3U0OEERnkA,Jaime Gabaldoni,external-reference,embed_link_and_summarize_only
F4qy_4-2gxs,https://www.youtube.com/watch?v=F4qy_4-2gxs,En Directo: Mazda CX-90 PHEV 2025…y un café,1742.0,,streams,https://i.ytimg.com/vi/F4qy_4-2gxs/hqdefault.jpg?sqp=-oaymwEcCNACELwBSFXyq4qpAw4IARUAAIhCGAFwAcABBg==&rs=AOn4CLCAfzxU3bcFs69Zn8RYhGbrREYLoQ,Jaime Gabaldoni,external-reference,embed_link_and_summarize_only
nzOyy4Ck4RE,https://www.youtube.com/watch?v=nzOyy4Ck4RE,En Directo: Cadillac Optiq AWD  2025…y un café,1201.0,,streams,https://i.ytimg.com/vi/nzOyy4Ck4RE/hqdefault.jpg?sqp=-oaymwEcCNACELwBSFXyq4qpAw4IARUAAIhCGAFwAcABBg==&rs=AOn4CLALcX_ullotw7MFmC_J96afQyceOg,Jaime Gabaldoni,external-reference,embed_link_and_summarize_only
RsI_JZu6Vlo,https://www.youtube.com/watch?v=RsI_JZu6Vlo,En Directo: AUDI SQ7 2025…y un ca,1263.0,,streams,https://i.ytimg.com/vi/RsI_JZu6Vlo/hqdefault.jpg?sqp=-oaymwEcCNACELwBSFXyq4qpAw4IARUAAIhCGAFwAcABBg==&rs=AOn4CLBqs4nsjkrGTvYsJsznPKfcdz8WyA,Jaime Gabaldoni,external-reference,embed_link_and_summarize_only
eFNGg0tLPog,https://www.youtube.com/watch?v=eFNGg0tLPog,En Directo: HYUNDAI IONIQ6 2025…y un café,1249.0,,streams,https://i.ytimg.com/vi/eFNGg0tLPog/hqdefault.jpg?sqp=-oaymwEcCNACELwBSFXyq4qpAw4IARUAAIhCGAFwAcABBg==&rs=AOn4CLDYx-o3eHDyr7FMyz05VchG2w5IyQ,Jaime Gabaldoni,external-reference,embed_link_and_summarize_only
lKL6DECXvM0,https://www.youtube.com/watch?v=lKL6DECXvM0,Lincoln Aviator 2025…y un café,2050.0,,streams,https://i.ytimg.com/vi/lKL6DECXvM0/hqdefault.jpg?sqp=-oaymwEcCNACELwBSFXyq4qpAw4IARUAAIhCGAFwAcABBg==&rs=AOn4CLDB16Qrlye1tzh_YRw5mUIXF1QRZw,Jaime Gabaldoni,external-reference,embed_link_and_summarize_only
jDl4PD9MJ8g,https://www.youtube.com/watch?v=jDl4PD9MJ8g,En Directo:  Aston Martin DB12 Volante 2025…y un café,1681.0,,streams,https://i.ytimg.com/vi/jDl4PD9MJ8g/hqdefault.jpg?sqp=-oaymwEcCNACELwBSFXyq4qpAw4IARUAAIhCGAFwAcABBg==&rs=AOn4CLBbj0sr2MFsNuBdTgWsoT9pGBWnmQ,Jaime Gabaldoni,external-reference,embed_link_and_summarize_only
BVMKYeGPP_w,https://www.youtube.com/watch?v=BVMKYeGPP_w,En Directo:  Jeep Gladiator Willys 2025…y un café,2030.0,,streams,https://i.ytimg.com/vi/BVMKYeGPP_w/hqdefault.jpg?sqp=-oaymwEcCNACELwBSFXyq4qpAw4IARUAAIhCGAFwAcABBg==&rs=AOn4CLA379fsVgV1WPrZ9j0SdobSt1a9cQ,Jaime Gabaldoni,external-reference,embed_link_and_summarize_only
Xwki0hvfWZc,https://www.youtube.com/watch?v=Xwki0hvfWZc,En Directo:  Mercedes-AMG CLE 53 Cabriolet 2025…y un café,1490.0,,streams,https://i.ytimg.com/vi/Xwki0hvfWZc/hqdefault.jpg?sqp=-oaymwEcCNACELwBSFXyq4qpAw4IARUAAIhCGAFwAcABBg==&rs=AOn4CLDsizM6xOpXkMgEFZ-TKLcW3-7H_g,Jaime Gabaldoni,external-reference,embed_link_and_summarize_only
0LnfluDklWw,https://www.youtube.com/watch?v=0LnfluDklWw,En Directo: GMC Sierra EV Denali 2025…y un café,1190.0,,streams,https://i.ytimg.com/vi/0LnfluDklWw/hqdefault.jpg?sqp=-oaymwEcCNACELwBSFXyq4qpAw4IARUAAIhCGAFwAcABBg==&rs=AOn4CLAzb2d2uNN2DOQ6Vly0DbR4p76Axg,Jaime Gabaldoni,external-reference,embed_link_and_summarize_only
niN6j0MYpxs,https://www.youtube.com/watch?v=niN6j0MYpxs,En Directo: New York Auto Show 2025,1703.0,,streams,https://i.ytimg.com/vi/niN6j0MYpxs/hqdefault.jpg?sqp=-oaymwEcCNACELwBSFXyq4qpAw4IARUAAIhCGAFwAcABBg==&rs=AOn4CLAvb1TMmQTfjVFVp8FzHNVYYH7wew,Jaime Gabaldoni,external-reference,embed_link_and_summarize_only
80IbzNH_k5Y,https://www.youtube.com/watch?v=80IbzNH_k5Y,En Directo: Cadillac Escalade IQ 2025…y un café,1526.0,,streams,https://i.ytimg.com/vi/80IbzNH_k5Y/hqdefault.jpg?sqp=-oaymwEcCNACELwBSFXyq4qpAw4IARUAAIhCGAFwAcABBg==&rs=AOn4CLA-erbyFa9OdkmcV_OvWCEo1IM0sw,Jaime Gabaldoni,external-reference,embed_link_and_summarize_only
hGQ3oyjcI_M,https://www.youtube.com/watch?v=hGQ3oyjcI_M,En Directo: RAM 1500 RHO 2025…y un café,1985.0,,streams,https://i.ytimg.com/vi/hGQ3oyjcI_M/hqdefault.jpg?sqp=-oaymwEcCNACELwBSFXyq4qpAw4IARUAAIhCGAFwAcABBg==&rs=AOn4CLD7AHRFbzEZkyS_7EN5vQMsK_-NAg,Jaime Gabaldoni,external-reference,embed_link_and_summarize_only
xQDL08mx_uo,https://www.youtube.com/watch?v=xQDL08mx_uo,En Directo: Bentley Continental GT 2025…y un café,1984.0,,streams,https://i.ytimg.com/vi/xQDL08mx_uo/hqdefault.jpg?sqp=-oaymwEcCNACELwBSFXyq4qpAw4IARUAAIhCGAFwAcABBg==&rs=AOn4CLB9SAJKgWgEgk-tySsPR-xJOGQzzg,Jaime Gabaldoni,external-reference,embed_link_and_summarize_only
zYSiHoK6cfA,https://www.youtube.com/watch?v=zYSiHoK6cfA,En Directo: Nissan Frontier SL LWB 4x4 2025…y un café,1703.0,,streams,https://i.ytimg.com/vi/zYSiHoK6cfA/hqdefault.jpg?sqp=-oaymwEcCNACELwBSFXyq4qpAw4IARUAAIhCGAFwAcABBg==&rs=AOn4CLAHy5DlY_QWEL_V4rasXvsco6A9Ew,Jaime Gabaldoni,external-reference,embed_link_and_summarize_only
Q5aktoEUUGY,https://www.youtube.com/watch?v=Q5aktoEUUGY,En Directo: Chevrolet Suburban HighCountry 2025…y un café,1505.0,,streams,https://i.ytimg.com/vi/Q5aktoEUUGY/hqdefault.jpg?sqp=-oaymwEcCNACELwBSFXyq4qpAw4IARUAAIhCGAFwAcABBg==&rs=AOn4CLBwalI6XCwFvVit0YP2F3k1yD1EGw,Jaime Gabaldoni,external-reference,embed_link_and_summarize_only
JUapzSfLfVs,https://www.youtube.com/watch?v=JUapzSfLfVs,En Directo: Infiniti QX60 2025…y un café,1354.0,,streams,https://i.ytimg.com/vi/JUapzSfLfVs/hqdefault.jpg?sqp=-oaymwEcCNACELwBSFXyq4qpAw4IARUAAIhCGAFwAcABBg==&rs=AOn4CLDe4QbmJf16x-SJYWmpMM7QGblffw,Jaime Gabaldoni,external-reference,embed_link_and_summarize_only
EJ3bgdVq4C8,https://www.youtube.com/watch?v=EJ3bgdVq4C8,En Directo: Maserati MC20 Coupe,385.0,,streams,https://i.ytimg.com/vi/EJ3bgdVq4C8/hqdefault.jpg?sqp=-oaymwEcCNACELwBSFXyq4qpAw4IARUAAIhCGAFwAcABBg==&rs=AOn4CLAGqLoYC_OnnyTphjjlccyvjdx_dA,Jaime Gabaldoni,external-reference,embed_link_and_summarize_only
ZIyBrk0TtTI,https://www.youtube.com/watch?v=ZIyBrk0TtTI,En Directo: BMW 330i Sedan XDrive 2025…y un café,1131.0,,streams,https://i.ytimg.com/vi/ZIyBrk0TtTI/hqdefault.jpg?sqp=-oaymwEcCNACELwBSFXyq4qpAw4IARUAAIhCGAFwAcABBg==&rs=AOn4CLBhttcGlrFxD72HEm1YSeSn1ghGfA,Jaime Gabaldoni,external-reference,embed_link_and_summarize_only
9qToxfzPzCM,https://www.youtube.com/watch?v=9qToxfzPzCM,En Directo: Kia K4 GT-Line 2025…y un café,1208.0,,streams,https://i.ytimg.com/vi/9qToxfzPzCM/hqdefault.jpg?sqp=-oaymwEcCNACELwBSFXyq4qpAw4IARUAAIhCGAFwAcABBg==&rs=AOn4CLAqU3srbOTdIfuCNwFO__64kHLoEg,Jaime Gabaldoni,external-reference,embed_link_and_summarize_only
xmgmj73M4YI,https://www.youtube.com/watch?v=xmgmj73M4YI,En Directo: GMC Yukon 4WD AT4 Ultimate 2025…y un café,1945.0,,streams,https://i.ytimg.com/vi/xmgmj73M4YI/hqdefault.jpg?sqp=-oaymwEcCNACELwBSFXyq4qpAw4IARUAAIhCGAFwAcABBg==&rs=AOn4CLAbhvQN0ewZy6kOmGnQx6sh-3gNyA,Jaime Gabaldoni,external-reference,embed_link_and_summarize_only
e4hO8aFNdQw,https://www.youtube.com/watch?v=e4hO8aFNdQw,En Directo: Dodge Charger Daytona ScatPack 2025…y un café,2429.0,,streams,https://i.ytimg.com/vi/e4hO8aFNdQw/hqdefault.jpg?sqp=-oaymwEcCNACELwBSFXyq4qpAw4IARUAAIhCGAFwAcABBg==&rs=AOn4CLDZBRMGh52yimH0AiKg0kY9I2mKvA,Jaime Gabaldoni,external-reference,embed_link_and_summarize_only
2iSwq5r6ivk,https://www.youtube.com/watch?v=2iSwq5r6ivk,En Directo: JEEP WRANGLER 4XE WILLYS ’41 2025…y un café,1553.0,,streams,https://i.ytimg.com/vi/2iSwq5r6ivk/hqdefault.jpg?sqp=-oaymwEcCNACELwBSFXyq4qpAw4IARUAAIhCGAFwAcABBg==&rs=AOn4CLBdyX7TaoHjrqIasJyAwQG_p8ZuGw,Jaime Gabaldoni,external-reference,embed_link_and_summarize_only
yNFiZd97kWI,https://www.youtube.com/watch?v=yNFiZd97kWI,En Directo: DODGE DURANGO SRT HELLCAT HAMMERHEAD 2025…y un café,1982.0,,streams,https://i.ytimg.com/vi/yNFiZd97kWI/hqdefault.jpg?sqp=-oaymwEcCNACELwBSFXyq4qpAw4IARUAAIhCGAFwAcABBg==&rs=AOn4CLAMEHUnTrPAfUumtCQ84UWz-rUEjw,Jaime Gabaldoni,external-reference,embed_link_and_summarize_only
wDsVR8sIHkI,https://www.youtube.com/watch?v=wDsVR8sIHkI,En Directo: Mercedes-AMG GT63s e Performance 4 Door Coupe 2025…y un café,2046.0,,streams,https://i.ytimg.com/vi/wDsVR8sIHkI/hqdefault.jpg?sqp=-oaymwEcCNACELwBSFXyq4qpAw4IARUAAIhCGAFwAcABBg==&rs=AOn4CLCH7YT3raokylbpunAWDEIR1pyD3A,Jaime Gabaldoni,external-reference,embed_link_and_summarize_only
brQHdeU73fw,https://www.youtube.com/watch?v=brQHdeU73fw,En Directo: CHEVROLET SILVERADO 1500 TRAILBOSS 2025…y un café,2011.0,,streams,https://i.ytimg.com/vi/brQHdeU73fw/hqdefault.jpg?sqp=-oaymwEcCNACELwBSFXyq4qpAw4IARUAAIhCGAFwAcABBg==&rs=AOn4CLDe9439kUYhDcX-RpUQmr8fkh_MWA,Jaime Gabaldoni,external-reference,embed_link_and_summarize_only
R8q5imrhXlo,https://www.youtube.com/watch?v=R8q5imrhXlo,En Directo: NISSAN VERSA SR 2025…y un café,1607.0,,streams,https://i.ytimg.com/vi/R8q5imrhXlo/hqdefault.jpg?sqp=-oaymwEcCNACELwBSFXyq4qpAw4IARUAAIhCGAFwAcABBg==&rs=AOn4CLAaNYkZaWbIDdaw6PHosb8GOoO6Dw,Jaime Gabaldoni,external-reference,embed_link_and_summarize_only
_w2dj2bowCc,https://www.youtube.com/watch?v=_w2dj2bowCc,En Directo: NISSAN KICKS SR 2025…y un café,1580.0,,streams,https://i.ytimg.com/vi/_w2dj2bowCc/hqdefault.jpg?sqp=-oaymwEcCNACELwBSFXyq4qpAw4IARUAAIhCGAFwAcABBg==&rs=AOn4CLC8nrSjR-BFdX7rnLvgwiglP9Vbdw,Jaime Gabaldoni,external-reference,embed_link_and_summarize_only
BurHmpg7nvo,https://www.youtube.com/watch?v=BurHmpg7nvo,Junte en Zoom - Diciembre 2024,2901.0,,streams,https://i.ytimg.com/vi/BurHmpg7nvo/hqdefault.jpg?sqp=-oaymwE2CNACELwBSFXyq4qpAygIARUAAIhCGAFwAcABBvABAfgB_gmAAtAFigIMCAAQARhlIFMoRjAP&rs=AOn4CLDCaQqZj7a9d9GIHE76prY6X6FtSQ,Jaime Gabaldoni,external-reference,embed_link_and_summarize_only
mneXWCeNwcY,https://www.youtube.com/watch?v=mneXWCeNwcY,En Directo: HYUNDAI PALISADE CALLIGRAPHY 2024…y un café,1946.0,,streams,https://i.ytimg.com/vi/mneXWCeNwcY/hqdefault.jpg?sqp=-oaymwEcCNACELwBSFXyq4qpAw4IARUAAIhCGAFwAcABBg==&rs=AOn4CLBVUd2Uit6ZMtkzIollgGEDKO_c7A,Jaime Gabaldoni,external-reference,embed_link_and_summarize_only
2-7jCTv9toM,https://www.youtube.com/watch?v=2-7jCTv9toM,En Directo: INFINITI QX80 AUTOGRAPH 2025…y un café,2000.0,,streams,https://i.ytimg.com/vi/2-7jCTv9toM/hqdefault.jpg?sqp=-oaymwEcCNACELwBSFXyq4qpAw4IARUAAIhCGAFwAcABBg==&rs=AOn4CLBck_6cS9R3Aurz1QlrWLnV_e9yow,Jaime Gabaldoni,external-reference,embed_link_and_summarize_only
e3-LfCx1sQ4,https://www.youtube.com/watch?v=e3-LfCx1sQ4,En Directo: LA Auto Show 2024 con Jaime Gabaldoni,3785.0,,streams,https://i.ytimg.com/vi/e3-LfCx1sQ4/hqdefault.jpg?sqp=-oaymwEcCNACELwBSFXyq4qpAw4IARUAAIhCGAFwAcABBg==&rs=AOn4CLAsDdwb7cbCiOKI4tffSbN2MoLBHA,Jaime Gabaldoni,external-reference,embed_link_and_summarize_only
UlWJ9DghW2w,https://www.youtube.com/watch?v=UlWJ9DghW2w,En Directo: GMC SIERRA 2500 HD ULTIMATE 2025 …y un café,1734.0,,streams,https://i.ytimg.com/vi/UlWJ9DghW2w/hqdefault.jpg?sqp=-oaymwEcCNACELwBSFXyq4qpAw4IARUAAIhCGAFwAcABBg==&rs=AOn4CLAHpelrxKpaPk_UcNNJlL_OgB3zAQ,Jaime Gabaldoni,external-reference,embed_link_and_summarize_only
R0ZMd5vWvHs,https://www.youtube.com/watch?v=R0ZMd5vWvHs,En Directo: FORD MUSTANG MACH-E RALLY 2024…y un café,1702.0,,streams,https://i.ytimg.com/vi/R0ZMd5vWvHs/hqdefault.jpg?sqp=-oaymwEcCNACELwBSFXyq4qpAw4IARUAAIhCGAFwAcABBg==&rs=AOn4CLA4qVEyhfhYhU9i1kvdlbJgYuqsvw,Jaime Gabaldoni,external-reference,embed_link_and_summarize_only
Pme5A8fCiqY,https://www.youtube.com/watch?v=Pme5A8fCiqY,En Directo: SUBARU FORESTER LIMITED 2025…y un café,1680.0,,streams,https://i.ytimg.com/vi/Pme5A8fCiqY/hqdefault.jpg?sqp=-oaymwEcCNACELwBSFXyq4qpAw4IARUAAIhCGAFwAcABBg==&rs=AOn4CLBniYGajg0nzZTSLfVVJEE5YTSDCg,Jaime Gabaldoni,external-reference,embed_link_and_summarize_only
5mIqRiPNInI,https://www.youtube.com/watch?v=5mIqRiPNInI,En Directo: JEEP WRANGLER RUBICON 392 FINAL EDITION 2024…y un café,1963.0,,streams,https://i.ytimg.com/vi/5mIqRiPNInI/hqdefault.jpg?sqp=-oaymwEcCNACELwBSFXyq4qpAw4IARUAAIhCGAFwAcABBg==&rs=AOn4CLD6gm0Wq4UA9kLRSjIPRpRg2zg8Nw,Jaime Gabaldoni,external-reference,embed_link_and_summarize_only
rcrki3Qv76I,https://www.youtube.com/watch?v=rcrki3Qv76I,En Directo: BUICK ENCLAVE SPORT TOURING 2025…y un café,1843.0,,streams,https://i.ytimg.com/vi/rcrki3Qv76I/hqdefault.jpg?sqp=-oaymwEcCNACELwBSFXyq4qpAw4IARUAAIhCGAFwAcABBg==&rs=AOn4CLBUBmlC9pm7rfrZ-pIav5wMcBNUeA,Jaime Gabaldoni,external-reference,embed_link_and_summarize_only
u38d5rguIas,https://www.youtube.com/watch?v=u38d5rguIas,En Directo: BMW 530i 2024…y un café,2011.0,,streams,https://i.ytimg.com/vi/u38d5rguIas/hqdefault.jpg?sqp=-oaymwEcCNACELwBSFXyq4qpAw4IARUAAIhCGAFwAcABBg==&rs=AOn4CLBLsdVIgX0zYFcFkjyx9_XVzkjgZw,Jaime Gabaldoni,external-reference,embed_link_and_summarize_only
J1z2n5xjeSE,https://www.youtube.com/watch?v=J1z2n5xjeSE,En Directo: Hyundai Elantra HEV 2024…y un café,1742.0,,streams,https://i.ytimg.com/vi/J1z2n5xjeSE/hqdefault.jpg?sqp=-oaymwEcCNACELwBSFXyq4qpAw4IARUAAIhCGAFwAcABBg==&rs=AOn4CLD5kEgouRqAJeBRBmIthA7GTHU6yg,Jaime Gabaldoni,external-reference,embed_link_and_summarize_only
MO-zMeP8P7Q,https://www.youtube.com/watch?v=MO-zMeP8P7Q,En Directo: TOYOTA CAMRY XSE 2025…y un café.,2270.0,,streams,https://i.ytimg.com/vi/MO-zMeP8P7Q/hqdefault.jpg?sqp=-oaymwEcCNACELwBSFXyq4qpAw4IARUAAIhCGAFwAcABBg==&rs=AOn4CLCF1vGuqVY3TjXlpLJhsUEa_6kJFA,Jaime Gabaldoni,external-reference,embed_link_and_summarize_only
CbJWJaHsuFc,https://www.youtube.com/watch?v=CbJWJaHsuFc,En Directo: Chevrolet Equinox EV RS 2024…y un café,1583.0,,streams,https://i.ytimg.com/vi/CbJWJaHsuFc/hqdefault.jpg?sqp=-oaymwEcCNACELwBSFXyq4qpAw4IARUAAIhCGAFwAcABBg==&rs=AOn4CLCGtMudGjl9sMggT0oDcizkeid1Wg,Jaime Gabaldoni,external-reference,embed_link_and_summarize_only
cujNDZXeRtE,https://www.youtube.com/watch?v=cujNDZXeRtE,En Directo: Alfa Romeo Stelvio Quadrifoglio 2024…y un café,2016.0,,streams,https://i.ytimg.com/vi/cujNDZXeRtE/hqdefault.jpg?sqp=-oaymwEcCNACELwBSFXyq4qpAw4IARUAAIhCGAFwAcABBg==&rs=AOn4CLD22wovwbpGZBuD8HjzY2l4tcXXfA,Jaime Gabaldoni,external-reference,embed_link_and_summarize_only
31jGKOYQxM8,https://www.youtube.com/watch?v=31jGKOYQxM8,Jaime Gabaldoni's Personal Meeting Room,4010.0,,streams,https://i.ytimg.com/vi/31jGKOYQxM8/hqdefault.jpg?sqp=-oaymwE2CNACELwBSFXyq4qpAygIARUAAIhCGAFwAcABBvABAfgB_gmAAtAFigIMCAAQARhlIE8oTzAP&rs=AOn4CLDH8vHX2fgMsBrLsWIvVL6gyLoKXw,Jaime Gabaldoni,external-reference,embed_link_and_summarize_only
N1G9Z_nZp2Y,https://www.youtube.com/watch?v=N1G9Z_nZp2Y,En Directo: BMW Z4 M40i 2025…y un café,2222.0,,streams,https://i.ytimg.com/vi/N1G9Z_nZp2Y/hqdefault.jpg?sqp=-oaymwEcCNACELwBSFXyq4qpAw4IARUAAIhCGAFwAcABBg==&rs=AOn4CLCIk-VeonSNWftKsnT_rjCRyJ-p-g,Jaime Gabaldoni,external-reference,embed_link_and_summarize_only
5I_oK1LVzm4,https://www.youtube.com/watch?v=5I_oK1LVzm4,En Directo: CHEVROLET TRAX ACTIV 2024…y un café,1590.0,,streams,https://i.ytimg.com/vi/5I_oK1LVzm4/hqdefault.jpg?sqp=-oaymwEcCNACELwBSFXyq4qpAw4IARUAAIhCGAFwAcABBg==&rs=AOn4CLCWkM0iqfObx7Nwaxmk54ezdwIuqA,Jaime Gabaldoni,external-reference,embed_link_and_summarize_only
urJvuHRfjo8,https://www.youtube.com/watch?v=urJvuHRfjo8,LIVE: Driving Through Hurricane Debby,2946.0,,streams,https://i.ytimg.com/vi/urJvuHRfjo8/hqdefault.jpg?sqp=-oaymwEcCNACELwBSFXyq4qpAw4IARUAAIhCGAFwAcABBg==&rs=AOn4CLDRDTZSA-fOlLYCLMGNxdQQ1nC7rg,Jaime Gabaldoni,external-reference,embed_link_and_summarize_only
FKjuiz4AC7w,https://www.youtube.com/watch?v=FKjuiz4AC7w,En Directo: MERCEDES-BENZ EQB 2024…y un café,1382.0,,streams,https://i.ytimg.com/vi/FKjuiz4AC7w/hqdefault.jpg?sqp=-oaymwEcCNACELwBSFXyq4qpAw4IARUAAIhCGAFwAcABBg==&rs=AOn4CLBCR4vtKNqOZn6eEi7rLYIhuG-m2A,Jaime Gabaldoni,external-reference,embed_link_and_summarize_only
EfWFq0RzoT8,https://www.youtube.com/watch?v=EfWFq0RzoT8,En Directo: BUICK ENCORE GX SPORT TOURING 2024…y un café,1611.0,,streams,https://i.ytimg.com/vi/EfWFq0RzoT8/hqdefault.jpg?sqp=-oaymwEcCNACELwBSFXyq4qpAw4IARUAAIhCGAFwAcABBg==&rs=AOn4CLBspFRA42x2AXulFvvGowNjOpnlxg,Jaime Gabaldoni,external-reference,embed_link_and_summarize_only
oQ55YeDykSk,https://www.youtube.com/watch?v=oQ55YeDykSk,En Directo: VOLVO V60 CROSS COUNTRY B5 AWD 2024…y un café,1684.0,,streams,https://i.ytimg.com/vi/oQ55YeDykSk/hqdefault.jpg?sqp=-oaymwEcCNACELwBSFXyq4qpAw4IARUAAIhCGAFwAcABBg==&rs=AOn4CLBArJX1NdmK3B3tiEVNCS0xnqEqdA,Jaime Gabaldoni,external-reference,embed_link_and_summarize_only
ODAR4nicYrI,https://www.youtube.com/watch?v=ODAR4nicYrI,En Directo: KIA EV9 GT-Line 2024…y un café,1934.0,,streams,https://i.ytimg.com/vi/ODAR4nicYrI/hqdefault.jpg?sqp=-oaymwEcCNACELwBSFXyq4qpAw4IARUAAIhCGAFwAcABBg==&rs=AOn4CLDGI_qAWCcEGhFo9_1hMaxMPQiu4Q,Jaime Gabaldoni,external-reference,embed_link_and_summarize_only
iHbGQ6PmSvs,https://www.youtube.com/watch?v=iHbGQ6PmSvs,En Directo: HYUNDAI IONIQ 5 DISNEY 100 2024…y un café,1731.0,,streams,https://i.ytimg.com/vi/iHbGQ6PmSvs/hqdefault.jpg?sqp=-oaymwEcCNACELwBSFXyq4qpAw4IARUAAIhCGAFwAcABBg==&rs=AOn4CLBpVIsNvF1EjWXHxO66-Js0ZfE68A,Jaime Gabaldoni,external-reference,embed_link_and_summarize_only
z9htvrESvio,https://www.youtube.com/watch?v=z9htvrESvio,En Directo: HONDA PASSPORT TRAILSPORT 2024…y un café,1635.0,,streams,https://i.ytimg.com/vi/z9htvrESvio/hqdefault.jpg?sqp=-oaymwEcCNACELwBSFXyq4qpAw4IARUAAIhCGAFwAcABBg==&rs=AOn4CLA7JOpw3-1XEdWWL31mgyOOie3iHQ,Jaime Gabaldoni,external-reference,embed_link_and_summarize_only
QBuDoanrWgs,https://www.youtube.com/watch?v=QBuDoanrWgs,En Directo: NISSAN SENTRA SR 2024…y un café,1628.0,,streams,https://i.ytimg.com/vi/QBuDoanrWgs/hqdefault.jpg?sqp=-oaymwEcCNACELwBSFXyq4qpAw4IARUAAIhCGAFwAcABBg==&rs=AOn4CLDauV5qS5gAPQIA-I3mzC4j-_XrVg,Jaime Gabaldoni,external-reference,embed_link_and_summarize_only
uiODK-06CU4,https://www.youtube.com/watch?v=uiODK-06CU4,En Directo: GENESIS ELECTRIFIED GV70 2024…y un café,2033.0,,streams,https://i.ytimg.com/vi/uiODK-06CU4/hqdefault.jpg?sqp=-oaymwEcCNACELwBSFXyq4qpAw4IARUAAIhCGAFwAcABBg==&rs=AOn4CLA7cBoxlwBl68DEo3EnrNZ1SZnYkQ,Jaime Gabaldoni,external-reference,embed_link_and_summarize_only
AdEfi4w6iBI,https://www.youtube.com/watch?v=AdEfi4w6iBI,En Directo: DODGE HORNET R/T 2024…y un café,1708.0,,streams,https://i.ytimg.com/vi/AdEfi4w6iBI/hqdefault.jpg?sqp=-oaymwEcCNACELwBSFXyq4qpAw4IARUAAIhCGAFwAcABBg==&rs=AOn4CLDRBG9urhRB-25cehdIPWvtsRu-2A,Jaime Gabaldoni,external-reference,embed_link_and_summarize_only
BbsnwQiu4PA,https://www.youtube.com/watch?v=BbsnwQiu4PA,En Directo: LINCOLN NAUTILUS BLACK LABEL 2024…y un café,1653.0,,streams,https://i.ytimg.com/vi/BbsnwQiu4PA/hqdefault.jpg?sqp=-oaymwEcCNACELwBSFXyq4qpAw4IARUAAIhCGAFwAcABBg==&rs=AOn4CLCWZrJoor5aqA2Dd7cQ9-FDifegHw,Jaime Gabaldoni,external-reference,embed_link_and_summarize_only
jeP0uu7nPkw,https://www.youtube.com/watch?v=jeP0uu7nPkw,En Directo: ALFA ROMEO GIULIA VELOCE 2024…y un café,2461.0,,streams,https://i.ytimg.com/vi/jeP0uu7nPkw/hqdefault.jpg?sqp=-oaymwEcCNACELwBSFXyq4qpAw4IARUAAIhCGAFwAcABBg==&rs=AOn4CLCtATN84BcKyV7rD6BXlNaPes-7Rg,Jaime Gabaldoni,external-reference,embed_link_and_summarize_only
FO-7CfgJN_E,https://www.youtube.com/watch?v=FO-7CfgJN_E,En Directo desde Detroit,1827.0,,streams,https://i.ytimg.com/vi/FO-7CfgJN_E/hqdefault.jpg?sqp=-oaymwE2CNACELwBSFXyq4qpAygIARUAAIhCGAFwAcABBvABAfgB_gmAAtAFigIMCAAQARhyIEwoQTAP&rs=AOn4CLA8mONx35EbCRzgIrOCE8LJE3fgBw,Jaime Gabaldoni,external-reference,embed_link_and_summarize_only
qUk8bhAsHTg,https://www.youtube.com/watch?v=qUk8bhAsHTg,En Directo: CHEVROLET BLAZER EV 2024…y un café,1487.0,,streams,https://i.ytimg.com/vi/qUk8bhAsHTg/hqdefault.jpg?sqp=-oaymwEcCNACELwBSFXyq4qpAw4IARUAAIhCGAFwAcABBg==&rs=AOn4CLDnPcGr7jKGY-b1rdjzUZm7rK6H1g,Jaime Gabaldoni,external-reference,embed_link_and_summarize_only
-wekn29ROLU,https://www.youtube.com/watch?v=-wekn29ROLU,Junte en vivo via Zoom con los Sospechosos Comunes - Abril 2024,5631.0,,streams,https://i.ytimg.com/vi/-wekn29ROLU/hqdefault.jpg?sqp=-oaymwE2CNACELwBSFXyq4qpAygIARUAAIhCGAFwAcABBvABAfgB_gmAAtAFigIMCAAQARhlIEwoTzAP&rs=AOn4CLCpS3_12m4x5H2YD6b7aOW0RT6-7Q,Jaime Gabaldoni,external-reference,embed_link_and_summarize_only
dCy4NSuXeTQ,https://www.youtube.com/watch?v=dCy4NSuXeTQ,En Directo: FIAT 500e 2024…y un café,1828.0,,streams,https://i.ytimg.com/vi/dCy4NSuXeTQ/hqdefault.jpg?sqp=-oaymwEcCNACELwBSFXyq4qpAw4IARUAAIhCGAFwAcABBg==&rs=AOn4CLBAX7j0hp7EcDJrUARX_XNp5LhCow,Jaime Gabaldoni,external-reference,embed_link_and_summarize_only
JUT5__27xWg,https://www.youtube.com/watch?v=JUT5__27xWg,En Directo: CHEVROLET CORVETTE E-RAY 2024…y un café,2184.0,,streams,https://i.ytimg.com/vi/JUT5__27xWg/hqdefault.jpg?sqp=-oaymwEcCNACELwBSFXyq4qpAw4IARUAAIhCGAFwAcABBg==&rs=AOn4CLC075dkPHwEGXhHB0YJl_vlWfjbvw,Jaime Gabaldoni,external-reference,embed_link_and_summarize_only
KNBfSxH8t68,https://www.youtube.com/watch?v=KNBfSxH8t68,En Directo: NISSAN ARIYA 2024…y un café,2475.0,,streams,https://i.ytimg.com/vi/KNBfSxH8t68/hqdefault.jpg?sqp=-oaymwEcCNACELwBSFXyq4qpAw4IARUAAIhCGAFwAcABBg==&rs=AOn4CLB1K1D0tVYFSQLxS9B57FWoxYDu5Q,Jaime Gabaldoni,external-reference,embed_link_and_summarize_only
oPeMFyTD2i4,https://www.youtube.com/watch?v=oPeMFyTD2i4,En Directo: Ford Maverick Hybrid 2024…y un café,2470.0,,streams,https://i.ytimg.com/vi/oPeMFyTD2i4/hqdefault.jpg?sqp=-oaymwEcCNACELwBSFXyq4qpAw4IARUAAIhCGAFwAcABBg==&rs=AOn4CLAlEPxo0UhukhmZmPfOLKwlsO9Y_w,Jaime Gabaldoni,external-reference,embed_link_and_summarize_only
ZEmSjz3XgEI,https://www.youtube.com/watch?v=ZEmSjz3XgEI,En Directo: Lexus IS500 2024…y un café,2434.0,,streams,https://i.ytimg.com/vi/ZEmSjz3XgEI/hqdefault.jpg?sqp=-oaymwEcCNACELwBSFXyq4qpAw4IARUAAIhCGAFwAcABBg==&rs=AOn4CLAS61DkoHXzzD8vZ6gfXnMMZBi7nA,Jaime Gabaldoni,external-reference,embed_link_and_summarize_only
DGnEIs2OEq0,https://www.youtube.com/watch?v=DGnEIs2OEq0,En Directo: KIA EV9 2024…y un café,2891.0,,streams,https://i.ytimg.com/vi/DGnEIs2OEq0/hqdefault.jpg?sqp=-oaymwEcCNACELwBSFXyq4qpAw4IARUAAIhCGAFwAcABBg==&rs=AOn4CLApYpSKLdvLHhfMIEPsbPbnkcaDlA,Jaime Gabaldoni,external-reference,embed_link_and_summarize_only
chcGzK-vpPA,https://www.youtube.com/watch?v=chcGzK-vpPA,En Directo: TOYOTA COROLLA CROSS HYBRID 2024…y un café,2459.0,,streams,https://i.ytimg.com/vi/chcGzK-vpPA/hqdefault.jpg?sqp=-oaymwEcCNACELwBSFXyq4qpAw4IARUAAIhCGAFwAcABBg==&rs=AOn4CLDqSJwg2jDMUjtUPltUaKqLUGySnA,Jaime Gabaldoni,external-reference,embed_link_and_summarize_only
tP17BN6A75g,https://www.youtube.com/watch?v=tP17BN6A75g,En Directo: MAZDA CX-50 2024…y un café,1790.0,,streams,https://i.ytimg.com/vi/tP17BN6A75g/hqdefault.jpg?sqp=-oaymwEcCNACELwBSFXyq4qpAw4IARUAAIhCGAFwAcABBg==&rs=AOn4CLC_3zUqs4Ip9Q-FRLtBtMlmOeS8bg,Jaime Gabaldoni,external-reference,embed_link_and_summarize_only
UlB_noCZ3kY,https://www.youtube.com/watch?v=UlB_noCZ3kY,En Directo: RANGE ROVER VELAR P400 DYNAMIC SE 2024…y un café,2341.0,,streams,https://i.ytimg.com/vi/UlB_noCZ3kY/hqdefault.jpg?sqp=-oaymwEcCNACELwBSFXyq4qpAw4IARUAAIhCGAFwAcABBg==&rs=AOn4CLCm7C0mPCCl3sDW38ntaS_Yb1V_Iw,Jaime Gabaldoni,external-reference,embed_link_and_summarize_only
yEJOBX5wv8U,https://www.youtube.com/watch?v=yEJOBX5wv8U,En Directo: GMC SIERRA 2500HD AT4X AEV 2024…y un café,2475.0,,streams,https://i.ytimg.com/vi/yEJOBX5wv8U/hqdefault.jpg?sqp=-oaymwEcCNACELwBSFXyq4qpAw4IARUAAIhCGAFwAcABBg==&rs=AOn4CLCRw8p1Ttmksp7slNisDxFVH9NqbA,Jaime Gabaldoni,external-reference,embed_link_and_summarize_only
pDBUzrhbIi8,https://www.youtube.com/watch?v=pDBUzrhbIi8,En Directo: VOLKSWAGEN ATLAS / TERAMONT SE FWD 2024…y un café,2444.0,,streams,https://i.ytimg.com/vi/pDBUzrhbIi8/hqdefault.jpg?sqp=-oaymwEcCNACELwBSFXyq4qpAw4IARUAAIhCGAFwAcABBg==&rs=AOn4CLAnaIF93TBAtA66481HqoPxApyBNg,Jaime Gabaldoni,external-reference,embed_link_and_summarize_only
mn4ajbjcdnE,https://www.youtube.com/watch?v=mn4ajbjcdnE,En Directo: Volvo C40 Recharge Single Ultimate 2024…y un café,2410.0,,streams,https://i.ytimg.com/vi/mn4ajbjcdnE/hqdefault.jpg?sqp=-oaymwEcCNACELwBSFXyq4qpAw4IARUAAIhCGAFwAcABBg==&rs=AOn4CLBIks62H_t8Yr6ktMYiPZOS9PhXQg,Jaime Gabaldoni,external-reference,embed_link_and_summarize_only
pp-_tm_ApsY,https://www.youtube.com/watch?v=pp-_tm_ApsY,En Directo: NISSAN GT-R (R35) 2023 junto a Jaime Gabaldoni…y un café,2814.0,,streams,https://i.ytimg.com/vi/pp-_tm_ApsY/hqdefault.jpg?sqp=-oaymwEcCNACELwBSFXyq4qpAw4IARUAAIhCGAFwAcABBg==&rs=AOn4CLDXcUfLEPCETKmN0a0Icn6nM69GnA,Jaime Gabaldoni,external-reference,embed_link_and_summarize_only
0PdeqkB9cF4,https://www.youtube.com/watch?v=0PdeqkB9cF4,"LIVESTREAM: Lanzamiento Rivian R2, R3 y R3X 2026",2590.0,,streams,https://i.ytimg.com/vi/0PdeqkB9cF4/hqdefault.jpg?sqp=-oaymwEcCNACELwBSFXyq4qpAw4IARUAAIhCGAFwAcABBg==&rs=AOn4CLDj9KmmGdjvBLTFxvca-qNUPcF1mg,Jaime Gabaldoni,external-reference,embed_link_and_summarize_only
_9BSMJY4j8A,https://www.youtube.com/watch?v=_9BSMJY4j8A,En Directo: GMC SIERRA 1500 CREW DENALI 2024 junto a Jaime Gabaldoni…y un café,3194.0,,streams,https://i.ytimg.com/vi/_9BSMJY4j8A/hqdefault.jpg?sqp=-oaymwEcCNACELwBSFXyq4qpAw4IARUAAIhCGAFwAcABBg==&rs=AOn4CLA_9EkCjUuxaGbqc_da9GL4FFvPCA,Jaime Gabaldoni,external-reference,embed_link_and_summarize_only
fTxIapnZYFA,https://www.youtube.com/watch?v=fTxIapnZYFA,SUPER CARROS DE TODA ÉPOCA EN MIAMI,988.0,,streams,https://i.ytimg.com/vi/fTxIapnZYFA/hqdefault.jpg?sqp=-oaymwE2CNACELwBSFXyq4qpAygIARUAAIhCGAFwAcABBvABAfgB_gmAAtAFigIMCAAQARhlIFwoRzAP&rs=AOn4CLAaKrJMLBiPCy2b1SdB68lO_MWfbA,Jaime Gabaldoni,external-reference,embed_link_and_summarize_only
UmH4Y_74iok,https://www.youtube.com/watch?v=UmH4Y_74iok,Jaime Gabaldoni is live!,1298.0,,streams,https://i.ytimg.com/vi/UmH4Y_74iok/hqdefault.jpg?sqp=-oaymwEcCNACELwBSFXyq4qpAw4IARUAAIhCGAFwAcABBg==&rs=AOn4CLBGqiHXFQw2K3mLlEVt3RCEubURyA,Jaime Gabaldoni,external-reference,embed_link_and_summarize_only
2SLtBaua5Ks,https://www.youtube.com/watch?v=2SLtBaua5Ks,En Directo: AUDI S5 SPORTBACK 2024 junto a Jaime Gabaldoni…y un café,2794.0,,streams,https://i.ytimg.com/vi/2SLtBaua5Ks/hqdefault.jpg?sqp=-oaymwEcCNACELwBSFXyq4qpAw4IARUAAIhCGAFwAcABBg==&rs=AOn4CLDdPXABo9qonxEg2pqI8GHZJtqRGQ,Jaime Gabaldoni,external-reference,embed_link_and_summarize_only
Wl5IrvzzCgA,https://www.youtube.com/watch?v=Wl5IrvzzCgA,En Directo: GENESIS GV60 PERFORMANCE 2024 junto a Jaime Gabaldoni…y un café,2244.0,,streams,https://i.ytimg.com/vi/Wl5IrvzzCgA/hqdefault.jpg?sqp=-oaymwEcCNACELwBSFXyq4qpAw4IARUAAIhCGAFwAcABBg==&rs=AOn4CLC5qpxc6Fe5Hfpd5FXGAtrlG0z7hw,Jaime Gabaldoni,external-reference,embed_link_and_summarize_only
3QXZHxCBoPE,https://www.youtube.com/watch?v=3QXZHxCBoPE,En Directo: NISSAN VERSA SR 2024 junto a Jaime Gabaldoni…y un café,2245.0,,streams,https://i.ytimg.com/vi/3QXZHxCBoPE/hqdefault.jpg?sqp=-oaymwEcCNACELwBSFXyq4qpAw4IARUAAIhCGAFwAcABBg==&rs=AOn4CLAkqvrOZAQY8eMolT6eb9s8aNrAVw,Jaime Gabaldoni,external-reference,embed_link_and_summarize_only
ITIchXU4kWM,https://www.youtube.com/watch?v=ITIchXU4kWM,En Directo: HYUNDAI TUCSON PHEV 2024 junto a Jaime Gabaldoni…y un café,2125.0,,streams,https://i.ytimg.com/vi/ITIchXU4kWM/hqdefault.jpg?sqp=-oaymwEcCNACELwBSFXyq4qpAw4IARUAAIhCGAFwAcABBg==&rs=AOn4CLDOTYlc_5m8IHhfQNnSL28L66RwaQ,Jaime Gabaldoni,external-reference,embed_link_and_summarize_only
6VCOvSVc7Bs,https://www.youtube.com/watch?v=6VCOvSVc7Bs,En Directo: MAZDA 3 TURBO SEDAN 2024 junto a Jaime Gabaldoni…y un café,2594.0,,streams,https://i.ytimg.com/vi/6VCOvSVc7Bs/hqdefault.jpg?sqp=-oaymwEcCNACELwBSFXyq4qpAw4IARUAAIhCGAFwAcABBg==&rs=AOn4CLBnE2PVzSLs5KDgNrK1mLJBo30z0A,Jaime Gabaldoni,external-reference,embed_link_and_summarize_only
AsN3_b9P0Lc,https://www.youtube.com/watch?v=AsN3_b9P0Lc,En Directo: MERCEDES-AMG GLS 63 4MATIC 2024 junto a Jaime Gabaldoni…y un café,3386.0,,streams,https://i.ytimg.com/vi/AsN3_b9P0Lc/hqdefault.jpg?sqp=-oaymwEcCNACELwBSFXyq4qpAw4IARUAAIhCGAFwAcABBg==&rs=AOn4CLD-yZDSGGAd5MX5PHN9BjrDvoNVwg,Jaime Gabaldoni,external-reference,embed_link_and_summarize_only
shjkxn0g7S0,https://www.youtube.com/watch?v=shjkxn0g7S0,En Directo: TOYOTA LAND CRUISER / PRADO 2024 | Chicago Auto Show 2024,929.0,,streams,https://i.ytimg.com/vi/shjkxn0g7S0/hqdefault.jpg?sqp=-oaymwEcCNACELwBSFXyq4qpAw4IARUAAIhCGAFwAcABBg==&rs=AOn4CLDEzRsSvrWwcrLMpH5pwYDSTPEibg,Jaime Gabaldoni,external-reference,embed_link_and_summarize_only
PkSCe-eSIJs,https://www.youtube.com/watch?v=PkSCe-eSIJs,En Directo: Supercars en el Auto Show de Chicago 2024,2304.0,,streams,https://i.ytimg.com/vi/PkSCe-eSIJs/hqdefault.jpg?sqp=-oaymwEcCNACELwBSFXyq4qpAw4IARUAAIhCGAFwAcABBg==&rs=AOn4CLANo_x8BlXiwH5HzJMFROG085ibnA,Jaime Gabaldoni,external-reference,embed_link_and_summarize_only
Jxs7qVbqXcQ,https://www.youtube.com/watch?v=Jxs7qVbqXcQ,En Directo: Cadillac Escalade IQ 2025 | Chicago Auto Show 2024,998.0,,streams,https://i.ytimg.com/vi/Jxs7qVbqXcQ/hqdefault.jpg?sqp=-oaymwEcCNACELwBSFXyq4qpAw4IARUAAIhCGAFwAcABBg==&rs=AOn4CLAljH_YbN9r9sdUw1VqQUMcqBpVBg,Jaime Gabaldoni,external-reference,embed_link_and_summarize_only
60ZDiBJ4nQU,https://www.youtube.com/watch?v=60ZDiBJ4nQU,En Directo: KIA Carnival HEV 2025 // Chicago Auto Show 2024,744.0,,streams,https://i.ytimg.com/vi/60ZDiBJ4nQU/hqdefault.jpg?sqp=-oaymwEcCNACELwBSFXyq4qpAw4IARUAAIhCGAFwAcABBg==&rs=AOn4CLB7EoRMmlP5hOD8jZjAXHcLSIbIeA,Jaime Gabaldoni,external-reference,embed_link_and_summarize_only
c7_WLo91rJk,https://www.youtube.com/watch?v=c7_WLo91rJk,En Directo: KIA K5 2025 // Chicago Auto Show 2024,892.0,,streams,https://i.ytimg.com/vi/c7_WLo91rJk/hqdefault.jpg?sqp=-oaymwEcCNACELwBSFXyq4qpAw4IARUAAIhCGAFwAcABBg==&rs=AOn4CLB6CaEyttLQYZopsHf8OqMzEtAKTg,Jaime Gabaldoni,external-reference,embed_link_and_summarize_only
n4AqfDyPO50,https://www.youtube.com/watch?v=n4AqfDyPO50,En Directo: BMW M2 2024 con Jaime Gabaldoni y un café,3174.0,,streams,https://i.ytimg.com/vi/n4AqfDyPO50/hqdefault.jpg?sqp=-oaymwEcCNACELwBSFXyq4qpAw4IARUAAIhCGAFwAcABBg==&rs=AOn4CLDxbk-ocgFc_1TTMR0PVfm8FSvEIw,Jaime Gabaldoni,external-reference,embed_link_and_summarize_only
h2NBgzaDwwo,https://www.youtube.com/watch?v=h2NBgzaDwwo,En Directo: Chevrolet Silverado HD 2500 ZR2 AEV Bison 2024 con Jaime Gabaldoni y un café,2655.0,,streams,https://i.ytimg.com/vi/h2NBgzaDwwo/hqdefault.jpg?sqp=-oaymwEcCNACELwBSFXyq4qpAw4IARUAAIhCGAFwAcABBg==&rs=AOn4CLBurL-ng5ckcOTfzEvYeuxu3l3dEQ,Jaime Gabaldoni,external-reference,embed_link_and_summarize_only
ivP8fkKv-Ho,https://www.youtube.com/watch?v=ivP8fkKv-Ho,En Directo: Dodge Challenger Swinger con Jaime Gabaldoni y un café,2289.0,,streams,https://i.ytimg.com/vi/ivP8fkKv-Ho/hqdefault.jpg?sqp=-oaymwEcCNACELwBSFXyq4qpAw4IARUAAIhCGAFwAcABBg==&rs=AOn4CLCnpqsrKR5EOSsPN4mJranu-pO2hQ,Jaime Gabaldoni,external-reference,embed_link_and_summarize_only
dLLdtKVoJh0,https://www.youtube.com/watch?v=dLLdtKVoJh0,En Directo: Jaguar F-Type R 75 Convertible 2024 con Jaime Gabaldoni y un café,2145.0,,streams,https://i.ytimg.com/vi/dLLdtKVoJh0/hqdefault.jpg?sqp=-oaymwEcCNACELwBSFXyq4qpAw4IARUAAIhCGAFwAcABBg==&rs=AOn4CLC_cWN0zPOrly_AFl4g60Hwqz_myQ,Jaime Gabaldoni,external-reference,embed_link_and_summarize_only
Ph89ep4q25Y,https://www.youtube.com/watch?v=Ph89ep4q25Y,CES 2024: Mercedes-Benz Concept CLA,806.0,,streams,https://i.ytimg.com/vi/Ph89ep4q25Y/hqdefault.jpg?sqp=-oaymwEcCNACELwBSFXyq4qpAw4IARUAAIhCGAFwAcABBg==&rs=AOn4CLBdl4dzGAVvUs3a13iV1HS9dpwkww,Jaime Gabaldoni,external-reference,embed_link_and_summarize_only
EWrVcDDAipA,https://www.youtube.com/watch?v=EWrVcDDAipA,CES 2024: Vinfast Wild Concept,488.0,,streams,https://i.ytimg.com/vi/EWrVcDDAipA/hqdefault.jpg?sqp=-oaymwEcCNACELwBSFXyq4qpAw4IARUAAIhCGAFwAcABBg==&rs=AOn4CLCv33VSSiF2EAf9LBNWVzuAa-p4nA,Jaime Gabaldoni,external-reference,embed_link_and_summarize_only
VDhsWfroZDA,https://www.youtube.com/watch?v=VDhsWfroZDA,En Directo: Nissan Z NISMO 2024 con Jaime Gabaldoni y un café,2012.0,,streams,https://i.ytimg.com/vi/VDhsWfroZDA/hqdefault.jpg?sqp=-oaymwEcCNACELwBSFXyq4qpAw4IARUAAIhCGAFwAcABBg==&rs=AOn4CLAxyQgyvjjaESZFoGOnoXTqAEfPTw,Jaime Gabaldoni,external-reference,embed_link_and_summarize_only
Nj51DnrVtIw,https://www.youtube.com/watch?v=Nj51DnrVtIw,En Directo: Reunion Sospechosos Comunes Diciembre 2023,6808.0,,streams,https://i.ytimg.com/vi/Nj51DnrVtIw/hqdefault.jpg?sqp=-oaymwE2CNACELwBSFXyq4qpAygIARUAAIhCGAFwAcABBvABAfgB_gmAAtAFigIMCAAQARhFIFkoZTAP&rs=AOn4CLDrPCIfiZiisHhECYuQk8_KcV_dbg,Jaime Gabaldoni,external-reference,embed_link_and_summarize_only
Py1PCZfBtx8,https://www.youtube.com/watch?v=Py1PCZfBtx8,En Directo: Chevrolet Corvette Z06 2024 con Jaime Gabaldoni y un café,3000.0,,streams,https://i.ytimg.com/vi/Py1PCZfBtx8/hqdefault.jpg?sqp=-oaymwEcCNACELwBSFXyq4qpAw4IARUAAIhCGAFwAcABBg==&rs=AOn4CLAAAteU8Q9-xKGoPjYGsBBOk2UVNQ,Jaime Gabaldoni,external-reference,embed_link_and_summarize_only
_7pjfgmGMZY,https://www.youtube.com/watch?v=_7pjfgmGMZY,En Directo: Chevrolet Suburban High Country 2023 con Jaime Gabaldoni y un café,2625.0,,streams,https://i.ytimg.com/vi/_7pjfgmGMZY/hqdefault.jpg?sqp=-oaymwEcCNACELwBSFXyq4qpAw4IARUAAIhCGAFwAcABBg==&rs=AOn4CLD5R4vPe0NeMXovEf9ULh42GzF46Q,Jaime Gabaldoni,external-reference,embed_link_and_summarize_only
5Q41yJJtIfc,https://www.youtube.com/watch?v=5Q41yJJtIfc,En Directo: Hyundai Santa Cruz XRT 2024 junto a Jaime Gabaldoni….y un café,2230.0,,streams,https://i.ytimg.com/vi/5Q41yJJtIfc/hqdefault.jpg?sqp=-oaymwEcCNACELwBSFXyq4qpAw4IARUAAIhCGAFwAcABBg==&rs=AOn4CLAkLFxFfjnibD7MyGs6HdF9p_PjtA,Jaime Gabaldoni,external-reference,embed_link_and_summarize_only
JK0IFYW17No,https://www.youtube.com/watch?v=JK0IFYW17No,En Directo: Chevrolet Trax 2024 junto a Jaime Gabaldoni,1365.0,,streams,https://i.ytimg.com/vi/JK0IFYW17No/hqdefault.jpg?sqp=-oaymwEcCNACELwBSFXyq4qpAw4IARUAAIhCGAFwAcABBg==&rs=AOn4CLCLKOQOdsg0gRo4kaRB4G3Zz-P8ug,Jaime Gabaldoni,external-reference,embed_link_and_summarize_only
s-0RogZRtEA,https://www.youtube.com/watch?v=s-0RogZRtEA,En Directo: Chevrolet Blazer EV 2024 junto a Jaime Gabaldoni,1703.0,,streams,https://i.ytimg.com/vi/s-0RogZRtEA/hqdefault.jpg?sqp=-oaymwEcCNACELwBSFXyq4qpAw4IARUAAIhCGAFwAcABBg==&rs=AOn4CLAEY6qhqMmskVheLz_nQwTK86mXXQ,Jaime Gabaldoni,external-reference,embed_link_and_summarize_only
ZSOkt_yobZU,https://www.youtube.com/watch?v=ZSOkt_yobZU,En Directo: Chevrolet Silverado 2500 HD ZR2 2024 con Jaime Gabaldoni y un café,2310.0,,streams,https://i.ytimg.com/vi/ZSOkt_yobZU/hqdefault.jpg?sqp=-oaymwEcCNACELwBSFXyq4qpAw4IARUAAIhCGAFwAcABBg==&rs=AOn4CLDaZJpE2Rx09Fr6BuKa79IJTaIxyw,Jaime Gabaldoni,external-reference,embed_link_and_summarize_only
TZtZpHhxLM0,https://www.youtube.com/watch?v=TZtZpHhxLM0,En Directo: Maserati Levante Trofeo 2023 junto a Jaime Gabaldoni…y un café,2960.0,,streams,https://i.ytimg.com/vi/TZtZpHhxLM0/hqdefault.jpg?sqp=-oaymwEcCNACELwBSFXyq4qpAw4IARUAAIhCGAFwAcABBg==&rs=AOn4CLCL-TUMvRrx8YHxccZqM-C5r-skyQ,Jaime Gabaldoni,external-reference,embed_link_and_summarize_only
BoWNN-Hx3zI,https://www.youtube.com/watch?v=BoWNN-Hx3zI,En Directo: Lexus RC350 F Sport 2023 con Jaime Gabaldoni y un café,2340.0,,streams,https://i.ytimg.com/vi/BoWNN-Hx3zI/hqdefault.jpg?sqp=-oaymwEcCNACELwBSFXyq4qpAw4IARUAAIhCGAFwAcABBg==&rs=AOn4CLAtUJvGj7BV7jaEZgRkPyTuiX1jSA,Jaime Gabaldoni,external-reference,embed_link_and_summarize_only
q6CM4fyzzkw,https://www.youtube.com/watch?v=q6CM4fyzzkw,En Directo: KIA Sorento Hybrid 2023 con Jaime Gabaldoni y un café,2659.0,,streams,https://i.ytimg.com/vi/q6CM4fyzzkw/hqdefault.jpg?sqp=-oaymwEcCNACELwBSFXyq4qpAw4IARUAAIhCGAFwAcABBg==&rs=AOn4CLB7uOb45GK3yAo53lyNDdZsRGBfqQ,Jaime Gabaldoni,external-reference,embed_link_and_summarize_only
OStIMuJHGr0,https://www.youtube.com/watch?v=OStIMuJHGr0,En Directo: Le compré su primer carro a mi hijo…y un café con Jaime Gabaldoni,2604.0,,streams,https://i.ytimg.com/vi/OStIMuJHGr0/hqdefault.jpg?sqp=-oaymwEcCNACELwBSFXyq4qpAw4IARUAAIhCGAFwAcABBg==&rs=AOn4CLA2xkjUhGQfy5iCBH7_VYVb1zmkTQ,Jaime Gabaldoni,external-reference,embed_link_and_summarize_only
Ht8vM2vXIBs,https://www.youtube.com/watch?v=Ht8vM2vXIBs,En Directo: Hyundai Palisade Calligraphy 2023 con Jaime Gabaldoni y un café,2452.0,,streams,https://i.ytimg.com/vi/Ht8vM2vXIBs/hqdefault.jpg?sqp=-oaymwEcCNACELwBSFXyq4qpAw4IARUAAIhCGAFwAcABBg==&rs=AOn4CLACaZ89qdxLvrDBYJPc2IHJ-6RrpQ,Jaime Gabaldoni,external-reference,embed_link_and_summarize_only
_HClwRB3aL4,https://www.youtube.com/watch?v=_HClwRB3aL4,Ford Mustang GTD 2025 / Los Ángeles Auto Show 2023,754.0,,streams,https://i.ytimg.com/vi/_HClwRB3aL4/hqdefault.jpg?sqp=-oaymwEcCNACELwBSFXyq4qpAw4IARUAAIhCGAFwAcABBg==&rs=AOn4CLDt_0XFZty9dvojP98NuULWl6XCQQ,Jaime Gabaldoni,external-reference,embed_link_and_summarize_only
TYcGf9o3HsM,https://www.youtube.com/watch?v=TYcGf9o3HsM,Kia Sorento 2024 / Los Ángeles Auto Show 2023,433.0,,streams,https://i.ytimg.com/vi/TYcGf9o3HsM/hqdefault.jpg?sqp=-oaymwEcCNACELwBSFXyq4qpAw4IARUAAIhCGAFwAcABBg==&rs=AOn4CLBcwB90HQGSvysw4Tzz3hS2dn1R7w,Jaime Gabaldoni,external-reference,embed_link_and_summarize_only
95kCQwsVXNk,https://www.youtube.com/watch?v=95kCQwsVXNk,Honda Prelude Concept // Los Ángeles Auto Show 2023,345.0,,streams,https://i.ytimg.com/vi/95kCQwsVXNk/hqdefault.jpg?sqp=-oaymwEcCNACELwBSFXyq4qpAw4IARUAAIhCGAFwAcABBg==&rs=AOn4CLBMqaigkFdhMRuyHT1Dwp8Nds_AcA,Jaime Gabaldoni,external-reference,embed_link_and_summarize_only
7ow2B_WRQ18,https://www.youtube.com/watch?v=7ow2B_WRQ18,HYUNDAI SANTA FE 2024 / Los Ángeles Auto Show 2024,483.0,,streams,https://i.ytimg.com/vi/7ow2B_WRQ18/hqdefault.jpg?sqp=-oaymwEcCNACELwBSFXyq4qpAw4IARUAAIhCGAFwAcABBg==&rs=AOn4CLD8XAAOP6BcilIFA6EJ4Wc1f_YtyQ,Jaime Gabaldoni,external-reference,embed_link_and_summarize_only
CX1cPvg9PuQ,https://www.youtube.com/watch?v=CX1cPvg9PuQ,SUBARU Forester 2025 // Los Ángeles Auto Show 2023,461.0,,streams,https://i.ytimg.com/vi/CX1cPvg9PuQ/hqdefault.jpg?sqp=-oaymwEcCNACELwBSFXyq4qpAw4IARUAAIhCGAFwAcABBg==&rs=AOn4CLATcjoe_2Mede2QK-hCg7H7kNW5Mw,Jaime Gabaldoni,external-reference,embed_link_and_summarize_only
TUbPmzSRuFc,https://www.youtube.com/watch?v=TUbPmzSRuFc,En Directo: Toyota Camry 2025,1276.0,,streams,https://i.ytimg.com/vi/TUbPmzSRuFc/hqdefault.jpg?sqp=-oaymwEcCNACELwBSFXyq4qpAw4IARUAAIhCGAFwAcABBg==&rs=AOn4CLA04Fh11RTpd5w-t4r8CEaMAPvHpQ,Jaime Gabaldoni,external-reference,embed_link_and_summarize_only
VG-B1zsFExk,https://www.youtube.com/watch?v=VG-B1zsFExk,En Vivo: Volvo XC90 Recharge T8 2023 con Jaime Gabaldoni y un café,2570.0,,streams,https://i.ytimg.com/vi/VG-B1zsFExk/hqdefault.jpg?sqp=-oaymwEcCNACELwBSFXyq4qpAw4IARUAAIhCGAFwAcABBg==&rs=AOn4CLC959tKjYog8pkIi66p4Dv-Y_hDbg,Jaime Gabaldoni,external-reference,embed_link_and_summarize_only
anESfC7gxXU,https://www.youtube.com/watch?v=anESfC7gxXU,En Vivo: Mercedes-AMG SL55 Roadster 2023 con Jaime Gabaldoni y un café.,2658.0,,streams,https://i.ytimg.com/vi/anESfC7gxXU/hqdefault.jpg?sqp=-oaymwEcCNACELwBSFXyq4qpAw4IARUAAIhCGAFwAcABBg==&rs=AOn4CLApynci_X-ZhC-pxTP3QJ_MEyOAuw,Jaime Gabaldoni,external-reference,embed_link_and_summarize_only
eX_cTfdUoEc,https://www.youtube.com/watch?v=eX_cTfdUoEc,En Directo: Compré un carro BASTANTE usado // Jaime Gabaldoni...y un café,2680.0,,streams,https://i.ytimg.com/vi/eX_cTfdUoEc/hqdefault.jpg?sqp=-oaymwEcCNACELwBSFXyq4qpAw4IARUAAIhCGAFwAcABBg==&rs=AOn4CLCV_HAebQoOuBmT4mk7Dtf3eT60Hg,Jaime Gabaldoni,external-reference,embed_link_and_summarize_only
hW56WsZgdpg,https://www.youtube.com/watch?v=hW56WsZgdpg,En Vivo: Rolls-Royce Ghost 2023 con Jaime Gabaldoni y un café,2890.0,,streams,https://i.ytimg.com/vi/hW56WsZgdpg/hqdefault.jpg?sqp=-oaymwEcCNACELwBSFXyq4qpAw4IARUAAIhCGAFwAcABBg==&rs=AOn4CLDIBs1tAXYs1WnAtVJI26Ga8uH_EQ,Jaime Gabaldoni,external-reference,embed_link_and_summarize_only
EufpH1NleSE,https://www.youtube.com/watch?v=EufpH1NleSE,En Vivo: Silverado 1500 Crew LT Trailboss 2023 con Jaime Gabaldoni y un café,1715.0,,streams,https://i.ytimg.com/vi/EufpH1NleSE/hqdefault.jpg?sqp=-oaymwEcCNACELwBSFXyq4qpAw4IARUAAIhCGAFwAcABBg==&rs=AOn4CLCYM0diSD9SmU8PW1RDr4cNuBk9Dw,Jaime Gabaldoni,external-reference,embed_link_and_summarize_only
obrNe2708k4,https://www.youtube.com/watch?v=obrNe2708k4,En Vivo: Honda Accord Sport Hybrid 2023 con Jaime Gabaldoni y un café,2724.0,,streams,https://i.ytimg.com/vi/obrNe2708k4/hqdefault.jpg?sqp=-oaymwEcCNACELwBSFXyq4qpAw4IARUAAIhCGAFwAcABBg==&rs=AOn4CLAgTriJPzu4Ca0-02ks9rxYKs6L-w,Jaime Gabaldoni,external-reference,embed_link_and_summarize_only
FK__KRYfnkI,https://www.youtube.com/watch?v=FK__KRYfnkI,En Vivo: Toyota Tundra Hybrid Capstone 2023 con Jaime Gabaldoni y un café,2788.0,,streams,https://i.ytimg.com/vi/FK__KRYfnkI/hqdefault.jpg?sqp=-oaymwEcCNACELwBSFXyq4qpAw4IARUAAIhCGAFwAcABBg==&rs=AOn4CLASVG9qLpLwJrmG72bVz0QG-vzvrA,Jaime Gabaldoni,external-reference,embed_link_and_summarize_only
oPfTWFK8TBQ,https://www.youtube.com/watch?v=oPfTWFK8TBQ,En Vivo: Mercedes-Benz EQE SUV 350+ 2023 con Jaime Gabaldoni y un café,2760.0,,streams,https://i.ytimg.com/vi/oPfTWFK8TBQ/hqdefault.jpg?sqp=-oaymwEcCNACELwBSFXyq4qpAw4IARUAAIhCGAFwAcABBg==&rs=AOn4CLBUh_hJ96axxTwpCyWPw52dcEKZjg,Jaime Gabaldoni,external-reference,embed_link_and_summarize_only
a6vFMvTXu5A,https://www.youtube.com/watch?v=a6vFMvTXu5A,En Vivo: Acura Integra Type-S 2024 con Jaime Gabaldoni y un café,2800.0,,streams,https://i.ytimg.com/vi/a6vFMvTXu5A/hqdefault.jpg?sqp=-oaymwEcCNACELwBSFXyq4qpAw4IARUAAIhCGAFwAcABBg==&rs=AOn4CLCuql9ia2A1sOiOmGscyUfr4T16YA,Jaime Gabaldoni,external-reference,embed_link_and_summarize_only
jhRLbbNFu0k,https://www.youtube.com/watch?v=jhRLbbNFu0k,En Vivo: Buick Encore Avenir 2024 con Jaime Gabaldoni y un café,2325.0,,streams,https://i.ytimg.com/vi/jhRLbbNFu0k/hqdefault.jpg?sqp=-oaymwEcCNACELwBSFXyq4qpAw4IARUAAIhCGAFwAcABBg==&rs=AOn4CLDO2IjsNq0XkiTSiitOjBcfePVmwg,Jaime Gabaldoni,external-reference,embed_link_and_summarize_only
Foslw8VQBxM,https://www.youtube.com/watch?v=Foslw8VQBxM,En Vivo: Toyota GR86 2023 con Jaime Gabaldoni y un café,2496.0,,streams,https://i.ytimg.com/vi/Foslw8VQBxM/hqdefault.jpg?sqp=-oaymwEcCNACELwBSFXyq4qpAw4IARUAAIhCGAFwAcABBg==&rs=AOn4CLD6h5nR7Ulw-TnAd1Pk5N-qieWRaA,Jaime Gabaldoni,external-reference,embed_link_and_summarize_only
_Gb9ljQpSFQ,https://www.youtube.com/watch?v=_Gb9ljQpSFQ,En Vivo: Volkswagen Atlas Cross Sport 2024 con Jaime Gabaldoni y un café,2160.0,,streams,https://i.ytimg.com/vi/_Gb9ljQpSFQ/hqdefault.jpg?sqp=-oaymwEcCNACELwBSFXyq4qpAw4IARUAAIhCGAFwAcABBg==&rs=AOn4CLAat4CKS4QqOlQS2Bmn_qK-iVORbA,Jaime Gabaldoni,external-reference,embed_link_and_summarize_only
AG6-Kwq_lVg,https://www.youtube.com/watch?v=AG6-Kwq_lVg,En Vivo: GMC Canyon AT4X 2023 con Jaime Gabaldoni y un café,1845.0,,streams,https://i.ytimg.com/vi/AG6-Kwq_lVg/hqdefault.jpg?sqp=-oaymwEcCNACELwBSFXyq4qpAw4IARUAAIhCGAFwAcABBg==&rs=AOn4CLCQsrSQMGggalmtqI6rsvRQEl6TUA,Jaime Gabaldoni,external-reference,embed_link_and_summarize_only
gXjDMqTXoqY,https://www.youtube.com/watch?v=gXjDMqTXoqY,En Vivo: Nissan Pathfinder 2024 con Jaime Gabaldoni y un café,2515.0,,streams,https://i.ytimg.com/vi/gXjDMqTXoqY/hqdefault.jpg?sqp=-oaymwEcCNACELwBSFXyq4qpAw4IARUAAIhCGAFwAcABBg==&rs=AOn4CLBxN-tUGBmX9v_kwkW0WDcel-Op4g,Jaime Gabaldoni,external-reference,embed_link_and_summarize_only
QwPRaBi1qEo,https://www.youtube.com/watch?v=QwPRaBi1qEo,En Vivo: Volvo V60 Recharge Polestar 2024 con Jaime Gabaldoni y un café,1610.0,,streams,https://i.ytimg.com/vi/QwPRaBi1qEo/hqdefault.jpg?sqp=-oaymwEcCNACELwBSFXyq4qpAw4IARUAAIhCGAFwAcABBg==&rs=AOn4CLCtEcFBiNQQ5cN9eA8Bzw5bpWLRCw,Jaime Gabaldoni,external-reference,embed_link_and_summarize_only
gTVb3_w0yB0,https://www.youtube.com/watch?v=gTVb3_w0yB0,En Vivo: Infiniti Q50 Red Sport 400 AWD 2023 con Jaime Gabaldoni y un café,2189.0,,streams,https://i.ytimg.com/vi/gTVb3_w0yB0/hqdefault.jpg?sqp=-oaymwEcCNACELwBSFXyq4qpAw4IARUAAIhCGAFwAcABBg==&rs=AOn4CLB60T96p8rnkTFh7SVZYy8axjGdVg,Jaime Gabaldoni,external-reference,embed_link_and_summarize_only
-XPuLWS_o3A,https://www.youtube.com/watch?v=-XPuLWS_o3A,En Vivo: Mercedes-Benz EQS 580 SUV 2023 con Jaime Gabaldoni y un café,2515.0,,streams,https://i.ytimg.com/vi/-XPuLWS_o3A/hqdefault.jpg?sqp=-oaymwEcCNACELwBSFXyq4qpAw4IARUAAIhCGAFwAcABBg==&rs=AOn4CLDzhvUcMBRBiyZJRKbsfXpAAXUnvQ,Jaime Gabaldoni,external-reference,embed_link_and_summarize_only
fta9pv5r0Cc,https://www.youtube.com/watch?v=fta9pv5r0Cc,En Vivo: Honda Pilot TrailSport 2023 con Jaime Gabaldoni y un café,2610.0,,streams,https://i.ytimg.com/vi/fta9pv5r0Cc/hqdefault.jpg?sqp=-oaymwEcCNACELwBSFXyq4qpAw4IARUAAIhCGAFwAcABBg==&rs=AOn4CLDVVYuwH_PiXhy824JdMt2ckDGllA,Jaime Gabaldoni,external-reference,embed_link_and_summarize_only
4RSSfI2FVRs,https://www.youtube.com/watch?v=4RSSfI2FVRs,En Vivo: Hyundai Kona N 2023 con Jaime Gabaldoni y un café,2505.0,,streams,https://i.ytimg.com/vi/4RSSfI2FVRs/hqdefault.jpg?sqp=-oaymwEcCNACELwBSFXyq4qpAw4IARUAAIhCGAFwAcABBg==&rs=AOn4CLCDhEGPqxvio1CaJITIvBpSqWRYMw,Jaime Gabaldoni,external-reference,embed_link_and_summarize_only
TiypSkV2iUQ,https://www.youtube.com/watch?v=TiypSkV2iUQ,En Vivo: Toyota GR Corolla 2023 con Jaime Gabaldoni y un café,2460.0,,streams,https://i.ytimg.com/vi/TiypSkV2iUQ/hqdefault.jpg?sqp=-oaymwEcCNACELwBSFXyq4qpAw4IARUAAIhCGAFwAcABBg==&rs=AOn4CLCCV4kpfljt0PXl4HlPBSpUHSvzOg,Jaime Gabaldoni,external-reference,embed_link_and_summarize_only
DhH_2OmIygs,https://www.youtube.com/watch?v=DhH_2OmIygs,En Vivo: Chrysler Pacifica Plug-In Hybrid 2023 con Jaime Gabaldoni y un café,3095.0,,streams,https://i.ytimg.com/vi/DhH_2OmIygs/hqdefault.jpg?sqp=-oaymwEcCNACELwBSFXyq4qpAw4IARUAAIhCGAFwAcABBg==&rs=AOn4CLB8fxjm7ThHk6eWeFj-Z06fnATHCA,Jaime Gabaldoni,external-reference,embed_link_and_summarize_only
6WuMzpnGHgg,https://www.youtube.com/watch?v=6WuMzpnGHgg,En Vivo: Audi S6 2023 con Jaime Gabaldoni y un café,3144.0,,streams,https://i.ytimg.com/vi/6WuMzpnGHgg/hqdefault.jpg?sqp=-oaymwEcCNACELwBSFXyq4qpAw4IARUAAIhCGAFwAcABBg==&rs=AOn4CLCpp-wyJXN08EfIAZGTPdT8LfQmdA,Jaime Gabaldoni,external-reference,embed_link_and_summarize_only
rKXB8W7Pihw,https://www.youtube.com/watch?v=rKXB8W7Pihw,En Vivo: Chevrolet Colorado ZR2 2023 con Jaime Gabaldoni y un café,2596.0,,streams,https://i.ytimg.com/vi/rKXB8W7Pihw/hqdefault.jpg?sqp=-oaymwEcCNACELwBSFXyq4qpAw4IARUAAIhCGAFwAcABBg==&rs=AOn4CLCSMzlUrIQilC0yDBX1n3oBSdfcVQ,Jaime Gabaldoni,external-reference,embed_link_and_summarize_only
1iulPXc6f9E,https://www.youtube.com/watch?v=1iulPXc6f9E,En Vivo: Volkswagen ID4 2023 con Jaime Gabaldoni y un café,2530.0,,streams,https://i.ytimg.com/vi/1iulPXc6f9E/hqdefault.jpg?sqp=-oaymwEcCNACELwBSFXyq4qpAw4IARUAAIhCGAFwAcABBg==&rs=AOn4CLD9OkO36Ul4-58x82QcVuTFQOOkwA,Jaime Gabaldoni,external-reference,embed_link_and_summarize_only
CVb7dh3Sooo,https://www.youtube.com/watch?v=CVb7dh3Sooo,En Vivo: Cadillac Escalade V 2023 con Jaime Gabaldoni y un café,3350.0,,streams,https://i.ytimg.com/vi/CVb7dh3Sooo/hqdefault.jpg?sqp=-oaymwEcCNACELwBSFXyq4qpAw4IARUAAIhCGAFwAcABBg==&rs=AOn4CLCuJZyh_iZ8nzI2F6hIufz7z5qAaA,Jaime Gabaldoni,external-reference,embed_link_and_summarize_only
9QjMR7GurOI,https://www.youtube.com/watch?v=9QjMR7GurOI,En Vivo: Toyota Prius Limited 2023 sedan con Jaime Gabaldoni y un café,2290.0,,streams,https://i.ytimg.com/vi/9QjMR7GurOI/hqdefault.jpg?sqp=-oaymwEcCNACELwBSFXyq4qpAw4IARUAAIhCGAFwAcABBg==&rs=AOn4CLDtAsB_oNbXrUfyyuJbkgKGPaIg_g,Jaime Gabaldoni,external-reference,embed_link_and_summarize_only
-YWLdtWaul8,https://www.youtube.com/watch?v=-YWLdtWaul8,En Vivo: Mercedes-AMG C 43 2023 sedan con Jaime Gabaldoni y un café,3190.0,,streams,https://i.ytimg.com/vi/-YWLdtWaul8/hqdefault.jpg?sqp=-oaymwEcCNACELwBSFXyq4qpAw4IARUAAIhCGAFwAcABBg==&rs=AOn4CLAKmTPAv3a3Z4tzEU5S1w3B2dkRaA,Jaime Gabaldoni,external-reference,embed_link_and_summarize_only
Lvw6RZdnOQk,https://www.youtube.com/watch?v=Lvw6RZdnOQk,En Vivo: Honda CR-V Hybrid 2023 con Jaime Gabaldoni y un café,2681.0,,streams,https://i.ytimg.com/vi/Lvw6RZdnOQk/hqdefault.jpg?sqp=-oaymwEcCNACELwBSFXyq4qpAw4IARUAAIhCGAFwAcABBg==&rs=AOn4CLBqvSaLkbLIwkBeQTxnzlZCR4JdVA,Jaime Gabaldoni,external-reference,embed_link_and_summarize_only
VsqetZ6V7nY,https://www.youtube.com/watch?v=VsqetZ6V7nY,En Vivo: Chevrolet Silverado 2500HD 2024 con Jaime Gabaldoni y un café,3131.0,,streams,https://i.ytimg.com/vi/VsqetZ6V7nY/hqdefault.jpg?sqp=-oaymwEcCNACELwBSFXyq4qpAw4IARUAAIhCGAFwAcABBg==&rs=AOn4CLAzcoHruoH1onalHyo4bnxwyIu9PA,Jaime Gabaldoni,external-reference,embed_link_and_summarize_only
xc0Q69gT0qo,https://www.youtube.com/watch?v=xc0Q69gT0qo,En Vivo: Genesis Electrified GV70 2023 con Jaime Gabaldoni y un café,1966.0,,streams,https://i.ytimg.com/vi/xc0Q69gT0qo/hqdefault.jpg?sqp=-oaymwEcCNACELwBSFXyq4qpAw4IARUAAIhCGAFwAcABBg==&rs=AOn4CLAsJMO5RACogQf1iFGJeIUs3vmhDw,Jaime Gabaldoni,external-reference,embed_link_and_summarize_only
FqX9n_4p2-8,https://www.youtube.com/watch?v=FqX9n_4p2-8,En Vivo: Toyota Crown Platinum 2023 con Jaime Gabaldoni y un café,2440.0,,streams,https://i.ytimg.com/vi/FqX9n_4p2-8/hqdefault.jpg?sqp=-oaymwEcCNACELwBSFXyq4qpAw4IARUAAIhCGAFwAcABBg==&rs=AOn4CLCX2rKMfID_02ZFnYsVPTt3XRouuA,Jaime Gabaldoni,external-reference,embed_link_and_summarize_only
rwv-_MmRPh4,https://www.youtube.com/watch?v=rwv-_MmRPh4,En Vivo: Chevy Colorado TrailBoss & Polaris Sportsman XP 1000 con Jaime Gabaldoni y un café,2433.0,,streams,https://i.ytimg.com/vi/rwv-_MmRPh4/hqdefault.jpg?sqp=-oaymwEcCNACELwBSFXyq4qpAw4IARUAAIhCGAFwAcABBg==&rs=AOn4CLBaCh1-IFNw40ZwuqsSzoPB2tNXhw,Jaime Gabaldoni,external-reference,embed_link_and_summarize_only
gUx7TiCERsg,https://www.youtube.com/watch?v=gUx7TiCERsg,En Vivo: Nissan Altima SR 2023 con Jaime Gabaldoni y un café,2306.0,,streams,https://i.ytimg.com/vi/gUx7TiCERsg/hqdefault.jpg?sqp=-oaymwEcCNACELwBSFXyq4qpAw4IARUAAIhCGAFwAcABBg==&rs=AOn4CLDISLrEnuaGmM99AgaQV_rk5rEvGQ,Jaime Gabaldoni,external-reference,embed_link_and_summarize_only
ZzNUUM0DVy8,https://www.youtube.com/watch?v=ZzNUUM0DVy8,En Vivo: Lexus LX600 F Sport 2023 con Jaime Gabaldoni y un café,2937.0,,streams,https://i.ytimg.com/vi/ZzNUUM0DVy8/hqdefault.jpg?sqp=-oaymwEcCNACELwBSFXyq4qpAw4IARUAAIhCGAFwAcABBg==&rs=AOn4CLD-BCL7DeCaiehnFQT1DVqm9WWtXA,Jaime Gabaldoni,external-reference,embed_link_and_summarize_only
12eHEJ0bTnY,https://www.youtube.com/watch?v=12eHEJ0bTnY,En Vivo: Subaru Crosstrek Premium 2024 con Jaime Gabaldoni y un café,2923.0,,streams,https://i.ytimg.com/vi/12eHEJ0bTnY/hqdefault.jpg?sqp=-oaymwEcCNACELwBSFXyq4qpAw4IARUAAIhCGAFwAcABBg==&rs=AOn4CLAWLjMtOscq6NyExgOZ0GsB5EBzSA,Jaime Gabaldoni,external-reference,embed_link_and_summarize_only
bI2iSdAGTLg,https://www.youtube.com/watch?v=bI2iSdAGTLg,En Vivo: Volkswagen Taos FWD 2023 con Jaime Gabaldoni y un café,2015.0,,streams,https://i.ytimg.com/vi/bI2iSdAGTLg/hqdefault.jpg?sqp=-oaymwEcCNACELwBSFXyq4qpAw4IARUAAIhCGAFwAcABBg==&rs=AOn4CLBy3CiRDLSUjh9lUydJCva3rayREA,Jaime Gabaldoni,external-reference,embed_link_and_summarize_only
P2VYm9jbu4A,https://www.youtube.com/watch?v=P2VYm9jbu4A,En Vivo: Jeep Grand Cherokee 4xe 2023 con Jaime Gabaldoni y un café,2805.0,,streams,https://i.ytimg.com/vi/P2VYm9jbu4A/hqdefault.jpg?sqp=-oaymwEcCNACELwBSFXyq4qpAw4IARUAAIhCGAFwAcABBg==&rs=AOn4CLAywl-WA0H6AU_u8A5PjPlEKchJVA,Jaime Gabaldoni,external-reference,embed_link_and_summarize_only
TRsHjuYl14k,https://www.youtube.com/watch?v=TRsHjuYl14k,En Vivo: Audi Q8 Sportback e-tron 2024 con Jaime Gabaldoni y un café,2585.0,,streams,https://i.ytimg.com/vi/TRsHjuYl14k/hqdefault.jpg?sqp=-oaymwEcCNACELwBSFXyq4qpAw4IARUAAIhCGAFwAcABBg==&rs=AOn4CLDqWt0QIA_H_sOd7--t1cM5UrtQiw,Jaime Gabaldoni,external-reference,embed_link_and_summarize_only
EUBZxT9A22s,https://www.youtube.com/watch?v=EUBZxT9A22s,En Vivo: Chevrolet Colorado Z71 2023 con Jaime Gabaldoni y un café,2595.0,,streams,https://i.ytimg.com/vi/EUBZxT9A22s/hqdefault.jpg?sqp=-oaymwEcCNACELwBSFXyq4qpAw4IARUAAIhCGAFwAcABBg==&rs=AOn4CLDmh74tRznTsU9C5OiYzlvgR2uQGg,Jaime Gabaldoni,external-reference,embed_link_and_summarize_only
rwsdCk2Xbx8,https://www.youtube.com/watch?v=rwsdCk2Xbx8,En Vivo: Lexus LS500 FSport 2023 con Jaime Gabaldoni y un café,2315.0,,streams,https://i.ytimg.com/vi/rwsdCk2Xbx8/hqdefault.jpg?sqp=-oaymwEcCNACELwBSFXyq4qpAw4IARUAAIhCGAFwAcABBg==&rs=AOn4CLAV-o0VxPCwERhAl-L6llhVVkJ73Q,Jaime Gabaldoni,external-reference,embed_link_and_summarize_only
sOlj4673JgA,https://www.youtube.com/watch?v=sOlj4673JgA,Jaime Gabaldoni is going live!,953.0,,streams,https://i.ytimg.com/vi/sOlj4673JgA/hqdefault.jpg?sqp=-oaymwEcCNACELwBSFXyq4qpAw4IARUAAIhCGAFwAcABBg==&rs=AOn4CLCdJFAiBD32XB8nrOMYrDdiCTSCUA,Jaime Gabaldoni,external-reference,embed_link_and_summarize_only
bJbc0o0Q9QQ,https://www.youtube.com/watch?v=bJbc0o0Q9QQ,En Vivo: Chevrolet Silverado 1500 ZR2 Bison 2023 con Jaime Gabaldoni y un café,1218.0,,streams,https://i.ytimg.com/vi/bJbc0o0Q9QQ/hqdefault.jpg?sqp=-oaymwEcCNACELwBSFXyq4qpAw4IARUAAIhCGAFwAcABBg==&rs=AOn4CLCQhZbrpt-e9eZb4fjYLlU8f5iHew,Jaime Gabaldoni,external-reference,embed_link_and_summarize_only
O5g5CIbmgnE,https://www.youtube.com/watch?v=O5g5CIbmgnE,En Vivo: Volvo C40 Recharge 2023 con Jaime Gabaldoni y un café (feat Tazio),1915.0,,streams,https://i.ytimg.com/vi/O5g5CIbmgnE/hqdefault.jpg?sqp=-oaymwEcCNACELwBSFXyq4qpAw4IARUAAIhCGAFwAcABBg==&rs=AOn4CLCSqLdlv3gbcarJLR7nLhrlTzrTnA,Jaime Gabaldoni,external-reference,embed_link_and_summarize_only
k27GHsaaRJ0,https://www.youtube.com/watch?v=k27GHsaaRJ0,En Vivo: Audi RS e-tron GT 2023 con Jaime Gabaldoni y un café,2511.0,,streams,https://i.ytimg.com/vi/k27GHsaaRJ0/hqdefault.jpg?sqp=-oaymwEcCNACELwBSFXyq4qpAw4IARUAAIhCGAFwAcABBg==&rs=AOn4CLBjT2S15ggnPNEtkncXkCNO6RIUSg,Jaime Gabaldoni,external-reference,embed_link_and_summarize_only
OCQO_JbHfzU,https://www.youtube.com/watch?v=OCQO_JbHfzU,En Vivo: Toyota Venza 2023 con Jaime Gabaldoni y un café,2744.0,,streams,https://i.ytimg.com/vi/OCQO_JbHfzU/hqdefault.jpg?sqp=-oaymwEcCNACELwBSFXyq4qpAw4IARUAAIhCGAFwAcABBg==&rs=AOn4CLCbuR1UPxUvGUpLHCNKw8EbidaDhg,Jaime Gabaldoni,external-reference,embed_link_and_summarize_only
lmha-gErPtc,https://www.youtube.com/watch?v=lmha-gErPtc,En Vivo: GMC Sierra 2500 HD 2024 con Jaime Gabaldoni y un café,2769.0,,streams,https://i.ytimg.com/vi/lmha-gErPtc/hqdefault.jpg?sqp=-oaymwEcCNACELwBSFXyq4qpAw4IARUAAIhCGAFwAcABBg==&rs=AOn4CLA4TiB16G632nlKTFfs-9vAXnUEKg,Jaime Gabaldoni,external-reference,embed_link_and_summarize_only
6kxS-ln2K1g,https://www.youtube.com/watch?v=6kxS-ln2K1g,En Vivo: Infiniti QX60 2023 junto a Jaime Gabaldoni,2059.0,,streams,https://i.ytimg.com/vi/6kxS-ln2K1g/hqdefault.jpg?sqp=-oaymwEcCNACELwBSFXyq4qpAw4IARUAAIhCGAFwAcABBg==&rs=AOn4CLBs_EDVpF4IeIgRxwF2iZNa_kxrgw,Jaime Gabaldoni,external-reference,embed_link_and_summarize_only
hWNCBtULy1Y,https://www.youtube.com/watch?v=hWNCBtULy1Y,En Vivo: Lexus RZ 450e 2023 junto a Jaime Gabaldoni y un café,3019.0,,streams,https://i.ytimg.com/vi/hWNCBtULy1Y/hqdefault.jpg?sqp=-oaymwEcCNACELwBSFXyq4qpAw4IARUAAIhCGAFwAcABBg==&rs=AOn4CLBF6gv0WnylwqRHYIUPY801swSy5Q,Jaime Gabaldoni,external-reference,embed_link_and_summarize_only
VdSON9yrTCg,https://www.youtube.com/watch?v=VdSON9yrTCg,En Vivo: GMC Sierra 1500 AT4X AEV 2023 junto a Jaime Gabaldoni y un café,2510.0,,streams,https://i.ytimg.com/vi/VdSON9yrTCg/hqdefault.jpg?sqp=-oaymwEcCNACELwBSFXyq4qpAw4IARUAAIhCGAFwAcABBg==&rs=AOn4CLClBqX0TR92HdhAWGzsFAMJmv1_Aw,Jaime Gabaldoni,external-reference,embed_link_and_summarize_only
sHzOoTDEeAw,https://www.youtube.com/watch?v=sHzOoTDEeAw,En Vivo: Mazda CX-90 PHEV 2024 junto a Jaime Gabaldoni y un café,2860.0,,streams,https://i.ytimg.com/vi/sHzOoTDEeAw/hqdefault.jpg?sqp=-oaymwEcCNACELwBSFXyq4qpAw4IARUAAIhCGAFwAcABBg==&rs=AOn4CLD4djGnScphBGOz-PLHMc40RJ_hpQ,Jaime Gabaldoni,external-reference,embed_link_and_summarize_only
qfGWOrPBw58,https://www.youtube.com/watch?v=qfGWOrPBw58,En Vivo: Zero DSR/X 2023 con Jaime Gabaldoni y un café,2150.0,,streams,https://i.ytimg.com/vi/qfGWOrPBw58/hqdefault.jpg?sqp=-oaymwEcCNACELwBSFXyq4qpAw4IARUAAIhCGAFwAcABBg==&rs=AOn4CLDsh78w8DTkhPsscv1ssQ4gyKUpOA,Jaime Gabaldoni,external-reference,embed_link_and_summarize_only
ZYid5EgxM28,https://www.youtube.com/watch?v=ZYid5EgxM28,En Vivo: Jeep Compass 2023 junto a Jaime Gabaldoni y un café,2210.0,,streams,https://i.ytimg.com/vi/ZYid5EgxM28/hqdefault.jpg?sqp=-oaymwEcCNACELwBSFXyq4qpAw4IARUAAIhCGAFwAcABBg==&rs=AOn4CLD7B943pWf-gUzNGcohJKtM3UkSNQ,Jaime Gabaldoni,external-reference,embed_link_and_summarize_only
whopeDGGyT4,https://www.youtube.com/watch?v=whopeDGGyT4,Lexus RX500h F Sport 2023 con Jaime Gabaldoni y un café (feat. Tazio),2245.0,,streams,https://i.ytimg.com/vi/whopeDGGyT4/hqdefault.jpg?sqp=-oaymwEcCNACELwBSFXyq4qpAw4IARUAAIhCGAFwAcABBg==&rs=AOn4CLAtWJmSKPsRQU_S_yE8gJrETrLdTA,Jaime Gabaldoni,external-reference,embed_link_and_summarize_only
mocpfiLZ8ds,https://www.youtube.com/watch?v=mocpfiLZ8ds,En Vivo: Range Rover Sport P530 First Edition 2023 con Jaime Gabaldoni y un café,2470.0,,streams,https://i.ytimg.com/vi/mocpfiLZ8ds/hqdefault.jpg?sqp=-oaymwEcCNACELwBSFXyq4qpAw4IARUAAIhCGAFwAcABBg==&rs=AOn4CLBL7X1wSDXYhLjcmfFkLT0hO9uiug,Jaime Gabaldoni,external-reference,embed_link_and_summarize_only
baIXr_ylB8U,https://www.youtube.com/watch?v=baIXr_ylB8U,Indian Sport Chief 2023 con Jaime Gabaldoni y un café,1135.0,,streams,https://i.ytimg.com/vi/baIXr_ylB8U/hqdefault.jpg?sqp=-oaymwEcCNACELwBSFXyq4qpAw4IARUAAIhCGAFwAcABBg==&rs=AOn4CLDdQ5dy_N4qPp7mUxYkAd1xU9Gzkg,Jaime Gabaldoni,external-reference,embed_link_and_summarize_only
rkdlK8g21aQ,https://www.youtube.com/watch?v=rkdlK8g21aQ,En Vivo: Toyota bZ4x 2023 con Jaime Gabaldoni y un café,2355.0,,streams,https://i.ytimg.com/vi/rkdlK8g21aQ/hqdefault.jpg?sqp=-oaymwEcCNACELwBSFXyq4qpAw4IARUAAIhCGAFwAcABBg==&rs=AOn4CLC8cB_nSCQ_62P4Fe6PEB8HeiibFw,Jaime Gabaldoni,external-reference,embed_link_and_summarize_only
-5gaxgNwK-s,https://www.youtube.com/watch?v=-5gaxgNwK-s,BMW Z4 M40i 2023 con Jaime Gabaldoni y un café,1905.0,,streams,https://i.ytimg.com/vi/-5gaxgNwK-s/hqdefault.jpg?sqp=-oaymwEcCNACELwBSFXyq4qpAw4IARUAAIhCGAFwAcABBg==&rs=AOn4CLBbejosM_s0Nb5Aa4I1LdgmUjw0Bg,Jaime Gabaldoni,external-reference,embed_link_and_summarize_only
3-lnNY1QU6U,https://www.youtube.com/watch?v=3-lnNY1QU6U,Volvo XC40 Recharge 2023 con Jaime Gabaldoni y un café,2320.0,,streams,https://i.ytimg.com/vi/3-lnNY1QU6U/hqdefault.jpg?sqp=-oaymwEcCNACELwBSFXyq4qpAw4IARUAAIhCGAFwAcABBg==&rs=AOn4CLDzXM2ObZsZ2GwaRSHxuZF9OQXFIQ,Jaime Gabaldoni,external-reference,embed_link_and_summarize_only
wju3d-E2Xgs,https://www.youtube.com/watch?v=wju3d-E2Xgs,En Vivo: Nissan Z 2023 con Jaime Gabaldoni y un café,2575.0,,streams,https://i.ytimg.com/vi/wju3d-E2Xgs/hqdefault.jpg?sqp=-oaymwEcCNACELwBSFXyq4qpAw4IARUAAIhCGAFwAcABBg==&rs=AOn4CLAwupNvJDFy0Z86Vz3XrHgzPFRuGQ,Jaime Gabaldoni,external-reference,embed_link_and_summarize_only
ewL5gkMQ-fQ,https://www.youtube.com/watch?v=ewL5gkMQ-fQ,Toyota Sequoia TRD Pro 2023 con Jaime Gabaldoni y un café,1889.0,,streams,https://i.ytimg.com/vi/ewL5gkMQ-fQ/hqdefault.jpg?sqp=-oaymwEcCNACELwBSFXyq4qpAw4IARUAAIhCGAFwAcABBg==&rs=AOn4CLDGemwwsclx-7iwATvxEmmKWN_Bqw,Jaime Gabaldoni,external-reference,embed_link_and_summarize_only
HeFPV-lFL18,https://www.youtube.com/watch?v=HeFPV-lFL18,Mercedes-AMG E53 Cabriolet 2023 con Jaime Gabaldoni y un café,2088.0,,streams,https://i.ytimg.com/vi/HeFPV-lFL18/hqdefault.jpg?sqp=-oaymwEcCNACELwBSFXyq4qpAw4IARUAAIhCGAFwAcABBg==&rs=AOn4CLAkSFaJMCa9v-n6DouLdayKd5ZWBg,Jaime Gabaldoni,external-reference,embed_link_and_summarize_only
1rPlLcLtEmo,https://www.youtube.com/watch?v=1rPlLcLtEmo,En Vivo: Lexus RX 350h Luxury 2023 y un café junto a Jaime Gabaldoni,2990.0,,streams,https://i.ytimg.com/vi/1rPlLcLtEmo/hqdefault.jpg?sqp=-oaymwEcCNACELwBSFXyq4qpAw4IARUAAIhCGAFwAcABBg==&rs=AOn4CLDatsi3BGc9l9HF4Dl76OUaJx9g6g,Jaime Gabaldoni,external-reference,embed_link_and_summarize_only
ZyspzpSpabQ,https://www.youtube.com/watch?v=ZyspzpSpabQ,En Vivo: Dodge Challenger Black Ghost 2023 junto a Jaime Gabaldoni y un café,2767.0,,streams,https://i.ytimg.com/vi/ZyspzpSpabQ/hqdefault.jpg?sqp=-oaymwEcCNACELwBSFXyq4qpAw4IARUAAIhCGAFwAcABBg==&rs=AOn4CLArseaVplL6ZC1K3NmEqdpoWLPCYw,Jaime Gabaldoni,external-reference,embed_link_and_summarize_only
CX9mrPUYLkA,https://www.youtube.com/watch?v=CX9mrPUYLkA,En Vivo: Celebrando el 2do Aniversario del grupo en WhatsApp - Jaime Gabaldoni,6436.0,,streams,https://i.ytimg.com/vi/CX9mrPUYLkA/hqdefault.jpg?sqp=-oaymwEcCNACELwBSFXyq4qpAw4IARUAAIhCGAFwAcABBg==&rs=AOn4CLBSp8g-ubj6SgspWX9ki2CSUa_eXA,Jaime Gabaldoni,external-reference,embed_link_and_summarize_only
2VYEBskcWmw,https://www.youtube.com/watch?v=2VYEBskcWmw,En Vivo: Honda Civic Type R 2023 junto a Jaime Gabaldoni y un café,2455.0,,streams,https://i.ytimg.com/vi/2VYEBskcWmw/hqdefault.jpg?sqp=-oaymwEcCNACELwBSFXyq4qpAw4IARUAAIhCGAFwAcABBg==&rs=AOn4CLAArLc1MTLoAZQ5vZFW0ehVja38JA,Jaime Gabaldoni,external-reference,embed_link_and_summarize_only
7kOwLikITrE,https://www.youtube.com/watch?v=7kOwLikITrE,En Vivo: Nissan Armada / Patrol Platinum 2023 y un café con Jaime Gabaldoni,2046.0,,streams,https://i.ytimg.com/vi/7kOwLikITrE/hqdefault.jpg?sqp=-oaymwEcCNACELwBSFXyq4qpAw4IARUAAIhCGAFwAcABBg==&rs=AOn4CLAcPV9MFAxXbfx8QRr42qfLuEGRtw,Jaime Gabaldoni,external-reference,embed_link_and_summarize_only
yGbIM7q4bHo,https://www.youtube.com/watch?v=yGbIM7q4bHo,En Vivo: Mazda CX-5 Turbo 2023 y un café con Jaime Gabaldoni,2190.0,,streams,https://i.ytimg.com/vi/yGbIM7q4bHo/hqdefault.jpg?sqp=-oaymwEcCNACELwBSFXyq4qpAw4IARUAAIhCGAFwAcABBg==&rs=AOn4CLDJjcUQV_w-eoVp0JxVbPts4T8duw,Jaime Gabaldoni,external-reference,embed_link_and_summarize_only
h8bGANDybEk,https://www.youtube.com/watch?v=h8bGANDybEk,En Vivo: BMW i7 xDrive60 2023 y un café con Jaime Gabaldoni,2153.0,,streams,https://i.ytimg.com/vi/h8bGANDybEk/hqdefault.jpg?sqp=-oaymwEcCNACELwBSFXyq4qpAw4IARUAAIhCGAFwAcABBg==&rs=AOn4CLDlalDq1GM4LATezI7VbaK2yoyBRw,Jaime Gabaldoni,external-reference,embed_link_and_summarize_only
SD-7rOJgO1E,https://www.youtube.com/watch?v=SD-7rOJgO1E,En Vivo: Rivian R1S Launch Edition 2023 y un café con Jaime Gabaldoni,2150.0,,streams,https://i.ytimg.com/vi/SD-7rOJgO1E/hqdefault.jpg?sqp=-oaymwEcCNACELwBSFXyq4qpAw4IARUAAIhCGAFwAcABBg==&rs=AOn4CLBRuuKy6cUQS92yTz_VTesGawbGVw,Jaime Gabaldoni,external-reference,embed_link_and_summarize_only
rhqLUFJZN88,https://www.youtube.com/watch?v=rhqLUFJZN88,En Vivo: Mercedes-AMG EQE 2023,1170.0,,streams,https://i.ytimg.com/vi/rhqLUFJZN88/hqdefault.jpg?sqp=-oaymwEcCNACELwBSFXyq4qpAw4IARUAAIhCGAFwAcABBg==&rs=AOn4CLDPIHtsOV7hJSRIqskYToE1vQocNQ,Jaime Gabaldoni,external-reference,embed_link_and_summarize_only
ddflr-IqTWE,https://www.youtube.com/watch?v=ddflr-IqTWE,Mercedes-AMG EQE 2023 - Preguntas y Respuestas,906.0,,streams,https://i.ytimg.com/vi/ddflr-IqTWE/hqdefault.jpg?sqp=-oaymwE2CNACELwBSFXyq4qpAygIARUAAIhCGAFwAcABBvABAfgB_gmAAtAFigIMCAAQARhlIFQoSjAP&rs=AOn4CLA_4L99sYUultqiNojggb_9EYn30A,Jaime Gabaldoni,external-reference,embed_link_and_summarize_only
6mUicbOIVr0,https://www.youtube.com/watch?v=6mUicbOIVr0,En Vivo: Jeep Wrangler 4xe 2023 - Jaime Gabaldoni,2620.0,,streams,https://i.ytimg.com/vi/6mUicbOIVr0/hqdefault.jpg?sqp=-oaymwEcCNACELwBSFXyq4qpAw4IARUAAIhCGAFwAcABBg==&rs=AOn4CLB0hbYZwEIvIrTBxVhaPZst4Dj7xQ,Jaime Gabaldoni,external-reference,embed_link_and_summarize_only
uqcejAqpp9k,https://www.youtube.com/watch?v=uqcejAqpp9k,Live: Nissan Versa SR 2023…y un café,1744.0,,streams,https://i.ytimg.com/vi/uqcejAqpp9k/hqdefault.jpg?sqp=-oaymwEcCNACELwBSFXyq4qpAw4IARUAAIhCGAFwAcABBg==&rs=AOn4CLCwVI4rN4_HJHbNc7qEPYOJVTJnWA,Jaime Gabaldoni,external-reference,embed_link_and_summarize_only
wNkBIIg5_mw,https://www.youtube.com/watch?v=wNkBIIg5_mw,En Vivo: Chicago Auto Show 2023,2366.0,,streams,https://i.ytimg.com/vi/wNkBIIg5_mw/hqdefault.jpg?sqp=-oaymwEcCNACELwBSFXyq4qpAw4IARUAAIhCGAFwAcABBg==&rs=AOn4CLBi5qHA6URRBmA4L9uhLrNrnMVuAg,Jaime Gabaldoni,external-reference,embed_link_and_summarize_only
D_srziWoZ8I,https://www.youtube.com/watch?v=D_srziWoZ8I,En Vivo: Los Ángeles Auto Show 2022,1115.0,,streams,https://i.ytimg.com/vi/D_srziWoZ8I/hqdefault.jpg?sqp=-oaymwEcCNACELwBSFXyq4qpAw4IARUAAIhCGAFwAcABBg==&rs=AOn4CLBJxC8D69U8Tipni-D2cqlM3el9NQ,Jaime Gabaldoni,external-reference,embed_link_and_summarize_only
yp103PMNOoI,https://www.youtube.com/watch?v=yp103PMNOoI,LIVE: Toyota Prius 2023,1628.0,,streams,https://i.ytimg.com/vi/yp103PMNOoI/hqdefault.jpg?sqp=-oaymwEcCNACELwBSFXyq4qpAw4IARUAAIhCGAFwAcABBg==&rs=AOn4CLDPJPpAb36LcG1Wz4I6fTgqmhM_KA,Jaime Gabaldoni,external-reference,embed_link_and_summarize_only
DyQxPqnwkjI,https://www.youtube.com/watch?v=DyQxPqnwkjI,Live: Miami International Autoshow 2022,2190.0,,streams,https://i.ytimg.com/vi/DyQxPqnwkjI/hqdefault.jpg?sqp=-oaymwEcCNACELwBSFXyq4qpAw4IARUAAIhCGAFwAcABBg==&rs=AOn4CLBxzQQIuYvcW6LZ-LWcVek3T8M9xQ,Jaime Gabaldoni,external-reference,embed_link_and_summarize_only
26tW1iQhGHw,https://www.youtube.com/watch?v=26tW1iQhGHw,OFICIAL: BMW M2 2023...y un cafe,1997.0,,streams,https://i.ytimg.com/vi/26tW1iQhGHw/hqdefault.jpg?sqp=-oaymwEcCNACELwBSFXyq4qpAw4IARUAAIhCGAFwAcABBg==&rs=AOn4CLDOKJI43LKrspsiYslYJ5UQMRxghA,Jaime Gabaldoni,external-reference,embed_link_and_summarize_only
fJEa1O8RUCk,https://www.youtube.com/watch?v=fJEa1O8RUCk,Ford F-Series Heavy Duty 2023...y un cafeé,2490.0,,streams,https://i.ytimg.com/vi/fJEa1O8RUCk/hqdefault.jpg?sqp=-oaymwEcCNACELwBSFXyq4qpAw4IARUAAIhCGAFwAcABBg==&rs=AOn4CLCOwzMpGMvvYPlorCaPhG3flk5P9Q,Jaime Gabaldoni,external-reference,embed_link_and_summarize_only
KGj2pl1kieQ,https://www.youtube.com/watch?v=KGj2pl1kieQ,Nissan Z NISMO GT4 2023,420.0,,streams,https://i.ytimg.com/vi/KGj2pl1kieQ/hqdefault.jpg?sqp=-oaymwEcCNACELwBSFXyq4qpAw4IARUAAIhCGAFwAcABBg==&rs=AOn4CLDagfSN8H6rZPNNr6meGDiypAbMrw,Jaime Gabaldoni,external-reference,embed_link_and_summarize_only
y1jADn7VkPU,https://www.youtube.com/watch?v=y1jADn7VkPU,Filtrado: BMW M2 2023...y una chela,4148.0,,streams,https://i.ytimg.com/vi/y1jADn7VkPU/hqdefault.jpg?sqp=-oaymwEcCNACELwBSFXyq4qpAw4IARUAAIhCGAFwAcABBg==&rs=AOn4CLA9v4W2iKKnxfQvnRzCoonP-kIlMg,Jaime Gabaldoni,external-reference,embed_link_and_summarize_only
SIYTg24jmoA,https://www.youtube.com/watch?v=SIYTg24jmoA,Mercedes-AMG C 63 S E PERFORMANCE 2024...y un café,1798.0,,streams,https://i.ytimg.com/vi/SIYTg24jmoA/hqdefault.jpg?sqp=-oaymwEcCNACELwBSFXyq4qpAw4IARUAAIhCGAFwAcABBg==&rs=AOn4CLDisoWJsael3GMXasq_L6lJqUX4vA,Jaime Gabaldoni,external-reference,embed_link_and_summarize_only
yQ0Z3s_JP6Q,https://www.youtube.com/watch?v=yQ0Z3s_JP6Q,Ferrari Purosangue 2023...y un cafe,2286.0,,streams,https://i.ytimg.com/vi/yQ0Z3s_JP6Q/hqdefault.jpg?sqp=-oaymwEcCNACELwBSFXyq4qpAw4IARUAAIhCGAFwAcABBg==&rs=AOn4CLBG3FlxONXIBAIBOtND-8dFL-Q6Nw,Jaime Gabaldoni,external-reference,embed_link_and_summarize_only
EnN5jZucHjE,https://www.youtube.com/watch?v=EnN5jZucHjE,Jaime Gabaldoni's Zoom Meeting,4187.0,,streams,https://i.ytimg.com/vi/EnN5jZucHjE/hqdefault.jpg?sqp=-oaymwE2CNACELwBSFXyq4qpAygIARUAAIhCGAFwAcABBvABAfgB_gmAAtAFigIMCAAQARhlIFooUDAP&rs=AOn4CLBl43LN2yX8-3QJf87L0qpNW15Vjg,Jaime Gabaldoni,external-reference,embed_link_and_summarize_only
B9Ymb2HWfqI,https://www.youtube.com/watch?v=B9Ymb2HWfqI,Hyundai Santa Fe Calligraphy 2022…y un cafè,2844.0,,streams,https://i.ytimg.com/vi/B9Ymb2HWfqI/hqdefault.jpg?sqp=-oaymwEcCNACELwBSFXyq4qpAw4IARUAAIhCGAFwAcABBg==&rs=AOn4CLD_dYdvQLujW2vSBMz8vAQXLsdq9w,Jaime Gabaldoni,external-reference,embed_link_and_summarize_only
aPXJ7-4NkSo,https://www.youtube.com/watch?v=aPXJ7-4NkSo,Corvette C8 Convertible 2023...y un café,2550.0,,streams,https://i.ytimg.com/vi/aPXJ7-4NkSo/hqdefault.jpg?sqp=-oaymwEcCNACELwBSFXyq4qpAw4IARUAAIhCGAFwAcABBg==&rs=AOn4CLBFv4G4AHIguc_lsWmL9TZQYT5GQg,Jaime Gabaldoni,external-reference,embed_link_and_summarize_only
FyC01iXaEr0,https://www.youtube.com/watch?v=FyC01iXaEr0,Mazda CX-9 2022…y un café,2330.0,,streams,https://i.ytimg.com/vi/FyC01iXaEr0/hqdefault.jpg?sqp=-oaymwEcCNACELwBSFXyq4qpAw4IARUAAIhCGAFwAcABBg==&rs=AOn4CLD2KV5241L2CuPRcJf3iFHTkeQcRQ,Jaime Gabaldoni,external-reference,embed_link_and_summarize_only
RS3Wkz3uivc,https://www.youtube.com/watch?v=RS3Wkz3uivc,Indian Pursuit 2022…y un café,1285.0,,streams,https://i.ytimg.com/vi/RS3Wkz3uivc/hqdefault.jpg?sqp=-oaymwEcCNACELwBSFXyq4qpAw4IARUAAIhCGAFwAcABBg==&rs=AOn4CLDBNuSTzpj13FRSdMBkn3iDEc6TFQ,Jaime Gabaldoni,external-reference,embed_link_and_summarize_only
tuLbRRAXhms,https://www.youtube.com/watch?v=tuLbRRAXhms,Volkswagen Golf GTI 2022…y un café,2972.0,,streams,https://i.ytimg.com/vi/tuLbRRAXhms/hqdefault.jpg?sqp=-oaymwEcCNACELwBSFXyq4qpAw4IARUAAIhCGAFwAcABBg==&rs=AOn4CLDXHDDwNJdYqBytK-lbveXyyB59fA,Jaime Gabaldoni,external-reference,embed_link_and_summarize_only
KsAfHRHA0s0,https://www.youtube.com/watch?v=KsAfHRHA0s0,Toyota Tacoma TRD-PRO 2022…y un café,3207.0,,streams,https://i.ytimg.com/vi/KsAfHRHA0s0/hqdefault.jpg?sqp=-oaymwEcCNACELwBSFXyq4qpAw4IARUAAIhCGAFwAcABBg==&rs=AOn4CLAncmuwkxsh80kTgnDanY8kH1f-dw,Jaime Gabaldoni,external-reference,embed_link_and_summarize_only
oyI9qkPLbjA,https://www.youtube.com/watch?v=oyI9qkPLbjA,Mitsubishi Outlander 2022…y un café,3005.0,,streams,https://i.ytimg.com/vi/oyI9qkPLbjA/hqdefault.jpg?sqp=-oaymwEcCNACELwBSFXyq4qpAw4IARUAAIhCGAFwAcABBg==&rs=AOn4CLD278uNB_m-bevvalyZg36X7pRgNg,Jaime Gabaldoni,external-reference,embed_link_and_summarize_only
6TGSJLoEEAU,https://www.youtube.com/watch?v=6TGSJLoEEAU,Audi RS3 Sedan 2022…y un café,3434.0,,streams,https://i.ytimg.com/vi/6TGSJLoEEAU/hqdefault.jpg?sqp=-oaymwEcCNACELwBSFXyq4qpAw4IARUAAIhCGAFwAcABBg==&rs=AOn4CLDG-L5IvMo6EzXMWbuT1JO50g8aAw,Jaime Gabaldoni,external-reference,embed_link_and_summarize_only
_TGtm68a854,https://www.youtube.com/watch?v=_TGtm68a854,Honda Civic Type-R 2023 - Comentarios en vivo,97.0,,streams,https://i.ytimg.com/vi/_TGtm68a854/hqdefault.jpg?sqp=-oaymwEcCNACELwBSFXyq4qpAw4IARUAAIhCGAFwAcABBg==&rs=AOn4CLCEt0O0AXuUq2uLuR9aW0xgMQ-_zQ,Jaime Gabaldoni,external-reference,embed_link_and_summarize_only
ShYxYOzusgc,https://www.youtube.com/watch?v=ShYxYOzusgc,2da Parte: Ford F-150 Raptor R 2023,1350.0,,streams,https://i.ytimg.com/vi/ShYxYOzusgc/hqdefault.jpg?sqp=-oaymwEcCNACELwBSFXyq4qpAw4IARUAAIhCGAFwAcABBg==&rs=AOn4CLD2cMXbLc24bii45qP9L9n_19t1_w,Jaime Gabaldoni,external-reference,embed_link_and_summarize_only
iLStepCzKN0,https://www.youtube.com/watch?v=iLStepCzKN0,1ra parte:  Ford F-150 Raptor R 2023,781.0,,streams,https://i.ytimg.com/vi/iLStepCzKN0/hqdefault.jpg?sqp=-oaymwEcCNACELwBSFXyq4qpAw4IARUAAIhCGAFwAcABBg==&rs=AOn4CLBBfUIQom7I_4f9QG0SRZf_qw0how,Jaime Gabaldoni,external-reference,embed_link_and_summarize_only
u2R4ofgV4uE,https://www.youtube.com/watch?v=u2R4ofgV4uE,Genesis GV60 2023…y un café,3113.0,,streams,https://i.ytimg.com/vi/u2R4ofgV4uE/hqdefault.jpg?sqp=-oaymwEcCNACELwBSFXyq4qpAw4IARUAAIhCGAFwAcABBg==&rs=AOn4CLCyd5uOF7RR_xk9KBuvVgbPh2BC5Q,Jaime Gabaldoni,external-reference,embed_link_and_summarize_only
EqIDQSqAh1I,https://www.youtube.com/watch?v=EqIDQSqAh1I,BMW M4 Competition Convertible 2022…y un café,3458.0,,streams,https://i.ytimg.com/vi/EqIDQSqAh1I/hqdefault.jpg?sqp=-oaymwEcCNACELwBSFXyq4qpAw4IARUAAIhCGAFwAcABBg==&rs=AOn4CLCvDFIeNzi6uKtkhFq9yzJirTjKzg,Jaime Gabaldoni,external-reference,embed_link_and_summarize_only
atCrkMvwJNc,https://www.youtube.com/watch?v=atCrkMvwJNc,Volkswagen Jetta SEL 2022…y un café,2984.0,,streams,https://i.ytimg.com/vi/atCrkMvwJNc/hqdefault.jpg?sqp=-oaymwEcCNACELwBSFXyq4qpAw4IARUAAIhCGAFwAcABBg==&rs=AOn4CLD9lW3vt9aMEI1Mov_ynFVNaKQxhw,Jaime Gabaldoni,external-reference,embed_link_and_summarize_only
yNlKFD-oo1c,https://www.youtube.com/watch?v=yNlKFD-oo1c,Hyundai Ioniq 5 2022…y un café,2936.0,,streams,https://i.ytimg.com/vi/yNlKFD-oo1c/hqdefault.jpg?sqp=-oaymwEcCNACELwBSFXyq4qpAw4IARUAAIhCGAFwAcABBg==&rs=AOn4CLDl8dPK7N1B2FQC-xokPK30yWjFaA,Jaime Gabaldoni,external-reference,embed_link_and_summarize_only
cJzqbc5-PpU,https://www.youtube.com/watch?v=cJzqbc5-PpU,Mercedes-Benz E450 4MATIC Sedan 2022…y un café,2867.0,,streams,https://i.ytimg.com/vi/cJzqbc5-PpU/hqdefault.jpg?sqp=-oaymwEcCNACELwBSFXyq4qpAw4IARUAAIhCGAFwAcABBg==&rs=AOn4CLBG1DtqJ0RzbSZ5OQ6pDidyc2jcHw,Jaime Gabaldoni,external-reference,embed_link_and_summarize_only
DLtAh47gJAM,https://www.youtube.com/watch?v=DLtAh47gJAM,Audi S5 Cabriolet 2022 … y un café,3097.0,,streams,https://i.ytimg.com/vi/DLtAh47gJAM/hqdefault.jpg?sqp=-oaymwEcCNACELwBSFXyq4qpAw4IARUAAIhCGAFwAcABBg==&rs=AOn4CLBklLOITxCR4c1YQeIHzzIOwX6rKg,Jaime Gabaldoni,external-reference,embed_link_and_summarize_only
R5aWn0hJk-4,https://www.youtube.com/watch?v=R5aWn0hJk-4,Toyota Tundra Platinum 2022…y un café,2994.0,,streams,https://i.ytimg.com/vi/R5aWn0hJk-4/hqdefault.jpg?sqp=-oaymwEcCNACELwBSFXyq4qpAw4IARUAAIhCGAFwAcABBg==&rs=AOn4CLDC-caO9AvUhCZHegVxsz00bWyIJA,Jaime Gabaldoni,external-reference,embed_link_and_summarize_only
DsgsSNOhXBs,https://www.youtube.com/watch?v=DsgsSNOhXBs,Land Rover Range Rover 2022…y un café,3618.0,,streams,https://i.ytimg.com/vi/DsgsSNOhXBs/hqdefault.jpg?sqp=-oaymwEcCNACELwBSFXyq4qpAw4IARUAAIhCGAFwAcABBg==&rs=AOn4CLBmfChzWx8EA6km8S9pK-mnYIcKDA,Jaime Gabaldoni,external-reference,embed_link_and_summarize_only
UbnkoI2DGU4,https://www.youtube.com/watch?v=UbnkoI2DGU4,Kia Sportage Hybrid 2023…y un café,2457.0,,streams,https://i.ytimg.com/vi/UbnkoI2DGU4/hqdefault.jpg?sqp=-oaymwEcCNACELwBSFXyq4qpAw4IARUAAIhCGAFwAcABBg==&rs=AOn4CLB1s-vkCzMw7PIjEF9KXisTrH0ucw,Jaime Gabaldoni,external-reference,embed_link_and_summarize_only
YdjdMnbInAE,https://www.youtube.com/watch?v=YdjdMnbInAE,Volvo XC60 Recharge T8 Inscription 2022…y un café,2675.0,,streams,https://i.ytimg.com/vi/YdjdMnbInAE/hqdefault.jpg?sqp=-oaymwEcCNACELwBSFXyq4qpAw4IARUAAIhCGAFwAcABBg==&rs=AOn4CLBhfQELycKhnEsXcnEVY4-3FZ9pbQ,Jaime Gabaldoni,external-reference,embed_link_and_summarize_only
EGIIkt8cdW4,https://www.youtube.com/watch?v=EGIIkt8cdW4,Toyota GR Supra 3.0 A91-CF…en vivo,397.0,,streams,https://i.ytimg.com/vi/EGIIkt8cdW4/hqdefault.jpg?sqp=-oaymwEcCNACELwBSFXyq4qpAw4IARUAAIhCGAFwAcABBg==&rs=AOn4CLCFx2jlxDszgy45bO7Kt4BDNABGmQ,Jaime Gabaldoni,external-reference,embed_link_and_summarize_only
r5RJ5Ne7bs0,https://www.youtube.com/watch?v=r5RJ5Ne7bs0,Toyota Supra 3.0 2022…y un café,3237.0,,streams,https://i.ytimg.com/vi/r5RJ5Ne7bs0/hqdefault.jpg?sqp=-oaymwEcCNACELwBSFXyq4qpAw4IARUAAIhCGAFwAcABBg==&rs=AOn4CLBaVFUxIdIyoSZwCnKozUiSKvQz_Q,Jaime Gabaldoni,external-reference,embed_link_and_summarize_only
5FRx6fGAQMs,https://www.youtube.com/watch?v=5FRx6fGAQMs,GMC Sierra 1500 Denali Ultimate 2022 …y un café,2874.0,,streams,https://i.ytimg.com/vi/5FRx6fGAQMs/hqdefault.jpg?sqp=-oaymwEcCNACELwBSFXyq4qpAw4IARUAAIhCGAFwAcABBg==&rs=AOn4CLC2mZTM0FTn2eELi85tYPanz028gw,Jaime Gabaldoni,external-reference,embed_link_and_summarize_only
UHRqGbCO3mY,https://www.youtube.com/watch?v=UHRqGbCO3mY,Visitando The Collection en Miami,876.0,,streams,https://i.ytimg.com/vi/UHRqGbCO3mY/hqdefault.jpg?sqp=-oaymwE2CNACELwBSFXyq4qpAygIARUAAIhCGAFwAcABBvABAfgB_gmAAtAFigIMCAAQARhlIFYoTTAP&rs=AOn4CLBcrY_1Ws_U7JabEab7Kt2F0fAMNA,Jaime Gabaldoni,external-reference,embed_link_and_summarize_only
0UywFQI0Dr0,https://www.youtube.com/watch?v=0UywFQI0Dr0,Maserati Grecale 2023…en vivo,585.0,,streams,https://i.ytimg.com/vi/0UywFQI0Dr0/hqdefault.jpg?sqp=-oaymwEcCNACELwBSFXyq4qpAw4IARUAAIhCGAFwAcABBg==&rs=AOn4CLBa494q0-ok1PJc8pyLG6jV5OxaZQ,Jaime Gabaldoni,external-reference,embed_link_and_summarize_only
z7ae5Z7PyvY,https://www.youtube.com/watch?v=z7ae5Z7PyvY,Mazda CX-50 Turbo 2023…y un café,2600.0,,streams,https://i.ytimg.com/vi/z7ae5Z7PyvY/hqdefault.jpg?sqp=-oaymwEcCNACELwBSFXyq4qpAw4IARUAAIhCGAFwAcABBg==&rs=AOn4CLAg9JMgW2W1pDTCzWYAANHu4mbBiQ,Jaime Gabaldoni,external-reference,embed_link_and_summarize_only
_XsGVxRX9ok,https://www.youtube.com/watch?v=_XsGVxRX9ok,Chevrolet Silverado 1500 ZR2 2022…y un café,2709.0,,streams,https://i.ytimg.com/vi/_XsGVxRX9ok/hqdefault.jpg?sqp=-oaymwEcCNACELwBSFXyq4qpAw4IARUAAIhCGAFwAcABBg==&rs=AOn4CLC1T0eClAPLymmBcNSiZpdzYixetQ,Jaime Gabaldoni,external-reference,embed_link_and_summarize_only
hPW-lF4mXec,https://www.youtube.com/watch?v=hPW-lF4mXec,Nissan Kicks 2022…y un café,2464.0,,streams,https://i.ytimg.com/vi/hPW-lF4mXec/hqdefault.jpg?sqp=-oaymwEcCNACELwBSFXyq4qpAw4IARUAAIhCGAFwAcABBg==&rs=AOn4CLCzwAPbMOiYypw_g6woGk0yj1OwAQ,Jaime Gabaldoni,external-reference,embed_link_and_summarize_only
uP_D9HLtcxg,https://www.youtube.com/watch?v=uP_D9HLtcxg,Lexus IS500 F Sport Performance 2022…y un café,2643.0,,streams,https://i.ytimg.com/vi/uP_D9HLtcxg/hqdefault.jpg?sqp=-oaymwEcCNACELwBSFXyq4qpAw4IARUAAIhCGAFwAcABBg==&rs=AOn4CLBdtDKHbPV3rB-9DP33XbuZ9f1Lag,Jaime Gabaldoni,external-reference,embed_link_and_summarize_only
O5Nt4CzmKIg,https://www.youtube.com/watch?v=O5Nt4CzmKIg,Ford Ranger Tremor 2022…y un café,2906.0,,streams,https://i.ytimg.com/vi/O5Nt4CzmKIg/hqdefault.jpg?sqp=-oaymwEcCNACELwBSFXyq4qpAw4IARUAAIhCGAFwAcABBg==&rs=AOn4CLAySDeeJrIepAXm3-ABm7cush8tcw,Jaime Gabaldoni,external-reference,embed_link_and_summarize_only
-sCezYO79W8,https://www.youtube.com/watch?v=-sCezYO79W8,Toyota Corolla XSE Hatchback 2022…y un café,2562.0,,streams,https://i.ytimg.com/vi/-sCezYO79W8/hqdefault.jpg?sqp=-oaymwEcCNACELwBSFXyq4qpAw4IARUAAIhCGAFwAcABBg==&rs=AOn4CLB8Y4k24LlDAn9Yt6wMU22O9vlDJw,Jaime Gabaldoni,external-reference,embed_link_and_summarize_only
UgHSyjoP7fo,https://www.youtube.com/watch?v=UgHSyjoP7fo,Volkswagen Taos 2022…y un café,2707.0,,streams,https://i.ytimg.com/vi/UgHSyjoP7fo/hqdefault.jpg?sqp=-oaymwEcCNACELwBSFXyq4qpAw4IARUAAIhCGAFwAcABBg==&rs=AOn4CLAJ_LteWuP5DiJtR557wNAK0vdkWQ,Jaime Gabaldoni,external-reference,embed_link_and_summarize_only
QPfRLzAMquQ,https://www.youtube.com/watch?v=QPfRLzAMquQ,Mesa Redonda Abril 2022,5978.0,,streams,https://i.ytimg.com/vi/QPfRLzAMquQ/hqdefault.jpg?sqp=-oaymwEcCNACELwBSFXyq4qpAw4IARUAAIhCGAFwAcABBg==&rs=AOn4CLBvBEuM1JBH1pAQGE3Bq9L3K2QWcQ,Jaime Gabaldoni,external-reference,embed_link_and_summarize_only
JRs6Htk5Hdo,https://www.youtube.com/watch?v=JRs6Htk5Hdo,Subaru Forester Wilderness 2022…y un café,2726.0,,streams,https://i.ytimg.com/vi/JRs6Htk5Hdo/hqdefault.jpg?sqp=-oaymwEcCNACELwBSFXyq4qpAw4IARUAAIhCGAFwAcABBg==&rs=AOn4CLDiJ5J3BCAdS0MeEPpibbw2Z-bHDA,Jaime Gabaldoni,external-reference,embed_link_and_summarize_only
mKe4PZ1oiAs,https://www.youtube.com/watch?v=mKe4PZ1oiAs,Jeep Grand Cherokee Summit Reserve 2022…y un café,2922.0,,streams,https://i.ytimg.com/vi/mKe4PZ1oiAs/hqdefault.jpg?sqp=-oaymwEcCNACELwBSFXyq4qpAw4IARUAAIhCGAFwAcABBg==&rs=AOn4CLBl6r-7KjRBTdtwzZlf-mq194WLlg,Jaime Gabaldoni,external-reference,embed_link_and_summarize_only
3ZgJ3LITCYE,https://www.youtube.com/watch?v=3ZgJ3LITCYE,Toyota Tundra Platinum 2022…y un café,1057.0,,streams,https://i.ytimg.com/vi/3ZgJ3LITCYE/hqdefault.jpg?sqp=-oaymwEcCNACELwBSFXyq4qpAw4IARUAAIhCGAFwAcABBg==&rs=AOn4CLDlXqMgD_DiP4WS5iRHAtBVSUAr6Q,Jaime Gabaldoni,external-reference,embed_link_and_summarize_only
TytTI6lTbFY,https://www.youtube.com/watch?v=TytTI6lTbFY,Mazda 3 Turbo AWD 2022…y un café,2569.0,,streams,https://i.ytimg.com/vi/TytTI6lTbFY/hqdefault.jpg?sqp=-oaymwEcCNACELwBSFXyq4qpAw4IARUAAIhCGAFwAcABBg==&rs=AOn4CLAxf41hr76T9LjZL6UX2dGm_f0YGA,Jaime Gabaldoni,external-reference,embed_link_and_summarize_only
umH1dX7K4rk,https://www.youtube.com/watch?v=umH1dX7K4rk,Cadillac Escalade Sport 2022…y un café,2366.0,,streams,https://i.ytimg.com/vi/umH1dX7K4rk/hqdefault.jpg?sqp=-oaymwEcCNACELwBSFXyq4qpAw4IARUAAIhCGAFwAcABBg==&rs=AOn4CLCV1EJfslVOD_T94rxVOzn0BJr0wQ,Jaime Gabaldoni,external-reference,embed_link_and_summarize_only
_GXn4xuGFII,https://www.youtube.com/watch?v=_GXn4xuGFII,Honda Passport TrailSport 2022…y un café,2486.0,,streams,https://i.ytimg.com/vi/_GXn4xuGFII/hqdefault.jpg?sqp=-oaymwEcCNACELwBSFXyq4qpAw4IARUAAIhCGAFwAcABBg==&rs=AOn4CLDck535vUuCTkas-2ch9_lkrqHg9w,Jaime Gabaldoni,external-reference,embed_link_and_summarize_only
TkVHk2EyppA,https://www.youtube.com/watch?v=TkVHk2EyppA,Mercedes-Benz GLE450 4MATIC 2022…y un café,2711.0,,streams,https://i.ytimg.com/vi/TkVHk2EyppA/hqdefault.jpg?sqp=-oaymwEcCNACELwBSFXyq4qpAw4IARUAAIhCGAFwAcABBg==&rs=AOn4CLAMxVKTQ4SY_-DXxWRzZypkthFc0A,Jaime Gabaldoni,external-reference,embed_link_and_summarize_only
Ma62nVUVCAI,https://www.youtube.com/watch?v=Ma62nVUVCAI,Volvo XC40 Recharge 2022 …y un café,3328.0,,streams,https://i.ytimg.com/vi/Ma62nVUVCAI/hqdefault.jpg?sqp=-oaymwEcCNACELwBSFXyq4qpAw4IARUAAIhCGAFwAcABBg==&rs=AOn4CLCYFWi8x5owsLRXjm1Wtm5mF5XjAQ,Jaime Gabaldoni,external-reference,embed_link_and_summarize_only
HXbjicogHYI,https://www.youtube.com/watch?v=HXbjicogHYI,Subaru WRX Limited 2022 …y un café,3043.0,,streams,https://i.ytimg.com/vi/HXbjicogHYI/hqdefault.jpg?sqp=-oaymwEcCNACELwBSFXyq4qpAw4IARUAAIhCGAFwAcABBg==&rs=AOn4CLCSJATde8GrCyPwF4xDw-wJtqQ9Kg,Jaime Gabaldoni,external-reference,embed_link_and_summarize_only
M2yonIPt200,https://www.youtube.com/watch?v=M2yonIPt200,KIA Sorento Hybrid EX 2022…y un café,2807.0,,streams,https://i.ytimg.com/vi/M2yonIPt200/hqdefault.jpg?sqp=-oaymwEcCNACELwBSFXyq4qpAw4IARUAAIhCGAFwAcABBg==&rs=AOn4CLChyvM2-FgYSsbfwssbYDrZ1MTMJA,Jaime Gabaldoni,external-reference,embed_link_and_summarize_only
aVgz4pjobfc,https://www.youtube.com/watch?v=aVgz4pjobfc,Comprando computadora @Apple,804.0,,streams,https://i.ytimg.com/vi/aVgz4pjobfc/hqdefault.jpg?sqp=-oaymwEcCNACELwBSFXyq4qpAw4IARUAAIhCGAFwAcABBg==&rs=AOn4CLDosSqBMswMEPzjLEIYPRu8v8BHzg,Jaime Gabaldoni,external-reference,embed_link_and_summarize_only
DPdQ3zzOAJ4,https://www.youtube.com/watch?v=DPdQ3zzOAJ4,Toyota Sequoia TRD Pro 2022…y un café,2676.0,,streams,https://i.ytimg.com/vi/DPdQ3zzOAJ4/hqdefault.jpg?sqp=-oaymwEcCNACELwBSFXyq4qpAw4IARUAAIhCGAFwAcABBg==&rs=AOn4CLAfhp-w6_1bGiP7zLrP9Lw4kxvGHg,Jaime Gabaldoni,external-reference,embed_link_and_summarize_only
vIFqvUfsRsA,https://www.youtube.com/watch?v=vIFqvUfsRsA,Nissan Sentra SR 2022…y un café,2835.0,,streams,https://i.ytimg.com/vi/vIFqvUfsRsA/hqdefault.jpg?sqp=-oaymwEcCNACELwBSFXyq4qpAw4IARUAAIhCGAFwAcABBg==&rs=AOn4CLCOyIEyV10Krr1T8w-ep1ZdWVfJuQ,Jaime Gabaldoni,external-reference,embed_link_and_summarize_only
C3WKw1nMOPk,https://www.youtube.com/watch?v=C3WKw1nMOPk,ANUNCIO IMPORTANTE- BMW iX xDrive50 2022...y un cafe,2540.0,,streams,https://i.ytimg.com/vi/C3WKw1nMOPk/hqdefault.jpg?sqp=-oaymwEcCNACELwBSFXyq4qpAw4IARUAAIhCGAFwAcABBg==&rs=AOn4CLAn6miGm1B9TSMYRHX4Cj9a52pfoQ,Jaime Gabaldoni,external-reference,embed_link_and_summarize_only
_4mKDCjgLqc,https://www.youtube.com/watch?v=_4mKDCjgLqc,BMW M240i xDrive Coupe 2022...y un cafe,2577.0,,streams,https://i.ytimg.com/vi/_4mKDCjgLqc/hqdefault.jpg?sqp=-oaymwEcCNACELwBSFXyq4qpAw4IARUAAIhCGAFwAcABBg==&rs=AOn4CLACE3WB7zDEvd9r4EeTB3MuOgcagQ,Jaime Gabaldoni,external-reference,embed_link_and_summarize_only
4YcLysI7Pxk,https://www.youtube.com/watch?v=4YcLysI7Pxk,Hyundai Santa Cruz Limited 2022...y un cafe,3057.0,,streams,https://i.ytimg.com/vi/4YcLysI7Pxk/hqdefault.jpg?sqp=-oaymwEcCNACELwBSFXyq4qpAw4IARUAAIhCGAFwAcABBg==&rs=AOn4CLCP4OL46m3UuBKs7zqSVQiLeYiS1Q,Jaime Gabaldoni,external-reference,embed_link_and_summarize_only
XY442gspwdc,https://www.youtube.com/watch?v=XY442gspwdc,Mercedes-AMG GT53 2022...y un cafe,3060.0,,streams,https://i.ytimg.com/vi/XY442gspwdc/hqdefault.jpg?sqp=-oaymwEcCNACELwBSFXyq4qpAw4IARUAAIhCGAFwAcABBg==&rs=AOn4CLBx_3Xcl6rj9x9QF-Hd9-NQt2XqtA,Jaime Gabaldoni,external-reference,embed_link_and_summarize_only
1g68xdzxWLg,https://www.youtube.com/watch?v=1g68xdzxWLg,Lexus LX600 F Sport 2022...y un cafe,2355.0,,streams,https://i.ytimg.com/vi/1g68xdzxWLg/hqdefault.jpg?sqp=-oaymwEcCNACELwBSFXyq4qpAw4IARUAAIhCGAFwAcABBg==&rs=AOn4CLD-VZ3IvxJb12OXyDoohmqSzh7BKg,Jaime Gabaldoni,external-reference,embed_link_and_summarize_only
C337FazBnWw,https://www.youtube.com/watch?v=C337FazBnWw,Toyota GR86 2022 …y un café,2875.0,,streams,https://i.ytimg.com/vi/C337FazBnWw/hqdefault.jpg?sqp=-oaymwEcCNACELwBSFXyq4qpAw4IARUAAIhCGAFwAcABBg==&rs=AOn4CLDpnIggCe7G3ubwRs4BMmdLa-MP5A,Jaime Gabaldoni,external-reference,embed_link_and_summarize_only
qnsvi4yzQ_U,https://www.youtube.com/watch?v=qnsvi4yzQ_U,Cadillac CT4 V-Series Blackwing 2022…y un café,2151.0,,streams,https://i.ytimg.com/vi/qnsvi4yzQ_U/hqdefault.jpg?sqp=-oaymwEcCNACELwBSFXyq4qpAw4IARUAAIhCGAFwAcABBg==&rs=AOn4CLAnN-ozQSkgBJSoIRcYMEdGZ7NxDw,Jaime Gabaldoni,external-reference,embed_link_and_summarize_only
yOEbGkeBTDo,https://www.youtube.com/watch?v=yOEbGkeBTDo,Ford Edge ST 2022…y un café,2051.0,,streams,https://i.ytimg.com/vi/yOEbGkeBTDo/hqdefault.jpg?sqp=-oaymwEcCNACELwBSFXyq4qpAw4IARUAAIhCGAFwAcABBg==&rs=AOn4CLA9tPk90Ms-QK4AXgHW5nyfcxFNTw,Jaime Gabaldoni,external-reference,embed_link_and_summarize_only
Gq4JSdkmaBc,https://www.youtube.com/watch?v=Gq4JSdkmaBc,Kia Stinger GT-Line 2022…y un café,2289.0,,streams,https://i.ytimg.com/vi/Gq4JSdkmaBc/hqdefault.jpg?sqp=-oaymwEcCNACELwBSFXyq4qpAw4IARUAAIhCGAFwAcABBg==&rs=AOn4CLC6SPTHN4jeLoXyxAgznMGabqjoPA,Jaime Gabaldoni,external-reference,embed_link_and_summarize_only
dLqY_qniMYc,https://www.youtube.com/watch?v=dLqY_qniMYc,Karma GS-6 2021 …y un café,2320.0,,streams,https://i.ytimg.com/vi/dLqY_qniMYc/hqdefault.jpg?sqp=-oaymwEcCNACELwBSFXyq4qpAw4IARUAAIhCGAFwAcABBg==&rs=AOn4CLB8aF5hcbwGF2-TvILx3Zf2ztWptA,Jaime Gabaldoni,external-reference,embed_link_and_summarize_only
wH6GZqqJGzs,https://www.youtube.com/watch?v=wH6GZqqJGzs,Lamborghini Huracán STO …y un café,2191.0,,streams,https://i.ytimg.com/vi/wH6GZqqJGzs/hqdefault.jpg?sqp=-oaymwEcCNACELwBSFXyq4qpAw4IARUAAIhCGAFwAcABBg==&rs=AOn4CLDtEqPoRxiJdsZjseCP4kblDvb82w,Jaime Gabaldoni,external-reference,embed_link_and_summarize_only
qePEdMU_tic,https://www.youtube.com/watch?v=qePEdMU_tic,Maserati Ghibli Trofeo 2021…y un café,2580.0,,streams,https://i.ytimg.com/vi/qePEdMU_tic/hqdefault.jpg?sqp=-oaymwEcCNACELwBSFXyq4qpAw4IARUAAIhCGAFwAcABBg==&rs=AOn4CLBm9PuCAvieKDkRuCijfAyXdI2cUw,Jaime Gabaldoni,external-reference,embed_link_and_summarize_only
yUKprd1uzkY,https://www.youtube.com/watch?v=yUKprd1uzkY,Hyundai Santa Fé Hybrid 2021…y un café,2004.0,,streams,https://i.ytimg.com/vi/yUKprd1uzkY/hqdefault.jpg?sqp=-oaymwEcCNACELwBSFXyq4qpAw4IARUAAIhCGAFwAcABBg==&rs=AOn4CLBDr7KlNt5BxxWHjU2pF3r-gtse5g,Jaime Gabaldoni,external-reference,embed_link_and_summarize_only
m1GD_KlGqdM,https://www.youtube.com/watch?v=m1GD_KlGqdM,Nissan Armada Platinum 2022…y un café,2774.0,,streams,https://i.ytimg.com/vi/m1GD_KlGqdM/hqdefault.jpg?sqp=-oaymwEcCNACELwBSFXyq4qpAw4IARUAAIhCGAFwAcABBg==&rs=AOn4CLAX-MYzFk_fzYceOtqdIrNyLwmYUw,Jaime Gabaldoni,external-reference,embed_link_and_summarize_only
-WV1yhEO8hI,https://www.youtube.com/watch?v=-WV1yhEO8hI,Mini John Cooper Works 2022…y un café,1702.0,,streams,https://i.ytimg.com/vi/-WV1yhEO8hI/hqdefault.jpg?sqp=-oaymwEcCNACELwBSFXyq4qpAw4IARUAAIhCGAFwAcABBg==&rs=AOn4CLAnzGR13bUrAe250pCd0fmOILdNJg,Jaime Gabaldoni,external-reference,embed_link_and_summarize_only
GxIlbwiqgNs,https://www.youtube.com/watch?v=GxIlbwiqgNs,Polestar 2 2022 …y un café,2524.0,,streams,https://i.ytimg.com/vi/GxIlbwiqgNs/hqdefault.jpg?sqp=-oaymwEcCNACELwBSFXyq4qpAw4IARUAAIhCGAFwAcABBg==&rs=AOn4CLCbGJ7_Hati9j6cUl5BwqPXunSHew,Jaime Gabaldoni,external-reference,embed_link_and_summarize_only
UUYBkPa8gFs,https://www.youtube.com/watch?v=UUYBkPa8gFs,Ford Maverick 2022…y un café,3003.0,,streams,https://i.ytimg.com/vi/UUYBkPa8gFs/hqdefault.jpg?sqp=-oaymwEcCNACELwBSFXyq4qpAw4IARUAAIhCGAFwAcABBg==&rs=AOn4CLCHZ-VXpy6psKG4qC_RrFK5win1-w,Jaime Gabaldoni,external-reference,embed_link_and_summarize_only
Q0ncOXUU_cU,https://www.youtube.com/watch?v=Q0ncOXUU_cU,Preguntas y Respuestas en Vivo | Octubre 2021,2483.0,,streams,https://i.ytimg.com/vi/Q0ncOXUU_cU/hqdefault.jpg?sqp=-oaymwEcCNACELwBSFXyq4qpAw4IARUAAIhCGAFwAcABBg==&rs=AOn4CLBAO891lq0LgEN_IvhS84PhBlircA,Jaime Gabaldoni,external-reference,embed_link_and_summarize_only
yZhUi9yWoEE,https://www.youtube.com/watch?v=yZhUi9yWoEE,Grand Wagoneer 2022 …y un café,1503.0,,streams,https://i.ytimg.com/vi/yZhUi9yWoEE/hqdefault.jpg?sqp=-oaymwEcCNACELwBSFXyq4qpAw4IARUAAIhCGAFwAcABBg==&rs=AOn4CLDKuIilLXvNckIG1CSGusGK2EtO8w,Jaime Gabaldoni,external-reference,embed_link_and_summarize_only
Jr9n6NpCAh0,https://www.youtube.com/watch?v=Jr9n6NpCAh0,Toyota Venza 2021 … y un café,2990.0,,streams,https://i.ytimg.com/vi/Jr9n6NpCAh0/hqdefault.jpg?sqp=-oaymwEcCNACELwBSFXyq4qpAw4IARUAAIhCGAFwAcABBg==&rs=AOn4CLDxZpdYwPxt01u6YCTgc3Qw-iJnPw,Jaime Gabaldoni,external-reference,embed_link_and_summarize_only
HpvcPIU7gPE,https://www.youtube.com/watch?v=HpvcPIU7gPE,Lexus LX 570 2021…y un café,1892.0,,streams,https://i.ytimg.com/vi/HpvcPIU7gPE/hqdefault.jpg?sqp=-oaymwEcCNACELwBSFXyq4qpAw4IARUAAIhCGAFwAcABBg==&rs=AOn4CLDsmXWLKJGaopaCWCDROrJTIoY4zw,Jaime Gabaldoni,external-reference,embed_link_and_summarize_only
92LiTHI9XMk,https://www.youtube.com/watch?v=92LiTHI9XMk,Kia Carnival 2022 …y un café,2804.0,,streams,https://i.ytimg.com/vi/92LiTHI9XMk/hqdefault.jpg?sqp=-oaymwEcCNACELwBSFXyq4qpAw4IARUAAIhCGAFwAcABBg==&rs=AOn4CLBoRRRrqAbr49fpQ5eZObLp8qd74w,Jaime Gabaldoni,external-reference,embed_link_and_summarize_only
Go013wF3K5Y,https://www.youtube.com/watch?v=Go013wF3K5Y,Audi RS e-tron GT 2022…y un café,1980.0,,streams,https://i.ytimg.com/vi/Go013wF3K5Y/hqdefault.jpg?sqp=-oaymwEcCNACELwBSFXyq4qpAw4IARUAAIhCGAFwAcABBg==&rs=AOn4CLDMBWrbwTo4AJWaEvO-ZjUUzgk3WQ,Jaime Gabaldoni,external-reference,embed_link_and_summarize_only
SEhWigr4sA4,https://www.youtube.com/watch?v=SEhWigr4sA4,Preguntas y Respuestas en Vivo | Agosto 2021,2810.0,,streams,https://i.ytimg.com/vi/SEhWigr4sA4/hqdefault.jpg?sqp=-oaymwEcCNACELwBSFXyq4qpAw4IARUAAIhCGAFwAcABBg==&rs=AOn4CLDz9wkfmKgcI5Ic0wsJk4G66IEsuQ,Jaime Gabaldoni,external-reference,embed_link_and_summarize_only
3OPV90_A7ac,https://www.youtube.com/watch?v=3OPV90_A7ac,Mazda CX-30 Turbo 2021...y un café,2645.0,,streams,https://i.ytimg.com/vi/3OPV90_A7ac/hqdefault.jpg?sqp=-oaymwEcCNACELwBSFXyq4qpAw4IARUAAIhCGAFwAcABBg==&rs=AOn4CLDKfLN7BU2O1phARfeJU39Z1cIuYw,Jaime Gabaldoni,external-reference,embed_link_and_summarize_only
AaCLN-d9jHE,https://www.youtube.com/watch?v=AaCLN-d9jHE,En Vivo: Nuevo Hyundai Elantra N 2022,3986.0,,streams,https://i.ytimg.com/vi/AaCLN-d9jHE/hqdefault.jpg?sqp=-oaymwEcCNACELwBSFXyq4qpAw4IARUAAIhCGAFwAcABBg==&rs=AOn4CLBkNG6d1O0VuM2g60MW18RRtvzzJg,Jaime Gabaldoni,external-reference,embed_link_and_summarize_only
-_fNjlsTUEU,https://www.youtube.com/watch?v=-_fNjlsTUEU,En Vivo: Lanzamiento del nuevo Nissan Z 2023,3403.0,,streams,https://i.ytimg.com/vi/-_fNjlsTUEU/hqdefault.jpg?sqp=-oaymwEcCNACELwBSFXyq4qpAw4IARUAAIhCGAFwAcABBg==&rs=AOn4CLB0lbCIhH0-MuJwDLzsIwuemtV7gg,Jaime Gabaldoni,external-reference,embed_link_and_summarize_only
gQTiynaxTts,https://www.youtube.com/watch?v=gQTiynaxTts,Nissan Frontier PRO-4x 2022...y un café,3005.0,,streams,https://i.ytimg.com/vi/gQTiynaxTts/hqdefault.jpg?sqp=-oaymwEcCNACELwBSFXyq4qpAw4IARUAAIhCGAFwAcABBg==&rs=AOn4CLAelUkYyTYhIvYPVGDXVDKTadgSOQ,Jaime Gabaldoni,external-reference,embed_link_and_summarize_only
MLu8BDn9lvI,https://www.youtube.com/watch?v=MLu8BDn9lvI,Lexus ES 350 F Sport 2022 ...y un café,2524.0,,streams,https://i.ytimg.com/vi/MLu8BDn9lvI/hqdefault.jpg?sqp=-oaymwEcCNACELwBSFXyq4qpAw4IARUAAIhCGAFwAcABBg==&rs=AOn4CLBVViXuOn_JMl8KuI8ZYdtfiWjw0g,Jaime Gabaldoni,external-reference,embed_link_and_summarize_only
GRAhu4XNixE,https://www.youtube.com/watch?v=GRAhu4XNixE,Preguntas y Respuestas en Vivo | Julio 2021,3686.0,,streams,https://i.ytimg.com/vi/GRAhu4XNixE/hqdefault.jpg?sqp=-oaymwEcCNACELwBSFXyq4qpAw4IARUAAIhCGAFwAcABBg==&rs=AOn4CLDvxfRLjUZhzkGDsapOlU8msPZSkA,Jaime Gabaldoni,external-reference,embed_link_and_summarize_only
n3zNOPD5h28,https://www.youtube.com/watch?v=n3zNOPD5h28,Preguntas y Respuestas en vivo | Junio 2021,3734.0,,streams,https://i.ytimg.com/vi/n3zNOPD5h28/hqdefault.jpg?sqp=-oaymwEcCNACELwBSFXyq4qpAw4IARUAAIhCGAFwAcABBg==&rs=AOn4CLAMHTGR-dQoNsUuVsSCWHLf7I5f1Q,Jaime Gabaldoni,external-reference,embed_link_and_summarize_only
YSRvcJ1y0ls,https://www.youtube.com/watch?v=YSRvcJ1y0ls,Preguntas y Respuestas | Nissan Sentra SR y Ram TRX (Feat. Luca),2319.0,,streams,https://i.ytimg.com/vi/YSRvcJ1y0ls/hqdefault.jpg?sqp=-oaymwEcCNACELwBSFXyq4qpAw4IARUAAIhCGAFwAcABBg==&rs=AOn4CLC2I1nNqnka9UFP_fAhYwLQLStNpw,Jaime Gabaldoni,external-reference,embed_link_and_summarize_only
DEl2cj6N7-E,https://www.youtube.com/watch?v=DEl2cj6N7-E,Preguntas y Respuestas | RAM TRX 2021 (720p),2592.0,,streams,https://i.ytimg.com/vi/DEl2cj6N7-E/hqdefault.jpg?sqp=-oaymwEcCNACELwBSFXyq4qpAw4IARUAAIhCGAFwAcABBg==&rs=AOn4CLBFGA3Czcbyc93r2DAAVm8ZP82pxw,Jaime Gabaldoni,external-reference,embed_link_and_summarize_only
IkxnVEVuuUw,https://www.youtube.com/watch?v=IkxnVEVuuUw,Lexus ES 300h Ultra Luxury 2021 ...y un café,2358.0,,streams,https://i.ytimg.com/vi/IkxnVEVuuUw/hqdefault.jpg?sqp=-oaymwEcCNACELwBSFXyq4qpAw4IARUAAIhCGAFwAcABBg==&rs=AOn4CLBtiA0A2IZqeGtsSfku6r5xDX7PQw,Jaime Gabaldoni,external-reference,embed_link_and_summarize_only
cjFdcOvQ_s0,https://www.youtube.com/watch?v=cjFdcOvQ_s0,Ford Mustang Mach-E 2021 ...y un café,2754.0,,streams,https://i.ytimg.com/vi/cjFdcOvQ_s0/hqdefault.jpg?sqp=-oaymwEcCNACELwBSFXyq4qpAw4IARUAAIhCGAFwAcABBg==&rs=AOn4CLBxQd6USb4HtONwPaQNeqKTkkkODA,Jaime Gabaldoni,external-reference,embed_link_and_summarize_only
jjpT20T1-kE,https://www.youtube.com/watch?v=jjpT20T1-kE,Honda Civic CRX Si 1985...y un café,2844.0,,streams,https://i.ytimg.com/vi/jjpT20T1-kE/hqdefault.jpg?sqp=-oaymwEcCNACELwBSFXyq4qpAw4IARUAAIhCGAFwAcABBg==&rs=AOn4CLCm1q9F0oFXFSvOWbiS-I2hcXTvvw,Jaime Gabaldoni,external-reference,embed_link_and_summarize_only
K1E_7L7z7Zo,https://www.youtube.com/watch?v=K1E_7L7z7Zo,Mercedes-Maybach GLS 600 2021...y un café,2840.0,,streams,https://i.ytimg.com/vi/K1E_7L7z7Zo/hqdefault.jpg?sqp=-oaymwEcCNACELwBSFXyq4qpAw4IARUAAIhCGAFwAcABBg==&rs=AOn4CLBnPgh6sKO5vi8wPYPd-WFOjZ1Xpg,Jaime Gabaldoni,external-reference,embed_link_and_summarize_only
v7I7n31ZHlA,https://www.youtube.com/watch?v=v7I7n31ZHlA,Volkswagen Jetta R-Line 2021...y un café,2788.0,,streams,https://i.ytimg.com/vi/v7I7n31ZHlA/hqdefault.jpg?sqp=-oaymwEcCNACELwBSFXyq4qpAw4IARUAAIhCGAFwAcABBg==&rs=AOn4CLC6tACEoPBBJwm-xp4hmolHgBWYGA,Jaime Gabaldoni,external-reference,embed_link_and_summarize_only
yAueNAc37M8,https://www.youtube.com/watch?v=yAueNAc37M8,Honda Prelude Type-SH 1999...y un café,3291.0,,streams,https://i.ytimg.com/vi/yAueNAc37M8/hqdefault.jpg?sqp=-oaymwEcCNACELwBSFXyq4qpAw4IARUAAIhCGAFwAcABBg==&rs=AOn4CLDzVNK0oYbbvNKlc0Pa_feEiLTSiQ,Jaime Gabaldoni,external-reference,embed_link_and_summarize_only
4kUOqSuI2xc,https://www.youtube.com/watch?v=4kUOqSuI2xc,Volkswagen Arteon SEL R-Line 2021...y un café,2429.0,,streams,https://i.ytimg.com/vi/4kUOqSuI2xc/hqdefault.jpg?sqp=-oaymwEcCNACELwBSFXyq4qpAw4IARUAAIhCGAFwAcABBg==&rs=AOn4CLC6XJXJgUfHGKYQYoULtGFUCRfP4g,Jaime Gabaldoni,external-reference,embed_link_and_summarize_only
Qo1zclGeP7A,https://www.youtube.com/watch?v=Qo1zclGeP7A,Chevrolet Tahoe Z71 2021...feliz navidad,2773.0,,streams,https://i.ytimg.com/vi/Qo1zclGeP7A/hqdefault.jpg?sqp=-oaymwEcCNACELwBSFXyq4qpAw4IARUAAIhCGAFwAcABBg==&rs=AOn4CLBIItAv9mVrsNwaaImEHvwXnhcbag,Jaime Gabaldoni,external-reference,embed_link_and_summarize_only
Lfhutkeqjws,https://www.youtube.com/watch?v=Lfhutkeqjws,Mercedes-Benz E450 4MATIC Cabriolet 2021...y un café,3327.0,,streams,https://i.ytimg.com/vi/Lfhutkeqjws/hqdefault.jpg?sqp=-oaymwEcCNACELwBSFXyq4qpAw4IARUAAIhCGAFwAcABBg==&rs=AOn4CLB3APEBi9248TjIo3UdVz-YuQl0yQ,Jaime Gabaldoni,external-reference,embed_link_and_summarize_only
FyV8hHBlv2M,https://www.youtube.com/watch?v=FyV8hHBlv2M,Toyota Supra GR 3.0 2021...y un café,2860.0,,streams,https://i.ytimg.com/vi/FyV8hHBlv2M/hqdefault.jpg?sqp=-oaymwEcCNACELwBSFXyq4qpAw4IARUAAIhCGAFwAcABBg==&rs=AOn4CLBNlWnmlxmE_pG2zTa02LRTXBJIcQ,Jaime Gabaldoni,external-reference,embed_link_and_summarize_only
PLZfxkAgvZc,https://www.youtube.com/watch?v=PLZfxkAgvZc,Dodge Charger SRT Hellcat Redeye 2021...y un café,1380.0,,streams,https://i.ytimg.com/vi/PLZfxkAgvZc/hqdefault.jpg?sqp=-oaymwEcCNACELwBSFXyq4qpAw4IARUAAIhCGAFwAcABBg==&rs=AOn4CLD44hoa7w2-WeNp64h0pYPwBrT5lA,Jaime Gabaldoni,external-reference,embed_link_and_summarize_only
WiyXk4F44us,https://www.youtube.com/watch?v=WiyXk4F44us,Volkswagen ID.4 2021 ...y un cafe,1360.0,,streams,https://i.ytimg.com/vi/WiyXk4F44us/hqdefault.jpg?sqp=-oaymwEcCNACELwBSFXyq4qpAw4IARUAAIhCGAFwAcABBg==&rs=AOn4CLDO-DKvK2plOk1Iy65TJm1kxA2Xeg,Jaime Gabaldoni,external-reference,embed_link_and_summarize_only
5NKAZ-XoZwM,https://www.youtube.com/watch?v=5NKAZ-XoZwM,Nissan Armada / Patrol Platinum 2021...y un café (2da parte),1291.0,,streams,https://i.ytimg.com/vi/5NKAZ-XoZwM/hqdefault.jpg?sqp=-oaymwEcCNACELwBSFXyq4qpAw4IARUAAIhCGAFwAcABBg==&rs=AOn4CLCYH2nzBokTvQrhXnII5EuqOg2HSg,Jaime Gabaldoni,external-reference,embed_link_and_summarize_only
oTL4uCrHjbk,https://www.youtube.com/watch?v=oTL4uCrHjbk,Nissan Armada / Patrol Platinum 2021...y un café (1ra parte),1375.0,,streams,https://i.ytimg.com/vi/oTL4uCrHjbk/hqdefault.jpg?sqp=-oaymwEcCNACELwBSFXyq4qpAw4IARUAAIhCGAFwAcABBg==&rs=AOn4CLD2QS-jbnx8ONVPxTLSFQPJ4ShHkQ,Jaime Gabaldoni,external-reference,embed_link_and_summarize_only
XVITByeeZKs,https://www.youtube.com/watch?v=XVITByeeZKs,Mazda CX-5 Siganutre AWD 2021...y un café,1935.0,,streams,https://i.ytimg.com/vi/XVITByeeZKs/hqdefault.jpg?sqp=-oaymwEcCNACELwBSFXyq4qpAw4IARUAAIhCGAFwAcABBg==&rs=AOn4CLA5I2Xl8EopOnMZM_miqQNwNdQUqQ,Jaime Gabaldoni,external-reference,embed_link_and_summarize_only
605i4S-rKWw,https://www.youtube.com/watch?v=605i4S-rKWw,En Vivo: Una vuelta A Bordo del Nissan Rogue / X-Trail 2021,1129.0,,streams,https://i.ytimg.com/vi/605i4S-rKWw/hqdefault.jpg?sqp=-oaymwEcCNACELwBSFXyq4qpAw4IARUAAIhCGAFwAcABBg==&rs=AOn4CLBwE2SOpkuWvHTdShi3OtHWrvzaLQ,Jaime Gabaldoni,external-reference,embed_link_and_summarize_only
QkRWq0xzW64,https://www.youtube.com/watch?v=QkRWq0xzW64,Nissan Rogue / X-Trail 2021...y un cafe,3031.0,,streams,https://i.ytimg.com/vi/QkRWq0xzW64/hqdefault.jpg?sqp=-oaymwEcCNACELwBSFXyq4qpAw4IARUAAIhCGAFwAcABBg==&rs=AOn4CLBRJhLE41lmYedzw-ld-Q4yL6GPPg,Jaime Gabaldoni,external-reference,embed_link_and_summarize_only
aMhqI1Ei6v4,https://www.youtube.com/watch?v=aMhqI1Ei6v4,Volkswagen Atlas/Teramont V6 SEL R-Line 2021...y un cafe,3292.0,,streams,https://i.ytimg.com/vi/aMhqI1Ei6v4/hqdefault.jpg?sqp=-oaymwEcCNACELwBSFXyq4qpAw4IARUAAIhCGAFwAcABBg==&rs=AOn4CLBjx5WaCeTMczau7DQVYyy7hXWSWQ,Jaime Gabaldoni,external-reference,embed_link_and_summarize_only
wv66pulf8J0,https://www.youtube.com/watch?v=wv66pulf8J0,Toyota Sienna 2021...y un café,2743.0,,streams,https://i.ytimg.com/vi/wv66pulf8J0/hqdefault.jpg?sqp=-oaymwEcCNACELwBSFXyq4qpAw4IARUAAIhCGAFwAcABBg==&rs=AOn4CLB9ez8U9TSke62WzxGa8hEVrt4xtQ,Jaime Gabaldoni,external-reference,embed_link_and_summarize_only
uwOQWfl7GQw,https://www.youtube.com/watch?v=uwOQWfl7GQw,Lexus NX 300h Sport 2021...y un café,2802.0,,streams,https://i.ytimg.com/vi/uwOQWfl7GQw/hqdefault.jpg?sqp=-oaymwEcCNACELwBSFXyq4qpAw4IARUAAIhCGAFwAcABBg==&rs=AOn4CLDYkJSxj49uPafJ6t0a8tffAbvyMw,Jaime Gabaldoni,external-reference,embed_link_and_summarize_only
6BDfqe72Ewc,https://www.youtube.com/watch?v=6BDfqe72Ewc,Cadillac XT6 Sport AWD 2021...y un cafe,2453.0,,streams,https://i.ytimg.com/vi/6BDfqe72Ewc/hqdefault.jpg?sqp=-oaymwEcCNACELwBSFXyq4qpAw4IARUAAIhCGAFwAcABBg==&rs=AOn4CLBQzYIEJYVybUtKkH3Ap_09J2RD4Q,Jaime Gabaldoni,external-reference,embed_link_and_summarize_only
Uv-TxPLiIZM,https://www.youtube.com/watch?v=Uv-TxPLiIZM,Audi RS7 Sportback Quattro 2021...y un cafe,2403.0,,streams,https://i.ytimg.com/vi/Uv-TxPLiIZM/hqdefault.jpg?sqp=-oaymwEcCNACELwBSFXyq4qpAw4IARUAAIhCGAFwAcABBg==&rs=AOn4CLDjehRaEEDpwZ-uFSfxvJ3Xon8nZw,Jaime Gabaldoni,external-reference,embed_link_and_summarize_only
Kvx3VoWSZkQ,https://www.youtube.com/watch?v=Kvx3VoWSZkQ,Audi RS7 Sportback Quattro 2021...y un cafe,369.0,,streams,https://i.ytimg.com/vi/Kvx3VoWSZkQ/hqdefault.jpg?sqp=-oaymwE2CNACELwBSFXyq4qpAygIARUAAIhCGAFwAcABBvABAfgB_gmAAtAFigIMCAAQARhaIGUoPjAP&rs=AOn4CLDaR49o8vyw4qZM-W-NnMQYbfzAWQ,Jaime Gabaldoni,external-reference,embed_link_and_summarize_only
IhmfJWh-VGw,https://www.youtube.com/watch?v=IhmfJWh-VGw,Honda CR-V AWD Touring 2020...y un café,3125.0,,streams,https://i.ytimg.com/vi/IhmfJWh-VGw/hqdefault.jpg?sqp=-oaymwEcCNACELwBSFXyq4qpAw4IARUAAIhCGAFwAcABBg==&rs=AOn4CLBo-WUV7tXImEBGgmZ_SWbAdWqp9g,Jaime Gabaldoni,external-reference,embed_link_and_summarize_only
Z_9Qmvuw-rk,https://www.youtube.com/watch?v=Z_9Qmvuw-rk,Indian Challenger Limited 2020...y un café,1353.0,,streams,https://i.ytimg.com/vi/Z_9Qmvuw-rk/hqdefault.jpg?sqp=-oaymwEcCNACELwBSFXyq4qpAw4IARUAAIhCGAFwAcABBg==&rs=AOn4CLD-uCFqPDO9Bi9muv4AlQjAVFfFIQ,Jaime Gabaldoni,external-reference,embed_link_and_summarize_only
DR10SuAnMoQ,https://www.youtube.com/watch?v=DR10SuAnMoQ,Rolls-Royce Cullinan Black Badge 2020...y un cafe bajo tormenta,2668.0,,streams,https://i.ytimg.com/vi/DR10SuAnMoQ/hqdefault.jpg?sqp=-oaymwEcCNACELwBSFXyq4qpAw4IARUAAIhCGAFwAcABBg==&rs=AOn4CLA8eYVMRzj8pmceuLjHxoi0lKrnQA,Jaime Gabaldoni,external-reference,embed_link_and_summarize_only
ku-ygy2wjZg,https://www.youtube.com/watch?v=ku-ygy2wjZg,Mazda Mazda3 2.5T AWD 2021...y un café,2823.0,,streams,https://i.ytimg.com/vi/ku-ygy2wjZg/hqdefault.jpg?sqp=-oaymwEcCNACELwBSFXyq4qpAw4IARUAAIhCGAFwAcABBg==&rs=AOn4CLBQ7Foq0LA3FG-JVKC7N1idRIcRXw,Jaime Gabaldoni,external-reference,embed_link_and_summarize_only
bZ6Onv_Wh7M,https://www.youtube.com/watch?v=bZ6Onv_Wh7M,Toyota Corolla SE 2021...y un café,2761.0,,streams,https://i.ytimg.com/vi/bZ6Onv_Wh7M/hqdefault.jpg?sqp=-oaymwEcCNACELwBSFXyq4qpAw4IARUAAIhCGAFwAcABBg==&rs=AOn4CLD4Awm6HYu4INiKJrB_cOREnNlvsQ,Jaime Gabaldoni,external-reference,embed_link_and_summarize_only
sOfYmszUggg,https://www.youtube.com/watch?v=sOfYmszUggg,Rolls-Royce Ghost 2021...y un café,2933.0,,streams,https://i.ytimg.com/vi/sOfYmszUggg/hqdefault.jpg?sqp=-oaymwEcCNACELwBSFXyq4qpAw4IARUAAIhCGAFwAcABBg==&rs=AOn4CLCWPkznT8ahsEgP-4g7kK23AfIZhw,Jaime Gabaldoni,external-reference,embed_link_and_summarize_only
Gjj8rZ21vMY,https://www.youtube.com/watch?v=Gjj8rZ21vMY,Rolls-Royce Ghost 2021...y un café,636.0,,streams,https://i.ytimg.com/vi/Gjj8rZ21vMY/hqdefault.jpg?sqp=-oaymwEcCNACELwBSFXyq4qpAw4IARUAAIhCGAFwAcABBg==&rs=AOn4CLCVbCDhWNlHEWRMy-TO0DfuypHK_w,Jaime Gabaldoni,external-reference,embed_link_and_summarize_only
C5aNClpNRjE,https://www.youtube.com/watch?v=C5aNClpNRjE,Volkswagen Golf Mk7 TSI 2020...y un café,2931.0,,streams,https://i.ytimg.com/vi/C5aNClpNRjE/hqdefault.jpg?sqp=-oaymwEcCNACELwBSFXyq4qpAw4IARUAAIhCGAFwAcABBg==&rs=AOn4CLDAeoNA0WXtAU7_JgKRRgLI9oBNXA,Jaime Gabaldoni,external-reference,embed_link_and_summarize_only
7z_7jciw-vc,https://www.youtube.com/watch?v=7z_7jciw-vc,XC90 Recharge T8 Inscription 2021...y un café,1641.0,,streams,https://i.ytimg.com/vi/7z_7jciw-vc/hqdefault.jpg?sqp=-oaymwEcCNACELwBSFXyq4qpAw4IARUAAIhCGAFwAcABBg==&rs=AOn4CLBsGGuMTRT7WcUJ95kPg0aQcMwfMg,Jaime Gabaldoni,external-reference,embed_link_and_summarize_only
Qm8Px_ZvZ4s,https://www.youtube.com/watch?v=Qm8Px_ZvZ4s,Land Rover Defender 2020...y un café,3939.0,,streams,https://i.ytimg.com/vi/Qm8Px_ZvZ4s/hqdefault.jpg?sqp=-oaymwEcCNACELwBSFXyq4qpAw4IARUAAIhCGAFwAcABBg==&rs=AOn4CLDLGYTL4T5l_0fzL2_hMxoFevJQ2g,Jaime Gabaldoni,external-reference,embed_link_and_summarize_only
stHoipbt8so,https://www.youtube.com/watch?v=stHoipbt8so,RAM 1500 TRX 2021...y un café (feat: Al Vazquez),2847.0,,streams,https://i.ytimg.com/vi/stHoipbt8so/hqdefault.jpg?sqp=-oaymwEcCNACELwBSFXyq4qpAw4IARUAAIhCGAFwAcABBg==&rs=AOn4CLCZJn3ZyL06ElIAJCXBsCcI8hvREQ,Jaime Gabaldoni,external-reference,embed_link_and_summarize_only
jWBFei43ibE,https://www.youtube.com/watch?v=jWBFei43ibE,Cadillac Escalade ESV 2021 bajo lluvia...y un café,2891.0,,streams,https://i.ytimg.com/vi/jWBFei43ibE/hqdefault.jpg?sqp=-oaymwEcCNACELwBSFXyq4qpAw4IARUAAIhCGAFwAcABBg==&rs=AOn4CLCK8DqTOvQuPYE9425N63Jvj0UfwA,Jaime Gabaldoni,external-reference,embed_link_and_summarize_only
fJyl_3Cdr-Y,https://www.youtube.com/watch?v=fJyl_3Cdr-Y,Lexus IS 350 F Sport 2021...y un café (feat: Dani Clos),2904.0,,streams,https://i.ytimg.com/vi/fJyl_3Cdr-Y/hqdefault.jpg?sqp=-oaymwEcCNACELwBSFXyq4qpAw4IARUAAIhCGAFwAcABBg==&rs=AOn4CLAXDoUNdxw30OqbQPTm22bubagsKQ,Jaime Gabaldoni,external-reference,embed_link_and_summarize_only
Y7173f2LcSQ,https://www.youtube.com/watch?v=Y7173f2LcSQ,Acura TLX A-Spec 2021...y un café,3415.0,,streams,https://i.ytimg.com/vi/Y7173f2LcSQ/hqdefault.jpg?sqp=-oaymwEcCNACELwBSFXyq4qpAw4IARUAAIhCGAFwAcABBg==&rs=AOn4CLDOgt1hwINtUuownCKZaCYCEZerXg,Jaime Gabaldoni,external-reference,embed_link_and_summarize_only
5hLvlsmKZeI,https://www.youtube.com/watch?v=5hLvlsmKZeI,Chevrolet TrailBlazer 2021...y un café,4194.0,,streams,https://i.ytimg.com/vi/5hLvlsmKZeI/hqdefault.jpg?sqp=-oaymwEcCNACELwBSFXyq4qpAw4IARUAAIhCGAFwAcABBg==&rs=AOn4CLC776ho5LGCA9BhxH66CDQ-lkfvEg,Jaime Gabaldoni,external-reference,embed_link_and_summarize_only
XMa8qiL0h8M,https://www.youtube.com/watch?v=XMa8qiL0h8M,Toyota Prius Anniversary Edition 2021...y un café,3416.0,,streams,https://i.ytimg.com/vi/XMa8qiL0h8M/hqdefault.jpg?sqp=-oaymwEcCNACELwBSFXyq4qpAw4IARUAAIhCGAFwAcABBg==&rs=AOn4CLAQPBsNBMk2n-ZF7ixpLSECH4wiWw,Jaime Gabaldoni,external-reference,embed_link_and_summarize_only
SO2wroDJZNc,https://www.youtube.com/watch?v=SO2wroDJZNc,Hyundai Ioniq Hybrid 2020...y un café,3539.0,,streams,https://i.ytimg.com/vi/SO2wroDJZNc/hqdefault.jpg?sqp=-oaymwEcCNACELwBSFXyq4qpAw4IARUAAIhCGAFwAcABBg==&rs=AOn4CLBPmM1rBMF7vw-3bBFC8c0Q4VSt6Q,Jaime Gabaldoni,external-reference,embed_link_and_summarize_only
1igo2p5U_u8,https://www.youtube.com/watch?v=1igo2p5U_u8,Volkswagen Tiguan 2020...y un café,3809.0,,streams,https://i.ytimg.com/vi/1igo2p5U_u8/hqdefault.jpg?sqp=-oaymwEcCNACELwBSFXyq4qpAw4IARUAAIhCGAFwAcABBg==&rs=AOn4CLBQAVyVAoYj9OCAWj_8olMDcOyHFQ,Jaime Gabaldoni,external-reference,embed_link_and_summarize_only
ngCBlZ4bQ6s,https://www.youtube.com/watch?v=ngCBlZ4bQ6s,McLaren GT 2020...y un café,4094.0,,streams,https://i.ytimg.com/vi/ngCBlZ4bQ6s/hqdefault.jpg?sqp=-oaymwEcCNACELwBSFXyq4qpAw4IARUAAIhCGAFwAcABBg==&rs=AOn4CLABdmou6z4TxZVjw8xN6EKrYzS-KQ,Jaime Gabaldoni,external-reference,embed_link_and_summarize_only
C_u29yu2VJY,https://www.youtube.com/watch?v=C_u29yu2VJY,Honda Odyssey Elite 2021...y un café,3924.0,,streams,https://i.ytimg.com/vi/C_u29yu2VJY/hqdefault.jpg?sqp=-oaymwEcCNACELwBSFXyq4qpAw4IARUAAIhCGAFwAcABBg==&rs=AOn4CLDbpcGNABmVDBmw1LwAUg1_hTpEdw,Jaime Gabaldoni,external-reference,embed_link_and_summarize_only
xsApDgISGR8,https://www.youtube.com/watch?v=xsApDgISGR8,BMW M3 y M4 2021...y una chela,3880.0,,streams,https://i.ytimg.com/vi/xsApDgISGR8/hqdefault.jpg?sqp=-oaymwEcCNACELwBSFXyq4qpAw4IARUAAIhCGAFwAcABBg==&rs=AOn4CLBD8RgfPda-kj5orjGEErsBGkggSA,Jaime Gabaldoni,external-reference,embed_link_and_summarize_only
OqgaRPBD9eI,https://www.youtube.com/watch?v=OqgaRPBD9eI,Chrysler Pacifica Hybrid 2020...y un café,5166.0,,streams,https://i.ytimg.com/vi/OqgaRPBD9eI/hqdefault.jpg?sqp=-oaymwEcCNACELwBSFXyq4qpAw4IARUAAIhCGAFwAcABBg==&rs=AOn4CLBQA8MddxjtTrf22XKGqbgd58IUCQ,Jaime Gabaldoni,external-reference,embed_link_and_summarize_only
yH79P--jxA4,https://www.youtube.com/watch?v=yH79P--jxA4,Lexus NX 300 F Sport...y un cafe,2105.0,,streams,https://i.ytimg.com/vi/yH79P--jxA4/hqdefault.jpg?sqp=-oaymwEcCNACELwBSFXyq4qpAw4IARUAAIhCGAFwAcABBg==&rs=AOn4CLB4zi92IeVQrClLc_F1U9KD01ZEDg,Jaime Gabaldoni,external-reference,embed_link_and_summarize_only
xaCj8I2JYpA,https://www.youtube.com/watch?v=xaCj8I2JYpA,Toyota Corolla APEX Edition 2021...y un café,2767.0,,streams,https://i.ytimg.com/vi/xaCj8I2JYpA/hqdefault.jpg?sqp=-oaymwEcCNACELwBSFXyq4qpAw4IARUAAIhCGAFwAcABBg==&rs=AOn4CLA35a6Ifjl8e3JfJqHeC6vVHD9duA,Jaime Gabaldoni,external-reference,embed_link_and_summarize_only
0S4qOyiLtK4,https://www.youtube.com/watch?v=0S4qOyiLtK4,Nuevo Nissan Z: Presentacion en vivo...y una chela,4621.0,,streams,https://i.ytimg.com/vi/0S4qOyiLtK4/hqdefault.jpg?sqp=-oaymwEcCNACELwBSFXyq4qpAw4IARUAAIhCGAFwAcABBg==&rs=AOn4CLAth3sER5srT-IQkRz58-eFHVBiDA,Jaime Gabaldoni,external-reference,embed_link_and_summarize_only
dtOX0qYRgWg,https://www.youtube.com/watch?v=dtOX0qYRgWg,Hyundai Tucson 2022...y una chela,3726.0,,streams,https://i.ytimg.com/vi/dtOX0qYRgWg/hqdefault.jpg?sqp=-oaymwEcCNACELwBSFXyq4qpAw4IARUAAIhCGAFwAcABBg==&rs=AOn4CLBsdQ6kv6pCPsEQvbkTijBaVcfazg,Jaime Gabaldoni,external-reference,embed_link_and_summarize_only
W-0TvCwo1FI,https://www.youtube.com/watch?v=W-0TvCwo1FI,Nissan Kicks 2020...y un café,2507.0,,streams,https://i.ytimg.com/vi/W-0TvCwo1FI/hqdefault.jpg?sqp=-oaymwEcCNACELwBSFXyq4qpAw4IARUAAIhCGAFwAcABBg==&rs=AOn4CLBlAz13eYi7YyUePu-IUObJRuuphA,Jaime Gabaldoni,external-reference,embed_link_and_summarize_only
mw4MtTuutjo,https://www.youtube.com/watch?v=mw4MtTuutjo,Volkswagen Atlas Cross Sport 2020...y un café,3007.0,,streams,https://i.ytimg.com/vi/mw4MtTuutjo/hqdefault.jpg?sqp=-oaymwEcCNACELwBSFXyq4qpAw4IARUAAIhCGAFwAcABBg==&rs=AOn4CLDwE_OiRSykAdvajxeDgsyAJawRuA,Jaime Gabaldoni,external-reference,embed_link_and_summarize_only
sh8CDTAP75Y,https://www.youtube.com/watch?v=sh8CDTAP75Y,Dodge Charger SRT Hellcar Redeye 2021...y una chela,3720.0,,streams,https://i.ytimg.com/vi/sh8CDTAP75Y/hqdefault.jpg?sqp=-oaymwEcCNACELwBSFXyq4qpAw4IARUAAIhCGAFwAcABBg==&rs=AOn4CLDsNxiGib-WR6JxlHVFAEjvUKBDpQ,Jaime Gabaldoni,external-reference,embed_link_and_summarize_only
u8lKy-z7e-8,https://www.youtube.com/watch?v=u8lKy-z7e-8,Toyota Highlander Platinum 2020...y un café,3649.0,,streams,https://i.ytimg.com/vi/u8lKy-z7e-8/hqdefault.jpg?sqp=-oaymwEcCNACELwBSFXyq4qpAw4IARUAAIhCGAFwAcABBg==&rs=AOn4CLAtUMfe_vG6UrNcET6u-Ma32Ey0vw,Jaime Gabaldoni,external-reference,embed_link_and_summarize_only
So4rxbDd_dI,https://www.youtube.com/watch?v=So4rxbDd_dI,Hyundai Sonata Limited 2020...y un café,4579.0,,streams,https://i.ytimg.com/vi/So4rxbDd_dI/hqdefault.jpg?sqp=-oaymwEcCNACELwBSFXyq4qpAw4IARUAAIhCGAFwAcABBg==&rs=AOn4CLCOLXezgebVh-cXE8Ni3eek9xB3-A,Jaime Gabaldoni,external-reference,embed_link_and_summarize_only
iGd8y5FjTHA,https://www.youtube.com/watch?v=iGd8y5FjTHA,Dodge Durango Hellcat 2021 ...y una chela,3178.0,,streams,https://i.ytimg.com/vi/iGd8y5FjTHA/hqdefault.jpg?sqp=-oaymwEcCNACELwBSFXyq4qpAw4IARUAAIhCGAFwAcABBg==&rs=AOn4CLCz6bt4lHkVGbJ8VpvmhEo8iofCKg,Jaime Gabaldoni,external-reference,embed_link_and_summarize_only
jK1v_4dOEBc,https://www.youtube.com/watch?v=jK1v_4dOEBc,Genesis G70 2.0T Sport RWD...y un café,3515.0,,streams,https://i.ytimg.com/vi/jK1v_4dOEBc/hqdefault.jpg?sqp=-oaymwEcCNACELwBSFXyq4qpAw4IARUAAIhCGAFwAcABBg==&rs=AOn4CLBOKRR9wl7T4HW28beOsXC8IQZEHA,Jaime Gabaldoni,external-reference,embed_link_and_summarize_only
JOqKbOlH-Wk,https://www.youtube.com/watch?v=JOqKbOlH-Wk,Honda Civic Type R 2020...y un café,3858.0,,streams,https://i.ytimg.com/vi/JOqKbOlH-Wk/hqdefault.jpg?sqp=-oaymwEcCNACELwBSFXyq4qpAw4IARUAAIhCGAFwAcABBg==&rs=AOn4CLBsg3F4vJtCRiK9NbS6oiQx6BYRFg,Jaime Gabaldoni,external-reference,embed_link_and_summarize_only
H44zWukKlZ8,https://www.youtube.com/watch?v=H44zWukKlZ8,Mercedes-AMG Project ONE ...y una chela,3061.0,,streams,https://i.ytimg.com/vi/H44zWukKlZ8/hqdefault.jpg?sqp=-oaymwEcCNACELwBSFXyq4qpAw4IARUAAIhCGAFwAcABBg==&rs=AOn4CLAehsrpkeYoLX44KlkgeBBiPLmLbQ,Jaime Gabaldoni,external-reference,embed_link_and_summarize_only
sv7wG0XRi30,https://www.youtube.com/watch?v=sv7wG0XRi30,Jaguar F-Type R—Dynamic Convertible 2021...y un café,2572.0,,streams,https://i.ytimg.com/vi/sv7wG0XRi30/hqdefault.jpg?sqp=-oaymwEcCNACELwBSFXyq4qpAw4IARUAAIhCGAFwAcABBg==&rs=AOn4CLCg875l_wUUsd13tpZbiBVJjvU5xQ,Jaime Gabaldoni,external-reference,embed_link_and_summarize_only
kte-LIAX9kY,https://www.youtube.com/watch?v=kte-LIAX9kY,Toyota Camry TRD 2020...y un café,4021.0,,streams,https://i.ytimg.com/vi/kte-LIAX9kY/hqdefault.jpg?sqp=-oaymwEcCNACELwBSFXyq4qpAw4IARUAAIhCGAFwAcABBg==&rs=AOn4CLDG3yKGzwfjA1T3ZH_OsCEOHXjv6w,Jaime Gabaldoni,external-reference,embed_link_and_summarize_only
P6bgVpVLtrA,https://www.youtube.com/watch?v=P6bgVpVLtrA,Lincoln Aviator 2020...y un café,3968.0,,streams,https://i.ytimg.com/vi/P6bgVpVLtrA/hqdefault.jpg?sqp=-oaymwEcCNACELwBSFXyq4qpAw4IARUAAIhCGAFwAcABBg==&rs=AOn4CLDk2UgdllbHFh3heyH4w7apKg5yXw,Jaime Gabaldoni,external-reference,embed_link_and_summarize_only
8UoD93_fifo,https://www.youtube.com/watch?v=8UoD93_fifo,Honda Civic Si 2020 ...y un café,3249.0,,streams,https://i.ytimg.com/vi/8UoD93_fifo/hqdefault.jpg?sqp=-oaymwEcCNACELwBSFXyq4qpAw4IARUAAIhCGAFwAcABBg==&rs=AOn4CLDkvDGwulQaBy4kJEptgf4bgDl-JA,Jaime Gabaldoni,external-reference,embed_link_and_summarize_only
4Qv2DmVd04Q,https://www.youtube.com/watch?v=4Qv2DmVd04Q,Ford Transit 2020 ...y con sed,1821.0,,streams,https://i.ytimg.com/vi/4Qv2DmVd04Q/hqdefault.jpg?sqp=-oaymwEcCNACELwBSFXyq4qpAw4IARUAAIhCGAFwAcABBg==&rs=AOn4CLB-GBSx-3yVRMi6QGhPyNzjSeSOBw,Jaime Gabaldoni,external-reference,embed_link_and_summarize_only
RhLnxjGOPN8,https://www.youtube.com/watch?v=RhLnxjGOPN8,Dodge Challenger ...y un café,2195.0,,streams,https://i.ytimg.com/vi/RhLnxjGOPN8/hqdefault.jpg?sqp=-oaymwEcCNACELwBSFXyq4qpAw4IARUAAIhCGAFwAcABBg==&rs=AOn4CLD8NYw_8xaGDU1IqUCCz-hrDzL4UA,Jaime Gabaldoni,external-reference,embed_link_and_summarize_only
4bVX23Ma34s,https://www.youtube.com/watch?v=4bVX23Ma34s,Lexus LC500 Covertible 2021 ...¿y una chela?,2896.0,,streams,https://i.ytimg.com/vi/4bVX23Ma34s/hqdefault.jpg?sqp=-oaymwEcCNACELwBSFXyq4qpAw4IARUAAIhCGAFwAcABBg==&rs=AOn4CLA6cC8Knr8Z0nO4TvujryqZ-h1FgQ,Jaime Gabaldoni,external-reference,embed_link_and_summarize_only
qyABW56NDBg,https://www.youtube.com/watch?v=qyABW56NDBg,Nissan GT-R NISMO 2020 ...y una chela,2613.0,,streams,https://i.ytimg.com/vi/qyABW56NDBg/hqdefault.jpg?sqp=-oaymwEcCNACELwBSFXyq4qpAw4IARUAAIhCGAFwAcABBg==&rs=AOn4CLAcjnyLQ9M39lbXY1Jnl9I4a5zi6Q,Jaime Gabaldoni,external-reference,embed_link_and_summarize_only
k6vEAdA_AWY,https://www.youtube.com/watch?v=k6vEAdA_AWY,Toyota Venza Limited 2021 y una chela,3330.0,,streams,https://i.ytimg.com/vi/k6vEAdA_AWY/hqdefault.jpg?sqp=-oaymwEcCNACELwBSFXyq4qpAw4IARUAAIhCGAFwAcABBg==&rs=AOn4CLAQsbs05iwx309WrVpLsoMJNsB5vQ,Jaime Gabaldoni,external-reference,embed_link_and_summarize_only
zeaKGImOSkM,https://www.youtube.com/watch?v=zeaKGImOSkM,Lexus GX460 Luxury 2020 | Detalles en vivo,3256.0,,streams,https://i.ytimg.com/vi/zeaKGImOSkM/hqdefault.jpg?sqp=-oaymwEcCNACELwBSFXyq4qpAw4IARUAAIhCGAFwAcABBg==&rs=AOn4CLCT6ZGcGTiCWs7Dlb5kJAhBE8kACA,Jaime Gabaldoni,external-reference,embed_link_and_summarize_only
EJPnGK7fU94,https://www.youtube.com/watch?v=EJPnGK7fU94,Nissan Frontier PRO-4x 2020 | Detalles en vivo,2942.0,,streams,https://i.ytimg.com/vi/EJPnGK7fU94/hqdefault.jpg?sqp=-oaymwEcCNACELwBSFXyq4qpAw4IARUAAIhCGAFwAcABBg==&rs=AOn4CLC2bx5gSpUH2M0V5mRtnUScx9AUIw,Jaime Gabaldoni,external-reference,embed_link_and_summarize_only
KRKKawdToxI,https://www.youtube.com/watch?v=KRKKawdToxI,Mazda CX-30 2020 con una chela,3030.0,,streams,https://i.ytimg.com/vi/KRKKawdToxI/hqdefault.jpg?sqp=-oaymwEcCNACELwBSFXyq4qpAw4IARUAAIhCGAFwAcABBg==&rs=AOn4CLCXlBmEx_pkz_O6IuC5RQU__IQc7A,Jaime Gabaldoni,external-reference,embed_link_and_summarize_only
sM8CkO5Sb0A,https://www.youtube.com/watch?v=sM8CkO5Sb0A,Subaru Outback ONYX Edition 2020 | Detalles en vivo,3101.0,,streams,https://i.ytimg.com/vi/sM8CkO5Sb0A/hqdefault.jpg?sqp=-oaymwEcCNACELwBSFXyq4qpAw4IARUAAIhCGAFwAcABBg==&rs=AOn4CLALMjsh8kokFIiDadTWB9xE8RAg_A,Jaime Gabaldoni,external-reference,embed_link_and_summarize_only
53jVk98zb3U,https://www.youtube.com/watch?v=53jVk98zb3U,Volvo XC90 2020 y una chela,4064.0,,streams,https://i.ytimg.com/vi/53jVk98zb3U/hqdefault.jpg?sqp=-oaymwEcCNACELwBSFXyq4qpAw4IARUAAIhCGAFwAcABBg==&rs=AOn4CLAT0sGQ7hCw5dEcPA0yav2bs9jTwg,Jaime Gabaldoni,external-reference,embed_link_and_summarize_only
3VdkX_ZWZck,https://www.youtube.com/watch?v=3VdkX_ZWZck,Chevrolet Corvette C8 Stingray 2020 | Detalles en vivo,2814.0,,streams,https://i.ytimg.com/vi/3VdkX_ZWZck/hqdefault.jpg?sqp=-oaymwEcCNACELwBSFXyq4qpAw4IARUAAIhCGAFwAcABBg==&rs=AOn4CLCKN2NHIrjjbXk4cdM7Z7n1wjMXaQ,Jaime Gabaldoni,external-reference,embed_link_and_summarize_only
CD0yt7fjdMQ,https://www.youtube.com/watch?v=CD0yt7fjdMQ,Toyota RAV4 vs Honda CR-V | Detalles en vivo,2675.0,,streams,https://i.ytimg.com/vi/CD0yt7fjdMQ/hqdefault.jpg?sqp=-oaymwEcCNACELwBSFXyq4qpAw4IARUAAIhCGAFwAcABBg==&rs=AOn4CLCBqspYkdyHZgg3EbWfiPimE7o8yA,Jaime Gabaldoni,external-reference,embed_link_and_summarize_only
bxelJr-_pJA,https://www.youtube.com/watch?v=bxelJr-_pJA,"iRacing en el circuito Jefferson en Summit Point - July 11, 2020",2460.0,,streams,https://i.ytimg.com/vi/bxelJr-_pJA/hqdefault.jpg?sqp=-oaymwEcCNACELwBSFXyq4qpAw4IARUAAIhCGAFwAcABBg==&rs=AOn4CLBpygkePdhtWoP1FFtxSf1gtmCkvA,Jaime Gabaldoni,external-reference,embed_link_and_summarize_only
QOK7oRSWxok,https://www.youtube.com/watch?v=QOK7oRSWxok,Honda CR-V Hybrid 2020 | Detalles en vivo,2939.0,,streams,https://i.ytimg.com/vi/QOK7oRSWxok/hqdefault.jpg?sqp=-oaymwEcCNACELwBSFXyq4qpAw4IARUAAIhCGAFwAcABBg==&rs=AOn4CLDDad-ghfUCvl5YyHQDVOR_x0qZOg,Jaime Gabaldoni,external-reference,embed_link_and_summarize_only
v_fexMxMOEM,https://www.youtube.com/watch?v=v_fexMxMOEM,RAM 1500 Limited 2020 | Detalles en vivo,2479.0,,streams,https://i.ytimg.com/vi/v_fexMxMOEM/hqdefault.jpg?sqp=-oaymwEcCNACELwBSFXyq4qpAw4IARUAAIhCGAFwAcABBg==&rs=AOn4CLBnKCGk7EK2M2WqgYk6oElD0L8JRg,Jaime Gabaldoni,external-reference,embed_link_and_summarize_only
gax3y97TJuQ,https://www.youtube.com/watch?v=gax3y97TJuQ,Audi  R8 Performance 2020 | Detalles en vivo,2610.0,,streams,https://i.ytimg.com/vi/gax3y97TJuQ/hqdefault.jpg?sqp=-oaymwEcCNACELwBSFXyq4qpAw4IARUAAIhCGAFwAcABBg==&rs=AOn4CLDgi_UXLsSpzn7pHlVbot0Sek5rrw,Jaime Gabaldoni,external-reference,embed_link_and_summarize_only
PsG110O4MKE,https://www.youtube.com/watch?v=PsG110O4MKE,Nissan Murano 2020 | Detalles en vivo,3357.0,,streams,https://i.ytimg.com/vi/PsG110O4MKE/hqdefault.jpg?sqp=-oaymwEcCNACELwBSFXyq4qpAw4IARUAAIhCGAFwAcABBg==&rs=AOn4CLDoQMGPx-6QyMUjZMRKkFkjcfHL4Q,Jaime Gabaldoni,external-reference,embed_link_and_summarize_only
DHhuTW-2AoA,https://www.youtube.com/watch?v=DHhuTW-2AoA,Hyundai Sonata Hybrid 2020 | Live,2928.0,,streams,https://i.ytimg.com/vi/DHhuTW-2AoA/hqdefault.jpg?sqp=-oaymwEcCNACELwBSFXyq4qpAw4IARUAAIhCGAFwAcABBg==&rs=AOn4CLAYTilV6m9ww9zp7jG6lTAIT6KUzQ,Jaime Gabaldoni,external-reference,embed_link_and_summarize_only
p20fxNw2AJ0,https://www.youtube.com/watch?v=p20fxNw2AJ0,"iRacing en el circuito Okayama - Junio 19, 2020",3710.0,,streams,https://i.ytimg.com/vi/p20fxNw2AJ0/hqdefault.jpg?sqp=-oaymwEcCNACELwBSFXyq4qpAw4IARUAAIhCGAFwAcABBg==&rs=AOn4CLBXi2l0ag_TViVF-w2oOP1yRtJRsg,Jaime Gabaldoni,external-reference,embed_link_and_summarize_only
nyXGw9G2DFY,https://www.youtube.com/watch?v=nyXGw9G2DFY,BMW M8 Gran Coupe 2020 | Detalles en vivo,3688.0,,streams,https://i.ytimg.com/vi/nyXGw9G2DFY/hqdefault.jpg?sqp=-oaymwEcCNACELwBSFXyq4qpAw4IARUAAIhCGAFwAcABBg==&rs=AOn4CLDl_WK8eS7XAztha08HMboAbwMWCA,Jaime Gabaldoni,external-reference,embed_link_and_summarize_only
TskVrnHJMNc,https://www.youtube.com/watch?v=TskVrnHJMNc,Mi primera carrera oficial en iRacing en el circuito Tsukuba,2710.0,,streams,https://i.ytimg.com/vi/TskVrnHJMNc/hqdefault.jpg?sqp=-oaymwEcCNACELwBSFXyq4qpAw4IARUAAIhCGAFwAcABBg==&rs=AOn4CLAoKebqpiNZ_XEe0Q7k58voEciYag,Jaime Gabaldoni,external-reference,embed_link_and_summarize_only
q_dU3rMy4WA,https://www.youtube.com/watch?v=q_dU3rMy4WA,Dodge Charger SRT Hellcat es el mejor muscle car...familiar,2674.0,,streams,https://i.ytimg.com/vi/q_dU3rMy4WA/hqdefault.jpg?sqp=-oaymwEcCNACELwBSFXyq4qpAw4IARUAAIhCGAFwAcABBg==&rs=AOn4CLA4KP5Kn_IR0OIgvN1lOkCX8351CQ,Jaime Gabaldoni,external-reference,embed_link_and_summarize_only
s_YbHDDXuPs,https://www.youtube.com/watch?v=s_YbHDDXuPs,Practica- Suzuka - Ricmotech Mazda MX-5 Super Series - Temporada 2,2631.0,,streams,https://i.ytimg.com/vi/s_YbHDDXuPs/hqdefault.jpg?sqp=-oaymwEcCNACELwBSFXyq4qpAw4IARUAAIhCGAFwAcABBg==&rs=AOn4CLBl2K_D5dJzzzVd7sF18OIp3Zrf-A,Jaime Gabaldoni,external-reference,embed_link_and_summarize_only
jVW81QiMqBs,https://www.youtube.com/watch?v=jVW81QiMqBs,Final del Campeonato  en Laguna Seca - Battery Tender Global Mazda MX-5 eSeries por Ricmotech,3806.0,,streams,https://i.ytimg.com/vi/jVW81QiMqBs/hqdefault.jpg?sqp=-oaymwEcCNACELwBSFXyq4qpAw4IARUAAIhCGAFwAcABBg==&rs=AOn4CLA8-25xaU6weiw5v1japxXv7KIicQ,Jaime Gabaldoni,external-reference,embed_link_and_summarize_only
g47huGH71fI,https://www.youtube.com/watch?v=g47huGH71fI,McLaren 720s Spider | Detalles en vivo,1862.0,,streams,https://i.ytimg.com/vi/g47huGH71fI/hqdefault.jpg?sqp=-oaymwEcCNACELwBSFXyq4qpAw4IARUAAIhCGAFwAcABBg==&rs=AOn4CLBwaR6-MMvqyZ0DRJce9Gc_rmE2Vw,Jaime Gabaldoni,external-reference,embed_link_and_summarize_only
EwospbUyM5Y,https://www.youtube.com/watch?v=EwospbUyM5Y,2da Practica oficial - Laguna Seca - Battery Tender Global Mazda MX-5 eSeries por Ricmotech,3040.0,,streams,https://i.ytimg.com/vi/EwospbUyM5Y/hqdefault.jpg?sqp=-oaymwEcCNACELwBSFXyq4qpAw4IARUAAIhCGAFwAcABBg==&rs=AOn4CLA0Apvou5sEhDzGop7qZg4zYnOcog,Jaime Gabaldoni,external-reference,embed_link_and_summarize_only
0XaQDn8aSvI,https://www.youtube.com/watch?v=0XaQDn8aSvI,Laguna Seca - Battery Tender Global Mazda MX-5 eSeries por Ricmotech,4273.0,,streams,https://i.ytimg.com/vi/0XaQDn8aSvI/hqdefault.jpg?sqp=-oaymwEcCNACELwBSFXyq4qpAw4IARUAAIhCGAFwAcABBg==&rs=AOn4CLBxCf26G522cv1IOHVvO7SZA1slDw,Jaime Gabaldoni,external-reference,embed_link_and_summarize_only
uCZE98oxPfQ,https://www.youtube.com/watch?v=uCZE98oxPfQ,1ra Practica - Laguna Seca - Battery Tender Global Mazda MX-5 eSeries por Ricmotech,2790.0,,streams,https://i.ytimg.com/vi/uCZE98oxPfQ/hqdefault.jpg?sqp=-oaymwEcCNACELwBSFXyq4qpAw4IARUAAIhCGAFwAcABBg==&rs=AOn4CLDvcFwYRzZcUFvFuecTfF6IY_sIHA,Jaime Gabaldoni,external-reference,embed_link_and_summarize_only
liPdUvX-iNA,https://www.youtube.com/watch?v=liPdUvX-iNA,Nissan LEAF SV Plus 2020 | Destalles en vivo,1594.0,,streams,https://i.ytimg.com/vi/liPdUvX-iNA/hqdefault.jpg?sqp=-oaymwEcCNACELwBSFXyq4qpAw4IARUAAIhCGAFwAcABBg==&rs=AOn4CLB3vfowlkjjJH7oSh4AH4v1xk9taQ,Jaime Gabaldoni,external-reference,embed_link_and_summarize_only
WDh9-p_O56E,https://www.youtube.com/watch?v=WDh9-p_O56E,Clasificacion y Carrera - Mid-Ohio - Battery Tender Global Mazda MX-5 eSeries por Ricmotech,3662.0,,streams,https://i.ytimg.com/vi/WDh9-p_O56E/hqdefault.jpg?sqp=-oaymwEcCNACELwBSFXyq4qpAw4IARUAAIhCGAFwAcABBg==&rs=AOn4CLDujMTYHpRZtyABe0Yc-AWO6ILAog,Jaime Gabaldoni,external-reference,embed_link_and_summarize_only
lS1SJC2BImM,https://www.youtube.com/watch?v=lS1SJC2BImM,Aston Martin Vantage 2020 | Detalles en vivo,2337.0,,streams,https://i.ytimg.com/vi/lS1SJC2BImM/hqdefault.jpg?sqp=-oaymwEcCNACELwBSFXyq4qpAw4IARUAAIhCGAFwAcABBg==&rs=AOn4CLDVUKdWcFa28glQswzd6DD963-GMA,Jaime Gabaldoni,external-reference,embed_link_and_summarize_only
PnIpTNDkJNA,https://www.youtube.com/watch?v=PnIpTNDkJNA,2ra Practica - Mid-Ohio - Battery Tender Global Mazda MX-5 eSeries por Ricmotech,2767.0,,streams,https://i.ytimg.com/vi/PnIpTNDkJNA/hqdefault.jpg?sqp=-oaymwEcCNACELwBSFXyq4qpAw4IARUAAIhCGAFwAcABBg==&rs=AOn4CLDMqdsniZavudUEAxIloyZxYwDT_g,Jaime Gabaldoni,external-reference,embed_link_and_summarize_only
e360dsATHFM,https://www.youtube.com/watch?v=e360dsATHFM,Ford Explorer Platinum 2020 | Detalles en vivo,2845.0,,streams,https://i.ytimg.com/vi/e360dsATHFM/hqdefault.jpg?sqp=-oaymwEcCNACELwBSFXyq4qpAw4IARUAAIhCGAFwAcABBg==&rs=AOn4CLBoz2Yb97mhqoYXSCd-Cj6xUs72uw,Jaime Gabaldoni,external-reference,embed_link_and_summarize_only
XTumgQ4HK-Q,https://www.youtube.com/watch?v=XTumgQ4HK-Q,1ra Practica - Mid-Ohio - Battery Tender Global Mazda MX-5 eSeries por Ricmotech,1741.0,,streams,https://i.ytimg.com/vi/XTumgQ4HK-Q/hqdefault.jpg?sqp=-oaymwEcCNACELwBSFXyq4qpAw4IARUAAIhCGAFwAcABBg==&rs=AOn4CLCEKz24IZXhXT_9HuEpXzf375hR5Q,Jaime Gabaldoni,external-reference,embed_link_and_summarize_only
rDOHRcxX7JY,https://www.youtube.com/watch?v=rDOHRcxX7JY,3ra Fecha - Road America - Battery Tender Global Mazda MX-5 eSeries por Ricmotech,4023.0,,streams,https://i.ytimg.com/vi/rDOHRcxX7JY/hqdefault.jpg?sqp=-oaymwEcCNACELwBSFXyq4qpAw4IARUAAIhCGAFwAcABBg==&rs=AOn4CLCm9ZL2dH3js4-N1kL2ml2H2YCN8g,Jaime Gabaldoni,external-reference,embed_link_and_summarize_only
3zqVTIXumB8,https://www.youtube.com/watch?v=3zqVTIXumB8,2ra Practica - Road America - Battery Tender Global Mazda MX-5 eSeries por Ricmotech,1590.0,,streams,https://i.ytimg.com/vi/3zqVTIXumB8/hqdefault.jpg?sqp=-oaymwEcCNACELwBSFXyq4qpAw4IARUAAIhCGAFwAcABBg==&rs=AOn4CLB3Zl1hTcsaQhPpAb62v_VwsXxnMA,Jaime Gabaldoni,external-reference,embed_link_and_summarize_only
7DNKC2a-Zxw,https://www.youtube.com/watch?v=7DNKC2a-Zxw,Range Rover Velar SV Autobiography 2020 | Detalles en vivo,2545.0,,streams,https://i.ytimg.com/vi/7DNKC2a-Zxw/hqdefault.jpg?sqp=-oaymwEcCNACELwBSFXyq4qpAw4IARUAAIhCGAFwAcABBg==&rs=AOn4CLBWioj9vZBhVstmilo9yafKjeZ2_g,Jaime Gabaldoni,external-reference,embed_link_and_summarize_only
CO1uCkA4M3E,https://www.youtube.com/watch?v=CO1uCkA4M3E,Realidad Virtual- Mi primera Experiencia - Road America,860.0,,streams,https://i.ytimg.com/vi/CO1uCkA4M3E/hqdefault.jpg?sqp=-oaymwEcCNACELwBSFXyq4qpAw4IARUAAIhCGAFwAcABBg==&rs=AOn4CLB2Aug11eZfCIq47fpTd_gjrq47dQ,Jaime Gabaldoni,external-reference,embed_link_and_summarize_only
zDDrCsj8DBE,https://www.youtube.com/watch?v=zDDrCsj8DBE,1ra Practica - Road America - Battery Tender Global Mazda MX-5 eSeries por Ricmotech,3373.0,,streams,https://i.ytimg.com/vi/zDDrCsj8DBE/hqdefault.jpg?sqp=-oaymwEcCNACELwBSFXyq4qpAw4IARUAAIhCGAFwAcABBg==&rs=AOn4CLCzjUV0v9YsXWggpXsLIk5iWqqVEw,Jaime Gabaldoni,external-reference,embed_link_and_summarize_only
AIlEGOqAwn0,https://www.youtube.com/watch?v=AIlEGOqAwn0,2da Fecha - Circuit of the Americas - Battery Tender Global Mazda MX-5 eSeries por Ricmotech,3650.0,,streams,https://i.ytimg.com/vi/AIlEGOqAwn0/hqdefault.jpg?sqp=-oaymwEcCNACELwBSFXyq4qpAw4IARUAAIhCGAFwAcABBg==&rs=AOn4CLB0iYztxZ-V583yr6kp2QOrT0LfWw,Jaime Gabaldoni,external-reference,embed_link_and_summarize_only
jHJJoVsPhkk,https://www.youtube.com/watch?v=jHJJoVsPhkk,2da Practia en COTA - Battery Tender Global Mazda MX-5 eSeries por Ricmotech,3117.0,,streams,https://i.ytimg.com/vi/jHJJoVsPhkk/hqdefault.jpg?sqp=-oaymwEcCNACELwBSFXyq4qpAw4IARUAAIhCGAFwAcABBg==&rs=AOn4CLDZlOTN7HyOLw1884AdFd1qW2wb_g,Jaime Gabaldoni,external-reference,embed_link_and_summarize_only
rahW-vPClZw,https://www.youtube.com/watch?v=rahW-vPClZw,1ra Practia en COTA - Battery Tender Global Mazda MX-5 eSeries por Ricmotech,2718.0,,streams,https://i.ytimg.com/vi/rahW-vPClZw/hqdefault.jpg?sqp=-oaymwEcCNACELwBSFXyq4qpAw4IARUAAIhCGAFwAcABBg==&rs=AOn4CLAeJadS2NwhNsa4JdRD2FBiRcguHw,Jaime Gabaldoni,external-reference,embed_link_and_summarize_only
zVSI-on1_RQ,https://www.youtube.com/watch?v=zVSI-on1_RQ,Primera Fecha - Battery Tender Global Mazda MX-5 eSeries por Ricmotech,3846.0,,streams,https://i.ytimg.com/vi/zVSI-on1_RQ/hqdefault.jpg?sqp=-oaymwEcCNACELwBSFXyq4qpAw4IARUAAIhCGAFwAcABBg==&rs=AOn4CLCfnh8lkGA5ProyQ_Tba5rhUsXWJQ,Jaime Gabaldoni,external-reference,embed_link_and_summarize_only
mzA35MUwHsQ,https://www.youtube.com/watch?v=mzA35MUwHsQ,Ultima practica de la primera carrera - Battery Tender Global Mazda MX-5 eSeries por Ricmotech,3688.0,,streams,https://i.ytimg.com/vi/mzA35MUwHsQ/hqdefault.jpg?sqp=-oaymwEcCNACELwBSFXyq4qpAw4IARUAAIhCGAFwAcABBg==&rs=AOn4CLDYhT1tQx4vT1bKtbZHs9QczaWDOw,Jaime Gabaldoni,external-reference,embed_link_and_summarize_only
UVf4JLs_HGA,https://www.youtube.com/watch?v=UVf4JLs_HGA,Simulacro - Battery Tender Global Mazda MX-5 eSeries por Ricmotech,5412.0,,streams,https://i.ytimg.com/vi/UVf4JLs_HGA/hqdefault.jpg?sqp=-oaymwEcCNACELwBSFXyq4qpAw4IARUAAIhCGAFwAcABBg==&rs=AOn4CLAPPLqLN0qz0AEp9PbjYIxqMtSjGQ,Jaime Gabaldoni,external-reference,embed_link_and_summarize_only
9axqmYEG5bA,https://www.youtube.com/watch?v=9axqmYEG5bA,Practicando - Battery Tender Global Mazda MX-5 eSeries por Ricmotech,2853.0,,streams,https://i.ytimg.com/vi/9axqmYEG5bA/hqdefault.jpg?sqp=-oaymwEcCNACELwBSFXyq4qpAw4IARUAAIhCGAFwAcABBg==&rs=AOn4CLAaxCGevXelpjX9QF2QCbVAugbVHQ,Jaime Gabaldoni,external-reference,embed_link_and_summarize_only
2DgwbXY_Pgc,https://www.youtube.com/watch?v=2DgwbXY_Pgc,Genesis G90 2020 | Detalles en vivo,1443.0,,streams,https://i.ytimg.com/vi/2DgwbXY_Pgc/hqdefault.jpg?sqp=-oaymwEcCNACELwBSFXyq4qpAw4IARUAAIhCGAFwAcABBg==&rs=AOn4CLAGoPNqSzKJ1Ot4-lIlkRlKsIJZsg,Jaime Gabaldoni,external-reference,embed_link_and_summarize_only
l-0X574btTg,https://www.youtube.com/watch?v=l-0X574btTg,Practica - Battery Tender Global Mazda MX-5 eSeries por Ricmotech,3334.0,,streams,https://i.ytimg.com/vi/l-0X574btTg/hqdefault.jpg?sqp=-oaymwEcCNACELwBSFXyq4qpAw4IARUAAIhCGAFwAcABBg==&rs=AOn4CLDGChiDfOFYiUU5cSMEAB53CdYnjw,Jaime Gabaldoni,external-reference,embed_link_and_summarize_only
qEm7BODIXpQ,https://www.youtube.com/watch?v=qEm7BODIXpQ,Chevrolet Bolt 2020 | Detalles en vivo,1682.0,,streams,https://i.ytimg.com/vi/qEm7BODIXpQ/hqdefault.jpg?sqp=-oaymwEcCNACELwBSFXyq4qpAw4IARUAAIhCGAFwAcABBg==&rs=AOn4CLAwLRimZA_JqcBjULeqS1QiDmEqFQ,Jaime Gabaldoni,external-reference,embed_link_and_summarize_only
e4TSulMNW1A,https://www.youtube.com/watch?v=e4TSulMNW1A,Fiat 500x 2020 | Detalles en vivo,1947.0,,streams,https://i.ytimg.com/vi/e4TSulMNW1A/hqdefault.jpg?sqp=-oaymwEcCNACELwBSFXyq4qpAw4IARUAAIhCGAFwAcABBg==&rs=AOn4CLDwPEDU5RRciCHK6o90X5bpVyuelQ,Jaime Gabaldoni,external-reference,embed_link_and_summarize_only
fX_xJAVNuEs,https://www.youtube.com/watch?v=fX_xJAVNuEs,Polaris Slingshot 2020 | Detalles en vivo,2205.0,,streams,https://i.ytimg.com/vi/fX_xJAVNuEs/hqdefault.jpg?sqp=-oaymwEcCNACELwBSFXyq4qpAw4IARUAAIhCGAFwAcABBg==&rs=AOn4CLDh3UfVG7se2ckC5MPQrTeSIWMx5A,Jaime Gabaldoni,external-reference,embed_link_and_summarize_only
-ayU1rQYyxM,https://www.youtube.com/watch?v=-ayU1rQYyxM,Jeep Gladiator Mojave vs Ford F-150 Raptor: ¿Son realmente comparables?,3468.0,,streams,https://i.ytimg.com/vi/-ayU1rQYyxM/hqdefault.jpg?sqp=-oaymwEcCNACELwBSFXyq4qpAw4IARUAAIhCGAFwAcABBg==&rs=AOn4CLAHKSuG9OkgwdghIMDc9GiqAVpihA,Jaime Gabaldoni,external-reference,embed_link_and_summarize_only
jfJEVcFgM9o,https://www.youtube.com/watch?v=jfJEVcFgM9o,Project Cars 2 - Karts | XBoX One | En vivo,2691.0,,streams,https://i.ytimg.com/vi/jfJEVcFgM9o/hqdefault.jpg?sqp=-oaymwEcCNACELwBSFXyq4qpAw4IARUAAIhCGAFwAcABBg==&rs=AOn4CLDuS1BF15Ok_BiyDETHFWfsKZTqkA,Jaime Gabaldoni,external-reference,embed_link_and_summarize_only
4U41JnPG4vo,https://www.youtube.com/watch?v=4U41JnPG4vo,Nissan TITAN Platinum Reserve Crew Cab 2020 | Detalles en vivo,2345.0,,streams,https://i.ytimg.com/vi/4U41JnPG4vo/hqdefault.jpg?sqp=-oaymwEcCNACELwBSFXyq4qpAw4IARUAAIhCGAFwAcABBg==&rs=AOn4CLBrWjr8LdXBIKLdHKJpqNMn6T1vug,Jaime Gabaldoni,external-reference,embed_link_and_summarize_only
TY_EfbK9z90,https://www.youtube.com/watch?v=TY_EfbK9z90,Dirt 4 | XBoX One | En vivo,5880.0,,streams,https://i.ytimg.com/vi/TY_EfbK9z90/hqdefault.jpg?sqp=-oaymwEcCNACELwBSFXyq4qpAw4IARUAAIhCGAFwAcABBg==&rs=AOn4CLDfE7vmSKpq4sRbZVSqf-Ho4nVrhg,Jaime Gabaldoni,external-reference,embed_link_and_summarize_only
YUU0cKV49Us,https://www.youtube.com/watch?v=YUU0cKV49Us,Toyota Supra 2.0 2021 | Detalles en vivo,2484.0,,streams,https://i.ytimg.com/vi/YUU0cKV49Us/hqdefault.jpg?sqp=-oaymwEcCNACELwBSFXyq4qpAw4IARUAAIhCGAFwAcABBg==&rs=AOn4CLDLqK-lD_Sh6ThmkEZtC9YaOzQFjw,Jaime Gabaldoni,external-reference,embed_link_and_summarize_only
jSqrwvmd7yU,https://www.youtube.com/watch?v=jSqrwvmd7yU,TT Isle of Man Ride on the Edge 2 | XBoX One | En vivo,3763.0,,streams,https://i.ytimg.com/vi/jSqrwvmd7yU/hqdefault.jpg?sqp=-oaymwEcCNACELwBSFXyq4qpAw4IARUAAIhCGAFwAcABBg==&rs=AOn4CLB7S5vIm6l7iMpD95PlwflIYtlWgQ,Jaime Gabaldoni,external-reference,embed_link_and_summarize_only
4ep525gBvcI,https://www.youtube.com/watch?v=4ep525gBvcI,Destruí mi McLaren F1 en el Nürburgring | Forza Motorsport 6 | 30 marzo 2020,4435.0,,streams,https://i.ytimg.com/vi/4ep525gBvcI/hqdefault.jpg?sqp=-oaymwEcCNACELwBSFXyq4qpAw4IARUAAIhCGAFwAcABBg==&rs=AOn4CLCRK94enBw1Og7GyqOqYdIH6h0ewg,Jaime Gabaldoni,external-reference,embed_link_and_summarize_only
_yHG_yzMuLA,https://www.youtube.com/watch?v=_yHG_yzMuLA,Dodge Charger SRT Scat Pack Widebody 2020 | Detalles en vivo,2845.0,,streams,https://i.ytimg.com/vi/_yHG_yzMuLA/hqdefault.jpg?sqp=-oaymwEcCNACELwBSFXyq4qpAw4IARUAAIhCGAFwAcABBg==&rs=AOn4CLAq8B3aGPtI9H94DGXO8HboKEH2OA,Jaime Gabaldoni,external-reference,embed_link_and_summarize_only
5laGuEfcrBY,https://www.youtube.com/watch?v=5laGuEfcrBY,En Vivo bajo cuarentena junto a Luca Marzo 2020,3306.0,,streams,https://i.ytimg.com/vi/5laGuEfcrBY/hqdefault.jpg?sqp=-oaymwEcCNACELwBSFXyq4qpAw4IARUAAIhCGAFwAcABBg==&rs=AOn4CLA6mhPY4LpiLKFFfy19wZ_tVbeUpg,Jaime Gabaldoni,external-reference,embed_link_and_summarize_only
CLJzOmd0thY,https://www.youtube.com/watch?v=CLJzOmd0thY,Ford Mustang Shelby GT500 2020 | Detalles en vivo,3321.0,,streams,https://i.ytimg.com/vi/CLJzOmd0thY/hqdefault.jpg?sqp=-oaymwEcCNACELwBSFXyq4qpAw4IARUAAIhCGAFwAcABBg==&rs=AOn4CLBjUjMxg1n33RGbm3DEoOc8R2oH8Q,Jaime Gabaldoni,external-reference,embed_link_and_summarize_only
FiEIWpOoxGk,https://www.youtube.com/watch?v=FiEIWpOoxGk,En Vivo: Respondiendo preguntas Diciembre 2019,3932.0,,streams,https://i.ytimg.com/vi/FiEIWpOoxGk/hqdefault.jpg?sqp=-oaymwEcCNACELwBSFXyq4qpAw4IARUAAIhCGAFwAcABBg==&rs=AOn4CLDQucKSqYLq_SkohyInySAQcVvzAw,Jaime Gabaldoni,external-reference,embed_link_and_summarize_only
9RylHbpi1Jg,https://www.youtube.com/watch?v=9RylHbpi1Jg,Jaime Gabaldoni Live Stream - Septiembre 2018,4681.0,,streams,https://i.ytimg.com/vi/9RylHbpi1Jg/hqdefault.jpg?sqp=-oaymwEcCNACELwBSFXyq4qpAw4IARUAAIhCGAFwAcABBg==&rs=AOn4CLB5LtpFxEVLUTNrhtZqfUOaM1fytg,Jaime Gabaldoni,external-reference,embed_link_and_summarize_only
j-ui02fTUno,https://www.youtube.com/watch?v=j-ui02fTUno,En Vivo desde Miami - Junio 2016,3136.0,,streams,https://i.ytimg.com/vi/j-ui02fTUno/hqdefault.jpg?sqp=-oaymwEcCNACELwBSFXyq4qpAw4IARUAAIhCGAFwAcABBg==&rs=AOn4CLBOclv3cS8FrX8VJ4n2kuvfg3g8_A,Jaime Gabaldoni,external-reference,embed_link_and_summarize_only
ARDNpm8NC2M,https://www.youtube.com/watch?v=ARDNpm8NC2M,A Bordo en Vivo Agosto 2015,2880.0,,streams,https://i.ytimg.com/vi/ARDNpm8NC2M/hqdefault.jpg?sqp=-oaymwE2CNACELwBSFXyq4qpAygIARUAAIhCGAFwAcABBvABAfgB_gmAAtAFigIMCAAQARhlIGMoRzAP&rs=AOn4CLCTVioozHE8ajAx8gz4BDL-YKwddQ,Jaime Gabaldoni,external-reference,embed_link_and_summarize_only
xUvSsQKJE7E,https://www.youtube.com/watch?v=xUvSsQKJE7E,A Bodo en Vivo!,3396.0,,streams,https://i.ytimg.com/vi/xUvSsQKJE7E/hqdefault.jpg?sqp=-oaymwE2CNACELwBSFXyq4qpAygIARUAAIhCGAFwAcABBvABAfgB_gmAAtAFigIMCAAQARgTIE4ofzAP&rs=AOn4CLBPgnKZh4QUKBCWzpMUqIVw6JGeiA,Jaime Gabaldoni,external-reference,embed_link_and_summarize_only
mRhW8DSBwoI,https://www.youtube.com/watch?v=mRhW8DSBwoI,A Bordo en Vivo,3396.0,,streams,https://i.ytimg.com/vi/mRhW8DSBwoI/hqdefault.jpg?sqp=-oaymwE2CNACELwBSFXyq4qpAygIARUAAIhCGAFwAcABBvABAfgB_gmAAtAFigIMCAAQARgTIEMofzAP&rs=AOn4CLATs6-k3c3aiRbIbASc7lnUfQIIMQ,Jaime Gabaldoni,external-reference,embed_link_and_summarize_only
EtDTWxFCN6g,https://www.youtube.com/watch?v=EtDTWxFCN6g,A Bordo en Vivo,3743.0,,streams,https://i.ytimg.com/vi/EtDTWxFCN6g/hqdefault.jpg?sqp=-oaymwE2CNACELwBSFXyq4qpAygIARUAAIhCGAFwAcABBvABAfgB_gmAAtAFigIMCAAQARhlIFQoPzAP&rs=AOn4CLCtKXOCFa1uMwf9c8q9ByZyXjbBOg,Jaime Gabaldoni,external-reference,embed_link_and_summarize_only
DzpGVLEvMsI,https://www.youtube.com/watch?v=DzpGVLEvMsI,A Bordo en Vivo,4886.0,,streams,https://i.ytimg.com/vi/DzpGVLEvMsI/hqdefault.jpg?sqp=-oaymwE2CNACELwBSFXyq4qpAygIARUAAIhCGAFwAcABBvABAfgB_gmAAtAFigIMCAAQARhlIFooTzAP&rs=AOn4CLBAq2TbO1atgWlGGC4GB_R01cF2_w,Jaime Gabaldoni,external-reference,embed_link_and_summarize_only
gYSQUO45GOY,https://www.youtube.com/watch?v=gYSQUO45GOY,Abordo en Vivo,4666.0,,streams,https://i.ytimg.com/vi/gYSQUO45GOY/hqdefault.jpg?sqp=-oaymwE2CNACELwBSFXyq4qpAygIARUAAIhCGAFwAcABBvABAfgB_gmAAtAFigIMCAAQARhWIGUoZTAP&rs=AOn4CLC08rkZUx8_kZjIUatSCS_FF2XsrQ,Jaime Gabaldoni,external-reference,embed_link_and_summarize_only
51TGsOhYj1c,https://www.youtube.com/watch?v=51TGsOhYj1c,Autos Univision Novedades,3246.0,,streams,https://i.ytimg.com/vi/51TGsOhYj1c/hqdefault.jpg?sqp=-oaymwE2CNACELwBSFXyq4qpAygIARUAAIhCGAFwAcABBvABAfgB_gmAAtAFigIMCAAQARgTIEwofzAP&rs=AOn4CLCVgKC-4O3Y48ChirbEEEyMziWPIQ,Jaime Gabaldoni,external-reference,embed_link_and_summarize_only
b7DOLYjjn7o,https://www.youtube.com/watch?v=b7DOLYjjn7o,Univision - Novedades,4536.0,,streams,https://i.ytimg.com/vi/b7DOLYjjn7o/hqdefault.jpg?sqp=-oaymwEcCNACELwBSFXyq4qpAw4IARUAAIhCGAFwAcABBg==&rs=AOn4CLDXJeZs4tpTURvODOBpaf38LJ-vYQ,Jaime Gabaldoni,external-reference,embed_link_and_summarize_only
eBMI2ZALh_U,https://www.youtube.com/watch?v=eBMI2ZALh_U,En Vivo desde Univision,3899.0,,streams,https://i.ytimg.com/vi/eBMI2ZALh_U/hqdefault.jpg?sqp=-oaymwEcCNACELwBSFXyq4qpAw4IARUAAIhCGAFwAcABBg==&rs=AOn4CLDieH9eOUUVfpMI1dhHJ10DVR0j1g,Jaime Gabaldoni,external-reference,embed_link_and_summarize_only
