topic,polarity,claim_type,confidence,needs_verification,buyer_impact,claim_summary,source_channel,source_owner,source_title,source_url,source_video_id,timestamp_start,transcript_language,extraction_provider,extraction_method,content_reuse_policy,usage_rights,reuse_policy,raw_transcript_stored,claim_file,claim_dir
Abarth,negative,candidate_opinion,low,True,Pendiente de clasificar.,El video contiene una posible opinion critica sobre Abarth; requiere revision editorial o AI antes de publicarse como afirmacion.,El Dios de los Autos,El Dios de los Autos,"HYUNDAI acaba de SUPERAR a TOYOTA, Honda y Mazda",https://www.youtube.com/watch?v=zGZVCUjlaIk,zGZVCUjlaIk,,es,local,local_candidate_no_verbatim,paraphrased_claims_only,external-reference,embed_link_and_summarize_only,False,youtube-library-output/knowledge/claims/zGZVCUjlaIk.json,youtube-library-output/knowledge/claims
Acura,negative,candidate_opinion,low,True,Pendiente de clasificar.,El video contiene una posible opinion critica sobre Acura; requiere revision editorial o AI antes de publicarse como afirmacion.,Autoboutique 1/4 de Milla,Autoboutique 1/4 de Milla,"104. PruebameLa Nave de Acura Integra, ID Buzz, Fiat Mobi, Honda",https://www.youtube.com/watch?v=4CAXSFpMq0E,4CAXSFpMq0E,,es,local,local_candidate_no_verbatim,paraphrased_claims_only,external-reference,embed_link_and_summarize_only,False,youtube-library-output/knowledge/claims/4CAXSFpMq0E.json,youtube-library-output/knowledge/claims
Acura,negative,candidate_opinion,low,True,Pendiente de clasificar.,El video contiene una posible opinion critica sobre Acura; requiere revision editorial o AI antes de publicarse como afirmacion.,Autoboutique 1/4 de Milla,Autoboutique 1/4 de Milla,"48. Chevrolet Montana, Toyota Avanza 2022, Volvo C40 Recharge, Jac o Maserati",https://www.youtube.com/watch?v=tXFtwyJ0HJI,tXFtwyJ0HJI,,es,local,local_candidate_no_verbatim,paraphrased_claims_only,external-reference,embed_link_and_summarize_only,False,youtube-library-output/knowledge/claims/tXFtwyJ0HJI.json,youtube-library-output/knowledge/claims
Acura,neutral,review_needed,low,True,Pendiente de clasificar.,"Fuente externa registrada sobre Acura; requiere subtitulo/AI o revision editorial para separar pros, contras y recomendaciones sin copiar el guion.",Autoboutique 1/4 de Milla,Autoboutique 1/4 de Milla,"El Podcast de Autos 104 | PruebameLa Nave de Acura Integra, ID Buzz, Fiat Mobi, Honda",https://www.youtube.com/watch?v=hRJTmW-1Ajk,hRJTmW-1Ajk,,,local,local_review_marker,paraphrased_claims_only,external-reference,embed_link_and_summarize_only,False,youtube-library-output/knowledge/claims/hRJTmW-1Ajk.json,youtube-library-output/knowledge/claims
Acura,negative,candidate_opinion,low,True,Pendiente de clasificar.,El video contiene una posible opinion critica sobre Acura; requiere revision editorial o AI antes de publicarse como afirmacion.,El Dios de los Autos,El Dios de los Autos,"NISSAN y HONDA Presentan PICK UP de $15,000 (TOYOTA y FORD Entran en PANICO)",https://www.youtube.com/watch?v=G55hZPKV2GE,G55hZPKV2GE,,es,local,local_candidate_no_verbatim,paraphrased_claims_only,external-reference,embed_link_and_summarize_only,False,youtube-library-output/knowledge/claims/G55hZPKV2GE.json,youtube-library-output/knowledge/claims
Acura,negative,candidate_opinion,low,True,Pendiente de clasificar.,El video contiene una posible opinion critica sobre Acura; requiere revision editorial o AI antes de publicarse como afirmacion.,El Dios de los Autos,El Dios de los Autos,"¡TOYOTA ACABA DE COMPRAR NISSAN, HONDA Y MITSUBISHI!",https://www.youtube.com/watch?v=ozfRldd0pZI,ozfRldd0pZI,,es,local,local_candidate_no_verbatim,paraphrased_claims_only,external-reference,embed_link_and_summarize_only,False,youtube-library-output/knowledge/claims/ozfRldd0pZI.json,youtube-library-output/knowledge/claims
Acura,negative,candidate_opinion,low,True,Pendiente de clasificar.,El video contiene una posible opinion critica sobre Acura; requiere revision editorial o AI antes de publicarse como afirmacion.,El Dios de los Autos,El Dios de los Autos,¿MAZDA ES MEJOR AUTO PREMIUM QUE BMW?,https://www.youtube.com/watch?v=xzb4lyukVms,xzb4lyukVms,,es,local,local_candidate_no_verbatim,paraphrased_claims_only,external-reference,embed_link_and_summarize_only,False,youtube-library-output/knowledge/claims/xzb4lyukVms.json,youtube-library-output/knowledge/claims
Acura,positive,candidate_opinion,low,True,Pendiente de clasificar.,El video contiene una posible opinion favorable sobre Acura; requiere revision editorial o AI antes de publicarse como afirmacion.,El Dios de los Autos,El Dios de los Autos,¿MAZDA ES MEJOR AUTO PREMIUM QUE BMW?,https://www.youtube.com/watch?v=xzb4lyukVms,xzb4lyukVms,,es,local,local_candidate_no_verbatim,paraphrased_claims_only,external-reference,embed_link_and_summarize_only,False,youtube-library-output/knowledge/claims/xzb4lyukVms.json,youtube-library-output/knowledge/claims
Alfa Romeo,positive,candidate_opinion,low,True,Pendiente de clasificar.,El video contiene una posible opinion favorable sobre Alfa Romeo; requiere revision editorial o AI antes de publicarse como afirmacion.,El Dios de los Autos,El Dios de los Autos,"BYD Acaba de poner DE RODILLAS a Toyota, Nissan y Mazda",https://www.youtube.com/watch?v=kFcNV8iXLuo,kFcNV8iXLuo,,es,local,local_candidate_no_verbatim,paraphrased_claims_only,external-reference,embed_link_and_summarize_only,False,youtube-library-output/knowledge/claims/kFcNV8iXLuo.json,youtube-library-output/knowledge/claims
Alfa Romeo,negative,candidate_opinion,low,True,Pendiente de clasificar.,El video contiene una posible opinion critica sobre Alfa Romeo; requiere revision editorial o AI antes de publicarse como afirmacion.,El Dios de los Autos,El Dios de los Autos,"BYD Acaba de poner DE RODILLAS a Toyota, Nissan y Mazda",https://www.youtube.com/watch?v=kFcNV8iXLuo,kFcNV8iXLuo,,es,local,local_candidate_no_verbatim,paraphrased_claims_only,external-reference,embed_link_and_summarize_only,False,youtube-library-output/knowledge/claims/kFcNV8iXLuo.json,youtube-library-output/knowledge/claims
Alfa Romeo,negative,candidate_opinion,low,True,Pendiente de clasificar.,El video contiene una posible opinion critica sobre Alfa Romeo; requiere revision editorial o AI antes de publicarse como afirmacion.,El Dios de los Autos,El Dios de los Autos,"¡MG ACABA DE COMPRAR JEEP, ALFA ROMEO Y MASERATI!",https://www.youtube.com/watch?v=IVNVRKQ6D68,IVNVRKQ6D68,,,local,local_candidate_no_verbatim,paraphrased_claims_only,external-reference,embed_link_and_summarize_only,False,youtube-library-output/knowledge/claims/IVNVRKQ6D68.json,youtube-library-output/knowledge/claims
Alfa Romeo,neutral,review_needed,low,True,Pendiente de clasificar.,"Fuente externa registrada sobre Alfa Romeo; requiere subtitulo/AI o revision editorial para separar pros, contras y recomendaciones sin copiar el guion.",Sergio Oliveira,Sergio Oliveira,Me lo compro o no me lo compro. Alfa Romeo y Audi,https://www.youtube.com/watch?v=I_fLLaMrC7c,I_fLLaMrC7c,,,local,local_review_marker,paraphrased_claims_only,external-reference,embed_link_and_summarize_only,False,youtube-library-output/knowledge/claims/I_fLLaMrC7c.json,youtube-library-output/knowledge/claims
Alfa Romeo,negative,candidate_opinion,low,True,Pendiente de clasificar.,El video contiene una posible opinion critica sobre Alfa Romeo; requiere revision editorial o AI antes de publicarse como afirmacion.,Sergio Oliveira,Sergio Oliveira,"¿Me lo compro o no me lo compro? | Con Lalo Vargas | Peugeot, Ram y Renault",https://www.youtube.com/watch?v=RJuaMqk0J_M,RJuaMqk0J_M,,es,local,local_candidate_no_verbatim,paraphrased_claims_only,external-reference,embed_link_and_summarize_only,False,youtube-library-output/knowledge/claims/RJuaMqk0J_M.json,youtube-library-output/knowledge/claims
Alfa Romeo,positive,candidate_opinion,low,True,Pendiente de clasificar.,El video contiene una posible opinion favorable sobre Alfa Romeo; requiere revision editorial o AI antes de publicarse como afirmacion.,Sergio Oliveira,Sergio Oliveira,"¿Me lo compro o no me lo compro? | Con Lalo Vargas | Peugeot, Ram y Renault",https://www.youtube.com/watch?v=RJuaMqk0J_M,RJuaMqk0J_M,,es,local,local_candidate_no_verbatim,paraphrased_claims_only,external-reference,embed_link_and_summarize_only,False,youtube-library-output/knowledge/claims/RJuaMqk0J_M.json,youtube-library-output/knowledge/claims
Audi,negative,candidate_opinion,low,True,Pendiente de clasificar.,El video contiene una posible opinion critica sobre Audi; requiere revision editorial o AI antes de publicarse como afirmacion.,Autoboutique 1/4 de Milla,Autoboutique 1/4 de Milla,"113. ¿De qué nos disfrazamos?, Chirey Omoda 5, Ford Bronco Raptor, Honda Odyssey Black Edition.",https://www.youtube.com/watch?v=3HWIPj0zR3c,3HWIPj0zR3c,,es,local,local_candidate_no_verbatim,paraphrased_claims_only,external-reference,embed_link_and_summarize_only,False,youtube-library-output/knowledge/claims/3HWIPj0zR3c.json,youtube-library-output/knowledge/claims
Audi,positive,candidate_opinion,low,True,Pendiente de clasificar.,El video contiene una posible opinion favorable sobre Audi; requiere revision editorial o AI antes de publicarse como afirmacion.,Autoboutique 1/4 de Milla,Autoboutique 1/4 de Milla,"113. ¿De qué nos disfrazamos?, Chirey Omoda 5, Ford Bronco Raptor, Honda Odyssey Black Edition.",https://www.youtube.com/watch?v=3HWIPj0zR3c,3HWIPj0zR3c,,es,local,local_candidate_no_verbatim,paraphrased_claims_only,external-reference,embed_link_and_summarize_only,False,youtube-library-output/knowledge/claims/3HWIPj0zR3c.json,youtube-library-output/knowledge/claims
Audi,negative,candidate_opinion,low,True,Pendiente de clasificar.,El video contiene una posible opinion critica sobre Audi; requiere revision editorial o AI antes de publicarse como afirmacion.,Autoboutique 1/4 de Milla,Autoboutique 1/4 de Milla,"146. Tesla en México, Comprar en agencias de contado, Mazda CX-50",https://www.youtube.com/watch?v=fOfo6GORkWs,fOfo6GORkWs,,es,local,local_candidate_no_verbatim,paraphrased_claims_only,external-reference,embed_link_and_summarize_only,False,youtube-library-output/knowledge/claims/fOfo6GORkWs.json,youtube-library-output/knowledge/claims
Audi,negative,candidate_opinion,low,True,Pendiente de clasificar.,El video contiene una posible opinion critica sobre Audi; requiere revision editorial o AI antes de publicarse como afirmacion.,Autoboutique 1/4 de Milla,Autoboutique 1/4 de Milla,"193. Chevrolet Montana, Suzuki Fronx, Vuelve GTI, Precios Polo, BR-V y Acord",https://www.youtube.com/watch?v=ceNBj66rGvQ,ceNBj66rGvQ,,es,local,local_candidate_no_verbatim,paraphrased_claims_only,external-reference,embed_link_and_summarize_only,False,youtube-library-output/knowledge/claims/ceNBj66rGvQ.json,youtube-library-output/knowledge/claims
Audi,negative,candidate_opinion,low,True,Pendiente de clasificar.,El video contiene una posible opinion critica sobre Audi; requiere revision editorial o AI antes de publicarse como afirmacion.,Autoboutique 1/4 de Milla,Autoboutique 1/4 de Milla,"32. Audi A3 Sedan, Ford Mondeo, Mazda el mejor lugar para trabajar, Toyota Yaris GRMN",https://www.youtube.com/watch?v=XU_i1DgxASY,XU_i1DgxASY,,es,local,local_candidate_no_verbatim,paraphrased_claims_only,external-reference,embed_link_and_summarize_only,False,youtube-library-output/knowledge/claims/XU_i1DgxASY.json,youtube-library-output/knowledge/claims
Audi,negative,candidate_opinion,low,True,Pendiente de clasificar.,El video contiene una posible opinion critica sobre Audi; requiere revision editorial o AI antes de publicarse como afirmacion.,Autoboutique 1/4 de Milla,Autoboutique 1/4 de Milla,"76. Onix 2023, Cupra León 245, Precios Chirey, Historias de Chevy.",https://www.youtube.com/watch?v=4YE48mPc8pM,4YE48mPc8pM,,es,local,local_candidate_no_verbatim,paraphrased_claims_only,external-reference,embed_link_and_summarize_only,False,youtube-library-output/knowledge/claims/4YE48mPc8pM.json,youtube-library-output/knowledge/claims
Audi,negative,candidate_opinion,low,True,Pendiente de clasificar.,El video contiene una posible opinion critica sobre Audi; requiere revision editorial o AI antes de publicarse como afirmacion.,Autoboutique 1/4 de Milla,Autoboutique 1/4 de Milla,"Audi A3 Sedan, Ford Mondeo, Mazda el mejor lugar para trabajar, Toyota Yaris GRMN | Podcast #32",https://www.youtube.com/watch?v=MTnDZy3vkmk,MTnDZy3vkmk,,es,local,local_candidate_no_verbatim,paraphrased_claims_only,external-reference,embed_link_and_summarize_only,False,youtube-library-output/knowledge/claims/MTnDZy3vkmk.json,youtube-library-output/knowledge/claims
Audi,negative,candidate_opinion,low,True,Pendiente de clasificar.,El video contiene una posible opinion critica sobre Audi; requiere revision editorial o AI antes de publicarse como afirmacion.,Autoboutique 1/4 de Milla,Autoboutique 1/4 de Milla,"Chevrolet Montana, Toyota Avanza 2022, Volvo C40 Recharge, Jac o Maserati | Podcast #48",https://www.youtube.com/watch?v=XZbAJU5j15Y,XZbAJU5j15Y,,es,local,local_candidate_no_verbatim,paraphrased_claims_only,external-reference,embed_link_and_summarize_only,False,youtube-library-output/knowledge/claims/XZbAJU5j15Y.json,youtube-library-output/knowledge/claims
Audi,neutral,review_needed,low,True,Pendiente de clasificar.,"Fuente externa registrada sobre Audi; requiere subtitulo/AI o revision editorial para separar pros, contras y recomendaciones sin copiar el guion.",El Dios de los Autos,El Dios de los Autos,"CADILLAC ACABA DE APLASTAR A BMW, AUDI Y MERCEDES (Y NADIE LO HA NOTADO)",https://www.youtube.com/watch?v=6leoXMpsOjw,6leoXMpsOjw,,,local,local_review_marker,paraphrased_claims_only,external-reference,embed_link_and_summarize_only,False,youtube-library-output/knowledge/claims/6leoXMpsOjw.json,youtube-library-output/knowledge/claims
Audi,negative,candidate_opinion,low,True,Pendiente de clasificar.,El video contiene una posible opinion critica sobre Audi; requiere revision editorial o AI antes de publicarse como afirmacion.,El Dios de los Autos,El Dios de los Autos,"NO COMPRE TOYOTA, HONDA O MAZDA NUEVOS EN ESTE MOMENTO",https://www.youtube.com/watch?v=uxW9LZ9yuuw,uxW9LZ9yuuw,,es,local,local_candidate_no_verbatim,paraphrased_claims_only,external-reference,embed_link_and_summarize_only,False,youtube-library-output/knowledge/claims/uxW9LZ9yuuw.json,youtube-library-output/knowledge/claims
Audi,negative,candidate_opinion,low,True,Pendiente de clasificar.,El video contiene una posible opinion critica sobre Audi; requiere revision editorial o AI antes de publicarse como afirmacion.,El Dios de los Autos,El Dios de los Autos,"¿BMW, AUDI O MERCEDES? |EXPLICACIÓN A PRUEBA DE IDIOTAS",https://www.youtube.com/watch?v=UuNlqloMIsY,UuNlqloMIsY,,es,local,local_candidate_no_verbatim,paraphrased_claims_only,external-reference,embed_link_and_summarize_only,False,youtube-library-output/knowledge/claims/UuNlqloMIsY.json,youtube-library-output/knowledge/claims
Audi,positive,candidate_opinion,low,True,Pendiente de clasificar.,El video contiene una posible opinion favorable sobre Audi; requiere revision editorial o AI antes de publicarse como afirmacion.,El Dios de los Autos,El Dios de los Autos,¿Compro un AUDI A1 o un TOYOTA COROLLA? AHORA CUESTAN IGUAL,https://www.youtube.com/watch?v=xJKQKFfs9ew,xJKQKFfs9ew,,,local,local_candidate_no_verbatim,paraphrased_claims_only,external-reference,embed_link_and_summarize_only,False,youtube-library-output/knowledge/claims/xJKQKFfs9ew.json,youtube-library-output/knowledge/claims
Audi,neutral,review_needed,low,True,Pendiente de clasificar.,"Fuente externa registrada sobre Audi; requiere subtitulo/AI o revision editorial para separar pros, contras y recomendaciones sin copiar el guion.",Jaime Gabaldoni,Jaime Gabaldoni,Audi Q8 Sportback e-tron 2024 - 🔋 una de las mejores SUV eléctricas hoy ⚡️ | Reseña Jaime Gabaldoni,https://www.youtube.com/watch?v=t2HI1mdkrZk,t2HI1mdkrZk,,,local,local_review_marker,paraphrased_claims_only,external-reference,embed_link_and_summarize_only,False,youtube-library-output/knowledge/claims/t2HI1mdkrZk.json,youtube-library-output/knowledge/claims
Audi,neutral,review_needed,low,True,Pendiente de clasificar.,"Fuente externa registrada sobre Audi; requiere subtitulo/AI o revision editorial para separar pros, contras y recomendaciones sin copiar el guion.",Jaime Gabaldoni,Jaime Gabaldoni,"Audi RS 7 Performance 2025: potencia, lujo y tecnología | Prueba de manejo | Jaime Gabaldoni",https://www.youtube.com/watch?v=arDaOi3bbhA,arDaOi3bbhA,,,local,local_review_marker,paraphrased_claims_only,external-reference,embed_link_and_summarize_only,False,youtube-library-output/knowledge/claims/arDaOi3bbhA.json,youtube-library-output/knowledge/claims
Audi,neutral,review_needed,low,True,Pendiente de clasificar.,"Fuente externa registrada sobre Audi; requiere subtitulo/AI o revision editorial para separar pros, contras y recomendaciones sin copiar el guion.",Sergio Oliveira,Sergio Oliveira,Audi Q8 S Line 2020. La Mejor en su clase.,https://www.youtube.com/watch?v=0agsGb2JgMw,0agsGb2JgMw,,,local,local_review_marker,paraphrased_claims_only,external-reference,embed_link_and_summarize_only,False,youtube-library-output/knowledge/claims/0agsGb2JgMw.json,youtube-library-output/knowledge/claims
Audi,neutral,review_needed,low,True,Pendiente de clasificar.,"Fuente externa registrada sobre Audi; requiere subtitulo/AI o revision editorial para separar pros, contras y recomendaciones sin copiar el guion.",Sergio Oliveira,Sergio Oliveira,Me lo compro o no me lo compro. Alfa Romeo y Audi,https://www.youtube.com/watch?v=I_fLLaMrC7c,I_fLLaMrC7c,,,local,local_review_marker,paraphrased_claims_only,external-reference,embed_link_and_summarize_only,False,youtube-library-output/knowledge/claims/I_fLLaMrC7c.json,youtube-library-output/knowledge/claims
Audi,negative,candidate_opinion,low,True,Pendiente de clasificar.,El video contiene una posible opinion critica sobre Audi; requiere revision editorial o AI antes de publicarse como afirmacion.,Sergio Oliveira,Sergio Oliveira,Seat León Cupra 2017. Velocidad a precio de ganga,https://www.youtube.com/watch?v=c6lV2K20_vg,c6lV2K20_vg,,es,local,local_candidate_no_verbatim,paraphrased_claims_only,external-reference,embed_link_and_summarize_only,False,youtube-library-output/knowledge/claims/c6lV2K20_vg.json,youtube-library-output/knowledge/claims
BMW,negative,candidate_opinion,low,True,Pendiente de clasificar.,El video contiene una posible opinion critica sobre BMW; requiere revision editorial o AI antes de publicarse como afirmacion.,Autoboutique 1/4 de Milla,Autoboutique 1/4 de Milla,BMW M240i Xdrive 2025 | PruebameLa... Nave #235 | Reseña,https://www.youtube.com/watch?v=5b0XhhpGHlc,5b0XhhpGHlc,,,local,local_candidate_no_verbatim,paraphrased_claims_only,external-reference,embed_link_and_summarize_only,False,youtube-library-output/knowledge/claims/5b0XhhpGHlc.json,youtube-library-output/knowledge/claims
BMW,neutral,review_needed,low,True,Pendiente de clasificar.,"Fuente externa registrada sobre BMW; requiere subtitulo/AI o revision editorial para separar pros, contras y recomendaciones sin copiar el guion.",Autoboutique 1/4 de Milla,Autoboutique 1/4 de Milla,BMW X6M50I 2021 | PruebameLa... Nave #137 | Reseña,https://www.youtube.com/watch?v=jkAknhO9cfs,jkAknhO9cfs,,,local,local_review_marker,paraphrased_claims_only,external-reference,embed_link_and_summarize_only,False,youtube-library-output/knowledge/claims/jkAknhO9cfs.json,youtube-library-output/knowledge/claims
BMW,neutral,review_needed,low,True,Pendiente de clasificar.,"Fuente externa registrada sobre BMW; requiere subtitulo/AI o revision editorial para separar pros, contras y recomendaciones sin copiar el guion.",Autoboutique 1/4 de Milla,Autoboutique 1/4 de Milla,boot accu air sema 2016 las vegas nevada nissan gtr lamborghini bmw mercedes benz,https://www.youtube.com/watch?v=4hyw3gHG4YA,4hyw3gHG4YA,,,local,local_review_marker,paraphrased_claims_only,external-reference,embed_link_and_summarize_only,False,youtube-library-output/knowledge/claims/4hyw3gHG4YA.json,youtube-library-output/knowledge/claims
BMW,neutral,review_needed,low,True,Pendiente de clasificar.,"Fuente externa registrada sobre BMW; requiere subtitulo/AI o revision editorial para separar pros, contras y recomendaciones sin copiar el guion.",CarsLatino,CarsLatino,5 BMW QUE NO DEBERÍAS COMPRAR Y 5 QUE SI *CarsLatino*,https://www.youtube.com/watch?v=hfnxIwleCjo,hfnxIwleCjo,,,local,local_review_marker,paraphrased_claims_only,external-reference,embed_link_and_summarize_only,False,youtube-library-output/knowledge/claims/hfnxIwleCjo.json,youtube-library-output/knowledge/claims
BMW,neutral,review_needed,low,True,Pendiente de clasificar.,"Fuente externa registrada sobre BMW; requiere subtitulo/AI o revision editorial para separar pros, contras y recomendaciones sin copiar el guion.",CarsLatino,CarsLatino,Prueba de Manejo BMW 330iA Sport Line 2018 *CarsLatino*,https://www.youtube.com/watch?v=uKEpI2sTjjU,uKEpI2sTjjU,,,local,local_review_marker,paraphrased_claims_only,external-reference,embed_link_and_summarize_only,False,youtube-library-output/knowledge/claims/uKEpI2sTjjU.json,youtube-library-output/knowledge/claims
BMW,neutral,review_needed,low,True,Pendiente de clasificar.,"Fuente externa registrada sobre BMW; requiere subtitulo/AI o revision editorial para separar pros, contras y recomendaciones sin copiar el guion.",El Dios de los Autos,El Dios de los Autos,"CADILLAC ACABA DE APLASTAR A BMW, AUDI Y MERCEDES (Y NADIE LO HA NOTADO)",https://www.youtube.com/watch?v=6leoXMpsOjw,6leoXMpsOjw,,,local,local_review_marker,paraphrased_claims_only,external-reference,embed_link_and_summarize_only,False,youtube-library-output/knowledge/claims/6leoXMpsOjw.json,youtube-library-output/knowledge/claims
BMW,neutral,review_needed,low,True,Pendiente de clasificar.,"Fuente externa registrada sobre BMW; requiere subtitulo/AI o revision editorial para separar pros, contras y recomendaciones sin copiar el guion.",El Dios de los Autos,El Dios de los Autos,COMPRÉ UN VOLVO XC40 HIBRIDO ¿REALMENTE DESTROZA AL BMW X1?,https://www.youtube.com/watch?v=oKHE7t_hGjs,oKHE7t_hGjs,,,local,local_review_marker,paraphrased_claims_only,external-reference,embed_link_and_summarize_only,False,youtube-library-output/knowledge/claims/oKHE7t_hGjs.json,youtube-library-output/knowledge/claims
BMW,negative,candidate_opinion,low,True,Pendiente de clasificar.,El video contiene una posible opinion critica sobre BMW; requiere revision editorial o AI antes de publicarse como afirmacion.,El Dios de los Autos,El Dios de los Autos,MG ACABA DE COMPRAR BMW (ESTO LO CAMBIA TODO),https://www.youtube.com/watch?v=8rRsSjBmFzI,8rRsSjBmFzI,,,local,local_candidate_no_verbatim,paraphrased_claims_only,external-reference,embed_link_and_summarize_only,False,youtube-library-output/knowledge/claims/8rRsSjBmFzI.json,youtube-library-output/knowledge/claims
BMW,neutral,review_needed,low,True,Pendiente de clasificar.,"Fuente externa registrada sobre BMW; requiere subtitulo/AI o revision editorial para separar pros, contras y recomendaciones sin copiar el guion.",Jaime Gabaldoni,Jaime Gabaldoni,"Audi RS 7 Performance 2025: potencia, lujo y tecnología | Prueba de manejo | Jaime Gabaldoni",https://www.youtube.com/watch?v=arDaOi3bbhA,arDaOi3bbhA,,,local,local_review_marker,paraphrased_claims_only,external-reference,embed_link_and_summarize_only,False,youtube-library-output/knowledge/claims/arDaOi3bbhA.json,youtube-library-output/knowledge/claims
BMW,neutral,review_needed,low,True,Pendiente de clasificar.,"Fuente externa registrada sobre BMW; requiere subtitulo/AI o revision editorial para separar pros, contras y recomendaciones sin copiar el guion.",Jaime Gabaldoni,Jaime Gabaldoni,BMW 330i xDrive 2025: ¿vale la pena? | Prueba de manejo | Jaime Gabaldoni,https://www.youtube.com/watch?v=r0wxQs3Wizw,r0wxQs3Wizw,,,local,local_review_marker,paraphrased_claims_only,external-reference,embed_link_and_summarize_only,False,youtube-library-output/knowledge/claims/r0wxQs3Wizw.json,youtube-library-output/knowledge/claims
BMW,neutral,review_needed,low,True,Pendiente de clasificar.,"Fuente externa registrada sobre BMW; requiere subtitulo/AI o revision editorial para separar pros, contras y recomendaciones sin copiar el guion.",Jaime Gabaldoni,Jaime Gabaldoni,BMW R 1250 RT 2023: Touring de lujo en el Gran Cañón | Prueba de manejo | Jaime Gabaldoni,https://www.youtube.com/watch?v=q4Eha0ON8do,q4Eha0ON8do,,,local,local_review_marker,paraphrased_claims_only,external-reference,embed_link_and_summarize_only,False,youtube-library-output/knowledge/claims/q4Eha0ON8do.json,youtube-library-output/knowledge/claims
BMW,positive,candidate_opinion,low,True,Pendiente de clasificar.,El video contiene una posible opinion favorable sobre BMW; requiere revision editorial o AI antes de publicarse como afirmacion.,Jaime Gabaldoni,Jaime Gabaldoni,El BMW iX 50 2022 es superior al Tesla Model X | Primeras Impresiones,https://www.youtube.com/watch?v=PpaK84peNKc,PpaK84peNKc,,,local,local_candidate_no_verbatim,paraphrased_claims_only,external-reference,embed_link_and_summarize_only,False,youtube-library-output/knowledge/claims/PpaK84peNKc.json,youtube-library-output/knowledge/claims
BMW,neutral,review_needed,low,True,Pendiente de clasificar.,"Fuente externa registrada sobre BMW; requiere subtitulo/AI o revision editorial para separar pros, contras y recomendaciones sin copiar el guion.",Jaime Gabaldoni,Jaime Gabaldoni,Volvo XC90 PHEV 2026: ¿El SUV híbrido premium más completo? | Prueba de Manejo | Jaime Gabaldoni,https://www.youtube.com/watch?v=I3uqdp9_2Cw,I3uqdp9_2Cw,,,local,local_review_marker,paraphrased_claims_only,external-reference,embed_link_and_summarize_only,False,youtube-library-output/knowledge/claims/I3uqdp9_2Cw.json,youtube-library-output/knowledge/claims
BMW,neutral,review_needed,low,True,Pendiente de clasificar.,"Fuente externa registrada sobre BMW; requiere subtitulo/AI o revision editorial para separar pros, contras y recomendaciones sin copiar el guion.",Sergio Oliveira,Sergio Oliveira,BMW 540i iA M Sport 2018. ¿El mejor sedán de su clase en el mundo?,https://www.youtube.com/watch?v=K-UDgvs1A0g,K-UDgvs1A0g,,,local,local_review_marker,paraphrased_claims_only,external-reference,embed_link_and_summarize_only,False,youtube-library-output/knowledge/claims/K-UDgvs1A0g.json,youtube-library-output/knowledge/claims
BMW,neutral,review_needed,low,True,Pendiente de clasificar.,"Fuente externa registrada sobre BMW; requiere subtitulo/AI o revision editorial para separar pros, contras y recomendaciones sin copiar el guion.",Sergio Oliveira,Sergio Oliveira,BMW Serie 7 2023. El mejor sedán en su categoría.,https://www.youtube.com/watch?v=1V3cZD0T66U,1V3cZD0T66U,,,local,local_review_marker,paraphrased_claims_only,external-reference,embed_link_and_summarize_only,False,youtube-library-output/knowledge/claims/1V3cZD0T66U.json,youtube-library-output/knowledge/claims
BMW,negative,candidate_opinion,low,True,Pendiente de clasificar.,El video contiene una posible opinion critica sobre BMW; requiere revision editorial o AI antes de publicarse como afirmacion.,Sergio Oliveira,Sergio Oliveira,Chevrolet Bolt EV 2018. La mejor alternativa a un Tesla.,https://www.youtube.com/watch?v=Q6fnYdICjRc,Q6fnYdICjRc,,es,local,local_candidate_no_verbatim,paraphrased_claims_only,external-reference,embed_link_and_summarize_only,False,youtube-library-output/knowledge/claims/Q6fnYdICjRc.json,youtube-library-output/knowledge/claims
BMW,negative,candidate_opinion,low,True,Pendiente de clasificar.,El video contiene una posible opinion critica sobre BMW; requiere revision editorial o AI antes de publicarse como afirmacion.,Sergio Oliveira,Sergio Oliveira,"¿Me lo compro o no me los compro? DFSK, Dodge, FIAT, Ferrari y Ford",https://www.youtube.com/watch?v=qIqbZJyEcL0,qIqbZJyEcL0,,es,local,local_candidate_no_verbatim,paraphrased_claims_only,external-reference,embed_link_and_summarize_only,False,youtube-library-output/knowledge/claims/qIqbZJyEcL0.json,youtube-library-output/knowledge/claims
BYD,neutral,review_needed,low,True,Pendiente de clasificar.,"Fuente externa registrada sobre BYD; requiere subtitulo/AI o revision editorial para separar pros, contras y recomendaciones sin copiar el guion.",Autoboutique 1/4 de Milla,Autoboutique 1/4 de Milla,"155. Bloqueos de avenidas, Chevrolet Aveo 2024, BYD ya en México",https://www.youtube.com/watch?v=iMABxN0D1yY,iMABxN0D1yY,,,local,local_review_marker,paraphrased_claims_only,external-reference,embed_link_and_summarize_only,False,youtube-library-output/knowledge/claims/iMABxN0D1yY.json,youtube-library-output/knowledge/claims
BYD,positive,candidate_opinion,low,True,Pendiente de clasificar.,El video contiene una posible opinion favorable sobre BYD; requiere revision editorial o AI antes de publicarse como afirmacion.,Autoboutique 1/4 de Milla,Autoboutique 1/4 de Milla,"161. BYD Seagull, Cupra Tavaskan, Jaecoo 7 y 9, Mach E en Australia",https://www.youtube.com/watch?v=JrVN4HVNjJg,JrVN4HVNjJg,,,local,local_candidate_no_verbatim,paraphrased_claims_only,external-reference,embed_link_and_summarize_only,False,youtube-library-output/knowledge/claims/JrVN4HVNjJg.json,youtube-library-output/knowledge/claims
BYD,neutral,review_needed,low,True,Pendiente de clasificar.,"Fuente externa registrada sobre BYD; requiere subtitulo/AI o revision editorial para separar pros, contras y recomendaciones sin copiar el guion.",El Dios de los Autos,El Dios de los Autos,BYD ES LA MEJOR MARCA DEL MUNDO,https://www.youtube.com/watch?v=paAQvYxjyn0,paAQvYxjyn0,,,local,local_review_marker,paraphrased_claims_only,external-reference,embed_link_and_summarize_only,False,youtube-library-output/knowledge/claims/paAQvYxjyn0.json,youtube-library-output/knowledge/claims
BYD,positive,candidate_opinion,low,True,Pendiente de clasificar.,El video contiene una posible opinion favorable sobre BYD; requiere revision editorial o AI antes de publicarse como afirmacion.,Sergio Oliveira,Sergio Oliveira,"¿Me lo compro o no me lo compro? 1 Con Lalo Vargas | China, Infiniti y Jeep",https://www.youtube.com/watch?v=fASJ3iE-Yxg,fASJ3iE-Yxg,,es,local,local_candidate_no_verbatim,paraphrased_claims_only,external-reference,embed_link_and_summarize_only,False,youtube-library-output/knowledge/claims/fASJ3iE-Yxg.json,youtube-library-output/knowledge/claims
BYD,negative,candidate_opinion,low,True,Pendiente de clasificar.,El video contiene una posible opinion critica sobre BYD; requiere revision editorial o AI antes de publicarse como afirmacion.,Sergio Oliveira,Sergio Oliveira,"¿Me lo compro o no me lo compro? 1 Con Lalo Vargas | China, Infiniti y Jeep",https://www.youtube.com/watch?v=fASJ3iE-Yxg,fASJ3iE-Yxg,,es,local,local_candidate_no_verbatim,paraphrased_claims_only,external-reference,embed_link_and_summarize_only,False,youtube-library-output/knowledge/claims/fASJ3iE-Yxg.json,youtube-library-output/knowledge/claims
BYD,neutral,review_needed,low,True,Pendiente de clasificar.,"Fuente externa registrada sobre BYD; requiere subtitulo/AI o revision editorial para separar pros, contras y recomendaciones sin copiar el guion.",Sergio Oliveira,Sergio Oliveira,¿Me lo compro o no me lo compro? BUICK y BYD,https://www.youtube.com/watch?v=K4tz6lkjYQA,K4tz6lkjYQA,,,local,local_review_marker,paraphrased_claims_only,external-reference,embed_link_and_summarize_only,False,youtube-library-output/knowledge/claims/K4tz6lkjYQA.json,youtube-library-output/knowledge/claims
Changan,negative,candidate_opinion,low,True,Pendiente de clasificar.,El video contiene una posible opinion critica sobre Changan; requiere revision editorial o AI antes de publicarse como afirmacion.,Sergio Oliveira,Sergio Oliveira,De Peugeot a Renault - Me lo compro o no me lo compro,https://www.youtube.com/watch?v=CQcRiCxB38E,CQcRiCxB38E,,es,local,local_candidate_no_verbatim,paraphrased_claims_only,external-reference,embed_link_and_summarize_only,False,youtube-library-output/knowledge/claims/CQcRiCxB38E.json,youtube-library-output/knowledge/claims
Chevrolet,neutral,review_needed,low,True,Pendiente de clasificar.,"Fuente externa registrada sobre Chevrolet; requiere subtitulo/AI o revision editorial para separar pros, contras y recomendaciones sin copiar el guion.",Autoboutique 1/4 de Milla,Autoboutique 1/4 de Milla,"155. Bloqueos de avenidas, Chevrolet Aveo 2024, BYD ya en México",https://www.youtube.com/watch?v=iMABxN0D1yY,iMABxN0D1yY,,,local,local_review_marker,paraphrased_claims_only,external-reference,embed_link_and_summarize_only,False,youtube-library-output/knowledge/claims/iMABxN0D1yY.json,youtube-library-output/knowledge/claims
Chevrolet,negative,candidate_opinion,low,True,Pendiente de clasificar.,El video contiene una posible opinion critica sobre Chevrolet; requiere revision editorial o AI antes de publicarse como afirmacion.,Autoboutique 1/4 de Milla,Autoboutique 1/4 de Milla,Chevrolet Onix vs Nissan Versa vs Volkswagen Virtus | Autoboutique 1/4 de Milla | Comparativa,https://www.youtube.com/watch?v=ArBiSJHJGtQ,ArBiSJHJGtQ,,es,local,local_candidate_no_verbatim,paraphrased_claims_only,external-reference,embed_link_and_summarize_only,False,youtube-library-output/knowledge/claims/ArBiSJHJGtQ.json,youtube-library-output/knowledge/claims
Chevrolet,neutral,review_needed,low,True,Pendiente de clasificar.,"Fuente externa registrada sobre Chevrolet; requiere subtitulo/AI o revision editorial para separar pros, contras y recomendaciones sin copiar el guion.",CarsLatino,CarsLatino,5 CHEVROLET QUE NO DEBERÍAS COMPRAR... Y 5 QUE SI *CarsLatino*,https://www.youtube.com/watch?v=0g36IgAMljQ,0g36IgAMljQ,,,local,local_review_marker,paraphrased_claims_only,external-reference,embed_link_and_summarize_only,False,youtube-library-output/knowledge/claims/0g36IgAMljQ.json,youtube-library-output/knowledge/claims
Chevrolet,neutral,review_needed,low,True,Pendiente de clasificar.,"Fuente externa registrada sobre Chevrolet; requiere subtitulo/AI o revision editorial para separar pros, contras y recomendaciones sin copiar el guion.",El Dios de los Autos,El Dios de los Autos,"Chevrolet ¡NUEVA Pick Up de $17,000 TIENE a Toyota y Ford de RODILLAS!",https://www.youtube.com/watch?v=hqsVHkRdSP4,hqsVHkRdSP4,,,local,local_review_marker,paraphrased_claims_only,external-reference,embed_link_and_summarize_only,False,youtube-library-output/knowledge/claims/hqsVHkRdSP4.json,youtube-library-output/knowledge/claims
Chevrolet,negative,candidate_opinion,low,True,Pendiente de clasificar.,El video contiene una posible opinion critica sobre Chevrolet; requiere revision editorial o AI antes de publicarse como afirmacion.,El Dios de los Autos,El Dios de los Autos,NO COMPRES TOYOTA COROLLA CROSS ni HONDA ZR-V o Mazda CX30 antes de Ver Esto,https://www.youtube.com/watch?v=1uEFPVfhXWA,1uEFPVfhXWA,,es,local,local_candidate_no_verbatim,paraphrased_claims_only,external-reference,embed_link_and_summarize_only,False,youtube-library-output/knowledge/claims/1uEFPVfhXWA.json,youtube-library-output/knowledge/claims
Chevrolet,positive,candidate_opinion,low,True,Pendiente de clasificar.,El video contiene una posible opinion favorable sobre Chevrolet; requiere revision editorial o AI antes de publicarse como afirmacion.,El Dios de los Autos,El Dios de los Autos,NO VALE LA PENA COMPRAR 0KM #cars #autos #coches #toyota #nissan #hyundai #kia #ford #chevrolet,https://www.youtube.com/shorts/ct4XOGBG4s8,ct4XOGBG4s8,,es,local,local_candidate_no_verbatim,paraphrased_claims_only,external-reference,embed_link_and_summarize_only,False,youtube-library-output/knowledge/claims/ct4XOGBG4s8.json,youtube-library-output/knowledge/claims
Chevrolet,negative,candidate_opinion,low,True,Pendiente de clasificar.,El video contiene una posible opinion critica sobre Chevrolet; requiere revision editorial o AI antes de publicarse como afirmacion.,El Dios de los Autos,El Dios de los Autos,TESLA AHORA ES DUEÑO DE FORD Y CHEVROLET,https://www.youtube.com/watch?v=rmKPNgKpHKw,rmKPNgKpHKw,,,local,local_candidate_no_verbatim,paraphrased_claims_only,external-reference,embed_link_and_summarize_only,False,youtube-library-output/knowledge/claims/rmKPNgKpHKw.json,youtube-library-output/knowledge/claims
Chevrolet,positive,candidate_opinion,low,True,Pendiente de clasificar.,El video contiene una posible opinion favorable sobre Chevrolet; requiere revision editorial o AI antes de publicarse como afirmacion.,El Dios de los Autos,El Dios de los Autos,TESLA AHORA ES DUEÑO DE FORD Y CHEVROLET,https://www.youtube.com/watch?v=rmKPNgKpHKw,rmKPNgKpHKw,,,local,local_candidate_no_verbatim,paraphrased_claims_only,external-reference,embed_link_and_summarize_only,False,youtube-library-output/knowledge/claims/rmKPNgKpHKw.json,youtube-library-output/knowledge/claims
Chevrolet,neutral,review_needed,low,True,Pendiente de clasificar.,"Fuente externa registrada sobre Chevrolet; requiere subtitulo/AI o revision editorial para separar pros, contras y recomendaciones sin copiar el guion.",Jaime Gabaldoni,Jaime Gabaldoni,2024 Dodge Durango SRT Hellcat Review 🔥 | Jaime Gabaldoni,https://www.youtube.com/watch?v=Jl7hOoO6E1s,Jl7hOoO6E1s,,,local,local_review_marker,paraphrased_claims_only,external-reference,embed_link_and_summarize_only,False,youtube-library-output/knowledge/claims/Jl7hOoO6E1s.json,youtube-library-output/knowledge/claims
Chevrolet,neutral,review_needed,low,True,Pendiente de clasificar.,"Fuente externa registrada sobre Chevrolet; requiere subtitulo/AI o revision editorial para separar pros, contras y recomendaciones sin copiar el guion.",Jaime Gabaldoni,Jaime Gabaldoni,"Audi RS 7 Performance 2025: potencia, lujo y tecnología | Prueba de manejo | Jaime Gabaldoni",https://www.youtube.com/watch?v=arDaOi3bbhA,arDaOi3bbhA,,,local,local_review_marker,paraphrased_claims_only,external-reference,embed_link_and_summarize_only,False,youtube-library-output/knowledge/claims/arDaOi3bbhA.json,youtube-library-output/knowledge/claims
Chevrolet,neutral,review_needed,low,True,Pendiente de clasificar.,"Fuente externa registrada sobre Chevrolet; requiere subtitulo/AI o revision editorial para separar pros, contras y recomendaciones sin copiar el guion.",Jaime Gabaldoni,Jaime Gabaldoni,BMW 330i xDrive 2025: ¿vale la pena? | Prueba de manejo | Jaime Gabaldoni,https://www.youtube.com/watch?v=r0wxQs3Wizw,r0wxQs3Wizw,,,local,local_review_marker,paraphrased_claims_only,external-reference,embed_link_and_summarize_only,False,youtube-library-output/knowledge/claims/r0wxQs3Wizw.json,youtube-library-output/knowledge/claims
Chevrolet,neutral,review_needed,low,True,Pendiente de clasificar.,"Fuente externa registrada sobre Chevrolet; requiere subtitulo/AI o revision editorial para separar pros, contras y recomendaciones sin copiar el guion.",Jaime Gabaldoni,Jaime Gabaldoni,BMW R 1250 RT 2023: Touring de lujo en el Gran Cañón | Prueba de manejo | Jaime Gabaldoni,https://www.youtube.com/watch?v=q4Eha0ON8do,q4Eha0ON8do,,,local,local_review_marker,paraphrased_claims_only,external-reference,embed_link_and_summarize_only,False,youtube-library-output/knowledge/claims/q4Eha0ON8do.json,youtube-library-output/knowledge/claims
Chevrolet,neutral,review_needed,low,True,Pendiente de clasificar.,"Fuente externa registrada sobre Chevrolet; requiere subtitulo/AI o revision editorial para separar pros, contras y recomendaciones sin copiar el guion.",Jaime Gabaldoni,Jaime Gabaldoni,Chevrolet Colorado Z71 2023 - 🤔 ¿La mejor pickup mediana? 🛻 | Reseña Jaime Gabaldoni,https://www.youtube.com/watch?v=FVyPQ1hjKnU,FVyPQ1hjKnU,,,local,local_review_marker,paraphrased_claims_only,external-reference,embed_link_and_summarize_only,False,youtube-library-output/knowledge/claims/FVyPQ1hjKnU.json,youtube-library-output/knowledge/claims
Chevrolet,neutral,review_needed,low,True,Pendiente de clasificar.,"Fuente externa registrada sobre Chevrolet; requiere subtitulo/AI o revision editorial para separar pros, contras y recomendaciones sin copiar el guion.",Jaime Gabaldoni,Jaime Gabaldoni,Chevrolet Corvette C8 Z06 2023 | Prueba Completa [HD],https://www.youtube.com/watch?v=ccYx3lkQtrE,ccYx3lkQtrE,,,local,local_review_marker,paraphrased_claims_only,external-reference,embed_link_and_summarize_only,False,youtube-library-output/knowledge/claims/ccYx3lkQtrE.json,youtube-library-output/knowledge/claims
Chevrolet,neutral,review_needed,low,True,Pendiente de clasificar.,"Fuente externa registrada sobre Chevrolet; requiere subtitulo/AI o revision editorial para separar pros, contras y recomendaciones sin copiar el guion.",Jaime Gabaldoni,Jaime Gabaldoni,El VOLVO XC60 T8 2024 BLACK EDITION | Prueba de Manejo | Jaime Gabaldoni,https://www.youtube.com/watch?v=bo-1Fp-mots,bo-1Fp-mots,,,local,local_review_marker,paraphrased_claims_only,external-reference,embed_link_and_summarize_only,False,youtube-library-output/knowledge/claims/bo-1Fp-mots.json,youtube-library-output/knowledge/claims
Chevrolet,neutral,review_needed,low,True,Pendiente de clasificar.,"Fuente externa registrada sobre Chevrolet; requiere subtitulo/AI o revision editorial para separar pros, contras y recomendaciones sin copiar el guion.",Jaime Gabaldoni,Jaime Gabaldoni,Ford Expedition 2025: ¿La mejor SUV familiar tamaño completo? | Prueba de Manejo | Jaime Gabaldoni,https://www.youtube.com/watch?v=z1RBvS2-nFQ,z1RBvS2-nFQ,,,local,local_review_marker,paraphrased_claims_only,external-reference,embed_link_and_summarize_only,False,youtube-library-output/knowledge/claims/z1RBvS2-nFQ.json,youtube-library-output/knowledge/claims
Chevrolet,neutral,review_needed,low,True,Pendiente de clasificar.,"Fuente externa registrada sobre Chevrolet; requiere subtitulo/AI o revision editorial para separar pros, contras y recomendaciones sin copiar el guion.",Jaime Gabaldoni,Jaime Gabaldoni,GMC Sierra EV AT4 2026: La pick-up eléctrica más capaz de GMC | Prueba de manejo | Jaime Gabaldoni,https://www.youtube.com/watch?v=-FnDxyk1_cI,-FnDxyk1_cI,,,local,local_review_marker,paraphrased_claims_only,external-reference,embed_link_and_summarize_only,False,youtube-library-output/knowledge/claims/-FnDxyk1_cI.json,youtube-library-output/knowledge/claims
Chevrolet,neutral,review_needed,low,True,Pendiente de clasificar.,"Fuente externa registrada sobre Chevrolet; requiere subtitulo/AI o revision editorial para separar pros, contras y recomendaciones sin copiar el guion.",Jaime Gabaldoni,Jaime Gabaldoni,"Japan Mobility Show 2025: Lexus, Toyota, Subaru, Mazda and the future of mobility | Jaime Gabaldoni",https://www.youtube.com/watch?v=Iv9QnL7nz-4,Iv9QnL7nz-4,,,local,local_review_marker,paraphrased_claims_only,external-reference,embed_link_and_summarize_only,False,youtube-library-output/knowledge/claims/Iv9QnL7nz-4.json,youtube-library-output/knowledge/claims
Chevrolet,positive,candidate_opinion,low,True,Pendiente de clasificar.,El video contiene una posible opinion favorable sobre Chevrolet; requiere revision editorial o AI antes de publicarse como afirmacion.,Jaime Gabaldoni,Jaime Gabaldoni,Jeep Wrangler 392 Final Edition: ¿el último Wrangler con motor HEMI V8? | Review | Jaime Gabaldoni,https://www.youtube.com/watch?v=f1aT1O41wEs,f1aT1O41wEs,,,local,local_candidate_no_verbatim,paraphrased_claims_only,external-reference,embed_link_and_summarize_only,False,youtube-library-output/knowledge/claims/f1aT1O41wEs.json,youtube-library-output/knowledge/claims
Chevrolet,positive,candidate_opinion,low,True,Pendiente de clasificar.,El video contiene una posible opinion favorable sobre Chevrolet; requiere revision editorial o AI antes de publicarse como afirmacion.,Jaime Gabaldoni,Jaime Gabaldoni,"Kia K4 Hatchback 2026: Motor turbo, manejo ágil y estilo único | Prueba de manejo | Jaime Gabaldoni",https://www.youtube.com/watch?v=mYIIqnu4dco,mYIIqnu4dco,,,local,local_candidate_no_verbatim,paraphrased_claims_only,external-reference,embed_link_and_summarize_only,False,youtube-library-output/knowledge/claims/mYIIqnu4dco.json,youtube-library-output/knowledge/claims
Chevrolet,positive,candidate_opinion,low,True,Pendiente de clasificar.,El video contiene una posible opinion favorable sobre Chevrolet; requiere revision editorial o AI antes de publicarse como afirmacion.,Jaime Gabaldoni,Jaime Gabaldoni,Kia Telluride 2027: ¿La mejor SUV familiar? con @Guaroaubinas | Prueba de manejo | Jaime Gabaldoni,https://www.youtube.com/watch?v=sEdkFx4BdqM,sEdkFx4BdqM,,,local,local_candidate_no_verbatim,paraphrased_claims_only,external-reference,embed_link_and_summarize_only,False,youtube-library-output/knowledge/claims/sEdkFx4BdqM.json,youtube-library-output/knowledge/claims
Chevrolet,neutral,review_needed,low,True,Pendiente de clasificar.,"Fuente externa registrada sobre Chevrolet; requiere subtitulo/AI o revision editorial para separar pros, contras y recomendaciones sin copiar el guion.",Jaime Gabaldoni,Jaime Gabaldoni,Mercedes-AMG GT63 COUPÉ 2025 | Prueba de Manejo | Jaime Gabaldoni,https://www.youtube.com/watch?v=fKrXVm0Dw88,fKrXVm0Dw88,,,local,local_review_marker,paraphrased_claims_only,external-reference,embed_link_and_summarize_only,False,youtube-library-output/knowledge/claims/fKrXVm0Dw88.json,youtube-library-output/knowledge/claims
Chevrolet,neutral,review_needed,low,True,Pendiente de clasificar.,"Fuente externa registrada sobre Chevrolet; requiere subtitulo/AI o revision editorial para separar pros, contras y recomendaciones sin copiar el guion.",Jaime Gabaldoni,Jaime Gabaldoni,Nissan Armada/Patrol Nismo 2026: La SUV deportiva INESPERADA de Nissan | Prueba de manejo,https://www.youtube.com/watch?v=Ta_QwNdOTM0,Ta_QwNdOTM0,,,local,local_review_marker,paraphrased_claims_only,external-reference,embed_link_and_summarize_only,False,youtube-library-output/knowledge/claims/Ta_QwNdOTM0.json,youtube-library-output/knowledge/claims
Chevrolet,neutral,review_needed,low,True,Pendiente de clasificar.,"Fuente externa registrada sobre Chevrolet; requiere subtitulo/AI o revision editorial para separar pros, contras y recomendaciones sin copiar el guion.",Jaime Gabaldoni,Jaime Gabaldoni,Nissan GT-R R35 2023: “Godzilla” sigue imparable | Prueba de manejo | Jaime Gabaldoni,https://www.youtube.com/watch?v=mXEY7BDpM50,mXEY7BDpM50,,,local,local_review_marker,paraphrased_claims_only,external-reference,embed_link_and_summarize_only,False,youtube-library-output/knowledge/claims/mXEY7BDpM50.json,youtube-library-output/knowledge/claims
Chevrolet,neutral,review_needed,low,True,Pendiente de clasificar.,"Fuente externa registrada sobre Chevrolet; requiere subtitulo/AI o revision editorial para separar pros, contras y recomendaciones sin copiar el guion.",Jaime Gabaldoni,Jaime Gabaldoni,RAM 2500 Heavy Duty Diesel 2025: ¿La pickup más poderosa? | Prueba de Manejo | Jaime Gabaldoni,https://www.youtube.com/watch?v=FUFANojXJJ4,FUFANojXJJ4,,,local,local_review_marker,paraphrased_claims_only,external-reference,embed_link_and_summarize_only,False,youtube-library-output/knowledge/claims/FUFANojXJJ4.json,youtube-library-output/knowledge/claims
Chevrolet,neutral,review_needed,low,True,Pendiente de clasificar.,"Fuente externa registrada sobre Chevrolet; requiere subtitulo/AI o revision editorial para separar pros, contras y recomendaciones sin copiar el guion.",Jaime Gabaldoni,Jaime Gabaldoni,The new 2025 MAZDA CX-70 Can it be compared to the European luxury models?| Review | Jaime Gabaldoni,https://www.youtube.com/watch?v=Bbyr5Wa81Lg,Bbyr5Wa81Lg,,,local,local_review_marker,paraphrased_claims_only,external-reference,embed_link_and_summarize_only,False,youtube-library-output/knowledge/claims/Bbyr5Wa81Lg.json,youtube-library-output/knowledge/claims
Chevrolet,neutral,review_needed,low,True,Pendiente de clasificar.,"Fuente externa registrada sobre Chevrolet; requiere subtitulo/AI o revision editorial para separar pros, contras y recomendaciones sin copiar el guion.",Jaime Gabaldoni,Jaime Gabaldoni,Toyota Tacoma i-Force Max TRD Pro 2025: Lista para el off-road | Prueba de manejo | Jaime Gabaldoni,https://www.youtube.com/watch?v=O4VMhPiVT50,O4VMhPiVT50,,,local,local_review_marker,paraphrased_claims_only,external-reference,embed_link_and_summarize_only,False,youtube-library-output/knowledge/claims/O4VMhPiVT50.json,youtube-library-output/knowledge/claims
Chevrolet,neutral,review_needed,low,True,Pendiente de clasificar.,"Fuente externa registrada sobre Chevrolet; requiere subtitulo/AI o revision editorial para separar pros, contras y recomendaciones sin copiar el guion.",Jaime Gabaldoni,Jaime Gabaldoni,Volvo XC90 PHEV 2026: ¿El SUV híbrido premium más completo? | Prueba de Manejo | Jaime Gabaldoni,https://www.youtube.com/watch?v=I3uqdp9_2Cw,I3uqdp9_2Cw,,,local,local_review_marker,paraphrased_claims_only,external-reference,embed_link_and_summarize_only,False,youtube-library-output/knowledge/claims/I3uqdp9_2Cw.json,youtube-library-output/knowledge/claims
Chevrolet,neutral,review_needed,low,True,Pendiente de clasificar.,"Fuente externa registrada sobre Chevrolet; requiere subtitulo/AI o revision editorial para separar pros, contras y recomendaciones sin copiar el guion.",Jaime Gabaldoni,Jaime Gabaldoni,🚐🔋 Volkswagen ID. Buzz 2025: la combi eléctrica moderna ⚡🚀 | Prueba de manejo | Jaime Gabaldoni,https://www.youtube.com/watch?v=QitI0_bBVRU,QitI0_bBVRU,,,local,local_review_marker,paraphrased_claims_only,external-reference,embed_link_and_summarize_only,False,youtube-library-output/knowledge/claims/QitI0_bBVRU.json,youtube-library-output/knowledge/claims
Chevrolet,neutral,review_needed,low,True,Pendiente de clasificar.,"Fuente externa registrada sobre Chevrolet; requiere subtitulo/AI o revision editorial para separar pros, contras y recomendaciones sin copiar el guion.",Sergio Oliveira,Sergio Oliveira,¿Me lo compro o no me lo compro? Chevrolet,https://www.youtube.com/watch?v=CQOM0NXov44,CQOM0NXov44,,,local,local_review_marker,paraphrased_claims_only,external-reference,embed_link_and_summarize_only,False,youtube-library-output/knowledge/claims/CQOM0NXov44.json,youtube-library-output/knowledge/claims
Chevrolet,positive,candidate_opinion,low,True,Pendiente de clasificar.,El video contiene una posible opinion favorable sobre Chevrolet; requiere revision editorial o AI antes de publicarse como afirmacion.,Sergio Oliveira,Sergio Oliveira,¿Me lo compro o no me lo compro? | Con Lalo Vargas | GMC y Honda,https://www.youtube.com/watch?v=E-dAwmDZ80M,E-dAwmDZ80M,,es,local,local_candidate_no_verbatim,paraphrased_claims_only,external-reference,embed_link_and_summarize_only,False,youtube-library-output/knowledge/claims/E-dAwmDZ80M.json,youtube-library-output/knowledge/claims
Chevrolet,negative,candidate_opinion,low,True,Pendiente de clasificar.,El video contiene una posible opinion critica sobre Chevrolet; requiere revision editorial o AI antes de publicarse como afirmacion.,Sergio Oliveira,Sergio Oliveira,¿Me lo compro o no me lo compro? | Con Lalo Vargas | GMC y Honda,https://www.youtube.com/watch?v=E-dAwmDZ80M,E-dAwmDZ80M,,es,local,local_candidate_no_verbatim,paraphrased_claims_only,external-reference,embed_link_and_summarize_only,False,youtube-library-output/knowledge/claims/E-dAwmDZ80M.json,youtube-library-output/knowledge/claims
Chirey,neutral,review_needed,low,True,Pendiente de clasificar.,"Fuente externa registrada sobre Chirey; requiere subtitulo/AI o revision editorial para separar pros, contras y recomendaciones sin copiar el guion.",Autoboutique 1/4 de Milla,Autoboutique 1/4 de Milla,"19. Chirey Omoda 5, Subaru WRX S4, Autódromo Riviera Maya, Categorías Rabadilla de Oro",https://www.youtube.com/watch?v=OEP3diaCMWw,OEP3diaCMWw,,,local,local_review_marker,paraphrased_claims_only,external-reference,embed_link_and_summarize_only,False,youtube-library-output/knowledge/claims/OEP3diaCMWw.json,youtube-library-output/knowledge/claims
Chirey,neutral,review_needed,low,True,Pendiente de clasificar.,"Fuente externa registrada sobre Chirey; requiere subtitulo/AI o revision editorial para separar pros, contras y recomendaciones sin copiar el guion.",Autoboutique 1/4 de Milla,Autoboutique 1/4 de Milla,"224. Tank 300 híbrido, Chirey y DHL hacen alianza, Nissan y Honda vs China",https://www.youtube.com/watch?v=5p0P6HyYtW0,5p0P6HyYtW0,,,local,local_review_marker,paraphrased_claims_only,external-reference,embed_link_and_summarize_only,False,youtube-library-output/knowledge/claims/5p0P6HyYtW0.json,youtube-library-output/knowledge/claims
Chirey,negative,candidate_opinion,low,True,Pendiente de clasificar.,El video contiene una posible opinion critica sobre Chirey; requiere revision editorial o AI antes de publicarse como afirmacion.,Autoboutique 1/4 de Milla,Autoboutique 1/4 de Milla,Casos extremos con fallas en vehiculos Chirey y Omoda.,https://www.youtube.com/watch?v=-q-MKAR9AUc,-q-MKAR9AUc,,,local,local_candidate_no_verbatim,paraphrased_claims_only,external-reference,embed_link_and_summarize_only,False,youtube-library-output/knowledge/claims/-q-MKAR9AUc.json,youtube-library-output/knowledge/claims
Chirey,neutral,review_needed,low,True,Pendiente de clasificar.,"Fuente externa registrada sobre Chirey; requiere subtitulo/AI o revision editorial para separar pros, contras y recomendaciones sin copiar el guion.",Autoboutique 1/4 de Milla,Autoboutique 1/4 de Milla,"Chirey Omoda 5, Subaru WRX S4, Autódromo Riviera Maya, Categorías Rabadilla de Oro | 19",https://www.youtube.com/watch?v=i9MvJIC7Zf0,i9MvJIC7Zf0,,,local,local_review_marker,paraphrased_claims_only,external-reference,embed_link_and_summarize_only,False,youtube-library-output/knowledge/claims/i9MvJIC7Zf0.json,youtube-library-output/knowledge/claims
Chirey,neutral,review_needed,low,True,Pendiente de clasificar.,"Fuente externa registrada sobre Chirey; requiere subtitulo/AI o revision editorial para separar pros, contras y recomendaciones sin copiar el guion.",Sergio Oliveira,Sergio Oliveira,Chirey Omoda 5,https://www.youtube.com/watch?v=NY2ykbBPawA,NY2ykbBPawA,,,local,local_review_marker,paraphrased_claims_only,external-reference,embed_link_and_summarize_only,False,youtube-library-output/knowledge/claims/NY2ykbBPawA.json,youtube-library-output/knowledge/claims
Cupra,positive,candidate_opinion,low,True,Pendiente de clasificar.,El video contiene una posible opinion favorable sobre Cupra; requiere revision editorial o AI antes de publicarse como afirmacion.,Autoboutique 1/4 de Milla,Autoboutique 1/4 de Milla,Comparativas 0-100 en CDMX Mazda 3 Signaturo Turbo Vs Seat Leon Cupra.,https://www.youtube.com/watch?v=dTKOz2AF8do,dTKOz2AF8do,,es,local,local_candidate_no_verbatim,paraphrased_claims_only,external-reference,embed_link_and_summarize_only,False,youtube-library-output/knowledge/claims/dTKOz2AF8do.json,youtube-library-output/knowledge/claims
Cupra,negative,candidate_opinion,low,True,Pendiente de clasificar.,El video contiene una posible opinion critica sobre Cupra; requiere revision editorial o AI antes de publicarse como afirmacion.,Autoboutique 1/4 de Milla,Autoboutique 1/4 de Milla,Seat Leon Cupra 290 | PruebameLa... Nave #18 | Reseña,https://www.youtube.com/watch?v=wCIFANQS4RM,wCIFANQS4RM,,es,local,local_candidate_no_verbatim,paraphrased_claims_only,external-reference,embed_link_and_summarize_only,False,youtube-library-output/knowledge/claims/wCIFANQS4RM.json,youtube-library-output/knowledge/claims
Cupra,neutral,review_needed,low,True,Pendiente de clasificar.,"Fuente externa registrada sobre Cupra; requiere subtitulo/AI o revision editorial para separar pros, contras y recomendaciones sin copiar el guion.",Sergio Oliveira,Sergio Oliveira,"Cupra Formentor 190 - Precioso, pero no para entusiastas",https://www.youtube.com/watch?v=4jrRvn9Guh0,4jrRvn9Guh0,,,local,local_review_marker,paraphrased_claims_only,external-reference,embed_link_and_summarize_only,False,youtube-library-output/knowledge/claims/4jrRvn9Guh0.json,youtube-library-output/knowledge/claims
Cupra,negative,candidate_opinion,low,True,Pendiente de clasificar.,El video contiene una posible opinion critica sobre Cupra; requiere revision editorial o AI antes de publicarse como afirmacion.,Sergio Oliveira,Sergio Oliveira,¿Me lo compro o no me lo compro? - Con Lalo Vargas - FIAT y Ford,https://www.youtube.com/watch?v=wFtjSBAacbI,wFtjSBAacbI,,es,local,local_candidate_no_verbatim,paraphrased_claims_only,external-reference,embed_link_and_summarize_only,False,youtube-library-output/knowledge/claims/wFtjSBAacbI.json,youtube-library-output/knowledge/claims
Cupra,positive,candidate_opinion,low,True,Pendiente de clasificar.,El video contiene una posible opinion favorable sobre Cupra; requiere revision editorial o AI antes de publicarse como afirmacion.,Sergio Oliveira,Sergio Oliveira,¿Me lo compro o no me lo compro? - Con Lalo Vargas - FIAT y Ford,https://www.youtube.com/watch?v=wFtjSBAacbI,wFtjSBAacbI,,es,local,local_candidate_no_verbatim,paraphrased_claims_only,external-reference,embed_link_and_summarize_only,False,youtube-library-output/knowledge/claims/wFtjSBAacbI.json,youtube-library-output/knowledge/claims
Dodge,neutral,review_needed,low,True,Pendiente de clasificar.,"Fuente externa registrada sobre Dodge; requiere subtitulo/AI o revision editorial para separar pros, contras y recomendaciones sin copiar el guion.",Autoboutique 1/4 de Milla,Autoboutique 1/4 de Milla,Dodge Challenger SRT Hellcat Redeye Widebody | PruebameLa... Nave #87 | Reseña,https://www.youtube.com/watch?v=H8GrL02XiOM,H8GrL02XiOM,,,local,local_review_marker,paraphrased_claims_only,external-reference,embed_link_and_summarize_only,False,youtube-library-output/knowledge/claims/H8GrL02XiOM.json,youtube-library-output/knowledge/claims
Dodge,neutral,review_needed,low,True,Pendiente de clasificar.,"Fuente externa registrada sobre Dodge; requiere subtitulo/AI o revision editorial para separar pros, contras y recomendaciones sin copiar el guion.",Autoboutique 1/4 de Milla,Autoboutique 1/4 de Milla,hyundai atos a prueba de dinamometro vendido en mexico dodge motor 1.0 litros,https://www.youtube.com/watch?v=dBPQQ84QPoQ,dBPQQ84QPoQ,,,local,local_review_marker,paraphrased_claims_only,external-reference,embed_link_and_summarize_only,False,youtube-library-output/knowledge/claims/dBPQQ84QPoQ.json,youtube-library-output/knowledge/claims
Dodge,neutral,review_needed,low,True,Pendiente de clasificar.,"Fuente externa registrada sobre Dodge; requiere subtitulo/AI o revision editorial para separar pros, contras y recomendaciones sin copiar el guion.",CarsLatino,CarsLatino,!El Nuevo Dodge Attitude Chino ES MEJOR que el Anterior! ¿Porque? *CarsLatino*,https://www.youtube.com/watch?v=NdRz8h8nIKU,NdRz8h8nIKU,,,local,local_review_marker,paraphrased_claims_only,external-reference,embed_link_and_summarize_only,False,youtube-library-output/knowledge/claims/NdRz8h8nIKU.json,youtube-library-output/knowledge/claims
Dodge,neutral,review_needed,low,True,Pendiente de clasificar.,"Fuente externa registrada sobre Dodge; requiere subtitulo/AI o revision editorial para separar pros, contras y recomendaciones sin copiar el guion.",CarsLatino,CarsLatino,5 DODGE QUE NO DEBERÍAS COMPRAR Y 5 QUE SI *CarsLatino*,https://www.youtube.com/watch?v=U9XFsfIUJWk,U9XFsfIUJWk,,,local,local_review_marker,paraphrased_claims_only,external-reference,embed_link_and_summarize_only,False,youtube-library-output/knowledge/claims/U9XFsfIUJWk.json,youtube-library-output/knowledge/claims
Dodge,neutral,review_needed,low,True,Pendiente de clasificar.,"Fuente externa registrada sobre Dodge; requiere subtitulo/AI o revision editorial para separar pros, contras y recomendaciones sin copiar el guion.",CarsLatino,CarsLatino,5 VOLKSWAGEN QUE NO DEBERÍAS COMPRAR Y 5 QUE SI *CarsLatino*,https://www.youtube.com/watch?v=yyB2uL3FoM8,yyB2uL3FoM8,,,local,local_review_marker,paraphrased_claims_only,external-reference,embed_link_and_summarize_only,False,youtube-library-output/knowledge/claims/yyB2uL3FoM8.json,youtube-library-output/knowledge/claims
Dodge,negative,candidate_opinion,low,True,Pendiente de clasificar.,El video contiene una posible opinion critica sobre Dodge; requiere revision editorial o AI antes de publicarse como afirmacion.,El Dios de los Autos,El Dios de los Autos,FORD RAPTOR 2021 DESTROZA A RAM 1500 TRX Y TE EXPLICO POR QUÉ,https://www.youtube.com/watch?v=r84fMyjdmYU,r84fMyjdmYU,,,local,local_candidate_no_verbatim,paraphrased_claims_only,external-reference,embed_link_and_summarize_only,False,youtube-library-output/knowledge/claims/r84fMyjdmYU.json,youtube-library-output/knowledge/claims
Dodge,positive,candidate_opinion,low,True,Pendiente de clasificar.,El video contiene una posible opinion favorable sobre Dodge; requiere revision editorial o AI antes de publicarse como afirmacion.,El Dios de los Autos,El Dios de los Autos,JEEP GRAND CHEROKEE VS DODGE DURANGO ¿CUAL ES MEJOR? | Versus de vehículos,https://www.youtube.com/watch?v=kqOJExPj9BE,kqOJExPj9BE,,es,local,local_candidate_no_verbatim,paraphrased_claims_only,external-reference,embed_link_and_summarize_only,False,youtube-library-output/knowledge/claims/kqOJExPj9BE.json,youtube-library-output/knowledge/claims
Dodge,negative,candidate_opinion,low,True,Pendiente de clasificar.,El video contiene una posible opinion critica sobre Dodge; requiere revision editorial o AI antes de publicarse como afirmacion.,El Dios de los Autos,El Dios de los Autos,JEEP GRAND CHEROKEE VS DODGE DURANGO ¿CUAL ES MEJOR? | Versus de vehículos,https://www.youtube.com/watch?v=kqOJExPj9BE,kqOJExPj9BE,,es,local,local_candidate_no_verbatim,paraphrased_claims_only,external-reference,embed_link_and_summarize_only,False,youtube-library-output/knowledge/claims/kqOJExPj9BE.json,youtube-library-output/knowledge/claims
Dodge,positive,candidate_opinion,low,True,Pendiente de clasificar.,El video contiene una posible opinion favorable sobre Dodge; requiere revision editorial o AI antes de publicarse como afirmacion.,El Dios de los Autos,El Dios de los Autos,¿QUÉ IDIOTA COMPRA UN DODGE ATTITUDE 2025?,https://www.youtube.com/watch?v=s28DNfI0zCg,s28DNfI0zCg,,,local,local_candidate_no_verbatim,paraphrased_claims_only,external-reference,embed_link_and_summarize_only,False,youtube-library-output/knowledge/claims/s28DNfI0zCg.json,youtube-library-output/knowledge/claims
Dodge,neutral,review_needed,low,True,Pendiente de clasificar.,"Fuente externa registrada sobre Dodge; requiere subtitulo/AI o revision editorial para separar pros, contras y recomendaciones sin copiar el guion.",Jaime Gabaldoni,Jaime Gabaldoni,2023 Dodge Challenger SRT Review // 🦖 An American in danger of extinction 🇺🇸 - Jaime Gabaldoni,https://www.youtube.com/watch?v=C21eAHuMhgA,C21eAHuMhgA,,,local,local_review_marker,paraphrased_claims_only,external-reference,embed_link_and_summarize_only,False,youtube-library-output/knowledge/claims/C21eAHuMhgA.json,youtube-library-output/knowledge/claims
Dodge,neutral,review_needed,low,True,Pendiente de clasificar.,"Fuente externa registrada sobre Dodge; requiere subtitulo/AI o revision editorial para separar pros, contras y recomendaciones sin copiar el guion.",Jaime Gabaldoni,Jaime Gabaldoni,2024 Dodge Durango SRT Hellcat Review 🔥 | Jaime Gabaldoni,https://www.youtube.com/watch?v=Jl7hOoO6E1s,Jl7hOoO6E1s,,,local,local_review_marker,paraphrased_claims_only,external-reference,embed_link_and_summarize_only,False,youtube-library-output/knowledge/claims/Jl7hOoO6E1s.json,youtube-library-output/knowledge/claims
Dodge,negative,candidate_opinion,low,True,Pendiente de clasificar.,El video contiene una posible opinion critica sobre Dodge; requiere revision editorial o AI antes de publicarse como afirmacion.,Sergio Oliveira,Sergio Oliveira,Dodge Attitude mejora de la tierra al cielo - LaCochera Radio 7sep,https://www.youtube.com/watch?v=oBEJMOQgZeg,oBEJMOQgZeg,,,local,local_candidate_no_verbatim,paraphrased_claims_only,external-reference,embed_link_and_summarize_only,False,youtube-library-output/knowledge/claims/oBEJMOQgZeg.json,youtube-library-output/knowledge/claims
Fiat,neutral,review_needed,low,True,Pendiente de clasificar.,"Fuente externa registrada sobre Fiat; requiere subtitulo/AI o revision editorial para separar pros, contras y recomendaciones sin copiar el guion.",Autoboutique 1/4 de Milla,Autoboutique 1/4 de Milla,"El Podcast de Autos 104 | PruebameLa Nave de Acura Integra, ID Buzz, Fiat Mobi, Honda",https://www.youtube.com/watch?v=hRJTmW-1Ajk,hRJTmW-1Ajk,,,local,local_review_marker,paraphrased_claims_only,external-reference,embed_link_and_summarize_only,False,youtube-library-output/knowledge/claims/hRJTmW-1Ajk.json,youtube-library-output/knowledge/claims
Fiat,neutral,review_needed,low,True,Pendiente de clasificar.,"Fuente externa registrada sobre Fiat; requiere subtitulo/AI o revision editorial para separar pros, contras y recomendaciones sin copiar el guion.",CarsLatino,CarsLatino,Los 10 Mejores Fiat de la Historia (Parte 1) *CarsLatino*,https://www.youtube.com/watch?v=LgmjYlWAOvA,LgmjYlWAOvA,,,local,local_review_marker,paraphrased_claims_only,external-reference,embed_link_and_summarize_only,False,youtube-library-output/knowledge/claims/LgmjYlWAOvA.json,youtube-library-output/knowledge/claims
Fiat,neutral,review_needed,low,True,Pendiente de clasificar.,"Fuente externa registrada sobre Fiat; requiere subtitulo/AI o revision editorial para separar pros, contras y recomendaciones sin copiar el guion.",CarsLatino,CarsLatino,Los 7 Mejores Autos Fiat de la Historia *CarsLatino*,https://www.youtube.com/watch?v=Z1osowesVL0,Z1osowesVL0,,,local,local_review_marker,paraphrased_claims_only,external-reference,embed_link_and_summarize_only,False,youtube-library-output/knowledge/claims/Z1osowesVL0.json,youtube-library-output/knowledge/claims
Fiat,neutral,review_needed,low,True,Pendiente de clasificar.,"Fuente externa registrada sobre Fiat; requiere subtitulo/AI o revision editorial para separar pros, contras y recomendaciones sin copiar el guion.",El Dios de los Autos,El Dios de los Autos,QUE AUTO BARATO ME COMPRO FIAT UNO,https://www.youtube.com/watch?v=897WWp2INF0,897WWp2INF0,,,local,local_review_marker,paraphrased_claims_only,external-reference,embed_link_and_summarize_only,False,youtube-library-output/knowledge/claims/897WWp2INF0.json,youtube-library-output/knowledge/claims
Fiat,positive,candidate_opinion,low,True,Pendiente de clasificar.,El video contiene una posible opinion favorable sobre Fiat; requiere revision editorial o AI antes de publicarse como afirmacion.,El Dios de los Autos,El Dios de los Autos,¡NUEVA SUV Fiat Barata deja obsoletos a Toyota y Nissan!,https://www.youtube.com/watch?v=fk_e5VCbj-Q,fk_e5VCbj-Q,,,local,local_candidate_no_verbatim,paraphrased_claims_only,external-reference,embed_link_and_summarize_only,False,youtube-library-output/knowledge/claims/fk_e5VCbj-Q.json,youtube-library-output/knowledge/claims
Fiat,neutral,review_needed,low,True,Pendiente de clasificar.,"Fuente externa registrada sobre Fiat; requiere subtitulo/AI o revision editorial para separar pros, contras y recomendaciones sin copiar el guion.",Sergio Oliveira,Sergio Oliveira,¿Me lo compro o no me lo compro? - Con Lalo Vargas - FIAT y Ford,https://www.youtube.com/watch?v=wFtjSBAacbI,wFtjSBAacbI,,,local,local_review_marker,paraphrased_claims_only,external-reference,embed_link_and_summarize_only,False,youtube-library-output/external/sergio-oliveira/claims/wFtjSBAacbI.json,youtube-library-output/external/sergio-oliveira/claims
Ford,negative,candidate_opinion,low,True,Pendiente de clasificar.,El video contiene una posible opinion critica sobre Ford; requiere revision editorial o AI antes de publicarse como afirmacion.,Autoboutique 1/4 de Milla,Autoboutique 1/4 de Milla,"38. Los problemas del Aeropuerto, Recall Hyundai Kia, Seguimos sin semiconductores, San Valentín",https://www.youtube.com/watch?v=QsTDhkzh6KU,QsTDhkzh6KU,,es,local,local_candidate_no_verbatim,paraphrased_claims_only,external-reference,embed_link_and_summarize_only,False,youtube-library-output/knowledge/claims/QsTDhkzh6KU.json,youtube-library-output/knowledge/claims
Ford,neutral,review_needed,low,True,Pendiente de clasificar.,"Fuente externa registrada sobre Ford; requiere subtitulo/AI o revision editorial para separar pros, contras y recomendaciones sin copiar el guion.",Autoboutique 1/4 de Milla,Autoboutique 1/4 de Milla,"43. Fanáticos de MG, Ford Ranger Raptor, Mazda CX-3 Mexicana, Carretera con carga inalámbrica",https://www.youtube.com/watch?v=cQZbi2OPviU,cQZbi2OPviU,,,local,local_review_marker,paraphrased_claims_only,external-reference,embed_link_and_summarize_only,False,youtube-library-output/knowledge/claims/cQZbi2OPviU.json,youtube-library-output/knowledge/claims
Ford,neutral,review_needed,low,True,Pendiente de clasificar.,"Fuente externa registrada sobre Ford; requiere subtitulo/AI o revision editorial para separar pros, contras y recomendaciones sin copiar el guion.",Autoboutique 1/4 de Milla,Autoboutique 1/4 de Milla,"Fanáticos de MG, Ford Ranger Raptor, Mazda CX-3 Mexicana, Carretera con carga inalámbrica | #43",https://www.youtube.com/watch?v=BhwicrKoEO4,BhwicrKoEO4,,,local,local_review_marker,paraphrased_claims_only,external-reference,embed_link_and_summarize_only,False,youtube-library-output/knowledge/claims/BhwicrKoEO4.json,youtube-library-output/knowledge/claims
Ford,negative,candidate_opinion,low,True,Pendiente de clasificar.,El video contiene una posible opinion critica sobre Ford; requiere revision editorial o AI antes de publicarse como afirmacion.,Autoboutique 1/4 de Milla,Autoboutique 1/4 de Milla,"Los problemas del Aeropuerto, Recall Hyundai Kia, Seguimos sin semiconductores, San Valentín | #38",https://www.youtube.com/watch?v=7PF0lg6Qlaw,7PF0lg6Qlaw,,es,local,local_candidate_no_verbatim,paraphrased_claims_only,external-reference,embed_link_and_summarize_only,False,youtube-library-output/knowledge/claims/7PF0lg6Qlaw.json,youtube-library-output/knowledge/claims
Ford,neutral,review_needed,low,True,Pendiente de clasificar.,"Fuente externa registrada sobre Ford; requiere subtitulo/AI o revision editorial para separar pros, contras y recomendaciones sin copiar el guion.",CarsLatino,CarsLatino,5 VOLKSWAGEN QUE NO DEBERÍAS COMPRAR Y 5 QUE SI *CarsLatino*,https://www.youtube.com/watch?v=yyB2uL3FoM8,yyB2uL3FoM8,,,local,local_review_marker,paraphrased_claims_only,external-reference,embed_link_and_summarize_only,False,youtube-library-output/knowledge/claims/yyB2uL3FoM8.json,youtube-library-output/knowledge/claims
Ford,neutral,review_needed,low,True,Pendiente de clasificar.,"Fuente externa registrada sobre Ford; requiere subtitulo/AI o revision editorial para separar pros, contras y recomendaciones sin copiar el guion.",CarsLatino,CarsLatino,6 FORD QUE NO DEBERÍAS COMPRAR... Y 6 QUE SI *CarsLatino*,https://www.youtube.com/watch?v=AgB9XQ_yXso,AgB9XQ_yXso,,,local,local_review_marker,paraphrased_claims_only,external-reference,embed_link_and_summarize_only,False,youtube-library-output/knowledge/claims/AgB9XQ_yXso.json,youtube-library-output/knowledge/claims
Ford,neutral,review_needed,low,True,Pendiente de clasificar.,"Fuente externa registrada sobre Ford; requiere subtitulo/AI o revision editorial para separar pros, contras y recomendaciones sin copiar el guion.",CarsLatino,CarsLatino,Prueba de Manejo - Ford Mustang GT 2017,https://www.youtube.com/watch?v=hC557xbz5XE,hC557xbz5XE,,,local,local_review_marker,paraphrased_claims_only,external-reference,embed_link_and_summarize_only,False,youtube-library-output/knowledge/claims/hC557xbz5XE.json,youtube-library-output/knowledge/claims
Ford,neutral,review_needed,low,True,Pendiente de clasificar.,"Fuente externa registrada sobre Ford; requiere subtitulo/AI o revision editorial para separar pros, contras y recomendaciones sin copiar el guion.",El Dios de los Autos,El Dios de los Autos,"Chevrolet ¡NUEVA Pick Up de $17,000 TIENE a Toyota y Ford de RODILLAS!",https://www.youtube.com/watch?v=hqsVHkRdSP4,hqsVHkRdSP4,,,local,local_review_marker,paraphrased_claims_only,external-reference,embed_link_and_summarize_only,False,youtube-library-output/knowledge/claims/hqsVHkRdSP4.json,youtube-library-output/knowledge/claims
Ford,positive,candidate_opinion,low,True,Pendiente de clasificar.,El video contiene una posible opinion favorable sobre Ford; requiere revision editorial o AI antes de publicarse como afirmacion.,El Dios de los Autos,El Dios de los Autos,"NUEVO Toyota RAV4 2026 HUMILLA a Subaru, Honda y Mazda (Superior en TODO sentido)",https://www.youtube.com/watch?v=iqwhfhTaHwE,iqwhfhTaHwE,,es,local,local_candidate_no_verbatim,paraphrased_claims_only,external-reference,embed_link_and_summarize_only,False,youtube-library-output/knowledge/claims/iqwhfhTaHwE.json,youtube-library-output/knowledge/claims
Ford,neutral,review_needed,low,True,Pendiente de clasificar.,"Fuente externa registrada sobre Ford; requiere subtitulo/AI o revision editorial para separar pros, contras y recomendaciones sin copiar el guion.",El Dios de los Autos,El Dios de los Autos,¡Ford está FURIOSO! Responde TOYOTA y Suzuki!!,https://www.youtube.com/watch?v=C0G0H_c_o48,C0G0H_c_o48,,,local,local_review_marker,paraphrased_claims_only,external-reference,embed_link_and_summarize_only,False,youtube-library-output/knowledge/claims/C0G0H_c_o48.json,youtube-library-output/knowledge/claims
Ford,neutral,review_needed,low,True,Pendiente de clasificar.,"Fuente externa registrada sobre Ford; requiere subtitulo/AI o revision editorial para separar pros, contras y recomendaciones sin copiar el guion.",Jaime Gabaldoni,Jaime Gabaldoni,2024 Dodge Durango SRT Hellcat Review 🔥 | Jaime Gabaldoni,https://www.youtube.com/watch?v=Jl7hOoO6E1s,Jl7hOoO6E1s,,,local,local_review_marker,paraphrased_claims_only,external-reference,embed_link_and_summarize_only,False,youtube-library-output/knowledge/claims/Jl7hOoO6E1s.json,youtube-library-output/knowledge/claims
Ford,neutral,review_needed,low,True,Pendiente de clasificar.,"Fuente externa registrada sobre Ford; requiere subtitulo/AI o revision editorial para separar pros, contras y recomendaciones sin copiar el guion.",Jaime Gabaldoni,Jaime Gabaldoni,"Audi RS 7 Performance 2025: potencia, lujo y tecnología | Prueba de manejo | Jaime Gabaldoni",https://www.youtube.com/watch?v=arDaOi3bbhA,arDaOi3bbhA,,,local,local_review_marker,paraphrased_claims_only,external-reference,embed_link_and_summarize_only,False,youtube-library-output/knowledge/claims/arDaOi3bbhA.json,youtube-library-output/knowledge/claims
Ford,neutral,review_needed,low,True,Pendiente de clasificar.,"Fuente externa registrada sobre Ford; requiere subtitulo/AI o revision editorial para separar pros, contras y recomendaciones sin copiar el guion.",Jaime Gabaldoni,Jaime Gabaldoni,BMW 330i xDrive 2025: ¿vale la pena? | Prueba de manejo | Jaime Gabaldoni,https://www.youtube.com/watch?v=r0wxQs3Wizw,r0wxQs3Wizw,,,local,local_review_marker,paraphrased_claims_only,external-reference,embed_link_and_summarize_only,False,youtube-library-output/knowledge/claims/r0wxQs3Wizw.json,youtube-library-output/knowledge/claims
Ford,neutral,review_needed,low,True,Pendiente de clasificar.,"Fuente externa registrada sobre Ford; requiere subtitulo/AI o revision editorial para separar pros, contras y recomendaciones sin copiar el guion.",Jaime Gabaldoni,Jaime Gabaldoni,BMW R 1250 RT 2023: Touring de lujo en el Gran Cañón | Prueba de manejo | Jaime Gabaldoni,https://www.youtube.com/watch?v=q4Eha0ON8do,q4Eha0ON8do,,,local,local_review_marker,paraphrased_claims_only,external-reference,embed_link_and_summarize_only,False,youtube-library-output/knowledge/claims/q4Eha0ON8do.json,youtube-library-output/knowledge/claims
Ford,neutral,review_needed,low,True,Pendiente de clasificar.,"Fuente externa registrada sobre Ford; requiere subtitulo/AI o revision editorial para separar pros, contras y recomendaciones sin copiar el guion.",Jaime Gabaldoni,Jaime Gabaldoni,El VOLVO XC60 T8 2024 BLACK EDITION | Prueba de Manejo | Jaime Gabaldoni,https://www.youtube.com/watch?v=bo-1Fp-mots,bo-1Fp-mots,,,local,local_review_marker,paraphrased_claims_only,external-reference,embed_link_and_summarize_only,False,youtube-library-output/knowledge/claims/bo-1Fp-mots.json,youtube-library-output/knowledge/claims
Ford,neutral,review_needed,low,True,Pendiente de clasificar.,"Fuente externa registrada sobre Ford; requiere subtitulo/AI o revision editorial para separar pros, contras y recomendaciones sin copiar el guion.",Jaime Gabaldoni,Jaime Gabaldoni,Ford Expedition 2025: ¿La mejor SUV familiar tamaño completo? | Prueba de Manejo | Jaime Gabaldoni,https://www.youtube.com/watch?v=z1RBvS2-nFQ,z1RBvS2-nFQ,,,local,local_review_marker,paraphrased_claims_only,external-reference,embed_link_and_summarize_only,False,youtube-library-output/knowledge/claims/z1RBvS2-nFQ.json,youtube-library-output/knowledge/claims
Ford,neutral,review_needed,low,True,Pendiente de clasificar.,"Fuente externa registrada sobre Ford; requiere subtitulo/AI o revision editorial para separar pros, contras y recomendaciones sin copiar el guion.",Jaime Gabaldoni,Jaime Gabaldoni,GMC Sierra EV AT4 2026: La pick-up eléctrica más capaz de GMC | Prueba de manejo | Jaime Gabaldoni,https://www.youtube.com/watch?v=-FnDxyk1_cI,-FnDxyk1_cI,,,local,local_review_marker,paraphrased_claims_only,external-reference,embed_link_and_summarize_only,False,youtube-library-output/knowledge/claims/-FnDxyk1_cI.json,youtube-library-output/knowledge/claims
Ford,neutral,review_needed,low,True,Pendiente de clasificar.,"Fuente externa registrada sobre Ford; requiere subtitulo/AI o revision editorial para separar pros, contras y recomendaciones sin copiar el guion.",Jaime Gabaldoni,Jaime Gabaldoni,"Japan Mobility Show 2025: Lexus, Toyota, Subaru, Mazda and the future of mobility | Jaime Gabaldoni",https://www.youtube.com/watch?v=Iv9QnL7nz-4,Iv9QnL7nz-4,,,local,local_review_marker,paraphrased_claims_only,external-reference,embed_link_and_summarize_only,False,youtube-library-output/knowledge/claims/Iv9QnL7nz-4.json,youtube-library-output/knowledge/claims
Ford,neutral,review_needed,low,True,Pendiente de clasificar.,"Fuente externa registrada sobre Ford; requiere subtitulo/AI o revision editorial para separar pros, contras y recomendaciones sin copiar el guion.",Jaime Gabaldoni,Jaime Gabaldoni,Jeep Gladiator Mojave vs Ford F-150 Raptor: ¿Son realmente comparables?,https://www.youtube.com/watch?v=-ayU1rQYyxM,-ayU1rQYyxM,,,local,local_review_marker,paraphrased_claims_only,external-reference,embed_link_and_summarize_only,False,youtube-library-output/knowledge/claims/-ayU1rQYyxM.json,youtube-library-output/knowledge/claims
Ford,neutral,review_needed,low,True,Pendiente de clasificar.,"Fuente externa registrada sobre Ford; requiere subtitulo/AI o revision editorial para separar pros, contras y recomendaciones sin copiar el guion.",Jaime Gabaldoni,Jaime Gabaldoni,Mercedes-AMG GT63 COUPÉ 2025 | Prueba de Manejo | Jaime Gabaldoni,https://www.youtube.com/watch?v=fKrXVm0Dw88,fKrXVm0Dw88,,,local,local_review_marker,paraphrased_claims_only,external-reference,embed_link_and_summarize_only,False,youtube-library-output/knowledge/claims/fKrXVm0Dw88.json,youtube-library-output/knowledge/claims
Ford,neutral,review_needed,low,True,Pendiente de clasificar.,"Fuente externa registrada sobre Ford; requiere subtitulo/AI o revision editorial para separar pros, contras y recomendaciones sin copiar el guion.",Jaime Gabaldoni,Jaime Gabaldoni,Nissan Armada/Patrol Nismo 2026: La SUV deportiva INESPERADA de Nissan | Prueba de manejo,https://www.youtube.com/watch?v=Ta_QwNdOTM0,Ta_QwNdOTM0,,,local,local_review_marker,paraphrased_claims_only,external-reference,embed_link_and_summarize_only,False,youtube-library-output/knowledge/claims/Ta_QwNdOTM0.json,youtube-library-output/knowledge/claims
Ford,neutral,review_needed,low,True,Pendiente de clasificar.,"Fuente externa registrada sobre Ford; requiere subtitulo/AI o revision editorial para separar pros, contras y recomendaciones sin copiar el guion.",Jaime Gabaldoni,Jaime Gabaldoni,Nissan GT-R R35 2023: “Godzilla” sigue imparable | Prueba de manejo | Jaime Gabaldoni,https://www.youtube.com/watch?v=mXEY7BDpM50,mXEY7BDpM50,,,local,local_review_marker,paraphrased_claims_only,external-reference,embed_link_and_summarize_only,False,youtube-library-output/knowledge/claims/mXEY7BDpM50.json,youtube-library-output/knowledge/claims
Ford,neutral,review_needed,low,True,Pendiente de clasificar.,"Fuente externa registrada sobre Ford; requiere subtitulo/AI o revision editorial para separar pros, contras y recomendaciones sin copiar el guion.",Jaime Gabaldoni,Jaime Gabaldoni,RAM 2500 Heavy Duty Diesel 2025: ¿La pickup más poderosa? | Prueba de Manejo | Jaime Gabaldoni,https://www.youtube.com/watch?v=FUFANojXJJ4,FUFANojXJJ4,,,local,local_review_marker,paraphrased_claims_only,external-reference,embed_link_and_summarize_only,False,youtube-library-output/knowledge/claims/FUFANojXJJ4.json,youtube-library-output/knowledge/claims
Ford,neutral,review_needed,low,True,Pendiente de clasificar.,"Fuente externa registrada sobre Ford; requiere subtitulo/AI o revision editorial para separar pros, contras y recomendaciones sin copiar el guion.",Jaime Gabaldoni,Jaime Gabaldoni,The new 2025 MAZDA CX-70 Can it be compared to the European luxury models?| Review | Jaime Gabaldoni,https://www.youtube.com/watch?v=Bbyr5Wa81Lg,Bbyr5Wa81Lg,,,local,local_review_marker,paraphrased_claims_only,external-reference,embed_link_and_summarize_only,False,youtube-library-output/knowledge/claims/Bbyr5Wa81Lg.json,youtube-library-output/knowledge/claims
Ford,neutral,review_needed,low,True,Pendiente de clasificar.,"Fuente externa registrada sobre Ford; requiere subtitulo/AI o revision editorial para separar pros, contras y recomendaciones sin copiar el guion.",Jaime Gabaldoni,Jaime Gabaldoni,Toyota Tacoma i-Force Max TRD Pro 2025: Lista para el off-road | Prueba de manejo | Jaime Gabaldoni,https://www.youtube.com/watch?v=O4VMhPiVT50,O4VMhPiVT50,,,local,local_review_marker,paraphrased_claims_only,external-reference,embed_link_and_summarize_only,False,youtube-library-output/knowledge/claims/O4VMhPiVT50.json,youtube-library-output/knowledge/claims
Ford,neutral,review_needed,low,True,Pendiente de clasificar.,"Fuente externa registrada sobre Ford; requiere subtitulo/AI o revision editorial para separar pros, contras y recomendaciones sin copiar el guion.",Jaime Gabaldoni,Jaime Gabaldoni,Volvo XC90 PHEV 2026: ¿El SUV híbrido premium más completo? | Prueba de Manejo | Jaime Gabaldoni,https://www.youtube.com/watch?v=I3uqdp9_2Cw,I3uqdp9_2Cw,,,local,local_review_marker,paraphrased_claims_only,external-reference,embed_link_and_summarize_only,False,youtube-library-output/knowledge/claims/I3uqdp9_2Cw.json,youtube-library-output/knowledge/claims
Ford,neutral,review_needed,low,True,Pendiente de clasificar.,"Fuente externa registrada sobre Ford; requiere subtitulo/AI o revision editorial para separar pros, contras y recomendaciones sin copiar el guion.",Jaime Gabaldoni,Jaime Gabaldoni,🚐🔋 Volkswagen ID. Buzz 2025: la combi eléctrica moderna ⚡🚀 | Prueba de manejo | Jaime Gabaldoni,https://www.youtube.com/watch?v=QitI0_bBVRU,QitI0_bBVRU,,,local,local_review_marker,paraphrased_claims_only,external-reference,embed_link_and_summarize_only,False,youtube-library-output/knowledge/claims/QitI0_bBVRU.json,youtube-library-output/knowledge/claims
Ford,negative,candidate_opinion,low,True,Pendiente de clasificar.,El video contiene una posible opinion critica sobre Ford; requiere revision editorial o AI antes de publicarse como afirmacion.,Sergio Oliveira,Sergio Oliveira,"Nissan Versa vs Ford Figo. Si es tan bueno el Versa, ¿por qué compré un Figo?",https://www.youtube.com/watch?v=Lm1_TKc7Eow,Lm1_TKc7Eow,,es,local,local_candidate_no_verbatim,paraphrased_claims_only,external-reference,embed_link_and_summarize_only,False,youtube-library-output/knowledge/claims/Lm1_TKc7Eow.json,youtube-library-output/knowledge/claims
Ford,neutral,review_needed,low,True,Pendiente de clasificar.,"Fuente externa registrada sobre Ford; requiere subtitulo/AI o revision editorial para separar pros, contras y recomendaciones sin copiar el guion.",Sergio Oliveira,Sergio Oliveira,¿Me lo compro o no me lo compro? - Con Lalo Vargas - FIAT y Ford,https://www.youtube.com/watch?v=wFtjSBAacbI,wFtjSBAacbI,,,local,local_review_marker,paraphrased_claims_only,external-reference,embed_link_and_summarize_only,False,youtube-library-output/external/sergio-oliveira/claims/wFtjSBAacbI.json,youtube-library-output/external/sergio-oliveira/claims
GMC,neutral,review_needed,low,True,Pendiente de clasificar.,"Fuente externa registrada sobre GMC; requiere subtitulo/AI o revision editorial para separar pros, contras y recomendaciones sin copiar el guion.",Autoboutique 1/4 de Milla,Autoboutique 1/4 de Milla,"217. Mazda más barato, filtran nuevo GTI, GMC en China",https://www.youtube.com/watch?v=ezQ8q8eoTfc,ezQ8q8eoTfc,,,local,local_review_marker,paraphrased_claims_only,external-reference,embed_link_and_summarize_only,False,youtube-library-output/knowledge/claims/ezQ8q8eoTfc.json,youtube-library-output/knowledge/claims
GMC,neutral,review_needed,low,True,Pendiente de clasificar.,"Fuente externa registrada sobre GMC; requiere subtitulo/AI o revision editorial para separar pros, contras y recomendaciones sin copiar el guion.",Autoboutique 1/4 de Milla,Autoboutique 1/4 de Milla,GMC Sierra Denali 2019 | PruebameLa... Nave #73 | Reseña,https://www.youtube.com/watch?v=uqldlna5qnk,uqldlna5qnk,,,local,local_review_marker,paraphrased_claims_only,external-reference,embed_link_and_summarize_only,False,youtube-library-output/knowledge/claims/uqldlna5qnk.json,youtube-library-output/knowledge/claims
GMC,neutral,review_needed,low,True,Pendiente de clasificar.,"Fuente externa registrada sobre GMC; requiere subtitulo/AI o revision editorial para separar pros, contras y recomendaciones sin copiar el guion.",CarsLatino,CarsLatino,CAMBIOS AL HONDA CIVIC! SSC TUATARA! GMC HUMMER EV Y MAS! - CLN ep1 - *CarsLatino*,https://www.youtube.com/watch?v=-_wYK6bMjs0,-_wYK6bMjs0,,,local,local_review_marker,paraphrased_claims_only,external-reference,embed_link_and_summarize_only,False,youtube-library-output/knowledge/claims/-_wYK6bMjs0.json,youtube-library-output/knowledge/claims
GMC,neutral,review_needed,low,True,Pendiente de clasificar.,"Fuente externa registrada sobre GMC; requiere subtitulo/AI o revision editorial para separar pros, contras y recomendaciones sin copiar el guion.",Jaime Gabaldoni,Jaime Gabaldoni,Ford Expedition 2025: ¿La mejor SUV familiar tamaño completo? | Prueba de Manejo | Jaime Gabaldoni,https://www.youtube.com/watch?v=z1RBvS2-nFQ,z1RBvS2-nFQ,,,local,local_review_marker,paraphrased_claims_only,external-reference,embed_link_and_summarize_only,False,youtube-library-output/knowledge/claims/z1RBvS2-nFQ.json,youtube-library-output/knowledge/claims
GMC,neutral,review_needed,low,True,Pendiente de clasificar.,"Fuente externa registrada sobre GMC; requiere subtitulo/AI o revision editorial para separar pros, contras y recomendaciones sin copiar el guion.",Jaime Gabaldoni,Jaime Gabaldoni,GMC Sierra EV AT4 2026: La pick-up eléctrica más capaz de GMC | Prueba de manejo | Jaime Gabaldoni,https://www.youtube.com/watch?v=-FnDxyk1_cI,-FnDxyk1_cI,,,local,local_review_marker,paraphrased_claims_only,external-reference,embed_link_and_summarize_only,False,youtube-library-output/knowledge/claims/-FnDxyk1_cI.json,youtube-library-output/knowledge/claims
GMC,neutral,review_needed,low,True,Pendiente de clasificar.,"Fuente externa registrada sobre GMC; requiere subtitulo/AI o revision editorial para separar pros, contras y recomendaciones sin copiar el guion.",Jaime Gabaldoni,Jaime Gabaldoni,RAM 2500 Heavy Duty Diesel 2025: ¿La pickup más poderosa? | Prueba de Manejo | Jaime Gabaldoni,https://www.youtube.com/watch?v=FUFANojXJJ4,FUFANojXJJ4,,,local,local_review_marker,paraphrased_claims_only,external-reference,embed_link_and_summarize_only,False,youtube-library-output/knowledge/claims/FUFANojXJJ4.json,youtube-library-output/knowledge/claims
GMC,neutral,review_needed,low,True,Pendiente de clasificar.,"Fuente externa registrada sobre GMC; requiere subtitulo/AI o revision editorial para separar pros, contras y recomendaciones sin copiar el guion.",Sergio Oliveira,Sergio Oliveira,"¿Me lo compro o no me lo compro? GMC, GWM, Honda, Hyundai",https://www.youtube.com/watch?v=gw9Rc4_qs6U,gw9Rc4_qs6U,,,local,local_review_marker,paraphrased_claims_only,external-reference,embed_link_and_summarize_only,False,youtube-library-output/knowledge/claims/gw9Rc4_qs6U.json,youtube-library-output/knowledge/claims
GMC,neutral,review_needed,low,True,Pendiente de clasificar.,"Fuente externa registrada sobre GMC; requiere subtitulo/AI o revision editorial para separar pros, contras y recomendaciones sin copiar el guion.",Sergio Oliveira,Sergio Oliveira,¿Me lo compro o no me lo compro? | Con Lalo Vargas | GMC y Honda,https://www.youtube.com/watch?v=E-dAwmDZ80M,E-dAwmDZ80M,,,local,local_review_marker,paraphrased_claims_only,external-reference,embed_link_and_summarize_only,False,youtube-library-output/external/sergio-oliveira/claims/E-dAwmDZ80M.json,youtube-library-output/external/sergio-oliveira/claims
Great Wall,neutral,review_needed,low,True,Pendiente de clasificar.,"Fuente externa registrada sobre Great Wall; requiere subtitulo/AI o revision editorial para separar pros, contras y recomendaciones sin copiar el guion.",Sergio Oliveira,Sergio Oliveira,"¿Me lo compro o no me lo compro? GMC, GWM, Honda, Hyundai",https://www.youtube.com/watch?v=gw9Rc4_qs6U,gw9Rc4_qs6U,,,local,local_review_marker,paraphrased_claims_only,external-reference,embed_link_and_summarize_only,False,youtube-library-output/knowledge/claims/gw9Rc4_qs6U.json,youtube-library-output/knowledge/claims
Honda,neutral,review_needed,low,True,Pendiente de clasificar.,"Fuente externa registrada sobre Honda; requiere subtitulo/AI o revision editorial para separar pros, contras y recomendaciones sin copiar el guion.",Autoboutique 1/4 de Milla,Autoboutique 1/4 de Milla,"224. Tank 300 híbrido, Chirey y DHL hacen alianza, Nissan y Honda vs China",https://www.youtube.com/watch?v=5p0P6HyYtW0,5p0P6HyYtW0,,,local,local_review_marker,paraphrased_claims_only,external-reference,embed_link_and_summarize_only,False,youtube-library-output/knowledge/claims/5p0P6HyYtW0.json,youtube-library-output/knowledge/claims
Honda,negative,candidate_opinion,low,True,Pendiente de clasificar.,El video contiene una posible opinion critica sobre Honda; requiere revision editorial o AI antes de publicarse como afirmacion.,Autoboutique 1/4 de Milla,Autoboutique 1/4 de Milla,Comparativa Mazda CX5 - Honda CR-v - Kia Sportage 2018,https://www.youtube.com/watch?v=vejsnt7Uj4I,vejsnt7Uj4I,,es,local,local_candidate_no_verbatim,paraphrased_claims_only,external-reference,embed_link_and_summarize_only,False,youtube-library-output/knowledge/claims/vejsnt7Uj4I.json,youtube-library-output/knowledge/claims
Honda,neutral,review_needed,low,True,Pendiente de clasificar.,"Fuente externa registrada sobre Honda; requiere subtitulo/AI o revision editorial para separar pros, contras y recomendaciones sin copiar el guion.",Autoboutique 1/4 de Milla,Autoboutique 1/4 de Milla,"El Podcast de Autos 104 | PruebameLa Nave de Acura Integra, ID Buzz, Fiat Mobi, Honda",https://www.youtube.com/watch?v=hRJTmW-1Ajk,hRJTmW-1Ajk,,,local,local_review_marker,paraphrased_claims_only,external-reference,embed_link_and_summarize_only,False,youtube-library-output/knowledge/claims/hRJTmW-1Ajk.json,youtube-library-output/knowledge/claims
Honda,neutral,review_needed,low,True,Pendiente de clasificar.,"Fuente externa registrada sobre Honda; requiere subtitulo/AI o revision editorial para separar pros, contras y recomendaciones sin copiar el guion.",Autoboutique 1/4 de Milla,Autoboutique 1/4 de Milla,"Pre día del niño, Nuevo Honda Type R, Suzuki Ertiga 2023, Tesla Cyber Truck | #59",https://www.youtube.com/watch?v=CwdTCbBrBfg,CwdTCbBrBfg,,,local,local_review_marker,paraphrased_claims_only,external-reference,embed_link_and_summarize_only,False,youtube-library-output/knowledge/claims/CwdTCbBrBfg.json,youtube-library-output/knowledge/claims
Honda,neutral,review_needed,low,True,Pendiente de clasificar.,"Fuente externa registrada sobre Honda; requiere subtitulo/AI o revision editorial para separar pros, contras y recomendaciones sin copiar el guion.",CarsLatino,CarsLatino,CAMBIOS AL HONDA CIVIC! SSC TUATARA! GMC HUMMER EV Y MAS! - CLN ep1 - *CarsLatino*,https://www.youtube.com/watch?v=-_wYK6bMjs0,-_wYK6bMjs0,,,local,local_review_marker,paraphrased_claims_only,external-reference,embed_link_and_summarize_only,False,youtube-library-output/knowledge/claims/-_wYK6bMjs0.json,youtube-library-output/knowledge/claims
Honda,neutral,review_needed,low,True,Pendiente de clasificar.,"Fuente externa registrada sobre Honda; requiere subtitulo/AI o revision editorial para separar pros, contras y recomendaciones sin copiar el guion.",CarsLatino,CarsLatino,HONDA vs NISSAN ¿Cual es la Reina de las Suv? *CarsLatino*,https://www.youtube.com/watch?v=c1v4SIL4Q3U,c1v4SIL4Q3U,,,local,local_review_marker,paraphrased_claims_only,external-reference,embed_link_and_summarize_only,False,youtube-library-output/knowledge/claims/c1v4SIL4Q3U.json,youtube-library-output/knowledge/claims
Honda,neutral,review_needed,low,True,Pendiente de clasificar.,"Fuente externa registrada sobre Honda; requiere subtitulo/AI o revision editorial para separar pros, contras y recomendaciones sin copiar el guion.",CarsLatino,CarsLatino,Vale La Pena El Honda Civic Lx 2007 ? *CarsLatino*,https://www.youtube.com/watch?v=tYTd934ol2w,tYTd934ol2w,,,local,local_review_marker,paraphrased_claims_only,external-reference,embed_link_and_summarize_only,False,youtube-library-output/knowledge/claims/tYTd934ol2w.json,youtube-library-output/knowledge/claims
Honda,neutral,review_needed,low,True,Pendiente de clasificar.,"Fuente externa registrada sobre Honda; requiere subtitulo/AI o revision editorial para separar pros, contras y recomendaciones sin copiar el guion.",CarsLatino,CarsLatino,¿Aun Vale La Pena Un Honda Civic 2009 En El 2024? (Nuevo Auto) *CarsLatino*,https://www.youtube.com/watch?v=JVdm6QxjN-Q,JVdm6QxjN-Q,,,local,local_review_marker,paraphrased_claims_only,external-reference,embed_link_and_summarize_only,False,youtube-library-output/knowledge/claims/JVdm6QxjN-Q.json,youtube-library-output/knowledge/claims
Honda,neutral,review_needed,low,True,Pendiente de clasificar.,"Fuente externa registrada sobre Honda; requiere subtitulo/AI o revision editorial para separar pros, contras y recomendaciones sin copiar el guion.",El Dios de los Autos,El Dios de los Autos,CUIDADO!!! NO CAIGAS!! #toyota #auto #hyundai #mazda #nissan #honda #mitsubishi #mazda #volkswagen,https://www.youtube.com/shorts/i4gvUL_mZ6M,i4gvUL_mZ6M,,,local,local_review_marker,paraphrased_claims_only,external-reference,embed_link_and_summarize_only,False,youtube-library-output/knowledge/claims/i4gvUL_mZ6M.json,youtube-library-output/knowledge/claims
Honda,negative,candidate_opinion,low,True,Pendiente de clasificar.,El video contiene una posible opinion critica sobre Honda; requiere revision editorial o AI antes de publicarse como afirmacion.,El Dios de los Autos,El Dios de los Autos,"ENFRENTÉ al Toyota GR COROLLA con HONDA Civic Type R, Hyundai Elantra N, Subaru WRX y muchos otros",https://www.youtube.com/watch?v=bSqOHwsmxd8,bSqOHwsmxd8,,es,local,local_candidate_no_verbatim,paraphrased_claims_only,external-reference,embed_link_and_summarize_only,False,youtube-library-output/knowledge/claims/bSqOHwsmxd8.json,youtube-library-output/knowledge/claims
Honda,neutral,review_needed,low,True,Pendiente de clasificar.,"Fuente externa registrada sobre Honda; requiere subtitulo/AI o revision editorial para separar pros, contras y recomendaciones sin copiar el guion.",El Dios de los Autos,El Dios de los Autos,NISSAN Y MITSUBISHI SON COMPRADOS POR MARCA CHINA - ENORME NOTICIA,https://www.youtube.com/watch?v=qG98Th4nygU,qG98Th4nygU,,,local,local_review_marker,paraphrased_claims_only,external-reference,embed_link_and_summarize_only,False,youtube-library-output/knowledge/claims/qG98Th4nygU.json,youtube-library-output/knowledge/claims
Honda,neutral,review_needed,low,True,Pendiente de clasificar.,"Fuente externa registrada sobre Honda; requiere subtitulo/AI o revision editorial para separar pros, contras y recomendaciones sin copiar el guion.",Jaime Gabaldoni,Jaime Gabaldoni,2024 Dodge Durango SRT Hellcat Review 🔥 | Jaime Gabaldoni,https://www.youtube.com/watch?v=Jl7hOoO6E1s,Jl7hOoO6E1s,,,local,local_review_marker,paraphrased_claims_only,external-reference,embed_link_and_summarize_only,False,youtube-library-output/knowledge/claims/Jl7hOoO6E1s.json,youtube-library-output/knowledge/claims
Honda,neutral,review_needed,low,True,Pendiente de clasificar.,"Fuente externa registrada sobre Honda; requiere subtitulo/AI o revision editorial para separar pros, contras y recomendaciones sin copiar el guion.",Jaime Gabaldoni,Jaime Gabaldoni,BMW 330i xDrive 2025: ¿vale la pena? | Prueba de manejo | Jaime Gabaldoni,https://www.youtube.com/watch?v=r0wxQs3Wizw,r0wxQs3Wizw,,,local,local_review_marker,paraphrased_claims_only,external-reference,embed_link_and_summarize_only,False,youtube-library-output/knowledge/claims/r0wxQs3Wizw.json,youtube-library-output/knowledge/claims
Honda,neutral,review_needed,low,True,Pendiente de clasificar.,"Fuente externa registrada sobre Honda; requiere subtitulo/AI o revision editorial para separar pros, contras y recomendaciones sin copiar el guion.",Jaime Gabaldoni,Jaime Gabaldoni,BMW R 1250 RT 2023: Touring de lujo en el Gran Cañón | Prueba de manejo | Jaime Gabaldoni,https://www.youtube.com/watch?v=q4Eha0ON8do,q4Eha0ON8do,,,local,local_review_marker,paraphrased_claims_only,external-reference,embed_link_and_summarize_only,False,youtube-library-output/knowledge/claims/q4Eha0ON8do.json,youtube-library-output/knowledge/claims
Honda,neutral,review_needed,low,True,Pendiente de clasificar.,"Fuente externa registrada sobre Honda; requiere subtitulo/AI o revision editorial para separar pros, contras y recomendaciones sin copiar el guion.",Jaime Gabaldoni,Jaime Gabaldoni,El VOLVO XC60 T8 2024 BLACK EDITION | Prueba de Manejo | Jaime Gabaldoni,https://www.youtube.com/watch?v=bo-1Fp-mots,bo-1Fp-mots,,,local,local_review_marker,paraphrased_claims_only,external-reference,embed_link_and_summarize_only,False,youtube-library-output/knowledge/claims/bo-1Fp-mots.json,youtube-library-output/knowledge/claims
Honda,neutral,review_needed,low,True,Pendiente de clasificar.,"Fuente externa registrada sobre Honda; requiere subtitulo/AI o revision editorial para separar pros, contras y recomendaciones sin copiar el guion.",Jaime Gabaldoni,Jaime Gabaldoni,Ford Expedition 2025: ¿La mejor SUV familiar tamaño completo? | Prueba de Manejo | Jaime Gabaldoni,https://www.youtube.com/watch?v=z1RBvS2-nFQ,z1RBvS2-nFQ,,,local,local_review_marker,paraphrased_claims_only,external-reference,embed_link_and_summarize_only,False,youtube-library-output/knowledge/claims/z1RBvS2-nFQ.json,youtube-library-output/knowledge/claims
Honda,neutral,review_needed,low,True,Pendiente de clasificar.,"Fuente externa registrada sobre Honda; requiere subtitulo/AI o revision editorial para separar pros, contras y recomendaciones sin copiar el guion.",Jaime Gabaldoni,Jaime Gabaldoni,GMC Sierra EV AT4 2026: La pick-up eléctrica más capaz de GMC | Prueba de manejo | Jaime Gabaldoni,https://www.youtube.com/watch?v=-FnDxyk1_cI,-FnDxyk1_cI,,,local,local_review_marker,paraphrased_claims_only,external-reference,embed_link_and_summarize_only,False,youtube-library-output/knowledge/claims/-FnDxyk1_cI.json,youtube-library-output/knowledge/claims
Honda,neutral,review_needed,low,True,Pendiente de clasificar.,"Fuente externa registrada sobre Honda; requiere subtitulo/AI o revision editorial para separar pros, contras y recomendaciones sin copiar el guion.",Jaime Gabaldoni,Jaime Gabaldoni,Honda Civic Type R 2023 | Prueba Completa [HD],https://www.youtube.com/watch?v=TRAdnQbFQm8,TRAdnQbFQm8,,,local,local_review_marker,paraphrased_claims_only,external-reference,embed_link_and_summarize_only,False,youtube-library-output/knowledge/claims/TRAdnQbFQm8.json,youtube-library-output/knowledge/claims
Honda,neutral,review_needed,low,True,Pendiente de clasificar.,"Fuente externa registrada sobre Honda; requiere subtitulo/AI o revision editorial para separar pros, contras y recomendaciones sin copiar el guion.",Jaime Gabaldoni,Jaime Gabaldoni,"Japan Mobility Show 2025: Lexus, Toyota, Subaru, Mazda and the future of mobility | Jaime Gabaldoni",https://www.youtube.com/watch?v=Iv9QnL7nz-4,Iv9QnL7nz-4,,,local,local_review_marker,paraphrased_claims_only,external-reference,embed_link_and_summarize_only,False,youtube-library-output/knowledge/claims/Iv9QnL7nz-4.json,youtube-library-output/knowledge/claims
Honda,neutral,review_needed,low,True,Pendiente de clasificar.,"Fuente externa registrada sobre Honda; requiere subtitulo/AI o revision editorial para separar pros, contras y recomendaciones sin copiar el guion.",Jaime Gabaldoni,Jaime Gabaldoni,Mercedes-AMG GT63 COUPÉ 2025 | Prueba de Manejo | Jaime Gabaldoni,https://www.youtube.com/watch?v=fKrXVm0Dw88,fKrXVm0Dw88,,,local,local_review_marker,paraphrased_claims_only,external-reference,embed_link_and_summarize_only,False,youtube-library-output/knowledge/claims/fKrXVm0Dw88.json,youtube-library-output/knowledge/claims
Honda,neutral,review_needed,low,True,Pendiente de clasificar.,"Fuente externa registrada sobre Honda; requiere subtitulo/AI o revision editorial para separar pros, contras y recomendaciones sin copiar el guion.",Jaime Gabaldoni,Jaime Gabaldoni,Nissan Armada/Patrol Nismo 2026: La SUV deportiva INESPERADA de Nissan | Prueba de manejo,https://www.youtube.com/watch?v=Ta_QwNdOTM0,Ta_QwNdOTM0,,,local,local_review_marker,paraphrased_claims_only,external-reference,embed_link_and_summarize_only,False,youtube-library-output/knowledge/claims/Ta_QwNdOTM0.json,youtube-library-output/knowledge/claims
Honda,neutral,review_needed,low,True,Pendiente de clasificar.,"Fuente externa registrada sobre Honda; requiere subtitulo/AI o revision editorial para separar pros, contras y recomendaciones sin copiar el guion.",Jaime Gabaldoni,Jaime Gabaldoni,Nissan GT-R R35 2023: “Godzilla” sigue imparable | Prueba de manejo | Jaime Gabaldoni,https://www.youtube.com/watch?v=mXEY7BDpM50,mXEY7BDpM50,,,local,local_review_marker,paraphrased_claims_only,external-reference,embed_link_and_summarize_only,False,youtube-library-output/knowledge/claims/mXEY7BDpM50.json,youtube-library-output/knowledge/claims
Honda,neutral,review_needed,low,True,Pendiente de clasificar.,"Fuente externa registrada sobre Honda; requiere subtitulo/AI o revision editorial para separar pros, contras y recomendaciones sin copiar el guion.",Jaime Gabaldoni,Jaime Gabaldoni,RAM 2500 Heavy Duty Diesel 2025: ¿La pickup más poderosa? | Prueba de Manejo | Jaime Gabaldoni,https://www.youtube.com/watch?v=FUFANojXJJ4,FUFANojXJJ4,,,local,local_review_marker,paraphrased_claims_only,external-reference,embed_link_and_summarize_only,False,youtube-library-output/knowledge/claims/FUFANojXJJ4.json,youtube-library-output/knowledge/claims
Honda,neutral,review_needed,low,True,Pendiente de clasificar.,"Fuente externa registrada sobre Honda; requiere subtitulo/AI o revision editorial para separar pros, contras y recomendaciones sin copiar el guion.",Jaime Gabaldoni,Jaime Gabaldoni,The new 2025 MAZDA CX-70 Can it be compared to the European luxury models?| Review | Jaime Gabaldoni,https://www.youtube.com/watch?v=Bbyr5Wa81Lg,Bbyr5Wa81Lg,,,local,local_review_marker,paraphrased_claims_only,external-reference,embed_link_and_summarize_only,False,youtube-library-output/knowledge/claims/Bbyr5Wa81Lg.json,youtube-library-output/knowledge/claims
Honda,neutral,review_needed,low,True,Pendiente de clasificar.,"Fuente externa registrada sobre Honda; requiere subtitulo/AI o revision editorial para separar pros, contras y recomendaciones sin copiar el guion.",Jaime Gabaldoni,Jaime Gabaldoni,Toyota Tacoma i-Force Max TRD Pro 2025: Lista para el off-road | Prueba de manejo | Jaime Gabaldoni,https://www.youtube.com/watch?v=O4VMhPiVT50,O4VMhPiVT50,,,local,local_review_marker,paraphrased_claims_only,external-reference,embed_link_and_summarize_only,False,youtube-library-output/knowledge/claims/O4VMhPiVT50.json,youtube-library-output/knowledge/claims
Honda,neutral,review_needed,low,True,Pendiente de clasificar.,"Fuente externa registrada sobre Honda; requiere subtitulo/AI o revision editorial para separar pros, contras y recomendaciones sin copiar el guion.",Jaime Gabaldoni,Jaime Gabaldoni,Volvo XC90 PHEV 2026: ¿El SUV híbrido premium más completo? | Prueba de Manejo | Jaime Gabaldoni,https://www.youtube.com/watch?v=I3uqdp9_2Cw,I3uqdp9_2Cw,,,local,local_review_marker,paraphrased_claims_only,external-reference,embed_link_and_summarize_only,False,youtube-library-output/knowledge/claims/I3uqdp9_2Cw.json,youtube-library-output/knowledge/claims
Honda,neutral,review_needed,low,True,Pendiente de clasificar.,"Fuente externa registrada sobre Honda; requiere subtitulo/AI o revision editorial para separar pros, contras y recomendaciones sin copiar el guion.",Jaime Gabaldoni,Jaime Gabaldoni,🚐🔋 Volkswagen ID. Buzz 2025: la combi eléctrica moderna ⚡🚀 | Prueba de manejo | Jaime Gabaldoni,https://www.youtube.com/watch?v=QitI0_bBVRU,QitI0_bBVRU,,,local,local_review_marker,paraphrased_claims_only,external-reference,embed_link_and_summarize_only,False,youtube-library-output/knowledge/claims/QitI0_bBVRU.json,youtube-library-output/knowledge/claims
Honda,neutral,review_needed,low,True,Pendiente de clasificar.,"Fuente externa registrada sobre Honda; requiere subtitulo/AI o revision editorial para separar pros, contras y recomendaciones sin copiar el guion.",Sergio Oliveira,Sergio Oliveira,Comparativa Toyota Prius vs Honda Insight,https://www.youtube.com/watch?v=-iHkQmXpWG4,-iHkQmXpWG4,,,local,local_review_marker,paraphrased_claims_only,external-reference,embed_link_and_summarize_only,False,youtube-library-output/knowledge/claims/-iHkQmXpWG4.json,youtube-library-output/knowledge/claims
Honda,neutral,review_needed,low,True,Pendiente de clasificar.,"Fuente externa registrada sobre Honda; requiere subtitulo/AI o revision editorial para separar pros, contras y recomendaciones sin copiar el guion.",Sergio Oliveira,Sergio Oliveira,Suzuki bajó los precios en toda su gama - La Cochera Radio 13 enero,https://www.youtube.com/watch?v=gUtXfK8gI44,gUtXfK8gI44,,,local,local_review_marker,paraphrased_claims_only,external-reference,embed_link_and_summarize_only,False,youtube-library-output/knowledge/claims/gUtXfK8gI44.json,youtube-library-output/knowledge/claims
Honda,neutral,review_needed,low,True,Pendiente de clasificar.,"Fuente externa registrada sobre Honda; requiere subtitulo/AI o revision editorial para separar pros, contras y recomendaciones sin copiar el guion.",Sergio Oliveira,Sergio Oliveira,"¿Me lo compro o no me lo compro? GMC, GWM, Honda, Hyundai",https://www.youtube.com/watch?v=gw9Rc4_qs6U,gw9Rc4_qs6U,,,local,local_review_marker,paraphrased_claims_only,external-reference,embed_link_and_summarize_only,False,youtube-library-output/knowledge/claims/gw9Rc4_qs6U.json,youtube-library-output/knowledge/claims
Honda,neutral,review_needed,low,True,Pendiente de clasificar.,"Fuente externa registrada sobre Honda; requiere subtitulo/AI o revision editorial para separar pros, contras y recomendaciones sin copiar el guion.",Sergio Oliveira,Sergio Oliveira,¿Me lo compro o no me lo compro? | Con Lalo Vargas | GMC y Honda,https://www.youtube.com/watch?v=E-dAwmDZ80M,E-dAwmDZ80M,,,local,local_review_marker,paraphrased_claims_only,external-reference,embed_link_and_summarize_only,False,youtube-library-output/external/sergio-oliveira/claims/E-dAwmDZ80M.json,youtube-library-output/external/sergio-oliveira/claims
Hyundai,neutral,review_needed,low,True,Pendiente de clasificar.,"Fuente externa registrada sobre Hyundai; requiere subtitulo/AI o revision editorial para separar pros, contras y recomendaciones sin copiar el guion.",Autoboutique 1/4 de Milla,Autoboutique 1/4 de Milla,hyundai atos a prueba de dinamometro vendido en mexico dodge motor 1.0 litros,https://www.youtube.com/watch?v=dBPQQ84QPoQ,dBPQQ84QPoQ,,,local,local_review_marker,paraphrased_claims_only,external-reference,embed_link_and_summarize_only,False,youtube-library-output/knowledge/claims/dBPQQ84QPoQ.json,youtube-library-output/knowledge/claims
Hyundai,neutral,review_needed,low,True,Pendiente de clasificar.,"Fuente externa registrada sobre Hyundai; requiere subtitulo/AI o revision editorial para separar pros, contras y recomendaciones sin copiar el guion.",CarsLatino,CarsLatino,5 KIA/HYUNDAI QUE NO DEBERÍAS COMPRAR Y 5 QUE SI *CarsLatino*,https://www.youtube.com/watch?v=mdiWpDX7FNk,mdiWpDX7FNk,,,local,local_review_marker,paraphrased_claims_only,external-reference,embed_link_and_summarize_only,False,youtube-library-output/knowledge/claims/mdiWpDX7FNk.json,youtube-library-output/knowledge/claims
Hyundai,neutral,review_needed,low,True,Pendiente de clasificar.,"Fuente externa registrada sobre Hyundai; requiere subtitulo/AI o revision editorial para separar pros, contras y recomendaciones sin copiar el guion.",CarsLatino,CarsLatino,Se INCENDIAN los Autos Kia y Hyundai ¿Que Esta Pasando? *CarsLatino*,https://www.youtube.com/watch?v=cK6f83vbtJ4,cK6f83vbtJ4,,,local,local_review_marker,paraphrased_claims_only,external-reference,embed_link_and_summarize_only,False,youtube-library-output/knowledge/claims/cK6f83vbtJ4.json,youtube-library-output/knowledge/claims
Hyundai,neutral,review_needed,low,True,Pendiente de clasificar.,"Fuente externa registrada sobre Hyundai; requiere subtitulo/AI o revision editorial para separar pros, contras y recomendaciones sin copiar el guion.",El Dios de los Autos,El Dios de los Autos,CUIDADO!!! NO CAIGAS!! #toyota #auto #hyundai #mazda #nissan #honda #mitsubishi #mazda #volkswagen,https://www.youtube.com/shorts/i4gvUL_mZ6M,i4gvUL_mZ6M,,,local,local_review_marker,paraphrased_claims_only,external-reference,embed_link_and_summarize_only,False,youtube-library-output/knowledge/claims/i4gvUL_mZ6M.json,youtube-library-output/knowledge/claims
Hyundai,neutral,review_needed,low,True,Pendiente de clasificar.,"Fuente externa registrada sobre Hyundai; requiere subtitulo/AI o revision editorial para separar pros, contras y recomendaciones sin copiar el guion.",El Dios de los Autos,El Dios de los Autos,HYUNDAI i10 VS. VOLKSWAGEN UP! ¿CUAL ES MEJOR?,https://www.youtube.com/watch?v=1_3A_7ajBFY,1_3A_7ajBFY,,,local,local_review_marker,paraphrased_claims_only,external-reference,embed_link_and_summarize_only,False,youtube-library-output/knowledge/claims/1_3A_7ajBFY.json,youtube-library-output/knowledge/claims
Hyundai,neutral,review_needed,low,True,Pendiente de clasificar.,"Fuente externa registrada sobre Hyundai; requiere subtitulo/AI o revision editorial para separar pros, contras y recomendaciones sin copiar el guion.",Sergio Oliveira,Sergio Oliveira,"Hyundai Grand i10 sedán 2021. Le sobra precio, le falta seguridad.",https://www.youtube.com/watch?v=o4gLVrL2tIA,o4gLVrL2tIA,,,local,local_review_marker,paraphrased_claims_only,external-reference,embed_link_and_summarize_only,False,youtube-library-output/knowledge/claims/o4gLVrL2tIA.json,youtube-library-output/knowledge/claims
Hyundai,neutral,review_needed,low,True,Pendiente de clasificar.,"Fuente externa registrada sobre Hyundai; requiere subtitulo/AI o revision editorial para separar pros, contras y recomendaciones sin copiar el guion.",Sergio Oliveira,Sergio Oliveira,"¿Me lo compro o no me lo compro? GMC, GWM, Honda, Hyundai",https://www.youtube.com/watch?v=gw9Rc4_qs6U,gw9Rc4_qs6U,,,local,local_review_marker,paraphrased_claims_only,external-reference,embed_link_and_summarize_only,False,youtube-library-output/knowledge/claims/gw9Rc4_qs6U.json,youtube-library-output/knowledge/claims
Infiniti,neutral,review_needed,low,True,Pendiente de clasificar.,"Fuente externa registrada sobre Infiniti; requiere subtitulo/AI o revision editorial para separar pros, contras y recomendaciones sin copiar el guion.",Autoboutique 1/4 de Milla,Autoboutique 1/4 de Milla,Infiniti QX50 | PruebameLa... Nave #46 | Reseña,https://www.youtube.com/watch?v=KG2WuiEhlK8,KG2WuiEhlK8,,,local,local_review_marker,paraphrased_claims_only,external-reference,embed_link_and_summarize_only,False,youtube-library-output/knowledge/claims/KG2WuiEhlK8.json,youtube-library-output/knowledge/claims
Infiniti,neutral,review_needed,low,True,Pendiente de clasificar.,"Fuente externa registrada sobre Infiniti; requiere subtitulo/AI o revision editorial para separar pros, contras y recomendaciones sin copiar el guion.",Sergio Oliveira,Sergio Oliveira,"Infiniti QX30 2017; Alma de Mercedes, aunque no del mejor Mercedes.",https://www.youtube.com/watch?v=VWTikrCbsyU,VWTikrCbsyU,,,local,local_review_marker,paraphrased_claims_only,external-reference,embed_link_and_summarize_only,False,youtube-library-output/knowledge/claims/VWTikrCbsyU.json,youtube-library-output/knowledge/claims
Infiniti,neutral,review_needed,low,True,Pendiente de clasificar.,"Fuente externa registrada sobre Infiniti; requiere subtitulo/AI o revision editorial para separar pros, contras y recomendaciones sin copiar el guion.",Sergio Oliveira,Sergio Oliveira,Mercedes-Benz E 200 vs Infiniti Q70,https://www.youtube.com/watch?v=RlYrDLaCEIg,RlYrDLaCEIg,,,local,local_review_marker,paraphrased_claims_only,external-reference,embed_link_and_summarize_only,False,youtube-library-output/knowledge/claims/RlYrDLaCEIg.json,youtube-library-output/knowledge/claims
Infiniti,neutral,review_needed,low,True,Pendiente de clasificar.,"Fuente externa registrada sobre Infiniti; requiere subtitulo/AI o revision editorial para separar pros, contras y recomendaciones sin copiar el guion.",Sergio Oliveira,Sergio Oliveira,"¿Me lo compro o no me lo compro? 1 Con Lalo Vargas | China, Infiniti y Jeep",https://www.youtube.com/watch?v=fASJ3iE-Yxg,fASJ3iE-Yxg,,,local,local_review_marker,paraphrased_claims_only,external-reference,embed_link_and_summarize_only,False,youtube-library-output/external/sergio-oliveira/claims/fASJ3iE-Yxg.json,youtube-library-output/external/sergio-oliveira/claims
JAC,neutral,review_needed,low,True,Pendiente de clasificar.,"Fuente externa registrada sobre JAC; requiere subtitulo/AI o revision editorial para separar pros, contras y recomendaciones sin copiar el guion.",Sergio Oliveira,Sergio Oliveira,Jac Frison T6. El mejor motor de su categoría.,https://www.youtube.com/watch?v=Ho1l6ZXfv9w,Ho1l6ZXfv9w,,,local,local_review_marker,paraphrased_claims_only,external-reference,embed_link_and_summarize_only,False,youtube-library-output/knowledge/claims/Ho1l6ZXfv9w.json,youtube-library-output/knowledge/claims
JAC,neutral,review_needed,low,True,Pendiente de clasificar.,"Fuente externa registrada sobre JAC; requiere subtitulo/AI o revision editorial para separar pros, contras y recomendaciones sin copiar el guion.",Sergio Oliveira,Sergio Oliveira,"JAC Sei7 2019, el mejor valor/precio de todo el segmento",https://www.youtube.com/watch?v=eHBV2250YOg,eHBV2250YOg,,,local,local_review_marker,paraphrased_claims_only,external-reference,embed_link_and_summarize_only,False,youtube-library-output/knowledge/claims/eHBV2250YOg.json,youtube-library-output/knowledge/claims
Jeep,neutral,review_needed,low,True,Pendiente de clasificar.,"Fuente externa registrada sobre Jeep; requiere subtitulo/AI o revision editorial para separar pros, contras y recomendaciones sin copiar el guion.",Autoboutique 1/4 de Milla,Autoboutique 1/4 de Milla,Jeep Grand Cherokee SRT8 | PruebameLa... Nave #109 | Reseña,https://www.youtube.com/watch?v=OiivNjk13t4,OiivNjk13t4,,,local,local_review_marker,paraphrased_claims_only,external-reference,embed_link_and_summarize_only,False,youtube-library-output/knowledge/claims/OiivNjk13t4.json,youtube-library-output/knowledge/claims
Jeep,neutral,review_needed,low,True,Pendiente de clasificar.,"Fuente externa registrada sobre Jeep; requiere subtitulo/AI o revision editorial para separar pros, contras y recomendaciones sin copiar el guion.",Autoboutique 1/4 de Milla,Autoboutique 1/4 de Milla,Jeep SkyFreedom 4 cil Turbo | PruebameLa... Nave #128 | Reseña,https://www.youtube.com/watch?v=nyNvIP1LJbo,nyNvIP1LJbo,,,local,local_review_marker,paraphrased_claims_only,external-reference,embed_link_and_summarize_only,False,youtube-library-output/knowledge/claims/nyNvIP1LJbo.json,youtube-library-output/knowledge/claims
Jeep,negative,candidate_opinion,low,True,Pendiente de clasificar.,El video contiene una posible opinion critica sobre Jeep; requiere revision editorial o AI antes de publicarse como afirmacion.,CarsLatino,CarsLatino,5 JEEP QUE NO DEBERÍAS COMPRAR Y 5 QUE SI *CarsLatino*,https://www.youtube.com/watch?v=GOT6xoAf5p0,GOT6xoAf5p0,,,local,local_candidate_no_verbatim,paraphrased_claims_only,external-reference,embed_link_and_summarize_only,False,youtube-library-output/knowledge/claims/GOT6xoAf5p0.json,youtube-library-output/knowledge/claims
Jeep,neutral,review_needed,low,True,Pendiente de clasificar.,"Fuente externa registrada sobre Jeep; requiere subtitulo/AI o revision editorial para separar pros, contras y recomendaciones sin copiar el guion.",CarsLatino,CarsLatino,LA FALLA QUE HACE A JEEP PELIGROSA *CarsLatino*,https://www.youtube.com/watch?v=DfGCt5TgDO8,DfGCt5TgDO8,,,local,local_review_marker,paraphrased_claims_only,external-reference,embed_link_and_summarize_only,False,youtube-library-output/knowledge/claims/DfGCt5TgDO8.json,youtube-library-output/knowledge/claims
Jeep,neutral,review_needed,low,True,Pendiente de clasificar.,"Fuente externa registrada sobre Jeep; requiere subtitulo/AI o revision editorial para separar pros, contras y recomendaciones sin copiar el guion.",Jaime Gabaldoni,Jaime Gabaldoni,Jeep Gladiator Mojave vs Ford F-150 Raptor: ¿Son realmente comparables?,https://www.youtube.com/watch?v=-ayU1rQYyxM,-ayU1rQYyxM,,,local,local_review_marker,paraphrased_claims_only,external-reference,embed_link_and_summarize_only,False,youtube-library-output/knowledge/claims/-ayU1rQYyxM.json,youtube-library-output/knowledge/claims
Jeep,neutral,review_needed,low,True,Pendiente de clasificar.,"Fuente externa registrada sobre Jeep; requiere subtitulo/AI o revision editorial para separar pros, contras y recomendaciones sin copiar el guion.",Jaime Gabaldoni,Jaime Gabaldoni,Nissan Armada/Patrol Nismo 2026: La SUV deportiva INESPERADA de Nissan | Prueba de manejo,https://www.youtube.com/watch?v=Ta_QwNdOTM0,Ta_QwNdOTM0,,,local,local_review_marker,paraphrased_claims_only,external-reference,embed_link_and_summarize_only,False,youtube-library-output/knowledge/claims/Ta_QwNdOTM0.json,youtube-library-output/knowledge/claims
Jeep,neutral,review_needed,low,True,Pendiente de clasificar.,"Fuente externa registrada sobre Jeep; requiere subtitulo/AI o revision editorial para separar pros, contras y recomendaciones sin copiar el guion.",Sergio Oliveira,Sergio Oliveira,Jeep Avenger Turbo - El Jeep que podríamos comprar,https://www.youtube.com/watch?v=d4RAEvZ5m-k,d4RAEvZ5m-k,,,local,local_review_marker,paraphrased_claims_only,external-reference,embed_link_and_summarize_only,False,youtube-library-output/knowledge/claims/d4RAEvZ5m-k.json,youtube-library-output/knowledge/claims
Jeep,neutral,review_needed,low,True,Pendiente de clasificar.,"Fuente externa registrada sobre Jeep; requiere subtitulo/AI o revision editorial para separar pros, contras y recomendaciones sin copiar el guion.",Sergio Oliveira,Sergio Oliveira,"¿Me lo compro o no me lo compro? 1 Con Lalo Vargas | China, Infiniti y Jeep",https://www.youtube.com/watch?v=fASJ3iE-Yxg,fASJ3iE-Yxg,,,local,local_review_marker,paraphrased_claims_only,external-reference,embed_link_and_summarize_only,False,youtube-library-output/external/sergio-oliveira/claims/fASJ3iE-Yxg.json,youtube-library-output/external/sergio-oliveira/claims
Jetour,positive,candidate_opinion,low,True,Pendiente de clasificar.,El video contiene una posible opinion favorable sobre Jetour; requiere revision editorial o AI antes de publicarse como afirmacion.,Sergio Oliveira,Sergio Oliveira,"¿Me lo compro o no me lo compro? Jetour, JIM, JMC y Kia",https://www.youtube.com/watch?v=vUoMJrMWzXg,vUoMJrMWzXg,,,local,local_candidate_no_verbatim,paraphrased_claims_only,external-reference,embed_link_and_summarize_only,False,youtube-library-output/knowledge/claims/vUoMJrMWzXg.json,youtube-library-output/knowledge/claims
Kia,neutral,review_needed,low,True,Pendiente de clasificar.,"Fuente externa registrada sobre Kia; requiere subtitulo/AI o revision editorial para separar pros, contras y recomendaciones sin copiar el guion.",Autoboutique 1/4 de Milla,Autoboutique 1/4 de Milla,"Mesa Autmotriz Febrero 19 | Mazda, Suzuki y Kia | Formula Automotriz",https://www.youtube.com/watch?v=Uszu_nmH-SA,Uszu_nmH-SA,,,local,local_review_marker,paraphrased_claims_only,external-reference,embed_link_and_summarize_only,False,youtube-library-output/knowledge/claims/Uszu_nmH-SA.json,youtube-library-output/knowledge/claims
Kia,neutral,review_needed,low,True,Pendiente de clasificar.,"Fuente externa registrada sobre Kia; requiere subtitulo/AI o revision editorial para separar pros, contras y recomendaciones sin copiar el guion.",CarsLatino,CarsLatino,5 KIA/HYUNDAI QUE NO DEBERÍAS COMPRAR Y 5 QUE SI *CarsLatino*,https://www.youtube.com/watch?v=mdiWpDX7FNk,mdiWpDX7FNk,,,local,local_review_marker,paraphrased_claims_only,external-reference,embed_link_and_summarize_only,False,youtube-library-output/knowledge/claims/mdiWpDX7FNk.json,youtube-library-output/knowledge/claims
Kia,neutral,review_needed,low,True,Pendiente de clasificar.,"Fuente externa registrada sobre Kia; requiere subtitulo/AI o revision editorial para separar pros, contras y recomendaciones sin copiar el guion.",CarsLatino,CarsLatino,Prueba de Manejo - Kia Sorento Ex 2018 *CarsLatino*,https://www.youtube.com/watch?v=UswYsvjUq9E,UswYsvjUq9E,,,local,local_review_marker,paraphrased_claims_only,external-reference,embed_link_and_summarize_only,False,youtube-library-output/knowledge/claims/UswYsvjUq9E.json,youtube-library-output/knowledge/claims
Kia,neutral,review_needed,low,True,Pendiente de clasificar.,"Fuente externa registrada sobre Kia; requiere subtitulo/AI o revision editorial para separar pros, contras y recomendaciones sin copiar el guion.",CarsLatino,CarsLatino,Se INCENDIAN los Autos Kia y Hyundai ¿Que Esta Pasando? *CarsLatino*,https://www.youtube.com/watch?v=cK6f83vbtJ4,cK6f83vbtJ4,,,local,local_review_marker,paraphrased_claims_only,external-reference,embed_link_and_summarize_only,False,youtube-library-output/knowledge/claims/cK6f83vbtJ4.json,youtube-library-output/knowledge/claims
Kia,neutral,review_needed,low,True,Pendiente de clasificar.,"Fuente externa registrada sobre Kia; requiere subtitulo/AI o revision editorial para separar pros, contras y recomendaciones sin copiar el guion.",El Dios de los Autos,El Dios de los Autos,Prueba de manejo: MAZDA 3 VS. KIA KOUP,https://www.youtube.com/watch?v=NdhciZTmHU0,NdhciZTmHU0,,,local,local_review_marker,paraphrased_claims_only,external-reference,embed_link_and_summarize_only,False,youtube-library-output/knowledge/claims/NdhciZTmHU0.json,youtube-library-output/knowledge/claims
Kia,neutral,review_needed,low,True,Pendiente de clasificar.,"Fuente externa registrada sobre Kia; requiere subtitulo/AI o revision editorial para separar pros, contras y recomendaciones sin copiar el guion.",Sergio Oliveira,Sergio Oliveira,Kia Stinger. Video con audio mejorado,https://www.youtube.com/watch?v=0quk2v4JBB4,0quk2v4JBB4,,,local,local_review_marker,paraphrased_claims_only,external-reference,embed_link_and_summarize_only,False,youtube-library-output/knowledge/claims/0quk2v4JBB4.json,youtube-library-output/knowledge/claims
Lexus,neutral,review_needed,low,True,Pendiente de clasificar.,"Fuente externa registrada sobre Lexus; requiere subtitulo/AI o revision editorial para separar pros, contras y recomendaciones sin copiar el guion.",El Dios de los Autos,El Dios de los Autos,"CADILLAC ACABA DE APLASTAR A BMW, AUDI Y MERCEDES (Y NADIE LO HA NOTADO)",https://www.youtube.com/watch?v=6leoXMpsOjw,6leoXMpsOjw,,,local,local_review_marker,paraphrased_claims_only,external-reference,embed_link_and_summarize_only,False,youtube-library-output/knowledge/claims/6leoXMpsOjw.json,youtube-library-output/knowledge/claims
Lexus,neutral,review_needed,low,True,Pendiente de clasificar.,"Fuente externa registrada sobre Lexus; requiere subtitulo/AI o revision editorial para separar pros, contras y recomendaciones sin copiar el guion.",Jaime Gabaldoni,Jaime Gabaldoni,"Japan Mobility Show 2025: Lexus, Toyota, Subaru, Mazda and the future of mobility | Jaime Gabaldoni",https://www.youtube.com/watch?v=Iv9QnL7nz-4,Iv9QnL7nz-4,,,local,local_review_marker,paraphrased_claims_only,external-reference,embed_link_and_summarize_only,False,youtube-library-output/knowledge/claims/Iv9QnL7nz-4.json,youtube-library-output/knowledge/claims
Mazda,neutral,review_needed,low,True,Pendiente de clasificar.,"Fuente externa registrada sobre Mazda; requiere subtitulo/AI o revision editorial para separar pros, contras y recomendaciones sin copiar el guion.",Autoboutique 1/4 de Milla,Autoboutique 1/4 de Milla,"217. Mazda más barato, filtran nuevo GTI, GMC en China",https://www.youtube.com/watch?v=ezQ8q8eoTfc,ezQ8q8eoTfc,,,local,local_review_marker,paraphrased_claims_only,external-reference,embed_link_and_summarize_only,False,youtube-library-output/knowledge/claims/ezQ8q8eoTfc.json,youtube-library-output/knowledge/claims
Mazda,neutral,review_needed,low,True,Pendiente de clasificar.,"Fuente externa registrada sobre Mazda; requiere subtitulo/AI o revision editorial para separar pros, contras y recomendaciones sin copiar el guion.",Autoboutique 1/4 de Milla,Autoboutique 1/4 de Milla,"43. Fanáticos de MG, Ford Ranger Raptor, Mazda CX-3 Mexicana, Carretera con carga inalámbrica",https://www.youtube.com/watch?v=cQZbi2OPviU,cQZbi2OPviU,,,local,local_review_marker,paraphrased_claims_only,external-reference,embed_link_and_summarize_only,False,youtube-library-output/knowledge/claims/cQZbi2OPviU.json,youtube-library-output/knowledge/claims
Mazda,neutral,review_needed,low,True,Pendiente de clasificar.,"Fuente externa registrada sobre Mazda; requiere subtitulo/AI o revision editorial para separar pros, contras y recomendaciones sin copiar el guion.",Autoboutique 1/4 de Milla,Autoboutique 1/4 de Milla,"Fanáticos de MG, Ford Ranger Raptor, Mazda CX-3 Mexicana, Carretera con carga inalámbrica | #43",https://www.youtube.com/watch?v=BhwicrKoEO4,BhwicrKoEO4,,,local,local_review_marker,paraphrased_claims_only,external-reference,embed_link_and_summarize_only,False,youtube-library-output/knowledge/claims/BhwicrKoEO4.json,youtube-library-output/knowledge/claims
Mazda,neutral,review_needed,low,True,Pendiente de clasificar.,"Fuente externa registrada sobre Mazda; requiere subtitulo/AI o revision editorial para separar pros, contras y recomendaciones sin copiar el guion.",Autoboutique 1/4 de Milla,Autoboutique 1/4 de Milla,"Mesa Autmotriz Febrero 19 | Mazda, Suzuki y Kia | Formula Automotriz",https://www.youtube.com/watch?v=Uszu_nmH-SA,Uszu_nmH-SA,,,local,local_review_marker,paraphrased_claims_only,external-reference,embed_link_and_summarize_only,False,youtube-library-output/knowledge/claims/Uszu_nmH-SA.json,youtube-library-output/knowledge/claims
Mazda,neutral,review_needed,low,True,Pendiente de clasificar.,"Fuente externa registrada sobre Mazda; requiere subtitulo/AI o revision editorial para separar pros, contras y recomendaciones sin copiar el guion.",CarsLatino,CarsLatino,Mi Nuevo Auto a Detalle!! (Version COMPLETA) (Prueba de Manejo Mazda 3 S GT 2017) *CarsLatino*,https://www.youtube.com/watch?v=FjY4LGAf9Jk,FjY4LGAf9Jk,,,local,local_review_marker,paraphrased_claims_only,external-reference,embed_link_and_summarize_only,False,youtube-library-output/knowledge/claims/FjY4LGAf9Jk.json,youtube-library-output/knowledge/claims
Mazda,neutral,review_needed,low,True,Pendiente de clasificar.,"Fuente externa registrada sobre Mazda; requiere subtitulo/AI o revision editorial para separar pros, contras y recomendaciones sin copiar el guion.",CarsLatino,CarsLatino,Mi Nuevo Auto a Detalle!! (Version Corta) (Prueba de Manejo Mazda 3 S GT 2017) *CarsLatino*,https://www.youtube.com/watch?v=cersmp7KeWg,cersmp7KeWg,,,local,local_review_marker,paraphrased_claims_only,external-reference,embed_link_and_summarize_only,False,youtube-library-output/knowledge/claims/cersmp7KeWg.json,youtube-library-output/knowledge/claims
Mazda,neutral,review_needed,low,True,Pendiente de clasificar.,"Fuente externa registrada sobre Mazda; requiere subtitulo/AI o revision editorial para separar pros, contras y recomendaciones sin copiar el guion.",El Dios de los Autos,El Dios de los Autos,CUIDADO!!! NO CAIGAS!! #toyota #auto #hyundai #mazda #nissan #honda #mitsubishi #mazda #volkswagen,https://www.youtube.com/shorts/i4gvUL_mZ6M,i4gvUL_mZ6M,,,local,local_review_marker,paraphrased_claims_only,external-reference,embed_link_and_summarize_only,False,youtube-library-output/knowledge/claims/i4gvUL_mZ6M.json,youtube-library-output/knowledge/claims
Mazda,neutral,review_needed,low,True,Pendiente de clasificar.,"Fuente externa registrada sobre Mazda; requiere subtitulo/AI o revision editorial para separar pros, contras y recomendaciones sin copiar el guion.",El Dios de los Autos,El Dios de los Autos,Prueba de manejo: MAZDA 3 VS. KIA KOUP,https://www.youtube.com/watch?v=NdhciZTmHU0,NdhciZTmHU0,,,local,local_review_marker,paraphrased_claims_only,external-reference,embed_link_and_summarize_only,False,youtube-library-output/knowledge/claims/NdhciZTmHU0.json,youtube-library-output/knowledge/claims
Mazda,neutral,review_needed,low,True,Pendiente de clasificar.,"Fuente externa registrada sobre Mazda; requiere subtitulo/AI o revision editorial para separar pros, contras y recomendaciones sin copiar el guion.",Jaime Gabaldoni,Jaime Gabaldoni,The new 2025 MAZDA CX-70 Can it be compared to the European luxury models?| Review | Jaime Gabaldoni,https://www.youtube.com/watch?v=Bbyr5Wa81Lg,Bbyr5Wa81Lg,,,local,local_review_marker,paraphrased_claims_only,external-reference,embed_link_and_summarize_only,False,youtube-library-output/knowledge/claims/Bbyr5Wa81Lg.json,youtube-library-output/knowledge/claims
Mazda,neutral,review_needed,low,True,Pendiente de clasificar.,"Fuente externa registrada sobre Mazda; requiere subtitulo/AI o revision editorial para separar pros, contras y recomendaciones sin copiar el guion.",Sergio Oliveira,Sergio Oliveira,De Mazda a MG - Me lo compro o no me lo compro,https://www.youtube.com/watch?v=1bdcjm9yJVE,1bdcjm9yJVE,,,local,local_review_marker,paraphrased_claims_only,external-reference,embed_link_and_summarize_only,False,youtube-library-output/knowledge/claims/1bdcjm9yJVE.json,youtube-library-output/knowledge/claims
Mazda,neutral,review_needed,low,True,Pendiente de clasificar.,"Fuente externa registrada sobre Mazda; requiere subtitulo/AI o revision editorial para separar pros, contras y recomendaciones sin copiar el guion.",Sergio Oliveira,Sergio Oliveira,Entrevista Miguel Barbeyto. ¿Cuándo habrá CX-30? ¿Por qué bajó de precio Mazda 3?,https://www.youtube.com/watch?v=NuVyp1iu9-g,NuVyp1iu9-g,,,local,local_review_marker,paraphrased_claims_only,external-reference,embed_link_and_summarize_only,False,youtube-library-output/knowledge/claims/NuVyp1iu9-g.json,youtube-library-output/knowledge/claims
Mazda,neutral,review_needed,low,True,Pendiente de clasificar.,"Fuente externa registrada sobre Mazda; requiere subtitulo/AI o revision editorial para separar pros, contras y recomendaciones sin copiar el guion.",Sergio Oliveira,Sergio Oliveira,Subaru BRZ vs Mazda MX-5. ¿Cuál es el mejor?,https://www.youtube.com/watch?v=LZb5dDY_lAI,LZb5dDY_lAI,,,local,local_review_marker,paraphrased_claims_only,external-reference,embed_link_and_summarize_only,False,youtube-library-output/knowledge/claims/LZb5dDY_lAI.json,youtube-library-output/knowledge/claims
Mazda,neutral,review_needed,low,True,Pendiente de clasificar.,"Fuente externa registrada sobre Mazda; requiere subtitulo/AI o revision editorial para separar pros, contras y recomendaciones sin copiar el guion.",Sergio Oliveira,Sergio Oliveira,¿Me lo compro o no me lo compro? | Con Lalo Vargas | Mazda,https://www.youtube.com/watch?v=lTGtNxYhLwc,lTGtNxYhLwc,,,local,local_review_marker,paraphrased_claims_only,external-reference,embed_link_and_summarize_only,False,youtube-library-output/external/sergio-oliveira/claims/lTGtNxYhLwc.json,youtube-library-output/external/sergio-oliveira/claims
Mercedes,neutral,review_needed,low,True,Pendiente de clasificar.,"Fuente externa registrada sobre Mercedes; requiere subtitulo/AI o revision editorial para separar pros, contras y recomendaciones sin copiar el guion.",Autoboutique 1/4 de Milla,Autoboutique 1/4 de Milla,boot accu air sema 2016 las vegas nevada nissan gtr lamborghini bmw mercedes benz,https://www.youtube.com/watch?v=4hyw3gHG4YA,4hyw3gHG4YA,,,local,local_review_marker,paraphrased_claims_only,external-reference,embed_link_and_summarize_only,False,youtube-library-output/knowledge/claims/4hyw3gHG4YA.json,youtube-library-output/knowledge/claims
Mercedes,neutral,review_needed,low,True,Pendiente de clasificar.,"Fuente externa registrada sobre Mercedes; requiere subtitulo/AI o revision editorial para separar pros, contras y recomendaciones sin copiar el guion.",CarsLatino,CarsLatino,5 MERCEDES BENZ QUE NO DEBERÍAS COMPRAR Y 5 QUE SI *CarsLatino*,https://www.youtube.com/watch?v=6FPe17Hb180,6FPe17Hb180,,,local,local_review_marker,paraphrased_claims_only,external-reference,embed_link_and_summarize_only,False,youtube-library-output/knowledge/claims/6FPe17Hb180.json,youtube-library-output/knowledge/claims
Mercedes,neutral,review_needed,low,True,Pendiente de clasificar.,"Fuente externa registrada sobre Mercedes; requiere subtitulo/AI o revision editorial para separar pros, contras y recomendaciones sin copiar el guion.",CarsLatino,CarsLatino,El Interior Es Lo Que Cuenta - Prueba de Manejo Mercedes Benz C200 Sport *CarsLatino*,https://www.youtube.com/watch?v=Wam4zmsU9-0,Wam4zmsU9-0,,,local,local_review_marker,paraphrased_claims_only,external-reference,embed_link_and_summarize_only,False,youtube-library-output/knowledge/claims/Wam4zmsU9-0.json,youtube-library-output/knowledge/claims
Mercedes,neutral,review_needed,low,True,Pendiente de clasificar.,"Fuente externa registrada sobre Mercedes; requiere subtitulo/AI o revision editorial para separar pros, contras y recomendaciones sin copiar el guion.",El Dios de los Autos,El Dios de los Autos,"CADILLAC ACABA DE APLASTAR A BMW, AUDI Y MERCEDES (Y NADIE LO HA NOTADO)",https://www.youtube.com/watch?v=6leoXMpsOjw,6leoXMpsOjw,,,local,local_review_marker,paraphrased_claims_only,external-reference,embed_link_and_summarize_only,False,youtube-library-output/knowledge/claims/6leoXMpsOjw.json,youtube-library-output/knowledge/claims
Mercedes,neutral,review_needed,low,True,Pendiente de clasificar.,"Fuente externa registrada sobre Mercedes; requiere subtitulo/AI o revision editorial para separar pros, contras y recomendaciones sin copiar el guion.",Jaime Gabaldoni,Jaime Gabaldoni,El VOLVO XC60 T8 2024 BLACK EDITION | Prueba de Manejo | Jaime Gabaldoni,https://www.youtube.com/watch?v=bo-1Fp-mots,bo-1Fp-mots,,,local,local_review_marker,paraphrased_claims_only,external-reference,embed_link_and_summarize_only,False,youtube-library-output/knowledge/claims/bo-1Fp-mots.json,youtube-library-output/knowledge/claims
Mercedes,neutral,review_needed,low,True,Pendiente de clasificar.,"Fuente externa registrada sobre Mercedes; requiere subtitulo/AI o revision editorial para separar pros, contras y recomendaciones sin copiar el guion.",Jaime Gabaldoni,Jaime Gabaldoni,Mercedes-AMG GT63 COUPÉ 2025 | Prueba de Manejo | Jaime Gabaldoni,https://www.youtube.com/watch?v=fKrXVm0Dw88,fKrXVm0Dw88,,,local,local_review_marker,paraphrased_claims_only,external-reference,embed_link_and_summarize_only,False,youtube-library-output/knowledge/claims/fKrXVm0Dw88.json,youtube-library-output/knowledge/claims
Mercedes,neutral,review_needed,low,True,Pendiente de clasificar.,"Fuente externa registrada sobre Mercedes; requiere subtitulo/AI o revision editorial para separar pros, contras y recomendaciones sin copiar el guion.",Jaime Gabaldoni,Jaime Gabaldoni,Nissan GT-R R35 2023: “Godzilla” sigue imparable | Prueba de manejo | Jaime Gabaldoni,https://www.youtube.com/watch?v=mXEY7BDpM50,mXEY7BDpM50,,,local,local_review_marker,paraphrased_claims_only,external-reference,embed_link_and_summarize_only,False,youtube-library-output/knowledge/claims/mXEY7BDpM50.json,youtube-library-output/knowledge/claims
Mercedes,neutral,review_needed,low,True,Pendiente de clasificar.,"Fuente externa registrada sobre Mercedes; requiere subtitulo/AI o revision editorial para separar pros, contras y recomendaciones sin copiar el guion.",Jaime Gabaldoni,Jaime Gabaldoni,Toyota Tacoma i-Force Max TRD Pro 2025: Lista para el off-road | Prueba de manejo | Jaime Gabaldoni,https://www.youtube.com/watch?v=O4VMhPiVT50,O4VMhPiVT50,,,local,local_review_marker,paraphrased_claims_only,external-reference,embed_link_and_summarize_only,False,youtube-library-output/knowledge/claims/O4VMhPiVT50.json,youtube-library-output/knowledge/claims
Mercedes,neutral,review_needed,low,True,Pendiente de clasificar.,"Fuente externa registrada sobre Mercedes; requiere subtitulo/AI o revision editorial para separar pros, contras y recomendaciones sin copiar el guion.",Jaime Gabaldoni,Jaime Gabaldoni,🚐🔋 Volkswagen ID. Buzz 2025: la combi eléctrica moderna ⚡🚀 | Prueba de manejo | Jaime Gabaldoni,https://www.youtube.com/watch?v=QitI0_bBVRU,QitI0_bBVRU,,,local,local_review_marker,paraphrased_claims_only,external-reference,embed_link_and_summarize_only,False,youtube-library-output/knowledge/claims/QitI0_bBVRU.json,youtube-library-output/knowledge/claims
Mercedes,neutral,review_needed,low,True,Pendiente de clasificar.,"Fuente externa registrada sobre Mercedes; requiere subtitulo/AI o revision editorial para separar pros, contras y recomendaciones sin copiar el guion.",Sergio Oliveira,Sergio Oliveira,De Mazda a MG - Me lo compro o no me lo compro,https://www.youtube.com/watch?v=1bdcjm9yJVE,1bdcjm9yJVE,,,local,local_review_marker,paraphrased_claims_only,external-reference,embed_link_and_summarize_only,False,youtube-library-output/knowledge/claims/1bdcjm9yJVE.json,youtube-library-output/knowledge/claims
Mercedes,neutral,review_needed,low,True,Pendiente de clasificar.,"Fuente externa registrada sobre Mercedes; requiere subtitulo/AI o revision editorial para separar pros, contras y recomendaciones sin copiar el guion.",Sergio Oliveira,Sergio Oliveira,"Infiniti QX30 2017; Alma de Mercedes, aunque no del mejor Mercedes.",https://www.youtube.com/watch?v=VWTikrCbsyU,VWTikrCbsyU,,,local,local_review_marker,paraphrased_claims_only,external-reference,embed_link_and_summarize_only,False,youtube-library-output/knowledge/claims/VWTikrCbsyU.json,youtube-library-output/knowledge/claims
Mercedes,neutral,review_needed,low,True,Pendiente de clasificar.,"Fuente externa registrada sobre Mercedes; requiere subtitulo/AI o revision editorial para separar pros, contras y recomendaciones sin copiar el guion.",Sergio Oliveira,Sergio Oliveira,Mercedes-Benz E 200 vs Infiniti Q70,https://www.youtube.com/watch?v=RlYrDLaCEIg,RlYrDLaCEIg,,,local,local_review_marker,paraphrased_claims_only,external-reference,embed_link_and_summarize_only,False,youtube-library-output/knowledge/claims/RlYrDLaCEIg.json,youtube-library-output/knowledge/claims
Mercedes-Benz,neutral,review_needed,low,True,Pendiente de clasificar.,"Fuente externa registrada sobre Mercedes-Benz; requiere subtitulo/AI o revision editorial para separar pros, contras y recomendaciones sin copiar el guion.",Sergio Oliveira,Sergio Oliveira,De Mazda a MG - Me lo compro o no me lo compro,https://www.youtube.com/watch?v=1bdcjm9yJVE,1bdcjm9yJVE,,,local,local_review_marker,paraphrased_claims_only,external-reference,embed_link_and_summarize_only,False,youtube-library-output/knowledge/claims/1bdcjm9yJVE.json,youtube-library-output/knowledge/claims
Mercedes-Benz,neutral,review_needed,low,True,Pendiente de clasificar.,"Fuente externa registrada sobre Mercedes-Benz; requiere subtitulo/AI o revision editorial para separar pros, contras y recomendaciones sin copiar el guion.",Sergio Oliveira,Sergio Oliveira,Mercedes-Benz E 200 vs Infiniti Q70,https://www.youtube.com/watch?v=RlYrDLaCEIg,RlYrDLaCEIg,,,local,local_review_marker,paraphrased_claims_only,external-reference,embed_link_and_summarize_only,False,youtube-library-output/knowledge/claims/RlYrDLaCEIg.json,youtube-library-output/knowledge/claims
MG,neutral,review_needed,low,True,Pendiente de clasificar.,"Fuente externa registrada sobre MG; requiere subtitulo/AI o revision editorial para separar pros, contras y recomendaciones sin copiar el guion.",Autoboutique 1/4 de Milla,Autoboutique 1/4 de Milla,"43. Fanáticos de MG, Ford Ranger Raptor, Mazda CX-3 Mexicana, Carretera con carga inalámbrica",https://www.youtube.com/watch?v=cQZbi2OPviU,cQZbi2OPviU,,,local,local_review_marker,paraphrased_claims_only,external-reference,embed_link_and_summarize_only,False,youtube-library-output/knowledge/claims/cQZbi2OPviU.json,youtube-library-output/knowledge/claims
MG,neutral,review_needed,low,True,Pendiente de clasificar.,"Fuente externa registrada sobre MG; requiere subtitulo/AI o revision editorial para separar pros, contras y recomendaciones sin copiar el guion.",Autoboutique 1/4 de Milla,Autoboutique 1/4 de Milla,"Fanáticos de MG, Ford Ranger Raptor, Mazda CX-3 Mexicana, Carretera con carga inalámbrica | #43",https://www.youtube.com/watch?v=BhwicrKoEO4,BhwicrKoEO4,,,local,local_review_marker,paraphrased_claims_only,external-reference,embed_link_and_summarize_only,False,youtube-library-output/knowledge/claims/BhwicrKoEO4.json,youtube-library-output/knowledge/claims
MG,neutral,review_needed,low,True,Pendiente de clasificar.,"Fuente externa registrada sobre MG; requiere subtitulo/AI o revision editorial para separar pros, contras y recomendaciones sin copiar el guion.",Sergio Oliveira,Sergio Oliveira,De Mazda a MG - Me lo compro o no me lo compro,https://www.youtube.com/watch?v=1bdcjm9yJVE,1bdcjm9yJVE,,,local,local_review_marker,paraphrased_claims_only,external-reference,embed_link_and_summarize_only,False,youtube-library-output/knowledge/claims/1bdcjm9yJVE.json,youtube-library-output/knowledge/claims
Mini,neutral,review_needed,low,True,Pendiente de clasificar.,"Fuente externa registrada sobre Mini; requiere subtitulo/AI o revision editorial para separar pros, contras y recomendaciones sin copiar el guion.",El Dios de los Autos,El Dios de los Autos,BYD ES LA MEJOR MARCA DEL MUNDO,https://www.youtube.com/watch?v=paAQvYxjyn0,paAQvYxjyn0,,,local,local_review_marker,paraphrased_claims_only,external-reference,embed_link_and_summarize_only,False,youtube-library-output/knowledge/claims/paAQvYxjyn0.json,youtube-library-output/knowledge/claims
Mini,positive,candidate_opinion,low,True,Pendiente de clasificar.,El video contiene una posible opinion favorable sobre Mini; requiere revision editorial o AI antes de publicarse como afirmacion.,El Dios de los Autos,El Dios de los Autos,NUEVO Toyota Land Cruiser FJ SE COME VIVO A SUZUKI JIMNY (ADIOS SUZUKI ya nadie te COMPRARÁ),https://www.youtube.com/watch?v=I944R7n7dfI,I944R7n7dfI,,,local,local_candidate_no_verbatim,paraphrased_claims_only,external-reference,embed_link_and_summarize_only,False,youtube-library-output/knowledge/claims/I944R7n7dfI.json,youtube-library-output/knowledge/claims
Mitsubishi,neutral,review_needed,low,True,Pendiente de clasificar.,"Fuente externa registrada sobre Mitsubishi; requiere subtitulo/AI o revision editorial para separar pros, contras y recomendaciones sin copiar el guion.",Autoboutique 1/4 de Milla,Autoboutique 1/4 de Milla,Mitsubishi L200 2021 | PruebameLaNave #160 | Reseña,https://www.youtube.com/watch?v=S3NnUhMRK7c,S3NnUhMRK7c,,,local,local_review_marker,paraphrased_claims_only,external-reference,embed_link_and_summarize_only,False,youtube-library-output/knowledge/claims/S3NnUhMRK7c.json,youtube-library-output/knowledge/claims
Mitsubishi,neutral,review_needed,low,True,Pendiente de clasificar.,"Fuente externa registrada sobre Mitsubishi; requiere subtitulo/AI o revision editorial para separar pros, contras y recomendaciones sin copiar el guion.",Autoboutique 1/4 de Milla,Autoboutique 1/4 de Milla,"Precio elevado, ahorro justificado? Mitsubishi Outlander PHEV | PruebameLa... Nave #175 | Reseña",https://www.youtube.com/watch?v=r4yJ_RMtkuE,r4yJ_RMtkuE,,,local,local_review_marker,paraphrased_claims_only,external-reference,embed_link_and_summarize_only,False,youtube-library-output/knowledge/claims/r4yJ_RMtkuE.json,youtube-library-output/knowledge/claims
Mitsubishi,neutral,review_needed,low,True,Pendiente de clasificar.,"Fuente externa registrada sobre Mitsubishi; requiere subtitulo/AI o revision editorial para separar pros, contras y recomendaciones sin copiar el guion.",CarsLatino,CarsLatino,5 MITSUBISHI QUE NO DEBERÍAS COMPRAR Y 5 QUE SI *CarsLatino*,https://www.youtube.com/watch?v=eBAl-Fj1lkQ,eBAl-Fj1lkQ,,,local,local_review_marker,paraphrased_claims_only,external-reference,embed_link_and_summarize_only,False,youtube-library-output/knowledge/claims/eBAl-Fj1lkQ.json,youtube-library-output/knowledge/claims
Mitsubishi,neutral,review_needed,low,True,Pendiente de clasificar.,"Fuente externa registrada sobre Mitsubishi; requiere subtitulo/AI o revision editorial para separar pros, contras y recomendaciones sin copiar el guion.",CarsLatino,CarsLatino,MEJORANDO AL MITSUBISHI 3000GT! (Proyecto 3000gt - ep02) *CarsLatino*,https://www.youtube.com/watch?v=tyIjiNEtZso,tyIjiNEtZso,,,local,local_review_marker,paraphrased_claims_only,external-reference,embed_link_and_summarize_only,False,youtube-library-output/knowledge/claims/tyIjiNEtZso.json,youtube-library-output/knowledge/claims
Mitsubishi,neutral,review_needed,low,True,Pendiente de clasificar.,"Fuente externa registrada sobre Mitsubishi; requiere subtitulo/AI o revision editorial para separar pros, contras y recomendaciones sin copiar el guion.",El Dios de los Autos,El Dios de los Autos,CUIDADO!!! NO CAIGAS!! #toyota #auto #hyundai #mazda #nissan #honda #mitsubishi #mazda #volkswagen,https://www.youtube.com/shorts/i4gvUL_mZ6M,i4gvUL_mZ6M,,,local,local_review_marker,paraphrased_claims_only,external-reference,embed_link_and_summarize_only,False,youtube-library-output/knowledge/claims/i4gvUL_mZ6M.json,youtube-library-output/knowledge/claims
Mitsubishi,neutral,review_needed,low,True,Pendiente de clasificar.,"Fuente externa registrada sobre Mitsubishi; requiere subtitulo/AI o revision editorial para separar pros, contras y recomendaciones sin copiar el guion.",El Dios de los Autos,El Dios de los Autos,NISSAN Y MITSUBISHI SON COMPRADOS POR MARCA CHINA - ENORME NOTICIA,https://www.youtube.com/watch?v=qG98Th4nygU,qG98Th4nygU,,,local,local_review_marker,paraphrased_claims_only,external-reference,embed_link_and_summarize_only,False,youtube-library-output/knowledge/claims/qG98Th4nygU.json,youtube-library-output/knowledge/claims
Nissan,neutral,review_needed,low,True,Pendiente de clasificar.,"Fuente externa registrada sobre Nissan; requiere subtitulo/AI o revision editorial para separar pros, contras y recomendaciones sin copiar el guion.",Autoboutique 1/4 de Milla,Autoboutique 1/4 de Milla,"224. Tank 300 híbrido, Chirey y DHL hacen alianza, Nissan y Honda vs China",https://www.youtube.com/watch?v=5p0P6HyYtW0,5p0P6HyYtW0,,,local,local_review_marker,paraphrased_claims_only,external-reference,embed_link_and_summarize_only,False,youtube-library-output/knowledge/claims/5p0P6HyYtW0.json,youtube-library-output/knowledge/claims
Nissan,neutral,review_needed,low,True,Pendiente de clasificar.,"Fuente externa registrada sobre Nissan; requiere subtitulo/AI o revision editorial para separar pros, contras y recomendaciones sin copiar el guion.",Autoboutique 1/4 de Milla,Autoboutique 1/4 de Milla,boot accu air sema 2016 las vegas nevada nissan gtr lamborghini bmw mercedes benz,https://www.youtube.com/watch?v=4hyw3gHG4YA,4hyw3gHG4YA,,,local,local_review_marker,paraphrased_claims_only,external-reference,embed_link_and_summarize_only,False,youtube-library-output/knowledge/claims/4hyw3gHG4YA.json,youtube-library-output/knowledge/claims
Nissan,neutral,review_needed,low,True,Pendiente de clasificar.,"Fuente externa registrada sobre Nissan; requiere subtitulo/AI o revision editorial para separar pros, contras y recomendaciones sin copiar el guion.",CarsLatino,CarsLatino,5 NISSAN QUE NO DEBERÍAS COMPRAR Y 5 QUE SI *CarsLatino*,https://www.youtube.com/watch?v=yIDCcL0gbD4,yIDCcL0gbD4,,,local,local_review_marker,paraphrased_claims_only,external-reference,embed_link_and_summarize_only,False,youtube-library-output/knowledge/claims/yIDCcL0gbD4.json,youtube-library-output/knowledge/claims
Nissan,neutral,review_needed,low,True,Pendiente de clasificar.,"Fuente externa registrada sobre Nissan; requiere subtitulo/AI o revision editorial para separar pros, contras y recomendaciones sin copiar el guion.",CarsLatino,CarsLatino,HONDA vs NISSAN ¿Cual es la Reina de las Suv? *CarsLatino*,https://www.youtube.com/watch?v=c1v4SIL4Q3U,c1v4SIL4Q3U,,,local,local_review_marker,paraphrased_claims_only,external-reference,embed_link_and_summarize_only,False,youtube-library-output/knowledge/claims/c1v4SIL4Q3U.json,youtube-library-output/knowledge/claims
Nissan,neutral,review_needed,low,True,Pendiente de clasificar.,"Fuente externa registrada sobre Nissan; requiere subtitulo/AI o revision editorial para separar pros, contras y recomendaciones sin copiar el guion.",CarsLatino,CarsLatino,Prueba de Manejo - Ford Mustang GT 2017,https://www.youtube.com/watch?v=hC557xbz5XE,hC557xbz5XE,,,local,local_review_marker,paraphrased_claims_only,external-reference,embed_link_and_summarize_only,False,youtube-library-output/knowledge/claims/hC557xbz5XE.json,youtube-library-output/knowledge/claims
Nissan,negative,candidate_opinion,low,True,Pendiente de clasificar.,El video contiene una posible opinion critica sobre Nissan; requiere revision editorial o AI antes de publicarse como afirmacion.,CarsLatino,CarsLatino,Rueda Contra Rueda - Renault Koleos vs Peugeot 3008 (Comparativa) *CarsLatino*,https://www.youtube.com/watch?v=8koVSrO15JA,8koVSrO15JA,,es,local,local_candidate_no_verbatim,paraphrased_claims_only,external-reference,embed_link_and_summarize_only,False,youtube-library-output/knowledge/claims/8koVSrO15JA.json,youtube-library-output/knowledge/claims
Nissan,neutral,review_needed,low,True,Pendiente de clasificar.,"Fuente externa registrada sobre Nissan; requiere subtitulo/AI o revision editorial para separar pros, contras y recomendaciones sin copiar el guion.",El Dios de los Autos,El Dios de los Autos,NISSAN Y MITSUBISHI SON COMPRADOS POR MARCA CHINA - ENORME NOTICIA,https://www.youtube.com/watch?v=qG98Th4nygU,qG98Th4nygU,,,local,local_review_marker,paraphrased_claims_only,external-reference,embed_link_and_summarize_only,False,youtube-library-output/knowledge/claims/qG98Th4nygU.json,youtube-library-output/knowledge/claims
Nissan,neutral,review_needed,low,True,Pendiente de clasificar.,"Fuente externa registrada sobre Nissan; requiere subtitulo/AI o revision editorial para separar pros, contras y recomendaciones sin copiar el guion.",Sergio Oliveira,Sergio Oliveira,Nissan LEAF 2018 - Y lo puedes comprar por Internet,https://www.youtube.com/watch?v=yiuViWzrRmU,yiuViWzrRmU,,,local,local_review_marker,paraphrased_claims_only,external-reference,embed_link_and_summarize_only,False,youtube-library-output/knowledge/claims/yiuViWzrRmU.json,youtube-library-output/knowledge/claims
Omoda,neutral,review_needed,low,True,Pendiente de clasificar.,"Fuente externa registrada sobre Omoda; requiere subtitulo/AI o revision editorial para separar pros, contras y recomendaciones sin copiar el guion.",Autoboutique 1/4 de Milla,Autoboutique 1/4 de Milla,"19. Chirey Omoda 5, Subaru WRX S4, Autódromo Riviera Maya, Categorías Rabadilla de Oro",https://www.youtube.com/watch?v=OEP3diaCMWw,OEP3diaCMWw,,,local,local_review_marker,paraphrased_claims_only,external-reference,embed_link_and_summarize_only,False,youtube-library-output/knowledge/claims/OEP3diaCMWw.json,youtube-library-output/knowledge/claims
Omoda,neutral,review_needed,low,True,Pendiente de clasificar.,"Fuente externa registrada sobre Omoda; requiere subtitulo/AI o revision editorial para separar pros, contras y recomendaciones sin copiar el guion.",Autoboutique 1/4 de Milla,Autoboutique 1/4 de Milla,"Chirey Omoda 5, Subaru WRX S4, Autódromo Riviera Maya, Categorías Rabadilla de Oro | 19",https://www.youtube.com/watch?v=i9MvJIC7Zf0,i9MvJIC7Zf0,,,local,local_review_marker,paraphrased_claims_only,external-reference,embed_link_and_summarize_only,False,youtube-library-output/knowledge/claims/i9MvJIC7Zf0.json,youtube-library-output/knowledge/claims
Omoda,neutral,review_needed,low,True,Pendiente de clasificar.,"Fuente externa registrada sobre Omoda; requiere subtitulo/AI o revision editorial para separar pros, contras y recomendaciones sin copiar el guion.",Sergio Oliveira,Sergio Oliveira,Chirey Omoda 5,https://www.youtube.com/watch?v=NY2ykbBPawA,NY2ykbBPawA,,,local,local_review_marker,paraphrased_claims_only,external-reference,embed_link_and_summarize_only,False,youtube-library-output/knowledge/claims/NY2ykbBPawA.json,youtube-library-output/knowledge/claims
Peugeot,neutral,review_needed,low,True,Pendiente de clasificar.,"Fuente externa registrada sobre Peugeot; requiere subtitulo/AI o revision editorial para separar pros, contras y recomendaciones sin copiar el guion.",Autoboutique 1/4 de Milla,Autoboutique 1/4 de Milla,Peugeot 301 HDI 2020 ( diesel )| PruebameLa... Nave #139 | Reseña,https://www.youtube.com/watch?v=sWmGLwDf71o,sWmGLwDf71o,,,local,local_review_marker,paraphrased_claims_only,external-reference,embed_link_and_summarize_only,False,youtube-library-output/knowledge/claims/sWmGLwDf71o.json,youtube-library-output/knowledge/claims
Peugeot,neutral,review_needed,low,True,Pendiente de clasificar.,"Fuente externa registrada sobre Peugeot; requiere subtitulo/AI o revision editorial para separar pros, contras y recomendaciones sin copiar el guion.",Autoboutique 1/4 de Milla,Autoboutique 1/4 de Milla,Peugeot Rifter Allure hdi 2021 | PruebameLa... Nave #133 | Reseña,https://www.youtube.com/watch?v=a3x14a4C0bg,a3x14a4C0bg,,,local,local_review_marker,paraphrased_claims_only,external-reference,embed_link_and_summarize_only,False,youtube-library-output/knowledge/claims/a3x14a4C0bg.json,youtube-library-output/knowledge/claims
Peugeot,neutral,review_needed,low,True,Pendiente de clasificar.,"Fuente externa registrada sobre Peugeot; requiere subtitulo/AI o revision editorial para separar pros, contras y recomendaciones sin copiar el guion.",CarsLatino,CarsLatino,¿El PEOR Motor de Peugeot? (Puretech) *CarsLatino* (ep.3),https://www.youtube.com/watch?v=WkUCl42Bhd0,WkUCl42Bhd0,,,local,local_review_marker,paraphrased_claims_only,external-reference,embed_link_and_summarize_only,False,youtube-library-output/knowledge/claims/WkUCl42Bhd0.json,youtube-library-output/knowledge/claims
Peugeot,neutral,review_needed,low,True,Pendiente de clasificar.,"Fuente externa registrada sobre Peugeot; requiere subtitulo/AI o revision editorial para separar pros, contras y recomendaciones sin copiar el guion.",El Dios de los Autos,El Dios de los Autos,QUE AUTO BARATO ME COMPRO PEUGEOT 208,https://www.youtube.com/watch?v=awtjejZLJJQ,awtjejZLJJQ,,,local,local_review_marker,paraphrased_claims_only,external-reference,embed_link_and_summarize_only,False,youtube-library-output/knowledge/claims/awtjejZLJJQ.json,youtube-library-output/knowledge/claims
Peugeot,neutral,review_needed,low,True,Pendiente de clasificar.,"Fuente externa registrada sobre Peugeot; requiere subtitulo/AI o revision editorial para separar pros, contras y recomendaciones sin copiar el guion.",Sergio Oliveira,Sergio Oliveira,Jeep Avenger Turbo - El Jeep que podríamos comprar,https://www.youtube.com/watch?v=d4RAEvZ5m-k,d4RAEvZ5m-k,,,local,local_review_marker,paraphrased_claims_only,external-reference,embed_link_and_summarize_only,False,youtube-library-output/knowledge/claims/d4RAEvZ5m-k.json,youtube-library-output/knowledge/claims
Peugeot,neutral,review_needed,low,True,Pendiente de clasificar.,"Fuente externa registrada sobre Peugeot; requiere subtitulo/AI o revision editorial para separar pros, contras y recomendaciones sin copiar el guion.",Sergio Oliveira,Sergio Oliveira,"¿Me lo compro o no me lo compro? | Con Lalo Vargas | Peugeot, Ram y Renault",https://www.youtube.com/watch?v=RJuaMqk0J_M,RJuaMqk0J_M,,,local,local_review_marker,paraphrased_claims_only,external-reference,embed_link_and_summarize_only,False,youtube-library-output/external/sergio-oliveira/claims/RJuaMqk0J_M.json,youtube-library-output/external/sergio-oliveira/claims
Ram,neutral,review_needed,low,True,Pendiente de clasificar.,"Fuente externa registrada sobre Ram; requiere subtitulo/AI o revision editorial para separar pros, contras y recomendaciones sin copiar el guion.",Autoboutique 1/4 de Milla,Autoboutique 1/4 de Milla,"33. El precio del limón y el aguacate, Ram Night Edition, Kwid 2023.",https://www.youtube.com/watch?v=bff0Ni8J7IM,bff0Ni8J7IM,,,local,local_review_marker,paraphrased_claims_only,external-reference,embed_link_and_summarize_only,False,youtube-library-output/knowledge/claims/bff0Ni8J7IM.json,youtube-library-output/knowledge/claims
Ram,neutral,review_needed,low,True,Pendiente de clasificar.,"Fuente externa registrada sobre Ram; requiere subtitulo/AI o revision editorial para separar pros, contras y recomendaciones sin copiar el guion.",Autoboutique 1/4 de Milla,Autoboutique 1/4 de Milla,"El precio del limón y el aguacate, Ram Night Edition, Kwid 2023. | Podcast #33",https://www.youtube.com/watch?v=ZfI1VAFeKN8,ZfI1VAFeKN8,,,local,local_review_marker,paraphrased_claims_only,external-reference,embed_link_and_summarize_only,False,youtube-library-output/knowledge/claims/ZfI1VAFeKN8.json,youtube-library-output/knowledge/claims
Ram,neutral,review_needed,low,True,Pendiente de clasificar.,"Fuente externa registrada sobre Ram; requiere subtitulo/AI o revision editorial para separar pros, contras y recomendaciones sin copiar el guion.",Sergio Oliveira,Sergio Oliveira,Ram 700 2021. El mejor valor/precio de su categoría.,https://www.youtube.com/watch?v=vaysVq7ZuDw,vaysVq7ZuDw,,,local,local_review_marker,paraphrased_claims_only,external-reference,embed_link_and_summarize_only,False,youtube-library-output/knowledge/claims/vaysVq7ZuDw.json,youtube-library-output/knowledge/claims
Ram,neutral,review_needed,low,True,Pendiente de clasificar.,"Fuente externa registrada sobre Ram; requiere subtitulo/AI o revision editorial para separar pros, contras y recomendaciones sin copiar el guion.",Sergio Oliveira,Sergio Oliveira,"¿Me lo compro o no me lo compro? | Con Lalo Vargas | Peugeot, Ram y Renault",https://www.youtube.com/watch?v=RJuaMqk0J_M,RJuaMqk0J_M,,,local,local_review_marker,paraphrased_claims_only,external-reference,embed_link_and_summarize_only,False,youtube-library-output/external/sergio-oliveira/claims/RJuaMqk0J_M.json,youtube-library-output/external/sergio-oliveira/claims
Renault,neutral,review_needed,low,True,Pendiente de clasificar.,"Fuente externa registrada sobre Renault; requiere subtitulo/AI o revision editorial para separar pros, contras y recomendaciones sin copiar el guion.",Autoboutique 1/4 de Milla,Autoboutique 1/4 de Milla,"33. El precio del limón y el aguacate, Ram Night Edition, Kwid 2023.",https://www.youtube.com/watch?v=bff0Ni8J7IM,bff0Ni8J7IM,,,local,local_review_marker,paraphrased_claims_only,external-reference,embed_link_and_summarize_only,False,youtube-library-output/knowledge/claims/bff0Ni8J7IM.json,youtube-library-output/knowledge/claims
Renault,neutral,review_needed,low,True,Pendiente de clasificar.,"Fuente externa registrada sobre Renault; requiere subtitulo/AI o revision editorial para separar pros, contras y recomendaciones sin copiar el guion.",Autoboutique 1/4 de Milla,Autoboutique 1/4 de Milla,Renault Duster Oroch | PruebameLa... Nave #63 | Reseña,https://www.youtube.com/watch?v=ubnd7gHVK-c,ubnd7gHVK-c,,,local,local_review_marker,paraphrased_claims_only,external-reference,embed_link_and_summarize_only,False,youtube-library-output/knowledge/claims/ubnd7gHVK-c.json,youtube-library-output/knowledge/claims
Renault,neutral,review_needed,low,True,Pendiente de clasificar.,"Fuente externa registrada sobre Renault; requiere subtitulo/AI o revision editorial para separar pros, contras y recomendaciones sin copiar el guion.",Autoboutique 1/4 de Milla,Autoboutique 1/4 de Milla,Renault Duster Turbo CVT | PruebameLa... Nave #184 | Reseña,https://www.youtube.com/watch?v=vWr-5fVzYNY,vWr-5fVzYNY,,,local,local_review_marker,paraphrased_claims_only,external-reference,embed_link_and_summarize_only,False,youtube-library-output/knowledge/claims/vWr-5fVzYNY.json,youtube-library-output/knowledge/claims
Renault,neutral,review_needed,low,True,Pendiente de clasificar.,"Fuente externa registrada sobre Renault; requiere subtitulo/AI o revision editorial para separar pros, contras y recomendaciones sin copiar el guion.",El Dios de los Autos,El Dios de los Autos,COMPRÉ un RENAULT y lo DESTRUÍ al instante,https://www.youtube.com/watch?v=EGtnVtejo2o,EGtnVtejo2o,,,local,local_review_marker,paraphrased_claims_only,external-reference,embed_link_and_summarize_only,False,youtube-library-output/knowledge/claims/EGtnVtejo2o.json,youtube-library-output/knowledge/claims
Renault,neutral,review_needed,low,True,Pendiente de clasificar.,"Fuente externa registrada sobre Renault; requiere subtitulo/AI o revision editorial para separar pros, contras y recomendaciones sin copiar el guion.",El Dios de los Autos,El Dios de los Autos,QUE AUTO BARATO ME COMPRO| RENAULT SANDERO,https://www.youtube.com/watch?v=llKqCi3kJSo,llKqCi3kJSo,,,local,local_review_marker,paraphrased_claims_only,external-reference,embed_link_and_summarize_only,False,youtube-library-output/knowledge/claims/llKqCi3kJSo.json,youtube-library-output/knowledge/claims
Renault,neutral,review_needed,low,True,Pendiente de clasificar.,"Fuente externa registrada sobre Renault; requiere subtitulo/AI o revision editorial para separar pros, contras y recomendaciones sin copiar el guion.",Sergio Oliveira,Sergio Oliveira,"¿Me lo compro o no me lo compro? | Con Lalo Vargas | Peugeot, Ram y Renault",https://www.youtube.com/watch?v=RJuaMqk0J_M,RJuaMqk0J_M,,,local,local_review_marker,paraphrased_claims_only,external-reference,embed_link_and_summarize_only,False,youtube-library-output/external/sergio-oliveira/claims/RJuaMqk0J_M.json,youtube-library-output/external/sergio-oliveira/claims
Seat,neutral,review_needed,low,True,Pendiente de clasificar.,"Fuente externa registrada sobre Seat; requiere subtitulo/AI o revision editorial para separar pros, contras y recomendaciones sin copiar el guion.",Sergio Oliveira,Sergio Oliveira,Seat Tarraco. ¿Mejor que la Tiguan?,https://www.youtube.com/watch?v=dDztRzElBPg,dDztRzElBPg,,,local,local_review_marker,paraphrased_claims_only,external-reference,embed_link_and_summarize_only,False,youtube-library-output/knowledge/claims/dDztRzElBPg.json,youtube-library-output/knowledge/claims
Subaru,neutral,review_needed,low,True,Pendiente de clasificar.,"Fuente externa registrada sobre Subaru; requiere subtitulo/AI o revision editorial para separar pros, contras y recomendaciones sin copiar el guion.",Autoboutique 1/4 de Milla,Autoboutique 1/4 de Milla,"19. Chirey Omoda 5, Subaru WRX S4, Autódromo Riviera Maya, Categorías Rabadilla de Oro",https://www.youtube.com/watch?v=OEP3diaCMWw,OEP3diaCMWw,,,local,local_review_marker,paraphrased_claims_only,external-reference,embed_link_and_summarize_only,False,youtube-library-output/knowledge/claims/OEP3diaCMWw.json,youtube-library-output/knowledge/claims
Subaru,neutral,review_needed,low,True,Pendiente de clasificar.,"Fuente externa registrada sobre Subaru; requiere subtitulo/AI o revision editorial para separar pros, contras y recomendaciones sin copiar el guion.",Autoboutique 1/4 de Milla,Autoboutique 1/4 de Milla,"Chirey Omoda 5, Subaru WRX S4, Autódromo Riviera Maya, Categorías Rabadilla de Oro | 19",https://www.youtube.com/watch?v=i9MvJIC7Zf0,i9MvJIC7Zf0,,,local,local_review_marker,paraphrased_claims_only,external-reference,embed_link_and_summarize_only,False,youtube-library-output/knowledge/claims/i9MvJIC7Zf0.json,youtube-library-output/knowledge/claims
Subaru,neutral,review_needed,low,True,Pendiente de clasificar.,"Fuente externa registrada sobre Subaru; requiere subtitulo/AI o revision editorial para separar pros, contras y recomendaciones sin copiar el guion.",CarsLatino,CarsLatino,Los 7 PEORES Subaru del Mundo *CarsLatino*,https://www.youtube.com/watch?v=IsJaHl6QRgY,IsJaHl6QRgY,,,local,local_review_marker,paraphrased_claims_only,external-reference,embed_link_and_summarize_only,False,youtube-library-output/knowledge/claims/IsJaHl6QRgY.json,youtube-library-output/knowledge/claims
Subaru,neutral,review_needed,low,True,Pendiente de clasificar.,"Fuente externa registrada sobre Subaru; requiere subtitulo/AI o revision editorial para separar pros, contras y recomendaciones sin copiar el guion.",CarsLatino,CarsLatino,MEJORANDO AL MITSUBISHI 3000GT! (Proyecto 3000gt - ep02) *CarsLatino*,https://www.youtube.com/watch?v=tyIjiNEtZso,tyIjiNEtZso,,,local,local_review_marker,paraphrased_claims_only,external-reference,embed_link_and_summarize_only,False,youtube-library-output/knowledge/claims/tyIjiNEtZso.json,youtube-library-output/knowledge/claims
Subaru,neutral,review_needed,low,True,Pendiente de clasificar.,"Fuente externa registrada sobre Subaru; requiere subtitulo/AI o revision editorial para separar pros, contras y recomendaciones sin copiar el guion.",Sergio Oliveira,Sergio Oliveira,Subaru BRZ vs Mazda MX-5. ¿Cuál es el mejor?,https://www.youtube.com/watch?v=LZb5dDY_lAI,LZb5dDY_lAI,,,local,local_review_marker,paraphrased_claims_only,external-reference,embed_link_and_summarize_only,False,youtube-library-output/knowledge/claims/LZb5dDY_lAI.json,youtube-library-output/knowledge/claims
Subaru,neutral,review_needed,low,True,Pendiente de clasificar.,"Fuente externa registrada sobre Subaru; requiere subtitulo/AI o revision editorial para separar pros, contras y recomendaciones sin copiar el guion.",Sergio Oliveira,Sergio Oliveira,"Subaru Forester 2019, ¿La mejor en su clase?",https://www.youtube.com/watch?v=w13rqSdIQEw,w13rqSdIQEw,,,local,local_review_marker,paraphrased_claims_only,external-reference,embed_link_and_summarize_only,False,youtube-library-output/knowledge/claims/w13rqSdIQEw.json,youtube-library-output/knowledge/claims
Suzuki,neutral,review_needed,low,True,Pendiente de clasificar.,"Fuente externa registrada sobre Suzuki; requiere subtitulo/AI o revision editorial para separar pros, contras y recomendaciones sin copiar el guion.",Autoboutique 1/4 de Milla,Autoboutique 1/4 de Milla,"Mesa Autmotriz Febrero 19 | Mazda, Suzuki y Kia | Formula Automotriz",https://www.youtube.com/watch?v=Uszu_nmH-SA,Uszu_nmH-SA,,,local,local_review_marker,paraphrased_claims_only,external-reference,embed_link_and_summarize_only,False,youtube-library-output/knowledge/claims/Uszu_nmH-SA.json,youtube-library-output/knowledge/claims
Suzuki,neutral,review_needed,low,True,Pendiente de clasificar.,"Fuente externa registrada sobre Suzuki; requiere subtitulo/AI o revision editorial para separar pros, contras y recomendaciones sin copiar el guion.",Autoboutique 1/4 de Milla,Autoboutique 1/4 de Milla,"Pre día del niño, Nuevo Honda Type R, Suzuki Ertiga 2023, Tesla Cyber Truck | #59",https://www.youtube.com/watch?v=CwdTCbBrBfg,CwdTCbBrBfg,,,local,local_review_marker,paraphrased_claims_only,external-reference,embed_link_and_summarize_only,False,youtube-library-output/knowledge/claims/CwdTCbBrBfg.json,youtube-library-output/knowledge/claims
Suzuki,neutral,review_needed,low,True,Pendiente de clasificar.,"Fuente externa registrada sobre Suzuki; requiere subtitulo/AI o revision editorial para separar pros, contras y recomendaciones sin copiar el guion.",El Dios de los Autos,El Dios de los Autos,¡Ford está FURIOSO! Responde TOYOTA y Suzuki!!,https://www.youtube.com/watch?v=C0G0H_c_o48,C0G0H_c_o48,,,local,local_review_marker,paraphrased_claims_only,external-reference,embed_link_and_summarize_only,False,youtube-library-output/knowledge/claims/C0G0H_c_o48.json,youtube-library-output/knowledge/claims
Suzuki,neutral,review_needed,low,True,Pendiente de clasificar.,"Fuente externa registrada sobre Suzuki; requiere subtitulo/AI o revision editorial para separar pros, contras y recomendaciones sin copiar el guion.",Sergio Oliveira,Sergio Oliveira,Suzuki bajó los precios en toda su gama - La Cochera Radio 13 enero,https://www.youtube.com/watch?v=gUtXfK8gI44,gUtXfK8gI44,,,local,local_review_marker,paraphrased_claims_only,external-reference,embed_link_and_summarize_only,False,youtube-library-output/knowledge/claims/gUtXfK8gI44.json,youtube-library-output/knowledge/claims
Suzuki,neutral,review_needed,low,True,Pendiente de clasificar.,"Fuente externa registrada sobre Suzuki; requiere subtitulo/AI o revision editorial para separar pros, contras y recomendaciones sin copiar el guion.",Sergio Oliveira,Sergio Oliveira,Suzuki S-Cross. A veces la mejor opción es la que menos consideras.,https://www.youtube.com/watch?v=bCVDTzbi91A,bCVDTzbi91A,,,local,local_review_marker,paraphrased_claims_only,external-reference,embed_link_and_summarize_only,False,youtube-library-output/knowledge/claims/bCVDTzbi91A.json,youtube-library-output/knowledge/claims
Tesla,neutral,review_needed,low,True,Pendiente de clasificar.,"Fuente externa registrada sobre Tesla; requiere subtitulo/AI o revision editorial para separar pros, contras y recomendaciones sin copiar el guion.",Autoboutique 1/4 de Milla,Autoboutique 1/4 de Milla,"Pre día del niño, Nuevo Honda Type R, Suzuki Ertiga 2023, Tesla Cyber Truck | #59",https://www.youtube.com/watch?v=CwdTCbBrBfg,CwdTCbBrBfg,,,local,local_review_marker,paraphrased_claims_only,external-reference,embed_link_and_summarize_only,False,youtube-library-output/knowledge/claims/CwdTCbBrBfg.json,youtube-library-output/knowledge/claims
Tesla,neutral,review_needed,low,True,Pendiente de clasificar.,"Fuente externa registrada sobre Tesla; requiere subtitulo/AI o revision editorial para separar pros, contras y recomendaciones sin copiar el guion.",CarsLatino,CarsLatino,Los Mejores Conceptos de Tesla Motors *CarsLatino*,https://www.youtube.com/watch?v=3SchgtX-JsE,3SchgtX-JsE,,,local,local_review_marker,paraphrased_claims_only,external-reference,embed_link_and_summarize_only,False,youtube-library-output/knowledge/claims/3SchgtX-JsE.json,youtube-library-output/knowledge/claims
Tesla,positive,candidate_opinion,low,True,Pendiente de clasificar.,El video contiene una posible opinion favorable sobre Tesla; requiere revision editorial o AI antes de publicarse como afirmacion.,El Dios de los Autos,El Dios de los Autos,EL TESLA MODEL 3 ES El MEJOR AUTO DEL MUNDO,https://www.youtube.com/watch?v=hHIikqGcfD4,hHIikqGcfD4,,,local,local_candidate_no_verbatim,paraphrased_claims_only,external-reference,embed_link_and_summarize_only,False,youtube-library-output/knowledge/claims/hHIikqGcfD4.json,youtube-library-output/knowledge/claims
Toyota,neutral,review_needed,low,True,Pendiente de clasificar.,"Fuente externa registrada sobre Toyota; requiere subtitulo/AI o revision editorial para separar pros, contras y recomendaciones sin copiar el guion.",CarsLatino,CarsLatino,5 TOYOTA QUE NO DEBERÍAS COMPRAR Y 5 QUE SI *CarsLatino*,https://www.youtube.com/watch?v=pAJU2TINMkc,pAJU2TINMkc,,,local,local_review_marker,paraphrased_claims_only,external-reference,embed_link_and_summarize_only,False,youtube-library-output/knowledge/claims/pAJU2TINMkc.json,youtube-library-output/knowledge/claims
Toyota,neutral,review_needed,low,True,Pendiente de clasificar.,"Fuente externa registrada sobre Toyota; requiere subtitulo/AI o revision editorial para separar pros, contras y recomendaciones sin copiar el guion.",CarsLatino,CarsLatino,Los 10 Peores TOYOTA del Mundo! *CarsLatino*,https://www.youtube.com/watch?v=IPLcfL9-sBM,IPLcfL9-sBM,,,local,local_review_marker,paraphrased_claims_only,external-reference,embed_link_and_summarize_only,False,youtube-library-output/knowledge/claims/IPLcfL9-sBM.json,youtube-library-output/knowledge/claims
Toyota,neutral,review_needed,low,True,Pendiente de clasificar.,"Fuente externa registrada sobre Toyota; requiere subtitulo/AI o revision editorial para separar pros, contras y recomendaciones sin copiar el guion.",El Dios de los Autos,El Dios de los Autos,"Chevrolet ¡NUEVA Pick Up de $17,000 TIENE a Toyota y Ford de RODILLAS!",https://www.youtube.com/watch?v=hqsVHkRdSP4,hqsVHkRdSP4,,,local,local_review_marker,paraphrased_claims_only,external-reference,embed_link_and_summarize_only,False,youtube-library-output/knowledge/claims/hqsVHkRdSP4.json,youtube-library-output/knowledge/claims
Toyota,neutral,review_needed,low,True,Pendiente de clasificar.,"Fuente externa registrada sobre Toyota; requiere subtitulo/AI o revision editorial para separar pros, contras y recomendaciones sin copiar el guion.",El Dios de los Autos,El Dios de los Autos,NISSAN Y MITSUBISHI SON COMPRADOS POR MARCA CHINA - ENORME NOTICIA,https://www.youtube.com/watch?v=qG98Th4nygU,qG98Th4nygU,,,local,local_review_marker,paraphrased_claims_only,external-reference,embed_link_and_summarize_only,False,youtube-library-output/knowledge/claims/qG98Th4nygU.json,youtube-library-output/knowledge/claims
Toyota,neutral,review_needed,low,True,Pendiente de clasificar.,"Fuente externa registrada sobre Toyota; requiere subtitulo/AI o revision editorial para separar pros, contras y recomendaciones sin copiar el guion.",El Dios de los Autos,El Dios de los Autos,¡Ford está FURIOSO! Responde TOYOTA y Suzuki!!,https://www.youtube.com/watch?v=C0G0H_c_o48,C0G0H_c_o48,,,local,local_review_marker,paraphrased_claims_only,external-reference,embed_link_and_summarize_only,False,youtube-library-output/knowledge/claims/C0G0H_c_o48.json,youtube-library-output/knowledge/claims
Toyota,neutral,review_needed,low,True,Pendiente de clasificar.,"Fuente externa registrada sobre Toyota; requiere subtitulo/AI o revision editorial para separar pros, contras y recomendaciones sin copiar el guion.",Sergio Oliveira,Sergio Oliveira,Comparativa Toyota Prius vs Honda Insight,https://www.youtube.com/watch?v=-iHkQmXpWG4,-iHkQmXpWG4,,,local,local_review_marker,paraphrased_claims_only,external-reference,embed_link_and_summarize_only,False,youtube-library-output/knowledge/claims/-iHkQmXpWG4.json,youtube-library-output/knowledge/claims
Toyota,neutral,review_needed,low,True,Pendiente de clasificar.,"Fuente externa registrada sobre Toyota; requiere subtitulo/AI o revision editorial para separar pros, contras y recomendaciones sin copiar el guion.",Sergio Oliveira,Sergio Oliveira,De Toyota a Volvo - Me lo compro o no me lo compro,https://www.youtube.com/watch?v=N5eURT_FOTQ,N5eURT_FOTQ,,,local,local_review_marker,paraphrased_claims_only,external-reference,embed_link_and_summarize_only,False,youtube-library-output/knowledge/claims/N5eURT_FOTQ.json,youtube-library-output/knowledge/claims
Toyota,neutral,review_needed,low,True,Pendiente de clasificar.,"Fuente externa registrada sobre Toyota; requiere subtitulo/AI o revision editorial para separar pros, contras y recomendaciones sin copiar el guion.",Sergio Oliveira,Sergio Oliveira,¿Me lo compro o no me lo compro? | Con Lalo Vargas | Toyota,https://www.youtube.com/watch?v=-HTgIYuKJi0,-HTgIYuKJi0,,,local,local_review_marker,paraphrased_claims_only,external-reference,embed_link_and_summarize_only,False,youtube-library-output/knowledge/claims/-HTgIYuKJi0.json,youtube-library-output/knowledge/claims
Volkswagen,neutral,review_needed,low,True,Pendiente de clasificar.,"Fuente externa registrada sobre Volkswagen; requiere subtitulo/AI o revision editorial para separar pros, contras y recomendaciones sin copiar el guion.",Autoboutique 1/4 de Milla,Autoboutique 1/4 de Milla,Volkswagen Polo 2020 | PruebameLa... Nave #112 | Reseña,https://www.youtube.com/watch?v=FTgw6q07d9w,FTgw6q07d9w,,,local,local_review_marker,paraphrased_claims_only,external-reference,embed_link_and_summarize_only,False,youtube-library-output/knowledge/claims/FTgw6q07d9w.json,youtube-library-output/knowledge/claims
Volkswagen,neutral,review_needed,low,True,Pendiente de clasificar.,"Fuente externa registrada sobre Volkswagen; requiere subtitulo/AI o revision editorial para separar pros, contras y recomendaciones sin copiar el guion.",CarsLatino,CarsLatino,5 VOLKSWAGEN QUE NO DEBERÍAS COMPRAR Y 5 QUE SI *CarsLatino*,https://www.youtube.com/watch?v=yyB2uL3FoM8,yyB2uL3FoM8,,,local,local_review_marker,paraphrased_claims_only,external-reference,embed_link_and_summarize_only,False,youtube-library-output/knowledge/claims/yyB2uL3FoM8.json,youtube-library-output/knowledge/claims
Volkswagen,neutral,review_needed,low,True,Pendiente de clasificar.,"Fuente externa registrada sobre Volkswagen; requiere subtitulo/AI o revision editorial para separar pros, contras y recomendaciones sin copiar el guion.",CarsLatino,CarsLatino,Prueba de Manejo Volkswagen Jetta (Bora) GLI 2007 y algo mas *CarsLatino*,https://www.youtube.com/watch?v=zd9Q6h0GCUU,zd9Q6h0GCUU,,,local,local_review_marker,paraphrased_claims_only,external-reference,embed_link_and_summarize_only,False,youtube-library-output/knowledge/claims/zd9Q6h0GCUU.json,youtube-library-output/knowledge/claims
Volkswagen,neutral,review_needed,low,True,Pendiente de clasificar.,"Fuente externa registrada sobre Volkswagen; requiere subtitulo/AI o revision editorial para separar pros, contras y recomendaciones sin copiar el guion.",El Dios de los Autos,El Dios de los Autos,HYUNDAI i10 VS. VOLKSWAGEN UP! ¿CUAL ES MEJOR?,https://www.youtube.com/watch?v=1_3A_7ajBFY,1_3A_7ajBFY,,,local,local_review_marker,paraphrased_claims_only,external-reference,embed_link_and_summarize_only,False,youtube-library-output/knowledge/claims/1_3A_7ajBFY.json,youtube-library-output/knowledge/claims
Volkswagen,neutral,review_needed,low,True,Pendiente de clasificar.,"Fuente externa registrada sobre Volkswagen; requiere subtitulo/AI o revision editorial para separar pros, contras y recomendaciones sin copiar el guion.",Jaime Gabaldoni,Jaime Gabaldoni,Detalles del ultimo Volkswagen Passat | Prueba de Manejo [4K],https://www.youtube.com/watch?v=HGMlyLVXiU0,HGMlyLVXiU0,,,local,local_review_marker,paraphrased_claims_only,external-reference,embed_link_and_summarize_only,False,youtube-library-output/knowledge/claims/HGMlyLVXiU0.json,youtube-library-output/knowledge/claims
Volkswagen,neutral,review_needed,low,True,Pendiente de clasificar.,"Fuente externa registrada sobre Volkswagen; requiere subtitulo/AI o revision editorial para separar pros, contras y recomendaciones sin copiar el guion.",Sergio Oliveira,Sergio Oliveira,De Toyota a Volvo - Me lo compro o no me lo compro,https://www.youtube.com/watch?v=N5eURT_FOTQ,N5eURT_FOTQ,,,local,local_review_marker,paraphrased_claims_only,external-reference,embed_link_and_summarize_only,False,youtube-library-output/knowledge/claims/N5eURT_FOTQ.json,youtube-library-output/knowledge/claims
Volkswagen,neutral,review_needed,low,True,Pendiente de clasificar.,"Fuente externa registrada sobre Volkswagen; requiere subtitulo/AI o revision editorial para separar pros, contras y recomendaciones sin copiar el guion.",Sergio Oliveira,Sergio Oliveira,Volkswagen Taos 2025 - Te digo para quién es la mejor opción,https://www.youtube.com/watch?v=bdABjkUlKVg,bdABjkUlKVg,,,local,local_review_marker,paraphrased_claims_only,external-reference,embed_link_and_summarize_only,False,youtube-library-output/knowledge/claims/bdABjkUlKVg.json,youtube-library-output/knowledge/claims
Volvo,neutral,review_needed,low,True,Pendiente de clasificar.,"Fuente externa registrada sobre Volvo; requiere subtitulo/AI o revision editorial para separar pros, contras y recomendaciones sin copiar el guion.",El Dios de los Autos,El Dios de los Autos,COMPRÉ UN VOLVO XC40 HIBRIDO ¿REALMENTE DESTROZA AL BMW X1?,https://www.youtube.com/watch?v=oKHE7t_hGjs,oKHE7t_hGjs,,,local,local_review_marker,paraphrased_claims_only,external-reference,embed_link_and_summarize_only,False,youtube-library-output/knowledge/claims/oKHE7t_hGjs.json,youtube-library-output/knowledge/claims
Volvo,neutral,review_needed,low,True,Pendiente de clasificar.,"Fuente externa registrada sobre Volvo; requiere subtitulo/AI o revision editorial para separar pros, contras y recomendaciones sin copiar el guion.",Sergio Oliveira,Sergio Oliveira,De Toyota a Volvo - Me lo compro o no me lo compro,https://www.youtube.com/watch?v=N5eURT_FOTQ,N5eURT_FOTQ,,,local,local_review_marker,paraphrased_claims_only,external-reference,embed_link_and_summarize_only,False,youtube-library-output/knowledge/claims/N5eURT_FOTQ.json,youtube-library-output/knowledge/claims
Volvo,neutral,review_needed,low,True,Pendiente de clasificar.,"Fuente externa registrada sobre Volvo; requiere subtitulo/AI o revision editorial para separar pros, contras y recomendaciones sin copiar el guion.",Sergio Oliveira,Sergio Oliveira,Volvo XC40. Prueba de que lo seguro y económico no tiene que ser aburrido.,https://www.youtube.com/watch?v=lxul6hl3wgE,lxul6hl3wgE,,,local,local_review_marker,paraphrased_claims_only,external-reference,embed_link_and_summarize_only,False,youtube-library-output/knowledge/claims/lxul6hl3wgE.json,youtube-library-output/knowledge/claims
