id,url,title,duration,timestamp,tabs,thumbnail,source_name,usage_rights,reuse_policy
2yetHvdviLA,https://www.youtube.com/watch?v=2yetHvdviLA,RANKING - 60 AUTOS JDM MÁS ICÓNICOS (1988-2004) (Parte 1) *CarsLatino,899.0,,videos,https://i.ytimg.com/vi/2yetHvdviLA/hqdefault.jpg?sqp=-oaymwEcCNACELwBSFXyq4qpAw4IARUAAIhCGAFwAcABBg==&rs=AOn4CLCot9wqdxiFJGgSnPx-2SgBBNp7VA,CarsLatino,external-reference,embed_link_and_summarize_only
cALzS3c7X2I,https://www.youtube.com/watch?v=cALzS3c7X2I,📉 El ASCENSO y CAÍDA de FISKER: ¿Por qué fallaron sus autos? (Karma vs Ocean) *CarsLatino*,1296.0,,videos,https://i.ytimg.com/vi/cALzS3c7X2I/hqdefault.jpg?sqp=-oaymwEcCNACELwBSFXyq4qpAw4IARUAAIhCGAFwAcABBg==&rs=AOn4CLAmD8aOv1-FxY5WrbjEJlF9U191zg,CarsLatino,external-reference,embed_link_and_summarize_only
mxvntZ-mivc,https://www.youtube.com/watch?v=mxvntZ-mivc,5 Marcas de Autos Que han Empeorado y 5 Que Han Mejorado,1070.0,,videos,https://i.ytimg.com/vi/mxvntZ-mivc/hqdefault.jpg?sqp=-oaymwEcCNACELwBSFXyq4qpAw4IARUAAIhCGAFwAcABBg==&rs=AOn4CLCHxv3x3_DW5ZdZQPl_44SxdLzqeg,CarsLatino,external-reference,embed_link_and_summarize_only
cCXeDqCJz4c,https://www.youtube.com/watch?v=cCXeDqCJz4c,Las 10 Marcas de Autos Nuevos Mas Defectuosas (Edición 2026) *CarsLatino*,660.0,,videos,https://i.ytimg.com/vi/cCXeDqCJz4c/hqdefault.jpg?sqp=-oaymwEcCNACELwBSFXyq4qpAw4IARUAAIhCGAFwAcABBg==&rs=AOn4CLAUXLhzvyBCrcR6mXmUmKdxZKsR6A,CarsLatino,external-reference,embed_link_and_summarize_only
OKnK4yEW1SY,https://www.youtube.com/watch?v=OKnK4yEW1SY,¿Qué V#%6@ Le Pasó a Smart? *CarsLatino*,687.0,,videos,https://i.ytimg.com/vi/OKnK4yEW1SY/hqdefault.jpg?sqp=-oaymwEcCNACELwBSFXyq4qpAw4IARUAAIhCGAFwAcABBg==&rs=AOn4CLBiOzJOwXMUQKdiSQIehWwu2ul2ig,CarsLatino,external-reference,embed_link_and_summarize_only
6Iu45XLajG4,https://www.youtube.com/watch?v=6Iu45XLajG4,Autos Nuevos... Que Son VIEJOS *CarsLatino*,726.0,,videos,https://i.ytimg.com/vi/6Iu45XLajG4/hqdefault.jpg?sqp=-oaymwEcCNACELwBSFXyq4qpAw4IARUAAIhCGAFwAcABBg==&rs=AOn4CLBMusfs4F1OQwwLoHhYjFL4jiTHwA,CarsLatino,external-reference,embed_link_and_summarize_only
u7rSudC53Hc,https://www.youtube.com/watch?v=u7rSudC53Hc,BASURA en FACEBOOK MARKETPLACE 8! *CarsLatino*,973.0,,videos,https://i.ytimg.com/vi/u7rSudC53Hc/hqdefault.jpg?sqp=-oaymwEcCNACELwBSFXyq4qpAw4IARUAAIhCGAFwAcABBg==&rs=AOn4CLAKp5eDBd8twm7CFscU7e0B3AkXKw,CarsLatino,external-reference,embed_link_and_summarize_only
qNTjz4xDs2U,https://www.youtube.com/watch?v=qNTjz4xDs2U,TOP 10 : Marcas de Autos con Más Quejas en PROFECO *CarsLatino*,775.0,,videos,https://i.ytimg.com/vi/qNTjz4xDs2U/hqdefault.jpg?sqp=-oaymwEcCNACELwBSFXyq4qpAw4IARUAAIhCGAFwAcABBg==&rs=AOn4CLBP9NCZsV4KB8KAVWCjKBjMYYJzpA,CarsLatino,external-reference,embed_link_and_summarize_only
uohV3HmMwAI,https://www.youtube.com/watch?v=uohV3HmMwAI,TOP 10 Autos Nuevos Más Confiables (2026) *CarsLatino*,672.0,,videos,https://i.ytimg.com/vi/uohV3HmMwAI/hqdefault.jpg?sqp=-oaymwEcCNACELwBSFXyq4qpAw4IARUAAIhCGAFwAcABBg==&rs=AOn4CLB3mzI_mqAComM5dbKkUOdKhSq8FA,CarsLatino,external-reference,embed_link_and_summarize_only
3jVIZPmVql0,https://www.youtube.com/watch?v=3jVIZPmVql0,TOP 10 Autos Nuevos Mas Defectuosos (2026) *CarsLatino*,743.0,,videos,https://i.ytimg.com/vi/3jVIZPmVql0/hqdefault.jpg?sqp=-oaymwEcCNACELwBSFXyq4qpAw4IARUAAIhCGAFwAcABBg==&rs=AOn4CLBg7pK0zYaoFvW2QT7eDvejsKT1mQ,CarsLatino,external-reference,embed_link_and_summarize_only
Syrj55RP5TI,https://www.youtube.com/watch?v=Syrj55RP5TI,TOP 5 Peores Autos del Año (y los 5 Mejores) de MotorTrend *CarsLatino*,603.0,,videos,https://i.ytimg.com/vi/Syrj55RP5TI/hqdefault.jpg?sqp=-oaymwEcCNACELwBSFXyq4qpAw4IARUAAIhCGAFwAcABBg==&rs=AOn4CLDqogY2sFDxnWM-O3PI9pcJfElajg,CarsLatino,external-reference,embed_link_and_summarize_only
5wwGRxPY8oA,https://www.youtube.com/watch?v=5wwGRxPY8oA,¿Por qué el Honda Prelude 2026 es Decepcionante? *CarsLatino*,860.0,,videos,https://i.ytimg.com/vi/5wwGRxPY8oA/hqdefault.jpg?sqp=-oaymwEcCNACELwBSFXyq4qpAw4IARUAAIhCGAFwAcABBg==&rs=AOn4CLCH4qW0PHuIgk9TvFfkI2ILHyfOLw,CarsLatino,external-reference,embed_link_and_summarize_only
D2U-lkAVaNQ,https://www.youtube.com/watch?v=D2U-lkAVaNQ,Las 7 Marcas de Autos de Lujo Más Duraderas *CarsLatino*,495.0,,videos,https://i.ytimg.com/vi/D2U-lkAVaNQ/hqdefault.jpg?sqp=-oaymwEcCNACELwBSFXyq4qpAw4IARUAAIhCGAFwAcABBg==&rs=AOn4CLB496k1ou4ET8bh7phDKrkqutb0PA,CarsLatino,external-reference,embed_link_and_summarize_only
uj-1ioqF-io,https://www.youtube.com/watch?v=uj-1ioqF-io,El Único GM EV1 Legal en el Mundo: Historia Completa *CarsLatino*,838.0,,videos,https://i.ytimg.com/vi/uj-1ioqF-io/hqdefault.jpg?sqp=-oaymwEcCNACELwBSFXyq4qpAw4IARUAAIhCGAFwAcABBg==&rs=AOn4CLDBTSHmpyT08XJsHa8OVX9NmoNNTw,CarsLatino,external-reference,embed_link_and_summarize_only
IcKj-9gEUJQ,https://www.youtube.com/watch?v=IcKj-9gEUJQ,Las 7 Marcas De Autos De Lujo Que Menos Duran *CarsLatino*,526.0,,videos,https://i.ytimg.com/vi/IcKj-9gEUJQ/hqdefault.jpg?sqp=-oaymwEcCNACELwBSFXyq4qpAw4IARUAAIhCGAFwAcABBg==&rs=AOn4CLDz8LTEhUC3-AfZcT3zibMv9x1GXQ,CarsLatino,external-reference,embed_link_and_summarize_only
sWHJNWbpYFE,https://www.youtube.com/watch?v=sWHJNWbpYFE,Las 7 Marcas de Autos que Más Duran *CarsLatino*,573.0,,videos,https://i.ytimg.com/vi/sWHJNWbpYFE/hqdefault.jpg?sqp=-oaymwEcCNACELwBSFXyq4qpAw4IARUAAIhCGAFwAcABBg==&rs=AOn4CLDBm216u7F34juYfUqc8OfF3UVsTg,CarsLatino,external-reference,embed_link_and_summarize_only
8U_PPfQSCZs,https://www.youtube.com/watch?v=8U_PPfQSCZs,Las 7 Marcas De Autos Que Menos Duran *CarsLatino*,602.0,,videos,https://i.ytimg.com/vi/8U_PPfQSCZs/hqdefault.jpg?sqp=-oaymwEcCNACELwBSFXyq4qpAw4IARUAAIhCGAFwAcABBg==&rs=AOn4CLC8WIELAlR9qtotTaflRTcJk1E-2A,CarsLatino,external-reference,embed_link_and_summarize_only
4Cpkqum69XY,https://www.youtube.com/watch?v=4Cpkqum69XY,5 Autos Que Llegan y 5 Que Se Van *CarsLatino*,713.0,,videos,https://i.ytimg.com/vi/4Cpkqum69XY/hqdefault.jpg?sqp=-oaymwEcCNACELwBSFXyq4qpAw4IARUAAIhCGAFwAcABBg==&rs=AOn4CLCT70S0TEesdAuVR3v88k1i2SZDig,CarsLatino,external-reference,embed_link_and_summarize_only
GOT6xoAf5p0,https://www.youtube.com/watch?v=GOT6xoAf5p0,5 JEEP QUE NO DEBERÍAS COMPRAR Y 5 QUE SI *CarsLatino*,903.0,,videos,https://i.ytimg.com/vi/GOT6xoAf5p0/hqdefault.jpg?sqp=-oaymwEcCNACELwBSFXyq4qpAw4IARUAAIhCGAFwAcABBg==&rs=AOn4CLCegUaqx74SHm_R2qtZm9VV253Vrw,CarsLatino,external-reference,embed_link_and_summarize_only
NgBDATkaaCI,https://www.youtube.com/watch?v=NgBDATkaaCI,La Marca Eléctrica de Chrysler Que Pudo Cambiarlo TODO! *CarsLatino*,567.0,,videos,https://i.ytimg.com/vi/NgBDATkaaCI/hqdefault.jpg?sqp=-oaymwEcCNACELwBSFXyq4qpAw4IARUAAIhCGAFwAcABBg==&rs=AOn4CLCQwZn5mhsDaHS6qZuq2MASS5u6vQ,CarsLatino,external-reference,embed_link_and_summarize_only
mvhgtPbMFzw,https://www.youtube.com/watch?v=mvhgtPbMFzw,7 Autos que ya no Existen (Parte 2) *CarsLatino*,713.0,,videos,https://i.ytimg.com/vi/mvhgtPbMFzw/hqdefault.jpg?sqp=-oaymwEcCNACELwBSFXyq4qpAw4IARUAAIhCGAFwAcABBg==&rs=AOn4CLBDVE5vOKL7_SMxKhNYjxPWjGLv-Q,CarsLatino,external-reference,embed_link_and_summarize_only
8GquA4ZfQ4s,https://www.youtube.com/watch?v=8GquA4ZfQ4s,7 Marcas de Autos Usados mas Defectuosos (Consumer Reports) *CarsLatino*,501.0,,videos,https://i.ytimg.com/vi/8GquA4ZfQ4s/hqdefault.jpg?sqp=-oaymwEcCNACELwBSFXyq4qpAw4IARUAAIhCGAFwAcABBg==&rs=AOn4CLDN71w7V67x5mCTlz_DyH4Vy0152A,CarsLatino,external-reference,embed_link_and_summarize_only
QeruXnuG0m0,https://www.youtube.com/watch?v=QeruXnuG0m0,7 Autos que ya no Existen (Parte 1) *CarsLatino*,646.0,,videos,https://i.ytimg.com/vi/QeruXnuG0m0/hqdefault.jpg?sqp=-oaymwEcCNACELwBSFXyq4qpAw4IARUAAIhCGAFwAcABBg==&rs=AOn4CLCFhGeqNVZ7Ojsra0w4PvJwV2vL5A,CarsLatino,external-reference,embed_link_and_summarize_only
K-ccvC3hZrQ,https://www.youtube.com/watch?v=K-ccvC3hZrQ,7 Marcas Que Me Preocupan *CarsLatino*,913.0,,videos,https://i.ytimg.com/vi/K-ccvC3hZrQ/hqdefault.jpg?sqp=-oaymwEcCNACELwBSFXyq4qpAw4IARUAAIhCGAFwAcABBg==&rs=AOn4CLDLeNQ_4OQK_Ji2Wa-xqg_KT6XtOA,CarsLatino,external-reference,embed_link_and_summarize_only
8NVIfbS1NM0,https://www.youtube.com/watch?v=8NVIfbS1NM0,Las 10 Marcas de Autos USADOS mas Confiables del 2025 (Consumer Reports) *CarsLatino*,542.0,,videos,https://i.ytimg.com/vi/8NVIfbS1NM0/hqdefault.jpg?sqp=-oaymwEcCNACELwBSFXyq4qpAw4IARUAAIhCGAFwAcABBg==&rs=AOn4CLD0nZbl0htWta5zaHAirBXQgx6iNQ,CarsLatino,external-reference,embed_link_and_summarize_only
uT5rpydOZ1s,https://www.youtube.com/watch?v=uT5rpydOZ1s,Los Peores Motores del Mundo (Parte 4) *CarsLatino*,576.0,,videos,https://i.ytimg.com/vi/uT5rpydOZ1s/hqdefault.jpg?sqp=-oaymwEcCNACELwBSFXyq4qpAw4IARUAAIhCGAFwAcABBg==&rs=AOn4CLBj_O6qdyhwZKl_nZnZ-EJnj-ZGxQ,CarsLatino,external-reference,embed_link_and_summarize_only
MFqNdLYciR8,https://www.youtube.com/watch?v=MFqNdLYciR8,ASÜNA: El Experimento Fallido de GM *CarsLatino*,506.0,,videos,https://i.ytimg.com/vi/MFqNdLYciR8/hqdefault.jpg?sqp=-oaymwEcCNACELwBSFXyq4qpAw4IARUAAIhCGAFwAcABBg==&rs=AOn4CLAnUoxlJVRzUmedaUEM4Zab6H9U-g,CarsLatino,external-reference,embed_link_and_summarize_only
Tz8BBvxK040,https://www.youtube.com/watch?v=Tz8BBvxK040,10 Futuros Clásicos de los 2000's *CarsLatino*,565.0,,videos,https://i.ytimg.com/vi/Tz8BBvxK040/hqdefault.jpg?sqp=-oaymwEcCNACELwBSFXyq4qpAw4IARUAAIhCGAFwAcABBg==&rs=AOn4CLAI3HhDmMJkzeuMQ1_dXPD_qJOdZQ,CarsLatino,external-reference,embed_link_and_summarize_only
LG5jBdYklB0,https://www.youtube.com/watch?v=LG5jBdYklB0,Las 10 Marcas de Autos Mas Baratos de Mantener (2025) *CarsLatino*,556.0,,videos,https://i.ytimg.com/vi/LG5jBdYklB0/hqdefault.jpg?sqp=-oaymwEcCNACELwBSFXyq4qpAw4IARUAAIhCGAFwAcABBg==&rs=AOn4CLD68xmgeAybDd_QxgeYqWDbqm64Bg,CarsLatino,external-reference,embed_link_and_summarize_only
uDrFYc_lN10,https://www.youtube.com/watch?v=uDrFYc_lN10,Las 10 Marcas de Autos Mas Caros de Mantener (2025) *CarsLatino*,587.0,,videos,https://i.ytimg.com/vi/uDrFYc_lN10/hqdefault.jpg?sqp=-oaymwEcCNACELwBSFXyq4qpAw4IARUAAIhCGAFwAcABBg==&rs=AOn4CLCOq9nYELO_CmdBjgGc4JvRmP5wDg,CarsLatino,external-reference,embed_link_and_summarize_only
h9SBDsSTJlc,https://www.youtube.com/watch?v=h9SBDsSTJlc,Las 10 Marcas de Autos MAS CONFIABLES del 2025 *CarsLatino*,572.0,,videos,https://i.ytimg.com/vi/h9SBDsSTJlc/hqdefault.jpg?sqp=-oaymwEcCNACELwBSFXyq4qpAw4IARUAAIhCGAFwAcABBg==&rs=AOn4CLCLUFVpgwaVdPYBfxXYCmwRjXwFMA,CarsLatino,external-reference,embed_link_and_summarize_only
t0e7_0iNnus,https://www.youtube.com/watch?v=t0e7_0iNnus,¿Por Qué No lo Hacen? 5 Ideas que la Industria Ignora *CarsLatino,599.0,,videos,https://i.ytimg.com/vi/t0e7_0iNnus/hqdefault.jpg?sqp=-oaymwEcCNACELwBSFXyq4qpAw4IARUAAIhCGAFwAcABBg==&rs=AOn4CLB-j_RBQ9nZKQXomPpfIzGuIhvlFw,CarsLatino,external-reference,embed_link_and_summarize_only
nyQ8LLhA2Zg,https://www.youtube.com/watch?v=nyQ8LLhA2Zg,NECESITAS UNA DASHCAM! ¿Que Tal Esta? Reseña DDPAI N5 Dual *CarsLatino*,1039.0,,videos,https://i.ytimg.com/vi/nyQ8LLhA2Zg/hqdefault.jpg?sqp=-oaymwEcCNACELwBSFXyq4qpAw4IARUAAIhCGAFwAcABBg==&rs=AOn4CLATOs4RA1RsxC7Oi6P_oLR9y8wOQw,CarsLatino,external-reference,embed_link_and_summarize_only
yxFXqChLqbE,https://www.youtube.com/watch?v=yxFXqChLqbE,7 Autos Malos Que Me Encantan (Parte 4) *CarsLatino*,517.0,,videos,https://i.ytimg.com/vi/yxFXqChLqbE/hqdefault.jpg?sqp=-oaymwEcCNACELwBSFXyq4qpAw4IARUAAIhCGAFwAcABBg==&rs=AOn4CLDVSP9Qm1ANeqDvLIzFLk3fxRqNZg,CarsLatino,external-reference,embed_link_and_summarize_only
cBjigCXgytY,https://www.youtube.com/watch?v=cBjigCXgytY,Las 10 Marcas de Autos Nuevos Mas Defectuosas (2025) *CarsLatino*,536.0,,videos,https://i.ytimg.com/vi/cBjigCXgytY/hqdefault.jpg?sqp=-oaymwEcCNACELwBSFXyq4qpAw4IARUAAIhCGAFwAcABBg==&rs=AOn4CLCtMd-XV_a3_7Q6MTOVJb_jJ4QyuA,CarsLatino,external-reference,embed_link_and_summarize_only
aFFakwETUGI,https://www.youtube.com/watch?v=aFFakwETUGI,GUERRA de MARCAS - USA Parte 2 *CarsLatino* (episodio 2/7),1017.0,,videos,https://i.ytimg.com/vi/aFFakwETUGI/hqdefault.jpg?sqp=-oaymwEcCNACELwBSFXyq4qpAw4IARUAAIhCGAFwAcABBg==&rs=AOn4CLCfvgdWHLKu4m4Xceuj5UwL1MjgqA,CarsLatino,external-reference,embed_link_and_summarize_only
JoOZwr0GxUQ,https://www.youtube.com/watch?v=JoOZwr0GxUQ,GUERRA de MARCAS - USA Parte 1 *CarsLatino* (episodio 1/7),1163.0,,videos,https://i.ytimg.com/vi/JoOZwr0GxUQ/hqdefault.jpg?sqp=-oaymwEcCNACELwBSFXyq4qpAw4IARUAAIhCGAFwAcABBg==&rs=AOn4CLC5T3c-OcyymQf3Bj5Bx4mNe2sHeA,CarsLatino,external-reference,embed_link_and_summarize_only
nbq33Ii-ZSI,https://www.youtube.com/watch?v=nbq33Ii-ZSI,Los 10 Autos Que Más Se Deprecian *CarsLatino*,591.0,,videos,https://i.ytimg.com/vi/nbq33Ii-ZSI/hqdefault.jpg?sqp=-oaymwEcCNACELwBSFXyq4qpAw4IARUAAIhCGAFwAcABBg==&rs=AOn4CLD82dYbWY75ggBicJcb4cKtzOU_XQ,CarsLatino,external-reference,embed_link_and_summarize_only
k8dydtqXGk4,https://www.youtube.com/watch?v=k8dydtqXGk4,10 Autos Que Los Dueños Mas Se Alegran De Haber Comprado  (2025) (Consumer Reports) *Carslatino*,651.0,,videos,https://i.ytimg.com/vi/k8dydtqXGk4/hqdefault.jpg?sqp=-oaymwEcCNACELwBSFXyq4qpAw4IARUAAIhCGAFwAcABBg==&rs=AOn4CLCDcwQaWpk2TNXDsiZ9ZELRN-N_0w,CarsLatino,external-reference,embed_link_and_summarize_only
WMjWCjsaQJE,https://www.youtube.com/watch?v=WMjWCjsaQJE,"El ROTUNDO FRACASO de Lotus, el T125 *CarsLatino*",629.0,,videos,https://i.ytimg.com/vi/WMjWCjsaQJE/hqdefault.jpg?sqp=-oaymwEcCNACELwBSFXyq4qpAw4IARUAAIhCGAFwAcABBg==&rs=AOn4CLAe7Fn5TcXPEAVQRLLgkHlaPpxtEQ,CarsLatino,external-reference,embed_link_and_summarize_only
fpyGiiUMHD4,https://www.youtube.com/watch?v=fpyGiiUMHD4,El Ascenso y Caída de MG (La Historia de MG) *CarsLatino*,899.0,,videos,https://i.ytimg.com/vi/fpyGiiUMHD4/hqdefault.jpg?sqp=-oaymwEcCNACELwBSFXyq4qpAw4IARUAAIhCGAFwAcABBg==&rs=AOn4CLCupAkFkIJGOC6EWI50GKJKg4u79w,CarsLatino,external-reference,embed_link_and_summarize_only
XAv9nl-bZi8,https://www.youtube.com/watch?v=XAv9nl-bZi8,10 Autos Nuevos que los Dueños Mas se Arrepienten de Comprar (2025 - Consumer Reports) *CarsLatino*,653.0,,videos,https://i.ytimg.com/vi/XAv9nl-bZi8/hqdefault.jpg?sqp=-oaymwEcCNACELwBSFXyq4qpAw4IARUAAIhCGAFwAcABBg==&rs=AOn4CLCgOQjwsIUzZ4coDoa20Ti-EgvqHQ,CarsLatino,external-reference,embed_link_and_summarize_only
41z-E2WNWjY,https://www.youtube.com/watch?v=41z-E2WNWjY,5 Autos Desconocidos de Marcas Conocidas (Parte 1) *CarsLatino*,572.0,,videos,https://i.ytimg.com/vi/41z-E2WNWjY/hqdefault.jpg?sqp=-oaymwEcCNACELwBSFXyq4qpAw4IARUAAIhCGAFwAcABBg==&rs=AOn4CLDSHrxWC1BMNI9i3UxuxTYPCw78YA,CarsLatino,external-reference,embed_link_and_summarize_only
MPTdgnjnYxU,https://www.youtube.com/watch?v=MPTdgnjnYxU,Los 10 Autos Nuevos Mas Confiables (Enero 2025) *CarsLatino*,710.0,,videos,https://i.ytimg.com/vi/MPTdgnjnYxU/hqdefault.jpg?sqp=-oaymwEcCNACELwBSFXyq4qpAw4IARUAAIhCGAFwAcABBg==&rs=AOn4CLCCqIAZgitI6G9AIN-cAOoabenCaQ,CarsLatino,external-reference,embed_link_and_summarize_only
rHKpJo04c4E,https://www.youtube.com/watch?v=rHKpJo04c4E,Los 10 Autos Nuevos Mas Defectuosos (Enero 2025) *CarsLatino*,716.0,,videos,https://i.ytimg.com/vi/rHKpJo04c4E/hqdefault.jpg?sqp=-oaymwEcCNACELwBSFXyq4qpAw4IARUAAIhCGAFwAcABBg==&rs=AOn4CLB0ZPkspv5LyOv--WdXX4TKW0W6VA,CarsLatino,external-reference,embed_link_and_summarize_only
8UOZcGoFhSU,https://www.youtube.com/watch?v=8UOZcGoFhSU,Checo Pérez Ya No Es Piloto de Red Bull (Mi Opinión) *Carslatino*,806.0,,videos,https://i.ytimg.com/vi/8UOZcGoFhSU/hqdefault.jpg?sqp=-oaymwEcCNACELwBSFXyq4qpAw4IARUAAIhCGAFwAcABBg==&rs=AOn4CLAt3ug9CMGvAFWCyVLZ0Jmly-CJjA,CarsLatino,external-reference,embed_link_and_summarize_only
_8FucmrQdcU,https://www.youtube.com/watch?v=_8FucmrQdcU,7 Autos Sin Haters (Autos Respetados Universalmente) - CarsLatino,673.0,,videos,https://i.ytimg.com/vi/_8FucmrQdcU/hqdefault.jpg?sqp=-oaymwEcCNACELwBSFXyq4qpAw4IARUAAIhCGAFwAcABBg==&rs=AOn4CLDnuqY3-_A4l0WL6Rpu8aaCyMowcg,CarsLatino,external-reference,embed_link_and_summarize_only
kszTT0w1bAs,https://www.youtube.com/watch?v=kszTT0w1bAs,Datos Inútiles y Que No Deberías de Saber - Honda Civic 8va Generación - *CarsLatino*,864.0,,videos,https://i.ytimg.com/vi/kszTT0w1bAs/hqdefault.jpg?sqp=-oaymwEcCNACELwBSFXyq4qpAw4IARUAAIhCGAFwAcABBg==&rs=AOn4CLBaw4gHPqAO5HGxdNHvVdNWv_a-9g,CarsLatino,external-reference,embed_link_and_summarize_only
7J9sAH2TSj8,https://www.youtube.com/watch?v=7J9sAH2TSj8,Las Marcas de Autos Usados Mas Confiables (Consumer Reports 2024) *CarsLatino*,555.0,,videos,https://i.ytimg.com/vi/7J9sAH2TSj8/hqdefault.jpg?sqp=-oaymwEcCNACELwBSFXyq4qpAw4IARUAAIhCGAFwAcABBg==&rs=AOn4CLCDWzr5m_1id4WfPnFEmNSANveWeA,CarsLatino,external-reference,embed_link_and_summarize_only
gn0WB9M9AOs,https://www.youtube.com/watch?v=gn0WB9M9AOs,Antes de Comprar un Honda Civic (8va Generacion) MIRA ESTE VIDEO! *CarsLatino*,702.0,,videos,https://i.ytimg.com/vi/gn0WB9M9AOs/hqdefault.jpg?sqp=-oaymwEcCNACELwBSFXyq4qpAw4IARUAAIhCGAFwAcABBg==&rs=AOn4CLAF9I31ZBecbkIzXgOi-nsSeCnV-A,CarsLatino,external-reference,embed_link_and_summarize_only
IvqTrf7lHno,https://www.youtube.com/watch?v=IvqTrf7lHno,Llamados a Revisión de Autos en México 2024 (Parte 1) *CarsLatino*,640.0,,videos,https://i.ytimg.com/vi/IvqTrf7lHno/hqdefault.jpg?sqp=-oaymwEcCNACELwBSFXyq4qpAw4IARUAAIhCGAFwAcABBg==&rs=AOn4CLAX__m25P5HuFbCFf5o9vhAyaJYRQ,CarsLatino,external-reference,embed_link_and_summarize_only
qgeQqKcBFGc,https://www.youtube.com/watch?v=qgeQqKcBFGc,!Mi Nuevo Proyecto Es Una CAMIONETA DE GM! - Saturn Vue Pateada Ep-1 *CarsLatino*,977.0,,videos,https://i.ytimg.com/vi/qgeQqKcBFGc/hqdefault.jpg?sqp=-oaymwEcCNACELwBSFXyq4qpAw4IARUAAIhCGAFwAcABBg==&rs=AOn4CLBjeGM5H61P0peaJS67-u8WhFX_Hw,CarsLatino,external-reference,embed_link_and_summarize_only
NdRz8h8nIKU,https://www.youtube.com/watch?v=NdRz8h8nIKU,!El Nuevo Dodge Attitude Chino ES MEJOR que el Anterior! ¿Porque? *CarsLatino*,595.0,,videos,https://i.ytimg.com/vi/NdRz8h8nIKU/hqdefault.jpg?sqp=-oaymwEcCNACELwBSFXyq4qpAw4IARUAAIhCGAFwAcABBg==&rs=AOn4CLCESdPVR8y_eIJx67F2_7tMLVf00g,CarsLatino,external-reference,embed_link_and_summarize_only
DT89mrCKlCM,https://www.youtube.com/watch?v=DT89mrCKlCM,EL AUTO MÁS VENDIDO DE CADA MARCA! (Parte 1) *CarsLatino*,604.0,,videos,https://i.ytimg.com/vi/DT89mrCKlCM/hqdefault.jpg?sqp=-oaymwEcCNACELwBSFXyq4qpAw4IARUAAIhCGAFwAcABBg==&rs=AOn4CLA3AohxS0bZ36fCTqESzao2MI_-Rw,CarsLatino,external-reference,embed_link_and_summarize_only
JVdm6QxjN-Q,https://www.youtube.com/watch?v=JVdm6QxjN-Q,¿Aun Vale La Pena Un Honda Civic 2009 En El 2024? (Nuevo Auto) *CarsLatino*,908.0,,videos,https://i.ytimg.com/vi/JVdm6QxjN-Q/hqdefault.jpg?sqp=-oaymwEcCNACELwBSFXyq4qpAw4IARUAAIhCGAFwAcABBg==&rs=AOn4CLD7-CXS6JPCE5Mv7YHt7EuuolO1sA,CarsLatino,external-reference,embed_link_and_summarize_only
WkUCl42Bhd0,https://www.youtube.com/watch?v=WkUCl42Bhd0,¿El PEOR Motor de Peugeot? (Puretech) *CarsLatino* (ep.3),588.0,,videos,https://i.ytimg.com/vi/WkUCl42Bhd0/hqdefault.jpg?sqp=-oaymwEcCNACELwBSFXyq4qpAw4IARUAAIhCGAFwAcABBg==&rs=AOn4CLArWYWCJ2HbVdpLLa8CDeZgY2aZxg,CarsLatino,external-reference,embed_link_and_summarize_only
Nl03e4z2oA8,https://www.youtube.com/watch?v=Nl03e4z2oA8,Las 7 Marcas de Autos con Dueños Mas Felices (Edición 2024 - Consumer Reports) *CarsLatino*,492.0,,videos,https://i.ytimg.com/vi/Nl03e4z2oA8/hqdefault.jpg?sqp=-oaymwEcCNACELwBSFXyq4qpAw4IARUAAIhCGAFwAcABBg==&rs=AOn4CLATqyaJ2YvXlpQlnSGo-pGbom59Cg,CarsLatino,external-reference,embed_link_and_summarize_only
-3zCUGv-f10,https://www.youtube.com/watch?v=-3zCUGv-f10,El Ascenso y Caída de Pontiac (La Historia de una Leyenda Americana) *CarsLatino*,666.0,,videos,https://i.ytimg.com/vi/-3zCUGv-f10/hqdefault.jpg?sqp=-oaymwEcCNACELwBSFXyq4qpAw4IARUAAIhCGAFwAcABBg==&rs=AOn4CLBc-tfKXMC4fr7-kLyQN3wwODWnrw,CarsLatino,external-reference,embed_link_and_summarize_only
6kQMfRM-QWs,https://www.youtube.com/watch?v=6kQMfRM-QWs,!EL SUBEXUS VUELVE DESPUÉS DE 2 AÑOS! WRX 400 *CarsLatino*,917.0,,videos,https://i.ytimg.com/vi/6kQMfRM-QWs/hqdefault.jpg?sqp=-oaymwEcCNACELwBSFXyq4qpAw4IARUAAIhCGAFwAcABBg==&rs=AOn4CLAQuwbAPsVD1Sbh86ycz7VOiQHb6Q,CarsLatino,external-reference,embed_link_and_summarize_only
3nUSUsQVFJw,https://www.youtube.com/watch?v=3nUSUsQVFJw,AUTOS COMPARTIDOS ENTRE MARCAS (Parte 6) *CarsLatino*,628.0,,videos,https://i.ytimg.com/vi/3nUSUsQVFJw/hqdefault.jpg?sqp=-oaymwEcCNACELwBSFXyq4qpAw4IARUAAIhCGAFwAcABBg==&rs=AOn4CLBxkJOzuDd2VEQZckCemFulWpL8MA,CarsLatino,external-reference,embed_link_and_summarize_only
v2qIJZzDtQE,https://www.youtube.com/watch?v=v2qIJZzDtQE,Los 10 Autos Nuevos A Gasolina Mas Ahorradores del 2024 *CarsLatino*,570.0,,videos,https://i.ytimg.com/vi/v2qIJZzDtQE/hqdefault.jpg?sqp=-oaymwEcCNACELwBSFXyq4qpAw4IARUAAIhCGAFwAcABBg==&rs=AOn4CLBedgPzpR8SMsqPZSeweRR9kRV6Nw,CarsLatino,external-reference,embed_link_and_summarize_only
Bj_Cg5hcQb0,https://www.youtube.com/watch?v=Bj_Cg5hcQb0,Reaccionando a REELS de AUTOS en INSTAGRAM *CarsLatino*,590.0,,videos,https://i.ytimg.com/vi/Bj_Cg5hcQb0/hqdefault.jpg?sqp=-oaymwEcCNACELwBSFXyq4qpAw4IARUAAIhCGAFwAcABBg==&rs=AOn4CLDaCHJMwmjg3YyTX0y71IR0ebFcnw,CarsLatino,external-reference,embed_link_and_summarize_only
3_iAm7_uC2w,https://www.youtube.com/watch?v=3_iAm7_uC2w,9 Autos Populares que NO Deberías Comprar (por Consumer Reports) *CarsLatino*,613.0,,videos,https://i.ytimg.com/vi/3_iAm7_uC2w/hqdefault.jpg?sqp=-oaymwEcCNACELwBSFXyq4qpAw4IARUAAIhCGAFwAcABBg==&rs=AOn4CLAbMaf97oY9zAyvlXXZ134cdVwYAw,CarsLatino,external-reference,embed_link_and_summarize_only
-H-9AtssSlg,https://www.youtube.com/watch?v=-H-9AtssSlg,¿Mis Hijos Podrán Reconocer Todos Estos Autos?,569.0,,videos,https://i.ytimg.com/vi/-H-9AtssSlg/hqdefault.jpg?sqp=-oaymwEcCNACELwBSFXyq4qpAw4IARUAAIhCGAFwAcABBg==&rs=AOn4CLCphaSecnJhABvMiBSLCb6C4pq9yg,CarsLatino,external-reference,embed_link_and_summarize_only
eP971fy9sWM,https://www.youtube.com/watch?v=eP971fy9sWM,Las 10 Marcas de Autos MAS CONFIABLES del 2024 *CarsLatino*,532.0,,videos,https://i.ytimg.com/vi/eP971fy9sWM/hqdefault.jpg?sqp=-oaymwEcCNACELwBSFXyq4qpAw4IARUAAIhCGAFwAcABBg==&rs=AOn4CLCDvNp6jJ9v5DzTd5glkLKmPLpr5Q,CarsLatino,external-reference,embed_link_and_summarize_only
LgmjYlWAOvA,https://www.youtube.com/watch?v=LgmjYlWAOvA,Los 10 Mejores Fiat de la Historia (Parte 1) *CarsLatino*,543.0,,videos,https://i.ytimg.com/vi/LgmjYlWAOvA/hqdefault.jpg?sqp=-oaymwEcCNACELwBSFXyq4qpAw4IARUAAIhCGAFwAcABBg==&rs=AOn4CLBCu6lQrLfawtr-nHyUl-0VA_Yc-w,CarsLatino,external-reference,embed_link_and_summarize_only
JfZ6w17DY3U,https://www.youtube.com/watch?v=JfZ6w17DY3U,Las 10 Marcas de Autos MAS DEFECTUOSAS del 2024 *CarsLatino*,626.0,,videos,https://i.ytimg.com/vi/JfZ6w17DY3U/hqdefault.jpg?sqp=-oaymwEcCNACELwBSFXyq4qpAw4IARUAAIhCGAFwAcABBg==&rs=AOn4CLDYs7L4aSIchEYrSsU6RJUY6oRfBQ,CarsLatino,external-reference,embed_link_and_summarize_only
6mQOqpEkStI,https://www.youtube.com/watch?v=6mQOqpEkStI,¿Porque el DODGE VIPER NO puede REGRESAR? *CarsLatino*,527.0,,videos,https://i.ytimg.com/vi/6mQOqpEkStI/hqdefault.jpg?sqp=-oaymwEcCNACELwBSFXyq4qpAw4IARUAAIhCGAFwAcABBg==&rs=AOn4CLBuZQ1VcW31eByIYthTEAX3y85O7w,CarsLatino,external-reference,embed_link_and_summarize_only
k_s0TK1P13k,https://www.youtube.com/watch?v=k_s0TK1P13k,10 Autos Que Los Dueños Mas Se Alegran De Tener (abril 2024) (Consumer Reports) *Carslatino*,559.0,,videos,https://i.ytimg.com/vi/k_s0TK1P13k/hqdefault.jpg?sqp=-oaymwEcCNACELwBSFXyq4qpAw4IARUAAIhCGAFwAcABBg==&rs=AOn4CLBzMHL6-5OaLLmuDlCJ3eK2URFPtw,CarsLatino,external-reference,embed_link_and_summarize_only
2yfwXm5oJK8,https://www.youtube.com/watch?v=2yfwXm5oJK8,La Compañía de Autos que Podría NO LLEGAR al 2025 (FISKER) *CarsLatino*,532.0,,videos,https://i.ytimg.com/vi/2yfwXm5oJK8/hqdefault.jpg?sqp=-oaymwEcCNACELwBSFXyq4qpAw4IARUAAIhCGAFwAcABBg==&rs=AOn4CLCjBnlegUkHRJzk74SWShzEEraUzQ,CarsLatino,external-reference,embed_link_and_summarize_only
-335Mc9zNLg,https://www.youtube.com/watch?v=-335Mc9zNLg,7 Autos que NADIE COMPRÓ en el 2023 *CarsLatino*,696.0,,videos,https://i.ytimg.com/vi/-335Mc9zNLg/hqdefault.jpg?sqp=-oaymwEcCNACELwBSFXyq4qpAw4IARUAAIhCGAFwAcABBg==&rs=AOn4CLAlu52kklPOEamqZG0gIna2dgStuw,CarsLatino,external-reference,embed_link_and_summarize_only
CIsUWY39vRs,https://www.youtube.com/watch?v=CIsUWY39vRs,10 Marcas de Autos que Mas Decepcionan a sus Dueños (Marzo 2024) *CarsLatino*,629.0,,videos,https://i.ytimg.com/vi/CIsUWY39vRs/hqdefault.jpg?sqp=-oaymwEcCNACELwBSFXyq4qpAw4IARUAAIhCGAFwAcABBg==&rs=AOn4CLCX-AK_jbsRxTrj2r-wzpj_Wuyxrw,CarsLatino,external-reference,embed_link_and_summarize_only
cK6f83vbtJ4,https://www.youtube.com/watch?v=cK6f83vbtJ4,Se INCENDIAN los Autos Kia y Hyundai ¿Que Esta Pasando? *CarsLatino*,618.0,,videos,https://i.ytimg.com/vi/cK6f83vbtJ4/hqdefault.jpg?sqp=-oaymwEcCNACELwBSFXyq4qpAw4IARUAAIhCGAFwAcABBg==&rs=AOn4CLDOuevFUrx5q1dgVdEfYTCoFEf_VQ,CarsLatino,external-reference,embed_link_and_summarize_only
0whBclVTDQs,https://www.youtube.com/watch?v=0whBclVTDQs,10 Autos Que Los Dueños Mas SE ARREPIENTEN De Haber Comprado (Marzo 2024) *Carslatino*,558.0,,videos,https://i.ytimg.com/vi/0whBclVTDQs/hqdefault.jpg?sqp=-oaymwEcCNACELwBSFXyq4qpAw4IARUAAIhCGAFwAcABBg==&rs=AOn4CLD91d-hi1-d_jMeTpn_55AOq_ylEw,CarsLatino,external-reference,embed_link_and_summarize_only
xso_HFCNZEQ,https://www.youtube.com/watch?v=xso_HFCNZEQ,El Porsche Chino Que Afortunadamente Nunca Se Vendió *CarsLatino*,497.0,,videos,https://i.ytimg.com/vi/xso_HFCNZEQ/hqdefault.jpg?sqp=-oaymwEcCNACELwBSFXyq4qpAw4IARUAAIhCGAFwAcABBg==&rs=AOn4CLD8jXcZ2Lsyc758y4mhcbHcwBaIXA,CarsLatino,external-reference,embed_link_and_summarize_only
ecnQHXKJyWE,https://www.youtube.com/watch?v=ecnQHXKJyWE,"Hackearon mi Canal CarsLatino, hablemos de eso *CarsLatino*",764.0,,videos,https://i.ytimg.com/vi/ecnQHXKJyWE/hqdefault.jpg?sqp=-oaymwEcCNACELwBSFXyq4qpAw4IARUAAIhCGAFwAcABBg==&rs=AOn4CLAMkbiQpPy1eWVhD-LvkSxxaZorrQ,CarsLatino,external-reference,embed_link_and_summarize_only
IEQ2IRLjRBg,https://www.youtube.com/watch?v=IEQ2IRLjRBg,Los 10 Autos Nuevos Mas Confiables (Febrero 2024) *CarsLatino*,590.0,,videos,https://i.ytimg.com/vi/IEQ2IRLjRBg/hqdefault.jpg?sqp=-oaymwEcCNACELwBSFXyq4qpAw4IARUAAIhCGAFwAcABBg==&rs=AOn4CLAbzDqBHdCiD9H2YalwrEWtwGU_6A,CarsLatino,external-reference,embed_link_and_summarize_only
6Oif2E2QCcY,https://www.youtube.com/watch?v=6Oif2E2QCcY,Los 10 Autos Nuevos Mas Defectuosos (Febrero 2024) *CarsLatino*,671.0,,videos,https://i.ytimg.com/vi/6Oif2E2QCcY/hqdefault.jpg?sqp=-oaymwEcCNACELwBSFXyq4qpAw4IARUAAIhCGAFwAcABBg==&rs=AOn4CLBvnMMgw63JhWjIoggAFjjvw8ZLEA,CarsLatino,external-reference,embed_link_and_summarize_only
PqTcWiEPxWY,https://www.youtube.com/watch?v=PqTcWiEPxWY,La Increíble Historia de TommyKaira *CarsLatino*,844.0,,videos,https://i.ytimg.com/vi/PqTcWiEPxWY/hqdefault.jpg?sqp=-oaymwEcCNACELwBSFXyq4qpAw4IARUAAIhCGAFwAcABBg==&rs=AOn4CLDm0-ocb-OkTWvWr78oa7HmWVY1sQ,CarsLatino,external-reference,embed_link_and_summarize_only
qC5mtFHhCvM,https://www.youtube.com/watch?v=qC5mtFHhCvM,Las 10 Compañías de Autos Que Mas Dinero Ganaron en el 2023 *CarsLatino* (RESUBIDO),646.0,,videos,https://i.ytimg.com/vi/qC5mtFHhCvM/hqdefault.jpg?sqp=-oaymwEcCNACELwBSFXyq4qpAw4IARUAAIhCGAFwAcABBg==&rs=AOn4CLDHajlFjNuao_HgYI2ui9Owcr7MaQ,CarsLatino,external-reference,embed_link_and_summarize_only
FlBKjz3KhMI,https://www.youtube.com/watch?v=FlBKjz3KhMI,7 Compañías de Smartphones que Hicieron Autos *CarsLatino*,992.0,,videos,https://i.ytimg.com/vi/FlBKjz3KhMI/hqdefault.jpg?sqp=-oaymwEcCNACELwBSFXyq4qpAw4IARUAAIhCGAFwAcABBg==&rs=AOn4CLDVRlbguf5rUEHwXrHhcpezF-xWmA,CarsLatino,external-reference,embed_link_and_summarize_only
kLcaVIZeRfc,https://www.youtube.com/watch?v=kLcaVIZeRfc,"Compañías que Pueden Desaparecer, Dominio en la F1 y Youtubers Vendidos *TCEL Podcast* Tem 2 Ep 5",2472.0,,videos,https://i.ytimg.com/vi/kLcaVIZeRfc/hqdefault.jpg?sqp=-oaymwEcCNACELwBSFXyq4qpAw4IARUAAIhCGAFwAcABBg==&rs=AOn4CLADzO_LU5wTNMgs1KP3wHUaaQa8eQ,CarsLatino,external-reference,embed_link_and_summarize_only
OlbItXNsQvk,https://www.youtube.com/watch?v=OlbItXNsQvk,10 Autos Arruinados por sus Dueños (Parte 2) *CarsLatino*,516.0,,videos,https://i.ytimg.com/vi/OlbItXNsQvk/hqdefault.jpg?sqp=-oaymwEcCNACELwBSFXyq4qpAw4IARUAAIhCGAFwAcABBg==&rs=AOn4CLAjjFDCVnM7zNgjtoAcr06Wn8y4Rw,CarsLatino,external-reference,embed_link_and_summarize_only
UYD72UkU3Ao,https://www.youtube.com/watch?v=UYD72UkU3Ao,"Skyline LEGAL, Checo en F1 y el Precio de los Autos Nuevos *TCEL Podcast* Tem 2 Ep 3",3635.0,,videos,https://i.ytimg.com/vi/UYD72UkU3Ao/hqdefault.jpg?sqp=-oaymwEcCNACELwBSFXyq4qpAw4IARUAAIhCGAFwAcABBg==&rs=AOn4CLBVLd4XHE9V8IqzLdFCUMHZVBa-RQ,CarsLatino,external-reference,embed_link_and_summarize_only
6r1WrsxLwk8,https://www.youtube.com/watch?v=6r1WrsxLwk8,Necesitas una DashCam! ¿esta te convence? *CarsLatino*,1067.0,,videos,https://i.ytimg.com/vi/6r1WrsxLwk8/hqdefault.jpg?sqp=-oaymwEcCNACELwBSFXyq4qpAw4IARUAAIhCGAFwAcABBg==&rs=AOn4CLAmvI2PshBZLKFqf7f7P0uBtZmF_g,CarsLatino,external-reference,embed_link_and_summarize_only
FpCpC2zQLJ0,https://www.youtube.com/watch?v=FpCpC2zQLJ0,Los 10 Autos MAS ROBADOS en USA (2023) *CarsLatino*,554.0,,videos,https://i.ytimg.com/vi/FpCpC2zQLJ0/hqdefault.jpg?sqp=-oaymwEcCNACELwBSFXyq4qpAw4IARUAAIhCGAFwAcABBg==&rs=AOn4CLDMhFHRfayt__zojq0Q9yMQanv4jg,CarsLatino,external-reference,embed_link_and_summarize_only
iiOu3jsh8Eg,https://www.youtube.com/watch?v=iiOu3jsh8Eg,"Tesla Cybertruck, Canales Hackeados, Autos que se van Y MAS! *TCEL Podcast* Tem 2 Ep 1",3082.0,,videos,https://i.ytimg.com/vi/iiOu3jsh8Eg/hqdefault.jpg?sqp=-oaymwEcCNACELwBSFXyq4qpAw4IARUAAIhCGAFwAcABBg==&rs=AOn4CLBCzz8OzQifh8DNE0WwB5bi0nH2WA,CarsLatino,external-reference,embed_link_and_summarize_only
vvZd-2_ByUg,https://www.youtube.com/watch?v=vvZd-2_ByUg,LOS PEORES CIRCUITOS DEL MUNDO (PARTE 1) *CarsLatino*,629.0,,videos,https://i.ytimg.com/vi/vvZd-2_ByUg/hqdefault.jpg?sqp=-oaymwEcCNACELwBSFXyq4qpAw4IARUAAIhCGAFwAcABBg==&rs=AOn4CLBjWmCqxP1QqkPi5sI76fByz3pYKA,CarsLatino,external-reference,embed_link_and_summarize_only
c1v4SIL4Q3U,https://www.youtube.com/watch?v=c1v4SIL4Q3U,HONDA vs NISSAN ¿Cual es la Reina de las Suv? *CarsLatino*,1316.0,,videos,https://i.ytimg.com/vi/c1v4SIL4Q3U/hqdefault.jpg?sqp=-oaymwEcCNACELwBSFXyq4qpAw4IARUAAIhCGAFwAcABBg==&rs=AOn4CLCJ7iMa8OZNoWHge0no41Zo9g6oMQ,CarsLatino,external-reference,embed_link_and_summarize_only
GC_MpvMcgaU,https://www.youtube.com/watch?v=GC_MpvMcgaU,Los 20 Autos Mas Vendidos del 2023 (Parte 2) *CarsLatino*,544.0,,videos,https://i.ytimg.com/vi/GC_MpvMcgaU/hqdefault.jpg?sqp=-oaymwEcCNACELwBSFXyq4qpAw4IARUAAIhCGAFwAcABBg==&rs=AOn4CLCqwOLXjNcXbrE-6eJu3uslwI8lDw,CarsLatino,external-reference,embed_link_and_summarize_only
4AWUrtWsKao,https://www.youtube.com/watch?v=4AWUrtWsKao,Los 20 Autos Mas Vendidos del 2023 (Parte 1) *CarsLatino*,526.0,,videos,https://i.ytimg.com/vi/4AWUrtWsKao/hqdefault.jpg?sqp=-oaymwEcCNACELwBSFXyq4qpAw4IARUAAIhCGAFwAcABBg==&rs=AOn4CLAQiDQg9cIKwCEdCBmeHGf8_GBY8w,CarsLatino,external-reference,embed_link_and_summarize_only
hBmrXrv1LLk,https://www.youtube.com/watch?v=hBmrXrv1LLk,ANTES VS HOY: Mitsubishi *CarsLatino*,735.0,,videos,https://i.ytimg.com/vi/hBmrXrv1LLk/hqdefault.jpg?sqp=-oaymwEcCNACELwBSFXyq4qpAw4IARUAAIhCGAFwAcABBg==&rs=AOn4CLBqnUXYXuXBt9usEZgdyqcg8_xFLw,CarsLatino,external-reference,embed_link_and_summarize_only
Vta-XVok3eI,https://www.youtube.com/watch?v=Vta-XVok3eI,7 Autos con MAYOR DEVALUACIÓN en México *CarsLatino*,658.0,,videos,https://i.ytimg.com/vi/Vta-XVok3eI/hqdefault.jpg?sqp=-oaymwEcCNACELwBSFXyq4qpAw4IARUAAIhCGAFwAcABBg==&rs=AOn4CLBx45oF2p-Tlz1hVwjKuNWreEGnwQ,CarsLatino,external-reference,embed_link_and_summarize_only
CIhQn65I2k8,https://www.youtube.com/watch?v=CIhQn65I2k8,¿Cambió mi Forma de Ver las Camionetas?.- Nissan Murano *CarsLatino*,702.0,,videos,https://i.ytimg.com/vi/CIhQn65I2k8/hqdefault.jpg?sqp=-oaymwEcCNACELwBSFXyq4qpAw4IARUAAIhCGAFwAcABBg==&rs=AOn4CLDwuNPc-Ev2wKdxp78vAl3_1_BseQ,CarsLatino,external-reference,embed_link_and_summarize_only
KyhdnVizfOA,https://www.youtube.com/watch?v=KyhdnVizfOA,5 Cosas Que NO DEBES HACER (Comprar) En Las Agencias De Autos *CarsLatino*,662.0,,videos,https://i.ytimg.com/vi/KyhdnVizfOA/hqdefault.jpg?sqp=-oaymwEcCNACELwBSFXyq4qpAw4IARUAAIhCGAFwAcABBg==&rs=AOn4CLA60S37CP_GCwWE4Jt50OcxtA8qeg,CarsLatino,external-reference,embed_link_and_summarize_only
nfes2TMt6Dw,https://www.youtube.com/watch?v=nfes2TMt6Dw,7 Autos Malos Que Me Encantan (Parte 3) *CarsLatino*,597.0,,videos,https://i.ytimg.com/vi/nfes2TMt6Dw/hqdefault.jpg?sqp=-oaymwEcCNACELwBSFXyq4qpAw4IARUAAIhCGAFwAcABBg==&rs=AOn4CLCH-V2BMiHtUzmcnzZoVN-1Odrg8g,CarsLatino,external-reference,embed_link_and_summarize_only
PbE2GKhXDO8,https://www.youtube.com/watch?v=PbE2GKhXDO8,Los 7 Autos Mas Importantes de SEAT *CarsLatino*,719.0,,videos,https://i.ytimg.com/vi/PbE2GKhXDO8/hqdefault.jpg?sqp=-oaymwEcCNACELwBSFXyq4qpAw4IARUAAIhCGAFwAcABBg==&rs=AOn4CLBr8HlbGxgpzT3OqFfPO9ZnXF9v8w,CarsLatino,external-reference,embed_link_and_summarize_only
CkTEoBme2Vg,https://www.youtube.com/watch?v=CkTEoBme2Vg,¿QUE ES WEATHERTECH? Y ¡EN QUE ES MEJOR QUE LAS COMPAÑÍAS DE AUTOS?,694.0,,videos,https://i.ytimg.com/vi/CkTEoBme2Vg/hqdefault.jpg?sqp=-oaymwEcCNACELwBSFXyq4qpAw4IARUAAIhCGAFwAcABBg==&rs=AOn4CLAfB9tAOp7bUMJrHUY-40IRV38Ozg,CarsLatino,external-reference,embed_link_and_summarize_only
2tvQG8HtDXM,https://www.youtube.com/watch?v=2tvQG8HtDXM,5 ACURA QUE NO DEBERÍAS COMPRAR Y 5 QUE SI *CarsLatino*,664.0,,videos,https://i.ytimg.com/vi/2tvQG8HtDXM/hqdefault.jpg?sqp=-oaymwEcCNACELwBSFXyq4qpAw4IARUAAIhCGAFwAcABBg==&rs=AOn4CLCZaGhjLx_UKG5a0Y8-9MKhZpKkqg,CarsLatino,external-reference,embed_link_and_summarize_only
whRix_SYATw,https://www.youtube.com/watch?v=whRix_SYATw,10 AUTOS QUE NADIE COMPRO EN EL 2022 *CarsLatino*,603.0,,videos,https://i.ytimg.com/vi/whRix_SYATw/hqdefault.jpg?sqp=-oaymwEcCNACELwBSFXyq4qpAw4IARUAAIhCGAFwAcABBg==&rs=AOn4CLDAWkQLgZzOoXEcqaonjtac1P1cXA,CarsLatino,external-reference,embed_link_and_summarize_only
tQTzPPfyLPo,https://www.youtube.com/watch?v=tQTzPPfyLPo,5 Increíbles Casos de Autos que Desaparecieron (Parte 2) *CarsLatino*,716.0,,videos,https://i.ytimg.com/vi/tQTzPPfyLPo/hqdefault.jpg?sqp=-oaymwEcCNACELwBSFXyq4qpAw4IARUAAIhCGAFwAcABBg==&rs=AOn4CLDdJtBuS5hmiA5gqqgKSbe8iH4Bqw,CarsLatino,external-reference,embed_link_and_summarize_only
J4ooYSw6528,https://www.youtube.com/watch?v=J4ooYSw6528,PREGUNTAS Y RESPUESTAS (Parte 22) *CarsLatino*,720.0,,videos,https://i.ytimg.com/vi/J4ooYSw6528/hqdefault.jpg?sqp=-oaymwEcCNACELwBSFXyq4qpAw4IARUAAIhCGAFwAcABBg==&rs=AOn4CLC-PVq17gIEEP6nwUpQuscF7gZQrA,CarsLatino,external-reference,embed_link_and_summarize_only
1rWFTHd2PBc,https://www.youtube.com/watch?v=1rWFTHd2PBc,7 Autos Malos Que Me Encantan (Parte 2) *CarsLatino*,540.0,,videos,https://i.ytimg.com/vi/1rWFTHd2PBc/hqdefault.jpg?sqp=-oaymwEcCNACELwBSFXyq4qpAw4IARUAAIhCGAFwAcABBg==&rs=AOn4CLC4YG-fGWjH7YerBCGVRikyjsnFcQ,CarsLatino,external-reference,embed_link_and_summarize_only
TyP4dvAD3hE,https://www.youtube.com/watch?v=TyP4dvAD3hE,7 Autos Franceses que NO PUEDES TENER *CarsLatino*,545.0,,videos,https://i.ytimg.com/vi/TyP4dvAD3hE/hqdefault.jpg?sqp=-oaymwEcCNACELwBSFXyq4qpAw4IARUAAIhCGAFwAcABBg==&rs=AOn4CLB-Dsy9xtd-vJKMfDKrkf-PgJ4MYw,CarsLatino,external-reference,embed_link_and_summarize_only
nRzVlsVucSE,https://www.youtube.com/watch?v=nRzVlsVucSE,7 Autos Malos Que Me Encantan (Parte 1) *CarsLatino*,597.0,,videos,https://i.ytimg.com/vi/nRzVlsVucSE/hqdefault.jpg?sqp=-oaymwEcCNACELwBSFXyq4qpAw4IARUAAIhCGAFwAcABBg==&rs=AOn4CLCq6I0ms-IgkLGOJOU9JMhrgeB5Lg,CarsLatino,external-reference,embed_link_and_summarize_only
EhwbaaGEZ0c,https://www.youtube.com/watch?v=EhwbaaGEZ0c,Calificando Marcas Chinas de Autos (¿LAS RECOMIENDO O NO?) Parte 2 *CarsLatino*,613.0,,videos,https://i.ytimg.com/vi/EhwbaaGEZ0c/hqdefault.jpg?sqp=-oaymwEcCNACELwBSFXyq4qpAw4IARUAAIhCGAFwAcABBg==&rs=AOn4CLCVyjoME60SHBWVKU0yO0Esth-raw,CarsLatino,external-reference,embed_link_and_summarize_only
b-_RHo5Of6k,https://www.youtube.com/watch?v=b-_RHo5Of6k,Calificando Marcas Chinas de Autos (¿LAS RECOMIENDO O NO?) Parte 1 *CarsLatino*,786.0,,videos,https://i.ytimg.com/vi/b-_RHo5Of6k/hqdefault.jpg?sqp=-oaymwEcCNACELwBSFXyq4qpAw4IARUAAIhCGAFwAcABBg==&rs=AOn4CLDMb3Jhf62LST2vNA064h_3L7_PBQ,CarsLatino,external-reference,embed_link_and_summarize_only
PROTQgDwqQQ,https://www.youtube.com/watch?v=PROTQgDwqQQ,¿El Lado Oscuro del Mercedes AMG One? *CarsLatino*,745.0,,videos,https://i.ytimg.com/vi/PROTQgDwqQQ/hqdefault.jpg?sqp=-oaymwEcCNACELwBSFXyq4qpAw4IARUAAIhCGAFwAcABBg==&rs=AOn4CLC9Qm_bP506al78Uz1cPdmNTB7CEg,CarsLatino,external-reference,embed_link_and_summarize_only
qiBmu-WQcFc,https://www.youtube.com/watch?v=qiBmu-WQcFc,7 Automóviles con Peor Nombre en Toda la Historia (Parte 4 ) *CarsLatino*,538.0,,videos,https://i.ytimg.com/vi/qiBmu-WQcFc/hqdefault.jpg?sqp=-oaymwEcCNACELwBSFXyq4qpAw4IARUAAIhCGAFwAcABBg==&rs=AOn4CLB1o4ENs6hsuSvzJdLu7YIMjNUT4A,CarsLatino,external-reference,embed_link_and_summarize_only
DfGCt5TgDO8,https://www.youtube.com/watch?v=DfGCt5TgDO8,LA FALLA QUE HACE A JEEP PELIGROSA *CarsLatino*,492.0,,videos,https://i.ytimg.com/vi/DfGCt5TgDO8/hqdefault.jpg?sqp=-oaymwEcCNACELwBSFXyq4qpAw4IARUAAIhCGAFwAcABBg==&rs=AOn4CLCpgTWP9vgD4a_fxOxeqYLzVtUWpA,CarsLatino,external-reference,embed_link_and_summarize_only
t79v5h9TlL4,https://www.youtube.com/watch?v=t79v5h9TlL4,5 Increíbles Casos de Autos que Desaparecieron *CarsLatino*,863.0,,videos,https://i.ytimg.com/vi/t79v5h9TlL4/hqdefault.jpg?sqp=-oaymwEcCNACELwBSFXyq4qpAw4IARUAAIhCGAFwAcABBg==&rs=AOn4CLCCs0GwXoJ0j0L93SljcH0QJ9PNtw,CarsLatino,external-reference,embed_link_and_summarize_only
2M9him5Xyto,https://www.youtube.com/watch?v=2M9him5Xyto,LAS 10 PEORES MARCAS DEL 2023 *CarsLatino*,702.0,,videos,https://i.ytimg.com/vi/2M9him5Xyto/hqdefault.jpg?sqp=-oaymwEcCNACELwBSFXyq4qpAw4IARUAAIhCGAFwAcABBg==&rs=AOn4CLAqo9DnEJJRwwZE4iIwhZRFOPXvPw,CarsLatino,external-reference,embed_link_and_summarize_only
pZgjEaiYtKw,https://www.youtube.com/watch?v=pZgjEaiYtKw,LOS 5 HONDA CIVIC MAS ICONICOS *CarsLatino*,717.0,,videos,https://i.ytimg.com/vi/pZgjEaiYtKw/hqdefault.jpg?sqp=-oaymwEcCNACELwBSFXyq4qpAw4IARUAAIhCGAFwAcABBg==&rs=AOn4CLBmcYd90J9swgLZDl08vnb1_1sECQ,CarsLatino,external-reference,embed_link_and_summarize_only
qpRUqS1bJ2c,https://www.youtube.com/watch?v=qpRUqS1bJ2c,AUTOS EN FACEBOOK MARKETPLACE (Parte 7) *CarsLatino*,615.0,,videos,https://i.ytimg.com/vi/qpRUqS1bJ2c/hqdefault.jpg?sqp=-oaymwEcCNACELwBSFXyq4qpAw4IARUAAIhCGAFwAcABBg==&rs=AOn4CLBx0z-D7R31BoBPv6PJunYV3S7Ecg,CarsLatino,external-reference,embed_link_and_summarize_only
ampHPPjSeiw,https://www.youtube.com/watch?v=ampHPPjSeiw,¿QUE #$%&@ LE HICIERON AL KIA? *CarsLatino*,783.0,,videos,https://i.ytimg.com/vi/ampHPPjSeiw/hqdefault.jpg?sqp=-oaymwEcCNACELwBSFXyq4qpAw4IARUAAIhCGAFwAcABBg==&rs=AOn4CLD92cbYSbYLbfC5UWrSPPGry6pcyA,CarsLatino,external-reference,embed_link_and_summarize_only
hfnxIwleCjo,https://www.youtube.com/watch?v=hfnxIwleCjo,5 BMW QUE NO DEBERÍAS COMPRAR Y 5 QUE SI *CarsLatino*,727.0,,videos,https://i.ytimg.com/vi/hfnxIwleCjo/hqdefault.jpg?sqp=-oaymwEcCNACELwBSFXyq4qpAw4IARUAAIhCGAFwAcABBg==&rs=AOn4CLCocYYceaXK7zGdc4zOAAPdLawq-Q,CarsLatino,external-reference,embed_link_and_summarize_only
VfNc2MankfE,https://www.youtube.com/watch?v=VfNc2MankfE,LAS 10 MEJORES MARCAS DEL 2023 (Por Consumer Reports) *CarsLatino*,615.0,,videos,https://i.ytimg.com/vi/VfNc2MankfE/hqdefault.jpg?sqp=-oaymwEcCNACELwBSFXyq4qpAw4IARUAAIhCGAFwAcABBg==&rs=AOn4CLAIbWZDCNoZHtq11H5U4sPcvQQIoQ,CarsLatino,external-reference,embed_link_and_summarize_only
hfcv81HBTYg,https://www.youtube.com/watch?v=hfcv81HBTYg,LA INCREÍBLE HISTORIA DE PAGANI *CarsLatino*,815.0,,videos,https://i.ytimg.com/vi/hfcv81HBTYg/hqdefault.jpg?sqp=-oaymwEcCNACELwBSFXyq4qpAw4IARUAAIhCGAFwAcABBg==&rs=AOn4CLAE2yji4wz1jvGj1u2uYSH3Fwvsew,CarsLatino,external-reference,embed_link_and_summarize_only
tougYZ30NpY,https://www.youtube.com/watch?v=tougYZ30NpY,10 Autos Que Los Dueños Mas Se Alegran De Tener (Marzo 2023) (Consumer Reports) *Carslatino*,640.0,,videos,https://i.ytimg.com/vi/tougYZ30NpY/hqdefault.jpg?sqp=-oaymwEcCNACELwBSFXyq4qpAw4IARUAAIhCGAFwAcABBg==&rs=AOn4CLB-rUzKHEpx3NfIYnNvagjALX1wGg,CarsLatino,external-reference,embed_link_and_summarize_only
xjfQdjJNyJA,https://www.youtube.com/watch?v=xjfQdjJNyJA,10 Autos Que Llegarán Este 2023 *CarsLatino*,733.0,,videos,https://i.ytimg.com/vi/xjfQdjJNyJA/hqdefault.jpg?sqp=-oaymwEcCNACELwBSFXyq4qpAw4IARUAAIhCGAFwAcABBg==&rs=AOn4CLBIQYJ_OSCaUz2YCNfuUcDGMucFbA,CarsLatino,external-reference,embed_link_and_summarize_only
2oIZfMKH0PA,https://www.youtube.com/watch?v=2oIZfMKH0PA,UN Z4 CON MENOS DE 200 CABALLOS ¿SIRVE DE ALGO?  *CarsLatino*,524.0,,videos,https://i.ytimg.com/vi/2oIZfMKH0PA/hqdefault.jpg?sqp=-oaymwEcCNACELwBSFXyq4qpAw4IARUAAIhCGAFwAcABBg==&rs=AOn4CLCD5HQYwY-5EbjCbwz4oTIshENTTA,CarsLatino,external-reference,embed_link_and_summarize_only
GHj8aKLa9co,https://www.youtube.com/watch?v=GHj8aKLa9co,10 Autos Que Los Dueños Mas SE ARREPIENTEN De Haber Comprado (Feb23) (Consumer Reports) *Carslatino*,633.0,,videos,https://i.ytimg.com/vi/GHj8aKLa9co/hqdefault.jpg?sqp=-oaymwEcCNACELwBSFXyq4qpAw4IARUAAIhCGAFwAcABBg==&rs=AOn4CLA_TDjVAET1QBoT28dUi7en6hpBlA,CarsLatino,external-reference,embed_link_and_summarize_only
sBnDZODvhwY,https://www.youtube.com/watch?v=sBnDZODvhwY,"Mismo Motor, Diferente Confiabilidad... ¿Por Qué?",523.0,,videos,https://i.ytimg.com/vi/sBnDZODvhwY/hqdefault.jpg?sqp=-oaymwEcCNACELwBSFXyq4qpAw4IARUAAIhCGAFwAcABBg==&rs=AOn4CLCSKtD3216URvGeuIdoTpQuDC3jEw,CarsLatino,external-reference,embed_link_and_summarize_only
svscco29HhA,https://www.youtube.com/watch?v=svscco29HhA,LAS 10 COMPAÑÍAS MAS DEFECTUOSAS - ENERO 2023 (Consumer Reports) *CarsLatino*,650.0,,videos,https://i.ytimg.com/vi/svscco29HhA/hqdefault.jpg?sqp=-oaymwEcCNACELwBSFXyq4qpAw4IARUAAIhCGAFwAcABBg==&rs=AOn4CLABX5uz19CazImiY2mc0GzgNYKoJw,CarsLatino,external-reference,embed_link_and_summarize_only
e_vHHhZTdSo,https://www.youtube.com/watch?v=e_vHHhZTdSo,7 Autos que llegaron al MILLÓN de Kilómetros (Parte 2) *CarsLatino*,600.0,,videos,https://i.ytimg.com/vi/e_vHHhZTdSo/hqdefault.jpg?sqp=-oaymwEcCNACELwBSFXyq4qpAw4IARUAAIhCGAFwAcABBg==&rs=AOn4CLBn6h5ocWmeRhUKRhjnMS3-veBCgQ,CarsLatino,external-reference,embed_link_and_summarize_only
2AS_VaVPXV8,https://www.youtube.com/watch?v=2AS_VaVPXV8,Los 10 Autos Nuevos Mas Defectuosos (Enero 2023) *CarsLatino*,616.0,,videos,https://i.ytimg.com/vi/2AS_VaVPXV8/hqdefault.jpg?sqp=-oaymwEcCNACELwBSFXyq4qpAw4IARUAAIhCGAFwAcABBg==&rs=AOn4CLC2sMF_j64nyrKcu636PMA0y252Rw,CarsLatino,external-reference,embed_link_and_summarize_only
Bonqh76U7_I,https://www.youtube.com/watch?v=Bonqh76U7_I,7 Autos que SE VAN este 2023 *CarsLatino*,507.0,,videos,https://i.ytimg.com/vi/Bonqh76U7_I/hqdefault.jpg?sqp=-oaymwEcCNACELwBSFXyq4qpAw4IARUAAIhCGAFwAcABBg==&rs=AOn4CLBuzkqKm7n7iaLwx8LSCCi-UktWng,CarsLatino,external-reference,embed_link_and_summarize_only
mduk3jZO7vc,https://www.youtube.com/watch?v=mduk3jZO7vc,"UNA ESTAFA SIMPLE, PERO EFECTIVA (ECO OBD2) *CarsLatino*",708.0,,videos,https://i.ytimg.com/vi/mduk3jZO7vc/hqdefault.jpg?sqp=-oaymwEcCNACELwBSFXyq4qpAw4IARUAAIhCGAFwAcABBg==&rs=AOn4CLDr-A6-kjDZ8QWFl4yv9k_Aa8_fWQ,CarsLatino,external-reference,embed_link_and_summarize_only
j-4J_DyTX2E,https://www.youtube.com/watch?v=j-4J_DyTX2E,10 Marcas De Autos Mas Confiables (Enero 2023) (Consumer Reports) *CarsLatino*,652.0,,videos,https://i.ytimg.com/vi/j-4J_DyTX2E/hqdefault.jpg?sqp=-oaymwEcCNACELwBSFXyq4qpAw4IARUAAIhCGAFwAcABBg==&rs=AOn4CLD6g7LB9edv1zgcMz1xYWWi2rBtHg,CarsLatino,external-reference,embed_link_and_summarize_only
B1jqiIy7k7M,https://www.youtube.com/watch?v=B1jqiIy7k7M,La Historia de Ken Block (1967-2023),536.0,,videos,https://i.ytimg.com/vi/B1jqiIy7k7M/hqdefault.jpg?sqp=-oaymwEcCNACELwBSFXyq4qpAw4IARUAAIhCGAFwAcABBg==&rs=AOn4CLDHA2rYC73lTX7hb-Ky1N1xAScK7Q,CarsLatino,external-reference,embed_link_and_summarize_only
w_LX3fWqVqY,https://www.youtube.com/watch?v=w_LX3fWqVqY,Los 10 Autos mas Confiables por Consumer Report 2022 (Final de Año) *CarsLatino*,645.0,,videos,https://i.ytimg.com/vi/w_LX3fWqVqY/hqdefault.jpg?sqp=-oaymwEcCNACELwBSFXyq4qpAw4IARUAAIhCGAFwAcABBg==&rs=AOn4CLD9OUp3ynfHd3U8rSVzuujafM1Leg,CarsLatino,external-reference,embed_link_and_summarize_only
pf4ZW08HEaE,https://www.youtube.com/watch?v=pf4ZW08HEaE,7 Autos que llegaron al MILLÓN de Kilómetros (Parte 1) *CarsLatino*,592.0,,videos,https://i.ytimg.com/vi/pf4ZW08HEaE/hqdefault.jpg?sqp=-oaymwEcCNACELwBSFXyq4qpAw4IARUAAIhCGAFwAcABBg==&rs=AOn4CLCF9d9O1qCcIKs8jLDfmsWq48bWpQ,CarsLatino,external-reference,embed_link_and_summarize_only
aUj2HMkGyqk,https://www.youtube.com/watch?v=aUj2HMkGyqk,14 Autos 6 Cilindros Decepcionantes (Parte 2) *CarsLatino*,689.0,,videos,https://i.ytimg.com/vi/aUj2HMkGyqk/hqdefault.jpg?sqp=-oaymwEcCNACELwBSFXyq4qpAw4IARUAAIhCGAFwAcABBg==&rs=AOn4CLAj_CX3omXuxN0Sra2nogX8nmq6Xw,CarsLatino,external-reference,embed_link_and_summarize_only
UiPBzQx-l-U,https://www.youtube.com/watch?v=UiPBzQx-l-U,¿El PEOR Motor de Toyota? *CarsLatino* (Cars A Fondo ep.1),622.0,,videos,https://i.ytimg.com/vi/UiPBzQx-l-U/hqdefault.jpg?sqp=-oaymwEcCNACELwBSFXyq4qpAw4IARUAAIhCGAFwAcABBg==&rs=AOn4CLCKnJzcrnRLWrURtW-U7OfvovDs7Q,CarsLatino,external-reference,embed_link_and_summarize_only
5lESmNJMrgA,https://www.youtube.com/watch?v=5lESmNJMrgA,CORRIMOS 3 AUTOS 4 CILINDROS UNO CONTRA OTRO ¿QUIEN GANO? *CarsLatino*,891.0,,videos,https://i.ytimg.com/vi/5lESmNJMrgA/hqdefault.jpg?sqp=-oaymwEcCNACELwBSFXyq4qpAw4IARUAAIhCGAFwAcABBg==&rs=AOn4CLB_b8vP13VMjT0LOoGsLwehqi6RJQ,CarsLatino,external-reference,embed_link_and_summarize_only
fDEsfl7RucQ,https://www.youtube.com/watch?v=fDEsfl7RucQ,7 Marcas Que Los Dueños Mas SE ARREPIENTEN De Haber Comprado (2022) (Consumer Reports) *Carslatino*,576.0,,videos,https://i.ytimg.com/vi/fDEsfl7RucQ/hqdefault.jpg?sqp=-oaymwEcCNACELwBSFXyq4qpAw4IARUAAIhCGAFwAcABBg==&rs=AOn4CLBJIACd9_Ho2n7fC87xdhFwUNiPcA,CarsLatino,external-reference,embed_link_and_summarize_only
F2fOAuI81M4,https://www.youtube.com/watch?v=F2fOAuI81M4,EL PILOTO QUE GANO Y LO PERDIÓ TODO (EL INCREÍBLE CASO DE NORBERT WYLIE) *CarsLatino*,504.0,,videos,https://i.ytimg.com/vi/F2fOAuI81M4/hqdefault.jpg?sqp=-oaymwEcCNACELwBSFXyq4qpAw4IARUAAIhCGAFwAcABBg==&rs=AOn4CLDll_QtHiOBV-S_LtvHY7pk81BAow,CarsLatino,external-reference,embed_link_and_summarize_only
QV2e1QyeRog,https://www.youtube.com/watch?v=QV2e1QyeRog,Las 7 Marcas Que Los Dueños Mas Se Alegran De Haber Comprado (2022) (Consumer Reports) *Carslatino*,564.0,,videos,https://i.ytimg.com/vi/QV2e1QyeRog/hqdefault.jpg?sqp=-oaymwEcCNACELwBSFXyq4qpAw4IARUAAIhCGAFwAcABBg==&rs=AOn4CLBRwecRSGIMHLjybNtOj7xVU-oMQQ,CarsLatino,external-reference,embed_link_and_summarize_only
wzFUj4tams8,https://www.youtube.com/watch?v=wzFUj4tams8,5 Autos que ME ARREPIENTO comprar y 5 que me arrepiento vender (con Karla) *CarsLatino*,825.0,,videos,https://i.ytimg.com/vi/wzFUj4tams8/hqdefault.jpg?sqp=-oaymwEcCNACELwBSFXyq4qpAw4IARUAAIhCGAFwAcABBg==&rs=AOn4CLCMpJdZdYF_tCoFfpJ2OlXDwpilIw,CarsLatino,external-reference,embed_link_and_summarize_only
Fb70olnn8CA,https://www.youtube.com/watch?v=Fb70olnn8CA,7 Automóviles con Peor Nombre en Toda la Historia (Parte 3 ) *CarsLatino*,546.0,,videos,https://i.ytimg.com/vi/Fb70olnn8CA/hqdefault.jpg?sqp=-oaymwEcCNACELwBSFXyq4qpAw4IARUAAIhCGAFwAcABBg==&rs=AOn4CLDOi5llxBDsOUnscRrlVLrAzaqNDg,CarsLatino,external-reference,embed_link_and_summarize_only
eBAl-Fj1lkQ,https://www.youtube.com/watch?v=eBAl-Fj1lkQ,5 MITSUBISHI QUE NO DEBERÍAS COMPRAR Y 5 QUE SI *CarsLatino*,750.0,,videos,https://i.ytimg.com/vi/eBAl-Fj1lkQ/hqdefault.jpg?sqp=-oaymwEcCNACELwBSFXyq4qpAw4IARUAAIhCGAFwAcABBg==&rs=AOn4CLBrp87CAFV1Qei7S2HsKeqK4cOiyw,CarsLatino,external-reference,embed_link_and_summarize_only
xDIfhzm_600,https://www.youtube.com/watch?v=xDIfhzm_600,AUTOS EN FACEBOOK MARKETPLACE (Parte 6) *CarsLatino*,618.0,,videos,https://i.ytimg.com/vi/xDIfhzm_600/hqdefault.jpg?sqp=-oaymwEcCNACELwBSFXyq4qpAw4IARUAAIhCGAFwAcABBg==&rs=AOn4CLAHVgP8sPbAgoeWJ-jrbnWMQ8O-ww,CarsLatino,external-reference,embed_link_and_summarize_only
OV7QEv66eLY,https://www.youtube.com/watch?v=OV7QEv66eLY,"LA OTRA COMPAÑÍA DE AUTOS, QUE NUNCA HIZO UN AUTO (La Historia de EAGLE) *CarsLatino*",549.0,,videos,https://i.ytimg.com/vi/OV7QEv66eLY/hqdefault.jpg?sqp=-oaymwEcCNACELwBSFXyq4qpAw4IARUAAIhCGAFwAcABBg==&rs=AOn4CLAoq0aTD4F4U2X_ukP507Hg3SAbeg,CarsLatino,external-reference,embed_link_and_summarize_only
R3CUD07NnZ4,https://www.youtube.com/watch?v=R3CUD07NnZ4,Los 7 PEORES Ferrari De La Historia *CarsLatino*,697.0,,videos,https://i.ytimg.com/vi/R3CUD07NnZ4/hqdefault.jpg?sqp=-oaymwEcCNACELwBSFXyq4qpAw4IARUAAIhCGAFwAcABBg==&rs=AOn4CLD1fkHKO2W0YtpTmU42ibHI1UIV9Q,CarsLatino,external-reference,embed_link_and_summarize_only
q9bnssdMo5Y,https://www.youtube.com/watch?v=q9bnssdMo5Y,14 Autos 6 Cilindros Decepcionantes (Parte 1) *CarsLatino*,620.0,,videos,https://i.ytimg.com/vi/q9bnssdMo5Y/hqdefault.jpg?sqp=-oaymwEcCNACELwBSFXyq4qpAw4IARUAAIhCGAFwAcABBg==&rs=AOn4CLBjtEciyvNUff7ZNPCqPCYDAmZEYA,CarsLatino,external-reference,embed_link_and_summarize_only
Wam4zmsU9-0,https://www.youtube.com/watch?v=Wam4zmsU9-0,El Interior Es Lo Que Cuenta - Prueba de Manejo Mercedes Benz C200 Sport *CarsLatino*,838.0,,videos,https://i.ytimg.com/vi/Wam4zmsU9-0/hqdefault.jpg?sqp=-oaymwEcCNACELwBSFXyq4qpAw4IARUAAIhCGAFwAcABBg==&rs=AOn4CLAKmGCJebemP7mLQyEErr-BnbvtPg,CarsLatino,external-reference,embed_link_and_summarize_only
xxl9IoDf2Lc,https://www.youtube.com/watch?v=xxl9IoDf2Lc,7 Compañías de Autos Que NO Conocías *CarsLatino*,618.0,,videos,https://i.ytimg.com/vi/xxl9IoDf2Lc/hqdefault.jpg?sqp=-oaymwEcCNACELwBSFXyq4qpAw4IARUAAIhCGAFwAcABBg==&rs=AOn4CLCdA0QSn1lSGXp8gm_XQcfBrPPmgA,CarsLatino,external-reference,embed_link_and_summarize_only
sl_zhUXujis,https://www.youtube.com/watch?v=sl_zhUXujis,La COMPAÑÍA DE AUTOS que NUNCA HIZO UN AUTO (La Historia de Geo) *CarsLatino*,796.0,,videos,https://i.ytimg.com/vi/sl_zhUXujis/hqdefault.jpg?sqp=-oaymwEcCNACELwBSFXyq4qpAw4IARUAAIhCGAFwAcABBg==&rs=AOn4CLAMCii19r6gDyo__fB_S_acLsJDgg,CarsLatino,external-reference,embed_link_and_summarize_only
6j6l_2G8fWk,https://www.youtube.com/watch?v=6j6l_2G8fWk,Los Incidentes mas Oscuros de la Industria Automotriz (Parte 4) TESLA *CarsLatino*,784.0,,videos,https://i.ytimg.com/vi/6j6l_2G8fWk/hqdefault.jpg?sqp=-oaymwEcCNACELwBSFXyq4qpAw4IARUAAIhCGAFwAcABBg==&rs=AOn4CLCWp35-4DgpAFpg2H6iW4Q6hfoTkw,CarsLatino,external-reference,embed_link_and_summarize_only
mdiWpDX7FNk,https://www.youtube.com/watch?v=mdiWpDX7FNk,5 KIA/HYUNDAI QUE NO DEBERÍAS COMPRAR Y 5 QUE SI *CarsLatino*,828.0,,videos,https://i.ytimg.com/vi/mdiWpDX7FNk/hqdefault.jpg?sqp=-oaymwEcCNACELwBSFXyq4qpAw4IARUAAIhCGAFwAcABBg==&rs=AOn4CLA8YwzFoWBIT0nRs_cWSA4PmS-uzA,CarsLatino,external-reference,embed_link_and_summarize_only
ZOeraTmTsNk,https://www.youtube.com/watch?v=ZOeraTmTsNk,7 Casos de Transmisiones Manuales Defectuosas *CarsLatino*,905.0,,videos,https://i.ytimg.com/vi/ZOeraTmTsNk/hqdefault.jpg?sqp=-oaymwEcCNACELwBSFXyq4qpAw4IARUAAIhCGAFwAcABBg==&rs=AOn4CLBgzNLpSlHVP0inX2xOMUojZY43Lw,CarsLatino,external-reference,embed_link_and_summarize_only
QKFR6Ci3_wQ,https://www.youtube.com/watch?v=QKFR6Ci3_wQ,Los 10 Autos Mas Regresados el Primer Año Por Sus Dueños *CarsLatino*,805.0,,videos,https://i.ytimg.com/vi/QKFR6Ci3_wQ/hqdefault.jpg?sqp=-oaymwEcCNACELwBSFXyq4qpAw4IARUAAIhCGAFwAcABBg==&rs=AOn4CLCDpfQhxoRuCrrWoJNj03F4pHHKrg,CarsLatino,external-reference,embed_link_and_summarize_only
l61C3C5Db2g,https://www.youtube.com/watch?v=l61C3C5Db2g,5 cosas que NO ME GUSTAN del Kia Stinger *CarsLatino*,592.0,,videos,https://i.ytimg.com/vi/l61C3C5Db2g/hqdefault.jpg?sqp=-oaymwEcCNACELwBSFXyq4qpAw4IARUAAIhCGAFwAcABBg==&rs=AOn4CLCCSsXAXFNqYa2vaxjrJRa33MIhFg,CarsLatino,external-reference,embed_link_and_summarize_only
YlJtlJdWZZ4,https://www.youtube.com/watch?v=YlJtlJdWZZ4,TOP 10 Autos Baratos que NO debes comprar *CarsLatino*,718.0,,videos,https://i.ytimg.com/vi/YlJtlJdWZZ4/hqdefault.jpg?sqp=-oaymwEcCNACELwBSFXyq4qpAw4IARUAAIhCGAFwAcABBg==&rs=AOn4CLA75SOfWJLK5O2Ga7vkJrJTb2Tq1w,CarsLatino,external-reference,embed_link_and_summarize_only
_6weuQPTUQE,https://www.youtube.com/watch?v=_6weuQPTUQE,Las 7 Transmisiones Automáticas Mas Confiables *CarsLatino*,634.0,,videos,https://i.ytimg.com/vi/_6weuQPTUQE/hqdefault.jpg?sqp=-oaymwEcCNACELwBSFXyq4qpAw4IARUAAIhCGAFwAcABBg==&rs=AOn4CLCqkbuNTiS2AxFeLguxRgOv7Svy8g,CarsLatino,external-reference,embed_link_and_summarize_only
_ALKpHqbtLc,https://www.youtube.com/watch?v=_ALKpHqbtLc,10 AUTOS QUE LOS DUEÑOS MAS SE ARREPIENTEN DE HABER COMPRADO (2022) (Consumer Reports) *CarsLatino*,636.0,,videos,https://i.ytimg.com/vi/_ALKpHqbtLc/hqdefault.jpg?sqp=-oaymwEcCNACELwBSFXyq4qpAw4IARUAAIhCGAFwAcABBg==&rs=AOn4CLB3HPtF9TFW3Su5nLLwXfQi3fopzA,CarsLatino,external-reference,embed_link_and_summarize_only
Gkq9e5oFv4M,https://www.youtube.com/watch?v=Gkq9e5oFv4M,5 ACCIONES QUE TE HACEN UN MAL CONDUCTOR *CarsLatino*,516.0,,videos,https://i.ytimg.com/vi/Gkq9e5oFv4M/hqdefault.jpg?sqp=-oaymwEcCNACELwBSFXyq4qpAw4IARUAAIhCGAFwAcABBg==&rs=AOn4CLCheyWRUSmted2rA-4jVD5ez-7hiA,CarsLatino,external-reference,embed_link_and_summarize_only
Z1osowesVL0,https://www.youtube.com/watch?v=Z1osowesVL0,Los 7 Mejores Autos Fiat de la Historia *CarsLatino*,533.0,,videos,https://i.ytimg.com/vi/Z1osowesVL0/hqdefault.jpg?sqp=-oaymwEcCNACELwBSFXyq4qpAw4IARUAAIhCGAFwAcABBg==&rs=AOn4CLCzq_tx515y3d11v2b_ISFkDTYuCA,CarsLatino,external-reference,embed_link_and_summarize_only
vNxI2r0UG_8,https://www.youtube.com/watch?v=vNxI2r0UG_8,5 COSAS QUE ME GUSTAN DEL KIA STINGER *Carslatino*,620.0,,videos,https://i.ytimg.com/vi/vNxI2r0UG_8/hqdefault.jpg?sqp=-oaymwEcCNACELwBSFXyq4qpAw4IARUAAIhCGAFwAcABBg==&rs=AOn4CLBwf9GrGT5HwZadDYNQ7Q_mCELzMw,CarsLatino,external-reference,embed_link_and_summarize_only
dz57ZSyIbfY,https://www.youtube.com/watch?v=dz57ZSyIbfY,AUTOS EN FACEBOOK MARKETPLACE (Parte 5) *CarsLatino*,767.0,,videos,https://i.ytimg.com/vi/dz57ZSyIbfY/hqdefault.jpg?sqp=-oaymwEcCNACELwBSFXyq4qpAw4IARUAAIhCGAFwAcABBg==&rs=AOn4CLCBOgcWrMWHnVqrGdQjT1Mh2IQWOg,CarsLatino,external-reference,embed_link_and_summarize_only
fXT7t8iqQ2o,https://www.youtube.com/watch?v=fXT7t8iqQ2o,10 AUTOS QUE LOS DUEÑOS MAS SE ALEGRAN DE HABER COMPRADO  (2022) (Consumer Reports) *CarsLatino*,646.0,,videos,https://i.ytimg.com/vi/fXT7t8iqQ2o/hqdefault.jpg?sqp=-oaymwEcCNACELwBSFXyq4qpAw4IARUAAIhCGAFwAcABBg==&rs=AOn4CLBJFwPm4pKgxvmiKFAx4qiqh7IiYw,CarsLatino,external-reference,embed_link_and_summarize_only
-_hMLzpezWw,https://www.youtube.com/watch?v=-_hMLzpezWw,CAMBIÉ MI MERCEDES POR UN KIA!! (NUEVO AUTO) *CarsLatino*,759.0,,videos,https://i.ytimg.com/vi/-_hMLzpezWw/hqdefault.jpg?sqp=-oaymwEcCNACELwBSFXyq4qpAw4IARUAAIhCGAFwAcABBg==&rs=AOn4CLCv2wleGRdWbgqok2GYJe_QfuFbOg,CarsLatino,external-reference,embed_link_and_summarize_only
hdHiiz1hVk4,https://www.youtube.com/watch?v=hdHiiz1hVk4,8 SUPERAUTOS PELIGROSOS *CarsLatino*,732.0,,videos,https://i.ytimg.com/vi/hdHiiz1hVk4/hqdefault.jpg?sqp=-oaymwEcCNACELwBSFXyq4qpAw4IARUAAIhCGAFwAcABBg==&rs=AOn4CLCEsraE5gswTJL2FwcolTcMKHFmiQ,CarsLatino,external-reference,embed_link_and_summarize_only
EiBLWxJZwnY,https://www.youtube.com/watch?v=EiBLWxJZwnY,8 Modificaciones que ARRUINAN tu Auto de Diario *CarsLatino*,776.0,,videos,https://i.ytimg.com/vi/EiBLWxJZwnY/hqdefault.jpg?sqp=-oaymwEcCNACELwBSFXyq4qpAw4IARUAAIhCGAFwAcABBg==&rs=AOn4CLDVgWEwN_BaxjVIC2TWipTxbQbXvw,CarsLatino,external-reference,embed_link_and_summarize_only
RS3blZZbyfs,https://www.youtube.com/watch?v=RS3blZZbyfs,Las 10 Marcas Mas Confiables del 2022 (Consumer Reports) *CarsLatino*,640.0,,videos,https://i.ytimg.com/vi/RS3blZZbyfs/hqdefault.jpg?sqp=-oaymwEcCNACELwBSFXyq4qpAw4IARUAAIhCGAFwAcABBg==&rs=AOn4CLCKD0jVYYMLBv5xoxw1ZmLxt_4VzQ,CarsLatino,external-reference,embed_link_and_summarize_only
khzl1Z4qCLY,https://www.youtube.com/watch?v=khzl1Z4qCLY,EL AUTO MÁS VENDIDO DE CADA PAÍS (parte 2) *CarsLatino*,888.0,,videos,https://i.ytimg.com/vi/khzl1Z4qCLY/hqdefault.jpg?sqp=-oaymwEcCNACELwBSFXyq4qpAw4IARUAAIhCGAFwAcABBg==&rs=AOn4CLAKvg73tcFDYm3AXQ_pzaRB20tP1w,CarsLatino,external-reference,embed_link_and_summarize_only
LtkKy2F3jjI,https://www.youtube.com/watch?v=LtkKy2F3jjI,Los 10 MEJORES SUPERAUTOS DE LOS 2000´s (Con Gustingorriz) *CarsLatino*,773.0,,videos,https://i.ytimg.com/vi/LtkKy2F3jjI/hqdefault.jpg?sqp=-oaymwEcCNACELwBSFXyq4qpAw4IARUAAIhCGAFwAcABBg==&rs=AOn4CLB_kIBDD7WnLsGtJ5373XsJkZ0xAQ,CarsLatino,external-reference,embed_link_and_summarize_only
t3WRNAw5rF4,https://www.youtube.com/watch?v=t3WRNAw5rF4,"La DASHCAM Más INCREÍBLE Que He Visto ""AKEEYO 720° Mirror Dashcam"" *CarsLatino*",1060.0,,videos,https://i.ytimg.com/vi/t3WRNAw5rF4/hqdefault.jpg?sqp=-oaymwEcCNACELwBSFXyq4qpAw4IARUAAIhCGAFwAcABBg==&rs=AOn4CLCPckF5gXRiwFpk4baDmHjvfoprJQ,CarsLatino,external-reference,embed_link_and_summarize_only
QPiShg9Ztmo,https://www.youtube.com/watch?v=QPiShg9Ztmo,EL AUTO MÁS VENDIDO DE CADA PAÍS (parte 1) *CarsLatino*,696.0,,videos,https://i.ytimg.com/vi/QPiShg9Ztmo/hqdefault.jpg?sqp=-oaymwEcCNACELwBSFXyq4qpAw4IARUAAIhCGAFwAcABBg==&rs=AOn4CLCzrTkRsUpADhDAtiFNX6xRQw6mpw,CarsLatino,external-reference,embed_link_and_summarize_only
4chi8LZbuXc,https://www.youtube.com/watch?v=4chi8LZbuXc,Los 8 Superautos Modernos Mas Confiables!!  *CarsLatino*,577.0,,videos,https://i.ytimg.com/vi/4chi8LZbuXc/hqdefault.jpg?sqp=-oaymwEcCNACELwBSFXyq4qpAw4IARUAAIhCGAFwAcABBg==&rs=AOn4CLC7k12pS5WJEBEwlEvdz6beXROoHQ,CarsLatino,external-reference,embed_link_and_summarize_only
cfSIuxrOlKg,https://www.youtube.com/watch?v=cfSIuxrOlKg,Las 10 Marcas Menos Confiables del 2022 (Consumer Reports) *CarsLatino*,619.0,,videos,https://i.ytimg.com/vi/cfSIuxrOlKg/hqdefault.jpg?sqp=-oaymwEcCNACELwBSFXyq4qpAw4IARUAAIhCGAFwAcABBg==&rs=AOn4CLCkpVjcZpTCK9IglHZOVMQTsW3Spw,CarsLatino,external-reference,embed_link_and_summarize_only
IsIdK5bmchI,https://www.youtube.com/watch?v=IsIdK5bmchI,AUTOS EN FACEBOOK MARKETPLACE (Parte 4) *CarsLatino*,819.0,,videos,https://i.ytimg.com/vi/IsIdK5bmchI/hqdefault.jpg?sqp=-oaymwEcCNACELwBSFXyq4qpAw4IARUAAIhCGAFwAcABBg==&rs=AOn4CLCiCqRkgnZps8NqH7A4BmU3MmbzKA,CarsLatino,external-reference,embed_link_and_summarize_only
tjcmT-as2-o,https://www.youtube.com/watch?v=tjcmT-as2-o,10 GRANDES AUTOS QUE NADIE COMPRO EN EL 2021 *CarsLatino*,593.0,,videos,https://i.ytimg.com/vi/tjcmT-as2-o/hqdefault.jpg?sqp=-oaymwEcCNACELwBSFXyq4qpAw4IARUAAIhCGAFwAcABBg==&rs=AOn4CLBcLIdcZD4-40scSFEFlXifIKPJmQ,CarsLatino,external-reference,embed_link_and_summarize_only
_Ss9N-rWiYo,https://www.youtube.com/watch?v=_Ss9N-rWiYo,LAS 10 PEORES MARCAS DEL 2022 *CarsLatino*,630.0,,videos,https://i.ytimg.com/vi/_Ss9N-rWiYo/hqdefault.jpg?sqp=-oaymwEcCNACELwBSFXyq4qpAw4IARUAAIhCGAFwAcABBg==&rs=AOn4CLDDcrgHqCVlrcwc9ISBr_IcUqMnag,CarsLatino,external-reference,embed_link_and_summarize_only
pAJU2TINMkc,https://www.youtube.com/watch?v=pAJU2TINMkc,5 TOYOTA QUE NO DEBERÍAS COMPRAR Y 5 QUE SI *CarsLatino*,673.0,,videos,https://i.ytimg.com/vi/pAJU2TINMkc/hqdefault.jpg?sqp=-oaymwEcCNACELwBSFXyq4qpAw4IARUAAIhCGAFwAcABBg==&rs=AOn4CLAkNl_Zof86t44UhBJFYT-43UbhNg,CarsLatino,external-reference,embed_link_and_summarize_only
s_vSWuWu3rc,https://www.youtube.com/watch?v=s_vSWuWu3rc,Los 10 Autos mas Confiables por Consumer Report 2022 *CarsLatino*,608.0,,videos,https://i.ytimg.com/vi/s_vSWuWu3rc/hqdefault.jpg?sqp=-oaymwEcCNACELwBSFXyq4qpAw4IARUAAIhCGAFwAcABBg==&rs=AOn4CLA0i8cFEC7VEyj914ufsSFzfaTumQ,CarsLatino,external-reference,embed_link_and_summarize_only
JLHTZ6EomTQ,https://www.youtube.com/watch?v=JLHTZ6EomTQ,LOS MG LOVERS FANBOYS (con El Dios De Los Autos) *CarsLatino*,674.0,,videos,https://i.ytimg.com/vi/JLHTZ6EomTQ/hqdefault.jpg?sqp=-oaymwEcCNACELwBSFXyq4qpAw4IARUAAIhCGAFwAcABBg==&rs=AOn4CLCUqB3mS_bOIdXQtmOsroA-tPLPLA,CarsLatino,external-reference,embed_link_and_summarize_only
zcOAazaVgHA,https://www.youtube.com/watch?v=zcOAazaVgHA,LAS 10 MEJORES MARCAS DEL 2022 *CarsLatino*,616.0,,videos,https://i.ytimg.com/vi/zcOAazaVgHA/hqdefault.jpg?sqp=-oaymwEcCNACELwBSFXyq4qpAw4IARUAAIhCGAFwAcABBg==&rs=AOn4CLDhaEcoarlVclAvmX_kie4aHFX6Zg,CarsLatino,external-reference,embed_link_and_summarize_only
cGxOEIxPC_U,https://www.youtube.com/watch?v=cGxOEIxPC_U,Los 10 Autos Nuevos MAS DEFECTUOSOS (2022) *CarsLatino*,641.0,,videos,https://i.ytimg.com/vi/cGxOEIxPC_U/hqdefault.jpg?sqp=-oaymwEcCNACELwBSFXyq4qpAw4IARUAAIhCGAFwAcABBg==&rs=AOn4CLCDIGdGchw6Z2-471Azi7b71nq6bw,CarsLatino,external-reference,embed_link_and_summarize_only
Z2oB2bfUGhY,https://www.youtube.com/watch?v=Z2oB2bfUGhY,LA INCREÍBLE HISTORIA DE FERRARI *CarsLatino*,1141.0,,videos,https://i.ytimg.com/vi/Z2oB2bfUGhY/hqdefault.jpg?sqp=-oaymwEcCNACELwBSFXyq4qpAw4IARUAAIhCGAFwAcABBg==&rs=AOn4CLCexW_hRVuqGN8l72J80mvWQTjtFg,CarsLatino,external-reference,embed_link_and_summarize_only
QxEIRY9w2W4,https://www.youtube.com/watch?v=QxEIRY9w2W4,"INEOS ahora hace AUTOS?? Recalls, Defectos y mas! (CarsLatinoShow Episodio 1)",934.0,,videos,https://i.ytimg.com/vi/QxEIRY9w2W4/hqdefault.jpg?sqp=-oaymwEcCNACELwBSFXyq4qpAw4IARUAAIhCGAFwAcABBg==&rs=AOn4CLDb2-Sy6T7x-dv8cUVIKmKBVIBpTQ,CarsLatino,external-reference,embed_link_and_summarize_only
BeP-u9xSHZM,https://www.youtube.com/watch?v=BeP-u9xSHZM,Los Nuevos Autos Que Llegarán Este 2022 (Parte 2) *CarsLatino*,566.0,,videos,https://i.ytimg.com/vi/BeP-u9xSHZM/hqdefault.jpg?sqp=-oaymwEcCNACELwBSFXyq4qpAw4IARUAAIhCGAFwAcABBg==&rs=AOn4CLC__z04RCUCp0lXGlOAnPS6OhaNPA,CarsLatino,external-reference,embed_link_and_summarize_only
HnVQO47Gydo,https://www.youtube.com/watch?v=HnVQO47Gydo,10 AUTOS QUE DESAPARECEN ESTE 2022 *CarsLatino*,667.0,,videos,https://i.ytimg.com/vi/HnVQO47Gydo/hqdefault.jpg?sqp=-oaymwEcCNACELwBSFXyq4qpAw4IARUAAIhCGAFwAcABBg==&rs=AOn4CLBcFnS1qHX14gN6A47mjVPLqWCAKw,CarsLatino,external-reference,embed_link_and_summarize_only
cay_opueVcc,https://www.youtube.com/watch?v=cay_opueVcc,7 Autos Wannabe (deportivos falsos) *CarsLatino*,714.0,,videos,https://i.ytimg.com/vi/cay_opueVcc/hqdefault.jpg?sqp=-oaymwEcCNACELwBSFXyq4qpAw4IARUAAIhCGAFwAcABBg==&rs=AOn4CLDaWvXNvMxc5Jsk2ixXVNFXNvn-CA,CarsLatino,external-reference,embed_link_and_summarize_only
KHzyHMKjVqw,https://www.youtube.com/watch?v=KHzyHMKjVqw,Los Nuevos Autos Que Llegarán Este 2022 *CarsLatino*,560.0,,videos,https://i.ytimg.com/vi/KHzyHMKjVqw/hqdefault.jpg?sqp=-oaymwEcCNACELwBSFXyq4qpAw4IARUAAIhCGAFwAcABBg==&rs=AOn4CLAUESSQ84B2l97MXRhIy4n5KE2Yxg,CarsLatino,external-reference,embed_link_and_summarize_only
bAghzveMeEQ,https://www.youtube.com/watch?v=bAghzveMeEQ,Los 10 Mejores Autos de Carrera En El Mundo (Parte 2) *CarsLatino*,895.0,,videos,https://i.ytimg.com/vi/bAghzveMeEQ/hqdefault.jpg?sqp=-oaymwEcCNACELwBSFXyq4qpAw4IARUAAIhCGAFwAcABBg==&rs=AOn4CLCl94sqGIFQAbFFsWLL0FQspRNrGA,CarsLatino,external-reference,embed_link_and_summarize_only
nc4qIB8JMMc,https://www.youtube.com/watch?v=nc4qIB8JMMc,7 FAILS del Mundo Automotor en el 2021 *CarsLatino*,631.0,,videos,https://i.ytimg.com/vi/nc4qIB8JMMc/hqdefault.jpg?sqp=-oaymwEcCNACELwBSFXyq4qpAw4IARUAAIhCGAFwAcABBg==&rs=AOn4CLDUqTejNOg1n1OaOq9v7ZEbAW7WsA,CarsLatino,external-reference,embed_link_and_summarize_only
YAR02QYWtiM,https://www.youtube.com/watch?v=YAR02QYWtiM,El Impactante Precio de los Automóviles en Singapur (parte 2) *CarsLatino*,663.0,,videos,https://i.ytimg.com/vi/YAR02QYWtiM/hqdefault.jpg?sqp=-oaymwEcCNACELwBSFXyq4qpAw4IARUAAIhCGAFwAcABBg==&rs=AOn4CLA96qm83IkeGcJ75R2G9psPlCCkdA,CarsLatino,external-reference,embed_link_and_summarize_only
O56mtRUfzDQ,https://www.youtube.com/watch?v=O56mtRUfzDQ,7 AUTOS ICÓNICOS DECEPCIONANTES *CarsLatino*,665.0,,videos,https://i.ytimg.com/vi/O56mtRUfzDQ/hqdefault.jpg?sqp=-oaymwEcCNACELwBSFXyq4qpAw4IARUAAIhCGAFwAcABBg==&rs=AOn4CLAD7TWjsoL9j5LcNNmDEUn66JxUkw,CarsLatino,external-reference,embed_link_and_summarize_only
yIDCcL0gbD4,https://www.youtube.com/watch?v=yIDCcL0gbD4,5 NISSAN QUE NO DEBERÍAS COMPRAR Y 5 QUE SI *CarsLatino*,852.0,,videos,https://i.ytimg.com/vi/yIDCcL0gbD4/hqdefault.jpg?sqp=-oaymwEcCNACELwBSFXyq4qpAw4IARUAAIhCGAFwAcABBg==&rs=AOn4CLBlOcm69veU2J2iYQjyE3mmoq6cZQ,CarsLatino,external-reference,embed_link_and_summarize_only
liAwJBeEjmw,https://www.youtube.com/watch?v=liAwJBeEjmw,INTENTANDO REPARAR PROBLEMAS ELECTRICOS DE UN MERCEDES (Parte 2) *CarsLatino*,566.0,,videos,https://i.ytimg.com/vi/liAwJBeEjmw/hqdefault.jpg?sqp=-oaymwEcCNACELwBSFXyq4qpAw4IARUAAIhCGAFwAcABBg==&rs=AOn4CLBKEC6MRNcMN1Qfl1DbqoHB0PdyEA,CarsLatino,external-reference,embed_link_and_summarize_only
XsYE8m1-Mic,https://www.youtube.com/watch?v=XsYE8m1-Mic,7 SLEEPERS QUE NO SABÍAS QUE EXISTÍAN *CarsLatino*,668.0,,videos,https://i.ytimg.com/vi/XsYE8m1-Mic/hqdefault.jpg?sqp=-oaymwEcCNACELwBSFXyq4qpAw4IARUAAIhCGAFwAcABBg==&rs=AOn4CLCClHMHAFKf5mIaqeodW7leT5GxfQ,CarsLatino,external-reference,embed_link_and_summarize_only
RYhAGHRNfQ8,https://www.youtube.com/watch?v=RYhAGHRNfQ8,10 VERSIONES EXTREMAS DE AUTOS NORMALES *CarsLatino*,749.0,,videos,https://i.ytimg.com/vi/RYhAGHRNfQ8/hqdefault.jpg?sqp=-oaymwEcCNACELwBSFXyq4qpAw4IARUAAIhCGAFwAcABBg==&rs=AOn4CLCL5ecAYiK88_BS0V0yqNcmHEsdYg,CarsLatino,external-reference,embed_link_and_summarize_only
Zje3oTOWcFg,https://www.youtube.com/watch?v=Zje3oTOWcFg,AUTOS COMPARTIDOS ENTRE MARCAS (Parte 5) *CarsLatino*,590.0,,videos,https://i.ytimg.com/vi/Zje3oTOWcFg/hqdefault.jpg?sqp=-oaymwEcCNACELwBSFXyq4qpAw4IARUAAIhCGAFwAcABBg==&rs=AOn4CLBQv73I2xqVqwMH9tduvNOBjh7vuw,CarsLatino,external-reference,embed_link_and_summarize_only
FibbtIgE9tM,https://www.youtube.com/watch?v=FibbtIgE9tM,10 INCREIBLES AUTOS QUE CASI LLEGAN A LA CALLES *CarsLatino*,823.0,,videos,https://i.ytimg.com/vi/FibbtIgE9tM/hqdefault.jpg?sqp=-oaymwEcCNACELwBSFXyq4qpAw4IARUAAIhCGAFwAcABBg==&rs=AOn4CLD6qU6J-RTYM_xDLZM_ydJB5b7Ifw,CarsLatino,external-reference,embed_link_and_summarize_only
GlJCEfb6Ytc,https://www.youtube.com/watch?v=GlJCEfb6Ytc,7 AUTOS INCREIBLES CON MOTOR DE F1 *CarsLatino*,728.0,,videos,https://i.ytimg.com/vi/GlJCEfb6Ytc/hqdefault.jpg?sqp=-oaymwEcCNACELwBSFXyq4qpAw4IARUAAIhCGAFwAcABBg==&rs=AOn4CLAb1zA1ywnETg8juIZDb9EKYz14VQ,CarsLatino,external-reference,embed_link_and_summarize_only
kbYW8bskgYw,https://www.youtube.com/watch?v=kbYW8bskgYw,AUTOS EN FACEBOOK MARKETPLACE (Parte 3) *CarsLatino*,729.0,,videos,https://i.ytimg.com/vi/kbYW8bskgYw/hqdefault.jpg?sqp=-oaymwEcCNACELwBSFXyq4qpAw4IARUAAIhCGAFwAcABBg==&rs=AOn4CLAezkLBAcM2PvEQ5tSDcg8qKuvfnA,CarsLatino,external-reference,embed_link_and_summarize_only
IJDTCy3DXVo,https://www.youtube.com/watch?v=IJDTCy3DXVo,LOS 10 LLAMADOS A REVISION MAS RAROS Y RIDICULOS DE LA HISTORIA *CarsLatino*,884.0,,videos,https://i.ytimg.com/vi/IJDTCy3DXVo/hqdefault.jpg?sqp=-oaymwEcCNACELwBSFXyq4qpAw4IARUAAIhCGAFwAcABBg==&rs=AOn4CLAs5-9m_YNE3JuycQ383j428Rfq-A,CarsLatino,external-reference,embed_link_and_summarize_only
h5OOJEu5uIQ,https://www.youtube.com/watch?v=h5OOJEu5uIQ,10 AUTOS DE LUJO DECEPCIONANTES *CarsLatino*,895.0,,videos,https://i.ytimg.com/vi/h5OOJEu5uIQ/hqdefault.jpg?sqp=-oaymwEcCNACELwBSFXyq4qpAw4IARUAAIhCGAFwAcABBg==&rs=AOn4CLCqXOkPyJTi-WOviY_4EmpOOeOv3w,CarsLatino,external-reference,embed_link_and_summarize_only
6rhc32LsscQ,https://www.youtube.com/watch?v=6rhc32LsscQ,LA INCREÍBLE HISTORIA DEL FERRARI F40 *CarsLatino*,645.0,,videos,https://i.ytimg.com/vi/6rhc32LsscQ/hqdefault.jpg?sqp=-oaymwEcCNACELwBSFXyq4qpAw4IARUAAIhCGAFwAcABBg==&rs=AOn4CLDhowmLR2VkV3Qw4edhB9Cp6yGCxg,CarsLatino,external-reference,embed_link_and_summarize_only
6FPe17Hb180,https://www.youtube.com/watch?v=6FPe17Hb180,5 MERCEDES BENZ QUE NO DEBERÍAS COMPRAR Y 5 QUE SI *CarsLatino*,850.0,,videos,https://i.ytimg.com/vi/6FPe17Hb180/hqdefault.jpg?sqp=-oaymwEcCNACELwBSFXyq4qpAw4IARUAAIhCGAFwAcABBg==&rs=AOn4CLBKBxX1fJFMhgxnPOhTgymvF6sy5Q,CarsLatino,external-reference,embed_link_and_summarize_only
h9Rah5Pbpvk,https://www.youtube.com/watch?v=h9Rah5Pbpvk,6 RAZONES POR LAS QUE LOS AUTOMÓVILES DE PURISTAS SE FUERON Y NO VOLVERÁN *CarsLatino*,686.0,,videos,https://i.ytimg.com/vi/h9Rah5Pbpvk/hqdefault.jpg?sqp=-oaymwEcCNACELwBSFXyq4qpAw4IARUAAIhCGAFwAcABBg==&rs=AOn4CLA33d0l-Ee_90gXkolfapmHSZYycQ,CarsLatino,external-reference,embed_link_and_summarize_only
9ZUxw1QLCyA,https://www.youtube.com/watch?v=9ZUxw1QLCyA,14 AUTOS NUEVOS QUE PODRÍAN INCENDIARSE (parte 2) *CarsLatino*,530.0,,videos,https://i.ytimg.com/vi/9ZUxw1QLCyA/hqdefault.jpg?sqp=-oaymwEcCNACELwBSFXyq4qpAw4IARUAAIhCGAFwAcABBg==&rs=AOn4CLBUfCawhokCTYhjKHBvmoG9vaIPqA,CarsLatino,external-reference,embed_link_and_summarize_only
ghy9WCb16NI,https://www.youtube.com/watch?v=ghy9WCb16NI,"7 AUTOS QUE NO PARECEN CONFIABLES, PERO LO SON! *CarsLatino*",691.0,,videos,https://i.ytimg.com/vi/ghy9WCb16NI/hqdefault.jpg?sqp=-oaymwEcCNACELwBSFXyq4qpAw4IARUAAIhCGAFwAcABBg==&rs=AOn4CLCH-wurPESPdcOPvHkzB1QOUN4tsw,CarsLatino,external-reference,embed_link_and_summarize_only
tmQbHrD9M3g,https://www.youtube.com/watch?v=tmQbHrD9M3g,14 AUTOS NUEVOS QUE PODRÍAN INCENDIARSE (parte 1) *CarsLatino*,677.0,,videos,https://i.ytimg.com/vi/tmQbHrD9M3g/hqdefault.jpg?sqp=-oaymwEcCNACELwBSFXyq4qpAw4IARUAAIhCGAFwAcABBg==&rs=AOn4CLBwg1kb00MuC9W6xncuUn00ApXIPw,CarsLatino,external-reference,embed_link_and_summarize_only
WPnnHlUQovE,https://www.youtube.com/watch?v=WPnnHlUQovE,COMO NO COMPRAR UN AUTO (CarTalk) *CarsLatino*,989.0,,videos,https://i.ytimg.com/vi/WPnnHlUQovE/hqdefault.jpg?sqp=-oaymwEcCNACELwBSFXyq4qpAw4IARUAAIhCGAFwAcABBg==&rs=AOn4CLCOKMq3sGgADiaR86PGy353U87PVA,CarsLatino,external-reference,embed_link_and_summarize_only
eK12qGZLRKE,https://www.youtube.com/watch?v=eK12qGZLRKE,LOS 7 AUTOS CON LOS PEORES CONDUCTORES *CarsLatino*,645.0,,videos,https://i.ytimg.com/vi/eK12qGZLRKE/hqdefault.jpg?sqp=-oaymwEcCNACELwBSFXyq4qpAw4IARUAAIhCGAFwAcABBg==&rs=AOn4CLDnaq8u_YRBMdqOfFY7GXtFwHCzbg,CarsLatino,external-reference,embed_link_and_summarize_only
_ZlemkAfJxk,https://www.youtube.com/watch?v=_ZlemkAfJxk,LAS 7 CAMIONETAS NUEVAS MAS HERMOSAS *CarsLatino*,575.0,,videos,https://i.ytimg.com/vi/_ZlemkAfJxk/hqdefault.jpg?sqp=-oaymwEcCNACELwBSFXyq4qpAw4IARUAAIhCGAFwAcABBg==&rs=AOn4CLBxjKFeYQeI9tUc2HgTVmMGYquuXQ,CarsLatino,external-reference,embed_link_and_summarize_only
eTrNr6NtUIE,https://www.youtube.com/watch?v=eTrNr6NtUIE,10 AUTOS NUEVOS PARA PURISTAS *CarsLatino*,742.0,,videos,https://i.ytimg.com/vi/eTrNr6NtUIE/hqdefault.jpg?sqp=-oaymwEcCNACELwBSFXyq4qpAw4IARUAAIhCGAFwAcABBg==&rs=AOn4CLBp6KqFy75rNI4bE3SnPpegwN2scA,CarsLatino,external-reference,embed_link_and_summarize_only
rq2i9_ZmkUk,https://www.youtube.com/watch?v=rq2i9_ZmkUk,7 AUTOS MAS CAROS DE MANTENER DESPUES DE 10 AÑOS *CarsLatino*,529.0,,videos,https://i.ytimg.com/vi/rq2i9_ZmkUk/hqdefault.jpg?sqp=-oaymwEcCNACELwBSFXyq4qpAw4IARUAAIhCGAFwAcABBg==&rs=AOn4CLDUhdMXeY5wY6SRmNQZE0mIIiNDEg,CarsLatino,external-reference,embed_link_and_summarize_only
Lo9pKndWP5U,https://www.youtube.com/watch?v=Lo9pKndWP5U,"7 AUTOS QUE PARECEN CONFIABLES, PERO NO LO SON! *CarsLatino*",638.0,,videos,https://i.ytimg.com/vi/Lo9pKndWP5U/hqdefault.jpg?sqp=-oaymwEcCNACELwBSFXyq4qpAw4IARUAAIhCGAFwAcABBg==&rs=AOn4CLDyBVXgkhLnzA6YQj3S2-YiDH0D0w,CarsLatino,external-reference,embed_link_and_summarize_only
AnHbh2eKU_w,https://www.youtube.com/watch?v=AnHbh2eKU_w,7 AUTOS MODERNOS QUE QUEMAN ACEITE (Consumer Reports) *CarsLatino*,647.0,,videos,https://i.ytimg.com/vi/AnHbh2eKU_w/hqdefault.jpg?sqp=-oaymwEcCNACELwBSFXyq4qpAw4IARUAAIhCGAFwAcABBg==&rs=AOn4CLBCS3i5JjZhV9kaipGsd37cFOWm3g,CarsLatino,external-reference,embed_link_and_summarize_only
WzPEJZmMEok,https://www.youtube.com/watch?v=WzPEJZmMEok,5 MAZDAS QUE NO DEBERÍAS COMPRAR Y 5 QUE SI *CarsLatino*,752.0,,videos,https://i.ytimg.com/vi/WzPEJZmMEok/hqdefault.jpg?sqp=-oaymwEcCNACELwBSFXyq4qpAw4IARUAAIhCGAFwAcABBg==&rs=AOn4CLDxRCbDTlUr5-bk4F7QX-HmDIe0ng,CarsLatino,external-reference,embed_link_and_summarize_only
WcrUFOcMYuo,https://www.youtube.com/watch?v=WcrUFOcMYuo,COMO ME ESTAFARON CON MI SEGUNDO SUBARU IMPREZA *CarsLatino*,1022.0,,videos,https://i.ytimg.com/vi/WcrUFOcMYuo/hqdefault.jpg?sqp=-oaymwEcCNACELwBSFXyq4qpAw4IARUAAIhCGAFwAcABBg==&rs=AOn4CLAnvDpKSkhPnHz6EpOFGmvaGVWfng,CarsLatino,external-reference,embed_link_and_summarize_only
ZxX18cmtIZw,https://www.youtube.com/watch?v=ZxX18cmtIZw,7 INCREÍBLES AUTOS USADOS POR EL PRECIO DE UN COMPACTO NUEVO! *CarsLatino*,514.0,,videos,https://i.ytimg.com/vi/ZxX18cmtIZw/hqdefault.jpg?sqp=-oaymwEcCNACELwBSFXyq4qpAw4IARUAAIhCGAFwAcABBg==&rs=AOn4CLBc1S-KSK_pL-TJC5aapDtiS9WOdQ,CarsLatino,external-reference,embed_link_and_summarize_only
YCMFurWSs1s,https://www.youtube.com/watch?v=YCMFurWSs1s,LOS PEORES AUTOS DE LA ULTIMA DÉCADA (2010-2020)  Parte 3 *CarsLatino*,786.0,,videos,https://i.ytimg.com/vi/YCMFurWSs1s/hqdefault.jpg?sqp=-oaymwEcCNACELwBSFXyq4qpAw4IARUAAIhCGAFwAcABBg==&rs=AOn4CLBr_L5UNFJshq_zHqRAm-K77CbGbA,CarsLatino,external-reference,embed_link_and_summarize_only
5KDXOZWknfo,https://www.youtube.com/watch?v=5KDXOZWknfo,Los 7 AUTOS Mas Baratos de México *CarsLatino*,643.0,,videos,https://i.ytimg.com/vi/5KDXOZWknfo/hqdefault.jpg?sqp=-oaymwEcCNACELwBSFXyq4qpAw4IARUAAIhCGAFwAcABBg==&rs=AOn4CLBPa1tDvn_kl4IGmBcb7HIMajCjMw,CarsLatino,external-reference,embed_link_and_summarize_only
m4FYG9eDk9M,https://www.youtube.com/watch?v=m4FYG9eDk9M,10 INCREIBLES AUTOS LATINOAMERICANOS *CarsLatino*,713.0,,videos,https://i.ytimg.com/vi/m4FYG9eDk9M/hqdefault.jpg?sqp=-oaymwEcCNACELwBSFXyq4qpAw4IARUAAIhCGAFwAcABBg==&rs=AOn4CLDDMspTFAEVubF54ghusQVkyxYmUA,CarsLatino,external-reference,embed_link_and_summarize_only
hsMM-B4vKOA,https://www.youtube.com/watch?v=hsMM-B4vKOA,LOS 10 MEJORES INTERIORES DE AUTOS EN EL 2021 *CarsLatino*,775.0,,videos,https://i.ytimg.com/vi/hsMM-B4vKOA/hqdefault.jpg?sqp=-oaymwEcCNACELwBSFXyq4qpAw4IARUAAIhCGAFwAcABBg==&rs=AOn4CLDC3tjZPTtYFfjjbUqIrHs5RnmLzw,CarsLatino,external-reference,embed_link_and_summarize_only
ExolnsETzRY,https://www.youtube.com/watch?v=ExolnsETzRY,10 FRACASOS EN LA INDUSTRIA AUTOMOTRIZ *CarsLatino*,850.0,,videos,https://i.ytimg.com/vi/ExolnsETzRY/hqdefault.jpg?sqp=-oaymwEcCNACELwBSFXyq4qpAw4IARUAAIhCGAFwAcABBg==&rs=AOn4CLC7a8dI_nsjv83Qq4yjW_ywjAykkg,CarsLatino,external-reference,embed_link_and_summarize_only
agJ78ex6DjA,https://www.youtube.com/watch?v=agJ78ex6DjA,Los 7 Motores Mas Confiables Del Mundo (Parte 1) *CarsLatino*,554.0,,videos,https://i.ytimg.com/vi/agJ78ex6DjA/hqdefault.jpg?sqp=-oaymwEcCNACELwBSFXyq4qpAw4IARUAAIhCGAFwAcABBg==&rs=AOn4CLD2nsIhiKWCOmVkalp228VWTiKj-A,CarsLatino,external-reference,embed_link_and_summarize_only
Efp9aJ_1PIs,https://www.youtube.com/watch?v=Efp9aJ_1PIs,LA INCREIBLE HISTORIA DEL NISSAN SKYLINE *CarsLatino*,910.0,,videos,https://i.ytimg.com/vi/Efp9aJ_1PIs/hqdefault.jpg?sqp=-oaymwEcCNACELwBSFXyq4qpAw4IARUAAIhCGAFwAcABBg==&rs=AOn4CLDurK5Fbv4DBH0Qu8a221F2SoLt6A,CarsLatino,external-reference,embed_link_and_summarize_only
LT2cRWJERiM,https://www.youtube.com/watch?v=LT2cRWJERiM,FORD REGISTRA EL NOMBRE SKYLINE Y MAS!! *CarsLatino*,501.0,,videos,https://i.ytimg.com/vi/LT2cRWJERiM/hqdefault.jpg?sqp=-oaymwEcCNACELwBSFXyq4qpAw4IARUAAIhCGAFwAcABBg==&rs=AOn4CLCU2TDokH4UL0mm2inQ4Tr50auVNw,CarsLatino,external-reference,embed_link_and_summarize_only
YAXbiwo9_aw,https://www.youtube.com/watch?v=YAXbiwo9_aw,10 GRANDES AUTOS QUE NADIE COMPRO EN EL 2020 (Consumer Reports) *CarsLatino*,664.0,,videos,https://i.ytimg.com/vi/YAXbiwo9_aw/hqdefault.jpg?sqp=-oaymwEcCNACELwBSFXyq4qpAw4IARUAAIhCGAFwAcABBg==&rs=AOn4CLBz5H32e8ZygPkkUSLW7_RJljYnEg,CarsLatino,external-reference,embed_link_and_summarize_only
ZKINdLyvz4E,https://www.youtube.com/watch?v=ZKINdLyvz4E,5 HONDAS QUE NO DEBERÍAS COMPRAR Y 5 QUE SI *CarsLatino*,684.0,,videos,https://i.ytimg.com/vi/ZKINdLyvz4E/hqdefault.jpg?sqp=-oaymwEcCNACELwBSFXyq4qpAw4IARUAAIhCGAFwAcABBg==&rs=AOn4CLCQzr25i8tY5KwpY-mCFq-Xlu969g,CarsLatino,external-reference,embed_link_and_summarize_only
ejUxsbzjafM,https://www.youtube.com/watch?v=ejUxsbzjafM,EL MEJOR SUPERAUTO DE CADA PAÍS (PARTE 1) *CarsLatino*,819.0,,videos,https://i.ytimg.com/vi/ejUxsbzjafM/hqdefault.jpg?sqp=-oaymwEcCNACELwBSFXyq4qpAw4IARUAAIhCGAFwAcABBg==&rs=AOn4CLCEI-vZRjbdwJPtaM2ulIGdHzFkIg,CarsLatino,external-reference,embed_link_and_summarize_only
Pd7Mz_sQp18,https://www.youtube.com/watch?v=Pd7Mz_sQp18,10 AUTOS USADOS A LOS QUE LES FALLARÁ EL MOTOR (PARTE 2) *CarsLatino*,641.0,,videos,https://i.ytimg.com/vi/Pd7Mz_sQp18/hqdefault.jpg?sqp=-oaymwEcCNACELwBSFXyq4qpAw4IARUAAIhCGAFwAcABBg==&rs=AOn4CLD4Ff5oO-szAK1VM1s9tTyzEPzYZw,CarsLatino,external-reference,embed_link_and_summarize_only
cgOPZGqg5vE,https://www.youtube.com/watch?v=cgOPZGqg5vE,LOS 10 AUTOS MAS IMPORTANTES DE LA HISTORIA *CarsLatino*,811.0,,videos,https://i.ytimg.com/vi/cgOPZGqg5vE/hqdefault.jpg?sqp=-oaymwEcCNACELwBSFXyq4qpAw4IARUAAIhCGAFwAcABBg==&rs=AOn4CLBc24U3LH3wT08L7XDZJPdLF82itg,CarsLatino,external-reference,embed_link_and_summarize_only
RSn52IPbMbY,https://www.youtube.com/watch?v=RSn52IPbMbY,INTENTANDO REPARAR PROBLEMAS ELECTRICOS DE UN MERCEDES *CarsLatino*,601.0,,videos,https://i.ytimg.com/vi/RSn52IPbMbY/hqdefault.jpg?sqp=-oaymwEcCNACELwBSFXyq4qpAw4IARUAAIhCGAFwAcABBg==&rs=AOn4CLAp0OabJOCgkr3vqSKldtc8e4XkRw,CarsLatino,external-reference,embed_link_and_summarize_only
yyB2uL3FoM8,https://www.youtube.com/watch?v=yyB2uL3FoM8,5 VOLKSWAGEN QUE NO DEBERÍAS COMPRAR Y 5 QUE SI *CarsLatino*,807.0,,videos,https://i.ytimg.com/vi/yyB2uL3FoM8/hqdefault.jpg?sqp=-oaymwEcCNACELwBSFXyq4qpAw4IARUAAIhCGAFwAcABBg==&rs=AOn4CLDQ8wmXP-n8t08zQcv0mjEbabNmqA,CarsLatino,external-reference,embed_link_and_summarize_only
J0IPTmo3DUM,https://www.youtube.com/watch?v=J0IPTmo3DUM,16 DATOS INCREIBLES DEL ORIGEN DE LA F1 (+ Hablamos del GP de Azerbaiyan),885.0,,videos,https://i.ytimg.com/vi/J0IPTmo3DUM/hqdefault.jpg?sqp=-oaymwEcCNACELwBSFXyq4qpAw4IARUAAIhCGAFwAcABBg==&rs=AOn4CLCqT8GKKbPew-49iNgMjSZdfYpSPw,CarsLatino,external-reference,embed_link_and_summarize_only
Ew8UOEGf8nc,https://www.youtube.com/watch?v=Ew8UOEGf8nc,10 AUTOS USADOS A LOS QUE LES FALLARÁ EL MOTOR *CarsLatino*,791.0,,videos,https://i.ytimg.com/vi/Ew8UOEGf8nc/hqdefault.jpg?sqp=-oaymwEcCNACELwBSFXyq4qpAw4IARUAAIhCGAFwAcABBg==&rs=AOn4CLA1ES8lsXaAkoFwM9jkFzjLcYTj1Q,CarsLatino,external-reference,embed_link_and_summarize_only
2CpyC8oTn2w,https://www.youtube.com/watch?v=2CpyC8oTn2w,SOBREVALORADOS VS SUBVALUADOS! (AUTOS Y MARCAS PARTE 2) *CarsLatino*,690.0,,videos,https://i.ytimg.com/vi/2CpyC8oTn2w/hqdefault.jpg?sqp=-oaymwEcCNACELwBSFXyq4qpAw4IARUAAIhCGAFwAcABBg==&rs=AOn4CLDqtcyh70iZkIfecSF8wSthuW-cIg,CarsLatino,external-reference,embed_link_and_summarize_only
uCvYi3R1U4U,https://www.youtube.com/watch?v=uCvYi3R1U4U,7 COSAS QUE ME GUSTAN DEL MERCEDES C180 *Carslatino*,673.0,,videos,https://i.ytimg.com/vi/uCvYi3R1U4U/hqdefault.jpg?sqp=-oaymwEcCNACELwBSFXyq4qpAw4IARUAAIhCGAFwAcABBg==&rs=AOn4CLACRK6wh7AxHPYgLpYrmoArwG8v_Q,CarsLatino,external-reference,embed_link_and_summarize_only
n5JtmpysCAc,https://www.youtube.com/watch?v=n5JtmpysCAc,4 MARCAS QUE PODRIAN DESAPARECER Y 4 QUE DEBERIAN REGRESAR *CarsLatino*,612.0,,videos,https://i.ytimg.com/vi/n5JtmpysCAc/hqdefault.jpg?sqp=-oaymwEcCNACELwBSFXyq4qpAw4IARUAAIhCGAFwAcABBg==&rs=AOn4CLDMQ368i7MRMT4Fhb0cbe6H7msXNA,CarsLatino,external-reference,embed_link_and_summarize_only
-1Qaz4yuWZU,https://www.youtube.com/watch?v=-1Qaz4yuWZU,7 COSAS QUE NO ME GUSTAN DEL MERCEDES C180 *Carslatino*,917.0,,videos,https://i.ytimg.com/vi/-1Qaz4yuWZU/hqdefault.jpg?sqp=-oaymwEcCNACELwBSFXyq4qpAw4IARUAAIhCGAFwAcABBg==&rs=AOn4CLACbwLOxTHED4_o66N7u1WbgOs8YA,CarsLatino,external-reference,embed_link_and_summarize_only
3Son_-sSbeg,https://www.youtube.com/watch?v=3Son_-sSbeg,AUTOS COMPARTIDOS ENTRE MARCAS (Parte 4) *CarsLatino*,743.0,,videos,https://i.ytimg.com/vi/3Son_-sSbeg/hqdefault.jpg?sqp=-oaymwEcCNACELwBSFXyq4qpAw4IARUAAIhCGAFwAcABBg==&rs=AOn4CLDhHJmwNfXNyI5Jj-WQu7pU8KuKDw,CarsLatino,external-reference,embed_link_and_summarize_only
kb_Xv-tequc,https://www.youtube.com/watch?v=kb_Xv-tequc,AUTOS EN FACEBOOK MARKETPLACE (PARTE 2) *CarsLatino*??? --JUP--,830.0,,videos,https://i.ytimg.com/vi/kb_Xv-tequc/hqdefault.jpg?sqp=-oaymwEcCNACELwBSFXyq4qpAw4IARUAAIhCGAFwAcABBg==&rs=AOn4CLDCRw7Oxj7it0saeLGNUCYy9MbT7Q,CarsLatino,external-reference,embed_link_and_summarize_only
4TnwgpcwNAI,https://www.youtube.com/watch?v=4TnwgpcwNAI,10 CAMIONETAS QUE SUS DUEÑOS SE ARREPIENTEN DE HABER COMPRADO *CarsLatino*,653.0,,videos,https://i.ytimg.com/vi/4TnwgpcwNAI/hqdefault.jpg?sqp=-oaymwEcCNACELwBSFXyq4qpAw4IARUAAIhCGAFwAcABBg==&rs=AOn4CLDqUf3uYC_Ydjg-IQ8ckeFnaBbDQQ,CarsLatino,external-reference,embed_link_and_summarize_only
WAtHk06kc5k,https://www.youtube.com/watch?v=WAtHk06kc5k,PROBLEMAS CON LA POLICIA EN USA *CarsLatino*,754.0,,videos,https://i.ytimg.com/vi/WAtHk06kc5k/hqdefault.jpg?sqp=-oaymwEcCNACELwBSFXyq4qpAw4IARUAAIhCGAFwAcABBg==&rs=AOn4CLBDpPPsv4q-hLAeZkuM9zUVYeXHrw,CarsLatino,external-reference,embed_link_and_summarize_only
kF2-M4bFErc,https://www.youtube.com/watch?v=kF2-M4bFErc,¿Mi Esposa Podrá Reconocer Todos Estos Autos?  (Parte 3) *CarsLatino*,907.0,,videos,https://i.ytimg.com/vi/kF2-M4bFErc/hqdefault.jpg?sqp=-oaymwEcCNACELwBSFXyq4qpAw4IARUAAIhCGAFwAcABBg==&rs=AOn4CLDhvTnESuQsiU0zg-5-UQZflkxZUg,CarsLatino,external-reference,embed_link_and_summarize_only
WDLTIMjm3C4,https://www.youtube.com/watch?v=WDLTIMjm3C4,10 AUTOS DESCONTINUADOS QUE DEBEN REGRESAR *CarsLatino*,863.0,,videos,https://i.ytimg.com/vi/WDLTIMjm3C4/hqdefault.jpg?sqp=-oaymwEcCNACELwBSFXyq4qpAw4IARUAAIhCGAFwAcABBg==&rs=AOn4CLATkBZN0RHUhaDCwlr6WT8H4Ze8Mw,CarsLatino,external-reference,embed_link_and_summarize_only
Rv9jXZowVj4,https://www.youtube.com/watch?v=Rv9jXZowVj4,LOS 11 SUPERAUTOS MAS HORRIBLES DEL MUNDO *CarsLatino*,675.0,,videos,https://i.ytimg.com/vi/Rv9jXZowVj4/hqdefault.jpg?sqp=-oaymwEcCNACELwBSFXyq4qpAw4IARUAAIhCGAFwAcABBg==&rs=AOn4CLDGn-lSV_Q5CbcCvgqbY4VPONxgyQ,CarsLatino,external-reference,embed_link_and_summarize_only
U9XFsfIUJWk,https://www.youtube.com/watch?v=U9XFsfIUJWk,5 DODGE QUE NO DEBERÍAS COMPRAR Y 5 QUE SI *CarsLatino*,792.0,,videos,https://i.ytimg.com/vi/U9XFsfIUJWk/hqdefault.jpg?sqp=-oaymwEcCNACELwBSFXyq4qpAw4IARUAAIhCGAFwAcABBg==&rs=AOn4CLC7i0dD20VZfihRScxOJFClcukuEQ,CarsLatino,external-reference,embed_link_and_summarize_only
9dIUqoxu0bw,https://www.youtube.com/watch?v=9dIUqoxu0bw,EL DESTINO DEL 3000GT Y EL SONIDO DEL SUBEXUS V8 TURBO!! *CarsLatino*,856.0,,videos,https://i.ytimg.com/vi/9dIUqoxu0bw/hqdefault.jpg?sqp=-oaymwEcCNACELwBSFXyq4qpAw4IARUAAIhCGAFwAcABBg==&rs=AOn4CLDvgAehvruwY-FMsMRqbRTjoRKaOQ,CarsLatino,external-reference,embed_link_and_summarize_only
kux1YwiEO6E,https://www.youtube.com/watch?v=kux1YwiEO6E,LOS AUTOS MANUALES NUEVOS MAS CONFIABLES! *CarsLatino*,702.0,,videos,https://i.ytimg.com/vi/kux1YwiEO6E/hqdefault.jpg?sqp=-oaymwEcCNACELwBSFXyq4qpAw4IARUAAIhCGAFwAcABBg==&rs=AOn4CLDbGezP5dovsKNzz3rwV_nkKgM3CA,CarsLatino,external-reference,embed_link_and_summarize_only
_7riba7-HL0,https://www.youtube.com/watch?v=_7riba7-HL0,TENEMOS NUEVO AUTO!! Y DIO MUCHO DE QUE HABLAR *CarsLatino*,811.0,,videos,https://i.ytimg.com/vi/_7riba7-HL0/hqdefault.jpg?sqp=-oaymwEcCNACELwBSFXyq4qpAw4IARUAAIhCGAFwAcABBg==&rs=AOn4CLBzEAdJuu_tmrMP6l0sGswZN_DSWg,CarsLatino,external-reference,embed_link_and_summarize_only
bC02ZJDCS08,https://www.youtube.com/watch?v=bC02ZJDCS08,10 AUTOS QUE YA NO RECOMIENDA CONSUMER REPORTS *Carslatino*,589.0,,videos,https://i.ytimg.com/vi/bC02ZJDCS08/hqdefault.jpg?sqp=-oaymwEcCNACELwBSFXyq4qpAw4IARUAAIhCGAFwAcABBg==&rs=AOn4CLDMg1LTvOV5TsvealoCWOaTATiolg,CarsLatino,external-reference,embed_link_and_summarize_only
s7OkSqSSuUk,https://www.youtube.com/watch?v=s7OkSqSSuUk,LOS MEJORES DEPORTIVOS JAPONESES MODERNOS (RESUBIDO) *CarsLatino*,735.0,,videos,https://i.ytimg.com/vi/s7OkSqSSuUk/hqdefault.jpg?sqp=-oaymwEcCNACELwBSFXyq4qpAw4IARUAAIhCGAFwAcABBg==&rs=AOn4CLBDLqgPvgcttrtn79jcZcAQZ_liGg,CarsLatino,external-reference,embed_link_and_summarize_only
QMzSs-aRWt8,https://www.youtube.com/watch?v=QMzSs-aRWt8,5 AUTOMOVILES QUE FRACASARON BRUTALMENTE *CarsLatino*,746.0,,videos,https://i.ytimg.com/vi/QMzSs-aRWt8/hqdefault.jpg?sqp=-oaymwEcCNACELwBSFXyq4qpAw4IARUAAIhCGAFwAcABBg==&rs=AOn4CLC9JvSA-bqBh4xZL8NqVmZLkI084Q,CarsLatino,external-reference,embed_link_and_summarize_only
y0OYDwXI6u0,https://www.youtube.com/watch?v=y0OYDwXI6u0,10 SUPERAUTOS CON MOTORES COMUNES *CarsLatino*,646.0,,videos,https://i.ytimg.com/vi/y0OYDwXI6u0/hqdefault.jpg?sqp=-oaymwEcCNACELwBSFXyq4qpAw4IARUAAIhCGAFwAcABBg==&rs=AOn4CLAf1BbXd7ln-UEfVIibFAN_x_Ar-A,CarsLatino,external-reference,embed_link_and_summarize_only
ICNKMvr3jq0,https://www.youtube.com/watch?v=ICNKMvr3jq0,LAS MEJORES COMPAÑIAS DE AUTOS 2021 (Por CONSUMER REPORTS) *CarsLatino*,670.0,,videos,https://i.ytimg.com/vi/ICNKMvr3jq0/hqdefault.jpg?sqp=-oaymwEcCNACELwBSFXyq4qpAw4IARUAAIhCGAFwAcABBg==&rs=AOn4CLCZMmRacFtcYgIwddgWCe7ps_MY0Q,CarsLatino,external-reference,embed_link_and_summarize_only
igyd2hcx3Do,https://www.youtube.com/watch?v=igyd2hcx3Do,LOS AUTOS MAS VENDIDOS Y POPULARES DEL MUNDO (EN EL 2020) *CarsLatino*,566.0,,videos,https://i.ytimg.com/vi/igyd2hcx3Do/hqdefault.jpg?sqp=-oaymwEcCNACELwBSFXyq4qpAw4IARUAAIhCGAFwAcABBg==&rs=AOn4CLD9N0n9cAWoAbdjBXYrp1TF93rP8Q,CarsLatino,external-reference,embed_link_and_summarize_only
hPsBj2O1CWw,https://www.youtube.com/watch?v=hPsBj2O1CWw,8 AUTOS DECEPCIONANTES *CarsLatino*,820.0,,videos,https://i.ytimg.com/vi/hPsBj2O1CWw/hqdefault.jpg?sqp=-oaymwEcCNACELwBSFXyq4qpAw4IARUAAIhCGAFwAcABBg==&rs=AOn4CLDSm4OxZ7mfsdSL5m4cf4AGM-KrOw,CarsLatino,external-reference,embed_link_and_summarize_only
4DEGHjzAfXY,https://www.youtube.com/watch?v=4DEGHjzAfXY,7 AUTOS QUE INTENTARON MEJORAR Y TERMINARON PEOR (PARTE 2) *CarsLatino*,538.0,,videos,https://i.ytimg.com/vi/4DEGHjzAfXY/hqdefault.jpg?sqp=-oaymwEcCNACELwBSFXyq4qpAw4IARUAAIhCGAFwAcABBg==&rs=AOn4CLAX-XpLJ3DvanNOQyHq3uM1CdN9fQ,CarsLatino,external-reference,embed_link_and_summarize_only
2SjHmZTXf-0,https://www.youtube.com/watch?v=2SjHmZTXf-0,LOS 10 AUTOS MAS DEFECTUOSOS (Consumer Reports 2021) *CarsLatino*,701.0,,videos,https://i.ytimg.com/vi/2SjHmZTXf-0/hqdefault.jpg?sqp=-oaymwEcCNACELwBSFXyq4qpAw4IARUAAIhCGAFwAcABBg==&rs=AOn4CLD1Sjhw9qLNF756rEVEEIRKqFFu8A,CarsLatino,external-reference,embed_link_and_summarize_only
UG8nyyr599w,https://www.youtube.com/watch?v=UG8nyyr599w,SOBREVALORADOS VS SUBVALUADOS! (AUTOS Y MARCAS PARTE 1) *CarsLatino*,539.0,,videos,https://i.ytimg.com/vi/UG8nyyr599w/hqdefault.jpg?sqp=-oaymwEcCNACELwBSFXyq4qpAw4IARUAAIhCGAFwAcABBg==&rs=AOn4CLDUWQeASMTYrfHj_JzcmaHIElzZNA,CarsLatino,external-reference,embed_link_and_summarize_only
ComrDnHDaGI,https://www.youtube.com/watch?v=ComrDnHDaGI,Los 10 Autos mas Confiables por Consumer Report 2021 *CarsLatino*,639.0,,videos,https://i.ytimg.com/vi/ComrDnHDaGI/hqdefault.jpg?sqp=-oaymwEcCNACELwBSFXyq4qpAw4IARUAAIhCGAFwAcABBg==&rs=AOn4CLCZS7HMTLZslgPMENmK9daVBekxJg,CarsLatino,external-reference,embed_link_and_summarize_only
fHlaiQrnufs,https://www.youtube.com/watch?v=fHlaiQrnufs,MI SUBARU V8 VUELVE A LA VIDA! POR FIN! *CarsLatino*,986.0,,videos,https://i.ytimg.com/vi/fHlaiQrnufs/hqdefault.jpg?sqp=-oaymwEcCNACELwBSFXyq4qpAw4IARUAAIhCGAFwAcABBg==&rs=AOn4CLC2R7MSmb8OSCvg2WCcZrtsTUOvOg,CarsLatino,external-reference,embed_link_and_summarize_only
0g36IgAMljQ,https://www.youtube.com/watch?v=0g36IgAMljQ,5 CHEVROLET QUE NO DEBERÍAS COMPRAR... Y 5 QUE SI *CarsLatino*,643.0,,videos,https://i.ytimg.com/vi/0g36IgAMljQ/hqdefault.jpg?sqp=-oaymwEcCNACELwBSFXyq4qpAw4IARUAAIhCGAFwAcABBg==&rs=AOn4CLDH_z3Q7OM5zHQSUd0DC3WjfiQvNg,CarsLatino,external-reference,embed_link_and_summarize_only
dus4pKpbdw0,https://www.youtube.com/watch?v=dus4pKpbdw0,LAS 10 COMPAÑIAS MAS DEFECTUOSAS (Consumer Reports edición 2021) *CarsLatino*,683.0,,videos,https://i.ytimg.com/vi/dus4pKpbdw0/hqdefault.jpg?sqp=-oaymwEcCNACELwBSFXyq4qpAw4IARUAAIhCGAFwAcABBg==&rs=AOn4CLDCKU6-NIiM9XZHlUTEHgJ0b_gfuQ,CarsLatino,external-reference,embed_link_and_summarize_only
-5SZZrYA7_g,https://www.youtube.com/watch?v=-5SZZrYA7_g,El MCLAREN F1 PERDIDO EN MÉXICO! *CarsLatino*,560.0,,videos,https://i.ytimg.com/vi/-5SZZrYA7_g/hqdefault.jpg?sqp=-oaymwEcCNACELwBSFXyq4qpAw4IARUAAIhCGAFwAcABBg==&rs=AOn4CLCbIq6dSkIaqprdKWhuEpKp73wfTg,CarsLatino,external-reference,embed_link_and_summarize_only
c03S8vOQ9Hw,https://www.youtube.com/watch?v=c03S8vOQ9Hw,LAS 10 PICK UPS Y SUVS MAS ESPERADAS del 2021 *CarsLatino*,608.0,,videos,https://i.ytimg.com/vi/c03S8vOQ9Hw/hqdefault.jpg?sqp=-oaymwEcCNACELwBSFXyq4qpAw4IARUAAIhCGAFwAcABBg==&rs=AOn4CLCEjT4O_FojtAdKjRvAMYuKbSYTOA,CarsLatino,external-reference,embed_link_and_summarize_only
w7pbedvQy0U,https://www.youtube.com/watch?v=w7pbedvQy0U,10 AUTOS QUE NOS DEJARON ESTE 2020 *CarsLatino*,652.0,,videos,https://i.ytimg.com/vi/w7pbedvQy0U/hqdefault.jpg?sqp=-oaymwEcCNACELwBSFXyq4qpAw4IARUAAIhCGAFwAcABBg==&rs=AOn4CLCKPk7eEFfplBb-qh6h9TUe430z0g,CarsLatino,external-reference,embed_link_and_summarize_only
0reMU07Nua4,https://www.youtube.com/watch?v=0reMU07Nua4,Los 9 Mejores Mugen *CarsLatino*,584.0,,videos,https://i.ytimg.com/vi/0reMU07Nua4/hqdefault.jpg?sqp=-oaymwEcCNACELwBSFXyq4qpAw4IARUAAIhCGAFwAcABBg==&rs=AOn4CLCF5mmSjVmLWq0K6QooIBCiRgOtRA,CarsLatino,external-reference,embed_link_and_summarize_only
qnB00hzx8Jo,https://www.youtube.com/watch?v=qnB00hzx8Jo,Los 10 Autos MAS ESPERADOS del 2021 *CarsLatino*,606.0,,videos,https://i.ytimg.com/vi/qnB00hzx8Jo/hqdefault.jpg?sqp=-oaymwEcCNACELwBSFXyq4qpAw4IARUAAIhCGAFwAcABBg==&rs=AOn4CLCAzO0vQrDlktST30GMojjkC3oQfw,CarsLatino,external-reference,embed_link_and_summarize_only
lTX7OogJT6w,https://www.youtube.com/watch?v=lTX7OogJT6w,¿QUÉ PASÓ DESPUÉS DE LA LEYENDA? AE86 (Episodio 1) *CarsLatino*,484.0,,videos,https://i.ytimg.com/vi/lTX7OogJT6w/hqdefault.jpg?sqp=-oaymwEcCNACELwBSFXyq4qpAw4IARUAAIhCGAFwAcABBg==&rs=AOn4CLCUeaP1TSqXhvzunxXRlEdd2Qu6IA,CarsLatino,external-reference,embed_link_and_summarize_only
epyCOwyl188,https://www.youtube.com/watch?v=epyCOwyl188,5 AUTOS que PERDIERON su PRESTIGIO *CarsLatino*,613.0,,videos,https://i.ytimg.com/vi/epyCOwyl188/hqdefault.jpg?sqp=-oaymwEcCNACELwBSFXyq4qpAw4IARUAAIhCGAFwAcABBg==&rs=AOn4CLBFMCINuTZrZOlKOmt1hiDalVNRHA,CarsLatino,external-reference,embed_link_and_summarize_only
ohKO6eRkaNA,https://www.youtube.com/watch?v=ohKO6eRkaNA,SORPRENDÍ A MI PAPÁ EN NAVIDAD (Parte 1) *CarsLatino*,627.0,,videos,https://i.ytimg.com/vi/ohKO6eRkaNA/hqdefault.jpg?sqp=-oaymwEcCNACELwBSFXyq4qpAw4IARUAAIhCGAFwAcABBg==&rs=AOn4CLCkrXTCHdnKtwgCeI9U-hY6L3mU4Q,CarsLatino,external-reference,embed_link_and_summarize_only
bENdurmnHjA,https://www.youtube.com/watch?v=bENdurmnHjA,Motores a Detalle! - Toyota UZ y JZ (Parte 1) *CarsLatino*,542.0,,videos,https://i.ytimg.com/vi/bENdurmnHjA/hqdefault.jpg?sqp=-oaymwEcCNACELwBSFXyq4qpAw4IARUAAIhCGAFwAcABBg==&rs=AOn4CLBOp1tifNrn6-BFMzz4IS2VWDGPyw,CarsLatino,external-reference,embed_link_and_summarize_only
hk1lhsliynw,https://www.youtube.com/watch?v=hk1lhsliynw,LOS MEJORES Y PEORES PILOTOS DE LA F1 EN EL 2020 *CarsLatino*,635.0,,videos,https://i.ytimg.com/vi/hk1lhsliynw/hqdefault.jpg?sqp=-oaymwEcCNACELwBSFXyq4qpAw4IARUAAIhCGAFwAcABBg==&rs=AOn4CLBnbOfnC4dUQpRboVtE8Hgyll7E3g,CarsLatino,external-reference,embed_link_and_summarize_only
_hWNVWIECAA,https://www.youtube.com/watch?v=_hWNVWIECAA,15 AUTOS MODERNOS QUE SE OXIDAN *CarsLatino*,592.0,,videos,https://i.ytimg.com/vi/_hWNVWIECAA/hqdefault.jpg?sqp=-oaymwEcCNACELwBSFXyq4qpAw4IARUAAIhCGAFwAcABBg==&rs=AOn4CLDbJ4IHTV4_CzbiJB8Aw8oe7RU-hQ,CarsLatino,external-reference,embed_link_and_summarize_only
dqDgMVPR3tA,https://www.youtube.com/watch?v=dqDgMVPR3tA,LOS MEJORES AUTOS DE FCA *CarsLatino*,802.0,,videos,https://i.ytimg.com/vi/dqDgMVPR3tA/hqdefault.jpg?sqp=-oaymwEcCNACELwBSFXyq4qpAw4IARUAAIhCGAFwAcABBg==&rs=AOn4CLDs1Uld7MoB9IxdqEOQV0-9yxFrgg,CarsLatino,external-reference,embed_link_and_summarize_only
koRUh1rfhXE,https://www.youtube.com/watch?v=koRUh1rfhXE,PREGUNTAS Y RESPUESTAS 21 *CarsLatino*,1012.0,,videos,https://i.ytimg.com/vi/koRUh1rfhXE/hqdefault.jpg?sqp=-oaymwEcCNACELwBSFXyq4qpAw4IARUAAIhCGAFwAcABBg==&rs=AOn4CLCcw0stweeiwHoacVMjsHkk220YtA,CarsLatino,external-reference,embed_link_and_summarize_only
g_XXgWdaiIY,https://www.youtube.com/watch?v=g_XXgWdaiIY,PILOTO DE F1 VOLVIÓ A NACER!! EL MILAGRO DE ROMAIN GROSJEAN *CarsLatino* (RESUBIDO),598.0,,videos,https://i.ytimg.com/vi/g_XXgWdaiIY/hqdefault.jpg?sqp=-oaymwEcCNACELwBSFXyq4qpAw4IARUAAIhCGAFwAcABBg==&rs=AOn4CLA0epNMrKNdEMJ2lyl-CwmO0WGy_w,CarsLatino,external-reference,embed_link_and_summarize_only
pzYpmdDEvuY,https://www.youtube.com/watch?v=pzYpmdDEvuY,AUTOS EN FACEBOOK MARKETPLACE (PARTE 1) *CarsLatino*??? --JUP--,989.0,,videos,https://i.ytimg.com/vi/pzYpmdDEvuY/hqdefault.jpg?sqp=-oaymwEcCNACELwBSFXyq4qpAw4IARUAAIhCGAFwAcABBg==&rs=AOn4CLDb11u70pkC_U6tVeXC5GPq89EA2g,CarsLatino,external-reference,embed_link_and_summarize_only
0lDVnk1JNLQ,https://www.youtube.com/watch?v=0lDVnk1JNLQ,El Extraño Mundo de Los Automóviles en China (Parte 2) *CarsLatino*,501.0,,videos,https://i.ytimg.com/vi/0lDVnk1JNLQ/hqdefault.jpg?sqp=-oaymwEcCNACELwBSFXyq4qpAw4IARUAAIhCGAFwAcABBg==&rs=AOn4CLAtEHp51RfzPUDpTUtfC2ITqB-qzQ,CarsLatino,external-reference,embed_link_and_summarize_only
L-dATZJX20s,https://www.youtube.com/watch?v=L-dATZJX20s,TENEMOS EL TURBO! *CarsLatino* (Parte 3) (Subexus WRX400) *CarsLatino*,826.0,,videos,https://i.ytimg.com/vi/L-dATZJX20s/hqdefault.jpg?sqp=-oaymwEcCNACELwBSFXyq4qpAw4IARUAAIhCGAFwAcABBg==&rs=AOn4CLAQYjO5g6kckmOyEv0Fasbv6L6pDA,CarsLatino,external-reference,embed_link_and_summarize_only
FkUVzIiVc60,https://www.youtube.com/watch?v=FkUVzIiVc60,Los 10 Autos Antiguos Mas Iconicos de Alemania (Parte 1) *Carslatino*,674.0,,videos,https://i.ytimg.com/vi/FkUVzIiVc60/hqdefault.jpg?sqp=-oaymwEcCNACELwBSFXyq4qpAw4IARUAAIhCGAFwAcABBg==&rs=AOn4CLBGvTkyWDasFYqm73yG52yNK2yfig,CarsLatino,external-reference,embed_link_and_summarize_only
oLX0_SxB9zU,https://www.youtube.com/watch?v=oLX0_SxB9zU,EL RECORD DE VELOCIDAD DEL SSC TUATARA PODRÍA SER FALSO!! *CarsLatino*,752.0,,videos,https://i.ytimg.com/vi/oLX0_SxB9zU/hqdefault.jpg?sqp=-oaymwEcCNACELwBSFXyq4qpAw4IARUAAIhCGAFwAcABBg==&rs=AOn4CLBi9o7W5pY2DENZ_tuZKrYxifpFwQ,CarsLatino,external-reference,embed_link_and_summarize_only
D0aDS4mk5iA,https://www.youtube.com/watch?v=D0aDS4mk5iA,MUCHOS AVANCES!! SUBARU IMPREZA V8 TURBO (Parte 2) (Subexus WRX400) *CarsLatino*,849.0,,videos,https://i.ytimg.com/vi/D0aDS4mk5iA/hqdefault.jpg?sqp=-oaymwEcCNACELwBSFXyq4qpAw4IARUAAIhCGAFwAcABBg==&rs=AOn4CLCCEYQq1uzsq6dUdKbaG6SCWRq4XQ,CarsLatino,external-reference,embed_link_and_summarize_only
25RJtnMejCk,https://www.youtube.com/watch?v=25RJtnMejCk,3 AUTOS DEMASIADO PELIGROSOS!! EN LA HISTORIA *CarsLatino*,514.0,,videos,https://i.ytimg.com/vi/25RJtnMejCk/hqdefault.jpg?sqp=-oaymwEcCNACELwBSFXyq4qpAw4IARUAAIhCGAFwAcABBg==&rs=AOn4CLDms3_PR4Vz4aq7xjFpEKfSaM6Q3g,CarsLatino,external-reference,embed_link_and_summarize_only
-_wYK6bMjs0,https://www.youtube.com/watch?v=-_wYK6bMjs0,CAMBIOS AL HONDA CIVIC! SSC TUATARA! GMC HUMMER EV Y MAS! - CLN ep1 - *CarsLatino*,728.0,,videos,https://i.ytimg.com/vi/-_wYK6bMjs0/hqdefault.jpg?sqp=-oaymwEcCNACELwBSFXyq4qpAw4IARUAAIhCGAFwAcABBg==&rs=AOn4CLAfkPDC-IwtIUGZd8WpT3EEuFU6lQ,CarsLatino,external-reference,embed_link_and_summarize_only
BilW8CAfQVI,https://www.youtube.com/watch?v=BilW8CAfQVI,¿Y LOS TOPS? - Platiquemos sobre el Canal! *CarsLatino*,615.0,,videos,https://i.ytimg.com/vi/BilW8CAfQVI/hqdefault.jpg?sqp=-oaymwEcCNACELwBSFXyq4qpAw4IARUAAIhCGAFwAcABBg==&rs=AOn4CLCHayg-lFDw7JMda3zpXNb2zesfKA,CarsLatino,external-reference,embed_link_and_summarize_only
3wQfMR7vJ4M,https://www.youtube.com/watch?v=3wQfMR7vJ4M,NUEVOS RINES AL MITSUBISHI 3000GT!! *CarsLatino*,687.0,,videos,https://i.ytimg.com/vi/3wQfMR7vJ4M/hqdefault.jpg?sqp=-oaymwEcCNACELwBSFXyq4qpAw4IARUAAIhCGAFwAcABBg==&rs=AOn4CLB0eyZBgPeCglJ2FQbrXo3TGcp0GA,CarsLatino,external-reference,embed_link_and_summarize_only
A09hztb3qmg,https://www.youtube.com/watch?v=A09hztb3qmg,METIENDO UN V8 EN EL SUBARU IMPREZA (Parte 1) (Subexus WRX400) *CarsLatino*,656.0,,videos,https://i.ytimg.com/vi/A09hztb3qmg/hqdefault.jpg?sqp=-oaymwEcCNACELwBSFXyq4qpAw4IARUAAIhCGAFwAcABBg==&rs=AOn4CLDisVgSAQl1a1wPSxQk1zdk0rX7ZA,CarsLatino,external-reference,embed_link_and_summarize_only
-yzzgsjU4Kc,https://www.youtube.com/watch?v=-yzzgsjU4Kc,BANEADO DE POR VIDA EN UNA SOLA CARRERA (LUCA CORBERI) *CarsLatino*,483.0,,videos,https://i.ytimg.com/vi/-yzzgsjU4Kc/hqdefault.jpg?sqp=-oaymwEcCNACELwBSFXyq4qpAw4IARUAAIhCGAFwAcABBg==&rs=AOn4CLCnfdBytjF9P9Aa00oD56cznhdWWg,CarsLatino,external-reference,embed_link_and_summarize_only
UBn_zcIQs-8,https://www.youtube.com/watch?v=UBn_zcIQs-8,LOS 7 MEJORES SUBCOMPACTOS DEL 2020 *CarsLatino*,627.0,,videos,https://i.ytimg.com/vi/UBn_zcIQs-8/hqdefault.jpg?sqp=-oaymwEcCNACELwBSFXyq4qpAw4IARUAAIhCGAFwAcABBg==&rs=AOn4CLBh_aWe8U4S91gXKNwLT-KCoSUMTw,CarsLatino,external-reference,embed_link_and_summarize_only
syufZTrbIdk,https://www.youtube.com/watch?v=syufZTrbIdk,LOS 7 PEORES SUBCOMPACTOS DEL 2020 *CarsLatino*,586.0,,videos,https://i.ytimg.com/vi/syufZTrbIdk/hqdefault.jpg?sqp=-oaymwEcCNACELwBSFXyq4qpAw4IARUAAIhCGAFwAcABBg==&rs=AOn4CLB2LsS0i3COYkvmpo11UjJS7d1Mgw,CarsLatino,external-reference,embed_link_and_summarize_only
W_k1_7byris,https://www.youtube.com/watch?v=W_k1_7byris,IMPREZA V8 RWD - REGRESA EL PROYECTO CON MUCHOS CAMBIOS! (Subexus WRX400) *CarsLatino*,836.0,,videos,https://i.ytimg.com/vi/W_k1_7byris/hqdefault.jpg?sqp=-oaymwEcCNACELwBSFXyq4qpAw4IARUAAIhCGAFwAcABBg==&rs=AOn4CLBfgivmj79Yf8vhLyd_kf-uzX5QHA,CarsLatino,external-reference,embed_link_and_summarize_only
XMv7Z9KulXw,https://www.youtube.com/watch?v=XMv7Z9KulXw,5 PISTAS QUE ME ENCANTAN Y 5 QUE NO TANTO *CarsLatino*,830.0,,videos,https://i.ytimg.com/vi/XMv7Z9KulXw/hqdefault.jpg?sqp=-oaymwEcCNACELwBSFXyq4qpAw4IARUAAIhCGAFwAcABBg==&rs=AOn4CLAF3tUOOCoZhH8phhEUurxG1AG-hQ,CarsLatino,external-reference,embed_link_and_summarize_only
tyIjiNEtZso,https://www.youtube.com/watch?v=tyIjiNEtZso,MEJORANDO AL MITSUBISHI 3000GT! (Proyecto 3000gt - ep02) *CarsLatino*,830.0,,videos,https://i.ytimg.com/vi/tyIjiNEtZso/hqdefault.jpg?sqp=-oaymwEcCNACELwBSFXyq4qpAw4IARUAAIhCGAFwAcABBg==&rs=AOn4CLDy9dKjoIHjaS6shLMn6u1U6-1e6Q,CarsLatino,external-reference,embed_link_and_summarize_only
qXCoQ4ScF0Q,https://www.youtube.com/watch?v=qXCoQ4ScF0Q,COMPRÉ UN AUTO QUE HE QUERIDO DESDE HACE AÑOS! *CarsLatino*,753.0,,videos,https://i.ytimg.com/vi/qXCoQ4ScF0Q/hqdefault.jpg?sqp=-oaymwEcCNACELwBSFXyq4qpAw4IARUAAIhCGAFwAcABBg==&rs=AOn4CLDDnoBNZfaG2Y0729RV2nXuMTkPtw,CarsLatino,external-reference,embed_link_and_summarize_only
UMleJWjW0As,https://www.youtube.com/watch?v=UMleJWjW0As,¿QUE PASO CON EL DIOS DE LOS AUTOS? *CarsLatino*,890.0,,videos,https://i.ytimg.com/vi/UMleJWjW0As/hqdefault.jpg?sqp=-oaymwEcCNACELwBSFXyq4qpAw4IARUAAIhCGAFwAcABBg==&rs=AOn4CLDdrZew0jq_DQFQwgYUBlfhILp5zw,CarsLatino,external-reference,embed_link_and_summarize_only
byz3ony6vT8,https://www.youtube.com/watch?v=byz3ony6vT8,VERSIONES INCREÍBLEMENTE RARAS DE AUTOS CONOCIDOS *CarsLatino*,548.0,,videos,https://i.ytimg.com/vi/byz3ony6vT8/hqdefault.jpg?sqp=-oaymwEcCNACELwBSFXyq4qpAw4IARUAAIhCGAFwAcABBg==&rs=AOn4CLD8bHvk9AQp2PTLgrGqmqp71kCT7g,CarsLatino,external-reference,embed_link_and_summarize_only
Al6f-kR1fSM,https://www.youtube.com/watch?v=Al6f-kR1fSM,¿QUE AUTOS HE TENIDO? *CarsLatino*,1086.0,,videos,https://i.ytimg.com/vi/Al6f-kR1fSM/hqdefault.jpg?sqp=-oaymwEcCNACELwBSFXyq4qpAw4IARUAAIhCGAFwAcABBg==&rs=AOn4CLAghS6hXECJZqwmjpBdNyYd2KOjXA,CarsLatino,external-reference,embed_link_and_summarize_only
WsUGdaAbOqw,https://www.youtube.com/watch?v=WsUGdaAbOqw,LOS PEORES AUTOS DE LA ULTIMA DÉCADA (2010-2020) Parte 2 *CarsLatino*,606.0,,videos,https://i.ytimg.com/vi/WsUGdaAbOqw/hqdefault.jpg?sqp=-oaymwEcCNACELwBSFXyq4qpAw4IARUAAIhCGAFwAcABBg==&rs=AOn4CLACg4MnIP7JS8N7W9xxdUXg4zLieQ,CarsLatino,external-reference,embed_link_and_summarize_only
oSV9CxjwINY,https://www.youtube.com/watch?v=oSV9CxjwINY,¿EXISTEN REALMENTE LOS AUTOS MALOS? *CarsLatino*,703.0,,videos,https://i.ytimg.com/vi/oSV9CxjwINY/hqdefault.jpg?sqp=-oaymwEcCNACELwBSFXyq4qpAw4IARUAAIhCGAFwAcABBg==&rs=AOn4CLBNkwfgeaTuUNIi52gV0-uxRfWvbQ,CarsLatino,external-reference,embed_link_and_summarize_only
V-I2GjP4mQo,https://www.youtube.com/watch?v=V-I2GjP4mQo,ADIÓS MAZDA 3... HOLA NUEVO AUTO!! *CarsLatino*,910.0,,videos,https://i.ytimg.com/vi/V-I2GjP4mQo/hqdefault.jpg?sqp=-oaymwEcCNACELwBSFXyq4qpAw4IARUAAIhCGAFwAcABBg==&rs=AOn4CLDaH8pIR9knm576RCWacw9rKd5pQA,CarsLatino,external-reference,embed_link_and_summarize_only
VVjpMKrONZM,https://www.youtube.com/watch?v=VVjpMKrONZM,POR FIN!! LA EVOLUCIÓN DEL MCLAREN F1 *CarsLatino*,632.0,,videos,https://i.ytimg.com/vi/VVjpMKrONZM/hqdefault.jpg?sqp=-oaymwEcCNACELwBSFXyq4qpAw4IARUAAIhCGAFwAcABBg==&rs=AOn4CLDb6GKdAj6riFFZ45HOkj7UwtecHQ,CarsLatino,external-reference,embed_link_and_summarize_only
AgB9XQ_yXso,https://www.youtube.com/watch?v=AgB9XQ_yXso,6 FORD QUE NO DEBERÍAS COMPRAR... Y 6 QUE SI *CarsLatino*,728.0,,videos,https://i.ytimg.com/vi/AgB9XQ_yXso/hqdefault.jpg?sqp=-oaymwEcCNACELwBSFXyq4qpAw4IARUAAIhCGAFwAcABBg==&rs=AOn4CLAXTXis8pHa58_NbBBaqrdKYxpz4w,CarsLatino,external-reference,embed_link_and_summarize_only
LcPUORF1yxo,https://www.youtube.com/watch?v=LcPUORF1yxo,7 Automoviles que  Salvaron a sus Compañias de la Bancarrota (Parte 2) *CarsLatino*,717.0,,videos,https://i.ytimg.com/vi/LcPUORF1yxo/hqdefault.jpg?sqp=-oaymwEcCNACELwBSFXyq4qpAw4IARUAAIhCGAFwAcABBg==&rs=AOn4CLA7B2cIuUWBI9EfJDhq7jRMVCPSLA,CarsLatino,external-reference,embed_link_and_summarize_only
hsJ2fHju9gM,https://www.youtube.com/watch?v=hsJ2fHju9gM,LOS MEJORES AUTOS SEGÚN JD POWER *CarsLatino*,904.0,,videos,https://i.ytimg.com/vi/hsJ2fHju9gM/hqdefault.jpg?sqp=-oaymwEcCNACELwBSFXyq4qpAw4IARUAAIhCGAFwAcABBg==&rs=AOn4CLCXV_RQ-xAU5737WtPo6l0mrjTb3w,CarsLatino,external-reference,embed_link_and_summarize_only
-rJpMA0VVZM,https://www.youtube.com/watch?v=-rJpMA0VVZM,EL NSX DE NISSAN... *CarsLatino*,779.0,,videos,https://i.ytimg.com/vi/-rJpMA0VVZM/hqdefault.jpg?sqp=-oaymwEcCNACELwBSFXyq4qpAw4IARUAAIhCGAFwAcABBg==&rs=AOn4CLDJUMjj_9bs4c0z_yvDx7DX5Ey1SA,CarsLatino,external-reference,embed_link_and_summarize_only
ZrKq18XBAXs,https://www.youtube.com/watch?v=ZrKq18XBAXs,LOS PEORES AUTOS DE LA ULTIMA DÉCADA (2010-2020) Parte 1 *CarsLatino*,781.0,,videos,https://i.ytimg.com/vi/ZrKq18XBAXs/hqdefault.jpg?sqp=-oaymwEcCNACELwBSFXyq4qpAw4IARUAAIhCGAFwAcABBg==&rs=AOn4CLBeIatnXepQfiWCN34jsLmMGgJsEA,CarsLatino,external-reference,embed_link_and_summarize_only
zg7mXsUWDp4,https://www.youtube.com/watch?v=zg7mXsUWDp4,Datos INCREÍBLES del Bugatti EB110 *CarsLatino*,604.0,,videos,https://i.ytimg.com/vi/zg7mXsUWDp4/hqdefault.jpg?sqp=-oaymwEcCNACELwBSFXyq4qpAw4IARUAAIhCGAFwAcABBg==&rs=AOn4CLB27LyvjhBtdbjKhb_IZ5UCrcSNkA,CarsLatino,external-reference,embed_link_and_summarize_only
FNOHGx3DNH0,https://www.youtube.com/watch?v=FNOHGx3DNH0,LOS ÚLTIMOS AUTOS DE COMPAÑÍAS DESAPARECIDAS *CarsLatino*,760.0,,videos,https://i.ytimg.com/vi/FNOHGx3DNH0/hqdefault.jpg?sqp=-oaymwEcCNACELwBSFXyq4qpAw4IARUAAIhCGAFwAcABBg==&rs=AOn4CLBUjrSkIg4r0NbacXtUifzf5hkbhA,CarsLatino,external-reference,embed_link_and_summarize_only
BypVUu6eVOw,https://www.youtube.com/watch?v=BypVUu6eVOw,10 GRANDES AUTOS HECHOS JUNTO A LOTUS! *CarsLatino*,643.0,,videos,https://i.ytimg.com/vi/BypVUu6eVOw/hqdefault.jpg?sqp=-oaymwEcCNACELwBSFXyq4qpAw4IARUAAIhCGAFwAcABBg==&rs=AOn4CLDtqcVjY-VtgHuxalLwpjKxWPVtYA,CarsLatino,external-reference,embed_link_and_summarize_only
Z2fzFRiin8s,https://www.youtube.com/watch?v=Z2fzFRiin8s,10 GRANDES AUTOS QUE NADIE COMPRO EN EL 2019 *CarsLatino*,658.0,,videos,https://i.ytimg.com/vi/Z2fzFRiin8s/hqdefault.jpg?sqp=-oaymwEcCNACELwBSFXyq4qpAw4IARUAAIhCGAFwAcABBg==&rs=AOn4CLDQfTuu6CmWRKkKRZ23do8pwhvM-A,CarsLatino,external-reference,embed_link_and_summarize_only
tKGRfCv9Yrw,https://www.youtube.com/watch?v=tKGRfCv9Yrw,12 AUTOS MUY BARATOS QUE TENDRÍA EN MI GARAJE PERFECTO! *CarsLatino*,767.0,,videos,https://i.ytimg.com/vi/tKGRfCv9Yrw/hqdefault.jpg?sqp=-oaymwEcCNACELwBSFXyq4qpAw4IARUAAIhCGAFwAcABBg==&rs=AOn4CLB9XcKwvIEw8jnZ6dahwvq6sy-fCQ,CarsLatino,external-reference,embed_link_and_summarize_only
IsJaHl6QRgY,https://www.youtube.com/watch?v=IsJaHl6QRgY,Los 7 PEORES Subaru del Mundo *CarsLatino*,645.0,,videos,https://i.ytimg.com/vi/IsJaHl6QRgY/hqdefault.jpg?sqp=-oaymwEcCNACELwBSFXyq4qpAw4IARUAAIhCGAFwAcABBg==&rs=AOn4CLDbtDROUuDp6JKAbOllp6u0jBWD1A,CarsLatino,external-reference,embed_link_and_summarize_only
yoROLf-Drvw,https://www.youtube.com/watch?v=yoROLf-Drvw,IDEAS OBSOLETAS que deben DESAPARECER YA! (Car Talk)  *CarsLatino*,853.0,,videos,https://i.ytimg.com/vi/yoROLf-Drvw/hqdefault.jpg?sqp=-oaymwEcCNACELwBSFXyq4qpAw4IARUAAIhCGAFwAcABBg==&rs=AOn4CLAeL7dkvdURulEJ38DcZhOUdB0Kbw,CarsLatino,external-reference,embed_link_and_summarize_only
L2l_kV3HDVk,https://www.youtube.com/watch?v=L2l_kV3HDVk,Los 10 PEORES Convertibles del Mundo *CarsLatino*,746.0,,videos,https://i.ytimg.com/vi/L2l_kV3HDVk/hqdefault.jpg?sqp=-oaymwEcCNACELwBSFXyq4qpAw4IARUAAIhCGAFwAcABBg==&rs=AOn4CLDDUBYTgQUT6CyV_Gi-YrnPHRnDMw,CarsLatino,external-reference,embed_link_and_summarize_only
Y_srXjDtV5s,https://www.youtube.com/watch?v=Y_srXjDtV5s,¿Porque NUNCA veremos a la F1 en Nurburgring Nordschleife? *CarsLatino*,792.0,,videos,https://i.ytimg.com/vi/Y_srXjDtV5s/hqdefault.jpg?sqp=-oaymwEcCNACELwBSFXyq4qpAw4IARUAAIhCGAFwAcABBg==&rs=AOn4CLCJ1w1IW9kfkbRzYlrdxZXwIvlLgA,CarsLatino,external-reference,embed_link_and_summarize_only
0Jg2V6CIjUE,https://www.youtube.com/watch?v=0Jg2V6CIjUE,GUSTOS CULPOSOS DE LOS YOUTUBERS EXPUESTOS! *CarsLatino* (con VARIOS YOUTUBERS),716.0,,videos,https://i.ytimg.com/vi/0Jg2V6CIjUE/hqdefault.jpg?sqp=-oaymwEcCNACELwBSFXyq4qpAw4IARUAAIhCGAFwAcABBg==&rs=AOn4CLBCMsfgjLt6wBzov0jf76yvyhKFjw,CarsLatino,external-reference,embed_link_and_summarize_only
ng41QVcehes,https://www.youtube.com/watch?v=ng41QVcehes,AUTOS QUE CASI ARRUINAN A SUS COMPAÑIAS -  BMW 507 *CarsLatino*,635.0,,videos,https://i.ytimg.com/vi/ng41QVcehes/hqdefault.jpg?sqp=-oaymwEcCNACELwBSFXyq4qpAw4IARUAAIhCGAFwAcABBg==&rs=AOn4CLAOrznHB7s61NWnvKyzUyK8J3sGTA,CarsLatino,external-reference,embed_link_and_summarize_only
eywYFtS2GaU,https://www.youtube.com/watch?v=eywYFtS2GaU,10 AUTOS QUE LOS DUEÑOS MAS SE ALEGRAN DE HABER COMPRADO *CarsLatino*,639.0,,videos,https://i.ytimg.com/vi/eywYFtS2GaU/hqdefault.jpg?sqp=-oaymwEcCNACELwBSFXyq4qpAw4IARUAAIhCGAFwAcABBg==&rs=AOn4CLCNRFCoRp2i3Co2F_zvIIJe-Ikzxg,CarsLatino,external-reference,embed_link_and_summarize_only
z5IjPtZ9SDk,https://www.youtube.com/watch?v=z5IjPtZ9SDk,LAS 10 COMPAÑIAS MAS DEFECTUOSAS DEL 2020 (Consumer Reports) *CarsLatino*,737.0,,videos,https://i.ytimg.com/vi/z5IjPtZ9SDk/hqdefault.jpg?sqp=-oaymwEcCNACELwBSFXyq4qpAw4IARUAAIhCGAFwAcABBg==&rs=AOn4CLBOZRLkCDt7Sc_Op8g2pf2tRRFnKg,CarsLatino,external-reference,embed_link_and_summarize_only
el6tGPN0CvU,https://www.youtube.com/watch?v=el6tGPN0CvU,Preguntas y Respuestas 20! *CarsLatino*,884.0,,videos,https://i.ytimg.com/vi/el6tGPN0CvU/hqdefault.jpg?sqp=-oaymwEcCNACELwBSFXyq4qpAw4IARUAAIhCGAFwAcABBg==&rs=AOn4CLCIAKaszsIA86uAips9ghZ3Xo3oqA,CarsLatino,external-reference,embed_link_and_summarize_only
5zc0KfcUuxs,https://www.youtube.com/watch?v=5zc0KfcUuxs,LOS PEORES PILOTOS DE F1 EN LA HISTORIA *CarsLatino*,733.0,,videos,https://i.ytimg.com/vi/5zc0KfcUuxs/hqdefault.jpg?sqp=-oaymwEcCNACELwBSFXyq4qpAw4IARUAAIhCGAFwAcABBg==&rs=AOn4CLCnv-9M_8ay68pznJYCFrgHMNnAVA,CarsLatino,external-reference,embed_link_and_summarize_only
3LCCk1qlkBs,https://www.youtube.com/watch?v=3LCCk1qlkBs,LOS 10 MEJORES SUPERAUTOS DE LOS 90's (con Gustingorriz) *CarsLatino*,829.0,,videos,https://i.ytimg.com/vi/3LCCk1qlkBs/hqdefault.jpg?sqp=-oaymwEcCNACELwBSFXyq4qpAw4IARUAAIhCGAFwAcABBg==&rs=AOn4CLDuFXMLLwERYgscvdd3guUZlCFFIg,CarsLatino,external-reference,embed_link_and_summarize_only
kNR8WcrdEkk,https://www.youtube.com/watch?v=kNR8WcrdEkk,7 IDEAS QUE LAS EMPRESAS DE AUTOS NO HICIERON (O AÚN NO HAN HECHO) *CarsLatino*,922.0,,videos,https://i.ytimg.com/vi/kNR8WcrdEkk/hqdefault.jpg?sqp=-oaymwEcCNACELwBSFXyq4qpAw4IARUAAIhCGAFwAcABBg==&rs=AOn4CLB0ym4Bp0v5WiXmHTbJWapsa4P3Og,CarsLatino,external-reference,embed_link_and_summarize_only
bR-hZFx-NCs,https://www.youtube.com/watch?v=bR-hZFx-NCs,¿Qué le Pasó al Subaru Impreza V8?  (Subexus) *CarsLatino*,897.0,,videos,https://i.ytimg.com/vi/bR-hZFx-NCs/hqdefault.jpg?sqp=-oaymwEcCNACELwBSFXyq4qpAw4IARUAAIhCGAFwAcABBg==&rs=AOn4CLCNfHT-_2eNJTAF-IIb9ucZ5z3LbA,CarsLatino,external-reference,embed_link_and_summarize_only
WqciwQ2nInI,https://www.youtube.com/watch?v=WqciwQ2nInI,TODA LA VERDAD DETRAS DEL PORSCHE CARRERA GT EN NY (GEMBALLA MIRAGE GT) *CarsLatino*,754.0,,videos,https://i.ytimg.com/vi/WqciwQ2nInI/hqdefault.jpg?sqp=-oaymwEcCNACELwBSFXyq4qpAw4IARUAAIhCGAFwAcABBg==&rs=AOn4CLBbefGSlr_kgO-rrxkm6RDGkiRyHQ,CarsLatino,external-reference,embed_link_and_summarize_only
cfsESOAV_SE,https://www.youtube.com/watch?v=cfsESOAV_SE,Mis 10 Juegos de Autos Favoritos *CarsLatino*,805.0,,videos,https://i.ytimg.com/vi/cfsESOAV_SE/hqdefault.jpg?sqp=-oaymwEcCNACELwBSFXyq4qpAw4IARUAAIhCGAFwAcABBg==&rs=AOn4CLCKroEJOJPu5seuUGHCAzVK9JwXvQ,CarsLatino,external-reference,embed_link_and_summarize_only
ShUOYT9lUTI,https://www.youtube.com/watch?v=ShUOYT9lUTI,LOS 10 AUTOS 4 CILINDROS CON MEJOR SONIDO DEL MUNDO *CarsLatino*,718.0,,videos,https://i.ytimg.com/vi/ShUOYT9lUTI/hqdefault.jpg?sqp=-oaymwEcCNACELwBSFXyq4qpAw4IARUAAIhCGAFwAcABBg==&rs=AOn4CLChiCy4K8htBdH_aCRUR-KtOeLOmA,CarsLatino,external-reference,embed_link_and_summarize_only
G3JsLjz2WAU,https://www.youtube.com/watch?v=G3JsLjz2WAU,Preguntas y Respuestas 19! *CarsLatino*,911.0,,videos,https://i.ytimg.com/vi/G3JsLjz2WAU/hqdefault.jpg?sqp=-oaymwEcCNACELwBSFXyq4qpAw4IARUAAIhCGAFwAcABBg==&rs=AOn4CLBEkB1rMSjXgAQPlo82UKHrxEsVTA,CarsLatino,external-reference,embed_link_and_summarize_only
sHU7WmS6GZg,https://www.youtube.com/watch?v=sHU7WmS6GZg,LA INCREIBLE HISTORIA DEL PORSCHE CARRERA GT *CarsLatino*,730.0,,videos,https://i.ytimg.com/vi/sHU7WmS6GZg/hqdefault.jpg?sqp=-oaymwEcCNACELwBSFXyq4qpAw4IARUAAIhCGAFwAcABBg==&rs=AOn4CLCzSTxGGI0DKSuiq5BNGV0uabQFfQ,CarsLatino,external-reference,embed_link_and_summarize_only
P9zhp2LREIw,https://www.youtube.com/watch?v=P9zhp2LREIw,LOS 10 AUTOS MAS CONFIABLES DEL 2020 (Consumer Reports) *CarsLatino*,721.0,,videos,https://i.ytimg.com/vi/P9zhp2LREIw/hqdefault.jpg?sqp=-oaymwEcCNACELwBSFXyq4qpAw4IARUAAIhCGAFwAcABBg==&rs=AOn4CLDKHzOINU79KcQMS0Pv5YEHd6eXbg,CarsLatino,external-reference,embed_link_and_summarize_only
tnyMWlEqx8c,https://www.youtube.com/watch?v=tnyMWlEqx8c,10 AUTOS QUE LOS DUEÑOS MAS SE ARREPIENTEN DE HABER COMPRADO (2020) *CarsLatino*,742.0,,videos,https://i.ytimg.com/vi/tnyMWlEqx8c/hqdefault.jpg?sqp=-oaymwEcCNACELwBSFXyq4qpAw4IARUAAIhCGAFwAcABBg==&rs=AOn4CLCK1ZZQRyqu_1qVOul-TaEozsZ09Q,CarsLatino,external-reference,embed_link_and_summarize_only
PIjKk_M2m0g,https://www.youtube.com/watch?v=PIjKk_M2m0g,LOS 10 MEJORES PILOTOS DE LA HISTORIA *CarsLatino*,765.0,,videos,https://i.ytimg.com/vi/PIjKk_M2m0g/hqdefault.jpg?sqp=-oaymwEcCNACELwBSFXyq4qpAw4IARUAAIhCGAFwAcABBg==&rs=AOn4CLA_irB7G0infHcdgZZL8_8jGiTC6w,CarsLatino,external-reference,embed_link_and_summarize_only
RvuEk2HxYLM,https://www.youtube.com/watch?v=RvuEk2HxYLM,"GRACIAS A ESTE AUTO, VW TIENE TANTOS FANATICOS! VW GOLF GTI MK2 *CarsLatino*",807.0,,videos,https://i.ytimg.com/vi/RvuEk2HxYLM/hqdefault.jpg?sqp=-oaymwEcCNACELwBSFXyq4qpAw4IARUAAIhCGAFwAcABBg==&rs=AOn4CLCADft0W0I_PyckxpjNKbYlTHGB1w,CarsLatino,external-reference,embed_link_and_summarize_only
KB5Aa2DChKs,https://www.youtube.com/watch?v=KB5Aa2DChKs,Los 10 Automoviles Compartidos entre Marcas mas Raros del Mundo (Parte 3) *CarsLatino*,798.0,,videos,https://i.ytimg.com/vi/KB5Aa2DChKs/hqdefault.jpg?sqp=-oaymwEcCNACELwBSFXyq4qpAw4IARUAAIhCGAFwAcABBg==&rs=AOn4CLA2xCkg8tkxXYHuhqni9CJJshDEMQ,CarsLatino,external-reference,embed_link_and_summarize_only
TEmlUiWsot4,https://www.youtube.com/watch?v=TEmlUiWsot4,Los 10 Mejores Automóviles del 2020 *CarsLatino*,767.0,,videos,https://i.ytimg.com/vi/TEmlUiWsot4/hqdefault.jpg?sqp=-oaymwEcCNACELwBSFXyq4qpAw4IARUAAIhCGAFwAcABBg==&rs=AOn4CLDeTB-drIp-pfcXz6aurjf0_wKUWw,CarsLatino,external-reference,embed_link_and_summarize_only
_T-duyVJEjc,https://www.youtube.com/watch?v=_T-duyVJEjc,Conociendo los Mercedes AMG - Curiosidades y Detalles *CarsLatino*,738.0,,videos,https://i.ytimg.com/vi/_T-duyVJEjc/hqdefault.jpg?sqp=-oaymwEcCNACELwBSFXyq4qpAw4IARUAAIhCGAFwAcABBg==&rs=AOn4CLA_0IFxuH4dnTEYxM1c47tKIuWzeg,CarsLatino,external-reference,embed_link_and_summarize_only
U5xS1DBvPsk,https://www.youtube.com/watch?v=U5xS1DBvPsk,10 GRANDES AUTOMOVILES QUE DESAPARECIERON ESTA DECADA *CarsLatino*,708.0,,videos,https://i.ytimg.com/vi/U5xS1DBvPsk/hqdefault.jpg?sqp=-oaymwEcCNACELwBSFXyq4qpAw4IARUAAIhCGAFwAcABBg==&rs=AOn4CLDgOT5ZAjZmR9Odmi0_s9iYaQhP3g,CarsLatino,external-reference,embed_link_and_summarize_only
MS59--BpVz4,https://www.youtube.com/watch?v=MS59--BpVz4,6 AUTOS QUE LOS MECANICOS ODIAN! (Parte 1) *CarsLatino,731.0,,videos,https://i.ytimg.com/vi/MS59--BpVz4/hqdefault.jpg?sqp=-oaymwEcCNACELwBSFXyq4qpAw4IARUAAIhCGAFwAcABBg==&rs=AOn4CLCniH2H4aNg_SBfued5G2fIA3U59g,CarsLatino,external-reference,embed_link_and_summarize_only
5hekHqgSRwE,https://www.youtube.com/watch?v=5hekHqgSRwE,4 Autos Populares que NO te Recomendamos (Parte 2) (por Consumer Reports) *CarsLatino*,669.0,,videos,https://i.ytimg.com/vi/5hekHqgSRwE/hqdefault.jpg?sqp=-oaymwEcCNACELwBSFXyq4qpAw4IARUAAIhCGAFwAcABBg==&rs=AOn4CLC8vluS5Zwb8IZ0881akC28QR40Ag,CarsLatino,external-reference,embed_link_and_summarize_only
qWbgbYC0zHA,https://www.youtube.com/watch?v=qWbgbYC0zHA,¿Mi Esposa Podrá Reconocer Todos Estos Autos?  (Parte 2) *CarsLatino*,693.0,,videos,https://i.ytimg.com/vi/qWbgbYC0zHA/hqdefault.jpg?sqp=-oaymwEcCNACELwBSFXyq4qpAw4IARUAAIhCGAFwAcABBg==&rs=AOn4CLBYful43UfjyEvPKa7mEHcxykxfYg,CarsLatino,external-reference,embed_link_and_summarize_only
zooyEp86tiQ,https://www.youtube.com/watch?v=zooyEp86tiQ,5 AUTOS QUE REGRESAN A LA VIDA *CarsLatino*,667.0,,videos,https://i.ytimg.com/vi/zooyEp86tiQ/hqdefault.jpg?sqp=-oaymwEcCNACELwBSFXyq4qpAw4IARUAAIhCGAFwAcABBg==&rs=AOn4CLCBED3JwjLuMuLTXTgGZ3BSuA_VKw,CarsLatino,external-reference,embed_link_and_summarize_only
otBW_oZy6Rw,https://www.youtube.com/watch?v=otBW_oZy6Rw,LE COMPRÉ A MI ESPOSA SU PRIMER AUTO! *CarsLatino*,1061.0,,videos,https://i.ytimg.com/vi/otBW_oZy6Rw/hqdefault.jpg?sqp=-oaymwEcCNACELwBSFXyq4qpAw4IARUAAIhCGAFwAcABBg==&rs=AOn4CLByKO7rtcbuA-DtLuUoO0nPHvZGYg,CarsLatino,external-reference,embed_link_and_summarize_only
0KjL8I1ilFg,https://www.youtube.com/watch?v=0KjL8I1ilFg,Oficialmente Holden Cerrará Operaciones *CarsLatino*,256.0,,videos,https://i.ytimg.com/vi/0KjL8I1ilFg/hqdefault.jpg?sqp=-oaymwEcCNACELwBSFXyq4qpAw4IARUAAIhCGAFwAcABBg==&rs=AOn4CLDcaJfhF2FPot3hf6TMySColmZ-Ag,CarsLatino,external-reference,embed_link_and_summarize_only
EOT6CKhhjMs,https://www.youtube.com/watch?v=EOT6CKhhjMs,Motores a Detalle! - Honda K-Series *CarsLatino*,1038.0,,videos,https://i.ytimg.com/vi/EOT6CKhhjMs/hqdefault.jpg?sqp=-oaymwEcCNACELwBSFXyq4qpAw4IARUAAIhCGAFwAcABBg==&rs=AOn4CLDC3wVE_B1ig2HRiEPCltFGsn8jKQ,CarsLatino,external-reference,embed_link_and_summarize_only
M3_hUhXme5Y,https://www.youtube.com/watch?v=M3_hUhXme5Y,Preguntas y Respuestas 18! *CarsLatino*,754.0,,videos,https://i.ytimg.com/vi/M3_hUhXme5Y/hqdefault.jpg?sqp=-oaymwEcCNACELwBSFXyq4qpAw4IARUAAIhCGAFwAcABBg==&rs=AOn4CLANi7IbYu25-rJ1I8yJn4L65WcgvQ,CarsLatino,external-reference,embed_link_and_summarize_only
5dBkneD1jG8,https://www.youtube.com/watch?v=5dBkneD1jG8,MANEJÉ EL NUEVO SUPRA 2020 Y MI OPINION ES... *CarsLatino*,1043.0,,videos,https://i.ytimg.com/vi/5dBkneD1jG8/hqdefault.jpg?sqp=-oaymwEcCNACELwBSFXyq4qpAw4IARUAAIhCGAFwAcABBg==&rs=AOn4CLA-EL1S-0qL2tmJxeUGwIDlejqYRg,CarsLatino,external-reference,embed_link_and_summarize_only
Zi3abTanRbc,https://www.youtube.com/watch?v=Zi3abTanRbc,5 CONVERTIBLES USADOS QUE CUESTAN LO MISMO QUE UN VERSA *CarsLatino*,683.0,,videos,https://i.ytimg.com/vi/Zi3abTanRbc/hqdefault.jpg?sqp=-oaymwEcCNACELwBSFXyq4qpAw4IARUAAIhCGAFwAcABBg==&rs=AOn4CLCRDw4p8YSlMKCwiJFcWVcLiY8FVQ,CarsLatino,external-reference,embed_link_and_summarize_only
r_mD8je16pI,https://www.youtube.com/watch?v=r_mD8je16pI,CarsLatino Historias (Ep.2) -  Futuro Clasico Vw Corrado SLC *CarsLatino*,320.0,,videos,https://i.ytimg.com/vi/r_mD8je16pI/hqdefault.jpg?sqp=-oaymwEcCNACELwBSFXyq4qpAw4IARUAAIhCGAFwAcABBg==&rs=AOn4CLAlM25KrCH-EqFOLPrmDyesn4BFTQ,CarsLatino,external-reference,embed_link_and_summarize_only
tVaWAtNAswo,https://www.youtube.com/watch?v=tVaWAtNAswo,ATAQUES ENTRE MARCAS EN ANUNCIOS PUBLICITARIOS (Parte 7) *CarsLatino*,798.0,,videos,https://i.ytimg.com/vi/tVaWAtNAswo/hqdefault.jpg?sqp=-oaymwEcCNACELwBSFXyq4qpAw4IARUAAIhCGAFwAcABBg==&rs=AOn4CLCfLamjHoCtZtiyumEHbgkQ9X3CGA,CarsLatino,external-reference,embed_link_and_summarize_only
7xOCJV55OQ8,https://www.youtube.com/watch?v=7xOCJV55OQ8,¿SUBARU NOMBRÓ A UNA CAMIONETA ASI? (CarTalk) *CarsLatino*,657.0,,videos,https://i.ytimg.com/vi/7xOCJV55OQ8/hqdefault.jpg?sqp=-oaymwEcCNACELwBSFXyq4qpAw4IARUAAIhCGAFwAcABBg==&rs=AOn4CLBA5ADpgvZyYweDeP6w9BSwFePkow,CarsLatino,external-reference,embed_link_and_summarize_only
6xPEhN5ryYk,https://www.youtube.com/watch?v=6xPEhN5ryYk,ESTO ES LO QUE VI EN EL AUTOSHOW DE SAN DIEGO 2020!! *CarsLatino*,994.0,,videos,https://i.ytimg.com/vi/6xPEhN5ryYk/hqdefault.jpg?sqp=-oaymwEcCNACELwBSFXyq4qpAw4IARUAAIhCGAFwAcABBg==&rs=AOn4CLAu59gr3lHAsXf13v2Sfpg_FVuhdA,CarsLatino,external-reference,embed_link_and_summarize_only
GFx_nYJyZGc,https://www.youtube.com/watch?v=GFx_nYJyZGc,LOS 10 MEJORES SUPERAUTOS DE LOS 80's (con Gustingorriz) *CarsLatino*,746.0,,videos,https://i.ytimg.com/vi/GFx_nYJyZGc/hqdefault.jpg?sqp=-oaymwEcCNACELwBSFXyq4qpAw4IARUAAIhCGAFwAcABBg==&rs=AOn4CLAEsij_M-DM6twcf0IOoV6VKGujCA,CarsLatino,external-reference,embed_link_and_summarize_only
QtpDQP4VyZk,https://www.youtube.com/watch?v=QtpDQP4VyZk,TAG DEL AUTO (Desde el Auto Show de San Diego) *CarsLatino*,361.0,,videos,https://i.ytimg.com/vi/QtpDQP4VyZk/hqdefault.jpg?sqp=-oaymwEcCNACELwBSFXyq4qpAw4IARUAAIhCGAFwAcABBg==&rs=AOn4CLDeqw718XMG1fpqfBHK2QlAngn_Dg,CarsLatino,external-reference,embed_link_and_summarize_only
ZJLrR-ML_8E,https://www.youtube.com/watch?v=ZJLrR-ML_8E,Bye 2019!! Lo Mejor del CarsLatino en el Año!!,1144.0,,videos,https://i.ytimg.com/vi/ZJLrR-ML_8E/hqdefault.jpg?sqp=-oaymwEcCNACELwBSFXyq4qpAw4IARUAAIhCGAFwAcABBg==&rs=AOn4CLCWjpraSvr_Hpm-ezBowftxYTQqxA,CarsLatino,external-reference,embed_link_and_summarize_only
5yOB77fOiBc,https://www.youtube.com/watch?v=5yOB77fOiBc,Las 10 Mejores Compañias del 2019 (Parte 2 - Por Consumer Reports) *CarsLatino*,692.0,,videos,https://i.ytimg.com/vi/5yOB77fOiBc/hqdefault.jpg?sqp=-oaymwEcCNACELwBSFXyq4qpAw4IARUAAIhCGAFwAcABBg==&rs=AOn4CLDra6k4v6nrtcteaaPJXRyQnxcVqA,CarsLatino,external-reference,embed_link_and_summarize_only
nA_CTz2CJWw,https://www.youtube.com/watch?v=nA_CTz2CJWw,"CarsLatino Historias (Ep.1) - Mi Primer Camaro, 40 Años Despues *CarsLatino*",382.0,,videos,https://i.ytimg.com/vi/nA_CTz2CJWw/hqdefault.jpg?sqp=-oaymwEcCNACELwBSFXyq4qpAw4IARUAAIhCGAFwAcABBg==&rs=AOn4CLDx3V4dYMc51lXTxXg2KlW08Rkl5Q,CarsLatino,external-reference,embed_link_and_summarize_only
HeTDf29R9MM,https://www.youtube.com/watch?v=HeTDf29R9MM,Los 10 Autos Nuevos Mas Defectuosos del 2019 (parte 2),665.0,,videos,https://i.ytimg.com/vi/HeTDf29R9MM/hqdefault.jpg?sqp=-oaymwEcCNACELwBSFXyq4qpAw4IARUAAIhCGAFwAcABBg==&rs=AOn4CLAsfi-fQedV6tywAbZBUj_JVxEHIg,CarsLatino,external-reference,embed_link_and_summarize_only
ib_L_MCXhg0,https://www.youtube.com/watch?v=ib_L_MCXhg0,Los 10 Mejores Interiores De Autos Del 2019 *CarsLatino*,642.0,,videos,https://i.ytimg.com/vi/ib_L_MCXhg0/hqdefault.jpg?sqp=-oaymwEcCNACELwBSFXyq4qpAw4IARUAAIhCGAFwAcABBg==&rs=AOn4CLBfRGsT0eiMU9EPBg9u60Kfmbccvg,CarsLatino,external-reference,embed_link_and_summarize_only
6HdHttxSFz4,https://www.youtube.com/watch?v=6HdHttxSFz4,Preguntas y Respuestas 17! *CarsLatino*,995.0,,videos,https://i.ytimg.com/vi/6HdHttxSFz4/hqdefault.jpg?sqp=-oaymwEcCNACELwBSFXyq4qpAw4IARUAAIhCGAFwAcABBg==&rs=AOn4CLB_GHT4c9CH-AboBqKgjp2_EpRHFw,CarsLatino,external-reference,embed_link_and_summarize_only
IPLcfL9-sBM,https://www.youtube.com/watch?v=IPLcfL9-sBM,Los 10 Peores TOYOTA del Mundo! *CarsLatino*,673.0,,videos,https://i.ytimg.com/vi/IPLcfL9-sBM/hqdefault.jpg?sqp=-oaymwEcCNACELwBSFXyq4qpAw4IARUAAIhCGAFwAcABBg==&rs=AOn4CLDgLtVZZ1s8BTa3dZf84xTuMyRDSQ,CarsLatino,external-reference,embed_link_and_summarize_only
UKZS60-5K7Q,https://www.youtube.com/watch?v=UKZS60-5K7Q,Los 10 Mejores Autos de Carrera En El Mundo (Parte 1) *CarsLatino*,890.0,,videos,https://i.ytimg.com/vi/UKZS60-5K7Q/hqdefault.jpg?sqp=-oaymwEcCNACELwBSFXyq4qpAw4IARUAAIhCGAFwAcABBg==&rs=AOn4CLA8aYZLI6hGAnDBIyrYf4FxWw33iA,CarsLatino,external-reference,embed_link_and_summarize_only
0ImVmfrjso0,https://www.youtube.com/watch?v=0ImVmfrjso0,Los 10 Autos Mas Devaluados en 5 Años *CarsLatino*,697.0,,videos,https://i.ytimg.com/vi/0ImVmfrjso0/hqdefault.jpg?sqp=-oaymwEcCNACELwBSFXyq4qpAw4IARUAAIhCGAFwAcABBg==&rs=AOn4CLC_D6_TVC-tqGPiEJM3_LSuXHNYPA,CarsLatino,external-reference,embed_link_and_summarize_only
8Ejxa5UUK_k,https://www.youtube.com/watch?v=8Ejxa5UUK_k,5 Cosas Que No Me Gustan Del Mazda 3 *CarsLatino*,624.0,,videos,https://i.ytimg.com/vi/8Ejxa5UUK_k/hqdefault.jpg?sqp=-oaymwEcCNACELwBSFXyq4qpAw4IARUAAIhCGAFwAcABBg==&rs=AOn4CLDxJCXYk_1V19JXr98WXDifjydvEg,CarsLatino,external-reference,embed_link_and_summarize_only
tPk4FvJp_cY,https://www.youtube.com/watch?v=tPk4FvJp_cY,9 Modificaciones Peligrosas *CarsLatino*,687.0,,videos,https://i.ytimg.com/vi/tPk4FvJp_cY/hqdefault.jpg?sqp=-oaymwEcCNACELwBSFXyq4qpAw4IARUAAIhCGAFwAcABBg==&rs=AOn4CLCB3YFWPTM1CD1rq6IDaf6YRgxSdg,CarsLatino,external-reference,embed_link_and_summarize_only
96TZZTLbVQE,https://www.youtube.com/watch?v=96TZZTLbVQE,100 Preguntas en 5 Minutos Challenge *CarsLatino*,675.0,,videos,https://i.ytimg.com/vi/96TZZTLbVQE/hqdefault.jpg?sqp=-oaymwEcCNACELwBSFXyq4qpAw4IARUAAIhCGAFwAcABBg==&rs=AOn4CLCI_Q8ylWTH5lkJc20ZmqnOKDPZHA,CarsLatino,external-reference,embed_link_and_summarize_only
PBfVkMeYUPc,https://www.youtube.com/watch?v=PBfVkMeYUPc,5 Datos Que Tal Vez No Sabias del Nissan Skyline (Express) *CarsLatino*,250.0,,videos,https://i.ytimg.com/vi/PBfVkMeYUPc/hqdefault.jpg?sqp=-oaymwEcCNACELwBSFXyq4qpAw4IARUAAIhCGAFwAcABBg==&rs=AOn4CLAwV4lDoRTPP_JguuK6zDfL2Yismw,CarsLatino,external-reference,embed_link_and_summarize_only
jDah36BVgZQ,https://www.youtube.com/watch?v=jDah36BVgZQ,Los Ultimos Dias de Mercedes Benz en Le Mans *CarsLatino*,737.0,,videos,https://i.ytimg.com/vi/jDah36BVgZQ/hqdefault.jpg?sqp=-oaymwEcCNACELwBSFXyq4qpAw4IARUAAIhCGAFwAcABBg==&rs=AOn4CLBSQvPxngfo07wlgpGsYO8gcTSk3A,CarsLatino,external-reference,embed_link_and_summarize_only
ACpxcJRfD00,https://www.youtube.com/watch?v=ACpxcJRfD00,Preguntas y Respuestas (Parte 16) *CarsLatino*,612.0,,videos,https://i.ytimg.com/vi/ACpxcJRfD00/hqdefault.jpg?sqp=-oaymwEcCNACELwBSFXyq4qpAw4IARUAAIhCGAFwAcABBg==&rs=AOn4CLCyGa3ORpnU4FgkR_x2Mf6wKxKB5w,CarsLatino,external-reference,embed_link_and_summarize_only
an8NCQ1lJnE,https://www.youtube.com/watch?v=an8NCQ1lJnE,10 Autos Que me Decepcionaron *CarsLatino*,812.0,,videos,https://i.ytimg.com/vi/an8NCQ1lJnE/hqdefault.jpg?sqp=-oaymwEcCNACELwBSFXyq4qpAw4IARUAAIhCGAFwAcABBg==&rs=AOn4CLDPWFgkQVgqqjSJSSznYouDk0WA-Q,CarsLatino,external-reference,embed_link_and_summarize_only
lLbtboWmTcw,https://www.youtube.com/watch?v=lLbtboWmTcw,Los 10 Autos Mas Legendarios del Cine y la Tv (Parte 2) *CarsLatino XPRESS*,494.0,,videos,https://i.ytimg.com/vi/lLbtboWmTcw/hqdefault.jpg?sqp=-oaymwEcCNACELwBSFXyq4qpAw4IARUAAIhCGAFwAcABBg==&rs=AOn4CLBxwgsE03enSiQWgRv4p7faa81RhA,CarsLatino,external-reference,embed_link_and_summarize_only
k5dIh2vU52c,https://www.youtube.com/watch?v=k5dIh2vU52c,"Nuevas Luces Led Para el Mazda...pero no a mi Mazda, Porque? (RGB Boslla) *CarsLatino*",810.0,,videos,https://i.ytimg.com/vi/k5dIh2vU52c/hqdefault.jpg?sqp=-oaymwEcCNACELwBSFXyq4qpAw4IARUAAIhCGAFwAcABBg==&rs=AOn4CLC3gQ5tZYhWvRbW2PXQ0p0cngH65w,CarsLatino,external-reference,embed_link_and_summarize_only
FFzDTFqvTFs,https://www.youtube.com/watch?v=FFzDTFqvTFs,Los 10 Mejores Superautos de los 70's (con Gustingorriz) *CarsLatino*,856.0,,videos,https://i.ytimg.com/vi/FFzDTFqvTFs/hqdefault.jpg?sqp=-oaymwEcCNACELwBSFXyq4qpAw4IARUAAIhCGAFwAcABBg==&rs=AOn4CLBoIKBG8hhicYsEwYUt1PZRjxIIwQ,CarsLatino,external-reference,embed_link_and_summarize_only
vo-F25GazFc,https://www.youtube.com/watch?v=vo-F25GazFc,Manejamos el Nuevo Mercedes Benz CLA 2020 *CarsLatino*,661.0,,videos,https://i.ytimg.com/vi/vo-F25GazFc/hqdefault.jpg?sqp=-oaymwEcCNACELwBSFXyq4qpAw4IARUAAIhCGAFwAcABBg==&rs=AOn4CLDsAKtWFC20IH32Y5zCAGTglR-PDA,CarsLatino,external-reference,embed_link_and_summarize_only
ay2TlfLGWWs,https://www.youtube.com/watch?v=ay2TlfLGWWs,4 Autos Populares que NO te Recomendamos (por Consumer Reports) *CarsLatino*,738.0,,videos,https://i.ytimg.com/vi/ay2TlfLGWWs/hqdefault.jpg?sqp=-oaymwEcCNACELwBSFXyq4qpAw4IARUAAIhCGAFwAcABBg==&rs=AOn4CLD7uwLmM9METvFPlsjnZF_yt-wSow,CarsLatino,external-reference,embed_link_and_summarize_only
mcozA4eSWA4,https://www.youtube.com/watch?v=mcozA4eSWA4,20 Automóviles con Producción Más LARGA en la Historia! (Parte 2) *CarsLatino*,681.0,,videos,https://i.ytimg.com/vi/mcozA4eSWA4/hqdefault.jpg?sqp=-oaymwEcCNACELwBSFXyq4qpAw4IARUAAIhCGAFwAcABBg==&rs=AOn4CLBgVFb9bmL2CHxURbrn3BbanSw0WA,CarsLatino,external-reference,embed_link_and_summarize_only
TQNj0Kcj8yg,https://www.youtube.com/watch?v=TQNj0Kcj8yg,El Avance MAS GRANDE de mi proyecto y TODOS sus Detalles! (Vlogs) *CarsLatino*,609.0,,videos,https://i.ytimg.com/vi/TQNj0Kcj8yg/hqdefault.jpg?sqp=-oaymwEcCNACELwBSFXyq4qpAw4IARUAAIhCGAFwAcABBg==&rs=AOn4CLDaSlX1CyqvxR3WcloD0PRlijPFtw,CarsLatino,external-reference,embed_link_and_summarize_only
Dhc2pNndWC8,https://www.youtube.com/watch?v=Dhc2pNndWC8,7 Datos que Tal Vez No Sabías del Dodge Challenger (CL Express) *CarsLatino*,246.0,,videos,https://i.ytimg.com/vi/Dhc2pNndWC8/hqdefault.jpg?sqp=-oaymwEcCNACELwBSFXyq4qpAw4IARUAAIhCGAFwAcABBg==&rs=AOn4CLBNrlfiPW3C9rFnGX7zUGkP4bY0Xg,CarsLatino,external-reference,embed_link_and_summarize_only
K4yIUd02pi4,https://www.youtube.com/watch?v=K4yIUd02pi4,Probando Uno de los Autos MAS ODIADOS del Mundo! (Chrysler Pt Cruiser) *CarsLatino*,780.0,,videos,https://i.ytimg.com/vi/K4yIUd02pi4/hqdefault.jpg?sqp=-oaymwEcCNACELwBSFXyq4qpAw4IARUAAIhCGAFwAcABBg==&rs=AOn4CLDLCgEuUpklIBhiTOu8isAXbLi8gw,CarsLatino,external-reference,embed_link_and_summarize_only
sA0ZEASkTsQ,https://www.youtube.com/watch?v=sA0ZEASkTsQ,Los 10 Autos Mas Comprados por Mujeres *CarsLatino*,647.0,,videos,https://i.ytimg.com/vi/sA0ZEASkTsQ/hqdefault.jpg?sqp=-oaymwEcCNACELwBSFXyq4qpAw4IARUAAIhCGAFwAcABBg==&rs=AOn4CLBKmie0DVxCdMgDQN2y3aTAy9x0mQ,CarsLatino,external-reference,embed_link_and_summarize_only
Babv9nmC_bU,https://www.youtube.com/watch?v=Babv9nmC_bU,Los 9 Autos Concepto Mas Impactantes del 2019 *CarsLatino*,700.0,,videos,https://i.ytimg.com/vi/Babv9nmC_bU/hqdefault.jpg?sqp=-oaymwEcCNACELwBSFXyq4qpAw4IARUAAIhCGAFwAcABBg==&rs=AOn4CLDOqG7SgSX7kw1tE8SMj022oIJsMA,CarsLatino,external-reference,embed_link_and_summarize_only
cBSaQCpgKkQ,https://www.youtube.com/watch?v=cBSaQCpgKkQ,7 Datos que Tal Vez No Sabías del Chevrolet Camaro (CL Express) *CarsLatino*,248.0,,videos,https://i.ytimg.com/vi/cBSaQCpgKkQ/hqdefault.jpg?sqp=-oaymwEcCNACELwBSFXyq4qpAw4IARUAAIhCGAFwAcABBg==&rs=AOn4CLAW8dwvBxeBUaSj0L3VpN_Zo5flZg,CarsLatino,external-reference,embed_link_and_summarize_only
LnZ94tPIHhY,https://www.youtube.com/watch?v=LnZ94tPIHhY,Dominguero Responde a mi Video del Devel Sixteen?? *CarsLatino*,920.0,,videos,https://i.ytimg.com/vi/LnZ94tPIHhY/hqdefault.jpg?sqp=-oaymwEcCNACELwBSFXyq4qpAw4IARUAAIhCGAFwAcABBg==&rs=AOn4CLAqQgCs5YcC1Kw5mONX8OV1JjUNNg,CarsLatino,external-reference,embed_link_and_summarize_only
SOnuPL7wOT4,https://www.youtube.com/watch?v=SOnuPL7wOT4,Las 10 Compañias con PEOR servicio POST VENTA en Latinoamerica *CarsLatino*,755.0,,videos,https://i.ytimg.com/vi/SOnuPL7wOT4/hqdefault.jpg?sqp=-oaymwEcCNACELwBSFXyq4qpAw4IARUAAIhCGAFwAcABBg==&rs=AOn4CLD8tOp5DRp7VsmvFpqYm7hULh56KA,CarsLatino,external-reference,embed_link_and_summarize_only
XM0e2ZRQudI,https://www.youtube.com/watch?v=XM0e2ZRQudI,"Primeros Avances, Primeros Problemas + BIG SoCal Euro 2019 (Vlog) *CarsLatino*",685.0,,videos,https://i.ytimg.com/vi/XM0e2ZRQudI/hqdefault.jpg?sqp=-oaymwEcCNACELwBSFXyq4qpAw4IARUAAIhCGAFwAcABBg==&rs=AOn4CLAlCUTC0qVs9I5keg-B4kBsA9QV6Q,CarsLatino,external-reference,embed_link_and_summarize_only
bdRi4R1TtM0,https://www.youtube.com/watch?v=bdRi4R1TtM0,Los 5 Mejores Autos de Drift (CL Express) *CarsLatino*,276.0,,videos,https://i.ytimg.com/vi/bdRi4R1TtM0/hqdefault.jpg?sqp=-oaymwEcCNACELwBSFXyq4qpAw4IARUAAIhCGAFwAcABBg==&rs=AOn4CLBlxFFPOO73LV076m_sCHzBBmC4mQ,CarsLatino,external-reference,embed_link_and_summarize_only
VU42DSh35-k,https://www.youtube.com/watch?v=VU42DSh35-k,Las 10 Camionetas Más Rápidas del 2019 *CarsLatino*,622.0,,videos,https://i.ytimg.com/vi/VU42DSh35-k/hqdefault.jpg?sqp=-oaymwEcCNACELwBSFXyq4qpAw4IARUAAIhCGAFwAcABBg==&rs=AOn4CLDeEQ16ZDY2lGEOqIMr5C-aNwBS9A,CarsLatino,external-reference,embed_link_and_summarize_only
p6Dz08kS3wU,https://www.youtube.com/watch?v=p6Dz08kS3wU,Respondiendo a los Comentarios de mi Swap (Subaru V8 Project) *CarsLatino*,727.0,,videos,https://i.ytimg.com/vi/p6Dz08kS3wU/hqdefault.jpg?sqp=-oaymwEcCNACELwBSFXyq4qpAw4IARUAAIhCGAFwAcABBg==&rs=AOn4CLAbW3e91YsbWgQKaDUuzO8LCBJ6Og,CarsLatino,external-reference,embed_link_and_summarize_only
mv017PPHrKw,https://www.youtube.com/watch?v=mv017PPHrKw,Los Peores Motores del Mundo (Parte 3) *CarsLatino*,662.0,,videos,https://i.ytimg.com/vi/mv017PPHrKw/hqdefault.jpg?sqp=-oaymwEcCNACELwBSFXyq4qpAw4IARUAAIhCGAFwAcABBg==&rs=AOn4CLBt6G1evlt0ec4zIleHlXfMrcnbJw,CarsLatino,external-reference,embed_link_and_summarize_only
nWOJdTcSmV8,https://www.youtube.com/watch?v=nWOJdTcSmV8,SUBARU IMPREZA con motor V8 de LEXUS!! (Inicia el Increible proyecto) *CarsLatino*,711.0,,videos,https://i.ytimg.com/vi/nWOJdTcSmV8/hqdefault.jpg?sqp=-oaymwEcCNACELwBSFXyq4qpAw4IARUAAIhCGAFwAcABBg==&rs=AOn4CLAMgZbHndyINn08ZBqoCAxpxRvNMA,CarsLatino,external-reference,embed_link_and_summarize_only
UpfmImkcfFU,https://www.youtube.com/watch?v=UpfmImkcfFU,20 Automóviles con Producción Más LARGA en la Historia! (Parte 1) *CarsLatino*,626.0,,videos,https://i.ytimg.com/vi/UpfmImkcfFU/hqdefault.jpg?sqp=-oaymwEcCNACELwBSFXyq4qpAw4IARUAAIhCGAFwAcABBg==&rs=AOn4CLDnyTPrDID259ujB9bHDvskJJsEVw,CarsLatino,external-reference,embed_link_and_summarize_only
awvVjWVadRk,https://www.youtube.com/watch?v=awvVjWVadRk,27 Años Después... El Lexus Sc400 es INCREÍBLE!!! *CarsLatino*,990.0,,videos,https://i.ytimg.com/vi/awvVjWVadRk/hqdefault.jpg?sqp=-oaymwEcCNACELwBSFXyq4qpAw4IARUAAIhCGAFwAcABBg==&rs=AOn4CLCqAv0oVoF1YNInLIL5Dyi0NKdvqw,CarsLatino,external-reference,embed_link_and_summarize_only
16XgqPME3NQ,https://www.youtube.com/watch?v=16XgqPME3NQ,7 Datos que Tal Vez No Sabías del Ford Mustang (CL Express) *CarsLatino*,261.0,,videos,https://i.ytimg.com/vi/16XgqPME3NQ/hqdefault.jpg?sqp=-oaymwEcCNACELwBSFXyq4qpAw4IARUAAIhCGAFwAcABBg==&rs=AOn4CLCpXpt7uwUTD3afqy-NUgOULKkjJg,CarsLatino,external-reference,embed_link_and_summarize_only
w5DSgJNoSgo,https://www.youtube.com/watch?v=w5DSgJNoSgo,10 Versiones Básicas de Autos EXTRAORDINARIOS!! *CarsLatino*,652.0,,videos,https://i.ytimg.com/vi/w5DSgJNoSgo/hqdefault.jpg?sqp=-oaymwEcCNACELwBSFXyq4qpAw4IARUAAIhCGAFwAcABBg==&rs=AOn4CLAnpVnlrN1nF1wgGbxoZjTRTXukwg,CarsLatino,external-reference,embed_link_and_summarize_only
YAtcSYzxTSs,https://www.youtube.com/watch?v=YAtcSYzxTSs,Estos Autos Están en Problemas Gracias al Nuevo Corvette!! (CarTalk) *CarsLatino*,1060.0,,videos,https://i.ytimg.com/vi/YAtcSYzxTSs/hqdefault.jpg?sqp=-oaymwEcCNACELwBSFXyq4qpAw4IARUAAIhCGAFwAcABBg==&rs=AOn4CLCMU91JKY2lAuYK3qm4TmdiTaOMJA,CarsLatino,external-reference,embed_link_and_summarize_only
IcBT0M6KZDk,https://www.youtube.com/watch?v=IcBT0M6KZDk,Los 10 Autos Mas Legendarios del Cine y la Tv (CL XPRESS!!) *CarsLatino*,340.0,,videos,https://i.ytimg.com/vi/IcBT0M6KZDk/hqdefault.jpg?sqp=-oaymwEcCNACELwBSFXyq4qpAw4IARUAAIhCGAFwAcABBg==&rs=AOn4CLCzFhZptAZQGKuTX-PatcKFFAKXLw,CarsLatino,external-reference,embed_link_and_summarize_only
8koVSrO15JA,https://www.youtube.com/watch?v=8koVSrO15JA,Rueda Contra Rueda - Renault Koleos vs Peugeot 3008 (Comparativa) *CarsLatino*,1113.0,,videos,https://i.ytimg.com/vi/8koVSrO15JA/hqdefault.jpg?sqp=-oaymwEcCNACELwBSFXyq4qpAw4IARUAAIhCGAFwAcABBg==&rs=AOn4CLC0dDFxrz9gwePrxcEu-pQybe-HXQ,CarsLatino,external-reference,embed_link_and_summarize_only
0Dqs6GSqPbU,https://www.youtube.com/watch?v=0Dqs6GSqPbU,La Historia de el Mejor... Ayrton Senna *CarsLatino*,953.0,,videos,https://i.ytimg.com/vi/0Dqs6GSqPbU/hqdefault.jpg?sqp=-oaymwEcCNACELwBSFXyq4qpAw4IARUAAIhCGAFwAcABBg==&rs=AOn4CLBNyjhgiXlvzuFew2zrfVTwDsdGZQ,CarsLatino,external-reference,embed_link_and_summarize_only
qllslLWM1b4,https://www.youtube.com/watch?v=qllslLWM1b4,Los 10 Automoviles Compartidos entre Marcas mas Raros del Mundo (Parte 2) *CarsLatino*,627.0,,videos,https://i.ytimg.com/vi/qllslLWM1b4/hqdefault.jpg?sqp=-oaymwEcCNACELwBSFXyq4qpAw4IARUAAIhCGAFwAcABBg==&rs=AOn4CLDTv9bjb25VPE6h7UjmGxRgqyk_3w,CarsLatino,external-reference,embed_link_and_summarize_only
xdd4HzTELxg,https://www.youtube.com/watch?v=xdd4HzTELxg,11 Extraños Autos Que NO PUEDES COMPRAR en Norteamerica *CarsLatino*,766.0,,videos,https://i.ytimg.com/vi/xdd4HzTELxg/hqdefault.jpg?sqp=-oaymwEcCNACELwBSFXyq4qpAw4IARUAAIhCGAFwAcABBg==&rs=AOn4CLCt5n8Cb0Pw2VAAqxVs2-QT8rYNdA,CarsLatino,external-reference,embed_link_and_summarize_only
FjeCHQ52R-8,https://www.youtube.com/watch?v=FjeCHQ52R-8,Me Quede TIRADO a Media Noche en Medio de la NADA! (MUY MALA Experiencia),922.0,,videos,https://i.ytimg.com/vi/FjeCHQ52R-8/hqdefault.jpg?sqp=-oaymwEcCNACELwBSFXyq4qpAw4IARUAAIhCGAFwAcABBg==&rs=AOn4CLDabsTXNmKc3GIoLiAv9xreYxNmRA,CarsLatino,external-reference,embed_link_and_summarize_only
sstO_cyjyyk,https://www.youtube.com/watch?v=sstO_cyjyyk,Preguntas y Respuestas (Parte 15) *CarsLatino*,987.0,,videos,https://i.ytimg.com/vi/sstO_cyjyyk/hqdefault.jpg?sqp=-oaymwEcCNACELwBSFXyq4qpAw4IARUAAIhCGAFwAcABBg==&rs=AOn4CLB-PoWypt_eMUGasnZwhCqI3gsF6Q,CarsLatino,external-reference,embed_link_and_summarize_only
FjY4LGAf9Jk,https://www.youtube.com/watch?v=FjY4LGAf9Jk,Mi Nuevo Auto a Detalle!! (Version COMPLETA) (Prueba de Manejo Mazda 3 S GT 2017) *CarsLatino*,1754.0,,videos,https://i.ytimg.com/vi/FjY4LGAf9Jk/hqdefault.jpg?sqp=-oaymwEcCNACELwBSFXyq4qpAw4IARUAAIhCGAFwAcABBg==&rs=AOn4CLD8l50mv835ejRGNdRrrbgfSgI7Rg,CarsLatino,external-reference,embed_link_and_summarize_only
cersmp7KeWg,https://www.youtube.com/watch?v=cersmp7KeWg,Mi Nuevo Auto a Detalle!! (Version Corta) (Prueba de Manejo Mazda 3 S GT 2017) *CarsLatino*,1058.0,,videos,https://i.ytimg.com/vi/cersmp7KeWg/hqdefault.jpg?sqp=-oaymwEcCNACELwBSFXyq4qpAw4IARUAAIhCGAFwAcABBg==&rs=AOn4CLDBE_qqrEF5aYg5gUIQg2cuVHIjag,CarsLatino,external-reference,embed_link_and_summarize_only
BXXPZocpwlE,https://www.youtube.com/watch?v=BXXPZocpwlE,Los 10 Hiperautos Mas Rapidos en la Historia *CarsLatino*,690.0,,videos,https://i.ytimg.com/vi/BXXPZocpwlE/hqdefault.jpg?sqp=-oaymwEcCNACELwBSFXyq4qpAw4IARUAAIhCGAFwAcABBg==&rs=AOn4CLByA7M5BizxYmQHiIZPxyyjVAamZw,CarsLatino,external-reference,embed_link_and_summarize_only
aDFtu8kC-fk,https://www.youtube.com/watch?v=aDFtu8kC-fk,Los Peores Anuncios Publicitarios Del Mundo *CarsLatino*,799.0,,videos,https://i.ytimg.com/vi/aDFtu8kC-fk/hqdefault.jpg?sqp=-oaymwEcCNACELwBSFXyq4qpAw4IARUAAIhCGAFwAcABBg==&rs=AOn4CLD4I26TW11e-eM1PRBlqOfDhqJ5ag,CarsLatino,external-reference,embed_link_and_summarize_only
s9yk_qlMQHo,https://www.youtube.com/watch?v=s9yk_qlMQHo,Los Mejores Autos del 2019 *CarsLatino*,641.0,,videos,https://i.ytimg.com/vi/s9yk_qlMQHo/hqdefault.jpg?sqp=-oaymwEcCNACELwBSFXyq4qpAw4IARUAAIhCGAFwAcABBg==&rs=AOn4CLCt6lvGL2-5fNg42I5NuUg_3T6Yhw,CarsLatino,external-reference,embed_link_and_summarize_only
QeU2YijSRV0,https://www.youtube.com/watch?v=QeU2YijSRV0,Una SORPRESA para mi familia (NUEVO AUTO) (VLOGS) *CarsLatino*,760.0,,videos,https://i.ytimg.com/vi/QeU2YijSRV0/hqdefault.jpg?sqp=-oaymwEcCNACELwBSFXyq4qpAw4IARUAAIhCGAFwAcABBg==&rs=AOn4CLCfC4GmFRGfpPjgZWKuWKsx9oyeZw,CarsLatino,external-reference,embed_link_and_summarize_only
XkmgxcWbiTA,https://www.youtube.com/watch?v=XkmgxcWbiTA,Las 10 PEORES Compañias del 2019 (Consumer Reports) *CarsLatino*,767.0,,videos,https://i.ytimg.com/vi/XkmgxcWbiTA/hqdefault.jpg?sqp=-oaymwEcCNACELwBSFXyq4qpAw4IARUAAIhCGAFwAcABBg==&rs=AOn4CLCTd_8xqsAj3d3R4-uzaSLkT2mNKw,CarsLatino,external-reference,embed_link_and_summarize_only
WXQOp-7DBvE,https://www.youtube.com/watch?v=WXQOp-7DBvE,"HRE Wheels Open House 2019!! De Nuevo, El MEJOR Evento al Que he Asistido! *CarsLatino*",1020.0,,videos,https://i.ytimg.com/vi/WXQOp-7DBvE/hqdefault.jpg?sqp=-oaymwEcCNACELwBSFXyq4qpAw4IARUAAIhCGAFwAcABBg==&rs=AOn4CLAIGOkgiJWxdChjypAp0Xuqrb1pvQ,CarsLatino,external-reference,embed_link_and_summarize_only
q_a-i5AC5-4,https://www.youtube.com/watch?v=q_a-i5AC5-4,Manejando un Vw Jetta A7... Si... Yo Tampoco Creí Que Pasaría. *CarsLatino*,694.0,,videos,https://i.ytimg.com/vi/q_a-i5AC5-4/hqdefault.jpg?sqp=-oaymwEcCNACELwBSFXyq4qpAw4IARUAAIhCGAFwAcABBg==&rs=AOn4CLBX0DdxhosPXKsUhRm3wxm3wNcigA,CarsLatino,external-reference,embed_link_and_summarize_only
WOqhOYzpgls,https://www.youtube.com/watch?v=WOqhOYzpgls,Los 15 Autos de Rally Mas Icónicos Del Planeta (Version 2.0) *CarsLatino*,759.0,,videos,https://i.ytimg.com/vi/WOqhOYzpgls/hqdefault.jpg?sqp=-oaymwEcCNACELwBSFXyq4qpAw4IARUAAIhCGAFwAcABBg==&rs=AOn4CLCxqV1fQdN-sNOTdUUjI2B1bzeXpQ,CarsLatino,external-reference,embed_link_and_summarize_only
muei1jr5IoY,https://www.youtube.com/watch?v=muei1jr5IoY,YOUTUBE NO ENTIENDE... O No Le Importamos *CarsLatino*,682.0,,videos,https://i.ytimg.com/vi/muei1jr5IoY/hqdefault.jpg?sqp=-oaymwEcCNACELwBSFXyq4qpAw4IARUAAIhCGAFwAcABBg==&rs=AOn4CLDDIuN5kZ2AfioSCGlM_glRsA6UQA,CarsLatino,external-reference,embed_link_and_summarize_only
qUhqXczIVlE,https://www.youtube.com/watch?v=qUhqXczIVlE,Los Mejores 12 Superautos de los 60's (Parte 2) Ep1 *CarsLatino*,748.0,,videos,https://i.ytimg.com/vi/qUhqXczIVlE/hqdefault.jpg?sqp=-oaymwEcCNACELwBSFXyq4qpAw4IARUAAIhCGAFwAcABBg==&rs=AOn4CLCfYzLSIv-ubPFGbLqaqj2oqnx_xA,CarsLatino,external-reference,embed_link_and_summarize_only
g4ip_LsWGaw,https://www.youtube.com/watch?v=g4ip_LsWGaw,La Maldición de Mi Subaru Impreza (Vlog) *CarsLatino*,602.0,,videos,https://i.ytimg.com/vi/g4ip_LsWGaw/hqdefault.jpg?sqp=-oaymwEcCNACELwBSFXyq4qpAw4IARUAAIhCGAFwAcABBg==&rs=AOn4CLCy4HjZRwc1iaiaF0LCFolS2tPOXQ,CarsLatino,external-reference,embed_link_and_summarize_only
JT4HppW0LII,https://www.youtube.com/watch?v=JT4HppW0LII,Los 15 Autos de Rally Mas Icónicos Del Planeta *CarsLatino*,759.0,,videos,https://i.ytimg.com/vi/JT4HppW0LII/hqdefault.jpg?sqp=-oaymwEcCNACELwBSFXyq4qpAw4IARUAAIhCGAFwAcABBg==&rs=AOn4CLCcwVOG8kuLFsqaVrI76bpKOo9EnQ,CarsLatino,external-reference,embed_link_and_summarize_only
gF_dwW9lY4Q,https://www.youtube.com/watch?v=gF_dwW9lY4Q,7 Increíbles Vídeos Que Casi Nadie Vio!!! *CarsLatino*,639.0,,videos,https://i.ytimg.com/vi/gF_dwW9lY4Q/hqdefault.jpg?sqp=-oaymwEcCNACELwBSFXyq4qpAw4IARUAAIhCGAFwAcABBg==&rs=AOn4CLA8CMP1avWTvPkaEmOowRldfNNEfA,CarsLatino,external-reference,embed_link_and_summarize_only
mTKnBjDNrH8,https://www.youtube.com/watch?v=mTKnBjDNrH8,Los 10 Autos Nuevos Que Mas Dueños Se Arrepienten De Haber Comprado (2019) *CarsLatino*,626.0,,videos,https://i.ytimg.com/vi/mTKnBjDNrH8/hqdefault.jpg?sqp=-oaymwEcCNACELwBSFXyq4qpAw4IARUAAIhCGAFwAcABBg==&rs=AOn4CLAzTXx7f6-oStBOAdcH8rNPn827fw,CarsLatino,external-reference,embed_link_and_summarize_only
tBjck18jmFQ,https://www.youtube.com/watch?v=tBjck18jmFQ,Preguntas y Respuestas (Parte 14) *CarsLatino*,911.0,,videos,https://i.ytimg.com/vi/tBjck18jmFQ/hqdefault.jpg?sqp=-oaymwEcCNACELwBSFXyq4qpAw4IARUAAIhCGAFwAcABBg==&rs=AOn4CLC5AJsHz8_CLT-R3uKOtkeJR_OocA,CarsLatino,external-reference,embed_link_and_summarize_only
m29SbpZD6Yg,https://www.youtube.com/watch?v=m29SbpZD6Yg,Juan Vs Alex (1500hp R34 vs Performante) (Gameplay Assetto Corsa) *CarsLatino*,772.0,,videos,https://i.ytimg.com/vi/m29SbpZD6Yg/hqdefault.jpg?sqp=-oaymwEcCNACELwBSFXyq4qpAw4IARUAAIhCGAFwAcABBg==&rs=AOn4CLB-uM4z_WK8a6MubTLwKZJid34pjA,CarsLatino,external-reference,embed_link_and_summarize_only
VoF9OrVZvn0,https://www.youtube.com/watch?v=VoF9OrVZvn0,Las 10 Mejores Compañias de Autos por Consumer Reports (2019) *CarsLatino*,652.0,,videos,https://i.ytimg.com/vi/VoF9OrVZvn0/hqdefault.jpg?sqp=-oaymwEcCNACELwBSFXyq4qpAw4IARUAAIhCGAFwAcABBg==&rs=AOn4CLAOqYdmfYJB4n8RKL4mKnn9gZBrTg,CarsLatino,external-reference,embed_link_and_summarize_only
rhI5WjNwIug,https://www.youtube.com/watch?v=rhI5WjNwIug,Esto Es Lo Que He Gastado En Mi Impreza WRX... Y Aun No Sirve (Vlogs) *CarsLatino*,882.0,,videos,https://i.ytimg.com/vi/rhI5WjNwIug/hqdefault.jpg?sqp=-oaymwEcCNACELwBSFXyq4qpAw4IARUAAIhCGAFwAcABBg==&rs=AOn4CLCr8BsBJsw3XEjC6k4RhYBk2oRcjA,CarsLatino,external-reference,embed_link_and_summarize_only
pyZopYUto_k,https://www.youtube.com/watch?v=pyZopYUto_k,El Devel Sixteen Es Falso!!! (Y Aquí Te Explico Por Que) (Vlog) *CarsLatino*,1315.0,,videos,https://i.ytimg.com/vi/pyZopYUto_k/hqdefault.jpg?sqp=-oaymwEcCNACELwBSFXyq4qpAw4IARUAAIhCGAFwAcABBg==&rs=AOn4CLDGJhlVJ4A6UINX8F9bI2ikbMaUQg,CarsLatino,external-reference,embed_link_and_summarize_only
sx1Ge-bOaLI,https://www.youtube.com/watch?v=sx1Ge-bOaLI,Ataques Entre Marcas en Anuncios Publicitarios (Parte 6) *CarsLatino*,701.0,,videos,https://i.ytimg.com/vi/sx1Ge-bOaLI/hqdefault.jpg?sqp=-oaymwEcCNACELwBSFXyq4qpAw4IARUAAIhCGAFwAcABBg==&rs=AOn4CLAFbr4tTOacq-D7M5FjJpzL7zDldA,CarsLatino,external-reference,embed_link_and_summarize_only
fZATtseHtUQ,https://www.youtube.com/watch?v=fZATtseHtUQ,Probé el Sistema de Visión Nocturna Lanmodo en mi Carro! (Vlog) *CarsLatino*,807.0,,videos,https://i.ytimg.com/vi/fZATtseHtUQ/hqdefault.jpg?sqp=-oaymwEcCNACELwBSFXyq4qpAw4IARUAAIhCGAFwAcABBg==&rs=AOn4CLCQwEHL3utTMTZCp0P37XLOSejh3w,CarsLatino,external-reference,embed_link_and_summarize_only
zT2JKfBoDxc,https://www.youtube.com/watch?v=zT2JKfBoDxc,Los Mejores 12 Superautos de los 60's (Parte 1) Ep1 (Especial 300k) *CarsLatino*,688.0,,videos,https://i.ytimg.com/vi/zT2JKfBoDxc/hqdefault.jpg?sqp=-oaymwEcCNACELwBSFXyq4qpAw4IARUAAIhCGAFwAcABBg==&rs=AOn4CLCHLG9y5gJitWQa33LIama6IaAeOA,CarsLatino,external-reference,embed_link_and_summarize_only
k-gYI1OFZBY,https://www.youtube.com/watch?v=k-gYI1OFZBY,Le Quite El Motor A Mi Auto Al 2ndo Día De Comprarlo! *CarsLatino*,694.0,,videos,https://i.ytimg.com/vi/k-gYI1OFZBY/hqdefault.jpg?sqp=-oaymwEcCNACELwBSFXyq4qpAw4IARUAAIhCGAFwAcABBg==&rs=AOn4CLACXDeVhfVxmPOezNb2TkNf4TyjvA,CarsLatino,external-reference,embed_link_and_summarize_only
VDdvonp_m0U,https://www.youtube.com/watch?v=VDdvonp_m0U,Los 10 Autos Nuevos Mas Defectuosos (2019) *CarsLatino*,640.0,,videos,https://i.ytimg.com/vi/VDdvonp_m0U/hqdefault.jpg?sqp=-oaymwEcCNACELwBSFXyq4qpAw4IARUAAIhCGAFwAcABBg==&rs=AOn4CLBTBeJe75p_TX2rC-u2_Gdg0y4HkA,CarsLatino,external-reference,embed_link_and_summarize_only
E3z-gZ7ckE4,https://www.youtube.com/watch?v=E3z-gZ7ckE4,Por Fin! Mi Subaru Impreza A DETALLE!! *CarsLatino*,1003.0,,videos,https://i.ytimg.com/vi/E3z-gZ7ckE4/hqdefault.jpg?sqp=-oaymwEcCNACELwBSFXyq4qpAw4IARUAAIhCGAFwAcABBg==&rs=AOn4CLBzn9rC6fWA8l-0I3fxxQdxPBmzlg,CarsLatino,external-reference,embed_link_and_summarize_only
0xs22VCn8v8,https://www.youtube.com/watch?v=0xs22VCn8v8,Mis Extrañas Colecciones! Les Muestro Mi Nuevo Estudio! (Vlog) *CarsLatino*,982.0,,videos,https://i.ytimg.com/vi/0xs22VCn8v8/hqdefault.jpg?sqp=-oaymwEcCNACELwBSFXyq4qpAw4IARUAAIhCGAFwAcABBg==&rs=AOn4CLDVoiIKFaQQGjuE0Yei763y8e2ocA,CarsLatino,external-reference,embed_link_and_summarize_only
Gr16UFEDXOE,https://www.youtube.com/watch?v=Gr16UFEDXOE,Los 12 Peores Automóviles de los 2000's (Parte 1) *CarsLatino*,668.0,,videos,https://i.ytimg.com/vi/Gr16UFEDXOE/hqdefault.jpg?sqp=-oaymwEcCNACELwBSFXyq4qpAw4IARUAAIhCGAFwAcABBg==&rs=AOn4CLDBCnaK2gi7rBLZ9T1FNE4PgyEr5w,CarsLatino,external-reference,embed_link_and_summarize_only
1GRaNdq07L4,https://www.youtube.com/watch?v=1GRaNdq07L4,Los 10 Autos con Mejor Sonido en Toda la Historia *CarsLatino*,679.0,,videos,https://i.ytimg.com/vi/1GRaNdq07L4/hqdefault.jpg?sqp=-oaymwEcCNACELwBSFXyq4qpAw4IARUAAIhCGAFwAcABBg==&rs=AOn4CLAkxfXbBZfdQ88UUEuejcxcvfBVTQ,CarsLatino,external-reference,embed_link_and_summarize_only
swHDhYsKdhM,https://www.youtube.com/watch?v=swHDhYsKdhM,Adiós al Querido Acura Rsx!!! Y Ahora... Hola A... *CarsLatino*,812.0,,videos,https://i.ytimg.com/vi/swHDhYsKdhM/hqdefault.jpg?sqp=-oaymwEcCNACELwBSFXyq4qpAw4IARUAAIhCGAFwAcABBg==&rs=AOn4CLDpAZKupM6HE2hWD6vJ8JWGwRAi8g,CarsLatino,external-reference,embed_link_and_summarize_only
km-LgjO_nKw,https://www.youtube.com/watch?v=km-LgjO_nKw,Los 17 Mejores Deportivos de los 90tas (Parte 2) *CarsLatino*,641.0,,videos,https://i.ytimg.com/vi/km-LgjO_nKw/hqdefault.jpg?sqp=-oaymwEcCNACELwBSFXyq4qpAw4IARUAAIhCGAFwAcABBg==&rs=AOn4CLDIeVTj28k0pWZpAkVJbVl31jXxDw,CarsLatino,external-reference,embed_link_and_summarize_only
_6p_olc04IA,https://www.youtube.com/watch?v=_6p_olc04IA,Los 17 Mejores Deportivos de los 90tas (Parte 1) *CarsLatino*,626.0,,videos,https://i.ytimg.com/vi/_6p_olc04IA/hqdefault.jpg?sqp=-oaymwEcCNACELwBSFXyq4qpAw4IARUAAIhCGAFwAcABBg==&rs=AOn4CLCt04m5NCT8g8h70pBGXgywnL7S4Q,CarsLatino,external-reference,embed_link_and_summarize_only
SZ6bgKNGMBs,https://www.youtube.com/watch?v=SZ6bgKNGMBs,7 Autos Muy Esperados Este 2019 (Lo Que Llega y Lo Que Se Va) *CarsLatino*,949.0,,videos,https://i.ytimg.com/vi/SZ6bgKNGMBs/hqdefault.jpg?sqp=-oaymwEcCNACELwBSFXyq4qpAw4IARUAAIhCGAFwAcABBg==&rs=AOn4CLCGT-B6E9jvzNb7fWlmbe97ULMBcw,CarsLatino,external-reference,embed_link_and_summarize_only
K5rBZpJeP-E,https://www.youtube.com/watch?v=K5rBZpJeP-E,Se Filtran Fotos Oficiales del Nuevo Toyota Supra!! Mi Opinión y Lo Que Sabemos! *CarsLatino*,492.0,,videos,https://i.ytimg.com/vi/K5rBZpJeP-E/hqdefault.jpg?sqp=-oaymwEcCNACELwBSFXyq4qpAw4IARUAAIhCGAFwAcABBg==&rs=AOn4CLD5hgJ7Kqaa9BTOcO9GfPxho1pr9w,CarsLatino,external-reference,embed_link_and_summarize_only
eAQrHfddS_U,https://www.youtube.com/watch?v=eAQrHfddS_U,10 Grandes Automoviles Que Nadie Compro Este 2018 *CarsLatino*,620.0,,videos,https://i.ytimg.com/vi/eAQrHfddS_U/hqdefault.jpg?sqp=-oaymwEcCNACELwBSFXyq4qpAw4IARUAAIhCGAFwAcABBg==&rs=AOn4CLDJNrvjp-ZH7nrEa--GktlAwt74Qg,CarsLatino,external-reference,embed_link_and_summarize_only
m4v8XtH1Y_o,https://www.youtube.com/watch?v=m4v8XtH1Y_o,Fui al AUTOSHOW de San Diego!! *CarsLatino*,1572.0,,videos,https://i.ytimg.com/vi/m4v8XtH1Y_o/hqdefault.jpg?sqp=-oaymwEcCNACELwBSFXyq4qpAw4IARUAAIhCGAFwAcABBg==&rs=AOn4CLAV_Vlg3WbMYd0PIu8Ch3-QyBeHFg,CarsLatino,external-reference,embed_link_and_summarize_only
WmX_qAJOjpg,https://www.youtube.com/watch?v=WmX_qAJOjpg,Los 19 Autos Modernos con Mas @C1D3NT3S M0RT@L3S  *CarsLatino*,789.0,,videos,https://i.ytimg.com/vi/WmX_qAJOjpg/hqdefault.jpg?sqp=-oaymwEcCNACELwBSFXyq4qpAw4IARUAAIhCGAFwAcABBg==&rs=AOn4CLBu50o5u4ApIELLuJQwrCWcx8RSCQ,CarsLatino,external-reference,embed_link_and_summarize_only
4VZ57sduFWs,https://www.youtube.com/watch?v=4VZ57sduFWs,Mi Increíble Experiencia en la BAJA 1000!!! *CarsLatino*,1122.0,,videos,https://i.ytimg.com/vi/4VZ57sduFWs/hqdefault.jpg?sqp=-oaymwEcCNACELwBSFXyq4qpAw4IARUAAIhCGAFwAcABBg==&rs=AOn4CLCzhd83ZCtVS3BUM2Ug6YjQHU4TMw,CarsLatino,external-reference,embed_link_and_summarize_only
dKAsmDnQ3oE,https://www.youtube.com/watch?v=dKAsmDnQ3oE,9 Compañías de Autos que Desaparecieron (Parte 2) *CarsLatino*,726.0,,videos,https://i.ytimg.com/vi/dKAsmDnQ3oE/hqdefault.jpg?sqp=-oaymwEcCNACELwBSFXyq4qpAw4IARUAAIhCGAFwAcABBg==&rs=AOn4CLB5zfq1eygeBdO_EXeZg9PAl6dOkg,CarsLatino,external-reference,embed_link_and_summarize_only
Are-iyVzZ_s,https://www.youtube.com/watch?v=Are-iyVzZ_s,Nuevo Volante y Asientos en mi Acura RSX! *CarsLatino*,793.0,,videos,https://i.ytimg.com/vi/Are-iyVzZ_s/hqdefault.jpg?sqp=-oaymwEcCNACELwBSFXyq4qpAw4IARUAAIhCGAFwAcABBg==&rs=AOn4CLBa5brZMAuHVUx75N7PzIctleW_Ng,CarsLatino,external-reference,embed_link_and_summarize_only
Oq0nsldUAk4,https://www.youtube.com/watch?v=Oq0nsldUAk4,Ataques Entre Marcas en Anuncios Publicitarios (Parte 5) *CarsLatino*,609.0,,videos,https://i.ytimg.com/vi/Oq0nsldUAk4/hqdefault.jpg?sqp=-oaymwEcCNACELwBSFXyq4qpAw4IARUAAIhCGAFwAcABBg==&rs=AOn4CLBOH3Dfh4foWK6y-7WiB0rKjFqopg,CarsLatino,external-reference,embed_link_and_summarize_only
89CSmpGWakg,https://www.youtube.com/watch?v=89CSmpGWakg,La Increíble Historia de Toyota *CarsLatino*,757.0,,videos,https://i.ytimg.com/vi/89CSmpGWakg/hqdefault.jpg?sqp=-oaymwEcCNACELwBSFXyq4qpAw4IARUAAIhCGAFwAcABBg==&rs=AOn4CLAoZSYxM8ASA-6zQuvZsY6VGnUopA,CarsLatino,external-reference,embed_link_and_summarize_only
JFcOVZVDeaQ,https://www.youtube.com/watch?v=JFcOVZVDeaQ,Gracias a Toda la Familia de CarsLatino *CarsLatino*,425.0,,videos,https://i.ytimg.com/vi/JFcOVZVDeaQ/hqdefault.jpg?sqp=-oaymwEcCNACELwBSFXyq4qpAw4IARUAAIhCGAFwAcABBg==&rs=AOn4CLCpowamGRkePrU3ubUbA1KDFpYSzw,CarsLatino,external-reference,embed_link_and_summarize_only
dv9dlV8w5XM,https://www.youtube.com/watch?v=dv9dlV8w5XM,"Gran Producto, PÉSIMA Compañía... OJO!! *CarsLatino*",1207.0,,videos,https://i.ytimg.com/vi/dv9dlV8w5XM/hqdefault.jpg?sqp=-oaymwEcCNACELwBSFXyq4qpAw4IARUAAIhCGAFwAcABBg==&rs=AOn4CLDXSEcGvOObvj0DMu9R6s47VQLPfA,CarsLatino,external-reference,embed_link_and_summarize_only
5J_-RyPs2Mk,https://www.youtube.com/watch?v=5J_-RyPs2Mk,NO ES POSIBLE que algo CORRA ASÍ!!! Nissan GTR (R35) *CarsLatino*,776.0,,videos,https://i.ytimg.com/vi/5J_-RyPs2Mk/hqdefault.jpg?sqp=-oaymwEcCNACELwBSFXyq4qpAw4IARUAAIhCGAFwAcABBg==&rs=AOn4CLBrNNhT04X0VywGW9-YV_FXMP7G1g,CarsLatino,external-reference,embed_link_and_summarize_only
R5MW9GdtlyQ,https://www.youtube.com/watch?v=R5MW9GdtlyQ,Los 50 Autos Mas Queridos Por CarsLatino (Parte 5) *CarsLatino*,708.0,,videos,https://i.ytimg.com/vi/R5MW9GdtlyQ/hqdefault.jpg?sqp=-oaymwEcCNACELwBSFXyq4qpAw4IARUAAIhCGAFwAcABBg==&rs=AOn4CLAiAkh1flZEUozi2tVnQny2tSAeyQ,CarsLatino,external-reference,embed_link_and_summarize_only
0UXVEHjL9P0,https://www.youtube.com/watch?v=0UXVEHjL9P0,Que le Paso al Único Bugatti Type57G en el Mundo que fue Enterrado? *CarsLatino*,445.0,,videos,https://i.ytimg.com/vi/0UXVEHjL9P0/hqdefault.jpg?sqp=-oaymwEcCNACELwBSFXyq4qpAw4IARUAAIhCGAFwAcABBg==&rs=AOn4CLBqh6JvEr-qsCjxcSo2GvLlQUPeIA,CarsLatino,external-reference,embed_link_and_summarize_only
gxB9G3dkzfs,https://www.youtube.com/watch?v=gxB9G3dkzfs,NUEVOS RINES!!! Para mi Acura RSX! *CarsLatino*,603.0,,videos,https://i.ytimg.com/vi/gxB9G3dkzfs/hqdefault.jpg?sqp=-oaymwEcCNACELwBSFXyq4qpAw4IARUAAIhCGAFwAcABBg==&rs=AOn4CLAeLfYSyJ-Cz9ROubhpbT-XN260fQ,CarsLatino,external-reference,embed_link_and_summarize_only
70iQG1AHn6g,https://www.youtube.com/watch?v=70iQG1AHn6g,Los Autos Nuevos Mas Feos (2018) *CarsLatino*,604.0,,videos,https://i.ytimg.com/vi/70iQG1AHn6g/hqdefault.jpg?sqp=-oaymwEcCNACELwBSFXyq4qpAw4IARUAAIhCGAFwAcABBg==&rs=AOn4CLB12UXdf_c5cHaZBM0Ku1zBk1AUXQ,CarsLatino,external-reference,embed_link_and_summarize_only
8MLVn87bRyU,https://www.youtube.com/watch?v=8MLVn87bRyU,Los 50 Autos Mas Queridos Por CarsLatino (Parte 4) *CarsLatino*,693.0,,videos,https://i.ytimg.com/vi/8MLVn87bRyU/hqdefault.jpg?sqp=-oaymwEcCNACELwBSFXyq4qpAw4IARUAAIhCGAFwAcABBg==&rs=AOn4CLB9ZuUGQFqozcmbfvEzJzoWT0QSIA,CarsLatino,external-reference,embed_link_and_summarize_only
HcIc78H_KU0,https://www.youtube.com/watch?v=HcIc78H_KU0,Preguntas y Respuestas (Parte 13) *CarsLatino*,1124.0,,videos,https://i.ytimg.com/vi/HcIc78H_KU0/hqdefault.jpg?sqp=-oaymwEcCNACELwBSFXyq4qpAw4IARUAAIhCGAFwAcABBg==&rs=AOn4CLASM0gnKKIVoZ2sbTdMjfkRgLZRlQ,CarsLatino,external-reference,embed_link_and_summarize_only
vaSTsrmCNMM,https://www.youtube.com/watch?v=vaSTsrmCNMM,La Increíble Historia de Bugatti *CarsLatino*,706.0,,videos,https://i.ytimg.com/vi/vaSTsrmCNMM/hqdefault.jpg?sqp=-oaymwEcCNACELwBSFXyq4qpAw4IARUAAIhCGAFwAcABBg==&rs=AOn4CLBKax2u4KnnfXD3ACbOivJTi3uRtw,CarsLatino,external-reference,embed_link_and_summarize_only
hF0xqWlpPfs,https://www.youtube.com/watch?v=hF0xqWlpPfs,Mejoras al RSX y  Luego Me Lo Rayan! *CarsLatino*,1117.0,,videos,https://i.ytimg.com/vi/hF0xqWlpPfs/hqdefault.jpg?sqp=-oaymwEcCNACELwBSFXyq4qpAw4IARUAAIhCGAFwAcABBg==&rs=AOn4CLDjATSCFF-tZNq4wzfKN4dP9fh5lQ,CarsLatino,external-reference,embed_link_and_summarize_only
pvXjLj8REHI,https://www.youtube.com/watch?v=pvXjLj8REHI,Los 7 Peores Motores del Mundo (Parte 2) *CarsLatino*,698.0,,videos,https://i.ytimg.com/vi/pvXjLj8REHI/hqdefault.jpg?sqp=-oaymwEcCNACELwBSFXyq4qpAw4IARUAAIhCGAFwAcABBg==&rs=AOn4CLAh6IRqoTf3Ec0ha_UykX-tV7WSSw,CarsLatino,external-reference,embed_link_and_summarize_only
N4rFtIW75Kw,https://www.youtube.com/watch?v=N4rFtIW75Kw,Anécdotas Accidentadas (CarTalk Ep2) *CarsLatino*,974.0,,videos,https://i.ytimg.com/vi/N4rFtIW75Kw/hqdefault.jpg?sqp=-oaymwEcCNACELwBSFXyq4qpAw4IARUAAIhCGAFwAcABBg==&rs=AOn4CLAK_ihHn2pTq1TqmKSO-hJiDixD5g,CarsLatino,external-reference,embed_link_and_summarize_only
Kbj17PxB6CY,https://www.youtube.com/watch?v=Kbj17PxB6CY,Las 12 Pistas De Carrera Mas Impactantes Del Mundo (Parte 2) *CarsLatino*,718.0,,videos,https://i.ytimg.com/vi/Kbj17PxB6CY/hqdefault.jpg?sqp=-oaymwEcCNACELwBSFXyq4qpAw4IARUAAIhCGAFwAcABBg==&rs=AOn4CLCsOilTSqN1E-IQO3bKGWOaIvAxMQ,CarsLatino,external-reference,embed_link_and_summarize_only
DDuYvPYs39E,https://www.youtube.com/watch?v=DDuYvPYs39E,Un Muy Pequeño Primer Paso de un Gran Proyecto! *CarsLatino*,716.0,,videos,https://i.ytimg.com/vi/DDuYvPYs39E/hqdefault.jpg?sqp=-oaymwEcCNACELwBSFXyq4qpAw4IARUAAIhCGAFwAcABBg==&rs=AOn4CLAiE3LzLI7plCrkgSy2YpYN8NDu2g,CarsLatino,external-reference,embed_link_and_summarize_only
wdH4YE2HM6g,https://www.youtube.com/watch?v=wdH4YE2HM6g,Un Día en el Paraíso de los Autos! (BIG SOCAL EURO 2018) *CarsLatino*,1103.0,,videos,https://i.ytimg.com/vi/wdH4YE2HM6g/hqdefault.jpg?sqp=-oaymwEcCNACELwBSFXyq4qpAw4IARUAAIhCGAFwAcABBg==&rs=AOn4CLAhI2YEy_TJzv_FsB9wCrkuaSO98w,CarsLatino,external-reference,embed_link_and_summarize_only
lejNKik2RjQ,https://www.youtube.com/watch?v=lejNKik2RjQ,¿Como Conectar Tu Auto a Tu Smartphone? (Engie) *CarsLatino*,474.0,,videos,https://i.ytimg.com/vi/lejNKik2RjQ/hqdefault.jpg?sqp=-oaymwEcCNACELwBSFXyq4qpAw4IARUAAIhCGAFwAcABBg==&rs=AOn4CLD3J7vsypNAueSG5k78Rh95pskGig,CarsLatino,external-reference,embed_link_and_summarize_only
an_zgFB8_c8,https://www.youtube.com/watch?v=an_zgFB8_c8,Las 12 Pistas De Carrera Mas Impactantes Del Mundo (Parte 1) *CarsLatino*,631.0,,videos,https://i.ytimg.com/vi/an_zgFB8_c8/hqdefault.jpg?sqp=-oaymwEcCNACELwBSFXyq4qpAw4IARUAAIhCGAFwAcABBg==&rs=AOn4CLBGbFArJe3Cc_JiSGaZwhhA2BXHiA,CarsLatino,external-reference,embed_link_and_summarize_only
d_PWaiWhjDU,https://www.youtube.com/watch?v=d_PWaiWhjDU,"Ofrecieron Prestarme Un Nissan Skyline GTR R34, Pero... *CarsLatino*",413.0,,videos,https://i.ytimg.com/vi/d_PWaiWhjDU/hqdefault.jpg?sqp=-oaymwEcCNACELwBSFXyq4qpAw4IARUAAIhCGAFwAcABBg==&rs=AOn4CLCaDsiguL8Sa2xJsfvfr-05jLH6fg,CarsLatino,external-reference,embed_link_and_summarize_only
qlVwB-56D0c,https://www.youtube.com/watch?v=qlVwB-56D0c,EL ACURA RSX AHORA SE ESCUCHA ASÍ!!! (Instalación de Cut Out) *CarsLatino*,798.0,,videos,https://i.ytimg.com/vi/qlVwB-56D0c/hqdefault.jpg?sqp=-oaymwEcCNACELwBSFXyq4qpAw4IARUAAIhCGAFwAcABBg==&rs=AOn4CLCz-3ViiFkzRCnarqcWAxqXIY4-uw,CarsLatino,external-reference,embed_link_and_summarize_only
rfVa_B0PZ58,https://www.youtube.com/watch?v=rfVa_B0PZ58,Un Vw disfrazado o un auto muy especial? Audi TT Sport High 2017 *CarsLatino*,989.0,,videos,https://i.ytimg.com/vi/rfVa_B0PZ58/hqdefault.jpg?sqp=-oaymwEcCNACELwBSFXyq4qpAw4IARUAAIhCGAFwAcABBg==&rs=AOn4CLBaz7wkJMGcy09_KjCFVWTYYEdYkA,CarsLatino,external-reference,embed_link_and_summarize_only
RsSiZKF21Es,https://www.youtube.com/watch?v=RsSiZKF21Es,Preguntas y Respuestas (Parte 12) *CarsLatino*,1658.0,,videos,https://i.ytimg.com/vi/RsSiZKF21Es/hqdefault.jpg?sqp=-oaymwEcCNACELwBSFXyq4qpAw4IARUAAIhCGAFwAcABBg==&rs=AOn4CLDRQmTk7k59UqZcdlQ4brZHbDuHew,CarsLatino,external-reference,embed_link_and_summarize_only
mrewolegkcM,https://www.youtube.com/watch?v=mrewolegkcM,Instalando Fog Lights y Window Visors al Acura Rsx! *CarsLatino*,970.0,,videos,https://i.ytimg.com/vi/mrewolegkcM/hqdefault.jpg?sqp=-oaymwEcCNACELwBSFXyq4qpAw4IARUAAIhCGAFwAcABBg==&rs=AOn4CLAxKQNZ8eiuI0UfxbxTOLPf-S0D8w,CarsLatino,external-reference,embed_link_and_summarize_only
aHRlViggQss,https://www.youtube.com/watch?v=aHRlViggQss,Los Mejores Motores Para Modificar (Parte 2) *CarsLatino*,764.0,,videos,https://i.ytimg.com/vi/aHRlViggQss/hqdefault.jpg?sqp=-oaymwEcCNACELwBSFXyq4qpAw4IARUAAIhCGAFwAcABBg==&rs=AOn4CLDzWjlbLFuU3v8t3oLTcb0_bbJCyw,CarsLatino,external-reference,embed_link_and_summarize_only
qqz772uYkIU,https://www.youtube.com/watch?v=qqz772uYkIU,Los 6 Incidentes Automovilisticos mas Misteriosos del Planeta *CarsLatino*,690.0,,videos,https://i.ytimg.com/vi/qqz772uYkIU/hqdefault.jpg?sqp=-oaymwEcCNACELwBSFXyq4qpAw4IARUAAIhCGAFwAcABBg==&rs=AOn4CLDTVbm6icmltfibbT8mGcCR0iZypA,CarsLatino,external-reference,embed_link_and_summarize_only
jUoQfAJEBF8,https://www.youtube.com/watch?v=jUoQfAJEBF8,Tan Rapido y Con Problemas!! (Acura Rsx) *CarsLatino*,317.0,,videos,https://i.ytimg.com/vi/jUoQfAJEBF8/hqdefault.jpg?sqp=-oaymwEcCNACELwBSFXyq4qpAw4IARUAAIhCGAFwAcABBg==&rs=AOn4CLBBE3xIUYclzx_hGbvqc15Jhr3SNQ,CarsLatino,external-reference,embed_link_and_summarize_only
ET1g_4xorXA,https://www.youtube.com/watch?v=ET1g_4xorXA,Los Mejores Motores Para Modificar (Parte 1) *CarsLatino*,666.0,,videos,https://i.ytimg.com/vi/ET1g_4xorXA/hqdefault.jpg?sqp=-oaymwEcCNACELwBSFXyq4qpAw4IARUAAIhCGAFwAcABBg==&rs=AOn4CLBMrY4OYKk3LanctUKA40En8R8YDA,CarsLatino,external-reference,embed_link_and_summarize_only
IWW00XMBrk8,https://www.youtube.com/watch?v=IWW00XMBrk8,¿Cuantos Caballos Tiene y Que le he Hecho al Acura RSX? *CarsLatino*,828.0,,videos,https://i.ytimg.com/vi/IWW00XMBrk8/hqdefault.jpg?sqp=-oaymwEcCNACELwBSFXyq4qpAw4IARUAAIhCGAFwAcABBg==&rs=AOn4CLAW4XPJIDp_i4YSEJyQdAVbMJ20Iw,CarsLatino,external-reference,embed_link_and_summarize_only
LrOZF8pK77g,https://www.youtube.com/watch?v=LrOZF8pK77g,Los 50 Autos Mas Queridos Por CarsLatino (Parte 3) *CarsLatino*,688.0,,videos,https://i.ytimg.com/vi/LrOZF8pK77g/hqdefault.jpg?sqp=-oaymwEcCNACELwBSFXyq4qpAw4IARUAAIhCGAFwAcABBg==&rs=AOn4CLCMvQY9D-GMugBtg-YOGaPd5kIl6Q,CarsLatino,external-reference,embed_link_and_summarize_only
FUFFUoeHY5c,https://www.youtube.com/watch?v=FUFFUoeHY5c,Atinale al Precio - Karla Vs Michelle (Ep 2) *CarsLatino*,380.0,,videos,https://i.ytimg.com/vi/FUFFUoeHY5c/hqdefault.jpg?sqp=-oaymwEcCNACELwBSFXyq4qpAw4IARUAAIhCGAFwAcABBg==&rs=AOn4CLB9bLlhNG3uxz0bEwFEw8KJN1cl4w,CarsLatino,external-reference,embed_link_and_summarize_only
ZBmBieCMwxk,https://www.youtube.com/watch?v=ZBmBieCMwxk,Les Presento Mi Nuevo Carro y Proyecto del Canal! *CarsLatino*,1185.0,,videos,https://i.ytimg.com/vi/ZBmBieCMwxk/hqdefault.jpg?sqp=-oaymwEcCNACELwBSFXyq4qpAw4IARUAAIhCGAFwAcABBg==&rs=AOn4CLC1wNLiRT_pzNOI7RMFivTDzg3WEQ,CarsLatino,external-reference,embed_link_and_summarize_only
Lp_smqT4vG0,https://www.youtube.com/watch?v=Lp_smqT4vG0,Adios Civic... *CarsLatino*,173.0,,videos,https://i.ytimg.com/vi/Lp_smqT4vG0/hqdefault.jpg?sqp=-oaymwEcCNACELwBSFXyq4qpAw4IARUAAIhCGAFwAcABBg==&rs=AOn4CLA4zm6dZ5IMRJP9XTionWw2EhpgtQ,CarsLatino,external-reference,embed_link_and_summarize_only
HhGD9muWJSY,https://www.youtube.com/watch?v=HhGD9muWJSY,Las 10 Peores Compañias del 2018 *CarsLatino*,662.0,,videos,https://i.ytimg.com/vi/HhGD9muWJSY/hqdefault.jpg?sqp=-oaymwEcCNACELwBSFXyq4qpAw4IARUAAIhCGAFwAcABBg==&rs=AOn4CLCW8nV4Aw2K5V9I3Pr-cyg-9pGKWw,CarsLatino,external-reference,embed_link_and_summarize_only
UKD4dnZvT7A,https://www.youtube.com/watch?v=UKD4dnZvT7A,8 Autos de Le Mans que Terminaron Como Autos de Calle (200k Subs) *CarsLatino*,1128.0,,videos,https://i.ytimg.com/vi/UKD4dnZvT7A/hqdefault.jpg?sqp=-oaymwEcCNACELwBSFXyq4qpAw4IARUAAIhCGAFwAcABBg==&rs=AOn4CLA2vPlwQxBAPHazik1R4m5xu5QIsw,CarsLatino,external-reference,embed_link_and_summarize_only
KiM61ryw2qc,https://www.youtube.com/watch?v=KiM61ryw2qc,Y Bien? Qué Pienso? Falló o Funciona? (Pantalla Seicane) *CarsLatino*,738.0,,videos,https://i.ytimg.com/vi/KiM61ryw2qc/hqdefault.jpg?sqp=-oaymwEcCNACELwBSFXyq4qpAw4IARUAAIhCGAFwAcABBg==&rs=AOn4CLBQYWNFFQdMeIA1njWkeFpRpWslLA,CarsLatino,external-reference,embed_link_and_summarize_only
tNuD3lPS3_0,https://www.youtube.com/watch?v=tNuD3lPS3_0,"Una Empresa China ""Seicane"" Me Mando Algo Para el Civic Pateado y Lo Instalamos *CarsLatino*",1226.0,,videos,https://i.ytimg.com/vi/tNuD3lPS3_0/hqdefault.jpg?sqp=-oaymwEcCNACELwBSFXyq4qpAw4IARUAAIhCGAFwAcABBg==&rs=AOn4CLCp8UhfgqqfBOmi58xatNir0YjnNQ,CarsLatino,external-reference,embed_link_and_summarize_only
cf-S3vmCepI,https://www.youtube.com/watch?v=cf-S3vmCepI,Las 8 Peores Transmisiones Del Mundo *CarsLatino*,663.0,,videos,https://i.ytimg.com/vi/cf-S3vmCepI/hqdefault.jpg?sqp=-oaymwEcCNACELwBSFXyq4qpAw4IARUAAIhCGAFwAcABBg==&rs=AOn4CLDVkCRJew7ZmF8XcCVB3EpgUwfD_w,CarsLatino,external-reference,embed_link_and_summarize_only
uKEpI2sTjjU,https://www.youtube.com/watch?v=uKEpI2sTjjU,Prueba de Manejo BMW 330iA Sport Line 2018 *CarsLatino*,1101.0,,videos,https://i.ytimg.com/vi/uKEpI2sTjjU/hqdefault.jpg?sqp=-oaymwEcCNACELwBSFXyq4qpAw4IARUAAIhCGAFwAcABBg==&rs=AOn4CLBe4ll6quCHtGH50ZLPUMGk_rWSFQ,CarsLatino,external-reference,embed_link_and_summarize_only
4EpNYhYJbys,https://www.youtube.com/watch?v=4EpNYhYJbys,Los 50 Autos Mas Queridos Por CarsLatino (Parte 2) *CarsLatino*,815.0,,videos,https://i.ytimg.com/vi/4EpNYhYJbys/hqdefault.jpg?sqp=-oaymwEcCNACELwBSFXyq4qpAw4IARUAAIhCGAFwAcABBg==&rs=AOn4CLBIxR3ICMbdvig68HRFusOVsFFOXw,CarsLatino,external-reference,embed_link_and_summarize_only
cIE5QPhzQBM,https://www.youtube.com/watch?v=cIE5QPhzQBM,La Reparación Mas Cara Que He Visto En Persona (Mustang Shelby Gt350) *CarsLatino*,288.0,,videos,https://i.ytimg.com/vi/cIE5QPhzQBM/hqdefault.jpg?sqp=-oaymwEcCNACELwBSFXyq4qpAw4IARUAAIhCGAFwAcABBg==&rs=AOn4CLCjsMulyoIKTvyGMzCW94jUcCJHPQ,CarsLatino,external-reference,embed_link_and_summarize_only
dklZo9yIde0,https://www.youtube.com/watch?v=dklZo9yIde0,¿Mi Esposa Podrá Reconocer Todos Estos Autos?  (Parte 1) *CarsLatino*,602.0,,videos,https://i.ytimg.com/vi/dklZo9yIde0/hqdefault.jpg?sqp=-oaymwEcCNACELwBSFXyq4qpAw4IARUAAIhCGAFwAcABBg==&rs=AOn4CLB2OHF-KJGwQ59FtnFMtilnBZiz7g,CarsLatino,external-reference,embed_link_and_summarize_only
bhCIr8r9fPc,https://www.youtube.com/watch?v=bhCIr8r9fPc,Preguntas y Respuestas (Parte 11) *CarsLatino*,1088.0,,videos,https://i.ytimg.com/vi/bhCIr8r9fPc/hqdefault.jpg?sqp=-oaymwEcCNACELwBSFXyq4qpAw4IARUAAIhCGAFwAcABBg==&rs=AOn4CLCKzIu1PsdVM2jXJZQ6ivgsnijnqA,CarsLatino,external-reference,embed_link_and_summarize_only
41LbsWhVlMY,https://www.youtube.com/watch?v=41LbsWhVlMY,9 Compañías de Autos que Desaparecieron (Parte 1) *CarsLatino*,630.0,,videos,https://i.ytimg.com/vi/41LbsWhVlMY/hqdefault.jpg?sqp=-oaymwEcCNACELwBSFXyq4qpAw4IARUAAIhCGAFwAcABBg==&rs=AOn4CLCtFFjkjX9olevJjQP7utJvENhR7w,CarsLatino,external-reference,embed_link_and_summarize_only
SFvKRq91yeY,https://www.youtube.com/watch?v=SFvKRq91yeY,HRE Open House 2018! Mi Reacción Al Ver Los Mejores Súper Autos Del Mundo! *CarsLatino*,1241.0,,videos,https://i.ytimg.com/vi/SFvKRq91yeY/hqdefault.jpg?sqp=-oaymwEcCNACELwBSFXyq4qpAw4IARUAAIhCGAFwAcABBg==&rs=AOn4CLC980AozRqRboUKhKfi_yk__L0d6w,CarsLatino,external-reference,embed_link_and_summarize_only
5iyC9IskntY,https://www.youtube.com/watch?v=5iyC9IskntY,Chrysler Desaparece Mañana?? (El Destino de Chrysler) *CarsLatino*,395.0,,videos,https://i.ytimg.com/vi/5iyC9IskntY/hqdefault.jpg?sqp=-oaymwEcCNACELwBSFXyq4qpAw4IARUAAIhCGAFwAcABBg==&rs=AOn4CLB13AngLy1dwwtoCFMRvQchv17z0A,CarsLatino,external-reference,embed_link_and_summarize_only
zd9Q6h0GCUU,https://www.youtube.com/watch?v=zd9Q6h0GCUU,Prueba de Manejo Volkswagen Jetta (Bora) GLI 2007 y algo mas *CarsLatino*,1018.0,,videos,https://i.ytimg.com/vi/zd9Q6h0GCUU/hqdefault.jpg?sqp=-oaymwEcCNACELwBSFXyq4qpAw4IARUAAIhCGAFwAcABBg==&rs=AOn4CLBBECrx0rcPUWYuWMaALOtXNQYZig,CarsLatino,external-reference,embed_link_and_summarize_only
Bpe3fFozLNE,https://www.youtube.com/watch?v=Bpe3fFozLNE,Ataques Entre Marcas en Anuncios Publicitarios (Parte 4) *CarsLatino*,728.0,,videos,https://i.ytimg.com/vi/Bpe3fFozLNE/hqdefault.jpg?sqp=-oaymwEcCNACELwBSFXyq4qpAw4IARUAAIhCGAFwAcABBg==&rs=AOn4CLCszo7gq6dh28brMzJHpbO1izsfpQ,CarsLatino,external-reference,embed_link_and_summarize_only
Q7o_GnYaLPw,https://www.youtube.com/watch?v=Q7o_GnYaLPw,El Impactante Alto Precio de los Automóviles en Singapur *CarsLatino*,602.0,,videos,https://i.ytimg.com/vi/Q7o_GnYaLPw/hqdefault.jpg?sqp=-oaymwEcCNACELwBSFXyq4qpAw4IARUAAIhCGAFwAcABBg==&rs=AOn4CLDQit0sF1b_HdK1trR8Tv0ocB3N0A,CarsLatino,external-reference,embed_link_and_summarize_only
KpeRG4OGkik,https://www.youtube.com/watch?v=KpeRG4OGkik,Vw Golf Confortline vs Vw Golf R *CarsLatino*,855.0,,videos,https://i.ytimg.com/vi/KpeRG4OGkik/hqdefault.jpg?sqp=-oaymwEcCNACELwBSFXyq4qpAw4IARUAAIhCGAFwAcABBg==&rs=AOn4CLD1mKjlXOCf0lVk42U7BabSwUcSuw,CarsLatino,external-reference,embed_link_and_summarize_only
hwRjcySXJqI,https://www.youtube.com/watch?v=hwRjcySXJqI,Los 50 Autos Mas Queridos Por CarsLatino (Parte 1) *CarsLatino*,777.0,,videos,https://i.ytimg.com/vi/hwRjcySXJqI/hqdefault.jpg?sqp=-oaymwEcCNACELwBSFXyq4qpAw4IARUAAIhCGAFwAcABBg==&rs=AOn4CLBPYTXOHKOWFsiwEx4b-sWdG7Hpew,CarsLatino,external-reference,embed_link_and_summarize_only
GId1JH_AO2s,https://www.youtube.com/watch?v=GId1JH_AO2s,7 Automóviles con Peor Nombre en Toda la Historia (Parte 2 ) *CarsLatino*,416.0,,videos,https://i.ytimg.com/vi/GId1JH_AO2s/hqdefault.jpg?sqp=-oaymwEcCNACELwBSFXyq4qpAw4IARUAAIhCGAFwAcABBg==&rs=AOn4CLBETPNbykLTGg331Kccj24LC4VCDg,CarsLatino,external-reference,embed_link_and_summarize_only
T2jIbZXVllA,https://www.youtube.com/watch?v=T2jIbZXVllA,(RESUBIDO) El Mejor Corolla No Llego a Nuestro Pais *CarsLatino*,1120.0,,videos,https://i.ytimg.com/vi/T2jIbZXVllA/hqdefault.jpg?sqp=-oaymwEcCNACELwBSFXyq4qpAw4IARUAAIhCGAFwAcABBg==&rs=AOn4CLAmQfxqi7oTLq-sZE-8y6bxj4VoOA,CarsLatino,external-reference,embed_link_and_summarize_only
KZgYkRrAlo8,https://www.youtube.com/watch?v=KZgYkRrAlo8,Atinale al Precio - Alex Vs Michelle (Ep 1) *CarsLatino*,429.0,,videos,https://i.ytimg.com/vi/KZgYkRrAlo8/hqdefault.jpg?sqp=-oaymwEcCNACELwBSFXyq4qpAw4IARUAAIhCGAFwAcABBg==&rs=AOn4CLBkt2wxJ1jp6RGZ1lLUDW2Xvr3csg,CarsLatino,external-reference,embed_link_and_summarize_only
-dDugNKGl5U,https://www.youtube.com/watch?v=-dDugNKGl5U,El Mejor Corolla Es El Que No Llego a Nuestro País (P.D.M. Corolla IM 2018) *CarsLatino*,1120.0,,videos,https://i.ytimg.com/vi/-dDugNKGl5U/hqdefault.jpg?sqp=-oaymwEcCNACELwBSFXyq4qpAw4IARUAAIhCGAFwAcABBg==&rs=AOn4CLABz_vNRqGZJOHwuBhaWYaNdxxHHg,CarsLatino,external-reference,embed_link_and_summarize_only
KzjRJOfwDZs,https://www.youtube.com/watch?v=KzjRJOfwDZs,Los 5 Automóviles Menos Vendidos del Mundo (Parte 1) *CarsLatino*,394.0,,videos,https://i.ytimg.com/vi/KzjRJOfwDZs/hqdefault.jpg?sqp=-oaymwEcCNACELwBSFXyq4qpAw4IARUAAIhCGAFwAcABBg==&rs=AOn4CLBxSapWItqYGnczoCmtn2J-xu9tvg,CarsLatino,external-reference,embed_link_and_summarize_only
lCFdESbE_sU,https://www.youtube.com/watch?v=lCFdESbE_sU,Los 7 Automóviles Mas Vendidos del Mundo,404.0,,videos,https://i.ytimg.com/vi/lCFdESbE_sU/hqdefault.jpg?sqp=-oaymwEcCNACELwBSFXyq4qpAw4IARUAAIhCGAFwAcABBg==&rs=AOn4CLDLWz7Umr3B7DFp8NlYdJYNJQNNjg,CarsLatino,external-reference,embed_link_and_summarize_only
yC6g0xiHkkU,https://www.youtube.com/watch?v=yC6g0xiHkkU,"Anapromex, Onapafa, UCD, Etc... ¿Alternativa o Fraude? *CarsLatino*",917.0,,videos,https://i.ytimg.com/vi/yC6g0xiHkkU/hqdefault.jpg?sqp=-oaymwEcCNACELwBSFXyq4qpAw4IARUAAIhCGAFwAcABBg==&rs=AOn4CLAQrVojrQwX8NsSXCsF16uc7Qx5gQ,CarsLatino,external-reference,embed_link_and_summarize_only
18FNfBqTSL0,https://www.youtube.com/watch?v=18FNfBqTSL0,5 Casos de Justicia/Karma Instantáneo,410.0,,videos,https://i.ytimg.com/vi/18FNfBqTSL0/hqdefault.jpg?sqp=-oaymwEcCNACELwBSFXyq4qpAw4IARUAAIhCGAFwAcABBg==&rs=AOn4CLAUwHoknNVtLSyfyB1NcgKuXe7lkg,CarsLatino,external-reference,embed_link_and_summarize_only
ekSNZLulxpY,https://www.youtube.com/watch?v=ekSNZLulxpY,Los 5 Accidentes Fatales Mas Impactantes del Automovilismo *CarsLatino*,327.0,,videos,https://i.ytimg.com/vi/ekSNZLulxpY/hqdefault.jpg?sqp=-oaymwEcCNACELwBSFXyq4qpAw4IARUAAIhCGAFwAcABBg==&rs=AOn4CLAlESxV7ZBNtwBssPIZS7Br103mBg,CarsLatino,external-reference,embed_link_and_summarize_only
U0_IrOXTzGM,https://www.youtube.com/watch?v=U0_IrOXTzGM,Las 10 Marcas Mas Confiables del 2018 *CarsLatino*,369.0,,videos,https://i.ytimg.com/vi/U0_IrOXTzGM/hqdefault.jpg?sqp=-oaymwEcCNACELwBSFXyq4qpAw4IARUAAIhCGAFwAcABBg==&rs=AOn4CLCBAR4NZQzVgxkA4-0mpPeUcCVdbA,CarsLatino,external-reference,embed_link_and_summarize_only
UepHadS_KoI,https://www.youtube.com/watch?v=UepHadS_KoI,Los 100 Mejores Automóviles del Mundo (Final Alternativo) *CarsLatino*,162.0,,videos,https://i.ytimg.com/vi/UepHadS_KoI/hqdefault.jpg?sqp=-oaymwEcCNACELwBSFXyq4qpAw4IARUAAIhCGAFwAcABBg==&rs=AOn4CLAeHWuJL0N72TuUWxRLdApU2oz_IA,CarsLatino,external-reference,embed_link_and_summarize_only
cRoaLR7wDHU,https://www.youtube.com/watch?v=cRoaLR7wDHU,Preguntas y Respuestas (Parte 10) *CarsLatino*,968.0,,videos,https://i.ytimg.com/vi/cRoaLR7wDHU/hqdefault.jpg?sqp=-oaymwEcCNACELwBSFXyq4qpAw4IARUAAIhCGAFwAcABBg==&rs=AOn4CLAez5NEFS5A71fWxInmztzmbTamJg,CarsLatino,external-reference,embed_link_and_summarize_only
JqhiStJ_GZM,https://www.youtube.com/watch?v=JqhiStJ_GZM,Los Autos Mas Feos del Mundo (Parte 1) *CarsLatino*,379.0,,videos,https://i.ytimg.com/vi/JqhiStJ_GZM/hqdefault.jpg?sqp=-oaymwEcCNACELwBSFXyq4qpAw4IARUAAIhCGAFwAcABBg==&rs=AOn4CLAa5jT_PtcRT8S8E_owX3t8spo43Q,CarsLatino,external-reference,embed_link_and_summarize_only
Py3CTji25SY,https://www.youtube.com/watch?v=Py3CTji25SY,Los 100 Mejores Automóviles del Mundo (Parte 1) *CarsLatino*,821.0,,videos,https://i.ytimg.com/vi/Py3CTji25SY/hqdefault.jpg?sqp=-oaymwEcCNACELwBSFXyq4qpAw4IARUAAIhCGAFwAcABBg==&rs=AOn4CLB4lBGukk2JqTwXWSLCvyBXIbXjGQ,CarsLatino,external-reference,embed_link_and_summarize_only
y6J_XJrM3wk,https://www.youtube.com/watch?v=y6J_XJrM3wk,Ya se va a terminar la serie los 100 mejores autos.... y ahora?,343.0,,videos,https://i.ytimg.com/vi/y6J_XJrM3wk/hqdefault.jpg?sqp=-oaymwEcCNACELwBSFXyq4qpAw4IARUAAIhCGAFwAcABBg==&rs=AOn4CLBla9nIzCOWWTkD-3JBHkBsXEK3vA,CarsLatino,external-reference,embed_link_and_summarize_only
O5HxLAZou38,https://www.youtube.com/watch?v=O5HxLAZou38,Los 100 Mejores Automóviles de la Historia (Parte 2) *CarsLatino*,672.0,,videos,https://i.ytimg.com/vi/O5HxLAZou38/hqdefault.jpg?sqp=-oaymwEcCNACELwBSFXyq4qpAw4IARUAAIhCGAFwAcABBg==&rs=AOn4CLCC5_OqWo5QW98ibziyj4ay_UbjPw,CarsLatino,external-reference,embed_link_and_summarize_only
H-2uNT9T660,https://www.youtube.com/watch?v=H-2uNT9T660,5 Ataques Entre Marcas en Anuncios Publicitarios (Parte 3) *CarsLatino*,369.0,,videos,https://i.ytimg.com/vi/H-2uNT9T660/hqdefault.jpg?sqp=-oaymwEcCNACELwBSFXyq4qpAw4IARUAAIhCGAFwAcABBg==&rs=AOn4CLAVYahKDhZzaW7l4D_TUMgZnRMBsA,CarsLatino,external-reference,embed_link_and_summarize_only
DboBSge6Vbw,https://www.youtube.com/watch?v=DboBSge6Vbw,"Manejando una Leyenda... Subaru Impreza WRX 2004, Algo mas?  *CarsLatino*",907.0,,videos,https://i.ytimg.com/vi/DboBSge6Vbw/hqdefault.jpg?sqp=-oaymwEcCNACELwBSFXyq4qpAw4IARUAAIhCGAFwAcABBg==&rs=AOn4CLBv2YzBc7Wz87wBEBD14Gx-XKQ0GQ,CarsLatino,external-reference,embed_link_and_summarize_only
3geOsKGc2Yk,https://www.youtube.com/watch?v=3geOsKGc2Yk,Recuerdos y Opiniones de Todos los Autos Que He Tenido*CarsLatino*,1789.0,,videos,https://i.ytimg.com/vi/3geOsKGc2Yk/hqdefault.jpg?sqp=-oaymwEcCNACELwBSFXyq4qpAw4IARUAAIhCGAFwAcABBg==&rs=AOn4CLCuuGcleh4cHOdvA4hdc1zYDs9aBg,CarsLatino,external-reference,embed_link_and_summarize_only
Q455KkCgMag,https://www.youtube.com/watch?v=Q455KkCgMag,7 Automóviles Que Intentaron Mejorar y Terminaron Peor *CarsLatino*,385.0,,videos,https://i.ytimg.com/vi/Q455KkCgMag/hqdefault.jpg?sqp=-oaymwEcCNACELwBSFXyq4qpAw4IARUAAIhCGAFwAcABBg==&rs=AOn4CLBp0Y1Xk_j_L5jOLGxPyAhWR8arUg,CarsLatino,external-reference,embed_link_and_summarize_only
d64zBLdc0yk,https://www.youtube.com/watch?v=d64zBLdc0yk,Hyundai y Kia Investigados por Estados Unidos (Car Talk Ep.1) *CarsLatino*,341.0,,videos,https://i.ytimg.com/vi/d64zBLdc0yk/hqdefault.jpg?sqp=-oaymwEcCNACELwBSFXyq4qpAw4IARUAAIhCGAFwAcABBg==&rs=AOn4CLAd41VtotL7fFPJME-MyiXZPLJEJg,CarsLatino,external-reference,embed_link_and_summarize_only
NbYUXQop77A,https://www.youtube.com/watch?v=NbYUXQop77A,Los 100 Mejores Automóviles de la Historia (Parte 3) *CarsLatino*,715.0,,videos,https://i.ytimg.com/vi/NbYUXQop77A/hqdefault.jpg?sqp=-oaymwEcCNACELwBSFXyq4qpAw4IARUAAIhCGAFwAcABBg==&rs=AOn4CLDGhZCaOcpuPOx2OVzK2q3ZWi3MHQ,CarsLatino,external-reference,embed_link_and_summarize_only
B7aWbGLZhaQ,https://www.youtube.com/watch?v=B7aWbGLZhaQ,Los 100 Mejores Automóviles de la Historia (Parte 4) *CarsLatino*,399.0,,videos,https://i.ytimg.com/vi/B7aWbGLZhaQ/hqdefault.jpg?sqp=-oaymwEcCNACELwBSFXyq4qpAw4IARUAAIhCGAFwAcABBg==&rs=AOn4CLAaNqEE_UikieaEOOKrZKad055iLg,CarsLatino,external-reference,embed_link_and_summarize_only
Wdj4kj0dh9Y,https://www.youtube.com/watch?v=Wdj4kj0dh9Y,La Mazda Cx-3 Se Queda En Mi Lista de Favoritos O Se Va? *CarsLatino*,1088.0,,videos,https://i.ytimg.com/vi/Wdj4kj0dh9Y/hqdefault.jpg?sqp=-oaymwEcCNACELwBSFXyq4qpAw4IARUAAIhCGAFwAcABBg==&rs=AOn4CLB33DCkodILS8wS_Q0exnH6PBnQMg,CarsLatino,external-reference,embed_link_and_summarize_only
Hjq_GZ7QxG8,https://www.youtube.com/watch?v=Hjq_GZ7QxG8,Los 100 Mejores Automóviles de la Historia (Parte 5) *CarsLatino*,413.0,,videos,https://i.ytimg.com/vi/Hjq_GZ7QxG8/hqdefault.jpg?sqp=-oaymwEcCNACELwBSFXyq4qpAw4IARUAAIhCGAFwAcABBg==&rs=AOn4CLBfGUsLWpei9ac_aD3z8Cv8i6gmTg,CarsLatino,external-reference,embed_link_and_summarize_only
X_26xwndK8A,https://www.youtube.com/watch?v=X_26xwndK8A,Manejé 5 Subaru's!!!! (MITSUBIE SQUAD) *CarsLatino*,632.0,,videos,https://i.ytimg.com/vi/X_26xwndK8A/hqdefault.jpg?sqp=-oaymwEcCNACELwBSFXyq4qpAw4IARUAAIhCGAFwAcABBg==&rs=AOn4CLDitySHBTFeXISqimUcrIIW0QthAA,CarsLatino,external-reference,embed_link_and_summarize_only
aLi0OMRVESw,https://www.youtube.com/watch?v=aLi0OMRVESw,A Veces Las Leyendas Si Son Como Las Cuentan #M3  *CarsLatino*,1088.0,,videos,https://i.ytimg.com/vi/aLi0OMRVESw/hqdefault.jpg?sqp=-oaymwEcCNACELwBSFXyq4qpAw4IARUAAIhCGAFwAcABBg==&rs=AOn4CLCkWjNL7XJTlJVnBJqPrmkGbx4_0g,CarsLatino,external-reference,embed_link_and_summarize_only
BxTsxRkMGXk,https://www.youtube.com/watch?v=BxTsxRkMGXk,Los 100 Mejores Automóviles de la Historia (Parte 6) *CarsLatino*,424.0,,videos,https://i.ytimg.com/vi/BxTsxRkMGXk/hqdefault.jpg?sqp=-oaymwEcCNACELwBSFXyq4qpAw4IARUAAIhCGAFwAcABBg==&rs=AOn4CLCehP-vm3r6fjUbL2OXNIj1iGMWsA,CarsLatino,external-reference,embed_link_and_summarize_only
A_8avxRHiSg,https://www.youtube.com/watch?v=A_8avxRHiSg,Una CRV Turbo con CVT Tendrá Buen Manejo? *CarsLatino*,783.0,,videos,https://i.ytimg.com/vi/A_8avxRHiSg/hqdefault.jpg?sqp=-oaymwEcCNACELwBSFXyq4qpAw4IARUAAIhCGAFwAcABBg==&rs=AOn4CLANVAlx2gjcQM9STlVcePN5QN4dsQ,CarsLatino,external-reference,embed_link_and_summarize_only
kf02KGgrTM0,https://www.youtube.com/watch?v=kf02KGgrTM0,Un Alfa Romeo con Motor Fiat y Emblemas Dodge es Bueno o Malo?  *CarsLatino*,831.0,,videos,https://i.ytimg.com/vi/kf02KGgrTM0/hqdefault.jpg?sqp=-oaymwEcCNACELwBSFXyq4qpAw4IARUAAIhCGAFwAcABBg==&rs=AOn4CLCS6hygUvhmGpoLgZi5hfw_aMASWQ,CarsLatino,external-reference,embed_link_and_summarize_only
A3wrApLRvEI,https://www.youtube.com/watch?v=A3wrApLRvEI,Los 100 Mejores Automóviles de la Historia (Parte 7) *CarsLatino*,346.0,,videos,https://i.ytimg.com/vi/A3wrApLRvEI/hqdefault.jpg?sqp=-oaymwEcCNACELwBSFXyq4qpAw4IARUAAIhCGAFwAcABBg==&rs=AOn4CLDFd8jhQQeZpgBqDdTselWxqTDdZw,CarsLatino,external-reference,embed_link_and_summarize_only
aZeH_AP2LI0,https://www.youtube.com/watch?v=aZeH_AP2LI0,Preguntas y Respuestas (Parte 9) *CarsLatino*,1190.0,,videos,https://i.ytimg.com/vi/aZeH_AP2LI0/hqdefault.jpg?sqp=-oaymwEcCNACELwBSFXyq4qpAw4IARUAAIhCGAFwAcABBg==&rs=AOn4CLDJAhgwI_KkivZuOGyMmA4KGA4Ngg,CarsLatino,external-reference,embed_link_and_summarize_only
rG7Tg8ELYv4,https://www.youtube.com/watch?v=rG7Tg8ELYv4,Los 100 Mejores Automóviles de la Historia (Parte 8) *CarsLatino*,392.0,,videos,https://i.ytimg.com/vi/rG7Tg8ELYv4/hqdefault.jpg?sqp=-oaymwEcCNACELwBSFXyq4qpAw4IARUAAIhCGAFwAcABBg==&rs=AOn4CLC5fjxHZwkevAfGisV7MsvQPIiyhg,CarsLatino,external-reference,embed_link_and_summarize_only
tYTd934ol2w,https://www.youtube.com/watch?v=tYTd934ol2w,Vale La Pena El Honda Civic Lx 2007 ? *CarsLatino*,957.0,,videos,https://i.ytimg.com/vi/tYTd934ol2w/hqdefault.jpg?sqp=-oaymwEcCNACELwBSFXyq4qpAw4IARUAAIhCGAFwAcABBg==&rs=AOn4CLDec5hhmZmQaN4Hnt9dnChY8GQpuQ,CarsLatino,external-reference,embed_link_and_summarize_only
tzc9d71jAK8,https://www.youtube.com/watch?v=tzc9d71jAK8,Los 100 Mejores Automóviles de la Historia (Parte 9) *CarsLatino*,367.0,,videos,https://i.ytimg.com/vi/tzc9d71jAK8/hqdefault.jpg?sqp=-oaymwEcCNACELwBSFXyq4qpAw4IARUAAIhCGAFwAcABBg==&rs=AOn4CLBnC5ua_LvvzphAK_45g2w6vJnC3g,CarsLatino,external-reference,embed_link_and_summarize_only
kAK7vD3B-1w,https://www.youtube.com/watch?v=kAK7vD3B-1w,Los 100 Mejores Automóviles de la Historia (Parte 10) *CarsLatino*,299.0,,videos,https://i.ytimg.com/vi/kAK7vD3B-1w/hqdefault.jpg?sqp=-oaymwEcCNACELwBSFXyq4qpAw4IARUAAIhCGAFwAcABBg==&rs=AOn4CLBXoPnVf7Fh5gvbK4bEkr7iKm_K1w,CarsLatino,external-reference,embed_link_and_summarize_only
QBH1jAX4CeQ,https://www.youtube.com/watch?v=QBH1jAX4CeQ,"Expo Baja 1000, Baic Bj40 y Jeep Sahuaro *CarsLatino*",494.0,,videos,https://i.ytimg.com/vi/QBH1jAX4CeQ/hqdefault.jpg?sqp=-oaymwEcCNACELwBSFXyq4qpAw4IARUAAIhCGAFwAcABBg==&rs=AOn4CLBM0FPWJCb1zX7CLLCuB2cX5GIhQA,CarsLatino,external-reference,embed_link_and_summarize_only
WctEXC5uc4Q,https://www.youtube.com/watch?v=WctEXC5uc4Q,Los 100 Mejores Automóviles de la Historia (Vídeo 1 de 3) *CarsLatino*,249.0,,videos,https://i.ytimg.com/vi/WctEXC5uc4Q/hqdefault.jpg?sqp=-oaymwEcCNACELwBSFXyq4qpAw4IARUAAIhCGAFwAcABBg==&rs=AOn4CLD5tw81ljFEe5mWSwVx28FeWdCKoQ,CarsLatino,external-reference,embed_link_and_summarize_only
ehNdH6U5Co0,https://www.youtube.com/watch?v=ehNdH6U5Co0,Que te Ofrece una Explorer 2007 por 6500 dlls?  *CarsLatino*,698.0,,videos,https://i.ytimg.com/vi/ehNdH6U5Co0/hqdefault.jpg?sqp=-oaymwEcCNACELwBSFXyq4qpAw4IARUAAIhCGAFwAcABBg==&rs=AOn4CLDYk9OnsHcZshcaQEyS1rGakxUQmQ,CarsLatino,external-reference,embed_link_and_summarize_only
4fF-sQkUIrg,https://www.youtube.com/watch?v=4fF-sQkUIrg,5 Ataques Entre Marcas en Anuncios Publicitarios (Parte 2) *CarsLatino*,374.0,,videos,https://i.ytimg.com/vi/4fF-sQkUIrg/hqdefault.jpg?sqp=-oaymwEcCNACELwBSFXyq4qpAw4IARUAAIhCGAFwAcABBg==&rs=AOn4CLB1-VwMJmJL1Gq1H4TJ51t21hDEGA,CarsLatino,external-reference,embed_link_and_summarize_only
w3ziKZ4vtdI,https://www.youtube.com/watch?v=w3ziKZ4vtdI,El Peligro de la Alta Tecnología *CarsLatino*,372.0,,videos,https://i.ytimg.com/vi/w3ziKZ4vtdI/hqdefault.jpg?sqp=-oaymwEcCNACELwBSFXyq4qpAw4IARUAAIhCGAFwAcABBg==&rs=AOn4CLAlcB0f8HVxKRNJ0YaP7LULuKPdQA,CarsLatino,external-reference,embed_link_and_summarize_only
XbNdl_znqzc,https://www.youtube.com/watch?v=XbNdl_znqzc,6 Superautos que Probablemente no Conocías *CarsLatino*,282.0,,videos,https://i.ytimg.com/vi/XbNdl_znqzc/hqdefault.jpg?sqp=-oaymwEcCNACELwBSFXyq4qpAw4IARUAAIhCGAFwAcABBg==&rs=AOn4CLDtumqb8D9Q7ivDVbysAWoe7Fg3og,CarsLatino,external-reference,embed_link_and_summarize_only
ylZa1pqu8Vs,https://www.youtube.com/watch?v=ylZa1pqu8Vs,Lo Que Llega y Lo Que Se Va (Top 4 de 4) (Serie Especial) *CarsLatino*,576.0,,videos,https://i.ytimg.com/vi/ylZa1pqu8Vs/hqdefault.jpg?sqp=-oaymwEcCNACELwBSFXyq4qpAw4IARUAAIhCGAFwAcABBg==&rs=AOn4CLBJL1NwiKujXE7KhVhqmp9IqEwyNA,CarsLatino,external-reference,embed_link_and_summarize_only
tO7ncwZYq8Y,https://www.youtube.com/watch?v=tO7ncwZYq8Y,Lo Que Llega y Lo Que Se Va (Top 3 de 4) (Serie Especial) *CarsLatino*,439.0,,videos,https://i.ytimg.com/vi/tO7ncwZYq8Y/hqdefault.jpg?sqp=-oaymwEcCNACELwBSFXyq4qpAw4IARUAAIhCGAFwAcABBg==&rs=AOn4CLA1f3wJ3T-ku2wL7bffvH7fcjihfw,CarsLatino,external-reference,embed_link_and_summarize_only
e3270z2jBRw,https://www.youtube.com/watch?v=e3270z2jBRw,Lo Que Llega y Lo Que Se Va (Top 2 de 4) (Serie Especial) *CarsLatino*,334.0,,videos,https://i.ytimg.com/vi/e3270z2jBRw/hqdefault.jpg?sqp=-oaymwEcCNACELwBSFXyq4qpAw4IARUAAIhCGAFwAcABBg==&rs=AOn4CLBSTY_cTcDsiL9HwJR9iiWpgsXTVQ,CarsLatino,external-reference,embed_link_and_summarize_only
UBOm8bFEmwI,https://www.youtube.com/watch?v=UBOm8bFEmwI,Lo Que Llega y Lo Que Se Va (Top 1 de 4) (Serie Especial) *CarsLatino*,403.0,,videos,https://i.ytimg.com/vi/UBOm8bFEmwI/hqdefault.jpg?sqp=-oaymwEcCNACELwBSFXyq4qpAw4IARUAAIhCGAFwAcABBg==&rs=AOn4CLAlzC_82rjdpGhbo5GTbXuc3BEc4Q,CarsLatino,external-reference,embed_link_and_summarize_only
lvB8AcqEo4U,https://www.youtube.com/watch?v=lvB8AcqEo4U,5 Ataques Entre Marcas en Anuncios Publicitarios *CarsLatino*,444.0,,videos,https://i.ytimg.com/vi/lvB8AcqEo4U/hqdefault.jpg?sqp=-oaymwEcCNACELwBSFXyq4qpAw4IARUAAIhCGAFwAcABBg==&rs=AOn4CLCa5JDubkoIKEJDHeQjekQH5IvSgA,CarsLatino,external-reference,embed_link_and_summarize_only
21WvDqFw4mI,https://www.youtube.com/watch?v=21WvDqFw4mI,Los Vídeos Perdidos de CarsLatino *CarsLatino*,761.0,,videos,https://i.ytimg.com/vi/21WvDqFw4mI/hqdefault.jpg?sqp=-oaymwEcCNACELwBSFXyq4qpAw4IARUAAIhCGAFwAcABBg==&rs=AOn4CLD8lJzPPDcUKFU_9HcL7LfrXMr-wQ,CarsLatino,external-reference,embed_link_and_summarize_only
H3wAnaMHxPo,https://www.youtube.com/watch?v=H3wAnaMHxPo,17 Autos Deportivos y Económicos de Segunda Mano *CarsLatino*,371.0,,videos,https://i.ytimg.com/vi/H3wAnaMHxPo/hqdefault.jpg?sqp=-oaymwEcCNACELwBSFXyq4qpAw4IARUAAIhCGAFwAcABBg==&rs=AOn4CLCHGvd7cejhZ2AzyGDomUlFVt-6ZQ,CarsLatino,external-reference,embed_link_and_summarize_only
Ki2va518b8o,https://www.youtube.com/watch?v=Ki2va518b8o,La Historia de Como Perdí uno de los Autos mas Raros en México *CarsLatino*,609.0,,videos,https://i.ytimg.com/vi/Ki2va518b8o/hqdefault.jpg?sqp=-oaymwEcCNACELwBSFXyq4qpAw4IARUAAIhCGAFwAcABBg==&rs=AOn4CLDozRUYGDK-piThGClj7ffm8FV9Hw,CarsLatino,external-reference,embed_link_and_summarize_only
uuN5SWJBb-c,https://www.youtube.com/watch?v=uuN5SWJBb-c,Las 7 Compañías Modificadoras mas Respetadas Del Mundo (Parte 2) *CarsLatino*,370.0,,videos,https://i.ytimg.com/vi/uuN5SWJBb-c/hqdefault.jpg?sqp=-oaymwEcCNACELwBSFXyq4qpAw4IARUAAIhCGAFwAcABBg==&rs=AOn4CLCqKwHHEL5htJ1oDBov07obKkcOmw,CarsLatino,external-reference,embed_link_and_summarize_only
FFvFxB1KcII,https://www.youtube.com/watch?v=FFvFxB1KcII,Preguntas y Respuestas (Parte 8) *CarsLatino*,1320.0,,videos,https://i.ytimg.com/vi/FFvFxB1KcII/hqdefault.jpg?sqp=-oaymwEcCNACELwBSFXyq4qpAw4IARUAAIhCGAFwAcABBg==&rs=AOn4CLBuhWBAMYpkGgTDGFXWJA-AzNxvlA,CarsLatino,external-reference,embed_link_and_summarize_only
s6krsocqV4g,https://www.youtube.com/watch?v=s6krsocqV4g,Las 7 Copias Chinas mas Descaradas (Parte 1) *CarsLatino*,432.0,,videos,https://i.ytimg.com/vi/s6krsocqV4g/hqdefault.jpg?sqp=-oaymwEcCNACELwBSFXyq4qpAw4IARUAAIhCGAFwAcABBg==&rs=AOn4CLCrjDyCqCMjRT_gZf9kvFd1yglmvw,CarsLatino,external-reference,embed_link_and_summarize_only
aMzpFNMGBFI,https://www.youtube.com/watch?v=aMzpFNMGBFI,Los 6 Autos mas Importantes de Estados Unidos (Parte 2) *CarsLatino*,357.0,,videos,https://i.ytimg.com/vi/aMzpFNMGBFI/hqdefault.jpg?sqp=-oaymwEcCNACELwBSFXyq4qpAw4IARUAAIhCGAFwAcABBg==&rs=AOn4CLDXWtAnKyx0oXIJjBTpDb5n667AaQ,CarsLatino,external-reference,embed_link_and_summarize_only
O8rs4HG9P0U,https://www.youtube.com/watch?v=O8rs4HG9P0U,"Botón de Plata de Youtube por los 100,000 Suscriptores!! *CarsLatino*",671.0,,videos,https://i.ytimg.com/vi/O8rs4HG9P0U/hqdefault.jpg?sqp=-oaymwEcCNACELwBSFXyq4qpAw4IARUAAIhCGAFwAcABBg==&rs=AOn4CLBKX3O0xsGToRVSdJUx-Lr5hsgPWg,CarsLatino,external-reference,embed_link_and_summarize_only
NRduBPV4rds,https://www.youtube.com/watch?v=NRduBPV4rds,Los 6 Autos mas Importantes de Estados Unidos (Parte 1),398.0,,videos,https://i.ytimg.com/vi/NRduBPV4rds/hqdefault.jpg?sqp=-oaymwEcCNACELwBSFXyq4qpAw4IARUAAIhCGAFwAcABBg==&rs=AOn4CLAAreVqY-66s4bSc1mYbs3r4ZhDHw,CarsLatino,external-reference,embed_link_and_summarize_only
gzfxTmlIcuc,https://www.youtube.com/watch?v=gzfxTmlIcuc,Los 7 Autos Nuevos de 4 Cilindros mas Poderosos *CarsLatino*,397.0,,videos,https://i.ytimg.com/vi/gzfxTmlIcuc/hqdefault.jpg?sqp=-oaymwEcCNACELwBSFXyq4qpAw4IARUAAIhCGAFwAcABBg==&rs=AOn4CLCGwrlY7TSoUo9_HTsbV3JZl4Nygw,CarsLatino,external-reference,embed_link_and_summarize_only
qV-Cdk90_H0,https://www.youtube.com/watch?v=qV-Cdk90_H0,6 Autos Deportivos Muy Lentos,345.0,,videos,https://i.ytimg.com/vi/qV-Cdk90_H0/hqdefault.jpg?sqp=-oaymwEcCNACELwBSFXyq4qpAw4IARUAAIhCGAFwAcABBg==&rs=AOn4CLD_1bJMhGyGsQHQ3dgI94xnYpkBAQ,CarsLatino,external-reference,embed_link_and_summarize_only
9gqqcQgkzRk,https://www.youtube.com/watch?v=9gqqcQgkzRk,Las Peores Marcas del 2017 *CarsLatino*,397.0,,videos,https://i.ytimg.com/vi/9gqqcQgkzRk/hqdefault.jpg?sqp=-oaymwEcCNACELwBSFXyq4qpAw4IARUAAIhCGAFwAcABBg==&rs=AOn4CLDXy_EzjWpKGU4VZnVE3bXUyg9nUg,CarsLatino,external-reference,embed_link_and_summarize_only
3SchgtX-JsE,https://www.youtube.com/watch?v=3SchgtX-JsE,Los Mejores Conceptos de Tesla Motors *CarsLatino*,321.0,,videos,https://i.ytimg.com/vi/3SchgtX-JsE/hqdefault.jpg?sqp=-oaymwEcCNACELwBSFXyq4qpAw4IARUAAIhCGAFwAcABBg==&rs=AOn4CLD-cs7x8jLhRRpzRyZR3tiRdb-5PQ,CarsLatino,external-reference,embed_link_and_summarize_only
dtb0xwcK4YE,https://www.youtube.com/watch?v=dtb0xwcK4YE,Las Mejores Marcas del 2017 *CarsLatino*,286.0,,videos,https://i.ytimg.com/vi/dtb0xwcK4YE/hqdefault.jpg?sqp=-oaymwEcCNACELwBSFXyq4qpAw4IARUAAIhCGAFwAcABBg==&rs=AOn4CLDEIA_lFMZvg6YaDLtwIobUTNsv0w,CarsLatino,external-reference,embed_link_and_summarize_only
DW4--H8ucHQ,https://www.youtube.com/watch?v=DW4--H8ucHQ,6 Tecnologías de Nuestros Autos que Provienen de la F1 *CarsLatino*,356.0,,videos,https://i.ytimg.com/vi/DW4--H8ucHQ/hqdefault.jpg?sqp=-oaymwEcCNACELwBSFXyq4qpAw4IARUAAIhCGAFwAcABBg==&rs=AOn4CLAVUo3QhF6Xlm-NqJB8u_kA1fBuvQ,CarsLatino,external-reference,embed_link_and_summarize_only
UswYsvjUq9E,https://www.youtube.com/watch?v=UswYsvjUq9E,Prueba de Manejo - Kia Sorento Ex 2018 *CarsLatino*,637.0,,videos,https://i.ytimg.com/vi/UswYsvjUq9E/hqdefault.jpg?sqp=-oaymwEcCNACELwBSFXyq4qpAw4IARUAAIhCGAFwAcABBg==&rs=AOn4CLC7o8ObHegPKoqgQsABNwyIndsvcA,CarsLatino,external-reference,embed_link_and_summarize_only
qiZ9AmSOw6s,https://www.youtube.com/watch?v=qiZ9AmSOw6s,Terror al Volante - Bunny Man Bridge *CarsLatino*,265.0,,videos,https://i.ytimg.com/vi/qiZ9AmSOw6s/hqdefault.jpg?sqp=-oaymwEcCNACELwBSFXyq4qpAw4IARUAAIhCGAFwAcABBg==&rs=AOn4CLCzy0eJAmdnn_90LwRb5mg8Zqc3kw,CarsLatino,external-reference,embed_link_and_summarize_only
UpMPBso9Xt0,https://www.youtube.com/watch?v=UpMPBso9Xt0,Los 7 Autos con 16 Cilindros mas Impactantes *CarsLatino*,433.0,,videos,https://i.ytimg.com/vi/UpMPBso9Xt0/hqdefault.jpg?sqp=-oaymwEcCNACELwBSFXyq4qpAw4IARUAAIhCGAFwAcABBg==&rs=AOn4CLCYuNeb2ibE4A4waXcbbnYW42Fslw,CarsLatino,external-reference,embed_link_and_summarize_only
9z_U2Zj0-2A,https://www.youtube.com/watch?v=9z_U2Zj0-2A,Preguntas y Respuestas (parte 7) *CarsLatino,1552.0,,videos,https://i.ytimg.com/vi/9z_U2Zj0-2A/hqdefault.jpg?sqp=-oaymwEcCNACELwBSFXyq4qpAw4IARUAAIhCGAFwAcABBg==&rs=AOn4CLCAvUn1vxjGW5Pe_fv_Uev7NtwJDw,CarsLatino,external-reference,embed_link_and_summarize_only
Kl07kamIk2Y,https://www.youtube.com/watch?v=Kl07kamIk2Y,Los 7 Autos Nuevos mas Confiables *CarsLatino*,372.0,,videos,https://i.ytimg.com/vi/Kl07kamIk2Y/hqdefault.jpg?sqp=-oaymwEcCNACELwBSFXyq4qpAw4IARUAAIhCGAFwAcABBg==&rs=AOn4CLA3buXfy6lxAfuHpd-5ztTf9nRgvQ,CarsLatino,external-reference,embed_link_and_summarize_only
kCCToWmhsgM,https://www.youtube.com/watch?v=kCCToWmhsgM,10 Automóviles Arruinados por sus Dueños *CarsLatino*,522.0,,videos,https://i.ytimg.com/vi/kCCToWmhsgM/hqdefault.jpg?sqp=-oaymwEcCNACELwBSFXyq4qpAw4IARUAAIhCGAFwAcABBg==&rs=AOn4CLBO0-yl_a0kKf5VpuF1LVF5YwxG4Q,CarsLatino,external-reference,embed_link_and_summarize_only
ZWJmXgjnexw,https://www.youtube.com/watch?v=ZWJmXgjnexw,Los 5 Autos Nuevos Mas Defectuosos (2017) *CarsLatino*,286.0,,videos,https://i.ytimg.com/vi/ZWJmXgjnexw/hqdefault.jpg?sqp=-oaymwEcCNACELwBSFXyq4qpAw4IARUAAIhCGAFwAcABBg==&rs=AOn4CLAYCW3zIHViOmTm9BQA2x_8W7aiOg,CarsLatino,external-reference,embed_link_and_summarize_only
gkp7t6atP4k,https://www.youtube.com/watch?v=gkp7t6atP4k,Historia de las Leyendas mas Grandes de Japón *CarsLatino*,552.0,,videos,https://i.ytimg.com/vi/gkp7t6atP4k/hqdefault.jpg?sqp=-oaymwEcCNACELwBSFXyq4qpAw4IARUAAIhCGAFwAcABBg==&rs=AOn4CLDisjQIe65cGRE2AYEC0DQk0qc1jg,CarsLatino,external-reference,embed_link_and_summarize_only
x6zZV3cOies,https://www.youtube.com/watch?v=x6zZV3cOies,Los 7 Autos V6 Modernos Mas Poderosos  *CarsLatino*,374.0,,videos,https://i.ytimg.com/vi/x6zZV3cOies/hqdefault.jpg?sqp=-oaymwEcCNACELwBSFXyq4qpAw4IARUAAIhCGAFwAcABBg==&rs=AOn4CLARPlABuTDc8V4SVvLIaCEFVrhbyw,CarsLatino,external-reference,embed_link_and_summarize_only
zFbz_-hJNdY,https://www.youtube.com/watch?v=zFbz_-hJNdY,5 Increíbles Fallas de Diseño en los Automóviles,239.0,,videos,https://i.ytimg.com/vi/zFbz_-hJNdY/hqdefault.jpg?sqp=-oaymwEcCNACELwBSFXyq4qpAw4IARUAAIhCGAFwAcABBg==&rs=AOn4CLAv0T3OV0dTtL6TdsvlrBDFBrRvwA,CarsLatino,external-reference,embed_link_and_summarize_only
GhontPXHcAM,https://www.youtube.com/watch?v=GhontPXHcAM,Los Incidentes mas Oscuros de la Industria Automotriz (Parte 3) *CarsLatino*,306.0,,videos,https://i.ytimg.com/vi/GhontPXHcAM/hqdefault.jpg?sqp=-oaymwEcCNACELwBSFXyq4qpAw4IARUAAIhCGAFwAcABBg==&rs=AOn4CLByOA6LR9ioRgq9DqCq7I63GXlaiw,CarsLatino,external-reference,embed_link_and_summarize_only
tXdij2P9ups,https://www.youtube.com/watch?v=tXdij2P9ups,Anuncios Importantes!! *CarsLatino*,414.0,,videos,https://i.ytimg.com/vi/tXdij2P9ups/hqdefault.jpg?sqp=-oaymwEcCNACELwBSFXyq4qpAw4IARUAAIhCGAFwAcABBg==&rs=AOn4CLCU_J24JwAjQLGOIwN_mWFEFEguGA,CarsLatino,external-reference,embed_link_and_summarize_only
a1XcSn5kCG8,https://www.youtube.com/watch?v=a1XcSn5kCG8,Los Motores V8 Modernos mas Poderosos (Parte 2) *CarsLatino*,356.0,,videos,https://i.ytimg.com/vi/a1XcSn5kCG8/hqdefault.jpg?sqp=-oaymwEcCNACELwBSFXyq4qpAw4IARUAAIhCGAFwAcABBg==&rs=AOn4CLCW3VYfzDLSELXjvyf8TM2KYkxCxQ,CarsLatino,external-reference,embed_link_and_summarize_only
8-uuW_aGKTQ,https://www.youtube.com/watch?v=8-uuW_aGKTQ,Los Motores V8 Modernos mas Poderosos (Parte 1) *CarsLatino*,294.0,,videos,https://i.ytimg.com/vi/8-uuW_aGKTQ/hqdefault.jpg?sqp=-oaymwEcCNACELwBSFXyq4qpAw4IARUAAIhCGAFwAcABBg==&rs=AOn4CLC5JotTs8niLitCoYKWt-IhRx8kgQ,CarsLatino,external-reference,embed_link_and_summarize_only
x5ZF2x7jjGI,https://www.youtube.com/watch?v=x5ZF2x7jjGI,5 Autos que No Debieron Llegar a las Calles *CarsLatino*,301.0,,videos,https://i.ytimg.com/vi/x5ZF2x7jjGI/hqdefault.jpg?sqp=-oaymwEcCNACELwBSFXyq4qpAw4IARUAAIhCGAFwAcABBg==&rs=AOn4CLD4gowxhlGzTao5cDVwPWXWcWhQ0Q,CarsLatino,external-reference,embed_link_and_summarize_only
pib2urb3Qdc,https://www.youtube.com/watch?v=pib2urb3Qdc,Mi Historia con Subaru *CarsLatino* Vlog #4,652.0,,videos,https://i.ytimg.com/vi/pib2urb3Qdc/hqdefault.jpg?sqp=-oaymwEcCNACELwBSFXyq4qpAw4IARUAAIhCGAFwAcABBg==&rs=AOn4CLD1Id4IFwa3fUb5v6C8r71Dfzz2wg,CarsLatino,external-reference,embed_link_and_summarize_only
Fn1osn1Q6iI,https://www.youtube.com/watch?v=Fn1osn1Q6iI,Los 5 Autos Nuevos Mas Defectuosos (Parte 2) *CarsLatino*,224.0,,videos,https://i.ytimg.com/vi/Fn1osn1Q6iI/hqdefault.jpg?sqp=-oaymwEcCNACELwBSFXyq4qpAw4IARUAAIhCGAFwAcABBg==&rs=AOn4CLAuQzasSGgiAq22fVELSxKDQQU-8g,CarsLatino,external-reference,embed_link_and_summarize_only
2x0N5RFSiiQ,https://www.youtube.com/watch?v=2x0N5RFSiiQ,"Prueba de Manejo Focus RS (Celebrando 100,000 subs) *CarsLatino*",1159.0,,videos,https://i.ytimg.com/vi/2x0N5RFSiiQ/hqdefault.jpg?sqp=-oaymwEcCNACELwBSFXyq4qpAw4IARUAAIhCGAFwAcABBg==&rs=AOn4CLCIOXOt5eZ8kdyl_Bq0BHaNKv4kvg,CarsLatino,external-reference,embed_link_and_summarize_only
MQno9RR_eVQ,https://www.youtube.com/watch?v=MQno9RR_eVQ,Preguntas y Respuestas (Parte 6) *CarsLatino*,698.0,,videos,https://i.ytimg.com/vi/MQno9RR_eVQ/hqdefault.jpg?sqp=-oaymwEcCNACELwBSFXyq4qpAw4IARUAAIhCGAFwAcABBg==&rs=AOn4CLCArvfWg48Os1E-l0AVUjRI-8Jamg,CarsLatino,external-reference,embed_link_and_summarize_only
6kqjtdmxk7U,https://www.youtube.com/watch?v=6kqjtdmxk7U,7 Automoviles que  Salvaron a sus Compañias de la Bancarrota *CarsLatino*,389.0,,videos,https://i.ytimg.com/vi/6kqjtdmxk7U/hqdefault.jpg?sqp=-oaymwEcCNACELwBSFXyq4qpAw4IARUAAIhCGAFwAcABBg==&rs=AOn4CLBvvPKi99TquMmqdDzM3gMnDhVNWg,CarsLatino,external-reference,embed_link_and_summarize_only
Ny_pQnY8Ppc,https://www.youtube.com/watch?v=Ny_pQnY8Ppc,Prueba de Manejo - F-250 XLT *CarsLatino*,890.0,,videos,https://i.ytimg.com/vi/Ny_pQnY8Ppc/hqdefault.jpg?sqp=-oaymwEcCNACELwBSFXyq4qpAw4IARUAAIhCGAFwAcABBg==&rs=AOn4CLBuYATEin7G-zOYr8zJBEy2KsGj-A,CarsLatino,external-reference,embed_link_and_summarize_only
EjAM_HtXFWI,https://www.youtube.com/watch?v=EjAM_HtXFWI,Juegos Sucios en el Mundo Automotriz (Parte 2) *CarsLatino*,389.0,,videos,https://i.ytimg.com/vi/EjAM_HtXFWI/hqdefault.jpg?sqp=-oaymwEcCNACELwBSFXyq4qpAw4IARUAAIhCGAFwAcABBg==&rs=AOn4CLBW9W9K2_JXRTEAUQTSBmaIcl03bg,CarsLatino,external-reference,embed_link_and_summarize_only
IUaWSU_UQxw,https://www.youtube.com/watch?v=IUaWSU_UQxw,Historias Paranormales en Carretera *CarsLatino*,633.0,,videos,https://i.ytimg.com/vi/IUaWSU_UQxw/hqdefault.jpg?sqp=-oaymwEcCNACELwBSFXyq4qpAw4IARUAAIhCGAFwAcABBg==&rs=AOn4CLB3AOjKgyB1WROcR9liBh8qW7BZnQ,CarsLatino,external-reference,embed_link_and_summarize_only
G0j3YsSmkZQ,https://www.youtube.com/watch?v=G0j3YsSmkZQ,Los 13 Peores Automoviles Probados por Consumer Reports *CarsLatino*,545.0,,videos,https://i.ytimg.com/vi/G0j3YsSmkZQ/hqdefault.jpg?sqp=-oaymwEcCNACELwBSFXyq4qpAw4IARUAAIhCGAFwAcABBg==&rs=AOn4CLBTEMyr6HHdSh6q1MJl9qMWF2knNg,CarsLatino,external-reference,embed_link_and_summarize_only
lpZPJd-tJmA,https://www.youtube.com/watch?v=lpZPJd-tJmA,6 Accidentes Impactantes del Automovilismo *CarsLatino*,344.0,,videos,https://i.ytimg.com/vi/lpZPJd-tJmA/hqdefault.jpg?sqp=-oaymwEcCNACELwBSFXyq4qpAw4IARUAAIhCGAFwAcABBg==&rs=AOn4CLAtsRCoaVVTWWA_QPVyq3q5Lf9KDA,CarsLatino,external-reference,embed_link_and_summarize_only
19ljtqNPEw0,https://www.youtube.com/watch?v=19ljtqNPEw0,Autos Nuevos que no Sabias que Existian *CarsLatino*,333.0,,videos,https://i.ytimg.com/vi/19ljtqNPEw0/hqdefault.jpg?sqp=-oaymwEcCNACELwBSFXyq4qpAw4IARUAAIhCGAFwAcABBg==&rs=AOn4CLCYHN74AKtD7RX8kHx2Dmq618E4wA,CarsLatino,external-reference,embed_link_and_summarize_only
HuthmX45xRQ,https://www.youtube.com/watch?v=HuthmX45xRQ,Preguntas y Respuestas (Parte 5) *CarsLatino*,794.0,,videos,https://i.ytimg.com/vi/HuthmX45xRQ/hqdefault.jpg?sqp=-oaymwEcCNACELwBSFXyq4qpAw4IARUAAIhCGAFwAcABBg==&rs=AOn4CLDdmCtxmNvWRXm_Ca60qffrsaWSKA,CarsLatino,external-reference,embed_link_and_summarize_only
ti2OhlvxQBw,https://www.youtube.com/watch?v=ti2OhlvxQBw,CORREGIDO (DOLARES) - 6 Partes de Super Autos Increiblemente Caras  *CarsLatino*,345.0,,videos,https://i.ytimg.com/vi/ti2OhlvxQBw/hqdefault.jpg?sqp=-oaymwEcCNACELwBSFXyq4qpAw4IARUAAIhCGAFwAcABBg==&rs=AOn4CLBT4ZXal9O6IExA_Wcs0wC216p6Tg,CarsLatino,external-reference,embed_link_and_summarize_only
9eL7qKkyI6U,https://www.youtube.com/watch?v=9eL7qKkyI6U,6 Partes de Super Autos Increiblemente Caras (Pesos MEX) *CarsLatino*,345.0,,videos,https://i.ytimg.com/vi/9eL7qKkyI6U/hqdefault.jpg?sqp=-oaymwEcCNACELwBSFXyq4qpAw4IARUAAIhCGAFwAcABBg==&rs=AOn4CLABtYGBCvypiLzilkkcwId_Ine2Cg,CarsLatino,external-reference,embed_link_and_summarize_only
H45dVO7f1yw,https://www.youtube.com/watch?v=H45dVO7f1yw,Prueba de Manejo - Ford Fusion SE Luxury Plus *CarsLatino*,594.0,,videos,https://i.ytimg.com/vi/H45dVO7f1yw/hqdefault.jpg?sqp=-oaymwEcCNACELwBSFXyq4qpAw4IARUAAIhCGAFwAcABBg==&rs=AOn4CLBUpimfs-PkCMlI8WMuS_bkgqCREA,CarsLatino,external-reference,embed_link_and_summarize_only
8XxtN4P0A4M,https://www.youtube.com/watch?v=8XxtN4P0A4M,7 Automoviles que No se Consiguen en USA *CarsLatino*,282.0,,videos,https://i.ytimg.com/vi/8XxtN4P0A4M/hqdefault.jpg?sqp=-oaymwEcCNACELwBSFXyq4qpAw4IARUAAIhCGAFwAcABBg==&rs=AOn4CLBpThDWhepXWxmPwAc0DElpSd9R8A,CarsLatino,external-reference,embed_link_and_summarize_only
9K1IGNN_qHs,https://www.youtube.com/watch?v=9K1IGNN_qHs,Dos Casos Paranormales Con Automoviles *CarsLatino*,295.0,,videos,https://i.ytimg.com/vi/9K1IGNN_qHs/hqdefault.jpg?sqp=-oaymwEcCNACELwBSFXyq4qpAw4IARUAAIhCGAFwAcABBg==&rs=AOn4CLD6KH-gP9qrt8OgTNpV43RUsNOPhw,CarsLatino,external-reference,embed_link_and_summarize_only
2CAUC4jDRKk,https://www.youtube.com/watch?v=2CAUC4jDRKk,7 Autos Que No Te Imaginas Que Son Rapidos *CarsLatino*,327.0,,videos,https://i.ytimg.com/vi/2CAUC4jDRKk/hqdefault.jpg?sqp=-oaymwEcCNACELwBSFXyq4qpAw4IARUAAIhCGAFwAcABBg==&rs=AOn4CLDRCXMBPJx4tQ2EbTN_WNoKYuSpjw,CarsLatino,external-reference,embed_link_and_summarize_only
hC557xbz5XE,https://www.youtube.com/watch?v=hC557xbz5XE,Prueba de Manejo - Ford Mustang GT 2017,632.0,,videos,https://i.ytimg.com/vi/hC557xbz5XE/hqdefault.jpg?sqp=-oaymwEcCNACELwBSFXyq4qpAw4IARUAAIhCGAFwAcABBg==&rs=AOn4CLCSPjg46RwdRPVQyi6WgHFc_5XQ-Q,CarsLatino,external-reference,embed_link_and_summarize_only
TgzoNlqU64o,https://www.youtube.com/watch?v=TgzoNlqU64o,Los Mejores 4x4 de la Historia *CarsLatino*,313.0,,videos,https://i.ytimg.com/vi/TgzoNlqU64o/hqdefault.jpg?sqp=-oaymwEcCNACELwBSFXyq4qpAw4IARUAAIhCGAFwAcABBg==&rs=AOn4CLBIqxf2HZtQXRbQfUQNLsooEvR2PA,CarsLatino,external-reference,embed_link_and_summarize_only
q9s1bGxd6ts,https://www.youtube.com/watch?v=q9s1bGxd6ts,¿Que Esta Pasando Con GM?  *CarsLatino*,171.0,,videos,https://i.ytimg.com/vi/q9s1bGxd6ts/hqdefault.jpg?sqp=-oaymwEcCNACELwBSFXyq4qpAw4IARUAAIhCGAFwAcABBg==&rs=AOn4CLCiLwkuq6uNRIoNFuG3Z1oqCNtz8Q,CarsLatino,external-reference,embed_link_and_summarize_only
xymKRrFA8Uc,https://www.youtube.com/watch?v=xymKRrFA8Uc,Prueba de Manejo #1 Ford Focus  *CarsLatino*,584.0,,videos,https://i.ytimg.com/vi/xymKRrFA8Uc/hqdefault.jpg?sqp=-oaymwEcCNACELwBSFXyq4qpAw4IARUAAIhCGAFwAcABBg==&rs=AOn4CLASXWjdiR3fkTfO6WlsUYvvHqsaoQ,CarsLatino,external-reference,embed_link_and_summarize_only
waGrT8M8fLM,https://www.youtube.com/watch?v=waGrT8M8fLM,Futuros Clásicos de los 90´s (1 AÑO DE CARSLATINO) *CarsLatino*,471.0,,videos,https://i.ytimg.com/vi/waGrT8M8fLM/hqdefault.jpg?sqp=-oaymwEcCNACELwBSFXyq4qpAw4IARUAAIhCGAFwAcABBg==&rs=AOn4CLCFSAXfwkkz-GpZe9xCuXPX-qJ5Xg,CarsLatino,external-reference,embed_link_and_summarize_only
3iblx4ZBbkg,https://www.youtube.com/watch?v=3iblx4ZBbkg,¿Como Comprar un Auto Usado? *CarsLatino* BLOG #3,783.0,,videos,https://i.ytimg.com/vi/3iblx4ZBbkg/hqdefault.jpg?sqp=-oaymwEcCNACELwBSFXyq4qpAw4IARUAAIhCGAFwAcABBg==&rs=AOn4CLByuTKqBnWkzFpni-_s--TJVmhJDA,CarsLatino,external-reference,embed_link_and_summarize_only
tmypyQjN2sc,https://www.youtube.com/watch?v=tmypyQjN2sc,10 Autos que los Dueños Conservan por 10 Años *Carslatino*,328.0,,videos,https://i.ytimg.com/vi/tmypyQjN2sc/hqdefault.jpg?sqp=-oaymwEcCNACELwBSFXyq4qpAw4IARUAAIhCGAFwAcABBg==&rs=AOn4CLAjhEqFBh6k0yZPJtiTrHnMYVKmVQ,CarsLatino,external-reference,embed_link_and_summarize_only
m3DRdECQsvM,https://www.youtube.com/watch?v=m3DRdECQsvM,Los 7 Autos Nuevos Que Mas Dueños Se Arrepienten De Haber Comprado *CarsLatino*,303.0,,videos,https://i.ytimg.com/vi/m3DRdECQsvM/hqdefault.jpg?sqp=-oaymwEcCNACELwBSFXyq4qpAw4IARUAAIhCGAFwAcABBg==&rs=AOn4CLC7ZX2kona0pyQc3ahvJHazF98dLA,CarsLatino,external-reference,embed_link_and_summarize_only
cCinBYvNQ7A,https://www.youtube.com/watch?v=cCinBYvNQ7A,5 Momentos Increiblemente Raros del Automovilismo Captados en Video *CarsLatino*,265.0,,videos,https://i.ytimg.com/vi/cCinBYvNQ7A/hqdefault.jpg?sqp=-oaymwEcCNACELwBSFXyq4qpAw4IARUAAIhCGAFwAcABBg==&rs=AOn4CLAg2Kvlpi9hCBgH9ViIgUJuxyutKA,CarsLatino,external-reference,embed_link_and_summarize_only
9KIrTibu12Y,https://www.youtube.com/watch?v=9KIrTibu12Y,Los 5 Accidentes Fatales Mas Impactantes de la Formula 1 *CarsLatino*,408.0,,videos,https://i.ytimg.com/vi/9KIrTibu12Y/hqdefault.jpg?sqp=-oaymwEcCNACELwBSFXyq4qpAw4IARUAAIhCGAFwAcABBg==&rs=AOn4CLAZcnS4kHAn3WVlw5qQKsTlbr-bZw,CarsLatino,external-reference,embed_link_and_summarize_only
rdktGb-0fSQ,https://www.youtube.com/watch?v=rdktGb-0fSQ,¿Que Auto Compré? *CarsLatino* BLOG #2,328.0,,videos,https://i.ytimg.com/vi/rdktGb-0fSQ/hqdefault.jpg?sqp=-oaymwEcCNACELwBSFXyq4qpAw4IARUAAIhCGAFwAcABBg==&rs=AOn4CLDZskP_QRk19ABibhkUkqPWEtntUA,CarsLatino,external-reference,embed_link_and_summarize_only
DYRchjRX1Ls,https://www.youtube.com/watch?v=DYRchjRX1Ls,"Mustang Perdido de la Pelicula BULLITT, Shelby GT500, Evento Mustang *CarsLatino* BLOG #1",332.0,,videos,https://i.ytimg.com/vi/DYRchjRX1Ls/hqdefault.jpg?sqp=-oaymwEcCNACELwBSFXyq4qpAw4IARUAAIhCGAFwAcABBg==&rs=AOn4CLDzjnlOaEbKoVj5hnVQlyuYBKqGGA,CarsLatino,external-reference,embed_link_and_summarize_only
8U8UpNRGKHg,https://www.youtube.com/watch?v=8U8UpNRGKHg,5 Increibles Automoviles que Nunca Salieron a Produccion (Parte 2) *CarsLatino*,200.0,,videos,https://i.ytimg.com/vi/8U8UpNRGKHg/hqdefault.jpg?sqp=-oaymwEcCNACELwBSFXyq4qpAw4IARUAAIhCGAFwAcABBg==&rs=AOn4CLCtllouqqTa1J1oFJBF-cooO98vjQ,CarsLatino,external-reference,embed_link_and_summarize_only
vPjkZRJmT4E,https://www.youtube.com/watch?v=vPjkZRJmT4E,8 Automoviles Usados Extremadamente Peligrosos *Carslatino*,314.0,,videos,https://i.ytimg.com/vi/vPjkZRJmT4E/hqdefault.jpg?sqp=-oaymwEcCNACELwBSFXyq4qpAw4IARUAAIhCGAFwAcABBg==&rs=AOn4CLDQMjxs1P5ZlassFQ4NhFOLQFCBLw,CarsLatino,external-reference,embed_link_and_summarize_only
XFCmGPuIT_M,https://www.youtube.com/watch?v=XFCmGPuIT_M,El Mundo de Los Automoviles en China (Parte 1) *CarsLatino*,306.0,,videos,https://i.ytimg.com/vi/XFCmGPuIT_M/hqdefault.jpg?sqp=-oaymwEcCNACELwBSFXyq4qpAw4IARUAAIhCGAFwAcABBg==&rs=AOn4CLD5fVFvEXGBzMf2gT05Ljhh3TweqQ,CarsLatino,external-reference,embed_link_and_summarize_only
vkZ-dDdY_8g,https://www.youtube.com/watch?v=vkZ-dDdY_8g,Automoviles Conocidos Con Versiones Increiblemente Raras *CarsLatino*,404.0,,videos,https://i.ytimg.com/vi/vkZ-dDdY_8g/hqdefault.jpg?sqp=-oaymwEcCNACELwBSFXyq4qpAw4IARUAAIhCGAFwAcABBg==&rs=AOn4CLAUFctVGB8TJcxpnBKo2ZFXl9lkVQ,CarsLatino,external-reference,embed_link_and_summarize_only
8hMeJEFzSRs,https://www.youtube.com/watch?v=8hMeJEFzSRs,Preguntas y Respuestas (Parte 4) *CarsLatino*,523.0,,videos,https://i.ytimg.com/vi/8hMeJEFzSRs/hqdefault.jpg?sqp=-oaymwEcCNACELwBSFXyq4qpAw4IARUAAIhCGAFwAcABBg==&rs=AOn4CLD2A0YeRT2XwiMUNcfS1v_2eKofZw,CarsLatino,external-reference,embed_link_and_summarize_only
gT4X1LfL6wc,https://www.youtube.com/watch?v=gT4X1LfL6wc,Los Automoviles Americanos Mas Buscados Del Mundo *CarsLatino*,214.0,,videos,https://i.ytimg.com/vi/gT4X1LfL6wc/hqdefault.jpg?sqp=-oaymwEcCNACELwBSFXyq4qpAw4IARUAAIhCGAFwAcABBg==&rs=AOn4CLBlUKv1Dkh_XJGb3gI8BglHP4oY4Q,CarsLatino,external-reference,embed_link_and_summarize_only
Rfh-zqkVaTo,https://www.youtube.com/watch?v=Rfh-zqkVaTo,Los Autos Nuevos Mas Feos *CarsLatino*,261.0,,videos,https://i.ytimg.com/vi/Rfh-zqkVaTo/hqdefault.jpg?sqp=-oaymwEcCNACELwBSFXyq4qpAw4IARUAAIhCGAFwAcABBg==&rs=AOn4CLCu_FP-vEIG-Uy9-Zl4Z-TekVTUuA,CarsLatino,external-reference,embed_link_and_summarize_only
HUh69aCS-8k,https://www.youtube.com/watch?v=HUh69aCS-8k,Los Incidentes mas Obscuros de la Industria Automotriz (Parte 2) *CarsLatino*,434.0,,videos,https://i.ytimg.com/vi/HUh69aCS-8k/hqdefault.jpg?sqp=-oaymwEcCNACELwBSFXyq4qpAw4IARUAAIhCGAFwAcABBg==&rs=AOn4CLDJDWjvjfVxLJsEjxVzpa5pVsHuwQ,CarsLatino,external-reference,embed_link_and_summarize_only
fwXLG-Z5iNc,https://www.youtube.com/watch?v=fwXLG-Z5iNc,Las Mejores Compañias del 2016 *CarsLatino*,228.0,,videos,https://i.ytimg.com/vi/fwXLG-Z5iNc/hqdefault.jpg?sqp=-oaymwEcCNACELwBSFXyq4qpAw4IARUAAIhCGAFwAcABBg==&rs=AOn4CLDtOq8rSnU3uErrFR1-OBB68MaVfg,CarsLatino,external-reference,embed_link_and_summarize_only
5ussZ3Ng62o,https://www.youtube.com/watch?v=5ussZ3Ng62o,Preguntas y Respuestas (Parte 3) *CarsLatino*,306.0,,videos,https://i.ytimg.com/vi/5ussZ3Ng62o/hqdefault.jpg?sqp=-oaymwEcCNACELwBSFXyq4qpAw4IARUAAIhCGAFwAcABBg==&rs=AOn4CLAciCY9on0i8H-a98VsNPBAM33UBQ,CarsLatino,external-reference,embed_link_and_summarize_only
wRuqb3z2m_A,https://www.youtube.com/watch?v=wRuqb3z2m_A,Partes de Autos Ordinarios que Terminaron en SuperAutos *CarsLatino*,327.0,,videos,https://i.ytimg.com/vi/wRuqb3z2m_A/hqdefault.jpg?sqp=-oaymwEcCNACELwBSFXyq4qpAw4IARUAAIhCGAFwAcABBg==&rs=AOn4CLAQj0XJFqk7Ud43gHOB-fapV1dsBQ,CarsLatino,external-reference,embed_link_and_summarize_only
SfZEl-OL2Bk,https://www.youtube.com/watch?v=SfZEl-OL2Bk,Los Mejores Motores de los Ultimos 20 años *CarsLatino*,317.0,,videos,https://i.ytimg.com/vi/SfZEl-OL2Bk/hqdefault.jpg?sqp=-oaymwEcCNACELwBSFXyq4qpAw4IARUAAIhCGAFwAcABBg==&rs=AOn4CLBAco4HWcHm7QZQONYU_57_KSk-tA,CarsLatino,external-reference,embed_link_and_summarize_only
99rKmnBO_SA,https://www.youtube.com/watch?v=99rKmnBO_SA,6 Automoviles que Fallaron en Pruebas de Seguridad *CarsLatino*,289.0,,videos,https://i.ytimg.com/vi/99rKmnBO_SA/hqdefault.jpg?sqp=-oaymwEcCNACELwBSFXyq4qpAw4IARUAAIhCGAFwAcABBg==&rs=AOn4CLAwPqetZ5a07fA2wVOzPZdAtgKznA,CarsLatino,external-reference,embed_link_and_summarize_only
bI9nJZ0Turk,https://www.youtube.com/watch?v=bI9nJZ0Turk,7 Increibles Superautos que Nunca Salieron a Produccion *CarsLatino*,376.0,,videos,https://i.ytimg.com/vi/bI9nJZ0Turk/hqdefault.jpg?sqp=-oaymwEcCNACELwBSFXyq4qpAw4IARUAAIhCGAFwAcABBg==&rs=AOn4CLAbySwXlmHCs8XTY5h6KgHWGIzDXw,CarsLatino,external-reference,embed_link_and_summarize_only
TZj3EbePavk,https://www.youtube.com/watch?v=TZj3EbePavk,Preguntas y Respuestas (Parte 2) *CarsLatino*,353.0,,videos,https://i.ytimg.com/vi/TZj3EbePavk/hqdefault.jpg?sqp=-oaymwEcCNACELwBSFXyq4qpAw4IARUAAIhCGAFwAcABBg==&rs=AOn4CLCzLg8z1B8KJg7F03gSRy4RW3oR_Q,CarsLatino,external-reference,embed_link_and_summarize_only
LvPWt54h3gs,https://www.youtube.com/watch?v=LvPWt54h3gs,Los 8 Peores Motores del Mundo *CarsLatino*,486.0,,videos,https://i.ytimg.com/vi/LvPWt54h3gs/hqdefault.jpg?sqp=-oaymwEcCNACELwBSFXyq4qpAw4IARUAAIhCGAFwAcABBg==&rs=AOn4CLAxNBPjZd7rR29BTgaQJKlsuRks_A,CarsLatino,external-reference,embed_link_and_summarize_only
3nqA9l88Gt8,https://www.youtube.com/watch?v=3nqA9l88Gt8,Autos con Alertas de Seguridad (2016) *CarsLatino*,289.0,,videos,https://i.ytimg.com/vi/3nqA9l88Gt8/hqdefault.jpg?sqp=-oaymwEcCNACELwBSFXyq4qpAw4IARUAAIhCGAFwAcABBg==&rs=AOn4CLAzlgcymD6kL9W4GIWA0X9AQcem8w,CarsLatino,external-reference,embed_link_and_summarize_only
SZbFs7VCPIA,https://www.youtube.com/watch?v=SZbFs7VCPIA,Preguntas y Respuestas (Parte 1) *CarsLatino*,414.0,,videos,https://i.ytimg.com/vi/SZbFs7VCPIA/hqdefault.jpg?sqp=-oaymwEcCNACELwBSFXyq4qpAw4IARUAAIhCGAFwAcABBg==&rs=AOn4CLBtvlH8xntnkyT0s-lfOHm-sSLWkg,CarsLatino,external-reference,embed_link_and_summarize_only
ulYvzqcF9WA,https://www.youtube.com/watch?v=ulYvzqcF9WA,Los Peores Automóviles de los Últimos 50 Años *CarsLatino*,315.0,,videos,https://i.ytimg.com/vi/ulYvzqcF9WA/hqdefault.jpg?sqp=-oaymwEcCNACELwBSFXyq4qpAw4IARUAAIhCGAFwAcABBg==&rs=AOn4CLCCSDE94Lb9WIo1Loo1cU0zBaa3qA,CarsLatino,external-reference,embed_link_and_summarize_only
HOuI7bpYasY,https://www.youtube.com/watch?v=HOuI7bpYasY,El Auto Mas Inseguro en Mexico *CarsLatino*,332.0,,videos,https://i.ytimg.com/vi/HOuI7bpYasY/hqdefault.jpg?sqp=-oaymwEcCNACELwBSFXyq4qpAw4IARUAAIhCGAFwAcABBg==&rs=AOn4CLAa2nyFLMqxTO3ebOiuTqDpkSi-GA,CarsLatino,external-reference,embed_link_and_summarize_only
ubwZzdZLJ9w,https://www.youtube.com/watch?v=ubwZzdZLJ9w,Las 10 Peores Marcas de Automóviles *CarsLatino*,341.0,,videos,https://i.ytimg.com/vi/ubwZzdZLJ9w/hqdefault.jpg?sqp=-oaymwEcCNACELwBSFXyq4qpAw4IARUAAIhCGAFwAcABBg==&rs=AOn4CLDz2k0sxAY7Ccz1tmbx8rRL6FWHEQ,CarsLatino,external-reference,embed_link_and_summarize_only
LxorPVwCutg,https://www.youtube.com/watch?v=LxorPVwCutg,Los Mejores Automóviles del 2016 *CarsLatino*,377.0,,videos,https://i.ytimg.com/vi/LxorPVwCutg/hqdefault.jpg?sqp=-oaymwEcCNACELwBSFXyq4qpAw4IARUAAIhCGAFwAcABBg==&rs=AOn4CLCjp3d10-FBL49mC8qIkFjhv64hXw,CarsLatino,external-reference,embed_link_and_summarize_only
fv4nZ6cwjYM,https://www.youtube.com/watch?v=fv4nZ6cwjYM,Las 7 Compañías Modificadoras Mas Respetadas Del Mundo *CarsLatino*,507.0,,videos,https://i.ytimg.com/vi/fv4nZ6cwjYM/hqdefault.jpg?sqp=-oaymwEcCNACELwBSFXyq4qpAw4IARUAAIhCGAFwAcABBg==&rs=AOn4CLD-LUH5v1mGalc0uMJ1cn4L-XXGUA,CarsLatino,external-reference,embed_link_and_summarize_only
fm--17f1OEY,https://www.youtube.com/watch?v=fm--17f1OEY,Los 10 Automoviles Compartidos entre Marcas mas Raros del Mundo *CarsLatino*,500.0,,videos,https://i.ytimg.com/vi/fm--17f1OEY/hqdefault.jpg?sqp=-oaymwEcCNACELwBSFXyq4qpAw4IARUAAIhCGAFwAcABBg==&rs=AOn4CLCVjIiG6-athT0q1qWeoOIDVg2ZxA,CarsLatino,external-reference,embed_link_and_summarize_only
z9i2RbN0EXM,https://www.youtube.com/watch?v=z9i2RbN0EXM,Juegos Sucios en las Compañías de Automóviles (parte 1) *CarsLatino*,170.0,,videos,https://i.ytimg.com/vi/z9i2RbN0EXM/hqdefault.jpg?sqp=-oaymwEcCNACELwBSFXyq4qpAw4IARUAAIhCGAFwAcABBg==&rs=AOn4CLDJuY7m2FD872UhrqefxhDYJD6s8w,CarsLatino,external-reference,embed_link_and_summarize_only
GQKgCZZwYyk,https://www.youtube.com/watch?v=GQKgCZZwYyk,Los 10 Automóviles con Peor Nombre en Toda la Historia *CarsLatino*,292.0,,videos,https://i.ytimg.com/vi/GQKgCZZwYyk/hqdefault.jpg?sqp=-oaymwEcCNACELwBSFXyq4qpAw4IARUAAIhCGAFwAcABBg==&rs=AOn4CLA-pIMNw4mh_VNBtjdj_gr2-GpDfQ,CarsLatino,external-reference,embed_link_and_summarize_only
H89bq6GVRhE,https://www.youtube.com/watch?v=H89bq6GVRhE,¿Realmente existen los automóviles malos? *CarsLatino*,132.0,,videos,https://i.ytimg.com/vi/H89bq6GVRhE/hqdefault.jpg?sqp=-oaymwE2CNACELwBSFXyq4qpAygIARUAAIhCGAFwAcABBvABAfgB_gmAAtAFigIMCAAQARhyIEYoPjAP&rs=AOn4CLB8M6U9qFnHcUMeiVBvh7KwXN_5Dw,CarsLatino,external-reference,embed_link_and_summarize_only
MvMthYLO8f4,https://www.youtube.com/watch?v=MvMthYLO8f4,Los Incidentes Modernos mas Obscuros en la Industria Automotriz *CarsLatino*,411.0,,videos,https://i.ytimg.com/vi/MvMthYLO8f4/hqdefault.jpg?sqp=-oaymwEcCNACELwBSFXyq4qpAw4IARUAAIhCGAFwAcABBg==&rs=AOn4CLASZJdDYQKO99iPtv6PTOw0mAlo1g,CarsLatino,external-reference,embed_link_and_summarize_only
7iHa8bcxkfU,https://www.youtube.com/watch?v=7iHa8bcxkfU,Que Automóvil Comprar? por 3000 dlls *CarsLatino*,252.0,,videos,https://i.ytimg.com/vi/7iHa8bcxkfU/hqdefault.jpg?sqp=-oaymwEcCNACELwBSFXyq4qpAw4IARUAAIhCGAFwAcABBg==&rs=AOn4CLDh0bD0-D7QWSMwQCwWFomBPjJfxw,CarsLatino,external-reference,embed_link_and_summarize_only
6srb0w2YljM,https://www.youtube.com/watch?v=6srb0w2YljM,Los 5 Autos Nuevos Mas Defectuosos (2016) *CarsLatino*,241.0,,videos,https://i.ytimg.com/vi/6srb0w2YljM/hqdefault.jpg?sqp=-oaymwEcCNACELwBSFXyq4qpAw4IARUAAIhCGAFwAcABBg==&rs=AOn4CLDaox1HFeC0jnLjXIM7Y2mk5sM1-w,CarsLatino,external-reference,embed_link_and_summarize_only
gsmyoOle87A,https://www.youtube.com/shorts/gsmyoOle87A,Nuevo video ya en YouTube,,,shorts,https://i.ytimg.com/vi/gsmyoOle87A/oardefault.jpg?sqp=-oaymwEgCJUDEOAESFWQAgHyq4qpAw8IARUAAIhCcAHAAQbIAQE=&rs=AOn4CLBx5vQ8qbQP7Imc2D3BegiNRdOz5w&usqp=CCk,CarsLatino,external-reference,embed_link_and_summarize_only
YnA39CzHhJQ,https://www.youtube.com/shorts/YnA39CzHhJQ,Set de Lego de 50 años encontrado en un tianguis,,,shorts,https://i.ytimg.com/vi/YnA39CzHhJQ/oar2.jpg?sqp=-oaymwEgCJUDEOAESFWQAgHyq4qpAw8IARUAAIhCcAHAAQbIAQE=&rs=AOn4CLAFzwNPetx3zqQ8_7yM_M-vm5DHxA&usqp=CCk,CarsLatino,external-reference,embed_link_and_summarize_only
5u3SegNlFiU,https://www.youtube.com/shorts/5u3SegNlFiU,Mira el episodio completo!,,,shorts,https://i.ytimg.com/vi/5u3SegNlFiU/oar2.jpg?sqp=-oaymwEgCJUDEOAESFWQAgHyq4qpAw8IARUAAIhCcAHAAQbIAQE=&rs=AOn4CLB-mOF3-D3qE1EN-GEVoNWFBDi-RQ&usqp=CCk,CarsLatino,external-reference,embed_link_and_summarize_only
zvDQzdE31Uw,https://www.youtube.com/shorts/zvDQzdE31Uw,Tengo un civic 😎🔥,,,shorts,https://i.ytimg.com/vi/zvDQzdE31Uw/oar2.jpg?sqp=-oaymwEgCJUDEOAESFWQAgHyq4qpAw8IARUAAIhCcAHAAQbIAQE=&rs=AOn4CLBDPf5abmCn983OmDIrTYrCHM7NCQ&usqp=CCk,CarsLatino,external-reference,embed_link_and_summarize_only
4CVtmpDRHOA,https://www.youtube.com/shorts/4CVtmpDRHOA,En unos días,,,shorts,https://i.ytimg.com/vi/4CVtmpDRHOA/oardefault.jpg?sqp=-oaymwEgCJUDEOAESFWQAgHyq4qpAw8IARUAAIhCcAHAAQbIAQE=&rs=AOn4CLAsyTrDmL6qdcT4o9sgYvQEwcax8A&usqp=CCk,CarsLatino,external-reference,embed_link_and_summarize_only
Gv80rM-siM8,https://www.youtube.com/shorts/Gv80rM-siM8,Dueños de Corolla 😂,,,shorts,https://i.ytimg.com/vi/Gv80rM-siM8/oar2.jpg?sqp=-oaymwEgCJUDEOAESFWQAgHyq4qpAw8IARUAAIhCcAHAAQbIAQE=&rs=AOn4CLAMbRuLSBwqPKM95szM6qvRa9caEg&usqp=CCk,CarsLatino,external-reference,embed_link_and_summarize_only
V6vPuPePPQ4,https://www.youtube.com/shorts/V6vPuPePPQ4,Dame una mano XD,,,shorts,https://i.ytimg.com/vi/V6vPuPePPQ4/oar2.jpg?sqp=-oaymwEgCJUDEOAESFWQAgHyq4qpAw8IARUAAIhCcAHAAQbIAQE=&rs=AOn4CLB-iicmHTkNBgF3tpuELQ4liG3H8w&usqp=CCk,CarsLatino,external-reference,embed_link_and_summarize_only
6HTs50cSE8I,https://www.youtube.com/shorts/6HTs50cSE8I,Se pasaron con esta 😬🫣,,,shorts,https://i.ytimg.com/vi/6HTs50cSE8I/oar2.jpg?sqp=-oaymwEgCJUDEOAESFWQAgHyq4qpAw8IARUAAIhCcAHAAQbIAQE=&rs=AOn4CLCmQ2tfvfbEJCnMCxMOuG4Nsl-INg&usqp=CCk,CarsLatino,external-reference,embed_link_and_summarize_only
p-pVkhh54cg,https://www.youtube.com/shorts/p-pVkhh54cg,Checo y Max tienen el mismo auto,,,shorts,https://i.ytimg.com/vi/p-pVkhh54cg/oar2.jpg?sqp=-oaymwEgCJUDEOAESFWQAgHyq4qpAw8IARUAAIhCcAHAAQbIAQE=&rs=AOn4CLALFAKAxWTsqbniyGjDYhEmIbgW-g&usqp=CCk,CarsLatino,external-reference,embed_link_and_summarize_only
EMUzn98iv58,https://www.youtube.com/shorts/EMUzn98iv58,El perro 😱,,,shorts,https://i.ytimg.com/vi/EMUzn98iv58/oar2.jpg?sqp=-oaymwEgCJUDEOAESFWQAgHyq4qpAw8IARUAAIhCcAHAAQbIAQE=&rs=AOn4CLADTCkBflgR1cymp2ly_jErcK3r4A&usqp=CCk,CarsLatino,external-reference,embed_link_and_summarize_only
NuLA4cT3CRY,https://www.youtube.com/shorts/NuLA4cT3CRY,Otro video de Mustangs 🤔,,,shorts,https://i.ytimg.com/vi/NuLA4cT3CRY/oar2.jpg?sqp=-oaymwEgCJUDEOAESFWQAgHyq4qpAw8IARUAAIhCcAHAAQbIAQE=&rs=AOn4CLCS4MmtWdSBAQGWN759rl2sRbdjuQ&usqp=CCk,CarsLatino,external-reference,embed_link_and_summarize_only
NI9OBrILT5w,https://www.youtube.com/shorts/NI9OBrILT5w,18 de junio de 2024,,,shorts,https://i.ytimg.com/vi/NI9OBrILT5w/oar2.jpg?sqp=-oaymwEgCJUDEOAESFWQAgHyq4qpAw8IARUAAIhCcAHAAQbIAQE=&rs=AOn4CLC5ATaIziyZY4AIwkX4eAk71cRUHg&usqp=CCk,CarsLatino,external-reference,embed_link_and_summarize_only
RfCJ3Toa2Vw,https://www.youtube.com/shorts/RfCJ3Toa2Vw,#automobile #evs #electriccar,,,shorts,https://i.ytimg.com/vi/RfCJ3Toa2Vw/oar2.jpg?sqp=-oaymwEgCJUDEOAESFWQAgHyq4qpAw8IARUAAIhCcAHAAQbIAQE=&rs=AOn4CLA3dxN7KCUcbDLNkEjKd664BnjHng&usqp=CCk,CarsLatino,external-reference,embed_link_and_summarize_only
mOoS6YGPUXk,https://www.youtube.com/shorts/mOoS6YGPUXk,R31 Skyline Impala,,,shorts,https://i.ytimg.com/vi/mOoS6YGPUXk/oar2.jpg?sqp=-oaymwEgCJUDEOAESFWQAgHyq4qpAw8IARUAAIhCcAHAAQbIAQE=&rs=AOn4CLCodO8bsdfpsdWnW-4LTHq24hEsYw&usqp=CCk,CarsLatino,external-reference,embed_link_and_summarize_only
gfZ--5OMDEg,https://www.youtube.com/watch?v=gfZ--5OMDEg,EN VIVO - CarsLatino Live Ep.1,4339.0,,streams,https://i.ytimg.com/vi/gfZ--5OMDEg/hqdefault.jpg?sqp=-oaymwEcCNACELwBSFXyq4qpAw4IARUAAIhCGAFwAcABBg==&rs=AOn4CLDbZ_0ImQkr5JfJV7_tsuJECxhiYA,CarsLatino,external-reference,embed_link_and_summarize_only
0iYfUDNlUXg,https://www.youtube.com/watch?v=0iYfUDNlUXg,Reaccionando a Mis PEORES Predicciones de F1 *CarsLatino*,7803.0,,streams,https://i.ytimg.com/vi/0iYfUDNlUXg/hqdefault.jpg?sqp=-oaymwE2CNACELwBSFXyq4qpAygIARUAAIhCGAFwAcABBvABAfgB_gmAAtAFigIMCAAQARgPIGUoXTAP&rs=AOn4CLDmkGnMsGxrSmw3xFDqgeej-eFxWQ,CarsLatino,external-reference,embed_link_and_summarize_only
qUFc-rzHFV0,https://www.youtube.com/watch?v=qUFc-rzHFV0,CarsLatino está en vivo,4618.0,,streams,https://i.ytimg.com/vi/qUFc-rzHFV0/hqdefault.jpg?sqp=-oaymwEcCNACELwBSFXyq4qpAw4IARUAAIhCGAFwAcABBg==&rs=AOn4CLC0eVLeCrMUdi12Yk6HS9vS1XpLVQ,CarsLatino,external-reference,embed_link_and_summarize_only
rDHsVmy7o6w,https://www.youtube.com/watch?v=rDHsVmy7o6w,CarsLatino está en vivo,3715.0,,streams,https://i.ytimg.com/vi/rDHsVmy7o6w/hqdefault.jpg?sqp=-oaymwEcCNACELwBSFXyq4qpAw4IARUAAIhCGAFwAcABBg==&rs=AOn4CLCLK3h3qAKdQ4LBNNJSJbMW7uzn2Q,CarsLatino,external-reference,embed_link_and_summarize_only
nFn1PBN7fGg,https://www.youtube.com/watch?v=nFn1PBN7fGg,CarsLatino está en vivo,7121.0,,streams,https://i.ytimg.com/vi/nFn1PBN7fGg/hqdefault.jpg?sqp=-oaymwEcCNACELwBSFXyq4qpAw4IARUAAIhCGAFwAcABBg==&rs=AOn4CLA9Ckbeu9gyIr6Ag8ueRwMVsxG59w,CarsLatino,external-reference,embed_link_and_summarize_only
CFFoMElXSzE,https://www.youtube.com/watch?v=CFFoMElXSzE,CarsLatino está en vivo,5080.0,,streams,https://i.ytimg.com/vi/CFFoMElXSzE/hqdefault.jpg?sqp=-oaymwEcCNACELwBSFXyq4qpAw4IARUAAIhCGAFwAcABBg==&rs=AOn4CLDkXR-1tbTcIca4B0FdYnTV7CS5cg,CarsLatino,external-reference,embed_link_and_summarize_only
XC7UsKNrGqY,https://www.youtube.com/watch?v=XC7UsKNrGqY,CarsLatino está en vivo,4825.0,,streams,https://i.ytimg.com/vi/XC7UsKNrGqY/hqdefault.jpg?sqp=-oaymwEcCNACELwBSFXyq4qpAw4IARUAAIhCGAFwAcABBg==&rs=AOn4CLDqQOciOl0E5zQRudFEHA8BDoMb7A,CarsLatino,external-reference,embed_link_and_summarize_only
ge6jjS_SEtk,https://www.youtube.com/watch?v=ge6jjS_SEtk,CarsLatino está en vivo,4161.0,,streams,https://i.ytimg.com/vi/ge6jjS_SEtk/hqdefault.jpg?sqp=-oaymwEcCNACELwBSFXyq4qpAw4IARUAAIhCGAFwAcABBg==&rs=AOn4CLAvzNUn8rGQO07Cfoj_y1KO9Vdanw,CarsLatino,external-reference,embed_link_and_summarize_only
SVYyVcjN6fs,https://www.youtube.com/watch?v=SVYyVcjN6fs,CarsLatino está en vivo,5736.0,,streams,https://i.ytimg.com/vi/SVYyVcjN6fs/hqdefault.jpg?sqp=-oaymwEcCNACELwBSFXyq4qpAw4IARUAAIhCGAFwAcABBg==&rs=AOn4CLBIlmZSrTk67WCfv8E7Ko54dd6HMw,CarsLatino,external-reference,embed_link_and_summarize_only
wWImBBzvq-c,https://www.youtube.com/watch?v=wWImBBzvq-c,Preguntas y respuestas en vivo,3731.0,,streams,https://i.ytimg.com/vi/wWImBBzvq-c/hqdefault.jpg?sqp=-oaymwEcCNACELwBSFXyq4qpAw4IARUAAIhCGAFwAcABBg==&rs=AOn4CLCzwei8VZC_K8DNW6xyz0d-OgnfvA,CarsLatino,external-reference,embed_link_and_summarize_only
jL0LDQtfgrQ,https://www.youtube.com/watch?v=jL0LDQtfgrQ,CarsLatino está en vivo,4246.0,,streams,https://i.ytimg.com/vi/jL0LDQtfgrQ/hqdefault.jpg?sqp=-oaymwEcCNACELwBSFXyq4qpAw4IARUAAIhCGAFwAcABBg==&rs=AOn4CLDXAfS7-p_7NU5MB-nLymUu_ZUAvw,CarsLatino,external-reference,embed_link_and_summarize_only
